Unnamed: 0,SMILES,labels,QED,DBPP_SCORE,MolSkill,HADES,HADES_scs
0,N#Cc1ccc(N2CCNC(CO)C2)cc1C(F)(F)F,0,0.860859821662047,0.0055763849841681,-15.182317,0.0490410307101873,0.09580055327766454
1,N#Cc1ccc(N2CCNC(COCc3ccccc3)C2)cc1C(F)(F)F,0,0.868051670553512,0.0212905199394799,-12.660966,0.0030038231687416,0.07913079068140046
2,CC1(C(=O)N2CCN(c3ccc(C#N)c(C(F)(F)F)c3)CC2CO)CC1,0,0.890846810164228,0.0012575909041582,-18.447662,0.0054794557950124,0.07185080251397963
3,COC[C@@]12CCN(c3ccc(C#N)c(C(F)(F)F)c3)C[C@@H]1CN(S(=O)(=O)N(C)C)C2,0,0.692944845259153,0.0021478649917916,1.1845559,0.0145600935625938,0.08448075234740142
4,CN(C)C(=O)N1CC[C@H]2CN(c3ccc(C#N)c(C(F)(F)F)c3)C[C@@]2(COCC2CC2)C1,0,0.684606069426504,0.0021754907427181,4.3522935,0.0315722650328931,0.0537393910940455
5,CCOC[C@]12CN(C(=O)C(C)(C)CC)CC[C@H]1CN(c1ccc(C#N)c(C(F)(F)F)c1)C2,0,0.628954488475213,0.0047296361403114,3.3491607,0.0230423200498987,0.085150860030012
6,CCC(C)(C)C(=O)N1CC[C@H]2CN(c3ccc(C#N)c(C(F)(F)F)c3)C[C@@]2(COCC2CC2)C1,0,0.548717554386989,0.0091722802473946,-0.4376037,0.0339127482888849,0.0586447743839388
7,N#Cc1ccc(N2C[C@@H]3CCN(C4CCOCC4)C[C@]3(COCC3CC3)C2)cc1C(F)(F)F,0,0.629349160131636,0.00148864682723,1.6601516,0.039058215907881,0.05695235156924695
8,CCS(=O)(=O)N1CC[C@H]2CN(c3ccc(C#N)c(C(F)(F)F)c3)C[C@@]2(COCC2CC2)C1,0,0.608878367779805,0.0029755571211851,1.8529419,0.0261271571149045,0.07410569908404208
9,COCC1CN(c2ccc(C#N)c(C(F)(F)F)c2)CCN1C(=O)C1(c2ccccc2)CC1,0,0.701841032488631,0.0075534132317688,0.36451674,0.0061032912455972,0.05610874307878666
10,N#Cc1ccc(N2CC(CO)C3(CCN(C4CCOCC4)CC3)C2)cc1C(F)(F)F,0,0.80882412241068,0.0016351953267673,7.399753,0.0319916510385671,0.12041980333856776
11,COC[C@@]12CCN(C(=O)C3(C)CC3)C[C@@H]1CN(c1ccc(C#N)c(C(F)(F)F)c1)C2,0,0.744400670402867,0.001550366136076,-15.386508,0.0207188685278134,0.05592356163812558
12,COCC1CN(S(=O)(=O)c2cccs2)CCN1c1ccc(C#N)c(C(F)(F)F)c1,0,0.706996283232913,0.0020362182896248,1.6308149,0.0046006112245524,0.06330580755631748
13,CCS(=O)(=O)N1CC[C@@]2(COC)CN(c3ccc(C#N)c(C(F)(F)F)c3)C[C@H]2C1,0,0.716854436515776,0.001584754614017,4.0951567,0.0127557644088208,0.10706233523170734
14,CS(=O)(=O)N1CC(COCC2CC2)C2(CCN(c3ccc(C#N)c(C(F)(F)F)c3)CC2)C1,0,0.635249273463465,0.0010727317584786,2.4861183,0.0090629619439655,0.08662343115522254
15,N#Cc1ccc(N2CC[C@@]3(CO)CN(C(=O)C4(c5ccccc5)CC4)C[C@H]3C2)cc1C(F)(F)F,0,0.736410695755389,0.0086528899861049,-0.3471806,0.0431216372986907,0.08561127727002295
16,N#Cc1ccc(N2CC(CO)C3(CCN(C(=O)C4(c5ccccc5)CC4)CC3)C2)cc1C(F)(F)F,0,0.702507573079754,0.0122234106408749,3.2663002,0.0513631150831179,0.07543607330931723
17,COCC1CN(C(=O)C2(c3ccc(OC)cc3)CC2)CCN1c1ccc(C#N)c(C(F)(F)F)c1,0,0.635162030887674,0.0026104299931205,6.5039163,0.0112531294685137,0.06934257382980785
18,Cc1ncsc1CN1CC[C@H]2CN(c3ccc(C#N)c(C(F)(F)F)c3)C[C@@]2(COCC2CC2)C1,0,0.540814097741193,0.0121529178445357,2.2420292,0.0290832748287304,0.0526366590514374
19,COCC1CN(c2ccc(C#N)c(C(F)(F)F)c2)CCN1C(=O)Nc1cc(F)cc(F)c1,0,0.702782699703973,0.0035776363619969,-9.042416,0.0227787039030498,0.09645968537247203
20,N#Cc1ccc(N2CC(CO)C3(CCN(Cc4ccsc4)CC3)C2)cc1C(F)(F)F,0,0.775940660182109,0.0049319851620827,-1.2578306,0.0464861448857694,0.07847913302491327
21,CCn1cc(S(=O)(=O)N2CCN(c3ccc(C#N)c(C(F)(F)F)c3)CC2COC)cn1,0,0.661331935329877,0.0026426039053123,-6.9180627,0.0128290652563281,0.08021920427375193
22,COC[C@]12CN(c3ccc(C#N)c(C(F)(F)F)c3)C[C@H]1CCN(S(=O)(=O)c1ccccc1)C2,0,0.653398690355199,0.0013921607795103,0.57794034,0.0250332464567395,0.08626972723136743
23,CN(C)C(=O)C1CN(c2ccc(C#N)c(C(F)(F)F)c2)CCN1C(=O)C1CCC1,0,0.770820757103769,0.0029341388664869,-6.7820535,0.0072692356877521,0.08444331230413185
24,COCC1CN(S(=O)(=O)c2ccc(F)c(C)c2)CCN1c1ccc(C#N)c(C(F)(F)F)c1,0,0.623997571746326,0.0016840077548199,1.1035575,0.0076439369406296,0.0911460872310467
25,COCC1CN(C(=O)C2(c3ccccc3)CC2)CC12CCN(c1ccc(C#N)c(C(F)(F)F)c1)CC2,0,0.58355003940538,0.0467587844834841,3.2058969,0.0276686100544995,0.05985670746955267
26,CCCS(=O)(=O)N1CC(COC)C2(CCN(c3ccc(C#N)c(C(F)(F)F)c3)CC2)C1,0,0.651311802469035,0.0012980695401768,4.229923,0.0084300331182757,0.11717834721837461
27,CN(C)C(=O)C1CC2(CCN(S(=O)(=O)N(C)C)CC2)CN1c1ccc(C#N)c(C(F)(F)F)c1,0,0.649506021307765,0.0091059974543415,11.459813,0.0385692213585129,0.12042814274928774
28,CN(C)C(=O)C1CN(c2ccc(C#N)c(C(F)(F)F)c2)CC12CCN(S(=O)(=O)N(C)C)CC2,0,0.648382892843078,0.0111158481068694,15.515021,0.0402835783270586,0.12027656160606644
29,CNC(=O)N1CCC2(CC1)CN(c1ccc(C#N)c(C(F)(F)F)c1)CC2COCC1CC1,0,0.739828615519897,0.0067106111691471,0.73642194,0.0344981910352274,0.05589563845282687
30,COC[C@@]12CCN(c3ccc(C#N)c(C(F)(F)F)c3)C[C@@H]1CN(S(=O)(=O)c1ccccc1)C2,0,0.653398690355199,0.0017765530455315,-1.4579735,0.0195466235518965,0.09523366508585061
31,N#Cc1ccc(N2CCN(C(=O)CC3CCCC3)C(C(N)=O)C2)cc1C(F)(F)F,0,0.82939951469572,0.00201377833832,-1.0233079,0.0065234099489042,0.08024525268280397
32,COCCNC(=O)N1CC[C@H]2CN(c3ccc(C#N)c(C(F)(F)F)c3)C[C@@]2(COCC2CC2)C1,0,0.576743168451655,0.0060008520726631,-6.856444,0.0250688581589486,0.055633851175606375
33,N#Cc1ccc(N2CCC3(CC2)CN(Cc2c[nH]c4ccccc24)CC3CO)cc1C(F)(F)F,0,0.579086431336488,0.0210591426177729,7.5456986,0.0584465348425131,0.06760167274926993
34,CNC(=O)C1CN(C(=O)Cn2c(=O)oc3ccccc32)CCN1c1ccc(C#N)c(C(F)(F)F)c1,0,0.60235613541256,0.0030311637439847,6.910814,0.1149636188212365,0.09832578439825686
35,N#Cc1ccc(N2CCN(C(=O)C3CCCC3)C(C(=O)NC3CC3)C2)cc1C(F)(F)F,0,0.790424147990884,0.0068921848339521,1.2859718,0.0060761445721176,0.06087613148602654
36,CCOC[C@]12CN(C(=O)NC)CC[C@H]1CN(c1ccc(C#N)c(C(F)(F)F)c1)C2,0,0.828461283938673,0.0030561063171451,6.195951,0.0195860221037243,0.08021078385146126
37,N#Cc1ccc(N2CCN(C(=O)c3cscn3)C(C(=O)NC3CC3)C2)cc1C(F)(F)F,0,0.775374843596131,0.0040377901332015,-1.6146324,0.0078904708135353,0.05983843291813905
38,CN(C)C(=O)C1CN(c2ccc(C#N)c(C(F)(F)F)c2)CCN1C(=O)c1ccsc1,0,0.741897416407882,0.006151225637032,-6.753059,0.0091841966064785,0.07417174976789316
39,CCOC[C@@]12CCN(c3ccc(C#N)c(C(F)(F)F)c3)C[C@@H]1CN(C(=O)NC1CCCC1)C2,0,0.701749018965285,0.0085824177389721,-5.264371,0.0247745065319409,0.058607638229089
40,COC[C@H]1CN(c2ccc(C#N)c(C(F)(F)F)c2)C[C@@H]1C(=O)Nc1ccc(F)c(F)c1,0,0.709955330697765,0.0017787683703317,-5.0467353,0.014600697323979,0.0930194536037571
41,COC[C@@]12CCN(C(=O)NC(C)C)C[C@@H]1CN(c1ccc(C#N)c(C(F)(F)F)c1)C2,0,0.803806221370213,0.0029396173403339,-1.7171254,0.015646421439801,0.07456296873678411
42,CC(C)NC(=O)N1CCN(c2ccc(C#N)c(C(F)(F)F)c2)CC1C(=O)NC1CC1,0,0.778881619790475,0.0167529497888574,3.4191837,0.0129477944683459,0.08989271524681036
43,CN(C)S(=O)(=O)N1CC2(CCN(c3ccc(C#N)c(C(F)(F)F)c3)CC2)CC1C(N)=O,0,0.734266666100806,0.0019736250626772,6.5392184,0.0218737783956402,0.11757660471920199
44,CN(C)C(=O)C1CN(c2ccc(C#N)c(C(F)(F)F)c2)CCN1C(=O)c1ccc(F)cc1,0,0.677118727653329,0.0069281033219343,-4.5208535,0.0179992227911865,0.13253933237014287
45,COCC(=O)N1CCN(c2ccc(C#N)c(C(F)(F)F)c2)CC1C(=O)NC1CC1,0,0.795702509190567,0.0027250744694549,-1.7864703,0.0104048186915117,0.08151008892177822
46,CN(C)C(=O)C1CN(c2ccc(C#N)c(C(F)(F)F)c2)CCN1C(=O)c1cn(C)cn1,0,0.734700394565337,0.0043158570476202,12.851222,0.0633015412418344,0.08677775814776897
47,Cc1oncc1C(=O)N1CCN(c2ccc(C#N)c(C(F)(F)F)c2)CC1C(=O)NC1CC1,0,0.77276498969195,0.0058563661443222,-5.890389,0.0210131980241385,0.060306589375467824
48,COCC(=O)N1CCN(c2ccc(C#N)c(C(F)(F)F)c2)CC1C(=O)N(C)C,0,0.764929320749661,0.0015298309292754,-1.099066,0.0263687204208447,0.1021611697318717
49,Cc1ccc(C(=O)N2CCN(c3ccc(C#N)c(C(F)(F)F)c3)CC2C(=O)N(C)C)s1,0,0.719333616455522,0.0021517691344256,4.970389,0.0121825666734699,0.06830423267341133
50,Cn1cnc(C(=O)N2CCN(c3ccc(C#N)c(C(F)(F)F)c3)CC2C(N)=O)c1,0,0.822090917627102,0.0052797652067403,12.567114,0.0465668644631001,0.10526741118813561
51,CNC(=O)C1CN(c2ccc(C#N)c(C(F)(F)F)c2)CCN1C(=O)c1cccs1,0,0.825410445218368,0.0027294104533035,2.9691563,0.0073030978491772,0.0705138449345714
52,Cc1noc(C)c1CC(=O)N1CCN(c2ccc(C#N)c(C(F)(F)F)c2)CC1C(=O)N(C)C,0,0.691941412386165,0.0030650102730947,-6.0523763,0.0282995185207986,0.08688879642695943
53,COCC1CN(c2ccc(C#N)c(C(F)(F)F)c2)CCN1C(=O)c1cncc(Br)c1,0,0.663667984359359,0.0032126257619819,-3.7288451,0.0033483530286117,0.07987861083828308
54,Cc1noc(C)c1CCC(=O)N1CCN(c2ccc(C#N)c(C(F)(F)F)c2)CC1C(N)=O,0,0.748931317777348,0.0045729113420894,2.2441306,0.1185353296650916,0.12041994462178937
55,N#Cc1ccc(N2CCN(C(=O)c3ccncc3)C(C(=O)NC3CC3)C2)cc1C(F)(F)F,0,0.784818948613508,0.0046879853174561,0.8245374,0.0110237495606869,0.0790046796194341
56,CC1(C(=O)N2CCC([C@@H]3CN(c4ccc(C#N)c(C(F)(F)F)c4)C[C@H]3C(=O)NC3CC3)CC2)CC1,0,0.681215019980989,0.0043906015015964,-3.247439,0.0352931873752089,0.05154342451062176
57,COCC1CN(C(=O)Nc2ccccc2)CC12CCN(c1ccc(C#N)c(C(F)(F)F)c1)CC2,0,0.682085165845877,0.0077126439372233,3.6784072,0.0132031554491909,0.06907036750141837
58,N#Cc1ccc(N2CC(COCC3CC3)C3(CCN(C(=O)C4CCC4)CC3)C2)cc1C(F)(F)F,0,0.590425300406155,0.0031150927504172,-1.3160284,0.0346304584152216,0.06411237761775862
59,Cc1noc(C)c1CCC(=O)N1CCN(c2ccc(C#N)c(C(F)(F)F)c2)CC1C(=O)NC1CC1,0,0.669143909368839,0.0040246235675277,0.8624071,0.0183061326542696,0.0551203620457673
60,N#Cc1ccc(N2CCN(C(=O)C3CCOCC3)C(C(=O)NC3CC3)C2)cc1C(F)(F)F,0,0.76106552769036,0.003911878054521,-3.185946,0.0075499673111976,0.08412805196954984
61,CN(C)C(=O)C1CN(c2ccc(C#N)c(C(F)(F)F)c2)CCN1S(=O)(=O)c1cccs1,0,0.68315261637977,0.0024806700482737,-13.796897,0.0132227090919607,0.07280864296754777
62,CC(C)NC(=O)N1CCN(c2ccc(C#N)c(C(F)(F)F)c2)CC1COc1cccnc1,0,0.756724413818567,0.0035920833464731,-0.4707477,0.005049369032797,0.07171853236112755
63,CN(C)C(=O)C1CN(c2ccc(C#N)c(C(F)(F)F)c2)CCN1C(=O)C1CCOCC1,0,0.722656026167267,0.0025454604687446,-2.5091968,0.0164910101054709,0.10744512257658638
64,N#Cc1ccc(N2CCN(C(=O)C3(c4ccccc4)CC3)C(C(N)=O)C2)cc1C(F)(F)F,0,0.788582067314952,0.0041521196283515,-3.0540433,0.0317870858041034,0.08787209196238634
65,N#Cc1ccc(N2C[C@@H]3CCN(C(=O)c4ccoc4)C[C@]3(COCC3CC3)C2)cc1C(F)(F)F,0,0.615111412604228,0.0190044053672579,0.60115325,0.0195749330116652,0.04758607269318529
66,N#Cc1ccc(N2C[C@@H]3CCN(C(=O)CC4CCCC4)C[C@]3(COCC3CC3)C2)cc1C(F)(F)F,0,0.525803532402555,0.0087279588224368,-0.7482619,0.0319673248168794,0.05777731628889339
67,COc1ccc(C(=O)N2CCN(c3ccc(C#N)c(C(F)(F)F)c3)CC2C(=O)N(C)C)cn1,0,0.694864544752647,0.0030123277076498,-3.345967,0.0231412377199064,0.09687391316667393
68,COCCNC(=O)C1CN(c2ccc(C#N)c(C(F)(F)F)c2)CCN1C(=O)c1ccoc1,0,0.678340118259578,0.0044797995937035,0.28883994,0.010993250719095,0.08583739548704414
69,CC(C)CCNC(=O)N1CCN(c2ccc(C#N)c(C(F)(F)F)c2)CC1C(=O)NC1CC1,0,0.69582452300361,0.0367180165518794,-6.0046077,0.0071947514993105,0.07112071992306443
70,CN(C)C(=O)[C@@H]1CN(c2ccc(C#N)c(C(F)(F)F)c2)C[C@H]1C1CCN(C2CCCC2)CC1,0,0.666824578666142,0.001622727558675,9.106738,0.0337379730521221,0.06268222169661651
71,N#Cc1ccc(N2CCN(C(=O)NC3CCCCC3)CC2C(N)=O)cc1C(F)(F)F,0,0.780100353383596,0.0142760167756154,-0.1571176,0.0073071621662429,0.10751376105341273
72,CNC(=O)C1CN(c2ccc(C#N)c(C(F)(F)F)c2)CCN1C(=O)c1c(C)noc1C,0,0.793610139401249,0.0024052986103985,-0.7839141,0.0500074823811402,0.10217703368632439
73,N#Cc1ccc(N2CC(COCC3CC3)C3(CCN(Cc4cccc(O)c4)CC3)C2)cc1C(F)(F)F,0,0.550801350515063,0.0170358548823428,1.3666993,0.0457353274648541,0.05595995335890828
74,CN(C)C(=O)[C@@H]1CN(C(=O)N2CCCC2)C[C@H]1C1CCN(c2ccc(C#N)c(C(F)(F)F)c2)CC1,0,0.647438909867639,0.0027265037856789,0.991434,0.0142199373231653,0.07157385989376366
75,CNC(=O)C1CN(C(=O)c2c(C)noc2C)CCN1c1ccc(C#N)c(C(F)(F)F)c1,0,0.79361013940125,0.0102127242636942,-0.28415978,0.0887688148936237,0.10956873536953778
76,COCCNC(=O)C1CN(C(=O)CCOC)CCN1c1ccc(C#N)c(C(F)(F)F)c1,0,0.611866108383582,0.0215421795646994,-1.8974042,0.0226292716409333,0.11357256250738876
77,N#Cc1ccc(N2CCC3(CC2)CN(C(=O)C2CCC2)CC3C(=O)NC2CC2)cc1C(F)(F)F,0,0.722173455078386,0.002654488561406,2.1439314,0.0211270953038123,0.08414411558942715
78,N#Cc1ccc(N2CCN(C(=O)c3ccc(F)cc3F)CC2CO)cc1C(F)(F)F,0,0.767620150238281,0.0040387466792558,6.057546,0.036823675153804,0.13942760181730351
79,N#Cc1ccc(N2CCC3(CC2)CC(C(=O)NC2CC2)N(C(=O)CC2CC2)C3)cc1C(F)(F)F,0,0.703660872656509,0.0054822435611447,1.5970563,0.0297618037998785,0.08097536458975695
80,N#Cc1ccc(N2CC(CO)C3(CCN(C(=O)C4CCC4)CC3)C2)cc1C(F)(F)F,0,0.812321024390333,0.001667965993968,-1.9095712,0.015948081473978,0.08279471022491953
81,CNC(=O)[C@@H]1CN(c2ccc(C#N)c(C(F)(F)F)c2)C[C@H]1C1CCN(C(=O)C2(C)CC2)CC1,0,0.744174549387017,0.0061511152993003,-4.777545,0.0275771527554164,0.05608663384093071
82,N#Cc1ccc(N2CCN(C(=O)c3ccccc3Br)CC2CO)cc1C(F)(F)F,0,0.747156354876667,0.0031595531659862,5.9341865,0.0112759102789165,0.11615834375313187
83,CNC(=O)C1CN(c2ccc(C#N)c(C(F)(F)F)c2)CCN1C(=O)c1cc(C)cc(C)c1,0,0.788588584708417,0.0075641661028032,5.2304997,0.0204758019177793,0.09344687120103763
84,COCC1CN(c2ccc(C#N)c(C(F)(F)F)c2)CCN1C(=O)c1cc(F)ccc1F,0,0.67993941973351,0.0032875105512229,-7.5917563,0.0126628908904347,0.10525493105521042
85,N#Cc1ccc(N2CC(C(=O)NC3CC3)C3(CCN(C(=O)CC4CC4)CC3)C2)cc1C(F)(F)F,0,0.706233039363443,0.0014217457444137,7.1858363,0.0448680990101808,0.06309623171697801
86,Cc1ccc(C(=O)N2CCN(c3ccc(C#N)c(C(F)(F)F)c3)CC2C(=O)N(C)C)cc1F,0,0.655840507591109,0.0076432177090827,1.7194659,0.01360134709285,0.11138852957795467
87,N#Cc1ccc(N2CC3(CCN(C(=O)C4CCCCC4)CC3)CC2C(N)=O)cc1C(F)(F)F,0,0.739303209843736,0.0032933191437886,2.5675807,0.0409768756495317,0.13250910496623633
88,CCNC(=O)[C@@H]1C[C@H](Oc2ccccc2)CN1c1ccc(C#N)c(C(F)(F)F)c1,0,0.826167698790892,0.001410944480173,5.869159,0.0061635185366793,0.08270668745407633
89,CN(CCc1ccccn1)C(=O)[C@@H]1C[C@H](Oc2ccccc2)CN1c1ccc(C#N)c(C(F)(F)F)c1,0,0.4764034844313,0.0164399331555402,9.319846,0.0056040523657879,0.07656575164683904
90,Cc1nn(C)c(C)c1CNC(=O)[C@@H]1C[C@H](Oc2ccccc2)CN1c1ccc(C#N)c(C(F)(F)F)c1,0,0.550124183566715,0.0106016377441423,5.0645623,0.0212180762803313,0.05837649442837697
91,Cc1n[nH]c(C)c1CNC(=O)[C@@H]1C[C@H](Oc2ccccc2)CN1c1ccc(C#N)c(C(F)(F)F)c1,0,0.546568846878141,0.0245352294996719,5.3259134,0.0140200441377741,0.059129553530665305
92,N#Cc1ccc(N2C[C@@H](Oc3ccccc3)C[C@H]2C(=O)NCCCn2cccn2)cc1C(F)(F)F,0,0.4899006366799,0.0067233975854019,10.1034565,0.0083897462780046,0.06080382683220885
93,COCC(=O)N1CC[C@H]2CN(c3ccc(C#N)c(C(F)(F)F)c3)C[C@@]2(CO)C1,0,0.839565916083345,0.0014680921504412,2.3702722,0.0169124141326505,0.10239689137238044
94,Cc1ccc(CC(=O)N2CC[C@H]3CN(c4ccc(C#N)c(C(F)(F)F)c4)C[C@@]3(CO)C2)cc1,0,0.759100307972908,0.004788461274225,4.7579722,0.0520658900720452,0.10348143136708672
95,N#Cc1ccc(N2C[C@@H]3CCN(C(=O)c4ccc(F)c(F)c4)C[C@]3(CO)C2)cc1C(F)(F)F,0,0.700484655755755,0.0053503386366583,6.489,0.0734800470944151,0.12550346037596508
96,N#Cc1ccc(N2C[C@@H]3CCN(C(=O)c4cc(F)ccc4F)C[C@]3(CO)C2)cc1C(F)(F)F,0,0.700484655755755,0.004323148473358,8.69462,0.0759604750421799,0.11139331584407504
97,N#Cc1ccc(N2C[C@@H]3CCN(C(=O)c4ccc5ccccc5n4)C[C@]3(CO)C2)cc1C(F)(F)F,0,0.611074181120591,0.0029002021760464,14.47441,0.1016302198950152,0.08949208421832912
98,CCOCC(=O)N1CC[C@H]2CN(c3ccc(C#N)c(C(F)(F)F)c3)C[C@@]2(CO)C1,0,0.804492224738028,0.0014980229503788,4.0227284,0.0268580897828564,0.11263099446234637
99,N#Cc1ccc(N2C[C@@H]3CCN(C(=O)C4CCCC4)C[C@]3(CO)C2)cc1C(F)(F)F,0,0.812321024390333,0.0047748910835542,9.972308,0.0373768777550252,0.07702822169470344
100,COc1ccc(C(=O)N2CC[C@H]3CN(c4ccc(C#N)c(C(F)(F)F)c4)C[C@@]3(CO)C2)cn1,0,0.754866400011166,0.0050497477970965,4.149042,0.045475791865356,0.08140355595233462
101,CCC(C)(C)C(=O)N1CC[C@H]2CN(c3ccc(C#N)c(C(F)(F)F)c3)C[C@@]2(CO)C1,0,0.802709643687385,0.0036958717227859,8.665713,0.023485660835639,0.08875338029340213
102,N#Cc1ccc(N2C[C@@H]3CCN(C(=O)c4ccc(Cl)s4)C[C@]3(CO)C2)cc1C(F)(F)F,0,0.729295538240159,0.0068105657562224,8.89709,0.0456020684229192,0.07665438277363476
103,Cc1cccnc1C(=O)N1CC[C@H]2CN(c3ccc(C#N)c(C(F)(F)F)c3)C[C@@]2(CO)C1,0,0.786365621667899,0.0025247772980958,11.956491,0.0513452607229357,0.1026756238231428
104,Cc1cncc(C(=O)N2CC[C@H]3CN(c4ccc(C#N)c(C(F)(F)F)c4)C[C@@]3(CO)C2)c1,0,0.786365621667899,0.0057852429013422,1.4209865,0.0473342706337545,0.09572816950335157
105,COc1ccccc1CCC(=O)N1CC[C@H]2CN(c3ccc(C#N)c(C(F)(F)F)c3)C[C@@]2(CO)C1,0,0.669733292688547,0.0075706368620315,9.820849,0.0341955761567633,0.0758615267034968
106,CCOc1ccc(CC(=O)N2CC[C@H]3CN(c4ccc(C#N)c(C(F)(F)F)c4)C[C@@]3(CO)C2)cc1,0,0.669733292688547,0.0046407017522453,6.476032,0.0523330484598413,0.10670207111957457
107,N#Cc1ccc(N2C[C@@H]3CCN(C(=O)c4ccccc4Cl)C[C@]3(CO)C2)cc1C(F)(F)F,0,0.740785578855106,0.0032130195308522,7.816974,0.0558036259874665,0.0966420035490601
108,N#Cc1ccc(N2C[C@@H]3CCN(C(=O)Cc4ccccc4)C[C@]3(CO)C2)cc1C(F)(F)F,0,0.786038853855901,0.0022170475877771,3.6517406,0.046849904180052,0.10308516005688091
109,Cn1nccc1C(=O)N1CC[C@H]2CN(c3ccc(C#N)c(C(F)(F)F)c3)C[C@@]2(CO)C1,0,0.802894289886302,0.00232687718658,9.884187,0.058388262854649,0.08034791197587393
110,Cn1cc(C(=O)N2CC[C@H]3CN(c4ccc(C#N)c(C(F)(F)F)c4)C[C@@]3(CO)C2)cn1,0,0.802894289886302,0.0324347403289098,8.02331,0.0466124777204651,0.07305255080130499
111,Cc1ccccc1C(=O)N1CC[C@H]2CN(c3ccc(C#N)c(C(F)(F)F)c3)C[C@@]2(CO)C1,0,0.782787470596669,0.0021078535866425,8.403489,0.0563569402878491,0.096923481115951
112,Cc1ccc(C(=O)N2CC[C@H]3CN(c4ccc(C#N)c(C(F)(F)F)c4)C[C@@]3(CO)C2)cc1,0,0.782787470596669,0.0125361037175244,5.2274585,0.0546918655054335,0.09807985785471422
113,COC[C@@]12CN(C(=O)c3ccoc3)CC[C@@H]1CN(c1ccc(C#N)c(C(F)(F)F)c1)C2,0,0.734054872776664,0.0031996697090704,5.564919,0.0253534925365894,0.055896398787767074
114,COCC(=O)N1CC[C@@H]2CN(c3ccc(C#N)c(C(F)(F)F)c3)C[C@]2(COC)C1,0,0.745122622995589,0.0021321831487287,-3.775258,0.0102903662149113,0.08538960391252023
115,COC[C@@]12CN(C(=O)C3(C)CC3)CC[C@@H]1CN(c1ccc(C#N)c(C(F)(F)F)c1)C2,0,0.744400670402867,0.0014720220401551,-7.0734534,0.0211462328520401,0.05256366632977714
116,COCCOCC(=O)N1CC[C@@H]2CN(c3ccc(C#N)c(C(F)(F)F)c3)C[C@]2(COC)C1,0,0.561212295755685,0.0021196251158584,-1.0186576,0.015311714321108,0.09244892541304627
117,COC[C@@]12CN(C(=O)c3cc(C)oc3C)CC[C@@H]1CN(c1ccc(C#N)c(C(F)(F)F)c1)C2,0,0.675114889663208,0.0094081442125745,9.743918,0.0297849006339203,0.05023726303079271
118,COC[C@@]12CN(C(=O)c3cc(C)on3)CC[C@@H]1CN(c1ccc(C#N)c(C(F)(F)F)c1)C2,0,0.712323234985601,0.0037991046647317,6.472923,0.0219825533204705,0.0615545887728146
119,COC[C@@]12CN(C(=O)Cc3ccc(OC)cc3)CC[C@@H]1CN(c1ccc(C#N)c(C(F)(F)F)c1)C2,0,0.613244138523222,0.0074404843230116,0.96499,0.028322361549458,0.07131737171578503
120,COC[C@@]12CN(C(=O)c3cc(C)cc(C)c3)CC[C@@H]1CN(c1ccc(C#N)c(C(F)(F)F)c1)C2,0,0.642409685690961,0.0034171536863667,2.6603265,0.0232599428984908,0.07014228986755303
121,CCOc1ccc(C(=O)N2CC[C@@H]3CN(c4ccc(C#N)c(C(F)(F)F)c4)C[C@]3(COC)C2)cc1,0,0.596447706763055,0.0023144639758746,3.8123813,0.0247085870005141,0.07386377157882394
122,COC[C@@]12CN(C(=O)c3ccc(F)c(Cl)c3)CC[C@@H]1CN(c1ccc(C#N)c(C(F)(F)F)c1)C2,0,0.561079497019253,0.0109249835522508,-1.9002664,0.0417853612906821,0.08839059457341733
123,COC[C@@]12CN(C(=O)c3cnccn3)CC[C@@H]1CN(c1ccc(C#N)c(C(F)(F)F)c1)C2,0,0.719826896143627,0.0045065311753043,4.1392097,0.0340008739153622,0.07475164873662463
124,COCCC(=O)N1CC[C@@H]2CN(c3ccc(C#N)c(C(F)(F)F)c3)C[C@]2(COC)C1,0,0.701347313339778,0.0016904365218701,-2.1865816,0.0153847987314727,0.0820177016500072
125,COC[C@@]12CN(C(=O)c3sc(C)nc3C)CC[C@@H]1CN(c1ccc(C#N)c(C(F)(F)F)c1)C2,0,0.656757589348134,0.0097929351072419,0.43031752,0.0388495649665353,0.05444052484651032
126,COC[C@@]12CN(C(=O)c3ccc4ncccc4c3)CC[C@@H]1CN(c1ccc(C#N)c(C(F)(F)F)c1)C2,0,0.524185081406002,0.0064568986945019,5.9875255,0.0630959748207905,0.06864876830450507
127,COC[C@@]12CN(C(=O)COc3ccccc3)CC[C@@H]1CN(c1ccc(C#N)c(C(F)(F)F)c1)C2,0,0.635689802017161,0.0030965180882299,1.906305,0.0135000324646845,0.06264805796593807
128,COC[C@@]12CN(C(=O)c3ccco3)CC[C@@H]1CN(c1ccc(C#N)c(C(F)(F)F)c1)C2,0,0.734054872776664,0.0017724437620351,-1.3263298,0.0254633749950159,0.05185707808110529
129,COC[C@]12CN(c3ccc(C#N)c(C(F)(F)F)c3)C[C@H]1CCN(S(C)(=O)=O)C2,0,0.751824202645882,0.0017816560482188,-2.4294467,0.0142342555015373,0.0924423858381738
130,COC[C@@]12CN(C(=O)CCc3ccccc3)CC[C@@H]1CN(c1ccc(C#N)c(C(F)(F)F)c1)C2,0,0.62219161366896,0.0036350478494658,-0.55462515,0.017271657724335,0.06645255260619022
131,COC[C@@]12CN(C(=O)Nc3cccc(OC)c3)CC[C@@H]1CN(c1ccc(C#N)c(C(F)(F)F)c1)C2,0,0.666186938695554,0.0043189197777949,5.3389835,0.0347276306439794,0.06761098979030135
132,COC[C@@]12CN(C(=O)c3cc(C)n(C)n3)CC[C@@H]1CN(c1ccc(C#N)c(C(F)(F)F)c1)C2,0,0.699103573497298,0.0022160248058316,4.306928,0.0361205391352587,0.05843950231631134
133,COC[C@@]12CN(C(=O)Cc3cccc(C)c3)CC[C@@H]1CN(c1ccc(C#N)c(C(F)(F)F)c1)C2,0,0.647603544214015,0.0094352769066929,-0.52713704,0.0222666280288105,0.06763621158216207
134,Cc1cc(C(=O)N2CC[C@H]3CN(c4ccc(C#N)c(C(F)(F)F)c4)C[C@@]3(COCC3CC3)C2)no1,0,0.604176921696836,0.0051813640843719,2.1868548,0.0131169479970921,0.047117701836652315
135,CCNC(=O)N1CC[C@H]2CN(c3ccc(C#N)c(C(F)(F)F)c3)C[C@@]2(COCC2CC2)C1,0,0.714764218681773,0.0054909999730904,-1.95785,0.0336788929163082,0.056986093703824
136,Cn1cnc(C(=O)N2CC[C@H]3CN(c4ccc(C#N)c(C(F)(F)F)c4)C[C@@]3(COCC3CC3)C2)c1,0,0.621300989654169,0.0024492019302744,11.25625,0.0234335055812281,0.04636426033810834
137,Cc1ncoc1C(=O)N1CC[C@H]2CN(c3ccc(C#N)c(C(F)(F)F)c3)C[C@@]2(COCC2CC2)C1,0,0.604176921696836,0.0082351814599817,-0.33692956,0.0191324244220533,0.051225876237647086
138,N#Cc1ccc(N2C[C@@H]3CCN(C(=O)c4cscn4)C[C@]3(COCC3CC3)C2)cc1C(F)(F)F,0,0.599407204599191,0.0050298407552828,-3.9148388,0.02183026527349,0.05010796022277077
139,CC(C)C(=O)N1CC[C@H]2CN(c3ccc(C#N)c(C(F)(F)F)c3)C[C@@]2(COCC2CC2)C1,0,0.649391690763959,0.0054585963246242,-7.322887,0.0248740258790415,0.0566061858425637
140,Cn1cc(CN2CC[C@H]3CN(c4ccc(C#N)c(C(F)(F)F)c4)C[C@@]3(COCC3CC3)C2)cn1,0,0.60705584298164,0.0039055811402371,-0.043337464,0.0197140016875742,0.05331075305951051
141,Cc1ccc(C(=O)N2CC[C@H]3CN(c4ccc(C#N)c(C(F)(F)F)c4)C[C@@]3(COCC3CC3)C2)cc1,0,0.5449989702468,0.0119657982705376,-0.6048322,0.03509592710298,0.054593930168675066
142,COCCOC[C@@]12CN(C(=O)C3CCCCC3)CC[C@@H]1CN(c1ccc(C#N)c(C(F)(F)F)c1)C2,0,0.524507581739085,0.004687114704626,2.6123667,0.0282407025097629,0.07406527535045063
143,COCCOC[C@@]12CN(C(=O)C3CC3)CC[C@@H]1CN(c1ccc(C#N)c(C(F)(F)F)c1)C2,0,0.595500643190964,0.0040895226784773,-6.842844,0.0133084561779791,0.058431614401590816
144,COCCOC[C@@]12CN(Cc3scnc3C)CC[C@@H]1CN(c1ccc(C#N)c(C(F)(F)F)c1)C2,0,0.509314778915608,0.0055307558397407,3.9462366,0.0145601691497948,0.05885901241963633
145,COCCOC[C@]12CN(c3ccc(C#N)c(C(F)(F)F)c3)C[C@H]1CCN(S(=O)(=O)N(C)C)C2,0,0.519562593367577,0.0017909314921738,4.7217674,0.0331736498496157,0.08831502984012876
146,CCN(CC)C(=O)N1CC[C@@H]2CN(c3ccc(C#N)c(C(F)(F)F)c3)C[C@]2(COCCOC)C1,0,0.527098480758664,0.0043373111405267,4.7978,0.0257608234918363,0.0839685470202129
147,COCCOC[C@]12CN(c3ccc(C#N)c(C(F)(F)F)c3)C[C@H]1CCN(S(C)(=O)=O)C2,0,0.579980925447267,0.0012463647164435,-1.4307396,0.014510776031911,0.10396655849982725
148,COCCOC[C@@]12CN(C(=O)C(C)C)CC[C@@H]1CN(c1ccc(C#N)c(C(F)(F)F)c1)C2,0,0.591087081719444,0.0035392159831234,-4.9555607,0.0182096538939102,0.07337813492144121
149,CCCNC(=O)N1CC[C@@H]2CN(c3ccc(C#N)c(C(F)(F)F)c3)C[C@]2(COCCOC)C1,0,0.591356156544498,0.0053804496925758,-1.8766522,0.0233949932006601,0.07225433899359501
150,COCCOC[C@@]12CN(C(=O)c3cccnc3)CC[C@@H]1CN(c1ccc(C#N)c(C(F)(F)F)c1)C2,0,0.554520056364606,0.0034278780281141,-2.1445742,0.0217879412299641,0.0779893167272909
151,COCCOC[C@@]12CN(C(=O)NC3CCCC3)CC[C@@H]1CN(c1ccc(C#N)c(C(F)(F)F)c1)C2,0,0.579698474194407,0.0068811998450286,2.689199,0.0231776053734558,0.04923257883576108
152,CCOC[C@]12CN(C(=O)c3ccoc3)CC[C@H]1CN(c1ccc(C#N)c(C(F)(F)F)c1)C2,0,0.688084143981757,0.0076383333791873,5.170786,0.0253169482724467,0.05668948906102774
153,CCOC[C@]12CN(C(=O)COC)CC[C@H]1CN(c1ccc(C#N)c(C(F)(F)F)c1)C2,0,0.701347313339778,0.002195060009767,-3.3818455,0.0125491091397775,0.08318714286627416
154,CCOC[C@]12CN(C(=O)c3ccccc3F)CC[C@H]1CN(c1ccc(C#N)c(C(F)(F)F)c1)C2,0,0.58756216279155,0.0021350744337412,6.8500094,0.0558005852352551,0.08512742463994713
155,CCOC[C@]12CN(C(=O)c3ccc(F)cc3)CC[C@H]1CN(c1ccc(C#N)c(C(F)(F)F)c1)C2,0,0.58756216279155,0.0099647284292234,0.35118735,0.0440803865575135,0.08676144245645839
156,CCOC[C@]12CN(C(=O)C3CC3)CC[C@H]1CN(c1ccc(C#N)c(C(F)(F)F)c1)C2,0,0.727969637025415,0.002627564247076,-5.3389697,0.0263796172033902,0.07525709143009393
157,CCOC[C@]12CN(C(=O)c3ccc(F)c(F)c3)CC[C@H]1CN(c1ccc(C#N)c(C(F)(F)F)c1)C2,0,0.558659789459908,0.0115716371050414,2.6296344,0.0663910524155084,0.11306698883962436
158,CCOC[C@]12CN(C(=O)Cc3cccc(F)c3)CC[C@H]1CN(c1ccc(C#N)c(C(F)(F)F)c1)C2,0,0.55469193799928,0.0132240303322547,-0.4510982,0.0349451011452705,0.09611179037364256
159,CCOC[C@]12CN(C(=O)Cc3ccc(F)cc3)CC[C@H]1CN(c1ccc(C#N)c(C(F)(F)F)c1)C2,0,0.55469193799928,0.0083894583325468,2.319487,0.0311000731759462,0.09373887701698772
160,CCOC[C@]12CN(C(=O)CCOC)CC[C@H]1CN(c1ccc(C#N)c(C(F)(F)F)c1)C2,0,0.652355499778837,0.0029314425336332,-1.9853745,0.012657787842967,0.08640655211292894
161,CCOCC(=O)N1CC[C@H]2CN(c3ccc(C#N)c(C(F)(F)F)c3)C[C@@]2(COCC)C1,0,0.652355499778836,0.0020557083831688,-1.5576742,0.014946801375471,0.09107486255638522
162,CCNC(=O)N1CC[C@H]2CN(c3ccc(C#N)c(C(F)(F)F)c3)C[C@@]2(COCC)C1,0,0.786045626119868,0.0024178409889713,2.0853467,0.0135863868338686,0.08239310391544603
163,CCOC[C@]12CN(C(=O)NCc3ccccc3)CC[C@H]1CN(c1ccc(C#N)c(C(F)(F)F)c1)C2,0,0.64549208015606,0.0052329611427053,1.461811,0.0311475161083591,0.06865572879571033
164,CCOC[C@@]12CN(c3ccc(C#N)c(C(F)(F)F)c3)C[C@@H]1CCN(S(=O)(=O)N(C)C)C2,0,0.652259525440465,0.0011735040091468,6.3111234,0.031078890472148,0.08273684389280307
165,CCOC[C@]12CN(C(=O)c3ccco3)CC[C@H]1CN(c1ccc(C#N)c(C(F)(F)F)c1)C2,0,0.688084143981757,0.0051542484937484,-0.990776,0.0239544217771609,0.05192748770856635
166,CCCNC(=O)N1CC[C@H]2CN(c3ccc(C#N)c(C(F)(F)F)c3)C[C@@]2(COCC)C1,0,0.732442028035584,0.0036972540848142,-0.32116985,0.0118382085346977,0.07853570422053723
167,CCOC[C@]12CN(C(=O)c3ccccc3)CC[C@H]1CN(c1ccc(C#N)c(C(F)(F)F)c1)C2,0,0.65957050071097,0.004895507625258,-0.09077537,0.0214766433952087,0.07143653944289304
168,CCOC[C@]12CN(C(=O)c3ccccc3Cl)CC[C@H]1CN(c1ccc(C#N)c(C(F)(F)F)c1)C2,0,0.574013392788099,0.0122790189633973,4.422005,0.0279455563518467,0.08218888902271293
169,CCOC[C@]12CN(C(=O)NCCOC)CC[C@H]1CN(c1ccc(C#N)c(C(F)(F)F)c1)C2,0,0.641019221901443,0.0072072749103704,-4.811173,0.0247588475501307,0.07500609483440611
170,CCOC[C@]12CN(C(=O)C(C)(C)C)CC[C@H]1CN(c1ccc(C#N)c(C(F)(F)F)c1)C2,0,0.704305798518503,0.0021142021767928,-6.7166686,0.0217042527694389,0.08963553865238975
171,N#Cc1ccc(N2CC[C@@H]3CN(C(=O)c4ccoc4)C[C@]3(CO)C2)cc1C(F)(F)F,0,0.826955996559204,0.0017374041372955,6.505935,0.0361159075014194,0.07751460959141356
172,CCc1ccc(C(=O)N2C[C@H]3CCN(c4ccc(C#N)c(C(F)(F)F)c4)C[C@@]3(CO)C2)cc1,0,0.750844990758378,0.0021302731288668,2.4491572,0.0625745311610782,0.10618871089614894
173,COc1ccc(C(=O)N2C[C@H]3CCN(c4ccc(C#N)c(C(F)(F)F)c4)C[C@@]3(CO)C2)c(OC)n1,0,0.688179513797074,0.0025717705276326,2.1357908,0.0682167542230832,0.09004717583080911
174,Cc1cc(C(=O)N2C[C@H]3CCN(c4ccc(C#N)c(C(F)(F)F)c4)C[C@@]3(CO)C2)no1,0,0.798675955473891,0.0020525283706062,7.0034137,0.0403708058688359,0.08045768602663309
175,N#Cc1ccc(N2CC[C@@H]3CN(C(=O)c4ccc(F)cc4)C[C@]3(CO)C2)cc1C(F)(F)F,0,0.729480561663736,0.0019703779880656,-0.028584719,0.0588960980834538,0.11223435894628268
176,Cc1cc(C)cc(C(=O)N2C[C@H]3CCN(c4ccc(C#N)c(C(F)(F)F)c4)C[C@@]3(CO)C2)c1,0,0.751959229922424,0.0033771074975041,4.5157633,0.0479400616971555,0.08757777115562795
177,N#Cc1ccc(N2CC[C@@H]3CN(C(=O)c4cccc(F)c4)C[C@]3(CO)C2)cc1C(F)(F)F,0,0.729480561663736,0.0033297023729266,-1.423543,0.0549408964382432,0.10817750248030569
178,N#Cc1ccc(N2CC[C@@H]3CN(C(=O)c4cc(F)cc(F)c4)C[C@]3(CO)C2)cc1C(F)(F)F,0,0.700484655755755,0.0019732372135496,2.0913463,0.0703104523102281,0.1176266562635538
179,N#Cc1ccc(N2CC[C@@H]3CN(C(=O)c4c(F)cccc4F)C[C@]3(CO)C2)cc1C(F)(F)F,0,0.700484655755755,0.0018568034393102,7.668466,0.0570932170503203,0.11611900684271732
180,COc1ccc(C(=O)N2C[C@H]3CCN(c4ccc(C#N)c(C(F)(F)F)c4)C[C@@]3(CO)C2)c(OC)c1,0,0.69156430443344,0.0023129984156795,8.4263935,0.0709855894267106,0.0898911163603557
181,COc1cccc(C(=O)N2C[C@H]3CCN(c4ccc(C#N)c(C(F)(F)F)c4)C[C@@]3(CO)C2)c1,0,0.757006201898088,0.0019169901480393,1.3844768,0.0350480127882062,0.07792756296073823
182,N#Cc1ccc(N2CC[C@@H]3CN(C(=O)Cc4ccc(F)cc4)C[C@]3(CO)C2)cc1C(F)(F)F,0,0.706961967380629,0.0045066611597814,1.5469273,0.0483207861901301,0.11679866130539984
183,N#Cc1ccc(N2CC[C@@H]3CN(C(=O)COc4ccc(F)cc4)C[C@]3(CO)C2)cc1C(F)(F)F,0,0.668144195043948,0.002531260218536,-1.4209694,0.0449231405008713,0.09703243049704835
184,N#Cc1ccc(N2CC[C@@H]3CN(C(=O)c4ccsc4)C[C@]3(CO)C2)cc1C(F)(F)F,0,0.800165312966556,0.0038440923683425,-3.9150944,0.0340949012514857,0.07531119038051423
185,N#Cc1ccc(N2CC[C@@H]3CN(C(=O)C4CCCC4)C[C@]3(CO)C2)cc1C(F)(F)F,0,0.812321024390333,0.0025207585937163,6.7019687,0.0324385534200014,0.07576762648095181
186,N#Cc1ccc(N2CC[C@@H]3CN(C(=O)C4CC=CC4)C[C@]3(CO)C2)cc1C(F)(F)F,0,0.764536246587137,0.0019109281823466,4.614919,0.0355800380886882,0.07366240163009197
187,N#Cc1ccc(N2CC[C@@H]3CN(C(=O)C4CCOCC4)C[C@]3(CO)C2)cc1C(F)(F)F,0,0.786973844351332,0.0015925951587916,0.91134775,0.0317834441172213,0.10715127439822807
188,N#Cc1ccc(N2CC[C@@H]3CN(C(=O)CC4CC4)C[C@]3(CO)C2)cc1C(F)(F)F,0,0.833305947989021,0.0010455344460118,4.322782,0.0138038768543124,0.08740944369288037
189,N#Cc1ccc(N2CC[C@@]3(CO)CN(C(=O)c4ccoc4)C[C@H]3C2)cc1C(F)(F)F,0,0.826955996559204,0.0042319540371289,0.6652781,0.0387075294637416,0.0834529082191638
190,CC1(C(=O)N2C[C@H]3CN(c4ccc(C#N)c(C(F)(F)F)c4)CC[C@@]3(CO)C2)CC1,0,0.836550674601459,0.0011972512403619,-13.836052,0.0187402850131522,0.08596208458062668
191,N#Cc1ccc(N2CC[C@@]3(CO)CN(C(=O)c4cccs4)C[C@H]3C2)cc1C(F)(F)F,0,0.800165312966556,0.0020984628216125,-2.1422381,0.0393880643620718,0.07426388088063884
192,CCC(CC)C(=O)N1C[C@H]2CN(c3ccc(C#N)c(C(F)(F)F)c3)CC[C@@]2(CO)C1,0,0.784991565947486,0.0015595636641179,-0.16805804,0.0266642144639719,0.1362197429479189
193,CC(C)CC(=O)N1C[C@H]2CN(c3ccc(C#N)c(C(F)(F)F)c3)CC[C@@]2(CO)C1,0,0.828954394299063,0.0025203291118184,-12.324071,0.0121123445065481,0.11727799544639465
194,COc1ccccc1C(=O)N1C[C@H]2CN(c3ccc(C#N)c(C(F)(F)F)c3)CC[C@@]2(CO)C1,0,0.757006201898088,0.0012592627992798,4.4707484,0.0355993803306227,0.0853045079178681
195,COc1ccc(C(=O)N2C[C@H]3CN(c4ccc(C#N)c(C(F)(F)F)c4)CC[C@@]3(CO)C2)cc1F,0,0.680292452748743,0.0049190539106293,-3.8182425,0.0720595832423173,0.1210247493638004
196,N#Cc1ccc(N2CC[C@@]3(CO)CN(C(=O)c4cc(F)ccc4F)C[C@H]3C2)cc1C(F)(F)F,0,0.700484655755755,0.0024873728046331,0.5056211,0.0763983101088983,0.12671870472080654
197,N#Cc1ccc(N2CC[C@@]3(CO)CN(C(=O)Cc4c[nH]c5ccccc45)C[C@H]3C2)cc1C(F)(F)F,0,0.59011115316799,0.0182606000412495,0.4098066,0.0896600686226913,0.08255507618760188
198,N#Cc1ccc(N2CC[C@@]3(CO)CN(C(=O)c4cnccn4)C[C@H]3C2)cc1C(F)(F)F,0,0.801989307655545,0.0024418482567538,-0.91237515,0.0333973189117569,0.08893890339852953
199,COc1cc(Cl)ccc1C(=O)N1C[C@H]2CN(c3ccc(C#N)c(C(F)(F)F)c3)CC[C@@]2(CO)C1,0,0.690533389471396,0.0041687552818932,-0.3153149,0.0585735717107158,0.09390362164441439
200,COc1cccc(C(=O)N2C[C@H]3CN(c4ccc(C#N)c(C(F)(F)F)c4)CC[C@@]3(CO)C2)c1,0,0.757006201898088,0.0030587999386558,-4.2283297,0.0337431858990622,0.07736666666633561
201,N#Cc1ccc(N2CC[C@@]3(CO)CN(C(=O)Cc4ccccc4F)C[C@H]3C2)cc1C(F)(F)F,0,0.706961967380629,0.0062027618892632,-4.0024056,0.0518222358988949,0.11322759732951562
202,N#Cc1ccc(N2CC[C@@]3(CO)CN(C(=O)c4ccc5ccccc5n4)C[C@H]3C2)cc1C(F)(F)F,0,0.611074181120591,0.0026612619541827,8.575917,0.0955605421099736,0.09051842391611614
203,N#Cc1ccc(N2CC[C@@]3(CO)CN(C(=O)COc4ccc(F)cc4)C[C@H]3C2)cc1C(F)(F)F,0,0.668144195043948,0.0012725274507208,-7.279326,0.0447528360901751,0.09866581015219557
204,N#Cc1ccc(N2CC[C@@]3(CO)CN(C(=O)c4ccc5cc[nH]c5c4)C[C@H]3C2)cc1C(F)(F)F,0,0.608420580520956,0.0315353164467349,3.1266756,0.1076474149553102,0.07858717230855275
205,N#Cc1ccc(N2CC[C@@]3(CO)CN(C(=O)c4ccsc4)C[C@H]3C2)cc1C(F)(F)F,0,0.800165312966556,0.0037590961198804,-10.874658,0.0393494808585553,0.07953536970896338
206,N#Cc1ccc(N2CC[C@@]3(CO)CN(C(=O)C4CCOCC4)C[C@H]3C2)cc1C(F)(F)F,0,0.786973844351332,0.0017599766541516,-4.6606374,0.0204151841798363,0.11725486693609719
207,COc1ccc(C(=O)N2C[C@H]3CN(c4ccc(C#N)c(C(F)(F)F)c4)CC[C@@]3(CO)C2)cn1,0,0.754866400011166,0.0027318285293697,-5.6317945,0.0380249429016102,0.08700839608214767
208,Cc1cnc(C(=O)N2C[C@H]3CN(c4ccc(C#N)c(C(F)(F)F)c4)CC[C@@]3(CO)C2)cn1,0,0.780946991200586,0.0034103408568492,-1.1568958,0.041493401958382,0.09299672858846482
209,N#Cc1ccc(N2CC[C@@]3(CO)CN(C(=O)C4CCCCCC4)C[C@H]3C2)cc1C(F)(F)F,0,0.702884615445542,0.0053249214519101,1.2494937,0.0408419484408469,0.10915294687975222
210,Cc1nc(C)c(C(=O)N2C[C@H]3CN(c4ccc(C#N)c(C(F)(F)F)c4)CC[C@@]3(CO)C2)s1,0,0.75078931773522,0.0025428720383958,-2.8708549,0.0523850575556216,0.06953623103865837
211,Cn1cnc(C(=O)N2C[C@H]3CN(c4ccc(C#N)c(C(F)(F)F)c4)CC[C@@]3(CO)C2)c1,0,0.802894289886302,0.0046575694125354,12.963769,0.0472681458489059,0.06634251092202477
212,N#Cc1ccc(N2CC[C@@]3(CO)CN(C(=O)c4ccc5ncccc5c4)C[C@H]3C2)cc1C(F)(F)F,0,0.611074181120591,0.0028937101278428,3.041141,0.1106929613664045,0.10084907666968698
213,Cc1cccnc1C(=O)N1C[C@H]2CN(c3ccc(C#N)c(C(F)(F)F)c3)CC[C@@]2(CO)C1,0,0.786365621667899,0.0014628342293164,4.66618,0.0476932981114169,0.1053786143370257
214,N#Cc1ccc(N2CC[C@@]3(CO)CN(C(=O)c4ccncn4)C[C@H]3C2)cc1C(F)(F)F,0,0.801989307655545,0.0024418482567538,2.418137,0.0373906952615615,0.08671180756046462
215,N#Cc1ccc(N2CC[C@@]3(CO)CN(C(=O)c4ncccn4)C[C@H]3C2)cc1C(F)(F)F,0,0.801989307655545,0.0013213778552023,-7.876586,0.0318645112694949,0.1023116424120489
216,COc1ccccc1CCC(=O)N1C[C@H]2CN(c3ccc(C#N)c(C(F)(F)F)c3)CC[C@@]2(CO)C1,0,0.669733292688547,0.0081773638520924,1.4486657,0.0290222756024933,0.0831682149270797
217,N#Cc1ccc(N2CC[C@@]3(CO)CN(C(=O)Cc4ccccc4)C[C@H]3C2)cc1C(F)(F)F,0,0.786038853855902,0.0018085249264191,-5.2935286,0.04732150791852,0.10910463230696828
218,Cc1noc(C)c1CC(=O)N1C[C@H]2CN(c3ccc(C#N)c(C(F)(F)F)c3)CC[C@@]2(CO)C1,0,0.750817475502926,0.0108386294680188,-9.203211,0.0613329613178467,0.10136355349570673
219,Cn1nccc1C(=O)N1C[C@H]2CN(c3ccc(C#N)c(C(F)(F)F)c3)CC[C@@]2(CO)C1,0,0.802894289886302,0.0021623123904768,1.2848381,0.0644771906943716,0.08909685184620493
220,N#Cc1ccc(N2CC[C@@]3(CO)CN(C(=O)c4ccc(Cn5ccnc5)o4)C[C@H]3C2)cc1C(F)(F)F,0,0.578168393111736,0.0024402121523193,7.556849,0.046226657340917,0.05641214545702401
221,Cn1ccc(C(=O)N2C[C@H]3CN(c4ccc(C#N)c(C(F)(F)F)c4)CC[C@@]3(CO)C2)n1,0,0.802894289886302,0.0023349709435959,-2.6075501,0.0563277080116933,0.0785978913217009
222,Cc1cnn(CCC(=O)N2C[C@H]3CN(c4ccc(C#N)c(C(F)(F)F)c4)CC[C@@]3(CO)C2)c1,0,0.740341451132674,0.0031296782152417,2.920692,0.0423671649415822,0.08404763795705235
223,Cc1ccn(CC(=O)N2C[C@H]3CN(c4ccc(C#N)c(C(F)(F)F)c4)CC[C@@]3(CO)C2)n1,0,0.778344614288584,0.0015749887901044,-9.319528,0.0581317963350513,0.0925396447801066
224,N#Cc1ccc(N2CC[C@@]3(CO)CN(C(=O)Cn4cccn4)C[C@H]3C2)cc1C(F)(F)F,0,0.798598427010473,0.0009963602154353,2.1264992,0.0475081326800515,0.09225908068059208
225,COC[C@@]12CCN(c3ccc(C#N)c(C(F)(F)F)c3)C[C@@H]1CN(C(=O)c1ccccc1OC)C2,0,0.651394045773903,0.001992019759328,1.6352023,0.0181913735853555,0.07719617110347989
226,COC[C@@]12CCN(c3ccc(C#N)c(C(F)(F)F)c3)C[C@@H]1CN(C(=O)Cc1cccc(F)c1)C2,0,0.606834277940188,0.0075992461057583,-7.7045064,0.0175859926637317,0.10807794050407334
227,COC[C@@]12CCN(c3ccc(C#N)c(C(F)(F)F)c3)C[C@@H]1CN(C(=O)c1nccc3ccccc13)C2,0,0.524185081406002,0.0030054371416414,2.0637965,0.0463396506420255,0.06776545258945837
228,COC[C@@]12CCN(c3ccc(C#N)c(C(F)(F)F)c3)C[C@@H]1CN(C(=O)c1ccc(C)nc1)C2,0,0.695355415396148,0.0038759286173078,-7.31897,0.022397749852453,0.0770433487919439
229,COC[C@@]12CCN(c3ccc(C#N)c(C(F)(F)F)c3)C[C@@H]1CN(C(=O)c1ccsc1)C2,0,0.700302013959393,0.0031706083205629,-11.485883,0.011723412515238,0.057504894075138605
230,COC[C@@]12CCN(c3ccc(C#N)c(C(F)(F)F)c3)C[C@@H]1CN(C(=O)C1CC=CC1)C2,0,0.677335640377228,0.0027913481291959,-5.4327006,0.0135433392068414,0.06594783572687017
231,COC[C@@]12CCN(c3ccc(C#N)c(C(F)(F)F)c3)C[C@@H]1CN(C(=O)CCC1CCCC1)C2,0,0.605375731660038,0.0079554232991878,-8.012269,0.0166269540554023,0.054012927901610885
232,COC[C@@]12CCN(c3ccc(C#N)c(C(F)(F)F)c3)C[C@@H]1CN(C(=O)c1ccc3ncccc3c1)C2,0,0.524185081406002,0.0030054371416414,-1.6296462,0.0618999641649388,0.08561547478311957
233,COC[C@@]12CCN(c3ccc(C#N)c(C(F)(F)F)c3)C[C@@H]1CN(C(=O)CC1CCCCC1)C2,0,0.626604239156511,0.0023201480986413,-6.017374,0.0164773192216585,0.08078720785575126
234,COC[C@@]12CCN(c3ccc(C#N)c(C(F)(F)F)c3)C[C@@H]1CN(C(=O)c1ncccc1C)C2,0,0.695355415396148,0.0057659445208127,0.8520664,0.0129988034615139,0.07413699697823993
235,COC[C@@]12CCN(c3ccc(C#N)c(C(F)(F)F)c3)C[C@@H]1CN(C(=O)c1cncc(C)c1)C2,0,0.695355415396148,0.0073491067682723,-11.735473,0.0266914573612999,0.0709225787067407
236,COC[C@@]12CCN(c3ccc(C#N)c(C(F)(F)F)c3)C[C@@H]1CN(C(=O)c1ccncn1)C2,0,0.719826896143627,0.0035782042345424,0.17480278,0.0201662754517863,0.07258743896864074
237,COC[C@@]12CCN(c3ccc(C#N)c(C(F)(F)F)c3)C[C@@H]1CN(C(=O)c1cncnc1)C2,0,0.719826896143627,0.0035569892516151,-15.650326,0.0209229070774866,0.07455787735136948
238,COC[C@@]12CCN(c3ccc(C#N)c(C(F)(F)F)c3)C[C@@H]1CN(C(=O)c1ccncc1)C2,0,0.721102740757289,0.0021825689599622,-6.9829116,0.0148058536022125,0.06982535257842837
239,COC[C@@]12CCN(c3ccc(C#N)c(C(F)(F)F)c3)C[C@@H]1CN(C(=O)CCc1ccccc1)C2,0,0.62219161366896,0.0032711277510216,-5.029451,0.016818342724675,0.07441794134312532
240,COC[C@@]12CCN(c3ccc(C#N)c(C(F)(F)F)c3)C[C@@H]1CN(C(=O)COc1cccc(C)c1)C2,0,0.609198611982911,0.0085468290552532,-7.476137,0.0169448845159513,0.06282261774291248
241,COC[C@@]12CCN(c3ccc(C#N)c(C(F)(F)F)c3)C[C@@H]1CN(C(=O)Nc1cccc(C)c1C)C2,0,0.645103545369961,0.0224916999715669,-0.16197455,0.0433635500855014,0.06954155783289584
242,COC[C@@]12CCN(c3ccc(C#N)c(C(F)(F)F)c3)C[C@@H]1CN(C(=O)NC1CCCC1)C2,0,0.752958460636635,0.0079395953437435,-5.75155,0.0223893581162025,0.0533423875881424
243,CCn1cc(C(=O)N2C[C@H]3CN(c4ccc(C#N)c(C(F)(F)F)c4)CC[C@@]3(COC)C2)cn1,0,0.682432030285381,0.0021786112635178,1.2622007,0.0280005568020686,0.055785559674428165
244,CCOC[C@@]12CCN(c3ccc(C#N)c(C(F)(F)F)c3)C[C@@H]1CN(C(=O)C1(C)CC1)C2,0,0.699815839980315,0.0020210319332465,-13.940503,0.0222130726490011,0.05700222034032154
245,CCOC[C@@]12CCN(c3ccc(C#N)c(C(F)(F)F)c3)C[C@@H]1CN(C(=O)c1ccccc1OC)C2,0,0.596447706763055,0.0025409094411616,1.4830354,0.021269905071756,0.08737061142735188
246,CCOC[C@@]12CCN(c3ccc(C#N)c(C(F)(F)F)c3)C[C@@H]1CN(C(=O)c1ccc(F)c(F)c1)C2,0,0.558659789459908,0.0153757929811492,-3.7874675,0.0607093101722099,0.12929967476224716
247,CCOC[C@@]12CCN(c3ccc(C#N)c(C(F)(F)F)c3)C[C@@H]1CN(C(=O)Cc1cccc(F)c1)C2,0,0.55469193799928,0.0077820464851329,-5.0416303,0.0281683069636966,0.1178501938434604
248,CCOC[C@@]12CCN(c3ccc(C#N)c(C(F)(F)F)c3)C[C@@H]1CN(C(=O)c1cc(F)cc(F)c1)C2,0,0.558659789459908,0.0041478205700997,-5.8624563,0.0511890882298728,0.09415259636930465
249,CCOC[C@@]12CCN(c3ccc(C#N)c(C(F)(F)F)c3)C[C@@H]1CN(C(=O)c1ccc(C)s1)C2,0,0.611460625202307,0.0103232785286338,-2.2381856,0.0215405497077919,0.05309983454075501
250,CCOC[C@@]12CCN(c3ccc(C#N)c(C(F)(F)F)c3)C[C@@H]1CN(C(=O)Cc1ccc(F)cc1)C2,0,0.55469193799928,0.007653510864806,-1.811906,0.0283312904492125,0.1171339161439301
251,CCOC[C@@]12CCN(c3ccc(C#N)c(C(F)(F)F)c3)C[C@@H]1CN(S(=O)(=O)c1cccnc1)C2,0,0.610899320248121,0.0022059189475555,-4.0667677,0.021548316082623,0.10304961557115551
252,CCOC[C@@]12CCN(c3ccc(C#N)c(C(F)(F)F)c3)C[C@@H]1CN(C(=O)c1ccc3cc[nH]c3c1)C2,0,0.535884921166746,0.0476170390788166,-1.1737335,0.074744973035921,0.058426011302024926
253,CCOC[C@@]12CCN(c3ccc(C#N)c(C(F)(F)F)c3)C[C@@H]1CN(C(=O)C1CCCC1)C2,0,0.666202884042155,0.0053389186474154,-2.8598797,0.0143400759326528,0.061722362526362706
254,CCOC[C@@]12CCN(c3ccc(C#N)c(C(F)(F)F)c3)C[C@@H]1CN(C(=O)NCc1ccccc1)C2,0,0.64549208015606,0.0152583202024516,-2.2621522,0.026523137829816,0.07314678180446063
255,CCOC[C@@]12CCN(c3ccc(C#N)c(C(F)(F)F)c3)C[C@@H]1CN(C(=O)C1CC=CC1)C2,0,0.634101306769529,0.0034508972072164,-2.9636354,0.0178051253723692,0.07511829118375479
256,CCOC[C@@]12CCN(c3ccc(C#N)c(C(F)(F)F)c3)C[C@@H]1CN(C(=O)C1CCOCC1)C2,0,0.663699404753317,0.0021263776251369,-6.390984,0.015008731549958,0.10933098648081489
257,CCOC[C@@]12CCN(c3ccc(C#N)c(C(F)(F)F)c3)C[C@@H]1CN(C(=O)c1ccc(OC)nc1)C2,0,0.612137254670505,0.0056282576427682,-7.7749515,0.0161852348826085,0.08137589931644626
258,CCOC[C@@]12CCN(c3ccc(C#N)c(C(F)(F)F)c3)C[C@@H]1CN(C(=O)c1cnc(C)cn1)C2,0,0.659070675178007,0.0021142452467305,-3.2771869,0.0341251980235764,0.07899948625896037
259,CCOC[C@@]12CCN(c3ccc(C#N)c(C(F)(F)F)c3)C[C@@H]1CN(C(=O)c1ccoc1C)C2,0,0.656662564100662,0.003320217694693,0.7217907,0.0293660061858555,0.06176084293273556
260,CCOC[C@@]12CCN(c3ccc(C#N)c(C(F)(F)F)c3)C[C@@H]1CN(C(=O)Cc1ccncc1)C2,0,0.637876788734283,0.0143805511918554,-0.74148995,0.0206430773533449,0.10574503529329424
261,CCOC[C@@]12CCN(c3ccc(C#N)c(C(F)(F)F)c3)C[C@@H]1CN(C(=O)COc1ccccc1)C2,0,0.581244295544957,0.0031764236171692,-5.4221816,0.0114204791608556,0.06782414445697996
262,CCOC[C@@]12CCN(c3ccc(C#N)c(C(F)(F)F)c3)C[C@@H]1CN(C(=O)c1cncc(C)c1)C2,0,0.649674128718179,0.0089608311124873,-10.990273,0.0263379706529237,0.07522811740099275
263,CCOC[C@@]12CCN(c3ccc(C#N)c(C(F)(F)F)c3)C[C@@H]1CN(C(=O)c1cncn1C)C2,0,0.683158155958616,0.0033496977585848,5.426089,0.0302933434027056,0.0610970683812328
264,CCOC[C@@]12CCN(c3ccc(C#N)c(C(F)(F)F)c3)C[C@@H]1CN(C(=O)c1ccncn1)C2,0,0.68203585968464,0.0036679646144623,0.47520578,0.0252133730609363,0.07665054045922659
265,CCCNC(=O)N1C[C@H]2CN(c3ccc(C#N)c(C(F)(F)F)c3)CC[C@@]2(COCC)C1,0,0.732442028035584,0.0048831667593394,-10.3727455,0.0082044578604578,0.08786212833001475
266,CCOC[C@@]12CCN(c3ccc(C#N)c(C(F)(F)F)c3)C[C@@H]1CN(C(=O)c1ccccc1)C2,0,0.65957050071097,0.0038547971177557,-4.0341706,0.0125534133321451,0.08051760145878248
267,CCOC[C@@]12CCN(c3ccc(C#N)c(C(F)(F)F)c3)C[C@@H]1CN(C(=O)Cc1ccccc1)C2,0,0.62219161366896,0.004275077256699,-2.47032,0.0182851262861462,0.10426761362330346
268,CCOC[C@@]12CCN(c3ccc(C#N)c(C(F)(F)F)c3)C[C@@H]1CN(C(=O)c1ccnn1C)C2,0,0.683158155958616,0.0023148601492182,-1.9758848,0.035877881657622,0.06712269723452739
269,CCOC[C@@]12CCN(c3ccc(C#N)c(C(F)(F)F)c3)C[C@@H]1CN(C(=O)c1ccn(CC)n1)C2,0,0.635562799841082,0.0017122499782672,-1.5785191,0.0285549677007478,0.06080153594024072
270,CCOC[C@@]12CCN(c3ccc(C#N)c(C(F)(F)F)c3)C[C@@H]1CN(C(=O)Cn1cccn1)C2,0,0.660848961331842,0.0012998466653173,-1.0112271,0.0215167419139431,0.07994819782100919
271,CCOC[C@@]12CCN(c3ccc(C#N)c(C(F)(F)F)c3)C[C@@H]1CN(C(=O)c1ccc(C)cc1)C2,0,0.62318277157678,0.0106485931962799,-3.295785,0.0193914348015792,0.07909982571921745
272,COc1ccc(C(=O)N2CC[C@@]3(CO)CN(c4ccc(C#N)c(C(F)(F)F)c4)C[C@H]3C2)c(OC)n1,0,0.688179513797074,0.0033059097176018,0.56442773,0.0904796672409585,0.0891364570679283
273,Cc1cc(C(=O)N2CC[C@@]3(CO)CN(c4ccc(C#N)c(C(F)(F)F)c4)C[C@H]3C2)c(C)o1,0,0.775353731402674,0.0041841162366169,8.731164,0.050867038578241,0.06336464975820294
274,COc1cccc(CC(=O)N2CC[C@@]3(CO)CN(c4ccc(C#N)c(C(F)(F)F)c4)C[C@H]3C2)c1,0,0.719823800102957,0.0056782649448991,-1.6052656,0.0464714990181318,0.08721061630291972
275,COc1ccc(C(=O)N2CC[C@@]3(CO)CN(c4ccc(C#N)c(C(F)(F)F)c4)C[C@H]3C2)cc1,0,0.757006201898088,0.0034174049796358,1.8804284,0.0441244066628638,0.08862986674489551
276,COc1cccc(C(=O)N2CC[C@@]3(CO)CN(c4ccc(C#N)c(C(F)(F)F)c4)C[C@H]3C2)c1OC,0,0.69156430443344,0.0055859833938047,7.1886334,0.05004339341065,0.09058405846663388
277,N#Cc1ccc(N2C[C@H]3CN(C(=O)c4cccc(F)c4)CC[C@@]3(CO)C2)cc1C(F)(F)F,0,0.729480561663736,0.004446563308516,-3.264544,0.0661414540295358,0.11790544666398886
278,CCOc1ccc(C(=O)N2CC[C@@]3(CO)CN(c4ccc(C#N)c(C(F)(F)F)c4)C[C@H]3C2)cc1,0,0.712153458797519,0.0017332482989181,2.5983357,0.0519878443002843,0.10632632473328711
279,N#Cc1ccc(N2C[C@H]3CN(C(=O)c4ccc(F)c(Cl)c4)CC[C@@]3(CO)C2)cc1C(F)(F)F,0,0.662606837728102,0.0038996954360584,-3.5172834,0.0715995869150588,0.11022894168744798
280,N#Cc1ccc(N2C[C@H]3CN(C(=O)c4ccc(F)cc4F)CC[C@@]3(CO)C2)cc1C(F)(F)F,0,0.700484655755755,0.0040686199870047,5.843674,0.0721576345898439,0.13165442416687353
281,N#Cc1ccc(N2C[C@H]3CN(C(=O)c4cc(F)ccc4F)CC[C@@]3(CO)C2)cc1C(F)(F)F,0,0.700484655755755,0.0040686199870047,2.9775538,0.0789348915275611,0.11775837454622647
282,N#Cc1ccc(N2C[C@H]3CN(C(=O)Cc4c[nH]c5ccccc45)CC[C@@]3(CO)C2)cc1C(F)(F)F,0,0.59011115316799,0.0182606000412495,3.3595386,0.0984676198033168,0.08181498730812903
283,N#Cc1ccc(N2C[C@H]3CN(C(=O)CCc4c[nH]c5ccccc45)CC[C@@]3(CO)C2)cc1C(F)(F)F,0,0.55070881504224,0.0206033473256745,6.087031,0.0809895641646107,0.07909583732330246
284,N#Cc1ccc(N2C[C@H]3CN(C(=O)c4cnccn4)CC[C@@]3(CO)C2)cc1C(F)(F)F,0,0.801989307655544,0.0027881806618243,2.9069743,0.0455454954269079,0.09143336296629928
285,COc1cc(Cl)ccc1C(=O)N1CC[C@@]2(CO)CN(c3ccc(C#N)c(C(F)(F)F)c3)C[C@H]2C1,0,0.690533389471396,0.003508522776667,2.5210214,0.0585228659259303,0.0902371773038668
286,N#Cc1ccc(N2C[C@H]3CN(C(=O)Cc4ccsc4)CC[C@@]3(CO)C2)cc1C(F)(F)F,0,0.77568989191277,0.0042349233496712,-2.9614048,0.0380156089056306,0.07978096778899753
287,Cc1ccc(C)c(C(=O)N2CC[C@@]3(CO)CN(c4ccc(C#N)c(C(F)(F)F)c4)C[C@H]3C2)c1,0,0.751959229922424,0.0034210050748837,-0.479419,0.0576241380897347,0.09213366000239567
288,N#Cc1ccc(N2C[C@H]3CN(C(=O)c4ccc5ccccc5n4)CC[C@@]3(CO)C2)cc1C(F)(F)F,0,0.611074181120591,0.0030356319180072,10.996552,0.1261745158894654,0.09430010412855974
289,COCCC(=O)N1CC[C@@]2(CO)CN(c3ccc(C#N)c(C(F)(F)F)c3)C[C@H]2C1,0,0.804492224738028,0.0016773444463199,-4.5914044,0.0187291984342745,0.10581242099958452
290,N#Cc1ccc(N2C[C@H]3CN(C(=O)c4ccsc4)CC[C@@]3(CO)C2)cc1C(F)(F)F,0,0.800165312966556,0.0038189023622327,-6.7172585,0.0409861198418839,0.08405705256531984
291,N#Cc1ccc(N2C[C@H]3CN(C(=O)C4CCOCC4)CC[C@@]3(CO)C2)cc1C(F)(F)F,0,0.786973844351332,0.0018056720102549,-1.7227986,0.0351550462621918,0.12492308163712962
292,Cn1nc(C(=O)N2CC[C@@]3(CO)CN(c4ccc(C#N)c(C(F)(F)F)c4)C[C@H]3C2)c2ccccc21,0,0.617220725329768,0.0058457013229064,7.929622,0.1607714894032257,0.06932908279149017
293,COc1ccc(C(=O)N2CC[C@@]3(CO)CN(c4ccc(C#N)c(C(F)(F)F)c4)C[C@H]3C2)cn1,0,0.754866400011166,0.0027318285293697,-1.2852813,0.0454879032367608,0.08855828786648227
294,N#Cc1ccc(N2C[C@H]3CN(C(=O)CCC4CCCC4)CC[C@@]3(CO)C2)cc1C(F)(F)F,0,0.731943210347982,0.0055516507709889,0.73455584,0.0349275006997967,0.07797141798131649
295,Cc1ccncc1C(=O)N1CC[C@@]2(CO)CN(c3ccc(C#N)c(C(F)(F)F)c3)C[C@H]2C1,0,0.786365621667899,0.0065001423722684,4.050179,0.0548966575911642,0.09923212694789896
296,N#Cc1ccc(N2C[C@H]3CN(C(=O)c4cn[nH]c4)CC[C@@]3(CO)C2)cc1C(F)(F)F,0,0.795784268356592,0.0096381719591412,3.093505,0.0507433520276155,0.0803241599944172
297,COc1cc(OC)cc(C(=O)N2CC[C@@]3(CO)CN(c4ccc(C#N)c(C(F)(F)F)c4)C[C@H]3C2)c1,0,0.69156430443344,0.004885019425923,5.440471,0.0514860048431378,0.08293918606853926
298,Cc1ccc(C(=O)N2CC[C@@]3(CO)CN(c4ccc(C#N)c(C(F)(F)F)c4)C[C@H]3C2)cc1F,0,0.702506710716651,0.0101508864101394,4.653215,0.0686710949321689,0.09858502725995344
299,N#Cc1ccc(N2C[C@H]3CN(C(=O)CC4CC4)CC[C@@]3(CO)C2)cc1C(F)(F)F,0,0.833305947989021,0.0010928406307435,2.2558327,0.0168828633367814,0.0903461456323607
300,Cc1cccnc1C(=O)N1CC[C@@]2(CO)CN(c3ccc(C#N)c(C(F)(F)F)c3)C[C@H]2C1,0,0.786365621667899,0.0018350608753949,7.639193,0.0586178111232652,0.1070373549197354
301,N#Cc1ccc(N2C[C@H]3CN(C(=O)c4ccco4)CC[C@@]3(CO)C2)cc1C(F)(F)F,0,0.826955996559204,0.0019965967958561,-2.8686996,0.0383163884458494,0.08351262517376791
302,N#Cc1ccc(N2C[C@H]3CNCC[C@@]3(CO)C2)cc1C(F)(F)F,0,0.872952160389935,0.0044668776605326,4.7411942,0.0208133831500195,0.09692833945535682
303,N#Cc1ccc(N2C[C@H]3CN(C(=O)C4(c5ccccc5)CC4)CC[C@@]3(CO)C2)cc1C(F)(F)F,0,0.736410695755389,0.0222206127712476,0.42345297,0.053023070019122,0.07793505435147526
304,Cc1cccc(OCC(=O)N2CC[C@@]3(CO)CN(c4ccc(C#N)c(C(F)(F)F)c4)C[C@H]3C2)c1,0,0.718168114792302,0.0035545032777448,-1.0198793,0.0394942398037212,0.0757388951630656
305,Cc1cc(C)n(CC(=O)N2CC[C@@]3(CO)CN(c4ccc(C#N)c(C(F)(F)F)c4)C[C@H]3C2)n1,0,0.757016283089163,0.0028984439891165,1.6978356,0.067547813908229,0.08934438235370683
306,Cc1noc(C)c1CC(=O)N1CC[C@@]2(CO)CN(c3ccc(C#N)c(C(F)(F)F)c3)C[C@H]2C1,0,0.750817475502927,0.0042406820747114,-5.2111893,0.053483816300872,0.09096536500245303
307,CCn1ccc(C(=O)N2CC[C@@]3(CO)CN(c4ccc(C#N)c(C(F)(F)F)c4)C[C@H]3C2)n1,0,0.779240773078802,0.0024688663730142,5.1509085,0.0571753434196998,0.08501513984538367
308,Cc1noc(C)c1C(=O)N1CC[C@@]2(CO)CN(c3ccc(C#N)c(C(F)(F)F)c3)C[C@H]2C1,0,0.775578174227874,0.0042773115367322,-1.6621783,0.0567951389958804,0.0826051010323788
309,Cn1cc(C(=O)N2CC[C@@]3(CO)CN(c4ccc(C#N)c(C(F)(F)F)c4)C[C@H]3C2)cn1,0,0.802894289886302,0.0038093016221509,2.367425,0.0480624318242595,0.07629671032397964
310,N#Cc1ccc(N2C[C@H]3CN(C(=O)CCn4cccn4)CC[C@@]3(CO)C2)cc1C(F)(F)F,0,0.761502469159263,0.0015568439419488,7.551082,0.0444866508186056,0.08318376015416759
311,Cc1cnn(CC(=O)N2CC[C@@]3(CO)CN(c4ccc(C#N)c(C(F)(F)F)c4)C[C@H]3C2)c1,0,0.778344614288584,0.0025864031621827,6.9194427,0.0465274509276052,0.08583074193474959
312,N#Cc1ccc(N2C[C@H]3CN(C(=O)Cn4cccn4)CC[C@@]3(CO)C2)cc1C(F)(F)F,0,0.798598427010473,0.0016988768893599,6.351899,0.0441009158967564,0.08714209746266437
313,N#Cc1ccc(N2C[C@H]3CN(C(=O)c4cc(C5CC5)[nH]n4)CC[C@@]3(CO)C2)cc1C(F)(F)F,0,0.732515067333122,0.0401315433746431,10.565719,0.0458480710612294,0.05987297210267274
314,COCc1c(C(=O)N2CC[C@@]3(CO)CN(c4ccc(C#N)c(C(F)(F)F)c4)C[C@H]3C2)noc1C,0,0.704873535444595,0.0048413585085003,4.185997,0.050914760181454,0.07201706420400542
315,Cc1nn(C)c(C)c1C(=O)N1CC[C@@]2(CO)CN(c3ccc(C#N)c(C(F)(F)F)c3)C[C@H]2C1,0,0.759963490590814,0.0015519150120197,2.339983,0.0725599694374797,0.08501100604157547
316,Cc1ccc(C(=O)N2CC[C@@]3(CO)CN(c4ccc(C#N)c(C(F)(F)F)c4)C[C@H]3C2)cc1,0,0.782787470596669,0.0029613208440095,-0.37251055,0.0569480213260729,0.10488549280332386
317,COC[C@@]12CCN(C(=O)c3ccoc3)C[C@@H]1CN(c1ccc(C#N)c(C(F)(F)F)c1)C2,0,0.734054872776664,0.0033533361433846,0.7261895,0.0274711361690443,0.05845327348085723
318,COC[C@@]12CCN(C(=O)Nc3ccccc3)C[C@@H]1CN(c1ccc(C#N)c(C(F)(F)F)c1)C2,0,0.728194824107346,0.0044326765266445,1.0314654,0.0342988025045889,0.06740324515476853
319,COC[C@@]12CCN(C(=O)Cc3ccc(C)cc3)C[C@@H]1CN(c1ccc(C#N)c(C(F)(F)F)c1)C2,0,0.647603544214015,0.0082143386096902,0.46758544,0.0236120778114285,0.07285704148741105
320,COC[C@@]12CCN(C(=O)c3sccc3C)C[C@@H]1CN(c1ccc(C#N)c(C(F)(F)F)c1)C2,0,0.667103440979072,0.0046580056169684,-5.968451,0.0225716571676531,0.0499912285963023
321,COC[C@@]12CCN(C(=O)c3ccc(F)c(F)c3)C[C@@H]1CN(c1ccc(C#N)c(C(F)(F)F)c1)C2,0,0.607679560829152,0.0151129576384411,-2.1429462,0.0554502608031096,0.12444803167060618
322,COC[C@@]12CCN(C(=O)Cc3cccc(F)c3)C[C@@H]1CN(c1ccc(C#N)c(C(F)(F)F)c1)C2,0,0.606834277940189,0.0085208982204946,-3.9325995,0.0289117979723271,0.10111298876528532
323,COC[C@@]12CCN(C(=O)c3ccc(C)s3)C[C@@H]1CN(c1ccc(C#N)c(C(F)(F)F)c1)C2,0,0.667103440979072,0.0045029095065893,0.79076016,0.0234034080853571,0.05139227450818608
324,COC[C@@]12CCN(C(=O)c3ccc(F)cc3F)C[C@@H]1CN(c1ccc(C#N)c(C(F)(F)F)c1)C2,0,0.607679560829152,0.0143423030114644,3.0016074,0.055466990962267,0.09146174204426308
325,COC[C@@]12CCN(C(=O)Cc3ccccc3F)C[C@@H]1CN(c1ccc(C#N)c(C(F)(F)F)c1)C2,0,0.606834277940189,0.0092137516728981,-2.3617213,0.0305526077326195,0.09109374026935302
326,COCCC(=O)N1CC[C@@]2(COC)CN(c3ccc(C#N)c(C(F)(F)F)c3)C[C@H]2C1,0,0.701347313339778,0.0018181114266229,-7.8183312,0.0178744782999846,0.08538562650821827
327,CCNC(=O)N1CC[C@@]2(COC)CN(c3ccc(C#N)c(C(F)(F)F)c3)C[C@H]2C1,0,0.828461283938673,0.0024772781356431,-5.944147,0.0124659879436255,0.07329803788164935
328,COC[C@@]12CCN(C(=O)CC(C)(C)C)C[C@@H]1CN(c1ccc(C#N)c(C(F)(F)F)c1)C2,0,0.704305798518503,0.0064632379621835,-3.7734966,0.0100859967385423,0.08302543807447872
329,COC[C@@]12CCN(S(=O)(=O)c3cn(C)cn3)C[C@@H]1CN(c1ccc(C#N)c(C(F)(F)F)c1)C2,0,0.649096288348841,0.0020775693826243,6.1221223,0.0267225843194136,0.06447366124916222
330,COC[C@@]12CCN(C(=O)Cn3ccnc3)C[C@@H]1CN(c1ccc(C#N)c(C(F)(F)F)c1)C2,0,0.704870665994769,0.0013206225259505,-2.252604,0.0294050885352234,0.055234593097458096
331,COC[C@@]12CCN(C(=O)c3sc(C)nc3C)C[C@@H]1CN(c1ccc(C#N)c(C(F)(F)F)c1)C2,0,0.656757589348133,0.0044029593140048,-4.262015,0.0377406016490167,0.05523652851194566
332,COC[C@@]12CCN(C(=O)c3c[nH]c4ccccc34)C[C@@H]1CN(c1ccc(C#N)c(C(F)(F)F)c1)C2,0,0.586611801707564,0.0035906698062505,4.051375,0.0594978870775978,0.05232216283042822
333,COC[C@@]12CCN(C(=O)c3ccc(C)c(F)c3)C[C@@H]1CN(c1ccc(C#N)c(C(F)(F)F)c1)C2,0,0.605006218956864,0.00605412054448,0.59657395,0.0336136753453827,0.07787713821304273
334,CCC(C)(C)C(=O)N1CC[C@@]2(COC)CN(c3ccc(C#N)c(C(F)(F)F)c3)C[C@H]2C1,0,0.688759772643582,0.002521417288024,-2.2496014,0.0218054886853335,0.08620631050848575
335,COC[C@@]12CCN(C(=O)c3ccc4[nH]cnc4c3)C[C@@H]1CN(c1ccc(C#N)c(C(F)(F)F)c1)C2,0,0.604912264463272,0.0080405734556167,4.388594,0.0879468066363192,0.060388284925631065
336,COC[C@@]12CCN(C(=O)c3ncccc3C)C[C@@H]1CN(c1ccc(C#N)c(C(F)(F)F)c1)C2,0,0.695355415396148,0.0022489413780541,4.542933,0.022653758862209,0.07068632841047867
337,COC[C@@]12CCN(C(=O)c3cncnc3)C[C@@H]1CN(c1ccc(C#N)c(C(F)(F)F)c1)C2,0,0.719826896143627,0.0035569892516151,-12.561134,0.0363117465125548,0.07731783722316805
338,COC[C@@]12CCN(S(C)(=O)=O)C[C@@H]1CN(c1ccc(C#N)c(C(F)(F)F)c1)C2,0,0.751824202645882,0.003562720825243,-2.909337,0.0146056770133757,0.10823820891372801
339,COC[C@@]12CCNC[C@@H]1CN(c1ccc(C#N)c(C(F)(F)F)c1)C2,0,0.91972992518477,0.0009370644886699,-1.5414888,0.0102427086302968,0.06907326948429944
340,CCCNC(=O)N1CC[C@@]2(COC)CN(c3ccc(C#N)c(C(F)(F)F)c3)C[C@H]2C1,0,0.786045626119868,0.0027928648198723,-8.309961,0.0136004617011076,0.06969274046593857
341,COC[C@@]12CCN(C(=O)Cn3nc(C)cc3C)C[C@@H]1CN(c1ccc(C#N)c(C(F)(F)F)c1)C2,0,0.662936669083975,0.0021423376096109,-2.3966641,0.0415766163884991,0.05575522339506654
342,COC[C@@]12CCN(C(=O)Nc3cccc(OC)c3)C[C@@H]1CN(c1ccc(C#N)c(C(F)(F)F)c1)C2,0,0.666186938695553,0.0054412385251559,0.015858293,0.0357478488347027,0.0675111547362107
343,COC[C@@]12CCN(C(=O)c3ccccc3Cl)C[C@@H]1CN(c1ccc(C#N)c(C(F)(F)F)c1)C2,0,0.631669276857114,0.0077840811078145,1.3357869,0.0227611442276478,0.07728036977364312
344,COCCNC(=O)N1CC[C@@]2(COC)CN(c3ccc(C#N)c(C(F)(F)F)c3)C[C@H]2C1,0,0.688659866286736,0.0023920948432106,-10.107745,0.0153075306931425,0.0746014923466451
345,CCn1cc(C(=O)N2CC[C@@]3(COC)CN(c4ccc(C#N)c(C(F)(F)F)c4)C[C@H]3C2)cn1,0,0.682432030285381,0.003482272156345,4.921034,0.0286241945750066,0.05751639505065668
346,CCn1nccc1C(=O)N1CC[C@@]2(COC)CN(c3ccc(C#N)c(C(F)(F)F)c3)C[C@H]2C1,0,0.682432030285381,0.0017600057508731,5.4182334,0.0323868357442386,0.05809021508842862
347,COC[C@@]12CCN(C(=O)Cc3cccc(C)c3)C[C@@H]1CN(c1ccc(C#N)c(C(F)(F)F)c1)C2,0,0.647603544214015,0.0074486700451151,-1.7228718,0.0238092000764041,0.06952438300601319
348,COC[C@@]12CCN(C(=O)Cn3cccn3)C[C@@H]1CN(c1ccc(C#N)c(C(F)(F)F)c1)C2,0,0.704870665994769,0.0018226613810095,2.0427594,0.0277820837319301,0.06622062555959317
349,COC[C@@]12CCN(C(=O)c3cn(C)nc3C)C[C@@H]1CN(c1ccc(C#N)c(C(F)(F)F)c1)C2,0,0.699103573497298,0.0024124344624713,2.6707234,0.0373695203497511,0.061309337925431764
350,COC[C@@]12CCN(C(=O)c3ccc(C)cc3)C[C@@H]1CN(c1ccc(C#N)c(C(F)(F)F)c1)C2,0,0.67852985239426,0.0040962319598788,-2.5366638,0.025885861934205,0.06719061271079357
351,COC[C@@]12CCN(C(=O)C(C)(C)C)C[C@@H]1CN(c1ccc(C#N)c(C(F)(F)F)c1)C2,0,0.739474871348803,0.0019565780295089,-12.806502,0.0074602400632956,0.09816978265169439
352,CCOC[C@@]12CCN(C(=O)c3ccc(C)s3)C[C@@H]1CN(c1ccc(C#N)c(C(F)(F)F)c1)C2,0,0.611460625202307,0.0103232785286338,0.9812435,0.0233821212473588,0.05076363421902706
353,CCOC[C@@]12CCN(C(=O)c3cnccn3)C[C@@H]1CN(c1ccc(C#N)c(C(F)(F)F)c1)C2,0,0.68203585968464,0.0036679646144623,-0.28310776,0.0404337502053021,0.08072076385865481
354,CCOC[C@@]12CCN(C(=O)c3cccc(OC)c3)C[C@@H]1CN(c1ccc(C#N)c(C(F)(F)F)c1)C2,0,0.596447706763055,0.0036771858071168,-1.4335798,0.0249638728896048,0.0681685793987847
355,CCOC[C@@]12CCN(C(=O)c3ccc(C)nc3)C[C@@H]1CN(c1ccc(C#N)c(C(F)(F)F)c1)C2,0,0.649674128718179,0.0041629973789062,-3.57331,0.0355987072895191,0.07576940384293288
356,CCOC[C@@]12CCN(C(=O)c3cnccc3C)C[C@@H]1CN(c1ccc(C#N)c(C(F)(F)F)c1)C2,0,0.649674128718179,0.0039530990307358,0.28200495,0.0314513861711019,0.07541078354780799
357,CCOC[C@@]12CCN(C(=O)c3ocnc3C)C[C@@H]1CN(c1ccc(C#N)c(C(F)(F)F)c1)C2,0,0.670885355529845,0.0029829158726461,-0.6303468,0.0304042846768371,0.06813588014852573
358,CCOC[C@@]12CCN(C(=O)COc3ccccc3)C[C@@H]1CN(c1ccc(C#N)c(C(F)(F)F)c1)C2,0,0.581244295544957,0.0056629841327856,-1.1174976,0.0126951247745948,0.06981087137774995
359,CCOC[C@@]12CCN(C(=O)c3ccco3)C[C@@H]1CN(c1ccc(C#N)c(C(F)(F)F)c1)C2,0,0.688084143981757,0.0067111891311143,-5.094451,0.0260732613873246,0.05322371378851857
360,CCOC[C@@]12CCN(S(C)(=O)=O)C[C@@H]1CN(c1ccc(C#N)c(C(F)(F)F)c1)C2,0,0.716854436515776,0.0018155513847067,-2.4907565,0.0133946616550905,0.11722279241471782
361,CCOC[C@@]12CCN(C(=O)C3(c4ccccc4)CC3)C[C@@H]1CN(c1ccc(C#N)c(C(F)(F)F)c1)C2,0,0.563780150196268,0.0274363974032774,0.019685388,0.0348475946537284,0.05900342855100675
362,CCOC[C@@]12CCN(C(=O)c3ccccc3)C[C@@H]1CN(c1ccc(C#N)c(C(F)(F)F)c1)C2,0,0.65957050071097,0.0046839596372794,-1.0539696,0.025194597785827,0.07236778040059064
363,CCOC[C@@]12CCN(C(=O)Cc3ccccc3)C[C@@H]1CN(c1ccc(C#N)c(C(F)(F)F)c1)C2,0,0.62219161366896,0.0046905530822502,0.6829854,0.0240516611158529,0.09110927461664327
364,CCOC[C@@]12CCN(C(=O)c3ccnn3C)C[C@@H]1CN(c1ccc(C#N)c(C(F)(F)F)c1)C2,0,0.683158155958616,0.0034324499530372,1.7136964,0.0387059664246642,0.06195557171923951
365,CCOC[C@@]12CCN(C(=O)c3cc(C)nn3C)C[C@@H]1CN(c1ccc(C#N)c(C(F)(F)F)c1)C2,0,0.660506182512023,0.0037902888408398,1.2350725,0.0402319963872839,0.0674935431200632
366,CCOC[C@@]12CCN(C(=O)c3cnn(C)c3)C[C@@H]1CN(c1ccc(C#N)c(C(F)(F)F)c1)C2,0,0.683158155958616,0.0025653116059371,-0.38050687,0.034323576229246,0.06294314737332221
367,N#Cc1ccc(N2CCN(C(=O)C3CCCCC3)CC2C(N)=O)cc1C(F)(F)F,0,0.832629030438612,0.0036450976669997,5.7130003,0.0090061123636008,0.12337081920431237
368,N#Cc1ccc(N2CCN(S(=O)(=O)c3ccc(Cl)cc3)CC2C(N)=O)cc1C(F)(F)F,0,0.735572022267415,0.0066044965431301,3.4874015,0.015778121642634,0.13950774897229795
369,N#Cc1ccc(N2CCN(C(=O)c3ccoc3)CC2C(N)=O)cc1C(F)(F)F,0,0.860419607498269,0.0026999584941048,1.0899881,0.0322387228977924,0.14007367506232563
370,CCc1ccc(C(=O)N2CCN(c3ccc(C#N)c(C(F)(F)F)c3)C(C(N)=O)C2)cc1,0,0.807640621975741,0.0022933960889131,-0.6302123,0.0300550526873219,0.11187928596663048
371,CCCS(=O)(=O)N1CCN(c2ccc(C#N)c(C(F)(F)F)c2)C(C(N)=O)C1,0,0.795831109582107,0.0023196269627334,5.934655,0.0260545248404392,0.12930124353072697
372,Cc1ccc(C(=O)N2CCN(c3ccc(C#N)c(C(F)(F)F)c3)C(C(N)=O)C2)cc1C,0,0.810653529920864,0.010186010668436,0.40944242,0.0264153858568766,0.11158423564811856
373,Cc1cccc(C(=O)N2CCN(c3ccc(C#N)c(C(F)(F)F)c3)C(C(N)=O)C2)c1,0,0.833136296816955,0.0081017439786169,-3.017485,0.0148522521834391,0.10405640406029212
374,Cc1ccc(CC(=O)N2CCN(c3ccc(C#N)c(C(F)(F)F)c3)C(C(N)=O)C2)cc1,0,0.807561901567752,0.0059035141605682,-0.40502846,0.0190614255880778,0.13471064474720953
375,CCC(CC)C(=O)N1CCN(c2ccc(C#N)c(C(F)(F)F)c2)C(C(N)=O)C1,0,0.828087930887749,0.0028310959843595,1.7612437,0.0270097452250583,0.14120961506256166
376,CC(C)CC(=O)N1CCN(c2ccc(C#N)c(C(F)(F)F)c2)C(C(N)=O)C1,0,0.863737948429669,0.00303408632199,-9.763903,0.0223692220306687,0.1574396084321516
377,N#Cc1ccc(N2CCN(C(=O)C3CCC3)CC2C(N)=O)cc1C(F)(F)F,0,0.866957322416851,0.002345329416024,-1.0533788,0.0224040646320815,0.11047394273459052
378,Cc1cc(C)cc(C(=O)N2CCN(c3ccc(C#N)c(C(F)(F)F)c3)C(C(N)=O)C2)c1,0,0.810653529920864,0.0169836288361911,1.3926543,0.0191129248949792,0.09742637462532454
379,N#Cc1ccc(N2CCN(C(=O)Cc3ccc(F)cc3)CC2C(N)=O)cc1C(F)(F)F,0,0.748983191361565,0.0404015768145233,-0.9148389,0.0290790240605417,0.17047014816680073
380,COc1ccc(CCC(=O)N2CCN(c3ccc(C#N)c(C(F)(F)F)c3)C(C(N)=O)C2)cc1,0,0.714749691748659,0.0095876264998554,0.19843805,0.0172748604403205,0.09860167571980887
381,N#Cc1ccc(N2CCN(S(=O)(=O)c3ccccc3F)CC2C(N)=O)cc1C(F)(F)F,0,0.709268330414909,0.003249688199284,-0.5312525,0.0215866945531069,0.14548744913149886
382,COCCC(=O)N1CCN(c2ccc(C#N)c(C(F)(F)F)c2)C(C(N)=O)C1,0,0.820060222700561,0.0015120039871617,-0.73596084,0.045906530719364,0.1574160891350404
383,CCOCC(=O)N1CCN(c2ccc(C#N)c(C(F)(F)F)c2)C(C(N)=O)C1,0,0.820060222700561,0.0014235773831134,-0.9586532,0.0519472108555355,0.13559168171161598
384,N#Cc1ccc(N2CCN(S(=O)(=O)c3ccc(Cl)s3)CC2C(N)=O)cc1C(F)(F)F,0,0.726524432352757,0.0050606527956269,6.573486,0.0100089110852648,0.10157000835028869
385,N#Cc1ccc(N2CCN(S(=O)(=O)c3cccc(Cl)c3)CC2C(N)=O)cc1C(F)(F)F,0,0.735572022267415,0.0023330246005393,2.2961721,0.0126522834856457,0.13355600850777344
386,Cn1cnc(S(=O)(=O)N2CCN(c3ccc(C#N)c(C(F)(F)F)c3)C(C(N)=O)C2)c1,0,0.742229093295455,0.0058897298024025,6.631971,0.0227766533154979,0.09184041479418151
387,N#Cc1ccc(N2CCN(S(=O)(=O)c3cccnc3)CC2C(N)=O)cc1C(F)(F)F,0,0.767624058607875,0.0140958456735203,-2.6622858,0.0167295166795148,0.13196754826523235
388,Cc1cc(Cl)ccc1S(=O)(=O)N1CCN(c2ccc(C#N)c(C(F)(F)F)c2)C(C(N)=O)C1,0,0.714632050726651,0.0063025381942749,-0.38995755,0.0155994227511524,0.11651778419648692
389,Cc1cc(S(=O)(=O)N2CCN(c3ccc(C#N)c(C(F)(F)F)c3)C(C(N)=O)C2)ccc1Cl,0,0.714632050726651,0.0039573406309264,1.3423675,0.0131911388236536,0.12126609225253442
390,N#Cc1ccc(N2CCN(C(=O)C3CCCC3)CC2C(N)=O)cc1C(F)(F)F,0,0.851599637223693,0.0034877180978331,4.7535996,0.0104202164781416,0.10701887629317863
391,N#Cc1ccc(N2CCN(S(=O)(=O)c3cc(F)cc(F)c3)CC2C(N)=O)cc1C(F)(F)F,0,0.684249173972126,0.0038388518400983,-0.84243125,0.0245841886131073,0.1534816487458369
392,N#Cc1ccc(N2CCN(C(=O)CC3CCCCC3)CC2C(N)=O)cc1C(F)(F)F,0,0.807579923437374,0.0023855443355795,1.2249032,0.0063659870826939,0.10749464132965594
393,CN(C)S(=O)(=O)N1CCN(c2ccc(C#N)c(C(F)(F)F)c2)C(C(N)=O)C1,0,0.777678699376761,0.0044129535182163,7.1272025,0.0373971419201204,0.10977764328336466
394,N#Cc1ccc(N2CCN(C(=O)CCc3ccccc3)CC2C(N)=O)cc1C(F)(F)F,0,0.789885046512044,0.0034225093470844,-2.1242225,0.0158022026287103,0.14279652671486293
395,CCCNC(=O)N1CCN(c2ccc(C#N)c(C(F)(F)F)c2)C(C(N)=O)C1,0,0.825600977231662,0.0096196669681318,-2.1108832,0.0191492363900308,0.13424117399968227
396,CC(C)c1ccc(S(=O)(=O)N2CCN(c3ccc(C#N)c(C(F)(F)F)c3)C(C(N)=O)C2)cc1,0,0.707860448580056,0.006799149889541,1.7972795,0.0149079225005466,0.1247685387848066
397,CCc1ccc(NC(=O)N2CCN(c3ccc(C#N)c(C(F)(F)F)c3)C(C(N)=O)C2)cc1,0,0.753483116166792,0.006110168669636,0.3721608,0.0202761929271312,0.11781461921538297
398,Cc1ccc(NC(=O)N2CCN(c3ccc(C#N)c(C(F)(F)F)c3)C(C(N)=O)C2)cc1C,0,0.75593156102151,0.0191889329154435,-1.4901432,0.032886146742971,0.11231583968231125
399,Cc1ccc(C)c(NC(=O)N2CCN(c3ccc(C#N)c(C(F)(F)F)c3)C(C(N)=O)C2)c1,0,0.75593156102151,0.0307176916988977,2.8414826,0.0296563059012314,0.11109617562677991
400,CC(C)Cc1ccc(S(=O)(=O)N2CCN(c3ccc(C#N)c(C(F)(F)F)c3)C(C(N)=O)C2)cc1,0,0.664000390622245,0.0050886757615436,2.512344,0.0175372916782984,0.11176716369054274
401,Cc1ccccc1NC(=O)N1CCN(c2ccc(C#N)c(C(F)(F)F)c2)C(C(N)=O)C1,0,0.779634760999846,0.0124872355284619,2.0636153,0.0241969754319603,0.10127331025174721
402,CCc1ccccc1NC(=O)N1CCN(c2ccc(C#N)c(C(F)(F)F)c2)C(C(N)=O)C1,0,0.753483116166792,0.0060325514338055,-0.61035633,0.0231277563442957,0.10274101437893932
403,CCc1ccc(S(=O)(=O)N2CCN(c3ccc(C#N)c(C(F)(F)F)c3)C(C(N)=O)C2)cc1,0,0.728694712622053,0.0026663692258181,2.872912,0.0131385256513604,0.12839741335187552
404,Cc1noc(C)c1S(=O)(=O)N1CCN(c2ccc(C#N)c(C(F)(F)F)c2)C(C(N)=O)C1,0,0.736205269725143,0.0178651014319467,-0.64218754,0.182724176084869,0.12385868346961981
405,CCOc1ccc(S(=O)(=O)N2CCN(c3ccc(C#N)c(C(F)(F)F)c3)C(C(N)=O)C2)cc1,0,0.675662413898187,0.0086051763999863,1.588976,0.0195382006232997,0.13199317507609326
406,CCCc1ccc(S(=O)(=O)N2CCN(c3ccc(C#N)c(C(F)(F)F)c3)C(C(N)=O)C2)cc1,0,0.68422333370332,0.0054873004666179,1.6444234,0.0155380789594273,0.1266956312469121
407,Cc1ccc(S(=O)(=O)N2CCN(c3ccc(C#N)c(C(F)(F)F)c3)C(C(N)=O)C2)cc1Cl,0,0.714632050726651,0.0059182713661186,2.3505688,0.0158905911609218,0.12670811720338307
408,CCn1cc(S(=O)(=O)N2CCN(c3ccc(C#N)c(C(F)(F)F)c3)C(C(N)=O)C2)cn1,0,0.719800452128432,0.003934252448501,0.6843604,0.0314212694300773,0.12321342896080038
409,CNC(=O)C1CN(C(=O)c2ccc(O)nc2)CCN1c1ccc(C#N)c(C(F)(F)F)c1,0,0.76354977518207,0.0138722042947434,1.8686754,0.0335462865485891,0.12793630920309512
410,CNC(=O)C1CN(S(=O)(=O)c2ccc(Cl)cc2)CCN1c1ccc(C#N)c(C(F)(F)F)c1,0,0.716984983353293,0.0054431899333918,0.7292937,0.009930042984138,0.10721602095003195
411,CCOc1ccccc1C(=O)N1CCN(c2ccc(C#N)c(C(F)(F)F)c2)C(C(=O)NC)C1,0,0.741520770889025,0.0042331054570167,9.635804,0.0146805726672581,0.0915524732038194
412,CNC(=O)C1CN(C(=O)c2ccoc2)CCN1c1ccc(C#N)c(C(F)(F)F)c1,0,0.844648596922716,0.0090299565705091,3.7970243,0.0169347341068358,0.09265035894974136
413,CCc1ccc(C(=O)N2CCN(c3ccc(C#N)c(C(F)(F)F)c3)C(C(=O)NC)C2)cc1,0,0.785891504010027,0.0036375729377738,3.44414,0.0112388493530458,0.10330042721499928
414,CNC(=O)C1CN(C(=O)C2(C)CC2)CCN1c1ccc(C#N)c(C(F)(F)F)c1,0,0.852379555566464,0.0021295842931413,-9.166516,0.0075427917329061,0.06939897625895879
415,CNC(=O)C1CN(C(=O)c2ccc(OC)nc2OC)CCN1c1ccc(C#N)c(C(F)(F)F)c1,0,0.702540337311362,0.0045076279074328,0.21399605,0.067381454909065,0.10157075381605293
416,CNC(=O)C1CN(C(=O)COCCOC)CCN1c1ccc(C#N)c(C(F)(F)F)c1,0,0.651620464847183,0.0045728905388075,2.356059,0.0195853678873096,0.12136752212859628
417,CCS(=O)(=O)N1CCN(c2ccc(C#N)c(C(F)(F)F)c2)C(C(=O)NC)C1,0,0.813078282447538,0.0034315403577917,7.849775,0.0130582506116531,0.1039458161166336
418,CNC(=O)C1CN(C(=O)c2cc(C)on2)CCN1c1ccc(C#N)c(C(F)(F)F)c1,0,0.812896790558329,0.0228704476879047,5.469408,0.0313742266347937,0.09795163540112117
419,CNC(=O)C1CN(C(=O)c2ccc(C)c(C)c2)CCN1c1ccc(C#N)c(C(F)(F)F)c1,0,0.788588584708417,0.0109338397596153,4.6302495,0.0168791500340708,0.09757634754382102
420,CNC(=O)C1CN(C(=O)c2ccc(C)nc2O)CCN1c1ccc(C#N)c(C(F)(F)F)c1,0,0.745678121659528,0.0150588827259959,2.6428337,0.0793704533773074,0.12612249410987197
421,CNC(=O)C1CN(C(=O)Cc2cccc(OC)c2)CCN1c1ccc(C#N)c(C(F)(F)F)c1,0,0.741598259632986,0.003059070042635,0.77754915,0.0294458717844729,0.10367854280237862
422,CNC(=O)C1CN(C(=O)Cc2ccc(OC)cc2)CCN1c1ccc(C#N)c(C(F)(F)F)c1,0,0.741598259632986,0.0253346405178887,3.5774941,0.0255736083113272,0.10075563173646256
423,CNC(=O)C1CN(C(=O)c2cccs2)CCN1c1ccc(C#N)c(C(F)(F)F)c1,0,0.825410445218369,0.0040596687254729,3.9164896,0.0078997058452474,0.07939739511320665
424,CNC(=O)C1CN(C(=O)c2cccc(C)c2)CCN1c1ccc(C#N)c(C(F)(F)F)c1,0,0.81253010655091,0.0078934552369996,0.5368687,0.0078318353902991,0.0960902693307599
425,CNC(=O)C1CN(C(=O)Nc2cccc(Cl)c2)CCN1c1ccc(C#N)c(C(F)(F)F)c1,0,0.723146929560187,0.008284621182812,-1.4714695,0.0265311574861297,0.11288361968055564
426,CNC(=O)C1CN(C(=O)C2CCC2)CCN1c1ccc(C#N)c(C(F)(F)F)c1,0,0.852379555566464,0.0050439070430913,2.8338757,0.0073958094401123,0.07685851503505209
427,CNC(=O)C1CN(C(=O)c2sccc2C)CCN1c1ccc(C#N)c(C(F)(F)F)c1,0,0.8026848988558,0.0045311210231397,1.5102619,0.009268072920432,0.07556671406596341
428,CNC(=O)C1CN(C(=O)c2ccc(C)cc2C)CCN1c1ccc(C#N)c(C(F)(F)F)c1,0,0.788588584708417,0.0066736043051102,4.96195,0.0118911292039293,0.10058471604734968
429,CNC(=O)C1CN(C(=O)c2ccc(C)s2)CCN1c1ccc(C#N)c(C(F)(F)F)c1,0,0.8026848988558,0.0157944972859587,7.1438346,0.0089575076263687,0.07200180004387409
430,CNC(=O)C1CN(C(=O)c2ccc(F)c(Cl)c2)CCN1c1ccc(C#N)c(C(F)(F)F)c1,0,0.700084980971499,0.007242224516345,-2.22606,0.0261994079558852,0.12124493538043964
431,CNC(=O)C1CN(C(=O)Cc2c[nH]c3ccccc23)CCN1c1ccc(C#N)c(C(F)(F)F)c1,0,0.614518328750102,0.0128567091350167,6.2383733,0.0622726510452779,0.08636961047945665
432,CNC(=O)C1CN(C(=O)CCc2c[nH]c3ccccc23)CCN1c1ccc(C#N)c(C(F)(F)F)c1,0,0.581608557458697,0.014995028183552,7.8099895,0.046386019894298,0.08474818719334863
433,CNC(=O)C1CN(C(=O)c2ccc(Cl)cc2OC)CCN1c1ccc(C#N)c(C(F)(F)F)c1,0,0.7253434421611,0.0071103929046089,2.3494768,0.0329295873776729,0.09742992567014461
434,CNC(=O)C1CN(C(=O)Cc2ccc(F)cc2)CCN1c1ccc(C#N)c(C(F)(F)F)c1,0,0.730284615518952,0.0290450785682115,-0.68372,0.0246063095518707,0.12923182491551416
435,CNC(=O)C1CN(C(=O)CCc2ccc(OC)cc2)CCN1c1ccc(C#N)c(C(F)(F)F)c1,0,0.695975262897614,0.0052778676211793,3.6283288,0.0189690848541574,0.08424645654734679
436,CNC(=O)C1CN(S(=O)(=O)c2ccccc2F)CCN1c1ccc(C#N)c(C(F)(F)F)c1,0,0.692866216470249,0.0018538950628657,-0.6553858,0.0161344647942523,0.11895532089977592
437,CNC(=O)C1CN(S(=O)(=O)c2ccc(Cl)s2)CCN1c1ccc(C#N)c(C(F)(F)F)c1,0,0.708031071034058,0.0076719840319683,3.817769,0.0085255752870461,0.08182240922889443
438,CNC(=O)C1CN(S(=O)(=O)c2ccc(F)cc2F)CCN1c1ccc(C#N)c(C(F)(F)F)c1,0,0.667994964241784,0.0053903288363133,2.069065,0.0249428062436728,0.12426423448419277
439,CNC(=O)C1CN(C(=O)c2ccc(C)nc2)CCN1c1ccc(C#N)c(C(F)(F)F)c1,0,0.806113112364077,0.0170846081791384,1.7245437,0.0154982812318848,0.10978371338867923
440,CNC(=O)C1CN(S(=O)(=O)c2cccc(Cl)c2)CCN1c1ccc(C#N)c(C(F)(F)F)c1,0,0.716984983353293,0.0021842552931921,-0.46022356,0.0092940853736098,0.1031437503860907
441,CNC(=O)C1CN(S(=O)(=O)c2cccc(F)c2)CCN1c1ccc(C#N)c(C(F)(F)F)c1,0,0.692866216470249,0.0032112905287945,-5.2998624,0.0132339639997185,0.1137663532759132
442,CNC(=O)C1CN(S(=O)(=O)c2cn(C)cn2)CCN1c1ccc(C#N)c(C(F)(F)F)c1,0,0.733092393180364,0.0024826774075672,8.379256,0.0193556856758878,0.086361760600933
443,CNC(=O)C1CN(S(=O)(=O)c2cccnc2)CCN1c1ccc(C#N)c(C(F)(F)F)c1,0,0.753894049138036,0.0067584106618145,-2.5145445,0.0091744571483028,0.09987732550354193
444,CNC(=O)C1CN(C(=O)c2ccc3cc[nH]c3c2)CCN1c1ccc(C#N)c(C(F)(F)F)c1,0,0.634895522246096,0.0833020416530832,7.8179774,0.0705917908625243,0.090511912003963
445,CNC(=O)C1CN(C(=O)c2ccsc2)CCN1c1ccc(C#N)c(C(F)(F)F)c1,0,0.825410445218369,0.0056765939331528,-3.950292,0.0091258539003869,0.07654509654854294
446,CNC(=O)C1CN(S(=O)(=O)c2ccc(C)c(F)c2)CCN1c1ccc(C#N)c(C(F)(F)F)c1,0,0.673966253556988,0.0080723439811587,0.06311464,0.0161741016828344,0.11433267695099203
447,CNC(=O)C1CN(C(=O)NCc2ccccc2)CCN1c1ccc(C#N)c(C(F)(F)F)c1,0,0.75769017081096,0.075676135280267,-0.24476779,0.0106830842498755,0.09729418228348649
448,CNC(=O)C1CN(C(=O)C2CC=CC2)CCN1c1ccc(C#N)c(C(F)(F)F)c1,0,0.781994667506855,0.0064607067755382,6.4134016,0.0067891444646413,0.07491573755027328
449,CNC(=O)C1CN(C(=O)c2cc[nH]n2)CCN1c1ccc(C#N)c(C(F)(F)F)c1,0,0.801352472561141,0.0128220459364592,0.17110002,0.0170045285275276,0.10119395720967442
450,CNC(=O)C1CN(C(=O)c2ccc(OC)nc2)CCN1c1ccc(C#N)c(C(F)(F)F)c1,0,0.770627468839214,0.0035323694361463,-0.7671735,0.0211598458288331,0.11065338694728535
451,CNC(=O)C1CN(C(=O)c2cnc(C)cn2)CCN1c1ccc(C#N)c(C(F)(F)F)c1,0,0.793071441895061,0.0384538806349629,3.5372353,0.0294397836426509,0.11293912365063588
452,CNC(=O)C1CN(C(=O)c2ccoc2C)CCN1c1ccc(C#N)c(C(F)(F)F)c1,0,0.824510180364213,0.0113800441009216,8.059124,0.0329383098701276,0.09605516564040179
453,CNC(=O)C1CN(C(=O)c2cn(C)cn2)CCN1c1ccc(C#N)c(C(F)(F)F)c1,0,0.810016673311505,0.0099311342486611,13.760612,0.0312682827494165,0.10251626255341643
454,CNC(=O)C1CN(C(=O)Nc2cccc(C)c2)CCN1c1ccc(C#N)c(C(F)(F)F)c1,0,0.758567656360561,0.0086272967354922,1.6865228,0.0182966975731184,0.10800836717950373
455,CNC(=O)C1CN(C(=O)c2ccc3ncccc3c2)CCN1c1ccc(C#N)c(C(F)(F)F)c1,0,0.639212652673232,0.0055999827402868,7.1465545,0.0819640332928447,0.09837966544335491
456,CNC(=O)C1CN(C(=O)NC(C)C)CCN1c1ccc(C#N)c(C(F)(F)F)c1,0,0.815924985710976,0.0664870651165216,5.300427,0.0201114612134447,0.1286572559673001
457,CNC(=O)C1CN(C(=O)Cc2ccncc2)CCN1c1ccc(C#N)c(C(F)(F)F)c1,0,0.799842415210274,0.108063460643632,2.0793815,0.0230725136640097,0.10950755130280188
458,CNC(=O)C1CN(C(=O)c2cc(OC)cc(OC)c2)CCN1c1ccc(C#N)c(C(F)(F)F)c1,0,0.713294952625357,0.0028422304297772,5.875149,0.059930913957583,0.10340522928006741
459,CNC(=O)C1CN(S(=O)(=O)N(C)C)CCN1c1ccc(C#N)c(C(F)(F)F)c1,0,0.77194758784886,0.0046427798575989,8.9706545,0.024224572063146,0.11493388390759658
460,CCN(CC)C(=O)N1CCN(c2ccc(C#N)c(C(F)(F)F)c2)C(C(=O)NC)C1,0,0.824531314254558,0.0102262765483316,5.926672,0.0103594078179626,0.10945166894442045
461,CNC(=O)C1CN(C(=O)c2cscn2)CCN1c1ccc(C#N)c(C(F)(F)F)c1,0,0.816977890091432,0.0031476825020056,-0.38328242,0.0146172609796848,0.083516568096591
462,CNC(=O)C1CN(C(=O)c2ccc(C)c(F)c2)CCN1c1ccc(C#N)c(C(F)(F)F)c1,0,0.732637406621355,0.0108269329024289,4.063886,0.0163976522541014,0.11345746017551042
463,CNC(=O)C1CN(C(=O)c2ccc3[nH]cnc3c2)CCN1c1ccc(C#N)c(C(F)(F)F)c1,0,0.630357342837001,0.0300547887325284,8.436793,0.0712682547471559,0.10617039411482954
464,CNC(=O)C1CN(C(=O)c2ccc(Cl)s2)CCN1c1ccc(C#N)c(C(F)(F)F)c1,0,0.767959781619389,0.0063668975747189,4.3909373,0.0111056699316403,0.07973537680354262
465,CNC(=O)C1CN(C(=O)c2ccccn2)CCN1c1ccc(C#N)c(C(F)(F)F)c1,0,0.825865875639312,0.0080604754960114,4.000959,0.0096055837657753,0.10438887182604191
466,CNC(=O)C1CN(C(=O)COc2ccccc2)CCN1c1ccc(C#N)c(C(F)(F)F)c1,0,0.762688134702384,0.0027425232250996,4.351675,0.0130485233805536,0.08674186201475778
467,CNC(=O)C1CN(C(=O)CC2CC2)CCN1c1ccc(C#N)c(C(F)(F)F)c1,0,0.849073433520525,0.0020694957177216,4.912171,0.0071696780742198,0.07195453308893136
468,CNC(=O)C1CN(C(=O)c2ncccc2C)CCN1c1ccc(C#N)c(C(F)(F)F)c1,0,0.806113112364077,0.0029706064889561,8.583451,0.011525729999021,0.11450415528014957
469,CNC(=O)C1CN(C(=O)c2cncc(C)c2)CCN1c1ccc(C#N)c(C(F)(F)F)c1,0,0.806113112364077,0.044220971383865,-1.982612,0.0154800309485877,0.09964372187676862
470,CNC(=O)C1CN(C(=O)c2cncn2C)CCN1c1ccc(C#N)c(C(F)(F)F)c1,0,0.810016673311505,0.0255597483211376,11.092678,0.0369413571415641,0.1010988373767134
471,CNC(=O)C1CN(C(=O)c2ccncn2)CCN1c1ccc(C#N)c(C(F)(F)F)c1,0,0.809557128753916,0.0085406824259983,6.5836616,0.0192631245534485,0.10139035053872578
472,CNC(=O)C1CN(C(=O)c2ncccn2)CCN1c1ccc(C#N)c(C(F)(F)F)c1,0,0.809557128753916,0.0031522972715457,-2.1285467,0.0160388781267258,0.10125146220395158
473,CNC(=O)C1CN(C(=O)c2ccco2)CCN1c1ccc(C#N)c(C(F)(F)F)c1,0,0.844648596922716,0.0023075244761615,-2.0151737,0.0143164978971456,0.0864811864411652
474,CNC(=O)C1CN(C(=O)c2ccncc2)CCN1c1ccc(C#N)c(C(F)(F)F)c1,0,0.825865875639312,0.0091412421557054,0.8277124,0.0129335994750954,0.09998791163964535
475,CNC(=O)C1CN(C(=O)CCc2ccccc2OC)CCN1c1ccc(C#N)c(C(F)(F)F)c1,0,0.695975262897614,0.0103276180027345,6.448549,0.0114896397029417,0.08370982431280982
476,CNC(=O)C1CN(C(=O)CCc2ccccc2)CCN1c1ccc(C#N)c(C(F)(F)F)c1,0,0.769520972554448,0.0080663950154818,1.0910076,0.0091771292618143,0.08880795032775188
477,CNC(=O)C1CN(C(=O)CCc2cccc(OC)c2)CCN1c1ccc(C#N)c(C(F)(F)F)c1,0,0.695975262897614,0.0069121464044578,3.7159696,0.0138553392010733,0.08504591003005464
478,CNC(=O)C1CN(C(=O)C2(c3ccc(OC)cc3)CC2)CCN1c1ccc(C#N)c(C(F)(F)F)c1,0,0.70232320762439,0.0077012355093488,4.1784463,0.0313731869336797,0.06581660723475978
479,CNC(=O)C1CN(C(=O)c2cccn2C)CCN1c1ccc(C#N)c(C(F)(F)F)c1,0,0.825274018803508,0.005402885805358,5.25785,0.02022437536809,0.10211273017919728
480,CNC(=O)C1CN(C(=O)COc2cccc(C)c2)CCN1c1ccc(C#N)c(C(F)(F)F)c1,0,0.741849190132556,0.0049429207779985,0.6145431,0.0135234398025025,0.08818471920743409
481,CCCNC(=O)N1CCN(c2ccc(C#N)c(C(F)(F)F)c2)C(C(=O)NC)C1,0,0.812779145694941,0.0193568839821136,0.49907315,0.0114407067703823,0.10508252852090472
482,CCOc1ccc(NC(=O)N2CCN(c3ccc(C#N)c(C(F)(F)F)c3)C(C(=O)NC)C2)cc1,0,0.690625982895418,0.0428868851998304,2.8322659,0.0253940642214168,0.10396348572465226
483,CNC(=O)C1CN(C(=O)Cn2nc(C)cc2C)CCN1c1ccc(C#N)c(C(F)(F)F)c1,0,0.770686147783468,0.0055826854846656,3.0179882,0.0907463919314564,0.10059970531894244
484,CNC(=O)C1CN(C(=O)CCc2c(C)noc2C)CCN1c1ccc(C#N)c(C(F)(F)F)c1,0,0.731414723633071,0.0041176866946503,7.420406,0.0310220507029655,0.09868668282825638
485,CNC(=O)C1CN(C(=O)CCn2nc(C)cc2C)CCN1c1ccc(C#N)c(C(F)(F)F)c1,0,0.735728406973984,0.0390783643126548,3.299706,0.0388529258978025,0.09412551740685461
486,CNC(=O)C1CN(C(=O)c2cccnc2)CCN1c1ccc(C#N)c(C(F)(F)F)c1,0,0.825865875639312,0.0180266604473104,-1.3488839,0.0097860688740442,0.1007180557138656
487,CNC(=O)C1CN(S(=O)(=O)c2ccc(C(C)C)cc2)CCN1c1ccc(C#N)c(C(F)(F)F)c1,0,0.688456864967016,0.0093206791615085,2.3468294,0.013296234899442,0.09330800865521881
488,CCc1ccc(NC(=O)N2CCN(c3ccc(C#N)c(C(F)(F)F)c3)C(C(=O)NC)C2)cc1,0,0.731347536627577,0.0055927113736541,1.7309335,0.0184906905351195,0.10317216938307967
489,CNC(=O)C1CN(C(=O)Nc2cccc(C)c2C)CCN1c1ccc(C#N)c(C(F)(F)F)c1,0,0.733391978218147,0.0140959339518842,6.466311,0.0238439599759148,0.10556890663513699
490,CNC(=O)C1CN(C(=O)Nc2cc(C)ccc2C)CCN1c1ccc(C#N)c(C(F)(F)F)c1,0,0.733391978218147,0.0208308812817788,5.8313246,0.02742210611759,0.10592790231275054
491,CNC(=O)C1CN(C(=O)Nc2ccc(C)cc2Cl)CCN1c1ccc(C#N)c(C(F)(F)F)c1,0,0.69597769129508,0.0162367743038529,3.0602994,0.0231217364163377,0.11005311872535357
492,CNC(=O)C1CN(C(=O)Nc2ccc(C)cc2)CCN1c1ccc(C#N)c(C(F)(F)F)c1,0,0.758567656360561,0.0073587820781987,0.06526458,0.0194142835792258,0.11278632181983073
493,CNC(=O)C1CN(C(=O)Nc2ccccc2C)CCN1c1ccc(C#N)c(C(F)(F)F)c1,0,0.758567656360561,0.0113529887925488,5.3647704,0.0170442766511861,0.10221727455383094
494,CNC(=O)C1CN(C(=O)Nc2cccc(OC)c2)CCN1c1ccc(C#N)c(C(F)(F)F)c1,0,0.729618612434249,0.0077005878660667,2.983118,0.0281252162856984,0.10317792386413036
495,CNC(=O)C1CN(C(=O)c2ccccc2Cl)CCN1c1ccc(C#N)c(C(F)(F)F)c1,0,0.778078874295118,0.0033396253394184,2.9202108,0.0121354686736068,0.1103353553617005
496,CCc1ccccc1NC(=O)N1CCN(c2ccc(C#N)c(C(F)(F)F)c2)C(C(=O)NC)C1,0,0.731347536627577,0.0088657671157834,1.5703195,0.012970317573146,0.09504231833304892
497,CNC(=O)C1CN(C(=O)NCCCOC)CCN1c1ccc(C#N)c(C(F)(F)F)c1,0,0.671904914716924,0.0360758948239825,0.9621657,0.0174298184060883,0.1037805778109769
498,CNC(=O)C1CN(C(=O)Cc2ccccc2)CCN1c1ccc(C#N)c(C(F)(F)F)c1,0,0.809185437311971,0.0115351407747872,0.17348313,0.0187848838547023,0.09759720900553007
499,CNC(=O)C1CN(C(=O)NC2CCCC2)CCN1c1ccc(C#N)c(C(F)(F)F)c1,0,0.781921331329161,0.0142956796546335,4.1416955,0.0059918564956835,0.0722039314343766
500,CNC(=O)C1CN(C(=O)c2cc(C)n(CCOC)c2C)CCN1c1ccc(C#N)c(C(F)(F)F)c1,0,0.671298866207969,0.0112751714152725,11.229217,0.0489642577374668,0.08495008459978294
501,CNC(=O)C1CN(C(=O)Cc2c(C)noc2C)CCN1c1ccc(C#N)c(C(F)(F)F)c1,0,0.76786534261336,0.0039592977029886,-1.598433,0.0510716626892826,0.09538144270221618
502,CNC(=O)C1CN(C(=O)Nc2cc(OC)cc(OC)c2)CCN1c1ccc(C#N)c(C(F)(F)F)c1,0,0.66604672928513,0.0149672733619794,10.137363,0.055243326087573,0.11161606605160397
503,CNC(=O)C1CN(C(=O)NCc2ccc(C)cc2)CCN1c1ccc(C#N)c(C(F)(F)F)c1,0,0.735883705041454,0.105771326969428,1.1154984,0.0131600159412813,0.09812185766824591
504,CNC(=O)C1CN(C(=O)Nc2ccc3c(c2)OCCO3)CCN1c1ccc(C#N)c(C(F)(F)F)c1,0,0.686969194546464,0.0293074306020652,0.120384336,0.0375359037045886,0.10381999368443137
505,CCc1ccc(S(=O)(=O)N2CCN(c3ccc(C#N)c(C(F)(F)F)c3)C(C(=O)NC)C2)cc1,0,0.710535932344281,0.002674704785657,2.5607271,0.0101845970134413,0.0963250483427198
506,CNC(=O)C1CN(C(=O)Nc2cccc(SC)c2)CCN1c1ccc(C#N)c(C(F)(F)F)c1,0,0.654951637730513,0.0153164821363361,2.7486134,0.0176953274200228,0.11185712437737035
507,CNC(=O)C1CN(C(=O)CCc2c(C)nn(C)c2C)CCN1c1ccc(C#N)c(C(F)(F)F)c1,0,0.715032158463616,0.0045158245910306,3.0630155,0.0799546205606401,0.11992831945368951
508,CNC(=O)C1CN(C(=O)NCCC(C)C)CCN1c1ccc(C#N)c(C(F)(F)F)c1,0,0.75909079926904,0.145446354404725,-5.0218143,0.0098239815941188,0.0898218563718811
509,CNC(=O)C1CN(S(=O)(=O)c2c(C)noc2C)CCN1c1ccc(C#N)c(C(F)(F)F)c1,0,0.722223805925897,0.0043640654852006,1.4475127,0.0555197341676153,0.10263773187580398
510,CCOc1ccc(S(=O)(=O)N2CCN(c3ccc(C#N)c(C(F)(F)F)c3)C(C(=O)NC)C2)cc1,0,0.659752172089946,0.003726512319498,1.8991791,0.0153304432212079,0.10812603109032311
511,CNC(=O)C1CN(C(=O)NCCOC)CCN1c1ccc(C#N)c(C(F)(F)F)c1,0,0.706662875707055,0.0469748063628758,-4.59251,0.023781091289131,0.1243036872300386
512,CNC(=O)C1CN(C(=O)c2ccnn2C)CCN1c1ccc(C#N)c(C(F)(F)F)c1,0,0.810016673311505,0.0090188287446181,5.401012,0.0293791380389506,0.10789458605442351
513,CCn1cc(C(=O)N2CCN(c3ccc(C#N)c(C(F)(F)F)c3)C(C(=O)NC)C2)cn1,0,0.793077635311711,0.0039375006958026,8.497027,0.0190935829234386,0.09679370605643803
514,CNC(=O)C1CN(S(=O)(=O)c2cccc(C)c2)CCN1c1ccc(C#N)c(C(F)(F)F)c1,0,0.747579478250084,0.0050811443730963,-0.56730855,0.0086291786981746,0.09145416977722662
515,CCn1nccc1C(=O)N1CCN(c2ccc(C#N)c(C(F)(F)F)c2)C(C(=O)NC)C1,0,0.793077635311711,0.0050270831532098,8.87585,0.0240864177766913,0.0945856951688275
516,CCn1ccc(C(=O)N2CCN(c3ccc(C#N)c(C(F)(F)F)c3)C(C(=O)NC)C2)n1,0,0.793077635311711,0.0030116174118801,5.9576626,0.0209541571639517,0.09622015524711366
517,CCc1ccccc1S(=O)(=O)N1CCN(c2ccc(C#N)c(C(F)(F)F)c2)C(C(=O)NC)C1,0,0.710535932344281,0.0029802367800197,-1.627434,0.0101066203596924,0.0879719298254775
518,CCCc1ccc(S(=O)(=O)N2CCN(c3ccc(C#N)c(C(F)(F)F)c3)C(C(=O)NC)C2)cc1,0,0.666089082484074,0.0048704099940905,0.44841182,0.0092824252701952,0.09202726807318824
519,CNC(=O)C1CN(C(=O)Nc2c(C)cccc2C)CCN1c1ccc(C#N)c(C(F)(F)F)c1,0,0.733391978218147,0.030405009213259,7.066671,0.026173738237259,0.10151055745566877
520,CNC(=O)C1CN(S(=O)(=O)c2ccc3c(c2)CCC3)CCN1c1ccc(C#N)c(C(F)(F)F)c1,0,0.708608720342588,0.002789608673283,2.7772517,0.0278872859318154,0.09212609885338613
521,CCc1cccc(NC(=O)N2CCN(c3ccc(C#N)c(C(F)(F)F)c3)C(C(=O)NC)C2)c1,0,0.731347536627577,0.005496253952064,3.4284883,0.0159585706261043,0.09991757327888653
522,CNC(=O)C1CN(C(=O)Nc2ccc(F)c(Cl)c2)CCN1c1ccc(C#N)c(C(F)(F)F)c1,0,0.649297723407914,0.0226986775455268,-2.240802,0.031591670531204,0.1276011773498029
523,CNC(=O)C1CN(C(=O)Nc2ccc(OC)cc2C)CCN1c1ccc(C#N)c(C(F)(F)F)c1,0,0.706941490764677,0.0080306868513456,1.2912549,0.0352073806023318,0.09793641397895815
524,CNC(=O)C1CN(C(=O)Nc2cccc(Cl)c2F)CCN1c1ccc(C#N)c(C(F)(F)F)c1,0,0.649297723407914,0.0708698073150895,-1.3688357,0.0268978681117474,0.13175542093647713
525,CNC(=O)C1CN(C(=O)Nc2ccc(OC)c(F)c2)CCN1c1ccc(C#N)c(C(F)(F)F)c1,0,0.656913561467807,0.0244271019296562,-0.2720542,0.0372941556316099,0.11669376157269391
526,CNC(=O)C1CN(C(=O)Nc2cc(F)cc(F)c2)CCN1c1ccc(C#N)c(C(F)(F)F)c1,0,0.678393602767625,0.0190224846735558,-0.3995571,0.0500071044899231,0.1705668180837497
527,CNC(=O)C1CN(C(=O)c2nccn2C)CCN1c1ccc(C#N)c(C(F)(F)F)c1,0,0.810016673311505,0.0134785316768297,5.2300506,0.0411884071219744,0.09784659275335758
528,CCn1cc(S(=O)(=O)N2CCN(c3ccc(C#N)c(C(F)(F)F)c3)C(C(=O)NC)C2)cn1,0,0.707685504901906,0.0031750536800752,3.3791928,0.0194252543990198,0.09281349205330788
529,CNC(=O)C1CN(C(=O)c2ccn(C)n2)CCN1c1ccc(C#N)c(C(F)(F)F)c1,0,0.810016673311505,0.0059089526742401,1.370247,0.0277795915526201,0.10320157709688196
530,CNC(=O)C1CN(C(=O)CCn2cccn2)CCN1c1ccc(C#N)c(C(F)(F)F)c1,0,0.772123254129999,0.0048732785287236,8.269699,0.0215223747670307,0.09869860486258139
531,CNC(=O)C1CN(C(=O)CCn2cc(C)cn2)CCN1c1ccc(C#N)c(C(F)(F)F)c1,0,0.754615072374357,0.032497443239401,7.505385,0.022325508952312,0.09706161609221681
532,CNC(=O)C1CN(C(=O)Cn2ccc(C)n2)CCN1c1ccc(C#N)c(C(F)(F)F)c1,0,0.788132975728024,0.004740958237858,-2.5986495,0.0419004095164525,0.10717149293876922
533,CNC(=O)C1CN(C(=O)CCc2c(C)n[nH]c2C)CCN1c1ccc(C#N)c(C(F)(F)F)c1,0,0.709693021069263,0.0355377940259328,6.313539,0.0335823440172322,0.11274256022730308
534,CNC(=O)C1CN(C(=O)Cn2cccn2)CCN1c1ccc(C#N)c(C(F)(F)F)c1,0,0.803323628401173,0.0017917387129504,6.604652,0.0385772644189243,0.10818138095644589
535,CNC(=O)C1CN(C(=O)Cn2ccnc2C)CCN1c1ccc(C#N)c(C(F)(F)F)c1,0,0.788132975728024,0.0284012635408079,3.866284,0.0465074502217673,0.09955844173175517
536,CNC(=O)C1CN(C(=O)c2cc(C3CC3)[nH]n2)CCN1c1ccc(C#N)c(C(F)(F)F)c1,0,0.749743068598024,0.0537336925917882,10.948129,0.0161942409192956,0.07530509292582312
537,CNC(=O)C1CN(C(=O)c2noc(C)c2COC)CCN1c1ccc(C#N)c(C(F)(F)F)c1,0,0.719828026621933,0.0024648437032003,4.841532,0.0484276157531117,0.09170864937488747
538,CNC(=O)C1CN(C(=O)CCn2ccnc2)CCN1c1ccc(C#N)c(C(F)(F)F)c1,0,0.772123254129999,0.0251984132931108,7.5131364,0.0198852268231426,0.0870530923972291
539,COCCNC(=O)C1CN(S(=O)(=O)c2ccccc2)CCN1c1ccc(C#N)c(C(F)(F)F)c1,0,0.590109684022403,0.0034553776755883,-0.10367334,0.0104654891144128,0.09720646696338513
540,COCCNC(=O)C1CN(C(=O)c2ccoc2)CCN1c1ccc(C#N)c(C(F)(F)F)c1,0,0.678340118259578,0.0048805287987348,-3.2551613,0.0100878568101533,0.10384660102596695
541,CCc1ccc(C(=O)N2CCN(c3ccc(C#N)c(C(F)(F)F)c3)C(C(=O)NCCOC)C2)cc1,0,0.605247903384875,0.0053491470716026,-4.2700696,0.0127005246602484,0.09012476333315686
542,COCCNC(=O)C1CN(C(=O)COC)CCN1c1ccc(C#N)c(C(F)(F)F)c1,0,0.651620464847183,0.0094167977940456,-3.863627,0.0259145318544176,0.11363761415925566
543,CCCS(=O)(=O)N1CCN(c2ccc(C#N)c(C(F)(F)F)c2)C(C(=O)NCCOC)C1,0,0.588680536950452,0.0033355599134211,2.8594775,0.0120154850087632,0.0975188752303344
544,CCS(=O)(=O)N1CCN(c2ccc(C#N)c(C(F)(F)F)c2)C(C(=O)NCCOC)C1,0,0.628778614587354,0.0035443921586422,2.7368894,0.0220948744268769,0.1027400063224535
545,COCCNC(=O)C1CN(C(=O)NC2CCCCC2)CCN1c1ccc(C#N)c(C(F)(F)F)c1,0,0.60933927002269,0.0273080230583804,-2.169786,0.0119675684907942,0.09705857329834526
546,COCCNC(=O)C1CN(C(=O)c2ccccc2F)CCN1c1ccc(C#N)c(C(F)(F)F)c1,0,0.509989901503461,0.0045032610906396,-1.1083269,0.028209815813094,0.11015161715192898
547,COCCNC(=O)C1CN(C(=O)Nc2ccccc2)CCN1c1ccc(C#N)c(C(F)(F)F)c1,0,0.626276975347049,0.0112515472664534,-3.8382869,0.0138470511855065,0.1023300095388708
548,COCCNC(=O)C1CN(C(=O)c2cccs2)CCN1c1ccc(C#N)c(C(F)(F)F)c1,0,0.662119222889053,0.0023920948432106,-4.1775904,0.0077191697413747,0.08685744495823144
549,COCCNC(=O)C1CN(C(=O)c2cccc(C)c2)CCN1c1ccc(C#N)c(C(F)(F)F)c1,0,0.65106220481914,0.010631874547574,-6.482933,0.0093892128594886,0.08601549048367954
550,COCCNC(=O)C1CN(C(=O)c2ccc(OC)cc2)CCN1c1ccc(C#N)c(C(F)(F)F)c1,0,0.600144948397151,0.0062419324388351,-4.853601,0.0216034068070798,0.10404593291531246
551,COCCNC(=O)C1CN(C(=O)c2ccccc2OC)CCN1c1ccc(C#N)c(C(F)(F)F)c1,0,0.600144948397151,0.0053952620983707,1.5672973,0.018166393567738,0.09688990583724968
552,COCCNC(=O)C1CN(C(=O)C2CC2)CCN1c1ccc(C#N)c(C(F)(F)F)c1,0,0.703877712236497,0.0187419543231825,-5.5953603,0.0076550500101517,0.07211997088043808
553,COCCNC(=O)C1CN(C(=O)C2CCC2)CCN1c1ccc(C#N)c(C(F)(F)F)c1,0,0.688367808953333,0.0140566804313834,-2.5765653,0.005166851081982,0.07078401421828727
554,COCCNC(=O)C1CN(C(=O)c2sccc2C)CCN1c1ccc(C#N)c(C(F)(F)F)c1,0,0.642798078984364,0.0051333477818369,-6.5566816,0.0091242620544706,0.07485123020075266
555,COCCNC(=O)C1CN(C(=O)Cc2cccc(F)c2)CCN1c1ccc(C#N)c(C(F)(F)F)c1,0,0.474762023103827,0.0392583127451133,-9.270201,0.0161868301694447,0.11465684625633676
556,COCCNC(=O)C1CN(C(=O)c2cc(F)cc(F)c2)CCN1c1ccc(C#N)c(C(F)(F)F)c1,0,0.491234999507102,0.0161010075652821,-5.7183805,0.0353439207419611,0.13040478298066854
557,COCCNC(=O)C1CN(C(=O)Nc2ccccc2F)CCN1c1ccc(C#N)c(C(F)(F)F)c1,0,0.475990044190607,0.0137033960139412,-5.1463876,0.0222618340867979,0.1107782378785637
558,COCCNC(=O)C1CN(C(=O)c2ccc(F)cc2F)CCN1c1ccc(C#N)c(C(F)(F)F)c1,0,0.491234999507102,0.0405091876668517,0.85450995,0.0427819049152712,0.126910594789341
559,COCCNC(=O)C1CN(C(=O)c2cnccn2)CCN1c1ccc(C#N)c(C(F)(F)F)c1,0,0.647271553282522,0.0246992263729802,-3.0180235,0.0250043268681507,0.0985690323056366
560,COCCNC(=O)C1CN(C(=O)Cc2ccc(F)cc2)CCN1c1ccc(C#N)c(C(F)(F)F)c1,0,0.474762023103827,0.0534927721889323,-5.753122,0.0182746603783378,0.11233636817357733
561,CCOCC(=O)N1CCN(c2ccc(C#N)c(C(F)(F)F)c2)C(C(=O)NCCOC)C1,0,0.611866108383582,0.0047388675956049,-2.5637112,0.0256854464118105,0.10121700988017088
562,CCNC(=O)N1CCN(c2ccc(C#N)c(C(F)(F)F)c2)C(C(=O)NCCOC)C1,0,0.671904914716924,0.0131845379312764,-0.8365556,0.0218188785905565,0.10907431079592897
563,COCCNC(=O)C1CN(C(=O)c2ccc(C)nc2)CCN1c1ccc(C#N)c(C(F)(F)F)c1,0,0.644584622725258,0.0063319830846587,-5.8493657,0.0140517913163413,0.10060092588359108
564,COCCNC(=O)C1CN(S(=O)(=O)c2cccnc2)CCN1c1ccc(C#N)c(C(F)(F)F)c1,0,0.578178660311119,0.0056624843689069,-5.2250543,0.0146805024127936,0.09357185082691498
565,COCCNC(=O)C1CN(C(=O)c2ccsc2)CCN1c1ccc(C#N)c(C(F)(F)F)c1,0,0.662119222889053,0.005248981477232,-11.426508,0.007999010058755,0.08209880751661927
566,COCCNC(=O)C1CN(C(=O)C2CCCC2)CCN1c1ccc(C#N)c(C(F)(F)F)c1,0,0.67088781355528,0.014479060775611,3.0078173,0.0042290120293744,0.07115186738340719
567,COCCNC(=O)C1CN(C(=O)NCc2ccccc2)CCN1c1ccc(C#N)c(C(F)(F)F)c1,0,0.583312377596817,0.0765252352338186,-6.003152,0.0123640178309474,0.10136934193279094
568,COCCNC(=O)C1CN(C(=O)c2ccc(OC)nc2)CCN1c1ccc(C#N)c(C(F)(F)F)c1,0,0.591150223455306,0.007912837107922,-7.738705,0.0277295071832367,0.11478956127975766
569,COCCNC(=O)C1CN(C(=O)Nc2cccc(C)c2)CCN1c1ccc(C#N)c(C(F)(F)F)c1,0,0.60678867658543,0.02189279161976,-4.9920974,0.0146603612338396,0.09567697307948202
570,COCCNC(=O)C1CN(C(=O)NC(C)C)CCN1c1ccc(C#N)c(C(F)(F)F)c1,0,0.658027340635745,0.0465448208471644,0.77879035,0.0192706769515125,0.13023633926946973
571,COCCNC(=O)C1CN(S(=O)(=O)N(C)C)CCN1c1ccc(C#N)c(C(F)(F)F)c1,0,0.595180481770996,0.015593936590417,4.0631633,0.0336697047498043,0.1208410180697608
572,COCCNC(=O)C1CN(C(=O)c2ccc(C)c(F)c2)CCN1c1ccc(C#N)c(C(F)(F)F)c1,0,0.494936445767732,0.0104800874189515,-3.1695375,0.0218754380830643,0.11364216282469716
573,COCCNC(=O)C1CN(C(=O)c2ccco2)CCN1c1ccc(C#N)c(C(F)(F)F)c1,0,0.678340118259578,0.0149827335852063,-5.8945985,0.0126459953915625,0.08585689841482004
574,COCCNC(=O)C1CN(S(C)(=O)=O)CCN1c1ccc(C#N)c(C(F)(F)F)c1,0,0.66450298635452,0.0032693954778853,-1.9338044,0.0295596205207035,0.10631320389130297
575,COCCNC(=O)C1CN(C(=O)C(C)C)CCN1c1ccc(C#N)c(C(F)(F)F)c1,0,0.703779044436459,0.0190714797628376,-1.9113555,0.0109438177177543,0.10845366460397743
576,COCCNC(=O)C1CN(C(=O)CCc2ccccc2)CCN1c1ccc(C#N)c(C(F)(F)F)c1,0,0.57782722865897,0.0458889810282374,-6.331618,0.0079985994682211,0.09159535705255703
577,COCCNC(=O)C1CN(C(=O)c2cccn2C)CCN1c1ccc(C#N)c(C(F)(F)F)c1,0,0.662328648233518,0.0146376148657545,-2.4082654,0.0138085098768987,0.08785126516345713
578,CCCNC(=O)N1CCN(c2ccc(C#N)c(C(F)(F)F)c2)C(C(=O)NCCOC)C1,0,0.6307251910464,0.0086395298922821,-3.3500457,0.0136642817832097,0.09716065924993754
579,COCCNC(=O)C1CN(C(=O)N(C)C)CCN1c1ccc(C#N)c(C(F)(F)F)c1,0,0.720076909826504,0.0341616726259425,0.83461297,0.0302595255517509,0.11168762923153697
580,CCC(=O)N1CCN(c2ccc(C#N)c(C(F)(F)F)c2)C(C(=O)NCCOC)C1,0,0.720134314223719,0.0092723373262632,-2.2055652,0.0119120834242118,0.11024669649811372
581,CCCC(=O)N1CCN(c2ccc(C#N)c(C(F)(F)F)c2)C(C(=O)NCCOC)C1,0,0.675704146275762,0.0035452105643665,-4.7574234,0.0072891476617018,0.09224384047498937
582,COCCNC(=O)C1CN(C(=O)c2cccnc2)CCN1c1ccc(C#N)c(C(F)(F)F)c1,0,0.661747564350109,0.0171954364845619,-8.902442,0.0110930418884586,0.09351609439566709
583,COCCNC(=O)C1CN(C(C)=O)CCN1c1ccc(C#N)c(C(F)(F)F)c1,0,0.757748025624279,0.0046202804759651,-7.140539,0.0227682687971751,0.11826994516562366
584,COCCNC(=O)C1CN(C(=O)Nc2ccc(C)cc2)CCN1c1ccc(C#N)c(C(F)(F)F)c1,0,0.60678867658543,0.0185305085779413,-3.815722,0.0183780871593283,0.10060531285557775
585,COCCNC(=O)C1CN(C(=O)c2ccccc2Cl)CCN1c1ccc(C#N)c(C(F)(F)F)c1,0,0.622640602574716,0.0042465181582819,-3.69103,0.0159129750115762,0.09971476167074607
586,COCCNC(=O)C1CN(C(=O)Nc2ccc(F)cc2)CCN1c1ccc(C#N)c(C(F)(F)F)c1,0,0.475990044190607,0.0258176980725005,-4.663199,0.0353959159872457,0.12058959462261018
587,COCCNC(=O)C1CN(C(=O)NC2CCCC2)CCN1c1ccc(C#N)c(C(F)(F)F)c1,0,0.62687290624856,0.0185429841747649,-3.2356343,0.0081643295928223,0.06332273213247734
588,COCCNC(=O)C1CN(C(=O)NCCC(C)C)CCN1c1ccc(C#N)c(C(F)(F)F)c1,0,0.570715627874474,0.0205059747345284,-9.668815,0.0197097266791095,0.09857314706349378
589,COCCNC(=O)C1CN(C(=O)NCC(C)C)CCN1c1ccc(C#N)c(C(F)(F)F)c1,0,0.614684029421284,0.0360580064951317,-7.8155255,0.0197310019295165,0.10125956512419124
590,CNC(=O)N1CCN(c2ccc(C#N)c(C(F)(F)F)c2)C(C(=O)NCCOC)C1,0,0.706662875707055,0.0374380694838482,-1.6466827,0.0292511195114622,0.12619901514748263
591,COCCNC(=O)C1CN(C(=O)NCCOC)CCN1c1ccc(C#N)c(C(F)(F)F)c1,0,0.568259455499771,0.0975960278341095,-6.35426,0.0496595358445214,0.11699797903544709
592,COCCNC(=O)C1CN(C(=O)c2ccnn2C)CCN1c1ccc(C#N)c(C(F)(F)F)c1,0,0.648738240304471,0.0192684337507638,-2.1189895,0.0232666534639046,0.09365511028738277
593,CCn1nccc1C(=O)N1CCN(c2ccc(C#N)c(C(F)(F)F)c2)C(C(=O)NCCOC)C1,0,0.609986384173831,0.0029329526759771,2.1424398,0.0158303531640007,0.08598097389854714
594,COCCNC(=O)C1CN(C(=O)c2ccccc2C)CCN1c1ccc(C#N)c(C(F)(F)F)c1,0,0.65106220481914,0.0063282063485795,-2.3630621,0.0126197275684399,0.09182892549137198
595,N#Cc1ccc(N2CCN(C(=O)C3CCCCC3)C(C(N)=O)C2)cc1C(F)(F)F,0,0.832629030438612,0.0029597718135273,2.1598797,0.0091371519781262,0.12351174502671633
596,N#Cc1ccc(N2CCN(C(=O)c3ccoc3)C(C(N)=O)C2)cc1C(F)(F)F,0,0.860419607498269,0.0024324300833735,3.0073524,0.0274133410795816,0.12014707973762302
597,N#Cc1ccc(N2CCN(C(=O)NC3CCCCC3)C(C(N)=O)C2)cc1C(F)(F)F,0,0.780100353383596,0.009783252602683,5.4392962,0.0121198948714373,0.0906433922073029
598,Cc1ccc(C(=O)N2CCN(c3ccc(C#N)c(C(F)(F)F)c3)CC2C(N)=O)cc1C,0,0.810653529920864,0.0035061323585394,0.86529243,0.0523400043745387,0.11328963225558042
599,N#Cc1ccc(N2CCN(C(=O)c3ccccc3F)C(C(N)=O)C2)cc1C(F)(F)F,0,0.773101983341455,0.0028279991147129,-1.2419736,0.0247934157954933,0.1585588304778494
600,COc1ccc(CC(=O)N2CCN(c3ccc(C#N)c(C(F)(F)F)c3)CC2C(N)=O)cc1,0,0.760137405969478,0.0017604961611871,-3.870645,0.035004728496631,0.10700370476119796
601,N#Cc1ccc(N2CCN(C(=O)c3cccs3)C(C(N)=O)C2)cc1C(F)(F)F,0,0.844818907507713,0.0019781659497573,-0.8399065,0.0118526682040599,0.10075736763135498
602,Cc1ccc(CC(=O)N2CCN(c3ccc(C#N)c(C(F)(F)F)c3)CC2C(N)=O)cc1,0,0.807561901567752,0.0039039368892484,-6.457325,0.0265637953719832,0.11604778604289659
603,CCC(CC)C(=O)N1CCN(c2ccc(C#N)c(C(F)(F)F)c2)CC1C(N)=O,0,0.828087930887749,0.0022905856900164,2.563455,0.0245423839236276,0.14027439860472762
604,N#Cc1ccc(N2CCN(C(=O)c3ccc(F)cc3)C(C(N)=O)C2)cc1C(F)(F)F,0,0.773101983341455,0.0113815631570744,-4.9247932,0.0339372461338278,0.1749702966483173
605,CC(C)CC(=O)N1CCN(c2ccc(C#N)c(C(F)(F)F)c2)CC1C(N)=O,0,0.863737948429669,0.0016961929638261,-10.083776,0.0149061120704849,0.1330895758483285
606,COc1ccccc1C(=O)N1CCN(c2ccc(C#N)c(C(F)(F)F)c2)CC1C(N)=O,0,0.799979286921198,0.0030472286292036,1.1340786,0.0228404565314469,0.10550860456504266
607,N#Cc1ccc(N2CCN(C(=O)C3CCC3)C(C(N)=O)C2)cc1C(F)(F)F,0,0.866957322416851,0.0018265826048537,-4.556802,0.0187433029953618,0.10767771099804806
608,N#Cc1ccc(N2CCN(C(=O)c3cccc(F)c3)C(C(N)=O)C2)cc1C(F)(F)F,0,0.773101983341455,0.0042581903370227,-6.2618284,0.0281039190562773,0.1674614369967044
609,N#Cc1ccc(N2CCN(C(=O)Cc3cccc(F)c3)C(C(N)=O)C2)cc1C(F)(F)F,0,0.748983191361565,0.0020599125621884,-9.076442,0.0404986445357815,0.13222143555691718
610,N#Cc1ccc(N2CCN(C(=O)Nc3ccccc3F)C(C(N)=O)C2)cc1C(F)(F)F,0,0.724017791177675,0.0071888626706984,-3.6839485,0.0285145091054778,0.15608990686939392
611,Cc1ccc(C(=O)N2CCN(c3ccc(C#N)c(C(F)(F)F)c3)CC2C(N)=O)s1,0,0.823671731573184,0.0057158710744307,6.2963376,0.0200262104361246,0.09635986386267724
612,N#Cc1ccc(N2CCN(C(=O)c3ccc(F)c(Cl)c3)C(C(N)=O)C2)cc1C(F)(F)F,0,0.721133629025176,0.004826930606246,-5.105747,0.0612121812319483,0.1603172660271523
613,COc1cc(Cl)ccc1C(=O)N1CCN(c2ccc(C#N)c(C(F)(F)F)c2)CC1C(N)=O,0,0.746202254112141,0.0034169387096007,-3.4016926,0.0378286788782413,0.11782382149732493
614,COc1cccc(C(=O)N2CCN(c3ccc(C#N)c(C(F)(F)F)c3)CC2C(N)=O)c1,0,0.799979286921198,0.0023008052841227,-3.152893,0.0296594260502382,0.1091094311116189
615,COc1ccc(C(=O)N2CCN(c3ccc(C#N)c(C(F)(F)F)c3)CC2C(N)=O)c(C)c1,0,0.778668801187788,0.0027165037241901,-5.3188367,0.0699948258772832,0.13142495673741791
616,N#Cc1ccc(N2CCN(C(=O)COc3ccc(F)cc3)C(C(N)=O)C2)cc1C(F)(F)F,0,0.705148601280324,0.002980160291358,-2.6396275,0.0481097085539205,0.14170615737431008
617,N#Cc1ccc(N2CCN(C(=O)c3ccc4c(c3)OCO4)C(C(N)=O)C2)cc1C(F)(F)F,0,0.773874983348288,0.0027479382944114,2.8098497,0.0664012599360865,0.12605982187190873
618,CCOCC(=O)N1CCN(c2ccc(C#N)c(C(F)(F)F)c2)CC1C(N)=O,0,0.820060222700561,0.0010347694467083,-0.18553185,0.0867317783963074,0.13049935727039721
619,N#Cc1ccc(N2CCN(C(=O)C3CCCC3)C(C(N)=O)C2)cc1C(F)(F)F,0,0.851599637223693,0.0024067971435494,2.0452185,0.0084474450227049,0.10041636984042383
620,N#Cc1ccc(N2CCN(C(=O)C3CCOCC3)C(C(N)=O)C2)cc1C(F)(F)F,0,0.814342992391801,0.0031143865663058,-1.1893692,0.0280251412223145,0.14669055325194427
621,N#Cc1ccc(N2CCN(C(=O)Cc3ccccc3Cl)C(C(N)=O)C2)cc1C(F)(F)F,0,0.774987506575654,0.0072196605642718,-7.9764,0.022185902139558,0.1292082011240086
622,COc1ccc(C(=O)N2CCN(c3ccc(C#N)c(C(F)(F)F)c3)CC2C(N)=O)cn1,0,0.786939377139728,0.0035725381007569,-5.991505,0.0335816609986853,0.11409486349403823
623,N#Cc1ccc(N2CCN(C(=O)CCC3CCCC3)C(C(N)=O)C2)cc1C(F)(F)F,0,0.789754344814804,0.0033158056258649,-2.338734,0.0079306597583725,0.0861029229646573
624,COc1ccc(NC(=O)N2CCN(c3ccc(C#N)c(C(F)(F)F)c3)CC2C(N)=O)cc1OC,0,0.683334432162915,0.007552083011976,-1.7773583,0.0945861475595247,0.10387831200089744
625,COc1ccc(NC(=O)N2CCN(c3ccc(C#N)c(C(F)(F)F)c3)CC2C(N)=O)cc1,0,0.748780781043204,0.0035359008603977,-1.6072028,0.064110723979716,0.10730877052986836
626,CC(C)NC(=O)N1CCN(c2ccc(C#N)c(C(F)(F)F)c2)CC1C(N)=O,0,0.828789195015178,0.0049394072817936,6.767074,0.0289976000829698,0.15174287316427823
627,COc1ccc(C(=O)N2CCN(c3ccc(C#N)c(C(F)(F)F)c3)CC2C(N)=O)cc1OC,0,0.731167063501954,0.0088349465771433,0.7176882,0.074879149260645,0.12500739507173167
628,COc1ccc(CC(=O)N2CCN(c3ccc(C#N)c(C(F)(F)F)c3)CC2C(N)=O)cc1OC,0,0.685730369106625,0.0028874988779576,-1.8639151,0.0707811058258764,0.10509064860010058
629,N#Cc1ccc(N2CCN(C(=O)COc3ccccc3)C(C(N)=O)C2)cc1C(F)(F)F,0,0.780714821588091,0.0027811089368916,2.9050694,0.0186501609683596,0.1000387052225955
630,N#Cc1ccc(N2CCN(C(=O)c3ccco3)C(C(N)=O)C2)cc1C(F)(F)F,0,0.860419607498269,0.0033923869225143,-5.7633247,0.0345951900535783,0.12204723933419974
631,COc1ccccc1CCC(=O)N1CCN(c2ccc(C#N)c(C(F)(F)F)c2)CC1C(N)=O,0,0.714749691748659,0.0026854049956639,-2.845099,0.0120787974979215,0.08893962399264227
632,COc1ccc(C2(C(=O)N3CCN(c4ccc(C#N)c(C(F)(F)F)c4)CC3C(N)=O)CC2)cc1,0,0.721611756150136,0.0035090983580652,-1.6178207,0.0424945718922061,0.06966479199713244
633,Cn1cccc1C(=O)N1CCN(c2ccc(C#N)c(C(F)(F)F)c2)CC1C(N)=O,0,0.841448334857739,0.0030371797029529,0.4377743,0.0411265671955929,0.12833132331546465
634,CCCNC(=O)N1CCN(c2ccc(C#N)c(C(F)(F)F)c2)CC1C(N)=O,0,0.825600977231662,0.0094553746159022,0.10977626,0.0309608962248625,0.1222494381563451
635,N#Cc1ccc(N2CCN(C(=O)c3ccccc3)C(C(N)=O)C2)cc1C(F)(F)F,0,0.853704037219646,0.0092988085340412,-1.1268418,0.0169306825738496,0.13382786648114184
636,Cc1ccc(NC(=O)N2CCN(c3ccc(C#N)c(C(F)(F)F)c3)CC2C(N)=O)cc1C,0,0.75593156102151,0.0124885106295273,-3.2173767,0.0407103661886723,0.10265181430055728
637,Cc1ccc(C)c(NC(=O)N2CCN(c3ccc(C#N)c(C(F)(F)F)c3)CC2C(N)=O)c1,0,0.75593156102151,0.0134392082371613,2.114944,0.0443825446373206,0.09993192718159957
638,Cc1cc(C)cc(NC(=O)N2CCN(c3ccc(C#N)c(C(F)(F)F)c3)CC2C(N)=O)c1,0,0.75593156102151,0.0091918972061773,3.6752267,0.039799707614815,0.09519196151740908
639,COc1ccc(OC)c(NC(=O)N2CCN(c3ccc(C#N)c(C(F)(F)F)c3)CC2C(N)=O)c1,0,0.683334432162915,0.0078237103785286,-1.4068735,0.1335732570808036,0.1086792369705166
640,CCOc1ccccc1NC(=O)N1CCN(c2ccc(C#N)c(C(F)(F)F)c2)CC1C(N)=O,0,0.710499100336764,0.0055868993550213,1.2348098,0.0308036543817164,0.10319333306556663
641,N#Cc1ccc(N2CCN(C(=O)Nc3ccc(F)cc3)C(C(N)=O)C2)cc1C(F)(F)F,0,0.724017791177675,0.008876252816716,-2.906702,0.0527906884039467,0.1677685990053362
642,COc1ccccc1NC(=O)N1CCN(c2ccc(C#N)c(C(F)(F)F)c2)CC1C(N)=O,0,0.748780781043204,0.0130112908961244,-0.52224433,0.0327109569811221,0.10202727989127011
643,N#Cc1ccc(N2CCN(C(=O)NC3CCCC3)C(C(N)=O)C2)cc1C(F)(F)F,0,0.798976785431193,0.0236688823034463,5.2947783,0.0061622008719616,0.07183154789999903
644,COc1ccc(NC(=O)N2CCN(c3ccc(C#N)c(C(F)(F)F)c3)CC2C(N)=O)c(OC)c1,0,0.683334432162915,0.0106399896380612,5.1676354,0.1471420714534235,0.10107347764456087
645,COc1cc(NC(=O)N2CCN(c3ccc(C#N)c(C(F)(F)F)c3)CC2C(N)=O)cc(OC)c1,0,0.683334432162915,0.0052787653099866,7.136003,0.0939148095315138,0.10337144982654142
646,COc1ccc(C)cc1NC(=O)N1CCN(c2ccc(C#N)c(C(F)(F)F)c2)CC1C(N)=O,0,0.726902931714477,0.010434741768619,-0.4758656,0.0652837666790648,0.09214644796841108
647,N#Cc1ccc(N2CCN(C(=O)Nc3ccc4c(c3)OCCO4)C(C(N)=O)C2)cc1C(F)(F)F,0,0.704056288794631,0.0113722450103957,-2.1740913,0.0677360929557636,0.10091259086145943
648,N#Cc1ccc(N2CCN(C(=O)NCCc3ccccc3)C(C(N)=O)C2)cc1C(F)(F)F,0,0.73829510560335,0.170932694832917,-5.609305,0.0106860290578941,0.10629889319061503
649,CC(C)CNC(=O)N1CCN(c2ccc(C#N)c(C(F)(F)F)c2)CC1C(N)=O,0,0.8102396277048,0.0253579656001725,-4.9403996,0.0257559869931473,0.11395617043182996
650,Cn1nccc1C(=O)N1CCN(c2ccc(C#N)c(C(F)(F)F)c2)CC1C(N)=O,0,0.822090917627102,0.0042163017806673,0.35503018,0.0523150526703677,0.1110817351453565
651,CCn1nccc1C(=O)N1CCN(c2ccc(C#N)c(C(F)(F)F)c2)CC1C(N)=O,0,0.808572012958177,0.003387815049034,4.338698,0.0684394013698619,0.11283878445114921
652,CCn1ccc(C(=O)N2CCN(c3ccc(C#N)c(C(F)(F)F)c3)CC2C(N)=O)n1,0,0.808572012958177,0.0031530430126332,0.4056958,0.0799792374233908,0.12552775100832175
653,Cc1cc(C(=O)N2CCN(c3ccc(C#N)c(C(F)(F)F)c3)CC2C(N)=O)nn1C,0,0.80838502907462,0.0069063762312802,-1.3290567,0.1751476757979686,0.14375490745867528
654,COc1ccc(NC(=O)N2CCN(c3ccc(C#N)c(C(F)(F)F)c3)CC2C(N)=O)cc1Cl,0,0.694417572826257,0.0199943598751038,-0.014389634,0.0549486222469898,0.10488561849268693
655,N#Cc1ccc(N2CCN(C(=O)Nc3ccc(F)c(Cl)c3)C(C(N)=O)C2)cc1C(F)(F)F,0,0.670614270956119,0.0363005413577159,-3.0143495,0.0554171280239928,0.1449829043927329
656,Cc1cccc(CC(=O)N2CCN(c3ccc(C#N)c(C(F)(F)F)c3)CC2C(N)=O)c1,0,0.807561901567752,0.0028800927637049,-8.3144455,0.0201947645951033,0.1120566347720386
657,Cc1cc(C(=O)N2CCN(c3ccc(C#N)c(C(F)(F)F)c3)CC2C(N)=O)n(C)n1,0,0.80838502907462,0.007258581326754,2.4166346,0.1588268953869237,0.11898191874096042
658,CNC(=O)C1CN(c2ccc(C#N)c(C(F)(F)F)c2)CCN1C(=O)C1CCCCC1,0,0.812802507932797,0.0044051861706786,2.9420614,0.0060867310193588,0.0929185219863451
659,CNC(=O)C1CN(c2ccc(C#N)c(C(F)(F)F)c2)CCN1S(=O)(=O)c1ccccc1,0,0.767901934544,0.0019021721583036,-8.198153,0.0064065202097672,0.09029900968972235
660,CCOc1ccccc1C(=O)N1CCN(c2ccc(C#N)c(C(F)(F)F)c2)CC1C(=O)NC,0,0.741520770889025,0.0025008847089374,7.2009597,0.0155048870035519,0.0877649892070806
661,CNC(=O)C1CN(c2ccc(C#N)c(C(F)(F)F)c2)CCN1C(=O)c1ccoc1,0,0.844648596922716,0.0024754407156663,5.235389,0.0152146369129553,0.0852067760465067
662,CCc1ccc(C(=O)N2CCN(c3ccc(C#N)c(C(F)(F)F)c3)CC2C(=O)NC)cc1,0,0.785891504010027,0.0040604814935608,3.1789804,0.0104485711026729,0.09591076123941811
663,CNC(=O)C1CN(c2ccc(C#N)c(C(F)(F)F)c2)CCN1C(=O)c1ccc(OC)nc1OC,0,0.702540337311361,0.0033068289219356,-0.08113432,0.0560644102800692,0.1003857609403579
664,CNC(=O)C1CN(c2ccc(C#N)c(C(F)(F)F)c2)CCN1C(=O)NC1CCCCC1,0,0.761295948901717,0.0135209953689187,5.93131,0.0088131640814443,0.0895234693501695
665,CNC(=O)C1CN(c2ccc(C#N)c(C(F)(F)F)c2)CCN1C(=O)c1ccc(C)c(C)c1,0,0.788588584708417,0.0048594166296687,4.376147,0.0257338494663814,0.09917702139164633
666,CNC(=O)C1CN(c2ccc(C#N)c(C(F)(F)F)c2)CCN1C(=O)c1ccccc1F,0,0.754276658176155,0.0025470101095978,1.9237303,0.0190402892092552,0.11529887603166593
667,CNC(=O)C1CN(c2ccc(C#N)c(C(F)(F)F)c2)CCN1C(=O)c1cccc(C)c1,0,0.81253010655091,0.007164225655139,0.77152145,0.0119692818390594,0.08958569004477013
668,CNC(=O)C1CN(c2ccc(C#N)c(C(F)(F)F)c2)CCN1C(=O)Cc1ccc(C)cc1,0,0.787022326190886,0.0035020679396438,-4.5923386,0.0123566127264443,0.09306453402386436
669,CCC(CC)C(=O)N1CCN(c2ccc(C#N)c(C(F)(F)F)c2)CC1C(=O)NC,0,0.809999563020373,0.0030860497116771,4.4464884,0.0086345902947822,0.10204612234655377
670,CNC(=O)C1CN(c2ccc(C#N)c(C(F)(F)F)c2)CCN1C(=O)c1ccc(OC)cc1,0,0.780726839987382,0.0025893825960599,2.6777177,0.0140877084721974,0.10005796916195564
671,CNC(=O)C1CN(c2ccc(C#N)c(C(F)(F)F)c2)CCN1C(=O)c1ccc(F)cc1,0,0.754276658176155,0.0044629693475592,-0.6734446,0.0214537986262768,0.12211406613301445
672,CNC(=O)C1CN(c2ccc(C#N)c(C(F)(F)F)c2)CCN1C(=O)c1ccccc1OC,0,0.780726839987382,0.0041600069323663,5.592306,0.0137148391438843,0.08730810091224137
673,CNC(=O)C1CN(c2ccc(C#N)c(C(F)(F)F)c2)CCN1C(=O)Nc1cccc(Cl)c1,0,0.723146929560187,0.0045362162213883,-1.63444,0.0283776826831568,0.09755059454162388
674,CNC(=O)C1CN(c2ccc(C#N)c(C(F)(F)F)c2)CCN1C(=O)c1ccc(C(C)C)cc1,0,0.756805645287202,0.0084846908994871,2.9154859,0.013004813176058,0.09781432803118006
675,CNC(=O)C1CN(c2ccc(C#N)c(C(F)(F)F)c2)CCN1C(=O)c1sccc1C,0,0.8026848988558,0.0039938343182602,1.0228637,0.0118295616645859,0.06732534612742412
676,CNC(=O)C1CN(c2ccc(C#N)c(C(F)(F)F)c2)CCN1C(=O)c1cccc(F)c1,0,0.754276658176155,0.0054396587985827,-1.844582,0.0192921206617321,0.11890586248686852
677,CNC(=O)C1CN(c2ccc(C#N)c(C(F)(F)F)c2)CCN1C(=O)Cc1cccc(F)c1,0,0.730284615518952,0.0042183519965926,-8.511001,0.019024488509134,0.1072115546812138
678,CNC(=O)C1CN(c2ccc(C#N)c(C(F)(F)F)c2)CCN1C(=O)c1ccc(C)cc1C,0,0.788588584708417,0.0046623009493098,0.22748494,0.0116073098002799,0.09731878965073784
679,CNC(=O)C1CN(c2ccc(C#N)c(C(F)(F)F)c2)CCN1C(=O)c1ccc(C)s1,0,0.8026848988558,0.0051350403813969,7.1499715,0.0101706108018574,0.06999012429631545
680,CNC(=O)C1CN(c2ccc(C#N)c(C(F)(F)F)c2)CCN1C(=O)c1ccc(OC)c(F)c1,0,0.703861216685167,0.0063473604629545,0.6543368,0.0284676029309847,0.11154704624028769
681,CNC(=O)C1CN(c2ccc(C#N)c(C(F)(F)F)c2)CCN1C(=O)c1ccc(OC)cc1OC,0,0.713294952625357,0.0026197944046648,4.1720576,0.0415884480697758,0.09618104330720625
682,CNC(=O)C1CN(c2ccc(C#N)c(C(F)(F)F)c2)CCN1C(=O)c1cccc(OC)c1,0,0.780726839987382,0.0026901300878071,1.0996305,0.0143024618556148,0.09593394859294369
683,CNC(=O)C1CN(c2ccc(C#N)c(C(F)(F)F)c2)CCN1C(=O)Cc1ccccc1F,0,0.730284615518952,0.0030011438940285,-5.873459,0.0162726281494327,0.10420112729372166
684,CNC(=O)C1CN(c2ccc(C#N)c(C(F)(F)F)c2)CCN1C(=O)c1ccc(OC)cc1C,0,0.758476737793305,0.0025505323969283,-1.5355831,0.0187868134230341,0.10090173228159753
685,CNC(=O)C1CN(c2ccc(C#N)c(C(F)(F)F)c2)CCN1C(=O)c1ccc2c(c1)OCO2,0,0.756096705736576,0.0040629060050079,5.044857,0.0534103512465129,0.08956438700375026
686,CNC(=O)C1CN(c2ccc(C#N)c(C(F)(F)F)c2)CCN1S(=O)(=O)c1ccc(F)c(C)c1,0,0.673966253556988,0.0054703067216596,-9.973561,0.0149172181623213,0.10643519430969758
687,CNC(=O)C1CN(c2ccc(C#N)c(C(F)(F)F)c2)CCN1S(=O)(=O)c1cccc(Cl)c1,0,0.716984983353293,0.0020739456398124,-7.266939,0.008364219257677,0.10091731361512565
688,CNC(=O)C1CN(c2ccc(C#N)c(C(F)(F)F)c2)CCN1S(=O)(=O)c1cccc(F)c1,0,0.692866216470249,0.0033407296219078,-13.247304,0.0139948174339001,0.1092312442283647
689,CNC(=O)C1CN(c2ccc(C#N)c(C(F)(F)F)c2)CCN1S(=O)(=O)c1cccnc1,0,0.753894049138036,0.0118064612555717,-10.89075,0.0098123098012382,0.0915468557768336
690,CNC(=O)C1CN(c2ccc(C#N)c(C(F)(F)F)c2)CCN1C(=O)c1ccsc1,0,0.825410445218368,0.0040523798047528,-3.777048,0.0085792085578676,0.07301879640221405
691,CNC(=O)C1CN(c2ccc(C#N)c(C(F)(F)F)c2)CCN1S(=O)(=O)c1cccc(OC)c1,0,0.701255506437387,0.0017833507049814,-7.050881,0.0120764908875002,0.09047043216482797
692,CNC(=O)C1CN(c2ccc(C#N)c(C(F)(F)F)c2)CCN1S(=O)(=O)c1ccc(C)c(F)c1,0,0.673966253556988,0.0091952268750221,-8.2428465,0.0158017142071139,0.11252063021129781
693,CNC(=O)C1CN(c2ccc(C#N)c(C(F)(F)F)c2)CCN1C(=O)C1CCOCC1,0,0.799505412674694,0.0058282911949576,-0.39715564,0.014250474288175,0.0982425844829182
694,CNC(=O)C1CN(c2ccc(C#N)c(C(F)(F)F)c2)CCN1C(=O)Cc1ccccc1Cl,0,0.753387547015075,0.0062055094010439,-8.585414,0.0204850570460993,0.09354029663048424
695,CNC(=O)C1CN(c2ccc(C#N)c(C(F)(F)F)c2)CCN1C(=O)c1ccc(OC)c(OC)c1,0,0.713294952625357,0.0057758098157578,3.6154332,0.0408827815083155,0.10694250029107193
696,CNC(=O)C1CN(c2ccc(C#N)c(C(F)(F)F)c2)CCN1C(=O)c1cc(OC)cc(OC)c1,0,0.713294952625357,0.0028969404069434,5.454643,0.0541012847060441,0.10114690026432338
697,CNC(=O)C1CN(c2ccc(C#N)c(C(F)(F)F)c2)CCN1C(=O)c1cscn1,0,0.816977890091432,0.0058537450499259,-0.68795234,0.0148964039240294,0.07931190458067848
698,CNC(=O)C1CN(c2ccc(C#N)c(C(F)(F)F)c2)CCN1C(=O)c1ccc(C)c(F)c1,0,0.732637406621355,0.013972014120959,4.3208413,0.0159351591266404,0.11666693004768276
699,CNC(=O)C1CN(c2ccc(C#N)c(C(F)(F)F)c2)CCN1C(=O)c1ccc(Cl)s1,0,0.767959781619389,0.0045194460140359,4.210981,0.0105655147831924,0.07558331564741762
700,CNC(=O)C1CN(c2ccc(C#N)c(C(F)(F)F)c2)CCN1C(=O)CC1CCCC1,0,0.809649893263754,0.0024543337214533,-0.07828212,0.0033744585118175,0.06163040662381788
701,CNC(=O)C1CN(c2ccc(C#N)c(C(F)(F)F)c2)CCN1C(=O)c1ccccn1,0,0.825865875639312,0.0075807031385748,2.975823,0.0117354132171247,0.09311779186649331
702,CNC(=O)C1CN(c2ccc(C#N)c(C(F)(F)F)c2)CCN1C(=O)COc1ccccc1,0,0.762688134702384,0.0017328754213479,4.562155,0.0141892633873606,0.08329374859908074
703,CNC(=O)C1CN(c2ccc(C#N)c(C(F)(F)F)c2)CCN1C(=O)c1ccco1,0,0.844648596922716,0.0025849225580932,-2.0545588,0.0125497894562714,0.08304917008312677
704,CNC(=O)C1CN(c2ccc(C#N)c(C(F)(F)F)c2)CCN1C(=O)Cc1ccccc1C,0,0.787022326190886,0.0027539837388607,-0.62339425,0.0216655516207457,0.08462597024712479
705,CNC(=O)C1CN(c2ccc(C#N)c(C(F)(F)F)c2)CCN1C(=O)CCc1ccccc1,0,0.769520972554447,0.0084673402881627,-6.3881745,0.0082441690326703,0.08325570243929516
706,CNC(=O)C1CN(c2ccc(C#N)c(C(F)(F)F)c2)CCN1C(=O)C1(c2ccc(OC)cc2)CC1,0,0.702323207624389,0.0071639521241049,2.0798655,0.0294945981499446,0.058309309191545346
707,CNC(=O)C1CN(c2ccc(C#N)c(C(F)(F)F)c2)CCN1C(=O)c1cccn1C,0,0.825274018803508,0.0054590668164273,4.6703353,0.0138532288250519,0.09008818858993299
708,CCOc1ccc(CC(=O)N2CCN(c3ccc(C#N)c(C(F)(F)F)c3)CC2C(=O)NC)cc1,0,0.695975262897614,0.0055489846934056,-0.2502973,0.0242100835120718,0.08725262732746729
709,CNC(=O)C1CN(c2ccc(C#N)c(C(F)(F)F)c2)CCN1S(=O)(=O)c1ccc(OC)cc1,0,0.701255506437387,0.0018088459323442,-6.901068,0.01278615690406,0.10017010497990989
710,CNC(=O)C1CN(c2ccc(C#N)c(C(F)(F)F)c2)CCN1C(=O)COc1ccc(Cl)cc1,0,0.710606010651377,0.0056534891762331,-8.393469,0.0163388613911694,0.08874892401602816
711,CNC(=O)C1CN(c2ccc(C#N)c(C(F)(F)F)c2)CCN1S(=O)(=O)c1cc(C)ccc1C,0,0.726587352427548,0.0025973968061407,-4.786,0.0103502331034117,0.0962148606765542
712,CNC(=O)C1CN(c2ccc(C#N)c(C(F)(F)F)c2)CCN1C(=O)Cn1nc(C)cc1C,0,0.770686147783467,0.0035875855937207,-2.3379037,0.1205750341785085,0.09476762380647319
713,CNC(=O)C1CN(c2ccc(C#N)c(C(F)(F)F)c2)CCN1C(=O)CCc1c(C)noc1C,0,0.731414723633071,0.0053126069606432,3.8069081,0.0316978281725635,0.07807877659751075
714,CNC(=O)C1CN(c2ccc(C#N)c(C(F)(F)F)c2)CCN1C(=O)CCn1nc(C)cc1C,0,0.735728406973984,0.0299940834537542,-3.0018687,0.0304221135097582,0.08693301580522915
715,CCc1ccc(NC(=O)N2CCN(c3ccc(C#N)c(C(F)(F)F)c3)CC2C(=O)NC)cc1,0,0.731347536627577,0.0039404324400063,0.9925617,0.0196678039192927,0.09417343526092371
716,CNC(=O)C1CN(c2ccc(C#N)c(C(F)(F)F)c2)CCN1C(=O)c1ccccc1,0,0.834855771683924,0.0028055368487531,2.8753347,0.0093401697948209,0.09766307235522331
717,CNC(=O)C1CN(c2ccc(C#N)c(C(F)(F)F)c2)CCN1C(=O)Nc1ccc(C)c(C)c1,0,0.733391978218147,0.0046358187742962,0.35675943,0.0287595118516047,0.10454510674283439
718,CNC(=O)C1CN(c2ccc(C#N)c(C(F)(F)F)c2)CCN1C(=O)Nc1cc(C)ccc1C,0,0.733391978218147,0.0072355678653862,5.4257846,0.0372882516583462,0.09857170656589523
719,CNC(=O)C1CN(c2ccc(C#N)c(C(F)(F)F)c2)CCN1C(=O)Nc1cc(C)cc(C)c1,0,0.733391978218147,0.0072532251491759,6.2023787,0.0318396033986499,0.08863654084675826
720,CNC(=O)C1CN(c2ccc(C#N)c(C(F)(F)F)c2)CCN1C(=O)c1ccccc1Cl,0,0.778078874295118,0.0025475034884922,0.45011747,0.014037077476695,0.09836057771353313
721,CCOc1ccccc1NC(=O)N1CCN(c2ccc(C#N)c(C(F)(F)F)c2)CC1C(=O)NC,0,0.690625982895418,0.0121169184869496,4.982517,0.0171135088597081,0.08815951584582957
722,CNC(=O)C1CN(c2ccc(C#N)c(C(F)(F)F)c2)CCN1C(=O)Nc1ccccc1OC,0,0.729618612434249,0.0264143878607606,3.7329202,0.020627103961667,0.09449247247634121
723,CCc1ccccc1NC(=O)N1CCN(c2ccc(C#N)c(C(F)(F)F)c2)CC1C(=O)NC,0,0.731347536627577,0.0059921167953161,1.9703401,0.0187233934996263,0.08809475003335751
724,CNC(=O)C1CN(c2ccc(C#N)c(C(F)(F)F)c2)CCN1C(=O)Nc1ccc(C)cc1C,0,0.733391978218147,0.0080529245903958,2.6798072,0.0318179886238338,0.10076258366329553
725,CNC(=O)C1CN(c2ccc(C#N)c(C(F)(F)F)c2)CCN1C(=O)NCCCOC,0,0.671904914716924,0.020527673442222,1.6292318,0.0224669297717125,0.10277460432182725
726,CNC(=O)C1CN(c2ccc(C#N)c(C(F)(F)F)c2)CCN1C(=O)NC1CCCC1,0,0.781921331329161,0.0100140845017436,5.8935704,0.0058809229882985,0.06423658036331818
727,CNC(=O)C1CN(c2ccc(C#N)c(C(F)(F)F)c2)CCN1S(=O)(=O)c1c(C)noc1C,0,0.722223805925897,0.0040362885304551,-10.1010895,0.0265928530854772,0.09469439356515114
728,CNC(=O)C1CN(c2ccc(C#N)c(C(F)(F)F)c2)CCN1C(=O)c1ccnn1C,0,0.810016673311505,0.0065669243720221,4.1405206,0.0192353367480183,0.09565732567004298
729,CNC(=O)C1CN(c2ccc(C#N)c(C(F)(F)F)c2)CCN1S(=O)(=O)c1cccc(C)c1,0,0.747579478250084,0.0025265872164194,-9.138829,0.0069930394681805,0.09125411571618086
730,CCn1nccc1C(=O)N1CCN(c2ccc(C#N)c(C(F)(F)F)c2)CC1C(=O)NC,0,0.793077635311711,0.0022584458003204,7.9883857,0.0210715911814009,0.08717576143520261
731,CCn1ccc(C(=O)N2CCN(c3ccc(C#N)c(C(F)(F)F)c3)CC2C(=O)NC)n1,0,0.793077635311711,0.0023156130410331,5.1649675,0.0270711060248697,0.0926584688271003
732,CCc1ccccc1S(=O)(=O)N1CCN(c2ccc(C#N)c(C(F)(F)F)c2)CC1C(=O)NC,0,0.710535932344281,0.0027627208996617,-11.099946,0.0080079886197157,0.08223151882355609
733,CNC(=O)C1CN(c2ccc(C#N)c(C(F)(F)F)c2)CCN1C(=O)c1cc(C)n(C)n1,0,0.793730958262287,0.0119303100237856,3.6102777,0.0919664143159451,0.10749619389561804
734,CCc1cccc(NC(=O)N2CCN(c3ccc(C#N)c(C(F)(F)F)c3)CC2C(=O)NC)c1,0,0.731347536627577,0.0056321930928682,2.7731318,0.0144186120172836,0.09111166124066634
735,CNC(=O)C1CN(c2ccc(C#N)c(C(F)(F)F)c2)CCN1C(=O)Cc1cccc(C)c1,0,0.787022326190886,0.0040263934092678,-5.001974,0.0108420383582622,0.08395821223524527
736,CNC(=O)C1CN(c2ccc(C#N)c(C(F)(F)F)c2)CCN1C(=O)c1cc(C)nn1C,0,0.793730958262287,0.0030522499177849,6.062056,0.0666761907902124,0.10490401815702936
737,CCn1cc(S(=O)(=O)N2CCN(c3ccc(C#N)c(C(F)(F)F)c3)CC2C(=O)NC)cn1,0,0.707685504901906,0.0024153388317391,-5.348415,0.0241379215664181,0.09018172536879612
738,CNC(=O)C1CN(c2ccc(C#N)c(C(F)(F)F)c2)CCN1S(=O)(=O)c1ccc(C)cc1,0,0.747579478250084,0.0033999937123216,-6.163205,0.0073472510821232,0.08897666973993172
739,CNC(=O)C1CN(c2ccc(C#N)c(C(F)(F)F)c2)CCN1C(=O)c1ccccc1C,0,0.81253010655091,0.0014393217339543,2.2830858,0.0098123326612333,0.09407750783545385
740,CNC(=O)C1CN(c2ccc(C#N)c(C(F)(F)F)c2)CCN1C(=O)c1ccc(C)cc1,0,0.81253010655091,0.0047466049388811,2.2142568,0.0113483174479885,0.09873180573276606
741,N#Cc1ccc(N2CCN(S(=O)(=O)c3ccccc3)C(C(=O)NC3CC3)C2)cc1C(F)(F)F,0,0.713503110607372,0.0031288462443787,-7.32912,0.0082909550159786,0.0795188301754785
742,CCOc1ccccc1C(=O)N1CCN(c2ccc(C#N)c(C(F)(F)F)c2)CC1C(=O)NC1CC1,0,0.674779218332919,0.0030943548748326,6.2842793,0.0132512993199356,0.07312532060830107
743,N#Cc1ccc(N2CCN(S(=O)(=O)Cc3ccccc3)C(C(=O)NC3CC3)C2)cc1C(F)(F)F,0,0.669550378768795,0.0029982052920604,-5.1956797,0.0079720411253879,0.07987168389170442
744,N#Cc1ccc(N2CCN(C(=O)c3ccoc3)C(C(=O)NC3CC3)C2)cc1C(F)(F)F,0,0.802706386910078,0.0104252693697617,4.3928256,0.013073587726886,0.059865125674880025
745,CCc1ccc(C(=O)N2CCN(c3ccc(C#N)c(C(F)(F)F)c3)CC2C(=O)NC2CC2)cc1,0,0.722374313430745,0.0023036185062997,2.809967,0.0135861095524215,0.07770672017782054
746,COCCOCC(=O)N1CCN(c2ccc(C#N)c(C(F)(F)F)c2)CC1C(=O)NC1CC1,0,0.599147550617276,0.0018452112994963,-0.045543194,0.0088048728089406,0.0848535724491362
747,N#Cc1ccc(N2CCN(S(=O)(=O)c3ccc(F)cc3)C(C(=O)NC3CC3)C2)cc1C(F)(F)F,0,0.643022491319063,0.0164823405521794,-8.3533125,0.013944991074808,0.08774452832085657
748,COc1cccc(CC(=O)N2CCN(c3ccc(C#N)c(C(F)(F)F)c3)CC2C(=O)NC2CC2)c1,0,0.678372181651938,0.0056054943129465,-4.1880455,0.0144033705156001,0.07983638237286869
749,COc1ccc(CC(=O)N2CCN(c3ccc(C#N)c(C(F)(F)F)c3)CC2C(=O)NC2CC2)cc1,0,0.678372181651938,0.0044264219581059,-1.2008563,0.0143550492616807,0.07753022644909588
750,CCC(CC)C(=O)N1CCN(c2ccc(C#N)c(C(F)(F)F)c2)CC1C(=O)NC1CC1,0,0.742473403748365,0.0073111375904794,4.9810452,0.0055747489417264,0.0771540165321856
751,COc1ccc(C(=O)N2CCN(c3ccc(C#N)c(C(F)(F)F)c3)CC2C(=O)NC2CC2)cc1,0,0.722629447972341,0.0025727840723943,2.3935895,0.018063100969198,0.07815447726526639
752,CC(C)CC(=O)N1CCN(c2ccc(C#N)c(C(F)(F)F)c2)CC1C(=O)NC1CC1,0,0.791780948371084,0.0058450406098266,-9.152903,0.0061104820136767,0.07832378864027827
753,COc1ccccc1C(=O)N1CCN(c2ccc(C#N)c(C(F)(F)F)c2)CC1C(=O)NC1CC1,0,0.722629447972341,0.0024527737981763,4.8096485,0.0108447826619688,0.07632629715549744
754,N#Cc1ccc(N2CCN(C(=O)C3CCC3)C(C(=O)NC3CC3)C2)cc1C(F)(F)F,0,0.812742057330017,0.0040570028837684,-4.5936546,0.0116214162819937,0.062095023757623304
755,Cc1ccsc1C(=O)N1CCN(c2ccc(C#N)c(C(F)(F)F)c2)CC1C(=O)NC1CC1,0,0.754087736049916,0.0062189501310177,0.27963245,0.0096574762296847,0.05764015068806509
756,N#Cc1ccc(N2CCN(C(=O)Cc3cccc(F)c3)C(C(=O)NC3CC3)C2)cc1C(F)(F)F,0,0.67548685459071,0.0066015123250614,-7.4908247,0.0124801843394376,0.08934174943890569
757,N#Cc1ccc(N2CCN(C(=O)Cc3ccc(F)cc3)C(C(=O)NC3CC3)C2)cc1C(F)(F)F,0,0.67548685459071,0.0047174697832666,-5.1776795,0.0121050356592442,0.08895595409789858
758,COCCC(=O)N1CCN(c2ccc(C#N)c(C(F)(F)F)c2)CC1C(=O)NC1CC1,0,0.75420093985118,0.0015905986383586,-4.112723,0.0127534057889557,0.07833106887898966
759,CCOCC(=O)N1CCN(c2ccc(C#N)c(C(F)(F)F)c2)CC1C(=O)NC1CC1,0,0.75420093985118,0.0021481618531985,-1.1487404,0.013814495920081,0.0779619248452511
760,N#Cc1ccc(N2CCN(S(=O)(=O)c3cccnc3)C(C(=O)NC3CC3)C2)cc1C(F)(F)F,0,0.704419507784319,0.0074742060014816,-9.984618,0.0087937510797249,0.07771631105403717
761,N#Cc1ccc(N2CCN(C(=O)c3ccsc3)C(C(=O)NC3CC3)C2)cc1C(F)(F)F,0,0.779278288380152,0.0046956415321344,-3.83035,0.0084515901324589,0.05958362883115135
762,COc1ccc(C(=O)N2CCN(c3ccc(C#N)c(C(F)(F)F)c3)CC2C(=O)NC2CC2)cn1,0,0.717035293501994,0.0030939450697148,-0.3015827,0.0192521601980973,0.07603867652481952
763,Cc1nc(C)c(C(=O)N2CCN(c3ccc(C#N)c(C(F)(F)F)c3)CC2C(=O)NC2CC2)s1,0,0.730368800855514,0.0054228608674131,2.8157926,0.0263993490600469,0.06831297180925916
764,Cn1cnc(C(=O)N2CCN(c3ccc(C#N)c(C(F)(F)F)c3)CC2C(=O)NC2CC2)c1,0,0.774660699057874,0.0118491397337591,13.26017,0.0252382075280792,0.06731423532645298
765,Cc1ncoc1C(=O)N1CCN(c2ccc(C#N)c(C(F)(F)F)c2)CC1C(=O)NC1CC1,0,0.77276498969195,0.0037148109177293,3.2999854,0.0181521393179447,0.05794984118575316
766,N#Cc1ccc(N2CCN(C(=O)CC3CCCC3)C(C(=O)NC3CC3)C2)cc1C(F)(F)F,0,0.748729774357558,0.002307503351493,0.15135944,0.0040990263271591,0.05644932607860451
767,N#Cc1ccc(N2CCN(C(=O)c3ccccn3)C(C(=O)NC3CC3)C2)cc1C(F)(F)F,0,0.784818948613508,0.0039178490634179,3.3906932,0.0111381251238326,0.07867303423579254
768,N#Cc1ccc(N2CCN(C(=O)c3ccco3)C(C(=O)NC3CC3)C2)cc1C(F)(F)F,0,0.802706386910078,0.0039371856121905,-5.36503,0.0086125372358346,0.05672382069399031
769,Cc1ccccc1CC(=O)N1CCN(c2ccc(C#N)c(C(F)(F)F)c2)CC1C(=O)NC1CC1,0,0.72673795638431,0.006335190796051,-0.8531133,0.0104628320812767,0.0730445923431895
770,Cn1cccc1C(=O)N1CCN(c2ccc(C#N)c(C(F)(F)F)c2)CC1C(=O)NC1CC1,0,0.784432977854436,0.0057806273601259,4.18754,0.0169439475931674,0.06032139518524534
771,N#Cc1ccc(N2CCN(C(=O)C3(c4ccccc4)CC3)C(C(=O)NC3CC3)C2)cc1C(F)(F)F,0,0.706737683406704,0.0057961733185975,0.8003205,0.015111366973973,0.05467069071083116
772,Cc1cc(C)n(CC(=O)N2CCN(c3ccc(C#N)c(C(F)(F)F)c3)CC2C(=O)NC2CC2)n1,0,0.718369864994633,0.0036131044007389,-2.4889028,0.0327920924618589,0.05441588575065389
773,Cc1cc(C)n(CCC(=O)N2CCN(c3ccc(C#N)c(C(F)(F)F)c3)CC2C(=O)NC2CC2)n1,0,0.675045078135344,0.0064145818301195,-3.0600038,0.0150837232285219,0.05014382207303627
774,N#Cc1ccc(N2CCN(C(=O)c3ccccc3)C(C(=O)NC3CC3)C2)cc1C(F)(F)F,0,0.789292027928931,0.0055049261386458,2.4813762,0.0077737025991715,0.07954160621550739
775,COc1cccc(NC(=O)N2CCN(c3ccc(C#N)c(C(F)(F)F)c3)CC2C(=O)NC2CC2)c1,0,0.672045483066082,0.011092648305913,2.0762658,0.0159300635033636,0.07958407018576585
776,COCCCNC(=O)N1CCN(c2ccc(C#N)c(C(F)(F)F)c2)CC1C(=O)NC1CC1,0,0.616562231694227,0.0146219152866128,-0.5112691,0.0076423362664257,0.08156875216327722
777,Cc1ccc(CNC(=O)N2CCN(c3ccc(C#N)c(C(F)(F)F)c3)CC2C(=O)NC2CC2)cc1,0,0.678031141052369,0.0270217556586572,1.073917,0.0125514377592289,0.07668371252288009
778,N#Cc1ccc(N2CCN(C(=O)NCCc3ccccc3)C(C(=O)NC3CC3)C2)cc1C(F)(F)F,0,0.657415112115919,0.0648405476786211,-4.0758667,0.0070894994478763,0.07964763833058777
779,Cc1noc(C)c1S(=O)(=O)N1CCN(c2ccc(C#N)c(C(F)(F)F)c2)CC1C(=O)NC1CC1,0,0.673419554883362,0.0053632165294937,-12.007964,0.0353837129742365,0.060366305626222215
780,COCCNC(=O)N1CCN(c2ccc(C#N)c(C(F)(F)F)c2)CC1C(=O)NC1CC1,0,0.658005268200712,0.0104615494820868,-5.788834,0.0106670378965997,0.08343545770116108
781,Cn1nccc1C(=O)N1CCN(c2ccc(C#N)c(C(F)(F)F)c2)CC1C(=O)NC1CC1,0,0.774660699057874,0.0103403594389851,4.3777947,0.0193380464018681,0.06628937631943468
782,CCn1ncc(C(=O)N2CCN(c3ccc(C#N)c(C(F)(F)F)c3)CC2C(=O)NC2CC2)c1C,0,0.71935430448129,0.002522229350907,5.045003,0.0274931662979867,0.05799867398563226
783,CCn1cc(C(=O)N2CCN(c3ccc(C#N)c(C(F)(F)F)c3)CC2C(=O)NC2CC2)cn1,0,0.739723591884073,0.0032469746608701,8.305686,0.0178531152265914,0.059627168183847
784,CCn1nccc1C(=O)N1CCN(c2ccc(C#N)c(C(F)(F)F)c2)CC1C(=O)NC1CC1,0,0.739723591884073,0.0030619613896886,7.936768,0.0192467054356893,0.06432182444198833
785,CCn1ccc(C(=O)N2CCN(c3ccc(C#N)c(C(F)(F)F)c3)CC2C(=O)NC2CC2)n1,0,0.739723591884073,0.0035174549589862,4.7308726,0.020678769197241,0.06311522077654706
786,Cc1cc(C(=O)N2CCN(c3ccc(C#N)c(C(F)(F)F)c3)CC2C(=O)NC2CC2)nn1C,0,0.7553822828243,0.004488732562805,2.5845118,0.0468848374567557,0.06166582688938832
787,N#Cc1ccc(N2CCN(C(=O)COCc3ccccc3)C(C(=O)NC3CC3)C2)cc1C(F)(F)F,0,0.650332748224232,0.0013182374743772,-7.227006,0.0082337909230256,0.07404549156352036
788,Cc1noc(C)c1C(=O)N1CCN(c2ccc(C#N)c(C(F)(F)F)c2)CC1C(=O)NC1CC1,0,0.75139481627989,0.0074678122944773,-0.98627853,0.0316880494179539,0.061471731489815294
789,Cc1cc(C(=O)N2CCN(c3ccc(C#N)c(C(F)(F)F)c3)CC2C(=O)NC2CC2)n(C)n1,0,0.7553822828243,0.0054616014919727,5.59543,0.0364217667658298,0.06935500943258327
790,Cn1ccnc1C(=O)N1CCN(c2ccc(C#N)c(C(F)(F)F)c2)CC1C(=O)NC1CC1,0,0.774660699057874,0.0113841407507039,0.060652137,0.0190884457438737,0.057987427845412776
791,Cc1ccccc1C(=O)N1CCN(c2ccc(C#N)c(C(F)(F)F)c2)CC1C(=O)NC1CC1,0,0.764332148846816,0.0037596901807665,0.8061875,0.0160734970762368,0.07690127075457075
792,COCCNC(=O)C1CN(c2ccc(C#N)c(C(F)(F)F)c2)CCN1C(=O)C1CCCCC1,0,0.651966158193246,0.0171658702519385,-2.839542,0.003208968255319,0.08197063313899468
793,COCCNC(=O)C1CN(c2ccc(C#N)c(C(F)(F)F)c2)CCN1S(=O)(=O)c1ccccc1,0,0.590109684022403,0.0028416240191072,-7.596034,0.0091120543191928,0.08570809033337691
794,CCc1ccc(C(=O)N2CCN(c3ccc(C#N)c(C(F)(F)F)c3)CC2C(=O)NCCOC)cc1,0,0.605247903384875,0.0053980833020558,-4.672521,0.0165198419078753,0.09260211995166888
795,COCCNC(=O)C1CN(c2ccc(C#N)c(C(F)(F)F)c2)CCN1C(=O)COC,0,0.651620464847183,0.0021036468503012,-3.1377215,0.0199487401317468,0.10139555886369644
796,COCCNC(=O)C1CN(c2ccc(C#N)c(C(F)(F)F)c2)CCN1C(=O)C1(C)CC1,0,0.688367808953333,0.0068298535608055,-15.892743,0.0050240749781896,0.06202329861919642
797,COCCNC(=O)C1CN(c2ccc(C#N)c(C(F)(F)F)c2)CCN1C(=O)c1cc(C)oc1C,0,0.641494720601334,0.0038271305310162,2.2823477,0.02096329113758,0.07561002975010819
798,COCCNC(=O)C1CN(c2ccc(C#N)c(C(F)(F)F)c2)CCN1C(=O)NC1CCCCC1,0,0.60933927002269,0.0460545993523189,0.7616819,0.0095163568447975,0.09001396305012432
799,COCCNC(=O)C1CN(c2ccc(C#N)c(C(F)(F)F)c2)CCN1C(=O)c1ccc(C)c(C)c1,0,0.63115735903357,0.0200084764553181,-3.7719097,0.0160025820839565,0.09224031422725829
800,COCCNC(=O)C1CN(c2ccc(C#N)c(C(F)(F)F)c2)CCN1C(=O)c1ccccc1F,0,0.509989901503461,0.0047422324039138,-5.381548,0.0188332754875412,0.1045769560088392
801,COCCNC(=O)C1CN(c2ccc(C#N)c(C(F)(F)F)c2)CCN1C(=O)Nc1ccccc1,0,0.626276975347049,0.0101114667054563,-5.1484413,0.0129203311166185,0.09797352796894372
802,COCCNC(=O)C1CN(c2ccc(C#N)c(C(F)(F)F)c2)CCN1C(=O)c1cccs1,0,0.662119222889053,0.0021825038049626,-4.4657283,0.0074109856948243,0.06964937102630177
803,COCCNC(=O)C1CN(c2ccc(C#N)c(C(F)(F)F)c2)CCN1C(=O)c1cccc(C)c1,0,0.65106220481914,0.0102827321927414,-6.880609,0.0082042852898103,0.08272879221986389
804,CCC(CC)C(=O)N1CCN(c2ccc(C#N)c(C(F)(F)F)c2)CC1C(=O)NCCOC,0,0.610880837833539,0.0114127164086041,-2.478568,0.0061575056476754,0.08761161876527854
805,COCCNC(=O)C1CN(c2ccc(C#N)c(C(F)(F)F)c2)CCN1C(=O)c1ccc(OC)cc1,0,0.600144948397151,0.0052345345895102,-4.0524096,0.0175003754127157,0.10104628553002204
806,COCCNC(=O)C1CN(c2ccc(C#N)c(C(F)(F)F)c2)CCN1C(=O)c1ccc(F)cc1,0,0.509989901503461,0.0079453761499806,-8.195424,0.0193592823676564,0.1085720958547719
807,COCCNC(=O)C1CN(c2ccc(C#N)c(C(F)(F)F)c2)CCN1C(=O)CC(C)C,0,0.658482994317292,0.0052728728272965,-12.8414545,0.0067442847310214,0.08938440186410104
808,COCCNC(=O)C1CN(c2ccc(C#N)c(C(F)(F)F)c2)CCN1C(=O)c1ccccc1OC,0,0.600144948397151,0.0061285277807614,-1.6701808,0.0183517313923497,0.09531073575001707
809,COCCNC(=O)C1CN(c2ccc(C#N)c(C(F)(F)F)c2)CCN1C(=O)C1CC1,0,0.703877712236497,0.0065819633310722,-13.090937,0.0046525071875696,0.06569310855332453
810,COCCNC(=O)C1CN(c2ccc(C#N)c(C(F)(F)F)c2)CCN1C(=O)c1cc(C)cc(C)c1,0,0.63115735903357,0.005617143203405,-2.5934343,0.014398046295436,0.08553231959662264
811,COCCNC(=O)C1CN(c2ccc(C#N)c(C(F)(F)F)c2)CCN1C(=O)c1sccc1C,0,0.642798078984364,0.0052891400894734,-7.2047496,0.0090472921389644,0.0668662966557031
812,COCCNC(=O)C1CN(c2ccc(C#N)c(C(F)(F)F)c2)CCN1C(=O)c1cccc(F)c1,0,0.509989901503461,0.0072985157174075,-9.022412,0.0205655394705519,0.10467154366644973
813,COCCNC(=O)C1CN(c2ccc(C#N)c(C(F)(F)F)c2)CCN1C(=O)Cc1cccc(F)c1,0,0.474762023103827,0.0045118079444765,-11.088618,0.0170045640710088,0.10277487430926609
814,COCCNC(=O)C1CN(c2ccc(C#N)c(C(F)(F)F)c2)CCN1C(=O)c1ccc(C)cc1C,0,0.63115735903357,0.0075455833732588,-7.369531,0.0118287051759907,0.08975397407437477
815,COCCNC(=O)C1CN(c2ccc(C#N)c(C(F)(F)F)c2)CCN1C(=O)c1ccc(C)s1,0,0.642798078984364,0.0054541197194569,2.411582,0.0074257476778942,0.06779107748440145
816,COCCNC(=O)C1CN(c2ccc(C#N)c(C(F)(F)F)c2)CCN1C(=O)c1cccc(OC)c1,0,0.600144948397151,0.0043775560983822,-5.521701,0.0235144154752228,0.09920683664574782
817,COCCNC(=O)C1CN(c2ccc(C#N)c(C(F)(F)F)c2)CCN1C(=O)Cc1ccc(F)cc1,0,0.474762023103827,0.0310152500269118,-10.703194,0.0179521077826839,0.10499007022060647
818,COCCNC(=O)C1CN(c2ccc(C#N)c(C(F)(F)F)c2)CCN1C(=O)Cc1ccccc1F,0,0.474762023103827,0.0059146270014287,-11.946106,0.0155475099692804,0.1030621122372439
819,COCCNC(=O)C1CN(c2ccc(C#N)c(C(F)(F)F)c2)CCN1C(=O)CCOC,0,0.611866108383582,0.0128990026065702,-5.2636833,0.0244238432115491,0.09896724923717756
820,CCOCC(=O)N1CCN(c2ccc(C#N)c(C(F)(F)F)c2)CC1C(=O)NCCOC,0,0.611866108383582,0.0026189721791582,-2.7487097,0.0195515201997041,0.09420814281675631
821,CCNC(=O)N1CCN(c2ccc(C#N)c(C(F)(F)F)c2)CC1C(=O)NCCOC,0,0.671904914716924,0.0078819247213241,-0.2324332,0.0165347269633733,0.104340200202336
822,COCCNC(=O)C1CN(c2ccc(C#N)c(C(F)(F)F)c2)CCN1C(=O)c1ccsc1,0,0.662119222889053,0.0043891297737686,-9.544607,0.0077180072500758,0.06927771426120356
823,COCCNC(=O)C1CN(c2ccc(C#N)c(C(F)(F)F)c2)CCN1C(=O)Cc1cccnc1,0,0.61547288248289,0.0056317746212657,-7.9862695,0.0145165015069101,0.09101187010647493
824,COCCNC(=O)C1CN(c2ccc(C#N)c(C(F)(F)F)c2)CCN1C(=O)NCc1ccccc1,0,0.583312377596817,0.136341054728589,-5.35411,0.0113858868716626,0.08885130717704917
825,COCCNC(=O)C1CN(c2ccc(C#N)c(C(F)(F)F)c2)CCN1C(=O)C1CCOCC1,0,0.640058320173818,0.0259240464108879,-6.3629584,0.0098900798575944,0.09674286316138496
826,COCCNC(=O)C1CN(c2ccc(C#N)c(C(F)(F)F)c2)CCN1C(=O)CCC1CCCC1,0,0.577257494859601,0.0750058395180525,-7.062577,0.0042043967524383,0.0575785448371157
827,COCCNC(=O)C1CN(c2ccc(C#N)c(C(F)(F)F)c2)CCN1C(=O)c1ccoc1C,0,0.660224135648137,0.0085191292286502,2.2782726,0.0161961510816389,0.08553528613371288
828,COCCNC(=O)C1CN(c2ccc(C#N)c(C(F)(F)F)c2)CCN1C(=O)Nc1cccc(C)c1,0,0.60678867658543,0.019043694699808,-6.4851546,0.0131978215888895,0.09037606023352338
829,COCCNC(=O)C1CN(c2ccc(C#N)c(C(F)(F)F)c2)CCN1C(=O)NC(C)C,0,0.658027340635745,0.010073475537453,3.1858754,0.0176388716438373,0.11180568060955268
830,COCCNC(=O)C1CN(c2ccc(C#N)c(C(F)(F)F)c2)CCN1C(=O)CC1CCCCC1,0,0.605470011703932,0.0048549088091212,-5.8877892,0.0044223134388017,0.08324071218704204
831,COCCNC(=O)C1CN(c2ccc(C#N)c(C(F)(F)F)c2)CCN1C(=O)Cc1ccncc1,0,0.61547288248289,0.0171524136904876,-8.233036,0.0137566106064652,0.08656188427590245
832,COCCNC(=O)C1CN(c2ccc(C#N)c(C(F)(F)F)c2)CCN1C(=O)c1cscn1,0,0.653970187359184,0.0026669462762916,-5.6124983,0.0129609471210907,0.07675246188272165
833,COCCNC(=O)C1CN(c2ccc(C#N)c(C(F)(F)F)c2)CCN1C(=O)c1ccc(C)c(F)c1,0,0.494936445767732,0.0518501701135163,-3.0696778,0.0200213496252277,0.10712318544925929
834,CCC(C)(C)C(=O)N1CCN(c2ccc(C#N)c(C(F)(F)F)c2)CC1C(=O)NCCOC,0,0.640736640626449,0.0091539608305557,-3.2138033,0.0088050738093736,0.09283381380236778
835,COCCNC(=O)C1CN(c2ccc(C#N)c(C(F)(F)F)c2)CCN1C(=O)c1cccc(C)n1,0,0.644584622725258,0.0083246999370274,1.707801,0.0193457054056396,0.08502319961351043
836,COCCNC(=O)C1CN(c2ccc(C#N)c(C(F)(F)F)c2)CCN1C(=O)CC1CCCC1,0,0.624901289668621,0.0033214336215896,-5.9013114,0.0036871726539664,0.055882140945165394
837,COCCNC(=O)C1CN(c2ccc(C#N)c(C(F)(F)F)c2)CCN1C(=O)c1ccccn1,0,0.661747564350109,0.0125833036629322,-4.53966,0.0131977898622534,0.08582654039337773
838,COCCNC(=O)C1CN(c2ccc(C#N)c(C(F)(F)F)c2)CCN1C(=O)COc1ccccc1,0,0.571612609622431,0.0057010408046457,-0.08950138,0.0127715868281594,0.07946404536275027
839,COCCNC(=O)C1CN(c2ccc(C#N)c(C(F)(F)F)c2)CCN1C(=O)c1ncccc1C,0,0.644584622725257,0.0040157848117064,0.46066988,0.0140305116894542,0.08434562844101116
840,COCCNC(=O)C1CN(c2ccc(C#N)c(C(F)(F)F)c2)CCN1C(=O)c1ncccn1,0,0.647271553282522,0.0041521911463302,-3.6974435,0.0284182998466838,0.08831536251488187
841,COCCNC(=O)C1CN(c2ccc(C#N)c(C(F)(F)F)c2)CCN1C(=O)c1ccco1,0,0.678340118259578,0.0044121951257098,-7.096339,0.013011460485804,0.07286016955887407
842,COCCNC(=O)C1CN(c2ccc(C#N)c(C(F)(F)F)c2)CCN1S(C)(=O)=O,0,0.66450298635452,0.0027724648054467,-10.807155,0.0142098087910148,0.09913636462604655
843,COCCNC(=O)C1CN(c2ccc(C#N)c(C(F)(F)F)c2)CCN1C(=O)C(C)C,0,0.703779044436459,0.0108907270944393,-6.009008,0.0071754152852778,0.09215138150608694
844,COCCNC(=O)C1CN(c2ccc(C#N)c(C(F)(F)F)c2)CCN1C(=O)Cc1ccccc1C,0,0.606184478900531,0.0034386541427669,-8.042356,0.0167079978844114,0.0845347998540077
845,COCCNC(=O)C1CN(c2ccc(C#N)c(C(F)(F)F)c2)CCN1C(=O)CCc1ccccc1,0,0.57782722865897,0.0356317996720335,-8.172443,0.0071755655673107,0.07653793600171444
846,COCCNC(=O)C1CN(c2ccc(C#N)c(C(F)(F)F)c2)CCN1C(=O)c1cccn1C,0,0.662328648233518,0.0186433978034899,-2.7170658,0.0134684392389085,0.07971659897250902
847,CCC(=O)N1CCN(c2ccc(C#N)c(C(F)(F)F)c2)CC1C(=O)NCCOC,0,0.720134314223719,0.0023787047591566,-8.866381,0.0107959091000493,0.09149749245119777
848,CCCC(=O)N1CCN(c2ccc(C#N)c(C(F)(F)F)c2)CC1C(=O)NCCOC,0,0.675704146275762,0.0035452105643665,-9.288615,0.006301764723853,0.08464973870228587
849,COCCNC(=O)C1CN(c2ccc(C#N)c(C(F)(F)F)c2)CCN1C(=O)Cn1nc(C)cc1C,0,0.592318970967271,0.0067164004396558,-8.529476,0.03048212718705,0.08132301619191311
850,COCCNC(=O)C1CN(c2ccc(C#N)c(C(F)(F)F)c2)CCN1C(=O)c1ccccc1,0,0.670388601688002,0.0031006800019573,-5.161567,0.0082496370335236,0.08870626695265157
851,COCCNC(=O)C1CN(c2ccc(C#N)c(C(F)(F)F)c2)CCN1C(=O)Nc1ccc(C)cc1,0,0.60678867658543,0.0130666963571997,-5.33308,0.0172368557734008,0.09365885070908941
852,COCCNC(=O)C1CN(c2ccc(C#N)c(C(F)(F)F)c2)CCN1C(=O)Nc1ccccc1C,0,0.60678867658543,0.046333389639084,-2.7147067,0.020894635159211,0.08877383483399882
853,COCCNC(=O)C1CN(c2ccc(C#N)c(C(F)(F)F)c2)CCN1C(=O)c1ccccc1Cl,0,0.622640602574716,0.004322848088735,-6.7248836,0.0187277103762968,0.0903772094372068
854,COCCNC(=O)C1CN(c2ccc(C#N)c(C(F)(F)F)c2)CCN1C(=O)Nc1ccc(F)cc1,0,0.475990044190607,0.0244450221150741,-6.2309346,0.0325022198084797,0.1094461784937952
855,COCCNC(=O)C1CN(c2ccc(C#N)c(C(F)(F)F)c2)CCN1C(=O)Cc1ccccc1,0,0.623951418695152,0.0050762941327579,-10.216707,0.0095606643740552,0.09409816654339749
856,COCCNC(=O)C1CN(c2ccc(C#N)c(C(F)(F)F)c2)CCN1C(=O)NC1CCCC1,0,0.62687290624856,0.0259616029213103,0.49358642,0.0070878480393619,0.0598553376661524
857,COCCNC(=O)C1CN(c2ccc(C#N)c(C(F)(F)F)c2)CCN1C(=O)Cc1c(C)noc1C,0,0.58888928532038,0.0045123514579112,-7.31426,0.0297608876799248,0.08574172117314036
858,COCCNC(=O)C1CN(c2ccc(C#N)c(C(F)(F)F)c2)CCN1C(=O)NCCC(C)C,0,0.570715627874474,0.0393623209319048,-9.463255,0.016078269252343,0.08826122778385051
859,COCCNC(=O)C1CN(c2ccc(C#N)c(C(F)(F)F)c2)CCN1C(=O)NCC(C)C,0,0.614684029421283,0.043496331894319,-7.5310206,0.030193147458979,0.08894928081645616
860,COCCNC(=O)C1CN(c2ccc(C#N)c(C(F)(F)F)c2)CCN1C(=O)c1ccnn1C,0,0.648738240304471,0.0506685803403288,-3.3035853,0.0224123843693325,0.08536352924254817
861,CCn1nccc1C(=O)N1CCN(c2ccc(C#N)c(C(F)(F)F)c2)CC1C(=O)NCCOC,0,0.609986384173831,0.0038859093885065,0.78640354,0.0156936685075623,0.07891312209117984
862,CCn1ccc(C(=O)N2CCN(c3ccc(C#N)c(C(F)(F)F)c3)CC2C(=O)NCCOC)n1,0,0.609986384173831,0.0040252750135823,-2.4885223,0.0180099507223261,0.08365478047098046
863,COCCNC(=O)C1CN(c2ccc(C#N)c(C(F)(F)F)c2)CCN1C(=O)c1cc(C)n(C)n1,0,0.634497846377091,0.0359633561552411,-4.4555507,0.0614214594130268,0.09215985439436125
864,COCCNC(=O)C1CN(c2ccc(C#N)c(C(F)(F)F)c2)CCN1C(=O)c1c(C)noc1C,0,0.632955026465533,0.0046158905594294,-6.0720034,0.0280546354387206,0.0843185900445021
865,COCCNC(=O)C1CN(c2ccc(C#N)c(C(F)(F)F)c2)CCN1C(=O)c1cc(C)nn1C,0,0.634497846377091,0.0098745835708811,-1.1407654,0.0445243727656757,0.09656967633121961
866,COCCNC(=O)C1CN(c2ccc(C#N)c(C(F)(F)F)c2)CCN1C(=O)c1ccn(C)n1,0,0.648738240304471,0.006285033193644,-7.385643,0.0300968232782202,0.09146634590177236
867,COCCNC(=O)C1CN(c2ccc(C#N)c(C(F)(F)F)c2)CCN1C(=O)CCn1cccn1,0,0.579027788178579,0.0069257943272602,1.813325,0.0104538045330112,0.08056435898810352
868,COCCNC(=O)C1CN(c2ccc(C#N)c(C(F)(F)F)c2)CCN1C(=O)CCn1cc(C)cn1,0,0.565408655665548,0.0377071762756545,-4.096885,0.0183021102893909,0.0876371390267306
869,COCCNC(=O)C1CN(c2ccc(C#N)c(C(F)(F)F)c2)CCN1C(=O)Cn1cc(C)cn1,0,0.606255959500802,0.0211108639885216,-5.558292,0.0150097723412356,0.08372694561816818
870,COCCNC(=O)C1CN(c2ccc(C#N)c(C(F)(F)F)c2)CCN1C(=O)c1ccccc1C,0,0.65106220481914,0.0063637602971573,-5.7168307,0.0107439909837719,0.08500846911434631
871,COCCNC(=O)C1CN(c2ccc(C#N)c(C(F)(F)F)c2)CCN1C(=O)c1ccc(C)cc1,0,0.65106220481914,0.0071622941321633,-5.432426,0.0103406525027517,0.0917361423269463
872,CN(C)C(=O)C1CN(c2ccc(C#N)c(C(F)(F)F)c2)CCN1S(=O)(=O)c1ccccc1,0,0.691621667911984,0.0020690628423087,-8.192258,0.0105187918673005,0.09992632036575
873,CN(C)C(=O)C1CN(c2ccc(C#N)c(C(F)(F)F)c2)CCN1S(=O)(=O)Cc1ccccc1,0,0.657175202824992,0.0023383348423845,-8.706026,0.0116748407104796,0.09558262237919984
874,CN(C)C(=O)C1CN(c2ccc(C#N)c(C(F)(F)F)c2)CCN1C(=O)c1ccoc1,0,0.76265999210172,0.0032361632261229,2.4746609,0.0166311426569386,0.08670785813028666
875,CCc1ccc(C(=O)N2CCN(c3ccc(C#N)c(C(F)(F)F)c3)CC2C(=O)N(C)C)cc1,0,0.702875871883607,0.0026286599095338,0.7913798,0.0112572934479888,0.10804761099304203
876,CCCS(=O)(=O)N1CCN(c2ccc(C#N)c(C(F)(F)F)c2)CC1C(=O)N(C)C,0,0.709626290123951,0.0011469001466378,-8.146304,0.0107559543966112,0.10726791857475475
877,CN(C)C(=O)C1CN(c2ccc(C#N)c(C(F)(F)F)c2)CCN1C(=O)NC1CCCCC1,0,0.765622311146322,0.003757380859529,3.410769,0.0073039019297714,0.09190939059589766
878,CN(C)C(=O)C1CN(c2ccc(C#N)c(C(F)(F)F)c2)CCN1C(=O)c1ccccc1F,0,0.677118727653329,0.0025152148560285,-0.86476225,0.0220612063254382,0.11905768917249238
879,COc1cccc(CC(=O)N2CCN(c3ccc(C#N)c(C(F)(F)F)c3)CC2C(=O)N(C)C)c1,0,0.666235606046231,0.0044281824756907,-5.6574016,0.0125478870513351,0.08544908605203728
880,CN(C)C(=O)C1CN(c2ccc(C#N)c(C(F)(F)F)c2)CCN1C(=O)c1cccs1,0,0.741897416407882,0.0016385768839872,0.5169517,0.0091553682028876,0.07401356180649218
881,Cc1cccc(C(=O)N2CCN(c3ccc(C#N)c(C(F)(F)F)c3)CC2C(=O)N(C)C)c1,0,0.72873490179561,0.0063620281663964,-1.4934452,0.0091532071309107,0.08753972168376002
882,Cc1ccc(CC(=O)N2CCN(c3ccc(C#N)c(C(F)(F)F)c3)CC2C(=O)N(C)C)cc1,0,0.705743003227763,0.0035655121892738,-7.2741537,0.010622546362915,0.08411554489087089
883,CC(C)CC(=O)N1CCN(c2ccc(C#N)c(C(F)(F)F)c2)CC1C(=O)N(C)C,0,0.765625223551832,0.0023569587176477,-12.438127,0.0168474604739968,0.10057408270434498
884,COc1ccccc1C(=O)N1CCN(c2ccc(C#N)c(C(F)(F)F)c2)CC1C(=O)N(C)C,0,0.701310515299071,0.0024892551620159,3.5395522,0.0101620640189759,0.08789654827805364
885,Cc1cc(C)cc(C(=O)N2CCN(c3ccc(C#N)c(C(F)(F)F)c3)CC2C(=O)N(C)C)c1,0,0.704908921181791,0.0025868777555046,2.917263,0.0132519851281476,0.08742677086070531
886,Cc1ccsc1C(=O)N1CCN(c2ccc(C#N)c(C(F)(F)F)c2)CC1C(=O)N(C)C,0,0.719333616455522,0.0042862829235454,-1.4819074,0.0091532646087996,0.07188248839818343
887,CN(C)C(=O)C1CN(c2ccc(C#N)c(C(F)(F)F)c2)CCN1C(=O)c1cccc(F)c1,0,0.677118727653329,0.0047649387746822,-5.655742,0.0168595669438965,0.12931767766752406
888,CN(C)C(=O)C1CN(c2ccc(C#N)c(C(F)(F)F)c2)CCN1C(=O)Cc1cccc(F)c1,0,0.655494606701236,0.0049287335844329,-11.967816,0.0136719541607712,0.09963660756896993
889,Cc1ccc(C(=O)N2CCN(c3ccc(C#N)c(C(F)(F)F)c3)CC2C(=O)N(C)C)c(C)c1,0,0.704908921181791,0.0030127575288711,-2.2452621,0.0092657464854771,0.09378161342418302
890,CCOc1ccc(C(=O)N2CCN(c3ccc(C#N)c(C(F)(F)F)c3)CC2C(=O)N(C)C)cc1,0,0.664138860627667,0.0031732703488005,1.8416859,0.0245893858125263,0.09625911361276927
891,COc1cccc(C(=O)N2CCN(c3ccc(C#N)c(C(F)(F)F)c3)CC2C(=O)N(C)C)c1,0,0.701310515299071,0.0029509164529762,-1.2312827,0.0148105423575714,0.09619907498070138
892,CN(C)C(=O)C1CN(c2ccc(C#N)c(C(F)(F)F)c2)CCN1C(=O)Cc1ccc(F)cc1,0,0.655494606701236,0.0046274551653602,-9.702124,0.0164260762477695,0.108825737866902
893,CN(C)C(=O)C1CN(c2ccc(C#N)c(C(F)(F)F)c2)CCN1S(=O)(=O)c1ccccc1F,0,0.623472811487346,0.0018400373686794,-12.355698,0.01579206537026,0.1072475079215131
894,COc1ccc(C(=O)N2CCN(c3ccc(C#N)c(C(F)(F)F)c3)CC2C(=O)N(C)C)c(C)c1,0,0.679753016300824,0.0030818265605779,-4.0944633,0.0237589579787253,0.10126593283142782
895,CCOCC(=O)N1CCN(c2ccc(C#N)c(C(F)(F)F)c2)CC1C(=O)N(C)C,0,0.736184847037874,0.0017927089924635,-0.54785955,0.0209580665703121,0.10297209080949163
896,CCNC(=O)N1CCN(c2ccc(C#N)c(C(F)(F)F)c2)CC1C(=O)N(C)C,0,0.844848885488819,0.0050988355759317,1.9171063,0.0216799503212479,0.10271113999169443
897,CN(C)C(=O)C1CN(c2ccc(C#N)c(C(F)(F)F)c2)CCN1S(=O)(=O)c1cccc(F)c1,0,0.623472811487346,0.0026831783766487,-13.438752,0.0173221625394973,0.11585691840674603
898,CN(C)C(=O)C1CN(c2ccc(C#N)c(C(F)(F)F)c2)CCN1S(=O)(=O)c1cccnc1,0,0.681888830804702,0.0050253596604317,-11.602318,0.0117103233840624,0.09757825067485097
899,CN(C)C(=O)C1CN(c2ccc(C#N)c(C(F)(F)F)c2)CCN1C(=O)Cc1ccccc1Cl,0,0.673409045351928,0.0057754350397874,-10.887473,0.0097831807646147,0.09490904973587141
900,CC(C)NC(=O)N1CCN(c2ccc(C#N)c(C(F)(F)F)c2)CC1C(=O)N(C)C,0,0.827730586084161,0.0020836149050016,5.761041,0.0220325560105931,0.11465903056374352
901,CN(C)C(=O)C1CN(c2ccc(C#N)c(C(F)(F)F)c2)CCN1C(=O)CC1CCCC1,0,0.72676180969878,0.0014961046651855,-2.8189592,0.004316870481525,0.0622841463225383
902,CN(C)C(=O)C1CN(c2ccc(C#N)c(C(F)(F)F)c2)CCN1C(=O)COc1ccccc1,0,0.686033772210629,0.0025202686777823,1.9736294,0.0087548615123597,0.08107233925732601
903,CC(C)C(=O)N1CCN(c2ccc(C#N)c(C(F)(F)F)c2)CC1C(=O)N(C)C,0,0.786659838755722,0.0016907086737711,-3.5984073,0.0142348155479069,0.10365225529703088
904,Cc1ccccc1CC(=O)N1CCN(c2ccc(C#N)c(C(F)(F)F)c2)CC1C(=O)N(C)C,0,0.705743003227763,0.0024334732930831,-3.182848,0.0140424461631215,0.08399303823278984
905,CN(C)C(=O)C1CN(c2ccc(C#N)c(C(F)(F)F)c2)CCN1C(=O)CCc1ccccc1,0,0.689646841981392,0.0039337851144579,-8.45578,0.0068210992218004,0.08545580387347104
906,CCOc1ccc(CC(=O)N2CCN(c3ccc(C#N)c(C(F)(F)F)c3)CC2C(=O)N(C)C)cc1,0,0.623688951502974,0.0047570464564371,-2.6069875,0.0202060252480952,0.08638921581814668
907,CCC(=O)N1CCN(c2ccc(C#N)c(C(F)(F)F)c2)CC1C(=O)N(C)C,0,0.802983567720861,0.0014046355640344,-7.014812,0.0190599889857113,0.11198453949396989
908,CC(=O)N1CCN(c2ccc(C#N)c(C(F)(F)F)c2)CC1C(=O)N(C)C,0,0.79700833273033,0.001649457099069,-3.6314292,0.0369773049415831,0.1107883301258441
909,COCCCNC(=O)N1CCN(c2ccc(C#N)c(C(F)(F)F)c2)CC1C(=O)N(C)C,0,0.681609042581419,0.0199390638132327,-1.3236604,0.0310238299162107,0.09998957613395651
910,CN(C)C(=O)C1CN(c2ccc(C#N)c(C(F)(F)F)c2)CCN1C(=O)c1ccnn1C,0,0.734700394565337,0.004612514402992,2.360485,0.0353072632098658,0.10317568149147678
911,CCn1cc(C(=O)N2CCN(c3ccc(C#N)c(C(F)(F)F)c3)CC2C(=O)N(C)C)cn1,0,0.716165906048739,0.0028394177165412,7.007478,0.022402829228609,0.10189523086281263
912,CCn1nccc1C(=O)N1CCN(c2ccc(C#N)c(C(F)(F)F)c2)CC1C(=O)N(C)C,0,0.716165906048739,0.0024221043959178,6.1337757,0.0191092155932571,0.09773098162506237
913,CCn1ccc(C(=O)N2CCN(c3ccc(C#N)c(C(F)(F)F)c3)CC2C(=O)N(C)C)n1,0,0.716165906048739,0.0024726863948434,2.896237,0.0244311297666693,0.10645250893726152
914,Cc1cc(C(=O)N2CCN(c3ccc(C#N)c(C(F)(F)F)c3)CC2C(=O)N(C)C)nn1C,0,0.717573004528683,0.0026214645453414,1.149031,0.0758076677916193,0.09889357073117415
915,Cc1cc(C(=O)N2CCN(c3ccc(C#N)c(C(F)(F)F)c3)CC2C(=O)N(C)C)n(C)n1,0,0.717573004528683,0.0045606812173411,3.7695956,0.0553196272060255,0.1001180647139966
916,Cc1ccc(S(=O)(=O)N2CCN(c3ccc(C#N)c(C(F)(F)F)c3)CC2C(=O)N(C)C)cc1,0,0.672088913933568,0.0023507313369875,-6.0793715,0.0146133491183355,0.09178295617704509
917,Cc1cc(C(=O)N2CC(C(N)=O)C3(CCN(c4ccc(C#N)c(C(F)(F)F)c4)CC3)C2)c(C)o1,0,0.73181166205697,0.0049430236974465,8.846887,0.0800218324691395,0.08933951142094068
918,N#Cc1ccc(N2CCC3(CC2)CN(C(=O)C2CC2)CC3C(N)=O)cc1C(F)(F)F,0,0.81369806893805,0.0025231008127566,-2.646378,0.0313196062466481,0.10347027120772263
919,Cc1ccc(C(=O)N2CC(C(N)=O)C3(CCN(c4ccc(C#N)c(C(F)(F)F)c4)CC3)C2)cn1,0,0.741011363709534,0.00442124990521,0.8695692,0.0426211398983603,0.1193493409195295
920,N#Cc1ccc(N2CCC3(CC2)CN(C(=O)c2ccsc2)CC3C(N)=O)cc1C(F)(F)F,0,0.756285656215495,0.0038114292314712,-4.318567,0.043500737924143,0.09491096953122749
921,Cc1cnc(C(=O)N2CC(C(N)=O)C3(CCN(c4ccc(C#N)c(C(F)(F)F)c4)CC3)C2)cn1,0,0.733967577313461,0.0039821251103954,3.6196842,0.0435970387895922,0.11794782711865566
922,CC(C)NC(=O)N1CC(C(N)=O)C2(CCN(c3ccc(C#N)c(C(F)(F)F)c3)CC2)C1,0,0.759010485470149,0.0353469111360286,5.2769265,0.0271341683920608,0.13449287156185563
923,CCN(CC)C(=O)N1CC(C(N)=O)C2(CCN(c3ccc(C#N)c(C(F)(F)F)c3)CC2)C1,0,0.761528251076785,0.008700572507518,1.865661,0.0321740091285777,0.13651065133826495
924,N#Cc1ccc(N2CCC3(CC2)CN(C(=O)c2cscn2)CC3C(N)=O)cc1C(F)(F)F,0,0.754074235387415,0.004330506506681,0.8087405,0.0420484436647881,0.09021625330395452
925,Cc1ccc(C(=O)N2CC(C(N)=O)C3(CCN(c4ccc(C#N)c(C(F)(F)F)c4)CC3)C2)cc1F,0,0.664590251417688,0.0285629883267826,4.0150175,0.1011918295453279,0.12087867442706712
926,N#Cc1ccc(N2CCC3(CC2)CN(C(=O)c2ccncn2)CC3C(N)=O)cc1C(F)(F)F,0,0.754033058601882,0.0043520151303741,6.617718,0.0452652577113463,0.11364130054640924
927,CCCNC(=O)N1CC(C(N)=O)C2(CCN(c3ccc(C#N)c(C(F)(F)F)c3)CC2)C1,0,0.756068757737669,0.0143560788428055,2.167326,0.0198406863788868,0.12127361571743574
928,Cc1ccc(NC(=O)N2CC(C(N)=O)C3(CCN(c4ccc(C#N)c(C(F)(F)F)c4)CC3)C2)cc1C,0,0.652282257654805,0.0130208917238176,1.43334,0.1359761957476594,0.11029000060436318
929,CCc1ccccc1NC(=O)N1CC(C(N)=O)C2(CCN(c3ccc(C#N)c(C(F)(F)F)c3)CC2)C1,0,0.65198335953501,0.0168013860119841,1.8248013,0.0717147093822135,0.10632623427352121
930,CCn1nccc1C(=O)N1CC(C(N)=O)C2(CCN(c3ccc(C#N)c(C(F)(F)F)c3)CC2)C1,0,0.733059635245737,0.0026592238706008,9.011845,0.0556297656782769,0.11141467965593013
931,Cc1cc(C(=O)N2CC(C(N)=O)C3(CCN(c4ccc(C#N)c(C(F)(F)F)c4)CC3)C2)n(C)n1,0,0.735375696023702,0.0101541760472439,6.081945,0.0652276001377769,0.10560055721058048
932,N#Cc1ccc(N2CCC3(CC2)CN(C(=O)CCn2cccn2)CC3C(N)=O)cc1C(F)(F)F,0,0.716054194641714,0.0018746567804784,7.440315,0.0471902814158486,0.1014560489357144
933,CC(C)(C)C(=O)N1CC(C(N)=O)C2(CCN(c3ccc(C#N)c(C(F)(F)F)c3)CC2)C1,0,0.771212298776022,0.0050509509807278,-3.739615,0.0233514454598315,0.1462511807922232
934,CNC(=O)C1CN(C(=O)COC)CC12CCN(c1ccc(C#N)c(C(F)(F)F)c1)CC2,0,0.777556797490752,0.0020350173637547,-0.03887427,0.0163460996439366,0.13041491972810437
935,CNC(=O)C1CN(C(=O)C2(C)CC2)CC12CCN(c1ccc(C#N)c(C(F)(F)F)c1)CC2,0,0.770846528750718,0.003887282614513,-7.3422303,0.0227423738417173,0.06766378830706837
936,CNC(=O)C1CN(C(=O)c2cc(C)cc(C)c2)CC12CCN(c1ccc(C#N)c(C(F)(F)F)c1)CC2,0,0.684888944389519,0.0154793790158925,4.5791616,0.046785913543305,0.0878955233886072
937,CNC(=O)C1CN(C(=O)c2ccc(C)s2)CC12CCN(c1ccc(C#N)c(C(F)(F)F)c1)CC2,0,0.704458386865447,0.0129647710810097,6.579121,0.0287521722791054,0.06914387846570999
938,CNC(=O)C1CN(Cc2scnc2C)CC12CCN(c1ccc(C#N)c(C(F)(F)F)c1)CC2,0,0.725312471820822,0.0063176804695109,4.58624,0.0286923242458612,0.058170382257338046
939,CNC(=O)C1CN(C(=O)c2cc(C)ccc2C)CC12CCN(c1ccc(C#N)c(C(F)(F)F)c1)CC2,0,0.684888944389519,0.0125152463050775,1.7743956,0.053895191333042,0.09102299636493719
940,CNC(=O)C1CN(C(=O)c2ccc(C)nc2)CC12CCN(c1ccc(C#N)c(C(F)(F)F)c1)CC2,0,0.720169010393864,0.0112121949376321,1.6507167,0.0336942280439725,0.09293522210096969
941,CNC(=O)C1CN(C(=O)Cc2cccnc2)CC12CCN(c1ccc(C#N)c(C(F)(F)F)c1)CC2,0,0.719413274833053,0.00468452552793,3.160768,0.040893404044129,0.10154788225285782
942,CNC(=O)C1CN(C(=O)c2cnc(C)cn2)CC12CCN(c1ccc(C#N)c(C(F)(F)F)c1)CC2,0,0.716037228747844,0.0090443591870228,4.1072164,0.0339934012742908,0.10395639693506871
943,CNC(=O)C1CN(C(=O)Nc2cccc(C)c2)CC12CCN(c1ccc(C#N)c(C(F)(F)F)c1)CC2,0,0.65616226953999,0.008441751486168,1.7100157,0.0435072752560044,0.08624507795374291
944,CNC(=O)C1CN(C(=O)NC(C)C)CC12CCN(c1ccc(C#N)c(C(F)(F)F)c1)CC2,0,0.7397604828048,0.0167626422414262,5.1986914,0.0250452769262855,0.13131407158000707
945,CNC(=O)C1CN(C(=O)C2=NNC(=O)CC2)CC12CCN(c1ccc(C#N)c(C(F)(F)F)c1)CC2,0,0.668056714910969,0.0145484676397428,8.769839,0.0310256953877438,0.11557011555374319
946,CNC(=O)C1CN(C(=O)c2ccncn2)CC12CCN(c1ccc(C#N)c(C(F)(F)F)c1)CC2,0,0.736571146189117,0.0038881472725471,7.0259337,0.0311477330562734,0.09944859542630514
947,CNC(=O)C1CN(S(C)(=O)=O)CC12CCN(c1ccc(C#N)c(C(F)(F)F)c1)CC2,0,0.767553928163627,0.0031418642482631,3.9184222,0.0207585487613531,0.12624748070997682
948,CNC(=O)C1CN(C(=O)c2ccncc2)CC12CCN(c1ccc(C#N)c(C(F)(F)F)c1)CC2,0,0.743401981750085,0.0051310184890589,2.7546325,0.0260806908421465,0.09046112871711973
949,CNC(=O)C1CN(C(=O)C(C)C)CC12CCN(c1ccc(C#N)c(C(F)(F)F)c1)CC2,0,0.790437993971983,0.0041844529480525,-0.86298364,0.0163171994004471,0.12305752991724969
950,CNC(=O)C1CN(C(=O)N(C)C)CC12CCN(c1ccc(C#N)c(C(F)(F)F)c1)CC2,0,0.771306566404559,0.0070964714298019,4.0439,0.0153263143474465,0.0922253282198507
951,CNC(=O)C1CN(Cc2ccccc2)CC12CCN(c1ccc(C#N)c(C(F)(F)F)c1)CC2,0,0.754574740961296,0.0060879386837725,0.38227105,0.0212922505767903,0.07931409031567059
952,CNC(=O)C1CN(C(=O)c2ccccc2)CC12CCN(c1ccc(C#N)c(C(F)(F)F)c1)CC2,0,0.742712815374175,0.0049950114464746,2.1405244,0.026377949595119,0.09031343729030314
953,CCn1cc(C(=O)N2CC(C(=O)NC)C3(CCN(c4ccc(C#N)c(C(F)(F)F)c4)CC3)C2)cn1,0,0.71445173067618,0.0076658219661134,8.79999,0.0333633424370647,0.0862352148472326
954,CCn1ccc(C(=O)N2CC(C(=O)NC)C3(CCN(c4ccc(C#N)c(C(F)(F)F)c4)CC3)C2)n1,0,0.71445173067618,0.0034585876570357,6.467075,0.0326006809674606,0.0823108162649149
955,CNC(=O)C1CN(C(=O)CN2CCCC2=O)CC12CCN(c1ccc(C#N)c(C(F)(F)F)c1)CC2,0,0.695128057591882,0.001375520142119,8.089799,0.041093749690141,0.10764077322046636
956,CNC(=O)C1CN(C(=O)Cn2cc(C)cn2)CC12CCN(c1ccc(C#N)c(C(F)(F)F)c1)CC2,0,0.71416203805039,0.0056372023088582,7.917022,0.0507209484819765,0.07554401368441102
957,CNC(=O)C1CN(C(=O)Cn2ccc(C)n2)CC12CCN(c1ccc(C#N)c(C(F)(F)F)c1)CC2,0,0.71416203805039,0.0041447850381873,-2.3821669,0.0518109757737174,0.08259492069988486
958,CNC(=O)C1CN(C(=O)Cn2ccnc2C)CC12CCN(c1ccc(C#N)c(C(F)(F)F)c1)CC2,0,0.71416203805039,0.0101057138199807,3.902287,0.0475626692816733,0.07346840888794168
959,CNC(=O)C1CN(Cc2cccs2)CC12CCN(c1ccc(C#N)c(C(F)(F)F)c1)CC2,0,0.74333921727441,0.0221434348144048,3.5484576,0.0185509716469974,0.05976564715233114
960,CNC(=O)C1CN(C(=O)c2ccccc2C)CC12CCN(c1ccc(C#N)c(C(F)(F)F)c1)CC2,0,0.714990423185659,0.0079448977997114,4.867856,0.032784588626989,0.09446105959862233
961,CCS(=O)(=O)N1CC(C(=O)NC2CC2)C2(CCN(c3ccc(C#N)c(C(F)(F)F)c3)CC2)C1,0,0.693844456873525,0.0033125112649229,6.7266984,0.0397604445680843,0.09491601167676501
962,N#Cc1ccc(N2CCC3(CC2)CN(C(=O)C2CC2)CC3C(=O)NC2CC2)cc1C(F)(F)F,0,0.74818164128111,0.0059722325543714,-1.8607621,0.0208846153311312,0.08434899311697014
963,Cc1ccc(CN2CC(C(=O)NC3CC3)C3(CCN(c4ccc(C#N)c(C(F)(F)F)c4)CC3)C2)nc1,0,0.667914340642195,0.0066906845586969,-1.7660747,0.0257084449593927,0.055093294364511304
964,N#Cc1ccc(N2CCC3(CC2)CN(Cc2ccsc2)CC3C(=O)NC2CC2)cc1C(F)(F)F,0,0.66658017079723,0.0062717152628509,-0.79434097,0.0300987752253464,0.056027889396674656
965,COCCC(=O)N1CC(C(=O)NC2CC2)C2(CCN(c3ccc(C#N)c(C(F)(F)F)c3)CC2)C1,0,0.679726268412815,0.0032651574375079,-0.16201496,0.0227632611366929,0.08868592690288266
966,CCOCC(=O)N1CC(C(=O)NC2CC2)C2(CCN(c3ccc(C#N)c(C(F)(F)F)c3)CC2)C1,0,0.679726268412815,0.0035228630753784,0.53982866,0.0278749919156385,0.0840856373920016
967,CCNC(=O)N1CC(C(=O)NC2CC2)C2(CCN(c3ccc(C#N)c(C(F)(F)F)c3)CC2)C1,0,0.718408219360701,0.0258923274931785,3.9902005,0.0218550354646042,0.08645162734552965
968,CC(C)S(=O)(=O)N1CC(C(=O)NC2CC2)C2(CCN(c3ccc(C#N)c(C(F)(F)F)c3)CC2)C1,0,0.673511679972112,0.0091674197298618,4.904443,0.0444703432191032,0.0869094171811995
969,Cn1cccc1CN1CC(C(=O)NC2CC2)C2(CCN(c3ccc(C#N)c(C(F)(F)F)c3)CC2)C1,0,0.697668213112432,0.0079650417558328,-1.5860189,0.0286862088683817,0.05723816507966399
970,N#Cc1ccc(N2CCC3(CC2)CN(C(=O)c2ccncn2)CC3C(=O)NC2CC2)cc1C(F)(F)F,0,0.695556677207014,0.0076922745707351,9.050714,0.0291633871183747,0.07353293565942855
971,N#Cc1ccc(N2CCC3(CC2)CN(C(=O)c2cncnc2)CC3C(=O)NC2CC2)cc1C(F)(F)F,0,0.695556677207014,0.0076922745707351,-3.8990154,0.0271933363624754,0.07429955608616168
972,N#Cc1ccc(N2CCC3(CC2)CN(C(=O)c2ccco2)CC3C(=O)NC2CC2)cc1C(F)(F)F,0,0.710159978921738,0.0021814919204635,0.9978756,0.0258874015162526,0.0607332477023832
973,CS(=O)(=O)N1CC(C(=O)NC2CC2)C2(CCN(c3ccc(C#N)c(C(F)(F)F)c3)CC2)C1,0,0.729247334449701,0.0039520774717393,4.790459,0.0453102739826218,0.08956152746206289
974,Cn1cccc1C(=O)N1CC(C(=O)NC2CC2)C2(CCN(c3ccc(C#N)c(C(F)(F)F)c3)CC2)C1,0,0.697856845598747,0.0043467029595357,5.952813,0.0234111534239567,0.057965129759855384
975,N#Cc1ccc(N2CCC3(CC2)CN(Cc2ccccc2)CC3C(=O)NC2CC2)cc1C(F)(F)F,0,0.678259824891842,0.007749413986068,2.1626558,0.0201511380351401,0.06148194703609476
976,COCCNC(=O)C1CN(C(=O)COC)CC12CCN(c1ccc(C#N)c(C(F)(F)F)c1)CC2,0,0.598046014817837,0.0052572198429521,-4.0540147,0.0183605888136727,0.118276768809531
977,COCCNC(=O)C1CN(C(=O)C(C)C)CC12CCN(c1ccc(C#N)c(C(F)(F)F)c1)CC2,0,0.632989677641925,0.0098601999898153,-5.3669076,0.026499311688203,0.09502193232156508
978,CCC(=O)N1CC(C(=O)NCCOC)C2(CCN(c3ccc(C#N)c(C(F)(F)F)c3)CC2)C1,0,0.652049803191421,0.0044535169690311,-3.760178,0.019508840207426,0.10049259893984537
979,COCCNC(=O)C1CN(C(=O)C(C)(C)C)CC12CCN(c1ccc(C#N)c(C(F)(F)F)c1)CC2,0,0.634310706330011,0.0100882099669745,-8.947519,0.0286106684784553,0.09149141630088482
980,COCC(=O)N1CC(C(=O)N2CCCC2)C2(CCN(c3ccc(C#N)c(C(F)(F)F)c3)CC2)C1,0,0.665340545784642,0.0029991470720695,-6.147315,0.0247636863078168,0.09507803903180048
981,N#Cc1ccc(N2CCC3(CC2)CN(C(=O)C2CC2)CC3C(=O)N2CCCC2)cc1C(F)(F)F,0,0.67084863271232,0.0034119622815225,-8.97917,0.019129414553644,0.08724682584827773
982,CC(C)C(=O)N1CC(C(=O)N2CCCC2)C2(CCN(c3ccc(C#N)c(C(F)(F)F)c3)CC2)C1,0,0.663790054317109,0.0105025341449847,-6.5395136,0.0238650830495308,0.10480296067567658
983,CN(C)C(=O)N1CC(C(=O)N2CCCC2)C2(CCN(c3ccc(C#N)c(C(F)(F)F)c3)CC2)C1,0,0.654829625045162,0.0059040691539138,-1.014445,0.0279517679739386,0.08115783148161364
984,CNC(=O)N1CC(C(=O)N2CCCC2)C2(CCN(c3ccc(C#N)c(C(F)(F)F)c3)CC2)C1,0,0.731339147626921,0.0099575130843227,0.24193823,0.0220359099071384,0.09637010353245587
985,Cc1oncc1C(=O)N1CC(C(=O)N(C)C)C2(CCN(c3ccc(C#N)c(C(F)(F)F)c3)CC2)C1,0,0.656829754380846,0.0064206957917421,0.77737963,0.0449521296612401,0.08598129071748405
986,CN(C)C(=O)C1CN(C(=O)Nc2ccccc2)CC12CCN(c1ccc(C#N)c(C(F)(F)F)c1)CC2,0,0.678455996564352,0.0134747639185974,4.3844714,0.0410990764675819,0.09176100399585484
987,Cc1ccc(CN2CC(C(=O)N(C)C)C3(CCN(c4ccc(C#N)c(C(F)(F)F)c4)CC3)C2)nc1,0,0.653028168976313,0.0067578065420686,-1.0738841,0.0183146450871156,0.08557586298829403
988,CCOCC(=O)N1CC(C(=O)N(C)C)C2(CCN(c3ccc(C#N)c(C(F)(F)F)c3)CC2)C1,0,0.667148192400894,0.0021601716155903,1.2784299,0.0184317220220484,0.1400362838122316
989,CN(C)C(=O)C1CN(C(=O)c2ccsc2)CC12CCN(c1ccc(C#N)c(C(F)(F)F)c1)CC2,0,0.650307163670052,0.0122490400487623,-0.9781829,0.0218198615891308,0.07739086809891246
990,CN(C)C(=O)C1CN(C(=O)Cc2cccnc2)CC12CCN(c1ccc(C#N)c(C(F)(F)F)c1)CC2,0,0.644790720158192,0.003988550567578,5.7297144,0.0368608156760483,0.11245701183426962
991,CN(C)C(=O)C1CN(C(=O)C2CCOCC2)CC12CCN(c1ccc(C#N)c(C(F)(F)F)c1)CC2,0,0.648178610053094,0.008060373305913,4.088448,0.031395834530974,0.1246751082071014
992,CN(C)C(=O)C1CN(Cc2cccnc2)CC12CCN(c1ccc(C#N)c(C(F)(F)F)c1)CC2,0,0.679336593582797,0.0022206277588086,1.5867506,0.0160746223345549,0.08084426345141413
993,Cc1cccnc1C(=O)N1CC(C(=O)N(C)C)C2(CCN(c3ccc(C#N)c(C(F)(F)F)c3)CC2)C1,0,0.643157718982875,0.0018269197819949,10.329378,0.0502532882982928,0.09731690608743059
994,CN(C)C(=O)C1CN(C(=O)c2ccncn2)CC12CCN(c1ccc(C#N)c(C(F)(F)F)c1)CC2,0,0.662572571697341,0.0047085013934444,8.8447275,0.0325722323347502,0.09745658477947435
995,CN(C)C(=O)C1CN(C(=O)c2ccncc2)CC12CCN(c1ccc(C#N)c(C(F)(F)F)c1)CC2,0,0.665770403146486,0.005678128525999,4.9472337,0.0272134449317735,0.0924738456855554
996,CCC(=O)N1CC(C(=O)N(C)C)C2(CCN(c3ccc(C#N)c(C(F)(F)F)c3)CC2)C1,0,0.730347399036118,0.0041827106714791,3.8160677,0.0137144574532783,0.13921560471188335
997,CN(C)C(=O)C1CN(C(=O)c2ccccc2)CC12CCN(c1ccc(C#N)c(C(F)(F)F)c1)CC2,0,0.66010754903449,0.0214112242095002,4.724851,0.0267356022471255,0.09017386448857363
998,CC(C)CCNC(=O)N1CC(C(=O)N(C)C)C2(CCN(c3ccc(C#N)c(C(F)(F)F)c3)CC2)C1,0,0.674054310873169,0.0183859454225158,-0.81045234,0.033581826269427,0.09586654864203667
999,CN(C)C(=O)C1CN(C(=O)c2cnn(C)c2)CC12CCN(c1ccc(C#N)c(C(F)(F)F)c1)CC2,0,0.66348841659163,0.0040388884293844,6.5289474,0.0390304964252159,0.0818599004712498
1000,CN(C)C(=O)C1CN(C(=O)c2nccn2C)CC12CCN(c1ccc(C#N)c(C(F)(F)F)c1)CC2,0,0.66348841659163,0.0042393410409794,8.147013,0.0481949881919533,0.07194021321588442
1001,CN(C)C(=O)C1CN(C(=O)Cn2cccn2)CC12CCN(c1ccc(C#N)c(C(F)(F)F)c1)CC2,0,0.660703379724057,0.0024401073458431,8.714964,0.0466797533173418,0.09663380698989728
1002,Cc1ccccc1C(=O)N1CC(C(=O)N(C)C)C2(CCN(c3ccc(C#N)c(C(F)(F)F)c3)CC2)C1,0,0.631899800284753,0.0045859276155092,6.790068,0.0502388953077668,0.09366293478159518
1003,Cc1ccc(C(=O)N2CC(C(=O)N(C)C)C3(CCN(c4ccc(C#N)c(C(F)(F)F)c4)CC3)C2)cc1,0,0.631899800284753,0.0140851113252486,3.8570018,0.0409430415952716,0.09315314252776749
1004,CN(C)C(=O)C1CN(C(=O)C(C)(C)C)CC12CCN(c1ccc(C#N)c(C(F)(F)F)c1)CC2,0,0.668627635922243,0.0048778414844737,0.5355803,0.0321660290533285,0.09955829905557464
1005,N#Cc1ccc(N2CC(C(N)=O)C3(CCN(C(=O)C4CCCCC4)CC3)C2)cc1C(F)(F)F,0,0.741946308362864,0.0039584722579753,7.5041404,0.0474685564292293,0.11984328828208982
1006,N#Cc1ccc(N2CC(C(N)=O)C3(CCN(C(=O)NC4CCCCC4)CC3)C2)cc1C(F)(F)F,0,0.694132729321892,0.0115292962309381,4.1506004,0.0440233069506274,0.10082805706695719
1007,N#Cc1ccc(N2CC(C(N)=O)C3(CCN(C(=O)c4cccs4)CC3)C2)cc1C(F)(F)F,0,0.756285656215495,0.003213048634361,5.441648,0.0559547904999268,0.09199267479349263
1008,Cc1cccc(C(=O)N2CCC3(CC2)CN(c2ccc(C#N)c(C(F)(F)F)c2)CC3C(N)=O)c1,0,0.740298999799863,0.0068813383775296,2.117962,0.0687066392846783,0.11265015425183453
1009,CCC(CC)C(=O)N1CCC2(CC1)CN(c1ccc(C#N)c(C(F)(F)F)c1)CC2C(N)=O,0,0.742990329874188,0.0022494327285965,5.1553903,0.0436872677440373,0.1336678603039405
1010,COc1ccc(C(=O)N2CCC3(CC2)CN(c2ccc(C#N)c(C(F)(F)F)c2)CC3C(N)=O)cc1,0,0.714001099042771,0.004855107326015,5.3628674,0.0615369732985555,0.10411908080544854
1011,N#Cc1ccc(N2CC(C(N)=O)C3(CCN(C(=O)Cc4cccc(F)c4)CC3)C2)cc1C(F)(F)F,0,0.667567690615701,0.0053101515014564,0.8527287,0.0763091922166613,0.125204029235692
1012,Cc1ccc(C(=O)N2CCC3(CC2)CN(c2ccc(C#N)c(C(F)(F)F)c2)CC3C(N)=O)s1,0,0.729931049337629,0.0056891871602694,8.649647,0.067462576882808,0.09054675468904166
1013,N#Cc1ccc(N2CC(C(N)=O)C3(CCN(C(=O)c4ccc(F)cc4F)CC3)C2)cc1C(F)(F)F,0,0.662082799362757,0.0060444180794597,8.524146,0.0722621934767592,0.1297141338513097
1014,COc1cccc(C(=O)N2CCC3(CC2)CN(c2ccc(C#N)c(C(F)(F)F)c2)CC3C(N)=O)c1,0,0.714001099042771,0.0043077386896015,3.2098088,0.0690217891575953,0.0924008946955677
1015,N#Cc1ccc(N2CC(C(N)=O)C3(CCN(C(=O)Cc4ccccc4F)CC3)C2)cc1C(F)(F)F,0,0.667567690615701,0.013669549855292,3.1229825,0.0823564460868581,0.12065556612309374
1016,CCNC(=O)N1CCC2(CC1)CN(c1ccc(C#N)c(C(F)(F)F)c1)CC2C(N)=O,0,0.778831130348067,0.0220133089537588,3.3010201,0.0269993505148144,0.13389340359393584
1017,CC(C)(C)CC(=O)N1CCC2(CC1)CN(c1ccc(C#N)c(C(F)(F)F)c1)CC2C(N)=O,0,0.762718750893023,0.0025615829931975,4.577985,0.0209988024963046,0.1310114144754039
1018,N#Cc1ccc(N2CC(C(N)=O)C3(CCN(C(=O)c4ccc5cc[nH]c5c4)CC3)C2)cc1C(F)(F)F,0,0.574823552488749,0.0590227117035707,9.11523,0.1184399726327545,0.10157963031499886
1019,N#Cc1ccc(N2CC(C(N)=O)C3(CCN(C(=O)c4cccc5[nH]ccc45)CC3)C2)cc1C(F)(F)F,0,0.574823552488749,0.0329379852783442,13.5915575,0.1110885211165921,0.10028995562731094
1020,N#Cc1ccc(N2CC(C(N)=O)C3(CCN(C(=O)c4ccc5[nH]ccc5c4)CC3)C2)cc1C(F)(F)F,0,0.574823552488749,0.0814445528075759,10.83498,0.1176247418808065,0.10289224777297176
1021,N#Cc1ccc(N2CC(C(N)=O)C3(CCN(C(=O)c4ccsc4)CC3)C2)cc1C(F)(F)F,0,0.756285656215495,0.0033241258846531,-1.1831582,0.0631232383813589,0.09717238145783211
1022,Cc1cnc(C(=O)N2CCC3(CC2)CN(c2ccc(C#N)c(C(F)(F)F)c2)CC3C(N)=O)cn1,0,0.733967577313461,0.0042882571291982,5.812222,0.0616006391882646,0.11862309860458238
1023,Cc1ccncc1C(=O)N1CCC2(CC1)CN(c1ccc(C#N)c(C(F)(F)F)c1)CC2C(N)=O,0,0.741011363709534,0.004795336655452,6.771958,0.0566497043163924,0.11191904131548625
1024,Cc1ncccc1C(=O)N1CCC2(CC1)CN(c1ccc(C#N)c(C(F)(F)F)c1)CC2C(N)=O,0,0.741011363709534,0.0035373997783682,9.356835,0.0519309900294379,0.12388020900468463
1025,N#Cc1ccc(N2CC(C(N)=O)C3(CCN(C(=O)CC4CC4)CC3)C2)cc1C(F)(F)F,0,0.789087030106589,0.0020022671362103,6.0454273,0.0475390231274942,0.08874662717555695
1026,CC(C)C(=O)N1CCC2(CC1)CN(c1ccc(C#N)c(C(F)(F)F)c1)CC2C(N)=O,0,0.811106076158416,0.0024712202167323,1.0067087,0.0308667995305721,0.12100360538465785
1027,CCC(=O)N1CCC2(CC1)CN(c1ccc(C#N)c(C(F)(F)F)c1)CC2C(N)=O,0,0.832202160482056,0.0022042488156149,4.2469354,0.0329422270749337,0.1317601462617458
1028,Cc1cc(C)n(CC(=O)N2CCC3(CC2)CN(c2ccc(C#N)c(C(F)(F)F)c2)CC3C(N)=O)n1,0,0.711940850762649,0.0033458479795451,5.21994,0.0721623605703381,0.09856944455871779
1029,Cc1ccc(NC(=O)N2CCC3(CC2)CN(c2ccc(C#N)c(C(F)(F)F)c2)CC3C(N)=O)cc1C,0,0.652282257654805,0.0118125345955064,0.84834564,0.1641461596257774,0.11656781182316253
1030,Cc1cc(C(=O)N2CCC3(CC2)CN(c2ccc(C#N)c(C(F)(F)F)c2)CC3C(N)=O)nn1C,0,0.735375696023702,0.0039344699429572,6.33114,0.0577617059667235,0.09548837025527068
1031,Cc1cc(C(=O)N2CCC3(CC2)CN(c2ccc(C#N)c(C(F)(F)F)c2)CC3C(N)=O)n(C)n1,0,0.735375696023702,0.0037373268150503,8.677224,0.0743207482350224,0.09396114931186282
1032,CCc1ccc(C(=O)N2CCC3(CC2)CN(c2ccc(C#N)c(C(F)(F)F)c2)CC3C(=O)NC)cc1,0,0.684223985321436,0.0485289919498574,5.272336,0.0530181953168839,0.09379938226653235
1033,CNC(=O)C1CN(c2ccc(C#N)c(C(F)(F)F)c2)CC12CCN(C(=O)N1CCOCC1)CC2,0,0.703402346510733,0.0054472579656172,6.1334333,0.0322310086614203,0.1112121187905701
1034,CNC(=O)C1CN(c2ccc(C#N)c(C(F)(F)F)c2)CC12CCN(C(=O)COCCOC)CC2,0,0.598046014817837,0.0022912429470595,3.7261076,0.0490391748755653,0.11084376364197943
1035,CNC(=O)C1CN(c2ccc(C#N)c(C(F)(F)F)c2)CC12CCN(C(=O)NC1CCCCC1)CC2,0,0.671785248285124,0.0269794506605973,4.683001,0.040025140474752,0.10165747391717876
1036,CNC(=O)C1CN(c2ccc(C#N)c(C(F)(F)F)c2)CC12CCN(C(=O)c1ccc(C)c(C)c1)CC2,0,0.684888944389519,0.0275472489709491,6.161706,0.1221742047123013,0.08725356252599911
1037,CNC(=O)C1CN(c2ccc(C#N)c(C(F)(F)F)c2)CC12CCN(C(=O)c1ccccc1F)CC2,0,0.666948987549405,0.008617873102972,8.938174,0.0557106187896037,0.11142389904156928
1038,CNC(=O)C1CN(c2ccc(C#N)c(C(F)(F)F)c2)CC12CCN(C(=O)c1cccc(C)c1)CC2,0,0.714990423185659,0.0108365894891168,2.963368,0.0477435992145012,0.08431127493965469
1039,CNC(=O)C1CN(c2ccc(C#N)c(C(F)(F)F)c2)CC12CCN(C(=O)CCOC)CC2,0,0.741757027817366,0.0024900360135731,2.3264585,0.0291361442796999,0.10900810448895629
1040,CNC(=O)C1CN(c2ccc(C#N)c(C(F)(F)F)c2)CC12CCN(C(=O)C1CCCC1)CC2,0,0.745451233251398,0.0145895392505516,7.6996255,0.0365650048421167,0.06330565558349321
1041,CNC(=O)C1CN(c2ccc(C#N)c(C(F)(F)F)c2)CC12CCN(C(=O)C1CCCCCC1)CC2,0,0.639960760602497,0.0194004497014743,7.5797515,0.0415918704528957,0.09431837498046433
1042,CNC(=O)C1CN(c2ccc(C#N)c(C(F)(F)F)c2)CC12CCN(C(=O)c1ocnc1C)CC2,0,0.732450156129995,0.0046318123440378,6.2810016,0.0477142037144016,0.07789727379367359
1043,CCC(C)(C)C(=O)N1CCC2(CC1)CN(c1ccc(C#N)c(C(F)(F)F)c1)CC2C(=O)NC,0,0.73547327115318,0.0030363569807627,6.8421206,0.0486486647153315,0.08823650812591587
1044,CNC(=O)C1CN(c2ccc(C#N)c(C(F)(F)F)c2)CC12CCN(C(=O)c1cncc(C)c1)CC2,0,0.720169010393864,0.0102238455052108,0.9040731,0.0439092024834922,0.08296420962390458
1045,CNC(=O)C1CN(c2ccc(C#N)c(C(F)(F)F)c2)CC12CCN(C(=O)c1ccco1)CC2,0,0.759567882033531,0.0048210781635817,2.2985702,0.0356407781592085,0.06906032550493466
1046,CNC(=O)C1CN(c2ccc(C#N)c(C(F)(F)F)c2)CC12CCN(C(=O)C(C)C)CC2,0,0.790437993971982,0.0039971375409382,1.7012542,0.0333497657852975,0.11487260690942624
1047,CCC(=O)N1CCC2(CC1)CN(c1ccc(C#N)c(C(F)(F)F)c1)CC2C(=O)NC,0,0.812873792627494,0.0018886141153767,4.839705,0.0316919024876053,0.11839228428708626
1048,CNC(=O)C1CN(c2ccc(C#N)c(C(F)(F)F)c2)CC12CCN(C(=O)c1cc(C)n[nH]1)CC2,0,0.711909032571926,0.0215874879854036,6.9973254,0.0419443543004107,0.07788983329936897
1049,CCCC(=O)N1CCC2(CC1)CN(c1ccc(C#N)c(C(F)(F)F)c1)CC2C(=O)NC,0,0.786780801189148,0.0040695774267929,2.9296055,0.0293613948012785,0.11095048189791237
1050,CNC(=O)C1CN(c2ccc(C#N)c(C(F)(F)F)c2)CC12CCN(C(=O)Cc1ccccc1)CC2,0,0.719582095391716,0.0042961561136427,2.3125706,0.0535213737704983,0.10419105572235181
1051,CCn1ccc(C(=O)N2CCC3(CC2)CN(c2ccc(C#N)c(C(F)(F)F)c2)CC3C(=O)NC)n1,0,0.71445173067618,0.0056473930680735,9.015824,0.0469491752146745,0.08371534146371752
1052,CNC(=O)C1CN(c2ccc(C#N)c(C(F)(F)F)c2)CC12CCN(C(=O)Cc1cccc(C)c1)CC2,0,0.69353942405722,0.0106331530453347,3.3266516,0.0551994069818181,0.08440569983439684
1053,CNC(=O)C1CN(c2ccc(C#N)c(C(F)(F)F)c2)CC12CCN(C(=O)CN1CCCC1=O)CC2,0,0.695128057591882,0.0013345144313335,8.868154,0.0432426028455076,0.10098693081663486
1054,CNC(=O)C1CN(c2ccc(C#N)c(C(F)(F)F)c2)CC12CCN(C(=O)Cn1ccc(C)n1)CC2,0,0.71416203805039,0.0030956878337196,0.43065798,0.0590120004020358,0.0754811203908852
1055,CNC(=O)C1CN(c2ccc(C#N)c(C(F)(F)F)c2)CC12CCN(C(=O)CCn1ccnc1)CC2,0,0.69858121386466,0.0064127764359425,7.946754,0.04818691738898,0.06741357308254127
1056,CNC(=O)C1CN(c2ccc(C#N)c(C(F)(F)F)c2)CC12CCN(C(=O)c1ccccc1C)CC2,0,0.714990423185659,0.0043277912529923,7.2494187,0.0492335897089382,0.09191497154874752
1057,CC(C)N1CCC2(CC1)CN(c1ccc(C#N)c(C(F)(F)F)c1)CC2C(=O)NC1CC1,0,0.783656707604457,0.0148549706699105,5.676456,0.0476583657792891,0.07255045542727137
1058,N#Cc1ccc(N2CC(C(=O)NC3CC3)C3(CCN(C(=O)C4CC4)CC3)C2)cc1C(F)(F)F,0,0.74818164128111,0.0048553231760547,0.34267735,0.0358001922729063,0.0759810608152951
1059,CC(C)NC(=O)N1CCC2(CC1)CN(c1ccc(C#N)c(C(F)(F)F)c1)CC2C(=O)NC1CC1,0,0.695039075142332,0.0274384926110492,6.473289,0.0402287405687361,0.07655587476779158
1060,CCN(CC)C(=O)N1CCC2(CC1)CN(c1ccc(C#N)c(C(F)(F)F)c1)CC2C(=O)NC1CC1,0,0.679037896988631,0.0163243195188008,10.834756,0.0465109634675457,0.06880542359446022
1061,N#Cc1ccc(N2CC(C(=O)NC3CC3)C3(CCN(C(=O)c4ccccn4)CC3)C2)cc1C(F)(F)F,0,0.697349021595018,0.00273647423307,9.2184105,0.0422468811241279,0.06505151387325579
1062,CCCNC(=O)N1CCC2(CC1)CN(c1ccc(C#N)c(C(F)(F)F)c1)CC2C(=O)NC1CC1,0,0.679681007424785,0.0270141959395255,1.265304,0.0393784905418046,0.06695886239804047
1063,COCCNC(=O)N1CCC2(CC1)CN(c1ccc(C#N)c(C(F)(F)F)c1)CC2C(=O)NC1CC1,0,0.594326967453375,0.0171452314172377,-2.1299906,0.0406307437793968,0.07863456215468304
1064,Cn1cc(CN2CCC3(CC2)CN(c2ccc(C#N)c(C(F)(F)F)c2)CC3C(=O)NC2CC2)cn1,0,0.701950154556338,0.0076649789809365,8.796035,0.0256385973656612,0.05235368913451699
1065,CC(C)CC(=O)N1CCC2(CC1)CN(c1ccc(C#N)c(C(F)(F)F)c1)CC2C(=O)NCC1CC1,0,0.648798124082021,0.0049336564847429,-2.176525,0.0373159192685398,0.05822756707469949
1066,N#Cc1ccc(N2CC(C(=O)NCC3CC3)C3(CCN(C(=O)C4CC4)CC3)C2)cc1C(F)(F)F,0,0.708240877288197,0.0034138396472355,-1.3872441,0.038802256074908,0.06422487991983425
1067,N#Cc1ccc(N2CC(C(=O)NCC3CC3)C3(CCN(C(=O)C4CCC4)CC3)C2)cc1C(F)(F)F,0,0.681178065885938,0.0118322621871266,3.6073794,0.0313916806521042,0.0584259926968488
1068,CCNC(=O)N1CCC2(CC1)CN(c1ccc(C#N)c(C(F)(F)F)c1)CC2C(=O)NCC1CC1,0,0.68095670143398,0.0131331512246563,2.1813726,0.0361127726461914,0.06633252936467252
1069,CC(C)C(=O)N1CCC2(CC1)CN(c1ccc(C#N)c(C(F)(F)F)c1)CC2C(=O)NCC1CC1,0,0.701473008677668,0.017323127009299,0.6685375,0.0364257271967488,0.058820902906342565
1070,CC(C)(C)C(=O)N1CCC2(CC1)CN(c1ccc(C#N)c(C(F)(F)F)c1)CC2C(=O)NCC1CC1,0,0.686706877829798,0.0046433901268172,-1.7874539,0.0436295555028045,0.0631447762878801
1071,COCCNC(=O)C1CN(c2ccc(C#N)c(C(F)(F)F)c2)CC12CCN(C(=O)C1(C)CC1)CC2,0,0.61690826974168,0.0075455833732588,-9.340732,0.0351381001461262,0.053435042814144205
1072,COCCNC(=O)C1CN(c2ccc(C#N)c(C(F)(F)F)c2)CC12CCN(C(=O)CCOC)CC2,0,0.555874987071147,0.004057582263726,-1.5336504,0.042466693768606,0.10454105167157261
1073,COCCNC(=O)C1CN(c2ccc(C#N)c(C(F)(F)F)c2)CC12CCN(C(=O)C(C)C)CC2,0,0.632989677641925,0.0098601999898153,-5.9236856,0.0417557257333749,0.08905200310865347
1074,CCC(=O)N1CCC2(CC1)CN(c1ccc(C#N)c(C(F)(F)F)c1)CC2C(=O)NCCOC,0,0.652049803191421,0.0035778354676742,-1.7618294,0.0410289866906423,0.09099290007780085
1075,CCOCC(=O)N1CCC2(CC1)CN(c1ccc(C#N)c(C(F)(F)F)c1)CC2C(=O)N1CCCC1,0,0.630716213962464,0.0036525596108395,-3.8873153,0.0399417816080612,0.08557238922522992
1076,COCC(=O)N1CCC2(CC1)CN(c1ccc(C#N)c(C(F)(F)F)c1)CC2C(=O)N(C)C,0,0.701174694596017,0.0024838691696434,3.3291078,0.0410214290576542,0.10634251306550908
1077,COCCOCC(=O)N1CCC2(CC1)CN(c1ccc(C#N)c(C(F)(F)F)c1)CC2C(=O)N(C)C,0,0.539177261505133,0.0040528579613996,4.7502103,0.0507310843845775,0.10826549994898918
1078,CN(C)C(=O)C1CN(c2ccc(C#N)c(C(F)(F)F)c2)CC12CCN(C(=O)c1cccs1)CC2,0,0.650307163670052,0.0113229003729534,7.928248,0.0264145584952136,0.07278317440218333
1079,CN(C)C(=O)C1CN(c2ccc(C#N)c(C(F)(F)F)c2)CC12CCN(C(=O)C1CC1)CC2,0,0.712780618565812,0.0062324909824932,0.9908422,0.0407661580238779,0.0970172159404176
1080,CN(C)C(=O)C1CN(c2ccc(C#N)c(C(F)(F)F)c2)CC12CCN(C(=O)C1CCC1)CC2,0,0.689640919728428,0.0103539368823165,5.691688,0.0396058670949869,0.09200573654864662
1081,CCNC(=O)N1CCC2(CC1)CN(c1ccc(C#N)c(C(F)(F)F)c1)CC2C(=O)N(C)C,0,0.766591817660165,0.0100160600671241,3.6500926,0.0503323656479136,0.10781689373622023
1082,CN(C)C(=O)C1CN(c2ccc(C#N)c(C(F)(F)F)c2)CC12CCN(C(=O)C1CCOCC1)CC2,0,0.648178610053093,0.0074652296785449,4.8110046,0.0458008708090567,0.1187152957879742
1083,Cc1ccncc1C(=O)N1CCC2(CC1)CN(c1ccc(C#N)c(C(F)(F)F)c1)CC2C(=O)N(C)C,0,0.643157718982875,0.0035838402755448,9.580668,0.0498133643470123,0.08891635175179553
1084,Cc1ncoc1C(=O)N1CCC2(CC1)CN(c1ccc(C#N)c(C(F)(F)F)c1)CC2C(=O)N(C)C,0,0.656829754380846,0.0061746792974654,8.875025,0.0396673967007489,0.08366145933691124
1085,CCN(CC)C(=O)N1CCC2(CC1)CN(c1ccc(C#N)c(C(F)(F)F)c1)CC2C(=O)N(C)C,0,0.661218860612451,0.0115735090412311,11.84193,0.0532459896743518,0.1268254264042529
1086,Cc1cccc(C(=O)N2CCC3(CC2)CN(c2ccc(C#N)c(C(F)(F)F)c2)CC3C(=O)N(C)C)n1,0,0.643157718982875,0.010258772986727,12.368943,0.0396764305844747,0.08769673263016889
1087,CN(C)C(=O)C1CN(c2ccc(C#N)c(C(F)(F)F)c2)CC12CCN(C(=O)c1ccccn1)CC2,0,0.665770403146486,0.0035882559966691,9.833214,0.0373150128893243,0.09165061553213946
1088,CN(C)C(=O)C1CN(c2ccc(C#N)c(C(F)(F)F)c2)CC12CCN(C(=O)c1ncccn1)CC2,0,0.662572571697341,0.0031500102535244,3.583116,0.0379586929542742,0.09147234656785949
1089,CN(C)C(=O)C1CN(c2ccc(C#N)c(C(F)(F)F)c2)CC12CCN(C(=O)c1ccco1)CC2,0,0.679036190583619,0.0031365510868059,4.1713233,0.0396741975267976,0.07542179032262644
1090,CN(C)C(=O)C1CN(c2ccc(C#N)c(C(F)(F)F)c2)CC12CCNCC2,0,0.856468352591773,0.0025310230014316,10.838167,0.0202081911871989,0.10728046614159074
1091,CCCNC(=O)N1CCC2(CC1)CN(c1ccc(C#N)c(C(F)(F)F)c1)CC2C(=O)N(C)C,0,0.74016142251103,0.0116117274827477,1.8492264,0.0453407703617053,0.10081044921483664
1092,CN(C)C(=O)C1CN(c2ccc(C#N)c(C(F)(F)F)c2)CC12CCN(C(=O)NC1CCCC1)CC2,0,0.697068206376109,0.0072393142541982,6.1458993,0.0410605019820265,0.0691337106791537
1093,CC(C)CCNC(=O)N1CCC2(CC1)CN(c1ccc(C#N)c(C(F)(F)F)c1)CC2C(=O)N(C)C,0,0.674054310873169,0.0163024028000926,-0.7998344,0.049751632649303,0.099719529793852
1094,COCCNC(=O)N1CCC2(CC1)CN(c1ccc(C#N)c(C(F)(F)F)c1)CC2C(=O)N(C)C,0,0.653377595380217,0.0430073284472858,-1.8911208,0.0507568086787895,0.10201666035007269
1095,CN(C)C(=O)C1CN(c2ccc(C#N)c(C(F)(F)F)c2)CC12CCN(C(=O)Cn1cccn1)CC2,0,0.660703379724057,0.0032854581952616,10.80148,0.0485648414595505,0.08235963267856491
1096,Cc1ccccc1C(=O)N1CCC2(CC1)CN(c1ccc(C#N)c(C(F)(F)F)c1)CC2C(=O)N(C)C,0,0.631899800284753,0.0045859276155092,8.801059,0.0538266567528554,0.09072168451353134
1097,CCc1ccc(C(=O)N2CC3(CCN(c4ccc(C#N)c(C(F)(F)F)c4)CC3)CC2C(N)=O)cc1,0,0.706823841964367,0.0042567889535717,-4.1744084,0.0741574737100795,0.12002697791530341
1098,Cc1cc(C(=O)N2CC3(CCN(c4ccc(C#N)c(C(F)(F)F)c4)CC3)CC2C(N)=O)no1,0,0.751450959638142,0.0034645243309238,-3.797018,0.0623144603596692,0.09492592160805692
1099,N#Cc1ccc(N2CCC3(CC2)CC(C(N)=O)N(C(=O)c2cccs2)C3)cc1C(F)(F)F,0,0.754427357850669,0.0018661801233099,-4.014876,0.0290832628590698,0.08724505932893796
1100,COc1ccc(C(=O)N2CC3(CCN(c4ccc(C#N)c(C(F)(F)F)c4)CC3)CC2C(N)=O)cc1,0,0.712421970416846,0.0024863964412403,-4.270829,0.101698491435345,0.11661210003525994
1101,N#Cc1ccc(N2CCC3(CC2)CC(C(N)=O)N(C(=O)c2ccc(F)cc2)C3)cc1C(F)(F)F,0,0.687253737096957,0.0028402803730669,-4.5396967,0.0919853502950788,0.12738154204656205
1102,Cc1ccsc1C(=O)N1CC2(CCN(c3ccc(C#N)c(C(F)(F)F)c3)CC2)CC1C(N)=O,0,0.72684794635967,0.0040232898217496,-7.5627666,0.0612835818394111,0.09553367154891956
1103,N#Cc1ccc(N2CCC3(CC2)CC(C(N)=O)N(C(=O)c2cccc(F)c2)C3)cc1C(F)(F)F,0,0.687253737096957,0.0022658461326565,-7.011414,0.058871393759146,0.12282832558942276
1104,N#Cc1ccc(N2CCC3(CC2)CC(C(N)=O)N(C(=O)c2c(F)cccc2F)C3)cc1C(F)(F)F,0,0.659677108453421,0.0044367438607569,0.025718093,0.0492032888521796,0.14080246066669352
1105,CCNC(=O)N1CC2(CCN(c3ccc(C#N)c(C(F)(F)F)c3)CC2)CC1C(N)=O,0,0.779588841477163,0.0192819599677024,-4.783642,0.0179215819501646,0.12315367556218806
1106,N#Cc1ccc(N2CCC3(CC2)CC(C(N)=O)N(S(=O)(=O)c2cccs2)C3)cc1C(F)(F)F,0,0.696862716855565,0.0025862574720845,-4.218646,0.0286396362633338,0.08447586772620078
1107,N#Cc1ccc(N2CCC3(CC2)CC(C(N)=O)N(C(=O)c2ccc4cc[nH]c4c2)C3)cc1C(F)(F)F,0,0.571936946705801,0.0143402981220947,1.6757687,0.0968295446359789,0.09492046703073713
1108,N#Cc1ccc(N2CCC3(CC2)CC(C(N)=O)N(C(=O)c2ccc4[nH]ccc4c2)C3)cc1C(F)(F)F,0,0.571936946705801,0.0209338048175985,3.7622051,0.1155999390501299,0.09514935518966398
1109,Cc1cccc(NC(=O)N2CC3(CCN(c4ccc(C#N)c(C(F)(F)F)c4)CC3)CC2C(N)=O)c1,0,0.678063079919359,0.0099532892243565,0.8884982,0.0643413140680353,0.09744549132297478
1110,N#Cc1ccc(N2CCC3(CC2)CC(C(N)=O)N(C(=O)c2ccccn2)C3)cc1C(F)(F)F,0,0.763447440258163,0.0027612284933398,-4.794529,0.0259967281669908,0.11215268718247869
1111,N#Cc1ccc(N2CCC3(CC2)CC(C(N)=O)N(C(=O)CC(F)(F)F)C3)cc1C(F)(F)F,0,0.699013169289016,0.0038810132561563,-0.3990215,0.0616768518997446,0.16415399972918665
1112,N#Cc1ccc(N2CCC3(CC2)CC(C(N)=O)N(C(=O)c2ccncn2)C3)cc1C(F)(F)F,0,0.754936459467224,0.0033295137970324,-1.7632728,0.0347971590951025,0.11066980363277996
1113,CCCCS(=O)(=O)N1CC2(CCN(c3ccc(C#N)c(C(F)(F)F)c3)CC2)CC1C(N)=O,0,0.685133032860121,0.0014608966761486,-0.6391636,0.015584047596583,0.11838776400603516
1114,Cn1cccc1C(=O)N1CC2(CCN(c3ccc(C#N)c(C(F)(F)F)c3)CC2)CC1C(N)=O,0,0.763663829236623,0.0036383216200737,-3.7254777,0.0497960773065176,0.09851665991833618
1115,CCC(=O)N1CC2(CCN(c3ccc(C#N)c(C(F)(F)F)c3)CC2)CC1C(N)=O,0,0.832629030438612,0.0016704232628558,-10.370303,0.0144369279830433,0.12587437077417699
1116,Cc1ccc(C)c(NC(=O)N2CC3(CCN(c4ccc(C#N)c(C(F)(F)F)c4)CC3)CC2C(N)=O)c1,0,0.64575968477261,0.0118125345955064,3.4126444,0.0985721147904445,0.10104669600545549
1117,Cc1ccccc1NC(=O)N1CC2(CCN(c3ccc(C#N)c(C(F)(F)F)c3)CC2)CC1C(N)=O,0,0.678063079919359,0.0187542093307019,1.8258601,0.052126508581304,0.09735887392750789
1118,Cc1ccc(NC(=O)N2CC3(CCN(c4ccc(C#N)c(C(F)(F)F)c4)CC3)CC2C(N)=O)c(C)c1,0,0.64575968477261,0.0130208917238176,0.26806736,0.0937853516379247,0.10414136702756838
1119,COCCCNC(=O)N1CC2(CCN(c3ccc(C#N)c(C(F)(F)F)c3)CC2)CC1C(N)=O,0,0.624639997431298,0.0399092146930721,-4.166589,0.0235631580364508,0.11875806684193657
1120,N#Cc1ccc(N2CCC3(CC2)CC(C(N)=O)N(C(=O)NC2CCCC2)C3)cc1C(F)(F)F,0,0.717460925141698,0.0140335004735316,0.69033253,0.0398589113168133,0.07664561750773344
1121,Cc1noc(C)c1CC(=O)N1CC2(CCN(c3ccc(C#N)c(C(F)(F)F)c3)CC2)CC1C(N)=O,0,0.70560683497077,0.0051342948780303,-11.002572,0.0955687011972455,0.10073058883751022
1122,Cc1cc(C(=O)N2CC3(CCN(c4ccc(C#N)c(C(F)(F)F)c4)CC3)CC2C(N)=O)nn1C,0,0.73584140201994,0.0034499915777605,-6.409458,0.0647980399547192,0.09503444371436812
1123,Cn1cc(C(=O)N2CC3(CCN(c4ccc(C#N)c(C(F)(F)F)c4)CC3)CC2C(N)=O)cn1,0,0.756291845397924,0.0046191846212439,-4.649515,0.0405862408547382,0.097409692821546
1124,Cn1ccc(C(=O)N2CC3(CCN(c4ccc(C#N)c(C(F)(F)F)c4)CC3)CC2C(N)=O)n1,0,0.756291845397924,0.0034122934719717,-7.9631686,0.0519698157061799,0.09628540620762673
1125,N#Cc1ccc(N2CCC3(CC2)CC(C(N)=O)N(C(=O)CCn2cccn2)C3)cc1C(F)(F)F,0,0.716616927350794,0.0016345696452136,0.6314639,0.0411680199573394,0.08742828387791635
1126,N#Cc1ccc(N2CCC3(CC2)CC(C(N)=O)N(C(=O)CCn2cnnn2)C3)cc1C(F)(F)F,0,0.68797490354415,0.0052082557647137,0.5562538,0.0439459436326549,0.1016897689504371
1127,CNC(=O)C1CC2(CCN(c3ccc(C#N)c(C(F)(F)F)c3)CC2)CN1C(=O)COC,0,0.778855650682299,0.0013137664678256,-3.1333833,0.0126112565426024,0.1021562769523324
1128,CNC(=O)C1CC2(CCN(c3ccc(C#N)c(C(F)(F)F)c3)CC2)CN1C(=O)C1(C)CC1,0,0.76992758075079,0.0021364306204039,-10.794711,0.0278942265229325,0.06421365155850955
1129,CCS(=O)(=O)N1CC2(CCN(c3ccc(C#N)c(C(F)(F)F)c3)CC2)CC1C(=O)NC,0,0.747677394006606,0.0023050601219722,0.5861143,0.0211946333181307,0.10557104810149172
1130,CNC(=O)C1CC2(CCN(c3ccc(C#N)c(C(F)(F)F)c3)CC2)CN1C(=O)CNC(C)=O,0,0.703635393489675,0.0061711588578175,0.51970065,0.0198106412814995,0.14704162351576827
1131,CNC(=O)C1CC2(CCN(c3ccc(C#N)c(C(F)(F)F)c3)CC2)CN1C(=O)c1cccc(F)c1,0,0.663995079398453,0.0140585610380757,-4.505596,0.0593995524964863,0.09466797608447106
1132,CCOCC(=O)N1CC2(CCN(c3ccc(C#N)c(C(F)(F)F)c3)CC2)CC1C(=O)NC,0,0.742322861207553,0.001357542875409,-2.199076,0.0152999958926559,0.1147288684210761
1133,CNC(=O)C1CC2(CCN(c3ccc(C#N)c(C(F)(F)F)c3)CC2)CN1C(=O)c1cnccc1C,0,0.718716786759012,0.0039420179440453,-1.7736409,0.0248303095583407,0.09097970442005589
1134,CNC(=O)C1CC2(CCN(c3ccc(C#N)c(C(F)(F)F)c3)CC2)CN1C(=O)c1cccnc1C,0,0.718716786759012,0.003226311637852,1.4272197,0.0259183027985422,0.10035149408512603
1135,CNC(=O)C1CC2(CCN(c3ccc(C#N)c(C(F)(F)F)c3)CC2)CN1C(=O)c1ocnc1C,0,0.732004030001867,0.0021427820447246,0.1902839,0.0464738103805604,0.08194976837182719
1136,CCC(C)(C)C(=O)N1CC2(CCN(c3ccc(C#N)c(C(F)(F)F)c3)CC2)CC1C(=O)NC,0,0.732300785396523,0.0036056223063199,0.80346406,0.0229402129981609,0.08839160264561711
1137,CNC(=O)C1CC2(CCN(c3ccc(C#N)c(C(F)(F)F)c3)CC2)CN1C(=O)CC1CCCC1,0,0.710332832338969,0.0073369453365948,1.8547429,0.0180058273302424,0.06485416992737154
1138,CNC(=O)C1CC2(CCN(c3ccc(C#N)c(C(F)(F)F)c3)CC2)CN1C(=O)c1ccccn1,0,0.742734009973324,0.0075406970534724,0.35329843,0.024228713406731,0.08961885512687062
1139,CNC(=O)C1CC2(CCN(c3ccc(C#N)c(C(F)(F)F)c3)CC2)CN1C(=O)c1cncc(C)c1,0,0.718716786759012,0.0069833224982546,-5.160831,0.0322934416778453,0.07882492708140157
1140,CNC(=O)C1CC2(CCN(c3ccc(C#N)c(C(F)(F)F)c3)CC2)CN1C(=O)Cc1ccccc1C,0,0.689968105738027,0.0038581778865511,2.4052963,0.044218381403858,0.07873155612575954
1141,CNC(=O)C1CC2(CCN(c3ccc(C#N)c(C(F)(F)F)c3)CC2)CN1C(C)=O,0,0.816070097375911,0.00220261311557,-6.6362166,0.0139617453295279,0.12253823028434814
1142,CNC(=O)C1CC2(CCN(c3ccc(C#N)c(C(F)(F)F)c3)CC2)CN1C(=O)c1ccccc1,0,0.740092923614784,0.0107280575985813,0.99165833,0.0261713816080367,0.08541776993724201
1143,CNC(=O)C1CC2(CCN(c3ccc(C#N)c(C(F)(F)F)c3)CC2)CN1C(=O)NC1CCCC1,0,0.69597703261633,0.0141903428400198,6.8940864,0.022386804504969,0.07001860954990935
1144,CCn1ccc(C(=O)N2CC3(CCN(c4ccc(C#N)c(C(F)(F)F)c4)CC3)CC2C(=O)NC)n1,0,0.714171998298246,0.0047259601409233,1.7621845,0.0422916431496181,0.07375154754099898
1145,CNC(=O)C1CC2(CCN(c3ccc(C#N)c(C(F)(F)F)c3)CC2)CN1C(=O)c1c(C)noc1C,0,0.708919665044144,0.0032287778050701,-4.278918,0.0467025393720216,0.08947961443085822
1146,CNC(=O)C1CC2(CCN(c3ccc(C#N)c(C(F)(F)F)c3)CC2)CN1C(=O)c1nccn1C,0,0.73812875382994,0.0055055930722387,-3.3140445,0.0311033627870106,0.06940224329637681
1147,CNC(=O)C1CC2(CCN(c3ccc(C#N)c(C(F)(F)F)c3)CC2)CN1C(=O)c1ccc(C)cc1,0,0.710903726317055,0.005068921677144,0.02663815,0.0318238576216868,0.08123466438941049
1148,CNC(=O)C1CC2(CCN(c3ccc(C#N)c(C(F)(F)F)c3)CC2)CN1C(=O)C(C)(C)C,0,0.747720937680562,0.0025905097038296,-6.227449,0.0120378765814138,0.09012142244244349
1149,COCC(=O)N1CC2(CCN(c3ccc(C#N)c(C(F)(F)F)c3)CC2)CC1C(=O)NC1CC1,0,0.72442118291049,0.0015506006914568,-3.002585,0.0203838928443125,0.09004009627997316
1150,CC(=O)NCC(=O)N1CC2(CCN(c3ccc(C#N)c(C(F)(F)F)c3)CC2)CC1C(=O)NC1CC1,0,0.657070028381418,0.0072613000687462,1.4816417,0.0363324144008538,0.1152536972484777
1151,CCC(CC)C(=O)N1CC2(CCN(c3ccc(C#N)c(C(F)(F)F)c3)CC2)CC1C(=O)NC1CC1,0,0.638107986894217,0.0048094527790694,4.22226,0.0549220599973033,0.07419726511317525
1152,CCOCC(=O)N1CC2(CCN(c3ccc(C#N)c(C(F)(F)F)c3)CC2)CC1C(=O)NC1CC1,0,0.679389430947126,0.0019333694429825,-0.87713736,0.0434857223363731,0.09148661990928282
1153,CC(C)(C)CC(=O)N1CC2(CCN(c3ccc(C#N)c(C(F)(F)F)c3)CC2)CC1C(=O)NC1CC1,0,0.675392124504647,0.005215225641189,0.048096657,0.0260400895748724,0.07677589540577856
1154,CCC(C)(C)C(=O)N1CC2(CCN(c3ccc(C#N)c(C(F)(F)F)c3)CC2)CC1C(=O)NC1CC1,0,0.66048430539347,0.0061064762681892,-0.15553772,0.0547159125277841,0.06971098555281507
1155,N#Cc1ccc(N2CCC3(CC2)CC(C(=O)NC2CC2)N(C(=O)c2ncccn2)C3)cc1C(F)(F)F,0,0.695081289591904,0.0018960147097856,-2.5585656,0.0229902531937975,0.07019642379382743
1156,CC(=O)N1CC2(CCN(c3ccc(C#N)c(C(F)(F)F)c3)CC2)CC1C(=O)NC1CC1,0,0.79350190145501,0.0022532946589734,-5.839005,0.0144606547349862,0.09460010538287343
1157,CN(C)C(=O)C1CC2(CCN(c3ccc(C#N)c(C(F)(F)F)c3)CC2)CN1C(=O)C1(C)CC1,0,0.687853527084424,0.0033354979588129,-13.838342,0.0275539004864375,0.0675277579500324
1158,Cc1cccc(C(=O)N2CC3(CCN(c4ccc(C#N)c(C(F)(F)F)c4)CC3)CC2C(=O)N(C)C)c1,0,0.626244409920948,0.0056451205522479,-4.2941785,0.0467143375389227,0.08142125279180823
1159,CN(C)C(=O)C1CC2(CCN(c3ccc(C#N)c(C(F)(F)F)c3)CC2)CN1C(=O)Cc1cccnc1,0,0.643591251531595,0.0031356372610516,-1.0116689,0.0279336498537478,0.08516053937732382
1160,CN(C)C(=O)C1CC2(CCN(c3ccc(C#N)c(C(F)(F)F)c3)CC2)CN1C(=O)c1cc[nH]n1,0,0.738164664632568,0.0049607619708943,-4.7168856,0.0342150787578738,0.07599172934068361
1161,Cc1cccnc1C(=O)N1CC2(CCN(c3ccc(C#N)c(C(F)(F)F)c3)CC2)CC1C(=O)N(C)C,0,0.640708389504053,0.0034529014472429,4.499643,0.0296554710368308,0.09108764293515766
1162,CN(C)C(=O)C1CC2(CCN(c3ccc(C#N)c(C(F)(F)F)c3)CC2)CN1C(=O)c1ccncn1,0,0.662455811661772,0.0043415324242756,0.75179183,0.0277630335313969,0.08778364843743267
1163,CN(C)C(=O)C1CC2(CCN(c3ccc(C#N)c(C(F)(F)F)c3)CC2)CN1C(=O)c1cncnc1,0,0.662455811661772,0.0046610558516769,-11.869567,0.0223952874513896,0.08753413435402094
1164,CN(C)C(=O)C1CC2(CCN(c3ccc(C#N)c(C(F)(F)F)c3)CC2)CN1C(=O)c1cccn1C,0,0.66452145356349,0.0052966193720476,0.4110782,0.0496258120766791,0.06943184336866025
1165,CC(=O)N1CC2(CCN(c3ccc(C#N)c(C(F)(F)F)c3)CC2)CC1C(=O)N(C)C,0,0.735199102643457,0.0022303039402296,-8.2241335,0.0118563307130818,0.11979195216684435
1166,CN(C)C(=O)C1CC2(CCN(c3ccc(C#N)c(C(F)(F)F)c3)CC2)CN1C(=O)NC1CCCC1,0,0.693907903115096,0.0147871008260925,3.4729562,0.0308466650933956,0.06133864938803646
1167,CN(C)C(=O)C1CC2(CCN(c3ccc(C#N)c(C(F)(F)F)c3)CC2)CN1C(=O)Cn1cccn1,0,0.660909666208672,0.0018167137144005,1.8567051,0.0359953678239743,0.07436052231451591
1168,CC1(C(=O)N2CC3(CCN(c4ccc(C#N)c(C(F)(F)F)c4)CC3)CC2C(=O)N2CCCC2)CC1,0,0.640154685129955,0.0060939805315971,-15.472825,0.0393183877185864,0.07703037414741379
1169,CCS(=O)(=O)N1CC2(CCN(c3ccc(C#N)c(C(F)(F)F)c3)CC2)CC1C(=O)N1CCCC1,0,0.636654212601886,0.0028667482545258,-1.2858998,0.0407837809860771,0.08964701823726276
1170,COCCC(=O)N1CC2(CCN(c3ccc(C#N)c(C(F)(F)F)c3)CC2)CC1C(=O)N1CCCC1,0,0.629709764014526,0.0046165945965538,-10.855844,0.0177980679478819,0.09095360483672402
1171,CCOCC(=O)N1CC2(CCN(c3ccc(C#N)c(C(F)(F)F)c3)CC2)CC1C(=O)N1CCCC1,0,0.629709764014526,0.0026415801862132,-6.7423954,0.0269155291556967,0.08788871473998525
1172,Cn1cccc1CN1CC2(CCN(c3ccc(C#N)c(C(F)(F)F)c3)CC2)CC1C(=O)N1CCCC1,0,0.626006802733083,0.0070292904498846,-13.567215,0.0511592920668602,0.05631416713423466
1173,N#Cc1ccc(N2CCC3(CC2)CC(C(=O)N2CCCC2)N(Cc2ccncc2)C3)cc1C(F)(F)F,0,0.624505803023799,0.0062939045486261,-7.711413,0.0266308875171109,0.06738139805265245
1174,CC(C)NC(=O)N1CC2(CCN(c3ccc(C#N)c(C(F)(F)F)c3)CC2)CC1C(=O)N1CCCC1,0,0.693907903115096,0.0102961567451321,-0.97216696,0.0298381638771471,0.09885651252859266
1175,CCCNC(=O)N1CC2(CCN(c3ccc(C#N)c(C(F)(F)F)c3)CC2)CC1C(=O)N1CCCC1,0,0.691177100608955,0.0079478561205464,-6.5822263,0.0268805508707973,0.08262877473809126
1176,COCC(=O)N1CCC2(CC1)CC(C(N)=O)N(c1ccc(C#N)c(C(F)(F)F)c1)C2,0,0.795928230524614,0.0015708446548444,-6.2899084,0.017420270098455,0.12256341299893296
1177,Cc1ccc(C(=O)N2CCC3(CC2)CC(C(N)=O)N(c2ccc(C#N)c(C(F)(F)F)c2)C3)cc1C,0,0.707811299201494,0.0185798126863148,0.26710236,0.1364965791753127,0.13608262195440254
1178,CCC(CC)C(=O)N1CCC2(CC1)CC(C(N)=O)N(c1ccc(C#N)c(C(F)(F)F)c1)C2,0,0.740940491865846,0.0024583055714481,-0.22802508,0.0276225787877253,0.15973532205150115
1179,COc1ccccc1C(=O)N1CCC2(CC1)CC(C(N)=O)N(c1ccc(C#N)c(C(F)(F)F)c1)C2,0,0.712421970416846,0.0026013235510709,5.9508843,0.0381228957519564,0.09808376351136422
1180,N#Cc1ccc(N2CC3(CCN(C(=O)CCc4ccccc4)CC3)CC2C(N)=O)cc1C(F)(F)F,0,0.697488526834386,0.0037435020650588,0.59876263,0.0463915849835466,0.1182726302722757
1181,CCC(=O)N1CCC2(CC1)CC(C(N)=O)N(c1ccc(C#N)c(C(F)(F)F)c1)C2,0,0.832629030438612,0.0019204012773841,-1.3050725,0.0245848685646151,0.14811975119244952
1182,N#Cc1ccc(N2CC3(CCN(C(=O)c4ccccc4)CC3)CC2C(N)=O)cc1C(F)(F)F,0,0.76478562833118,0.0019670321550139,-0.500471,0.0407010306229201,0.12793123591653896
1183,CNC(=O)C1CC2(CCN(C(=O)C3CCCCC3)CC2)CN1c1ccc(C#N)c(C(F)(F)F)c1,0,0.713098726246653,0.0178006120056037,5.0204806,0.0327666565971066,0.09473997813058199
1184,CNC(=O)C1CC2(CCN(C(=O)c3ccccc3F)CC2)CN1c1ccc(C#N)c(C(F)(F)F)c1,0,0.663995079398453,0.0045299395603605,7.0855393,0.0564139195602452,0.10183190730136966
1185,CCC(CC)C(=O)N1CCC2(CC1)CC(C(=O)NC)N(c1ccc(C#N)c(C(F)(F)F)c1)C2,0,0.716136830787678,0.0044849564023471,2.0948272,0.043185145068352,0.11181426373358545
1186,CNC(=O)C1CC2(CCN(C(=O)c3cc(C)cc(C)c3)CC2)CN1c1ccc(C#N)c(C(F)(F)F)c1,0,0.679001305228591,0.0080055119538849,3.0899882,0.0567099093755842,0.08575407604877558
1187,CCOCC(=O)N1CCC2(CC1)CC(C(=O)NC)N(c1ccc(C#N)c(C(F)(F)F)c1)C2,0,0.742322861207553,0.00163450753314,-2.0572588,0.0209190389977355,0.11570544555671436
1188,CNC(=O)C1CC2(CCN(Cc3cccnc3)CC2)CN1c1ccc(C#N)c(C(F)(F)F)c1,0,0.760063993725324,0.0038659559145864,2.293044,0.04668277960777,0.09181513908082418
1189,CNC(=O)C1CC2(CCN(Cc3ccc4c(c3)CCO4)CC2)CN1c1ccc(C#N)c(C(F)(F)F)c1,0,0.687138973343154,0.0556854115728029,3.3429394,0.0510176385530631,0.0640071106045646
1190,CCN(CC)C(=O)N1CCC2(CC1)CC(C(=O)NC)N(c1ccc(C#N)c(C(F)(F)F)c1)C2,0,0.738916787872031,0.0174507187365041,7.601045,0.0464786387379804,0.12721410889561874
1191,CNC(=O)C1CC2(CCN(C(=O)CC3CCCC3)CC2)CN1c1ccc(C#N)c(C(F)(F)F)c1,0,0.71033283233897,0.0058805731079583,2.5514083,0.0277827879571715,0.0667715991025446
1192,CNC(=O)C1CC2(CCN(C(=O)C(C)C)CC2)CN1c1ccc(C#N)c(C(F)(F)F)c1,0,0.789852847241354,0.0048423484528933,-2.7416263,0.0241327342287238,0.11648446880062091
1193,CNC(=O)C1CC2(CCN(C(=O)Cc3ccccc3C)CC2)CN1c1ccc(C#N)c(C(F)(F)F)c1,0,0.689968105738027,0.0044641596837479,3.3673224,0.0457442989854285,0.08250903240881766
1194,CNC(=O)C1CC2(CCN(C(=O)NCC(C)C)CC2)CN1c1ccc(C#N)c(C(F)(F)F)c1,0,0.713978308810269,0.0117829702177448,-4.5895896,0.0321040805502911,0.0943418874514394
1195,N#Cc1ccc(N2CC3(CCN(Cc4ccsc4)CC3)CC2C(=O)NC2CC2)cc1C(F)(F)F,0,0.658358519806109,0.0059812633371006,-2.8762217,0.0509580062702473,0.06442925028476873
1196,COCCC(=O)N1CCC2(CC1)CC(C(=O)NC1CC1)N(c1ccc(C#N)c(C(F)(F)F)c1)C2,0,0.679389430947126,0.0025030852546904,-1.1763673,0.0342077571909357,0.08531918492366003
1197,CCNC(=O)N1CCC2(CC1)CC(C(=O)NC1CC1)N(c1ccc(C#N)c(C(F)(F)F)c1)C2,0,0.717702998940478,0.0081377789456989,-1.1271008,0.048472114854936,0.09135198024888848
1198,N#Cc1ccc(N2CC3(CCN(C(=O)C4CCCC4)CC3)CC2C(=O)NC2CC2)cc1C(F)(F)F,0,0.688247827039423,0.0073846865042726,6.4186044,0.0428406035384913,0.06692489903387655
1199,N#Cc1ccc(N2CC3(CCN(C(=O)C4CC=CC4)CC3)CC2C(=O)NC2CC2)cc1C(F)(F)F,0,0.652911214075584,0.0185516912777768,3.6070266,0.051899029135381,0.08255388631543456
1200,N#Cc1ccc(N2CC3(CCN(C(=O)c4cc[nH]n4)CC3)CC2C(=O)NC2CC2)cc1C(F)(F)F,0,0.691261446548551,0.0389170434235694,2.5138602,0.0343338470758295,0.06851895899360724
1201,N#Cc1ccc(N2CC3(CCN(C(=O)c4cncnc4)CC3)CC2C(=O)NC2CC2)cc1C(F)(F)F,0,0.695081289591904,0.0043404622204959,-6.4717555,0.0315209446920308,0.06907443009214727
1202,N#Cc1ccc(N2CC3(CCN(C(=O)c4ccncc4)CC3)CC2C(=O)NC2CC2)cc1C(F)(F)F,0,0.695180192451488,0.0035015686389004,3.137803,0.0423665572041761,0.07248507714561139
1203,CCCNC(=O)N1CCC2(CC1)CC(C(=O)NC1CC1)N(c1ccc(C#N)c(C(F)(F)F)c1)C2,0,0.677974947440348,0.0070777456062156,-3.1870837,0.0393639481909701,0.07369051212777497
1204,N#Cc1ccc(N2CC3(CCN(Cc4ccccc4)CC3)CC2C(=O)NC2CC2)cc1C(F)(F)F,0,0.67037314458328,0.0055365894512244,2.692637,0.0722841303221867,0.07035641729364268
1205,CCC(=O)N1CCC2(CC1)CC(C(=O)NC1CC1)N(c1ccc(C#N)c(C(F)(F)F)c1)C2,0,0.765629385670237,0.003671958410423,0.644225,0.0426245360798654,0.09035855246313611
1206,CC(C)CNC(=O)N1CCC2(CC1)CC(C(=O)NC1CC1)N(c1ccc(C#N)c(C(F)(F)F)c1)C2,0,0.654441002679743,0.0309884025300705,-3.7164083,0.0415081434481796,0.07018865216103275
1207,Cn1cc(CN2CCC3(CC2)CC(C(=O)NC2CC2)N(c2ccc(C#N)c(C(F)(F)F)c2)C3)cn1,0,0.700757432080345,0.0027651089244279,6.5581536,0.0347179152696468,0.05988103706093005
1208,N#Cc1ccc(N2CC3(CCN(Cc4cccs4)CC3)CC2C(=O)NC2CC2)cc1C(F)(F)F,0,0.658358519806109,0.0047183910908706,7.0657115,0.0578526649681489,0.0636587753783373
1209,CCCS(=O)(=O)N1CCC2(CC1)CC(C(=O)N(C)C)N(c1ccc(C#N)c(C(F)(F)F)c1)C2,0,0.638810876795878,0.0031128161234679,6.8122516,0.0312115045146593,0.1270256337914622
1210,Cc1cccc(C(=O)N2CCC3(CC2)CC(C(=O)N(C)C)N(c2ccc(C#N)c(C(F)(F)F)c2)C3)c1,0,0.626244409920948,0.0051791690140575,-2.5110033,0.0300855392716545,0.09159812825341326
1211,CCC(CC)C(=O)N1CCC2(CC1)CC(C(=O)N(C)C)N(c1ccc(C#N)c(C(F)(F)F)c1)C2,0,0.633373252116445,0.0065284141008236,0.7831985,0.0433197421345598,0.11843029093791801
1212,Cc1ncsc1CN1CCC2(CC1)CC(C(=O)N(C)C)N(c1ccc(C#N)c(C(F)(F)F)c1)C2,0,0.638614461276941,0.0135145434065653,5.728165,0.045994819876852,0.07215635425702314
1213,CCNC(=O)N1CCC2(CC1)CC(C(=O)N(C)C)N(c1ccc(C#N)c(C(F)(F)F)c1)C2,0,0.766261412084824,0.0047134051959768,-3.7139926,0.0523745633447074,0.10610194843368988
1214,CN(C)C(=O)C1CC2(CCN(C(=O)C3CC=CC3)CC2)CN1c1ccc(C#N)c(C(F)(F)F)c1,0,0.625066842158253,0.00807525396416,1.7202908,0.0367691559348246,0.08000544864339851
1215,CN(C)C(=O)C1CC2(CCN(Cc3cccnc3)CC2)CN1c1ccc(C#N)c(C(F)(F)F)c1,0,0.676522937434811,0.0026130445408964,-0.28702128,0.0453470480234327,0.09193618379039348
1216,Cc1occc1C(=O)N1CCC2(CC1)CC(C(=O)N(C)C)N(c1ccc(C#N)c(C(F)(F)F)c1)C2,0,0.650893876476832,0.0064639922118105,7.1135497,0.0335930459167497,0.07021930671473936
1217,CCC(C)(C)C(=O)N1CCC2(CC1)CC(C(=O)N(C)C)N(c1ccc(C#N)c(C(F)(F)F)c1)C2,0,0.647669146500771,0.0048152956499101,2.1312008,0.0414880122772362,0.11940569741415255
1218,CN(C)C(=O)C1CC2(CCN(C(=O)c3ncccn3)CC2)CN1c1ccc(C#N)c(C(F)(F)F)c1,0,0.662455811661772,0.0037914603433539,-3.8226433,0.0336339049180003,0.09387380492412614
1219,CCC(=O)N1CCC2(CC1)CC(C(=O)N(C)C)N(c1ccc(C#N)c(C(F)(F)F)c1)C2,0,0.729591674756776,0.001775732721969,-1.500176,0.0387702120078517,0.12151687060095603
1220,CN(C)C(=O)C1CC2(CCN(C(=O)c3cccnc3)CC2)CN1c1ccc(C#N)c(C(F)(F)F)c1,0,0.664329808535785,0.0061635703096721,-2.5247803,0.0279521208397964,0.09571222170133538
1221,CCn1cc(CN2CCC3(CC2)CC(C(=O)N(C)C)N(c2ccc(C#N)c(C(F)(F)F)c2)C3)cn1,0,0.641547170474467,0.0031488164529848,9.418717,0.0378906673734832,0.07140882851228722
1222,CN(C)C(=O)C1CC2(CCN(Cc3cnn(C)c3)CC2)CN1c1ccc(C#N)c(C(F)(F)F)c1,0,0.680650779799746,0.0064650259400305,3.3855472,0.0330832138561354,0.0695253389052641
1223,N#Cc1ccc(N2CCC([C@@H]3CN(C(=O)c4ccoc4)C[C@H]3C(N)=O)CC2)cc1C(F)(F)F,0,0.754467331845912,0.0026796606796644,-1.1644709,0.0162989880670812,0.10472170428245789
1224,CCCS(=O)(=O)N1C[C@@H](C(N)=O)[C@H](C2CCN(c3ccc(C#N)c(C(F)(F)F)c3)CC2)C1,0,0.684804793975491,0.0021614779167328,5.8022223,0.0138212844669082,0.12200009022855882
1225,Cc1cc(C(=O)N2C[C@@H](C(N)=O)[C@H](C3CCN(c4ccc(C#N)c(C(F)(F)F)c4)CC3)C2)no1,0,0.72687359154241,0.007245360210921,-0.7025599,0.0243328797335906,0.08997958255579505
1226,N#Cc1ccc(N2CCC([C@@H]3CN(C(=O)c4ccc(F)cc4)C[C@H]3C(N)=O)CC2)cc1C(F)(F)F,0,0.663191294147802,0.002368528683754,-3.0976996,0.0526324461775669,0.1535298244923874
1227,N#Cc1ccc(N2CCC([C@@H]3CN(C(=O)C4CC4)C[C@H]3C(N)=O)CC2)cc1C(F)(F)F,0,0.789130144904623,0.0071676059187923,-8.703869,0.0157450330909203,0.09131780631218345
1228,N#Cc1ccc(N2CCC([C@@H]3CN(C(=O)Cc4cccs4)C[C@H]3C(N)=O)CC2)cc1C(F)(F)F,0,0.692795384231263,0.004586676684968,1.3160623,0.0143069969821683,0.09038342949880246
1229,N#Cc1ccc(N2CCC([C@@H]3CN(C(=O)Cc4ccsc4)C[C@H]3C(N)=O)CC2)cc1C(F)(F)F,0,0.692795384231263,0.0027780273642835,-0.4350077,0.0284080650310825,0.08779370076826401
1230,Cc1ccc(C)c(C(=O)N2C[C@@H](C(N)=O)[C@H](C3CCN(c4ccc(C#N)c(C(F)(F)F)c4)CC3)C2)c1,0,0.681305689263998,0.0026826272978726,-3.6609254,0.064346070162349,0.0969867412620153
1231,CCOCC(=O)N1C[C@@H](C(N)=O)[C@H](C2CCN(c3ccc(C#N)c(C(F)(F)F)c3)CC2)C1,0,0.714598830154309,0.0013529559896377,-1.7148345,0.0140730600704176,0.1214846159481566
1232,N#Cc1ccc(N2CCC([C@@H]3CN(C(=O)C4CC=CC4)C[C@H]3C(N)=O)CC2)cc1C(F)(F)F,0,0.698316013575933,0.0023571601374443,1.1492008,0.0122987785035226,0.08966558834535898
1233,N#Cc1ccc(N2CCC([C@@H]3CN(C(=O)CCC4CCCC4)C[C@H]3C(N)=O)CC2)cc1C(F)(F)F,0,0.642992610437407,0.0021814336997785,-3.7928123,0.0177252465864396,0.06414256180414643
1234,N#Cc1ccc(N2CCC([C@@H]3CN(C(=O)C4CCCCCC4)C[C@H]3C(N)=O)CC2)cc1C(F)(F)F,0,0.636638916576547,0.0027403899521407,-0.7866299,0.0282877179883161,0.09766378738754622
1235,Cc1ncoc1C(=O)N1C[C@@H](C(N)=O)[C@H](C2CCN(c3ccc(C#N)c(C(F)(F)F)c3)CC2)C1,0,0.72687359154241,0.0032769344370876,-1.051965,0.0187550961865694,0.09647655294615233
1236,N#Cc1ccc(N2CCC([C@@H]3CN(C(=O)CC4CCCCC4)C[C@H]3C(N)=O)CC2)cc1C(F)(F)F,0,0.665540216390189,0.0060213437852985,-1.6454755,0.0204235029116456,0.08702459471153978
1237,N#Cc1ccc(N2CCC([C@@H]3CN(C(=O)c4ccco4)C[C@H]3C(N)=O)CC2)cc1C(F)(F)F,0,0.754467331845912,0.0014027746825152,-3.6395707,0.0137719218065176,0.0978489747354224
1238,N#Cc1ccc(N2CCC([C@@H]3CN(C(=O)c4ccncc4)C[C@H]3C(N)=O)CC2)cc1C(F)(F)F,0,0.7383742670223,0.0062305478687852,-4.594629,0.0167117645713446,0.12023148810327729
1239,N#Cc1ccc(N2CCC([C@@H]3CN(C(=O)c4cccnc4)C[C@H]3C(N)=O)CC2)cc1C(F)(F)F,0,0.7383742670223,0.0028896883431915,-7.3173833,0.0158635541264945,0.12510113499483635
1240,N#Cc1ccc(N2CCC([C@@H]3CN(C(=O)Cc4ccccc4)C[C@H]3C(N)=O)CC2)cc1C(F)(F)F,0,0.702371428384474,0.0083838474724105,0.7286943,0.0153029320455263,0.11630600880649658
1241,Cn1nccc1C(=O)N1C[C@@H](C(N)=O)[C@H](C2CCN(c3ccc(C#N)c(C(F)(F)F)c3)CC2)C1,0,0.732247562271702,0.0026634797161706,-1.2976719,0.022038367611019,0.09350264369378983
1242,CCn1cc(C(=O)N2C[C@@H](C(N)=O)[C@H](C3CCN(c4ccc(C#N)c(C(F)(F)F)c4)CC3)C2)cn1,0,0.6964069986104,0.0072226556247863,2.2151885,0.032187524550015,0.08400299558966652
1243,CCn1ccc(C(=O)N2C[C@@H](C(N)=O)[C@H](C3CCN(c4ccc(C#N)c(C(F)(F)F)c4)CC3)C2)n1,0,0.6964069986104,0.0016834793010205,-0.57169956,0.0339360827151163,0.07845279767149552
1244,Cc1cc(C(=O)N2C[C@@H](C(N)=O)[C@H](C3CCN(c4ccc(C#N)c(C(F)(F)F)c4)CC3)C2)nn1C,0,0.712091680425229,0.0027144154720218,-3.1952958,0.0432319391327721,0.09498397205156717
1245,Cc1noc(C)c1C(=O)N1C[C@@H](C(N)=O)[C@H](C2CCN(c3ccc(C#N)c(C(F)(F)F)c3)CC2)C1,0,0.70472998832178,0.0022777446547608,-7.354797,0.0664570159761281,0.09348820255515636
1246,N#Cc1ccc(N2CCC([C@@H]3CN(C(=O)Cn4cccn4)C[C@H]3C(N)=O)CC2)cc1C(F)(F)F,0,0.715253413517331,0.0014134426737405,1.8570801,0.0166123643679749,0.10046922061070125
1247,Cc1ccc(C(=O)N2C[C@@H](C(N)=O)[C@H](C3CCN(c4ccc(C#N)c(C(F)(F)F)c4)CC3)C2)cc1,0,0.711049619714205,0.002814248044628,-2.155724,0.0332394933882471,0.09468450744246648
1248,CNC(=O)[C@@H]1CN(C(=O)COCCOC)C[C@H]1C1CCN(c2ccc(C#N)c(C(F)(F)F)c2)CC1,0,0.555287703205126,0.0022488758922228,-2.7960365,0.0166370262398982,0.09496990291411748
1249,CNC(=O)[C@@H]1CN(Cc2ccsc2)C[C@H]1C1CCN(c2ccc(C#N)c(C(F)(F)F)c2)CC1,0,0.697280325368665,0.0099150209758316,-5.718609,0.0242665276490831,0.050635975132358776
1250,CNC(=O)[C@@H]1CN(C(=O)c2ccsc2)C[C@H]1C1CCN(c2ccc(C#N)c(C(F)(F)F)c2)CC1,0,0.703386039624109,0.0370143482424402,-11.329307,0.0103051123372815,0.06398179694527736
1251,CNC(=O)[C@@H]1CN(C(=O)C2CCCC2)C[C@H]1C1CCN(c2ccc(C#N)c(C(F)(F)F)c2)CC1,0,0.71730598553926,0.0071074883926476,-2.5138056,0.0061490077180065,0.05569707066694647
1252,CNC(=O)[C@@H]1CN(C(=O)C2CC=CC2)C[C@H]1C1CCN(c2ccc(C#N)c(C(F)(F)F)c2)CC1,0,0.677220741199924,0.0068073548533785,-2.2647772,0.0093106137150796,0.05791445925161043
1253,CNC(=O)[C@@H]1CN(C(=O)C2CCOCC2)C[C@H]1C1CCN(c2ccc(C#N)c(C(F)(F)F)c2)CC1,0,0.698561765889156,0.0097550923196534,-5.5590925,0.0209176526736048,0.08919112291579324
1254,CNC(=O)[C@@H]1CN(C(=O)c2ccoc2C)C[C@H]1C1CCN(c2ccc(C#N)c(C(F)(F)F)c2)CC1,0,0.706769124507784,0.0151756403063851,0.17611706,0.0312318241499327,0.06375646633362604
1255,CNC(=O)[C@@H]1CN(C(=O)c2cn(C)cn2)C[C@H]1C1CCN(c2ccc(C#N)c(C(F)(F)F)c2)CC1,0,0.714360584693203,0.012307276944512,8.55876,0.0214909061880872,0.06678789853872058
1256,CNC(=O)[C@@H]1CN(C(=O)CSC)C[C@H]1C1CCN(c2ccc(C#N)c(C(F)(F)F)c2)CC1,0,0.719214973222318,0.0034434123214212,-7.541826,0.0124329120054962,0.08111524746066065
1257,CNC(=O)[C@@H]1CN(C(=O)Cc2ccncc2)C[C@H]1C1CCN(c2ccc(C#N)c(C(F)(F)F)c2)CC1,0,0.682436034286192,0.0054211424411377,-1.4657257,0.0160256128252964,0.07826662822749171
1258,CNC(=O)[C@@H]1CN(S(=O)(=O)N(C)C)C[C@H]1C1CCN(c2ccc(C#N)c(C(F)(F)F)c2)CC1,0,0.684445731201485,0.0034931580578223,3.8249488,0.0104618589318217,0.10162396512954755
1259,CNC(=O)[C@@H]1CN(C(=O)CC2CC2)C[C@H]1C1CCN(c2ccc(C#N)c(C(F)(F)F)c2)CC1,0,0.7277485071415,0.0021768131391121,-4.767378,0.0080145131157005,0.054879076142011096
1260,CNC(=O)[C@@H]1CN(C(=O)c2ncccn2)C[C@H]1C1CCN(c2ccc(C#N)c(C(F)(F)F)c2)CC1,0,0.713212862542753,0.0105560199768166,-10.778348,0.0203154732244566,0.08821168519250884
1261,CNC(=O)[C@@H]1CNC[C@H]1C1CCN(c2ccc(C#N)c(C(F)(F)F)c2)CC1,0,0.8449745903394,0.0071947037981494,-11.353967,0.0022896867491612,0.07861615074596694
1262,CNC(=O)[C@@H]1CN(C(=O)C(C)C)C[C@H]1C1CCN(c2ccc(C#N)c(C(F)(F)F)c2)CC1,0,0.764075350608646,0.0061279364583741,-12.2926855,0.0120465888359336,0.08465363631853054
1263,CNC(=O)[C@@H]1CN(Cc2ccccc2)C[C@H]1C1CCN(c2ccc(C#N)c(C(F)(F)F)c2)CC1,0,0.708567197347105,0.0020056666382763,-4.000727,0.0073694737287204,0.07168452780869554
1264,CCC(=O)N1C[C@@H](C(=O)NC)[C@H](C2CCN(c3ccc(C#N)c(C(F)(F)F)c3)CC2)C1,0,0.787372124476694,0.0058035920564438,-6.4840574,0.0093584688291798,0.09116301415040248
1265,CNC(=O)[C@@H]1CN(C(=O)c2cccnc2)C[C@H]1C1CCN(c2ccc(C#N)c(C(F)(F)F)c2)CC1,0,0.717879019981682,0.015560604342099,-9.551374,0.0208222823538745,0.0842614751029797
1266,CNC(=O)[C@@H]1CN(C(=O)NCCCOC)C[C@H]1C1CCN(c2ccc(C#N)c(C(F)(F)F)c2)CC1,0,0.567320406764733,0.0153778925626132,-4.8435316,0.0079986085803458,0.08847700206923892
1267,CNC(=O)[C@@H]1CN(C(=O)NC2CCCC2)C[C@H]1C1CCN(c2ccc(C#N)c(C(F)(F)F)c2)CC1,0,0.671822902620282,0.0070515826932064,-2.994906,0.0074385951959678,0.06369020681077979
1268,CNC(=O)[C@@H]1CN(C(=O)c2ccn(C)n2)C[C@H]1C1CCN(c2ccc(C#N)c(C(F)(F)F)c2)CC1,0,0.714360584693203,0.0137666457534316,-6.1245856,0.0205831651577145,0.07087603204821534
1269,CNC(=O)[C@@H]1CN(C(=O)c2ccccc2C)C[C@H]1C1CCN(c2ccc(C#N)c(C(F)(F)F)c2)CC1,0,0.684504739737217,0.002713856504477,-5.196593,0.02469054192566,0.08184247241447248
1270,COCC(=O)N1C[C@@H](C(=O)NC2CC2)[C@H](C2CCN(c3ccc(C#N)c(C(F)(F)F)c3)CC2)C1,0,0.679813122354842,0.00320128032295,-10.632603,0.0103521926106308,0.05904737971812193
1271,CSCC(=O)N1C[C@@H](C(=O)NC2CC2)[C@H](C2CCN(c3ccc(C#N)c(C(F)(F)F)c3)CC2)C1,0,0.655188274187266,0.0056395988416456,-10.13885,0.0125151881194097,0.058135276196293675
1272,CS(=O)(=O)N1C[C@@H](C(=O)NC2CC2)[C@H](C2CCN(c3ccc(C#N)c(C(F)(F)F)c3)CC2)C1,0,0.693583566544273,0.006629338420231,-1.3835825,0.0187503495075014,0.07329879205005574
1273,N#Cc1ccc(N2CCC([C@@H]3CNC[C@H]3C(=O)NC3CC3)CC2)cc1C(F)(F)F,0,0.806982661398816,0.0133391458601801,-11.66439,0.0139102889024902,0.053911552492392066
1274,CCC(=O)N1C[C@@H](C(=O)NC2CC2)[C@H](C2CCN(c3ccc(C#N)c(C(F)(F)F)c3)CC2)C1,0,0.726189612220414,0.0048838547782563,-7.332435,0.0104897083357276,0.0536132272810006
1275,CC(=O)N1C[C@@H](C(=O)NC2CC2)[C@H](C2CCN(c3ccc(C#N)c(C(F)(F)F)c3)CC2)C1,0,0.767864891624583,0.0044996441141355,-11.160341,0.0101233442926233,0.06124869953624734
1276,CCC(CC)C(=O)N1C[C@@H](C(=O)N(C)C)[C@H](C2CCN(c3ccc(C#N)c(C(F)(F)F)c3)CC2)C1,0,0.590762865316239,0.0081455282794418,-4.380019,0.0163854162164952,0.09094108196689754
1277,CN(C)C(=O)[C@@H]1CN(C(=O)C2CC=CC2)C[C@H]1C1CCN(c2ccc(C#N)c(C(F)(F)F)c2)CC1,0,0.602854714429782,0.0065347873951338,1.7278856,0.012852030150836,0.0563688554078835
1278,CCC(C)(C)C(=O)N1C[C@@H](C(=O)N(C)C)[C@H](C2CCN(c3ccc(C#N)c(C(F)(F)F)c3)CC2)C1,0,0.611478948335646,0.007082464686526,-4.546458,0.0172572438813553,0.08820367862032105
1279,CN(C)C(=O)[C@@H]1CNC[C@H]1C1CCN(c2ccc(C#N)c(C(F)(F)F)c2)CC1,0,0.85657013728745,0.0025504718759858,-11.472552,0.0035142407443525,0.07508132363915172
1280,CCCC(=O)N1C[C@@H](C(=O)N(C)C)[C@H](C2CCN(c3ccc(C#N)c(C(F)(F)F)c3)CC2)C1,0,0.665689330428439,0.0038264678795508,-4.125947,0.0071082168034415,0.09098379284487318
1281,CCNC(=O)[C@@H]1CN(C(=O)c2ccoc2)C[C@H]1C1CCN(c2ccc(C#N)c(C(F)(F)F)c2)CC1,0,0.68947449767565,0.0043385600088086,-0.6615456,0.0212146617479446,0.06170062523932215
1282,CCNC(=O)[C@@H]1CN(C(=O)CNC(C)=O)C[C@H]1C1CCN(c2ccc(C#N)c(C(F)(F)F)c2)CC1,0,0.631912072460925,0.0069547696482594,0.43244135,0.016456043790109,0.10410626676342068
1283,CCNC(=O)[C@@H]1CN(C(=O)C2CC2)C[C@H]1C1CCN(c2ccc(C#N)c(C(F)(F)F)c2)CC1,0,0.7277485071415,0.003908900832138,-8.453344,0.0159507749754034,0.05657764769618316
1284,CCNC(=O)[C@@H]1CN(C(=O)COCC)C[C@H]1C1CCN(c2ccc(C#N)c(C(F)(F)F)c2)CC1,0,0.648571120257325,0.0023082567347759,-3.0050945,0.0092148307495353,0.08245229836051864
1285,CCNC(=O)[C@@H]1CN(C(=O)c2cc[nH]n2)C[C@H]1C1CCN(c2ccc(C#N)c(C(F)(F)F)c2)CC1,0,0.673298781796338,0.0221744883930448,-4.204653,0.0171245425771601,0.06714137138121891
1286,CCNC(=O)[C@@H]1CN(C(=O)NC(C)C)C[C@H]1C1CCN(c2ccc(C#N)c(C(F)(F)F)c2)CC1,0,0.67566571640142,0.0117350035283455,0.08780968,0.0129084189217473,0.10267647008679961
1287,CCNC(=O)[C@@H]1CN(S(C)(=O)=O)C[C@H]1C1CCN(c2ccc(C#N)c(C(F)(F)F)c2)CC1,0,0.710658922448745,0.0020785315061095,4.744435,0.0178128320884821,0.10978176854859492
1288,CCNC(=O)[C@@H]1CN(C(=O)c2ccncc2)C[C@H]1C1CCN(c2ccc(C#N)c(C(F)(F)F)c2)CC1,0,0.677656348618471,0.0030941790864543,-3.8241324,0.0180966092244659,0.08094561772722
1289,CCCC(=O)N1C[C@@H](C(=O)NCC)[C@H](C2CCN(c3ccc(C#N)c(C(F)(F)F)c3)CC2)C1,0,0.694872432535792,0.0015688269092177,-5.281418,0.0087687160888538,0.07761535154897008
1290,CCNC(=O)[C@@H]1CN(C(=O)c2cccnc2)C[C@H]1C1CCN(c2ccc(C#N)c(C(F)(F)F)c2)CC1,0,0.677656348618471,0.004950702334127,-6.7444797,0.0225867012647011,0.08028135200476195
1291,N#Cc1ccc(N2C[C@@H](C(N)=O)[C@H](C3CCN(C(=O)c4ccoc4)CC3)C2)cc1C(F)(F)F,0,0.754467331845912,0.0034188689590562,10.188277,0.0202094176447289,0.08907546052190646
1292,COCCOCC(=O)N1CCC([C@@H]2CN(c3ccc(C#N)c(C(F)(F)F)c3)C[C@H]2C(N)=O)CC1,0,0.56818187895922,0.0014492189095353,9.310374,0.0131556562604613,0.14224405418009373
1293,Cc1cc(C(=O)N2CCC([C@@H]3CN(c4ccc(C#N)c(C(F)(F)F)c4)C[C@H]3C(N)=O)CC2)c(C)o1,0,0.703680957913569,0.0199430870843709,12.305448,0.0513505369587681,0.06684791742328837
1294,N#Cc1ccc(N2C[C@@H](C(N)=O)[C@H](C3CCN(C(=O)c4ccc(F)cc4)CC3)C2)cc1C(F)(F)F,0,0.663191294147802,0.0049798124791667,3.7145448,0.0662973300283119,0.12674833253597897
1295,CC(C)CC(=O)N1CCC([C@@H]2CN(c3ccc(C#N)c(C(F)(F)F)c3)C[C@H]2C(N)=O)CC1,0,0.744557295299786,0.0058162979202274,1.6804384,0.0132315194352014,0.10227371893781916
1296,N#Cc1ccc(N2C[C@@H](C(N)=O)[C@H](C3CCN(C(=O)C4CCC4)CC3)C2)cc1C(F)(F)F,0,0.766268733389079,0.0070178537494937,8.548945,0.0141479854648951,0.081006265716506
1297,Cc1ccsc1C(=O)N1CCC([C@@H]2CN(c3ccc(C#N)c(C(F)(F)F)c3)C[C@H]2C(N)=O)CC1,0,0.700610810971691,0.0068915569826338,4.310743,0.055562165021333,0.0922317858434915
1298,N#Cc1ccc(N2C[C@@H](C(N)=O)[C@H](C3CCN(Cc4cccc(F)c4)CC3)C2)cc1C(F)(F)F,0,0.660716718350189,0.0060778280125934,1.5613917,0.047287294297981,0.10376256774396113
1299,N#Cc1ccc(N2C[C@@H](C(N)=O)[C@H](C3CCN(C(=O)c4cccc(F)c4)CC3)C2)cc1C(F)(F)F,0,0.663191294147802,0.0039505702617456,3.1580787,0.0374606958984646,0.11349995508532884
1300,N#Cc1ccc(N2C[C@@H](C(N)=O)[C@H](C3CCN(C(=O)Cc4ccsc4)CC3)C2)cc1C(F)(F)F,0,0.692795384231263,0.0033916446870604,5.1893644,0.0314731669592126,0.08177642861848856
1301,COCCC(=O)N1CCC([C@@H]2CN(c3ccc(C#N)c(C(F)(F)F)c3)C[C@H]2C(N)=O)CC1,0,0.714598830154309,0.0015000431989271,8.551985,0.016704522931145,0.11542452734840318
1302,CCOCC(=O)N1CCC([C@@H]2CN(c3ccc(C#N)c(C(F)(F)F)c3)C[C@H]2C(N)=O)CC1,0,0.714598830154309,0.0010388754258928,7.78527,0.0240625898449924,0.11239709307436845
1303,N#Cc1ccc(N2C[C@@H](C(N)=O)[C@H](C3CCN(C(=O)c4ccsc4)CC3)C2)cc1C(F)(F)F,0,0.72823776449333,0.0034017936991897,0.8797697,0.0203888659068657,0.0907592383448107
1304,N#Cc1ccc(N2C[C@@H](C(N)=O)[C@H](C3CCN(C(=O)c4ccnc(O)c4)CC3)C2)cc1C(F)(F)F,0,0.683720449276414,0.0360793784959927,10.8662815,0.035267716324361,0.1263950647253779
1305,N#Cc1ccc(N2C[C@@H](C(N)=O)[C@H](C3CCN(C(=O)C4CCOCC4)CC3)C2)cc1C(F)(F)F,0,0.717562522239059,0.0041579639502046,11.294957,0.028026289890195,0.11445286725477741
1306,Cc1ccncc1C(=O)N1CCC([C@@H]2CN(c3ccc(C#N)c(C(F)(F)F)c3)C[C@H]2C(N)=O)CC1,0,0.715374346013512,0.0037858585358055,8.653766,0.0357626116132505,0.0954944213738258
1307,Cc1ncccc1C(=O)N1CCC([C@@H]2CN(c3ccc(C#N)c(C(F)(F)F)c3)C[C@H]2C(N)=O)CC1,0,0.715374346013512,0.0038560070731299,10.368924,0.0425499145951793,0.10683609941770081
1308,N#Cc1ccc(N2C[C@@H](C(N)=O)[C@H](C3CCN(C(=O)c4cccnc4O)CC3)C2)cc1C(F)(F)F,0,0.683720449276414,0.0063230524217904,12.687758,0.0361109357508015,0.11879095425647526
1309,Cc1cccc(NC(=O)N2CCC([C@@H]3CN(c4ccc(C#N)c(C(F)(F)F)c4)C[C@H]3C(N)=O)CC2)c1,0,0.65229897945477,0.0092354581013934,3.1689515,0.0398653281188667,0.0877142939609387
1310,N#Cc1ccc(N2C[C@@H](C(N)=O)[C@H](C3CCN(Cc4ccncc4)CC3)C2)cc1C(F)(F)F,0,0.743681261100747,0.0025410251864979,6.802257,0.038688798750505,0.09741794133217241
1311,COc1cccc(CN2CCC([C@@H]3CN(c4ccc(C#N)c(C(F)(F)F)c4)C[C@H]3C(N)=O)CC2)n1,0,0.670959136489078,0.0045631161424693,9.832655,0.0383093913665947,0.09636082518545977
1312,N#Cc1ccc(N2C[C@@H](C(N)=O)[C@H](C3CCN(C(=O)Cc4ccncc4)CC3)C2)cc1C(F)(F)F,0,0.70148234139344,0.0044260083796259,6.175663,0.0287231967281525,0.10946013739695767
1313,N#Cc1ccc(N2C[C@@H](C(N)=O)[C@H](C3CCN(C(=O)CC4CCCC4)CC3)C2)cc1C(F)(F)F,0,0.697241677000849,0.0028926496985741,8.601327,0.0128924263096142,0.07781322286059479
1314,N#Cc1ccc(N2C[C@@H](C(N)=O)[C@H](C3CCN(C(=O)CC(F)(F)F)CC3)C2)cc1C(F)(F)F,0,0.675655215921641,0.0069147865192004,12.563426,0.0470355646985489,0.13994292265928737
1315,CC(C)C(=O)N1CCC([C@@H]2CN(c3ccc(C#N)c(C(F)(F)F)c3)C[C@H]2C(N)=O)CC1,0,0.785709868713798,0.0030397635785145,5.9536333,0.0149566691174557,0.11032696497667098
1316,CCC(=O)N1CCC([C@@H]2CN(c3ccc(C#N)c(C(F)(F)F)c3)C[C@H]2C(N)=O)CC1,0,0.807960041434248,0.0019443193507434,8.731767,0.0224028432265541,0.10964372945646905
1317,CCCC(=O)N1CCC([C@@H]2CN(c3ccc(C#N)c(C(F)(F)F)c3)C[C@H]2C(N)=O)CC1,0,0.767823181706015,0.0030732664041835,8.070613,0.0201894753724995,0.10748486993065101
1318,Cc1ccc(NC(=O)N2CCC([C@@H]3CN(c4ccc(C#N)c(C(F)(F)F)c4)C[C@H]3C(N)=O)CC2)cc1,0,0.65229897945477,0.0070207028764753,4.353049,0.029902455282555,0.09514635587072943
1319,CC(C)CNC(=O)N1CCC([C@@H]2CN(c3ccc(C#N)c(C(F)(F)F)c3)C[C@H]2C(N)=O)CC1,0,0.697187514033532,0.0328777168720454,1.9534856,0.0076924821173382,0.09607733624299715
1320,COCCNC(=O)N1CCC([C@@H]2CN(c3ccc(C#N)c(C(F)(F)F)c3)C[C@H]2C(N)=O)CC1,0,0.623260647409368,0.0313625931957276,3.5639825,0.0156598315468497,0.10578033194560346
1321,Cn1ccc(C(=O)N2CCC([C@@H]3CN(c4ccc(C#N)c(C(F)(F)F)c4)C[C@H]3C(N)=O)CC2)n1,0,0.732247562271702,0.0066737497010118,6.6560855,0.0285450284926493,0.08626541743820391
1322,Cc1ccn(CC(=O)N2CCC([C@@H]3CN(c4ccc(C#N)c(C(F)(F)F)c4)C[C@H]3C(N)=O)CC2)n1,0,0.696070596427937,0.001915005551713,1.548606,0.0382855826223215,0.09695768559635919
1323,Cc1nn(C)cc1C(=O)N1CCC([C@@H]2CN(c3ccc(C#N)c(C(F)(F)F)c3)C[C@H]2C(N)=O)CC1,0,0.712091680425229,0.0051349560411354,10.476888,0.0409695111443674,0.08800959414925466
1324,CC(C)(C)C(=O)N1CCC([C@@H]2CN(c3ccc(C#N)c(C(F)(F)F)c3)C[C@H]2C(N)=O)CC1,0,0.764327323527215,0.0027734769603576,2.2521696,0.0142316744098695,0.10719764231540992
1325,CCCS(=O)(=O)N1CCC([C@@H]2CN(c3ccc(C#N)c(C(F)(F)F)c3)C[C@H]2C(=O)NC)CC1,0,0.667579270606338,0.0025463312991333,6.109578,0.0152155344835051,0.08564414186417338
1326,CNC(=O)[C@@H]1CN(c2ccc(C#N)c(C(F)(F)F)c2)C[C@H]1C1CCN(C(=O)N2CCOCC2)CC1,0,0.699356095370702,0.0051159783531584,7.494284,0.0311920825950755,0.08772480501111304
1327,CNC(=O)[C@@H]1CN(c2ccc(C#N)c(C(F)(F)F)c2)C[C@H]1C1CCN(C(=O)c2cccs2)CC1,0,0.703386039624109,0.0114099640431787,3.4570622,0.0214170251313523,0.06371276421480057
1328,CNC(=O)[C@@H]1CN(c2ccc(C#N)c(C(F)(F)F)c2)C[C@H]1C1CCN(C(=O)CC(C)C)CC1,0,0.72172328443747,0.007973843393166,-3.588231,0.0100487935090309,0.0736888390075495
1329,CNC(=O)[C@@H]1CN(c2ccc(C#N)c(C(F)(F)F)c2)C[C@H]1C1CCN(Cc2ccc(C)cn2)CC1,0,0.693551788804886,0.0132394172434238,-2.7769904,0.0311555852080181,0.07546386269637297
1330,CNC(=O)[C@@H]1CN(c2ccc(C#N)c(C(F)(F)F)c2)C[C@H]1C1CCN(C(=O)CC(C)(C)C)CC1,0,0.708525835449888,0.0182064446829145,5.1673136,0.0136753762875459,0.08333889430152908
1331,CNC(=O)[C@@H]1CN(c2ccc(C#N)c(C(F)(F)F)c2)C[C@H]1C1CCN(C(=O)C2CC=CC2)CC1,0,0.677220741199924,0.0086137488644212,8.7851925,0.0211404665809939,0.054054188866323606
1332,CNC(=O)[C@@H]1CN(c2ccc(C#N)c(C(F)(F)F)c2)C[C@H]1C1CCN(C(=O)C2CCOCC2)CC1,0,0.698561765889155,0.0098827231832546,7.758307,0.0289838571669896,0.08010939504300776
1333,CNC(=O)[C@@H]1CN(c2ccc(C#N)c(C(F)(F)F)c2)C[C@H]1C1CCN(C2CCOCC2)CC1,0,0.740992711384363,0.006950816134382,10.716613,0.0332433182896701,0.07924358976088754
1334,CNC(=O)[C@@H]1CN(c2ccc(C#N)c(C(F)(F)F)c2)C[C@H]1C1CCN(Cc2cccnc2)CC1,0,0.720447417129662,0.0044324454040385,0.15480328,0.037499585255033,0.07272089898302779
1335,CNC(=O)[C@@H]1CN(c2ccc(C#N)c(C(F)(F)F)c2)C[C@H]1C1CCN(Cc2ccncc2F)CC1,0,0.646958558779381,0.0198569285671089,3.9014516,0.033350061650204,0.07993720912318422
1336,CNC(=O)[C@@H]1CN(c2ccc(C#N)c(C(F)(F)F)c2)C[C@H]1C1CCN(Cc2cccn2C)CC1,0,0.720605293303557,0.01155504357067,0.31463993,0.0513928985211621,0.062328167845740745
1337,CNC(=O)[C@@H]1CN(c2ccc(C#N)c(C(F)(F)F)c2)C[C@H]1C1CCN(C(=O)NC(C)C)CC1,0,0.714934845963327,0.0190209847929089,6.834787,0.0127802082169956,0.09525582836334917
1338,CNC(=O)[C@@H]1CN(c2ccc(C#N)c(C(F)(F)F)c2)C[C@H]1C1CCN(C(=O)Cc2ccncc2)CC1,0,0.682436034286192,0.0118080187760053,2.7918239,0.0285406055001519,0.07810735148258771
1339,CNC(=O)[C@@H]1CN(c2ccc(C#N)c(C(F)(F)F)c2)C[C@H]1C1CCN(S(=O)(=O)N(C)C)CC1,0,0.684445731201485,0.0031919519539849,5.7821817,0.0149658842083925,0.08389699650314517
1340,CNC(=O)[C@@H]1CN(c2ccc(C#N)c(C(F)(F)F)c2)C[C@H]1C1CCN(C(=O)c2cccc(C)n2)CC1,0,0.694169810889978,0.0104459189223356,9.989863,0.0237899524986381,0.07718462646691915
1341,CNC(=O)[C@@H]1CN(c2ccc(C#N)c(C(F)(F)F)c2)C[C@H]1C1CCN(C(=O)c2ccccn2)CC1,0,0.717879019981682,0.0152406757055687,6.792214,0.0257616287766995,0.08015013942056623
1342,CNC(=O)[C@@H]1CN(c2ccc(C#N)c(C(F)(F)F)c2)C[C@H]1C1CCN(C(=O)c2ncccc2C)CC1,0,0.694169810889978,0.0055601353216875,9.644222,0.0301116107611988,0.08018936714588894
1343,CNC(=O)[C@@H]1CN(c2ccc(C#N)c(C(F)(F)F)c2)C[C@H]1C1CCN(C(=O)c2ncccn2)CC1,0,0.713212862542753,0.0045084445842958,1.0819069,0.021637256997449,0.08554708146673375
1344,CNC(=O)[C@@H]1CN(c2ccc(C#N)c(C(F)(F)F)c2)C[C@H]1C1CCN(C(=O)c2cccn2C)CC1,0,0.718026845100877,0.006016144453482,4.6573477,0.0319923644252455,0.06042411381200684
1345,CNC(=O)[C@@H]1CN(c2ccc(C#N)c(C(F)(F)F)c2)C[C@H]1C1CCN(C(=O)Cc2ccccc2)CC1,0,0.679540736792251,0.0059780069211171,0.71907556,0.0300368814467864,0.07868724146089619
1346,CNC(=O)[C@@H]1CN(c2ccc(C#N)c(C(F)(F)F)c2)C[C@H]1C1CCN(C(=O)NCCC(C)C)CC1,0,0.630369004775879,0.0592258391311975,-2.029617,0.0174817332512486,0.0767929184922985
1347,CNC(=O)[C@@H]1CN(c2ccc(C#N)c(C(F)(F)F)c2)C[C@H]1C1CCN(C(=O)c2cnn(C)c2)CC1,0,0.714360584693203,0.108330226977286,5.628595,0.0247025827865729,0.07461617598456541
1348,CNC(=O)[C@@H]1CN(c2ccc(C#N)c(C(F)(F)F)c2)C[C@H]1C1CCN(Cc2cnn(C)c2)CC1,0,0.721106679264576,0.0743334701290428,4.8960857,0.0220707928623585,0.05790988922060732
1349,COCCC(=O)N1CCC([C@@H]2CN(c3ccc(C#N)c(C(F)(F)F)c3)C[C@H]2C(=O)NC2CC2)CC1,0,0.632101015509004,0.0043848565763154,1.859322,0.0359986370994489,0.05524721941799143
1350,CC(C)NC(=O)N1CCC([C@@H]2CN(c3ccc(C#N)c(C(F)(F)F)c3)C[C@H]2C(=O)NC2CC2)CC1,0,0.657019264432334,0.0190352111527867,3.8725653,0.0417958320101399,0.06523525583744336
1351,CS(=O)(=O)N1CCC([C@@H]2CN(c3ccc(C#N)c(C(F)(F)F)c3)C[C@H]2C(=O)NC2CC2)CC1,0,0.693583566544273,0.003776052843765,-2.6574838,0.0312111820646284,0.06131926002252375
1352,N#Cc1ccc(N2C[C@@H](C(=O)NC3CC3)[C@H](C3CCNCC3)C2)cc1C(F)(F)F,0,0.806982661398816,0.0047211798551888,6.277825,0.0144770543914947,0.05750631060348911
1353,CC(C)C(=O)N1CCC([C@@H]2CN(c3ccc(C#N)c(C(F)(F)F)c3)C[C@H]2C(=O)NC2CC2)CC1,0,0.701503251426303,0.0099193239390868,-0.015505552,0.0336258738784957,0.05531365903795125
1354,CCCNC(=O)N1CCC([C@@H]2CN(c3ccc(C#N)c(C(F)(F)F)c3)C[C@H]2C(=O)NC2CC2)CC1,0,0.634735799229042,0.0172738112953284,0.3803543,0.0419466922050323,0.05819165198199248
1355,CC(=O)N1CCC([C@@H]2CN(c3ccc(C#N)c(C(F)(F)F)c3)C[C@H]2C(=O)NC2CC2)CC1,0,0.767864891624583,0.0030372527202846,1.273846,0.0152794102117111,0.06601232832734247
1356,CNC(=O)N1CCC([C@@H]2CN(c3ccc(C#N)c(C(F)(F)F)c3)C[C@H]2C(=O)NC2CC2)CC1,0,0.7188144732561,0.0262323168233815,4.3998017,0.0369957583355981,0.06393793738905508
1357,CC(C)N1CCC([C@@H]2CN(c3ccc(C#N)c(C(F)(F)F)c3)C[C@H]2C(=O)N(C)C)CC1,0,0.719821517104987,0.0096945246544352,6.56241,0.0299142464448536,0.09377688451207909
1358,CN(C)C(=O)[C@@H]1CN(c2ccc(C#N)c(C(F)(F)F)c2)C[C@H]1C1CCN(C(=O)C2CCCC2)CC1,0,0.63621560598413,0.0098828867552456,11.86613,0.0223224715163488,0.05629279987683518
1359,CN(C)C(=O)[C@@H]1CN(c2ccc(C#N)c(C(F)(F)F)c2)C[C@H]1C1CCN(CC2CCCCC2)CC1,0,0.582353520341992,0.0184153361937532,4.6625876,0.0392173434940241,0.08423127743446912
1360,CN(C)C(=O)[C@@H]1CN(c2ccc(C#N)c(C(F)(F)F)c2)C[C@H]1C1CCN(C(=O)c2ccco2)CC1,0,0.653028307094438,0.0072147141700818,6.678393,0.0231170087221341,0.06313343132332588
1361,CN(C)C(=O)[C@@H]1CN(c2ccc(C#N)c(C(F)(F)F)c2)C[C@H]1C1CCN(S(C)(=O)=O)CC1,0,0.67199756363457,0.0023683339935612,5.2882395,0.0199912805014805,0.08815345367712982
1362,CCCNC(=O)N1CCC([C@@H]2CN(c3ccc(C#N)c(C(F)(F)F)c3)C[C@H]2C(=O)N(C)C)CC1,0,0.700682480365815,0.0058890843580636,6.626117,0.0189972623269845,0.08032046371841775
1363,CCC(=O)N1CCC([C@@H]2CN(c3ccc(C#N)c(C(F)(F)F)c3)C[C@H]2C(=O)N(C)C)CC1,0,0.705609830293548,0.0042620374797593,7.751963,0.0222705384024488,0.09156206937207545
1364,CCNC(=O)[C@@H]1CN(c2ccc(C#N)c(C(F)(F)F)c2)C[C@H]1C1CCN(C(C)C)CC1,0,0.761038905121859,0.013454570438412,4.332828,0.0257674065537461,0.08604402318084511
1365,CCNC(=O)[C@@H]1CN(c2ccc(C#N)c(C(F)(F)F)c2)C[C@H]1C1CCN(C(=O)C2CC2)CC1,0,0.7277485071415,0.0048723199795603,3.4227977,0.0372146286109189,0.05281270620166587
1366,CCNC(=O)[C@@H]1CN(c2ccc(C#N)c(C(F)(F)F)c2)C[C@H]1C1CCN(C(=O)COCC)CC1,0,0.648571120257325,0.0021828132863046,6.7873683,0.0188497387214959,0.07940148358522219
1367,CCNC(=O)[C@@H]1CN(c2ccc(C#N)c(C(F)(F)F)c2)C[C@H]1C1CCN(C(=O)NCC)CC1,0,0.699145727379295,0.0242375552767067,7.3481097,0.0142531149240996,0.08607722842234145
1368,CCNC(=O)[C@@H]1CN(c2ccc(C#N)c(C(F)(F)F)c2)C[C@H]1C1CCN(C(=O)CSC)CC1,0,0.673013324719156,0.0013244630659763,6.5978246,0.0143081464198441,0.07928769338220397
1369,CCNC(=O)[C@@H]1CN(c2ccc(C#N)c(C(F)(F)F)c2)C[C@H]1C1CCN(C(=O)C(C)(C)CC)CC1,0,0.637122286993889,0.0076013000556505,7.732511,0.0377008969142996,0.07828646866573857
1370,CCNC(=O)[C@@H]1CN(c2ccc(C#N)c(C(F)(F)F)c2)C[C@H]1C1CCN(C(=O)c2ccncc2)CC1,0,0.677656348618471,0.0044329797142615,5.7946706,0.0379048597826653,0.07588145229534957
1371,CCNC(=O)[C@@H]1CN(c2ccc(C#N)c(C(F)(F)F)c2)C[C@H]1C1CCN(C(=O)N2CCCC2)CC1,0,0.696871083222074,0.0101488441639677,11.0285845,0.0372316737631716,0.06519126242836706
1372,CCNC(=O)[C@@H]1CN(c2ccc(C#N)c(C(F)(F)F)c2)C[C@H]1C1CCN(C(=O)NCC(C)C)CC1,0,0.630369004775879,0.0139487523280134,1.4027768,0.0155873426702229,0.08430650067214254
1373,CCNC(=O)[C@@H]1CN(c2ccc(C#N)c(C(F)(F)F)c2)C[C@H]1C1CCN(Cc2cnn(C)c2)CC1,0,0.674542130717903,0.0056466963249503,6.2672997,0.0433871254185134,0.06180431051238768
1374,CCNC(=O)[C@@H]1CN(c2ccc(C#N)c(C(F)(F)F)c2)C[C@H]1C1CCN(Cc2cccs2)CC1,0,0.635662661423984,0.0056028069461323,6.7400174,0.0423971349477873,0.05890602347164797
1375,N#Cc1ccc(N2CCN(C(=O)CCn3c(=O)oc4ccccc43)C(CO)C2)cc1C(F)(F)F,0,0.610003391155451,0.0042343649959325,-1.665227,0.0551415546377241,0.0956309133320194
1376,Cc1ccc(CC(=O)N2CCN(c3ccc(C#N)c(C(F)(F)F)c3)CC2CO)cc1,0,0.830162380934979,0.003552591154036,-7.951329,0.012379416241935,0.09157955593152982
1377,N#Cc1ccc(N2CCN(C(=O)C3CCC3)C(CO)C2)cc1C(F)(F)F,0,0.890846810164228,0.00188283361081,-15.60426,0.0066929491810684,0.0939318955833718
1378,N#Cc1ccc(N2CCN(C(=O)Cc3cccc(F)c3)C(CO)C2)cc1C(F)(F)F,0,0.771300039753129,0.0024554095859366,-13.483968,0.017572086716434,0.09991763853467094
1379,N#Cc1ccc(N2CCN(C(=O)Cc3ccccc3Cl)C(CO)C2)cc1C(F)(F)F,0,0.794833311514792,0.0035325406240317,-9.925319,0.0148676937052275,0.09474957218430316
1380,N#Cc1ccc(N2CCN(C(=O)CCC3CCCC3)C(CO)C2)cc1C(F)(F)F,0,0.807644407730314,0.002148160708622,-9.669602,0.0036362626330924,0.06441961336372366
1381,COCC1CN(c2ccc(C#N)c(C(F)(F)F)c2)CCN1C(=O)c1cc(C)oc1C,0,0.751921531031361,0.0022081506392235,-1.5309516,0.0047449290152136,0.07368887122005263
1382,COCC1CN(c2ccc(C#N)c(C(F)(F)F)c2)CCN1C(=O)c1ccc(F)cc1,0,0.706978004786994,0.0036196877098446,-5.91977,0.0041504733466793,0.09474256409891443
1383,COCC1CN(c2ccc(C#N)c(C(F)(F)F)c2)CCN1C(=O)c1ccc(OC)c(F)c1,0,0.649016865410502,0.0063499312901554,-6.3198595,0.0106201722630328,0.10586920896737792
1384,COCC1CN(c2ccc(C#N)c(C(F)(F)F)c2)CCN1C(=O)COc1ccc(F)cc1,0,0.629818497356263,0.0016040393812887,-4.04289,0.0065852950762367,0.08322159316907084
1385,COCC1CN(c2ccc(C#N)c(C(F)(F)F)c2)CCN1C(=O)c1ccsc1,0,0.774187095252038,0.0028270218608208,-9.431392,0.0011551809980653,0.06304653217844212
1386,COCC1CN(c2ccc(C#N)c(C(F)(F)F)c2)CCN1C(=O)c1ccc(OC)nc1,0,0.720196249439083,0.0025006449413812,-8.582573,0.0050933118257987,0.08457253616322816
1387,COCC1CN(c2ccc(C#N)c(C(F)(F)F)c2)CCN1C(=O)c1ccoc1C,0,0.776542819019098,0.0031613334727091,-2.5025408,0.002830635888113,0.08405131845405812
1388,COCC1CN(c2ccc(C#N)c(C(F)(F)F)c2)CCN1C(=O)Cc1ccncc1,0,0.747014457839845,0.0027408148828369,-0.3871032,0.0029313231084465,0.07939690086628351
1389,COCC1CN(c2ccc(C#N)c(C(F)(F)F)c2)CCN1C(=O)c1ccc(OC)c(OC)c1,0,0.652237553185905,0.0039878784412025,-5.292,0.0087108922438186,0.09388508999835232
1390,COCC1CN(c2ccc(C#N)c(C(F)(F)F)c2)CCN1C(=O)c1ccc2[nH]cnc2c1,0,0.667956617559294,0.0047324450034399,2.3597007,0.047055165663486,0.09044280126958651
1391,COCC1CN(c2ccc(C#N)c(C(F)(F)F)c2)CCN1C(=O)c1cncc(C)c1,0,0.762503527331085,0.0035976828934615,-11.297147,0.0028534603314214,0.0692905667912814
1392,COCC1CN(c2ccc(C#N)c(C(F)(F)F)c2)CCN1C(=O)c1cncn1C,0,0.777620872539885,0.0043124921182912,4.302896,0.0086438898698675,0.08601111837106756
1393,COCC1CN(c2ccc(C#N)c(C(F)(F)F)c2)CCN1C(=O)c1ncccn1,0,0.776752465527242,0.0016354009200424,-9.548412,0.0063495532133121,0.07764624805289697
1394,CCOc1ccc(NC(=O)N2CCN(c3ccc(C#N)c(C(F)(F)F)c3)CC2COC)cc1,0,0.691001447244897,0.004429892556341,-4.5635996,0.0109711396898367,0.077372576303398
1395,COCC1CN(c2ccc(C#N)c(C(F)(F)F)c2)CCN1C(=O)c1ccccc1,0,0.783550580430771,0.0023329980390004,-4.2145467,0.0018245143963412,0.0775117890205823
1396,COCC1CN(c2ccc(C#N)c(C(F)(F)F)c2)CCN1C(=O)Nc1ccc(F)cc1,0,0.733670201151069,0.0034671771625567,-3.4503467,0.0109593723550529,0.08059182135724832
1397,COCC1CN(c2ccc(C#N)c(C(F)(F)F)c2)CCN1C(=O)Nc1ccc(OC)cc1OC,0,0.676468092159942,0.0026974819450006,1.1796583,0.0310129683076868,0.0859095932906651
1398,COCC1CN(c2ccc(C#N)c(C(F)(F)F)c2)CCN1C(=O)CCc1c(C)nn(C)c1C,0,0.657806313186558,0.0105123239010326,-3.7783465,0.0309807728098251,0.09713267720026497
1399,CCn1nccc1C(=O)N1CCN(c2ccc(C#N)c(C(F)(F)F)c2)CC1COC,0,0.742368756026041,0.0020817558361059,2.0275126,0.0056692312073953,0.07262136645716752
1400,COCC1CN(c2ccc(C#N)c(C(F)(F)F)c2)CCN1C(=O)Nc1ccc(OC)c(F)c1,0,0.671987463160284,0.0101546420792323,-6.651071,0.0198702250891152,0.08377722354481844
1401,COCCC(=O)N1CCN(c2ccc(C#N)c(C(F)(F)F)c2)CC1COc1ccccc1,0,0.647591990370788,0.0105576635014027,-4.4095016,0.0029039106263994,0.06147294641835971
1402,Cc1ccc(C(=O)N2CCN(c3ccc(C#N)c(C(F)(F)F)c3)CC2COc2ccccc2)cn1,0,0.530065683216744,0.0100342864479081,-4.660354,0.0063619741356136,0.06514264204822079
1403,Cc1cnc(C(=O)N2CCN(c3ccc(C#N)c(C(F)(F)F)c3)CC2COc2ccccc2)cn1,0,0.546223813344725,0.0059556515937848,-3.9682984,0.006530494283361,0.06640356413365692
1404,N#Cc1ccc(N2CCN(C(=O)c3cncnc3)C(COc3ccccc3)C2)cc1C(F)(F)F,0,0.568219950890818,0.0016377119648906,-11.651718,0.0027190714243922,0.06431838430030942
1405,CC(=O)N1CCN(c2ccc(C#N)c(C(F)(F)F)c2)CC1COc1ccccc1,0,0.781411210349545,0.001552463683409,-5.9435477,0.0026952362183986,0.07583163430636178
1406,Cc1cc(C(=O)N2CCN(c3ccc(C#N)c(C(F)(F)F)c3)CC2COc2ccccc2)nn1C,0,0.548011114778693,0.0061982267588611,-3.9597769,0.009401184435309,0.06336482876527624
1407,Cn1cc(C(=O)N2CCN(c3ccc(C#N)c(C(F)(F)F)c3)CC2COc2ccccc2)cn1,0,0.569583237514958,0.0033366880666477,-2.4258084,0.0059262266525176,0.06427514138105309
1408,N#Cc1ccc(N2CCN(C(=O)c3ccccc3F)C(COc3cccnc3)C2)cc1C(F)(F)F,0,0.498395314191483,0.0069294954928596,-0.9518058,0.0079424792387133,0.07951967001281748
1409,CC(C)CC(=O)N1CCN(c2ccc(C#N)c(C(F)(F)F)c2)CC1COc1cccnc1,0,0.667962664653143,0.0041153861658437,-4.984218,0.0018389025289959,0.07068199701878872
1410,N#Cc1ccc(N2CCN(C(=O)C3CC3)C(COc3cccnc3)C2)cc1C(F)(F)F,0,0.726626977690452,0.0021709353802677,-9.195592,0.0024755267282367,0.05013161931996427
1411,N#Cc1ccc(N2CCN(C(=O)C3CCC3)C(COc3cccnc3)C2)cc1C(F)(F)F,0,0.700471403359339,0.0051827143682704,-5.594357,0.0011831394795572,0.052792009236375524
1412,N#Cc1ccc(N2CCN(C(=O)c3ccsc3)C(COc3cccnc3)C2)cc1C(F)(F)F,0,0.549152764960046,0.008750608763797,-5.353059,0.0032006782338253,0.05623086840974849
1413,N#Cc1ccc(N2CCN(C(=O)NCc3ccccc3)C(COc3cccnc3)C2)cc1C(F)(F)F,0,0.546579115508028,0.0054188256446525,-2.8428988,0.0054408242927182,0.06774308075020304
1414,N#Cc1ccc(N2CCN(C(=O)c3cc[nH]n3)C(COc3cccnc3)C2)cc1C(F)(F)F,0,0.633723939601834,0.0066135976119252,-3.7430387,0.0058102217857433,0.06768402933592464
1415,N#Cc1ccc(N2CCN(C(=O)C3CCOCC3)C(COc3cccnc3)C2)cc1C(F)(F)F,0,0.660322866339705,0.0047710028522692,-4.2275195,0.0044165273181753,0.07155551313357596
1416,N#Cc1ccc(N2CCN(C(=O)Nc3ccc(F)cc3)C(COc3cccnc3)C2)cc1C(F)(F)F,0,0.504718189773696,0.0157739022028791,-1.9841669,0.0177246349229594,0.07904850265117577
1417,COCCNC(=O)N1CCN(c2ccc(C#N)c(C(F)(F)F)c2)CC1COc1cccnc1,0,0.635425584113162,0.00337340661026,-9.829957,0.0059139306594381,0.07335964760681639
1418,N#Cc1ccc(N2CCN(C(=O)c3cnccn3)C(COCc3ccccc3)C2)cc1C(F)(F)F,0,0.531040598030697,0.0053208309040727,-6.9728627,0.0023556482170583,0.07997896950401615
1419,COCCC(=O)N1CCN(c2ccc(C#N)c(C(F)(F)F)c2)CC1COCc1ccccc1,0,0.597682543864046,0.0043621148110763,-7.051949,0.0017127679938472,0.07435937227501892
1420,CCNC(=O)N1CCN(c2ccc(C#N)c(C(F)(F)F)c2)CC1COCc1ccccc1,0,0.728103523788817,0.0138803386544488,-8.221734,0.0025812032418439,0.07823422298871643
1421,Cc1ncoc1C(=O)N1CCN(c2ccc(C#N)c(C(F)(F)F)c2)CC1COCc1ccccc1,0,0.515247267095129,0.0032067226581117,-8.196474,0.0080068395242698,0.07780596476605292
1422,N#Cc1ccc(N2CCN(C(=O)c3ncccn3)C(COCc3ccccc3)C2)cc1C(F)(F)F,0,0.531040598030697,0.0026363284315604,-8.45606,0.0028000260525156,0.08088858468145053
1423,N#Cc1ccc(N2CCN(C(=O)CCn3cccn3)C(COCc3ccccc3)C2)cc1C(F)(F)F,0,0.468671275563025,0.0054154466829536,-0.25373828,0.0033282611290223,0.06422554476265938
1424,Cc1nn(C)cc1C(=O)N1CCN(c2ccc(C#N)c(C(F)(F)F)c2)CC1COCc1ccccc1,0,0.511299004189577,0.0062117869704797,-8.420502,0.0074043909329896,0.07361058356948344
1425,Cc1cc(C(=O)N2CCN(c3ccc(C#N)c(C(F)(F)F)c3)C(CO)C2)no1,0,0.857955730663516,0.0052125966369672,4.026503,0.0302812161982833,0.09262932778777394
1426,N#Cc1ccc(N2CCN(C(=O)c3ccccc3F)CC2CO)cc1C(F)(F)F,0,0.794706927119659,0.0018697909832014,5.200045,0.0208157490037337,0.1223672998848538
1427,N#Cc1ccc(N2CCN(C(=O)C3CCC3)CC2CO)cc1C(F)(F)F,0,0.890846810164228,0.0010723785532036,-0.012889624,0.008367906170066,0.07514648942155736
1428,CC(C)c1ccc(C(=O)N2CCN(c3ccc(C#N)c(C(F)(F)F)c3)C(CO)C2)cc1,0,0.794072343816253,0.0083427227589294,1.9319168,0.0099828639349657,0.09068688342684383
1429,N#Cc1ccc(N2CCN(C(=O)c3c(F)cccc3F)CC2CO)cc1C(F)(F)F,0,0.767620150238281,0.002627603988874,6.2504954,0.0331233431468463,0.12570709403928265
1430,N#Cc1ccc(N2CCN(C(=O)Cc3ccc(F)cc3)CC2CO)cc1C(F)(F)F,0,0.771300039753129,0.0031949626649026,-0.34521115,0.0198255616606684,0.11244980263807758
1431,COc1ccc(CCC(=O)N2CCN(c3ccc(C#N)c(C(F)(F)F)c3)C(CO)C2)cc1,0,0.736001774049829,0.0014969644866165,1.8365849,0.0099375592621694,0.08155909506361281
1432,COc1ccc(C(=O)N2CCN(c3ccc(C#N)c(C(F)(F)F)c3)C(CO)C2)c(C)c1,0,0.801451361712295,0.002043230826915,0.9379424,0.0130418848689753,0.09551772913084519
1433,N#Cc1ccc(N2CCN(C(=O)COc3ccc(F)cc3)CC2CO)cc1C(F)(F)F,0,0.728481523366638,0.0016685823661697,-4.7494316,0.0197108397708155,0.10168519967537351
1434,Cc1ccc(C(=O)N2CCN(c3ccc(C#N)c(C(F)(F)F)c3)C(CO)C2)cn1,0,0.850763534138006,0.0083161481388242,-0.11275923,0.0157441074568149,0.1048011583541784
1435,COc1cccc(C(=O)N2CCN(c3ccc(C#N)c(C(F)(F)F)c3)C(CO)C2)c1C,0,0.801451361712295,0.0037822315636283,8.938622,0.0135581777045805,0.08758544893238204
1436,Cc1cccnc1C(=O)N1CCN(c2ccc(C#N)c(C(F)(F)F)c2)C(CO)C1,0,0.850763534138006,0.0023944780981766,8.084897,0.0173423100377645,0.11138746396514816
1437,N#Cc1ccc(N2CCN(C(=O)c3ncccn3)CC2CO)cc1C(F)(F)F,0,0.856032462053845,0.0021234103802029,-3.754068,0.0108100592371233,0.0996357892191743
1438,N#Cc1ccc(N2CCN(C(=O)c3ccco3)CC2CO)cc1C(F)(F)F,0,0.886364782552702,0.0016483618102676,-4.489714,0.012522354573327,0.0878169020000906
1439,N#Cc1ccc(N2CCN(C(=O)c3ccccc3Cl)CC2CO)cc1C(F)(F)F,0,0.819413881883795,0.0029606751119135,2.1705217,0.0170323014631816,0.11549537001181553
1440,CCn1nccc1C(=O)N1CCN(c2ccc(C#N)c(C(F)(F)F)c2)C(CO)C1,0,0.8393078230008,0.0038552133709775,8.294784,0.0166293022430115,0.0887869421572183
1441,Cc1cccc(CC(=O)N2CCN(c3ccc(C#N)c(C(F)(F)F)c3)C(CO)C2)c1,0,0.830162380934979,0.0054509996169877,-0.88704395,0.0104368941333345,0.09932726149961701
1442,COCC1CN(C(=O)C2(C)CC2)CCN1c1ccc(C#N)c(C(F)(F)F)c1,0,0.804544360479111,0.001361470187273,-4.318551,0.0029124253409262,0.06010598700054036
1443,COCC1CN(C(=O)c2ccc(OC)nc2OC)CCN1c1ccc(C#N)c(C(F)(F)F)c1,0,0.649607360160434,0.0033239589989249,6.0608478,0.0137101860742941,0.09288100334364387
1444,COCC1CN(C(=O)c2cc(C)oc2C)CCN1c1ccc(C#N)c(C(F)(F)F)c1,0,0.751921531031361,0.0022976365382371,13.039689,0.0054485387041871,0.07214698002336314
1445,COCC1CN(C(=O)Cc2ccc(OC)cc2)CCN1c1ccc(C#N)c(C(F)(F)F)c1,0,0.678431617744319,0.0030702016725869,7.4497848,0.0050614511213045,0.08808018654136032
1446,COCC1CN(C(=O)c2cccc(C)c2)CCN1c1ccc(C#N)c(C(F)(F)F)c1,0,0.758161316213544,0.0021529499836086,4.564441,0.0030046882454071,0.07602481028157158
1447,COCC1CN(C(=O)c2ccc(OC)cc2)CCN1c1ccc(C#N)c(C(F)(F)F)c1,0,0.721554264673837,0.0018676489358564,7.9846206,0.005784372427232,0.07946844903861992
1448,COCC1CN(C(=O)c2cccc(F)c2)CCN1c1ccc(C#N)c(C(F)(F)F)c1,0,0.706978004786994,0.0014009082845566,2.5213885,0.0044585367099576,0.08763806054358639
1449,COCC1CN(C(=O)c2ccc(C)cc2C)CCN1c1ccc(C#N)c(C(F)(F)F)c1,0,0.729244049636979,0.0031747903773779,7.9318976,0.0030585975688563,0.08392748774716229
1450,CCOc1ccc(C(=O)N2CCN(c3ccc(C#N)c(C(F)(F)F)c3)C(COC)C2)cc1,0,0.670995390373528,0.0024743976507088,8.361665,0.0069202405223413,0.08628005365828431
1451,COCC1CN(C(=O)c2ccc(OC)cc2C)CCN1c1ccc(C#N)c(C(F)(F)F)c1,0,0.696349431281072,0.0020405956866855,7.19912,0.0047636111394415,0.0816631684092975
1452,COCC1CN(S(=O)(=O)c2cccc(Cl)c2)CCN1c1ccc(C#N)c(C(F)(F)F)c1,0,0.660839317883066,0.0012402079829664,4.7612596,0.007534785043298,0.08986203475531793
1453,COCC1CN(S(=O)(=O)c2cccnc2)CCN1c1ccc(C#N)c(C(F)(F)F)c1,0,0.710248184114704,0.001838593259258,0.36971843,0.0033182971524464,0.08527942750628331
1454,COCC1CN(C(=O)C2CCCC2)CCN1c1ccc(C#N)c(C(F)(F)F)c1,0,0.783897627592056,0.00168552582212,10.411682,0.0007031636679361,0.06213203697391341
1455,COCC1CN(C(=O)Cc2ccccc2Cl)CCN1c1ccc(C#N)c(C(F)(F)F)c1,0,0.685379452802747,0.0033470128917352,5.590876,0.0066055116729524,0.08819348717426764
1456,COCC1CN(C(=O)c2ccc(C)c(F)c2)CCN1c1ccc(C#N)c(C(F)(F)F)c1,0,0.681619025351289,0.0044936073896554,9.03178,0.0054920165122086,0.09350039346776164
1457,COCC1CN(C(=O)COc2ccccc2)CCN1c1ccc(C#N)c(C(F)(F)F)c1,0,0.699448960527928,0.0013498656777662,7.033794,0.0035408482017663,0.0758770283819209
1458,COCC1CN(C(=O)CC2CC2)CCN1c1ccc(C#N)c(C(F)(F)F)c1,0,0.78678578533769,0.0011501989094537,9.161417,0.0025692408796136,0.06769854734241636
1459,COCC1CN(C(=O)c2ncccc2C)CCN1c1ccc(C#N)c(C(F)(F)F)c1,0,0.762503527331085,0.0022528188494976,12.825866,0.0028782829572931,0.08455116563013973
1460,COCC1CN(C(=O)c2ccncn2)CCN1c1ccc(C#N)c(C(F)(F)F)c1,0,0.776752465527242,0.0020347532965755,10.630088,0.0065009700423048,0.0895454379894559
1461,COCC1CN(C(=O)c2ncccn2)CCN1c1ccc(C#N)c(C(F)(F)F)c1,0,0.776752465527242,0.001202499875608,2.3339005,0.0066628248150173,0.08648458490222746
1462,COCC1CN(C(=O)c2cncnc2)CCN1c1ccc(C#N)c(C(F)(F)F)c1,0,0.776752465527242,0.0021617301121482,-2.369976,0.005829928206274,0.08659825272597087
1463,COCC1CN(C(=O)c2ccco2)CCN1c1ccc(C#N)c(C(F)(F)F)c1,0,0.798291000956382,0.0014390952680644,3.512238,0.0035567686442963,0.08517832053344201
1464,COCC1CN(C(=O)COCc2ccccc2)CCN1c1ccc(C#N)c(C(F)(F)F)c1,0,0.650597728540304,0.001536054488567,3.062747,0.0032167391948798,0.08992306256956648
1465,N#Cc1ccc(N2CCC3(CC2)CN(C(=O)c2ccoc2)CC3CO)cc1C(F)(F)F,0,0.801281795851433,0.0029069482670142,4.0882344,0.0170419106527049,0.08044328075818837
1466,Cc1cc(C(=O)N2CC(CO)C3(CCN(c4ccc(C#N)c(C(F)(F)F)c4)CC3)C2)c(C)o1,0,0.743329845366031,0.0042456001362999,8.623267,0.0378817677007449,0.06929168895658946
1467,Cc1cc(C(=O)N2CC(CO)C3(CCN(c4ccc(C#N)c(C(F)(F)F)c4)CC3)C2)no1,0,0.775129909492625,0.0045221723006897,4.3415937,0.0296762955416848,0.08508481073325488
1468,Cc1ccc(C(=O)N2CC(CO)C3(CCN(c4ccc(C#N)c(C(F)(F)F)c4)CC3)C2)cc1C,0,0.713640555258023,0.0070282222403598,0.7063037,0.1084409231994311,0.10423625521631519
1469,Cc1ccc(C(=O)N2CC(CO)C3(CCN(c4ccc(C#N)c(C(F)(F)F)c4)CC3)C2)c(O)n1,0,0.70793829471963,0.0133282486371018,0.14829576,0.038142741511217,0.12461605970141307
1470,Cc1cccc(C(=O)N2CC(CO)C3(CCN(c4ccc(C#N)c(C(F)(F)F)c4)CC3)C2)c1,0,0.748988072978612,0.006888470122667,-2.4887104,0.0330245669270844,0.101477378649335
1471,Cc1ccc(CC(=O)N2CC(CO)C3(CCN(c4ccc(C#N)c(C(F)(F)F)c4)CC3)C2)cc1,0,0.727171892239751,0.010536192207712,0.32411957,0.0409547100365956,0.10790504414261178
1472,COc1ccccc1C(=O)N1CC(CO)C2(CCN(c3ccc(C#N)c(C(F)(F)F)c3)CC2)C1,0,0.728227504549186,0.0020159453734119,7.4427934,0.0269825817678066,0.08927707477532099
1473,Cc1cc(C)cc(C(=O)N2CC(CO)C3(CCN(c4ccc(C#N)c(C(F)(F)F)c4)CC3)C2)c1,0,0.713640555258023,0.0031149588409255,1.6826419,0.0430093178126148,0.09660046062639752
1474,N#Cc1ccc(N2CCC3(CC2)CN(C(=O)c2ccc(F)c(F)c2)CC3CO)cc1C(F)(F)F,0,0.670392788329745,0.0149113422824864,1.2937957,0.0641601441286443,0.1491590806954458
1475,COc1ccc(OC)c(CN2CC(CO)C3(CCN(c4ccc(C#N)c(C(F)(F)F)c4)CC3)C2)c1,0,0.652584462923639,0.0074160631894866,6.6433196,0.0564648630279581,0.079058440036925
1476,N#Cc1ccc(N2CCC3(CC2)CN(C(=O)Cc2cccs2)CC3CO)cc1C(F)(F)F,0,0.746566299651618,0.0073247214048304,-1.0200939,0.0126109392460293,0.07712674575220994
1477,N#Cc1ccc(N2CCC3(CC2)CN(C(=O)c2cc(F)cc(F)c2)CC3CO)cc1C(F)(F)F,0,0.670392788329745,0.0042727053590704,0.30415237,0.058132434736082,0.11929417582638172
1478,N#Cc1ccc(N2CCC3(CC2)CN(C(=O)c2c(F)cccc2F)CC3CO)cc1C(F)(F)F,0,0.670392788329745,0.0037119342298744,6.389117,0.0460870985981719,0.14504776029809244
1479,Cc1ccc(C(=O)N2CC(CO)C3(CCN(c4ccc(C#N)c(C(F)(F)F)c4)CC3)C2)s1,0,0.737264920583859,0.007572300741686,4.1523013,0.0346479716262359,0.07279150866694563
1480,N#Cc1ccc(N2CCC3(CC2)CN(C(=O)c2ccc(F)c(Cl)c2)CC3CO)cc1C(F)(F)F,0,0.625646405932261,0.0048472291553001,-2.9420505,0.0533431202497585,0.12277734088229211
1481,N#Cc1ccc(N2CCC3(CC2)CN(C(=O)c2ccc(F)cc2F)CC3CO)cc1C(F)(F)F,0,0.670392788329745,0.0121327973970778,6.306748,0.0520828448482786,0.1335254327647525
1482,N#Cc1ccc(N2CCC3(CC2)CN(C(=O)c2cc(F)ccc2F)CC3CO)cc1C(F)(F)F,0,0.670392788329745,0.0053885623059906,3.5331292,0.0496252681102048,0.12902916140874454
1483,N#Cc1ccc(N2CCC3(CC2)CN(C(=O)Cc2c[nH]c4ccccc24)CC3CO)cc1C(F)(F)F,0,0.563138886931215,0.0240209208872125,2.8010607,0.0542077623513016,0.0822778328113137
1484,N#Cc1ccc(N2CCC3(CC2)CN(C(=O)COc2ccc(F)cc2)CC3CO)cc1C(F)(F)F,0,0.643794904713032,0.0021801807112095,-4.315344,0.0464890338079899,0.1091572577590385
1485,N#Cc1ccc(N2CCC3(CC2)CN(C(=O)c2ccc4c(c2)OCO4)CC3CO)cc1C(F)(F)F,0,0.711522672656701,0.0036845505976556,1.6325005,0.0270534718706924,0.07952605680499865
1486,CC(=O)N1CCC(C(=O)N2CC(CO)C3(CCN(c4ccc(C#N)c(C(F)(F)F)c4)CC3)C2)CC1,0,0.701315538139352,0.0024470656055916,-3.5791497,0.0610854159597559,0.14181460340298171
1487,Cc1ccc(C(=O)N2CC(CO)C3(CCN(c4ccc(C#N)c(C(F)(F)F)c4)CC3)C2)cn1,0,0.759939329473865,0.0029802522432896,0.45003593,0.0343744401377375,0.1152383521820868
1488,N#Cc1ccc(N2CCC3(CC2)CN(C(=O)c2ccc4[nH]ccc4c2)CC3CO)cc1C(F)(F)F,0,0.579487505313205,0.0134671477118578,8.114778,0.0670511157012617,0.08484853684070943
1489,CN(C)c1cccc(C(=O)N2CC(CO)C3(CCN(c4ccc(C#N)c(C(F)(F)F)c4)CC3)C2)c1,0,0.707784351624546,0.0111310785193572,-0.72835207,0.0602252551525482,0.09710995941010078
1490,N#Cc1ccc(N2CCC3(CC2)CN(C(=O)C2CC=CC2)CC3CO)cc1C(F)(F)F,0,0.74033250943316,0.002743838800295,2.154224,0.0136925814320043,0.079054940980159
1491,N#Cc1ccc(N2CCC3(CC2)CN(C(=O)c2cc[nH]n2)CC3CO)cc1C(F)(F)F,0,0.776008335850339,0.0109532081929222,0.13498843,0.019878619584391,0.07976726031610967
1492,N#Cc1ccc(N2CCC3(CC2)CN(C(=O)Cc2ccccc2Cl)CC3CO)cc1C(F)(F)F,0,0.683033581987973,0.0091430334367317,-1.0763105,0.0409383388355768,0.10992958823545325
1493,Cc1ncccc1C(=O)N1CC(CO)C2(CCN(c3ccc(C#N)c(C(F)(F)F)c3)CC2)C1,0,0.759939329473866,0.0029764154632758,6.4446654,0.0367004030124686,0.13446505376133996
1494,Cc1nc(C)c(C(=O)N2CC(CO)C3(CCN(c4ccc(C#N)c(C(F)(F)F)c4)CC3)C2)s1,0,0.721425240398999,0.0044791029083834,0.31158245,0.0569104961795538,0.06986310890332414
1495,Cc1ncoc1C(=O)N1CC(CO)C2(CCN(c3ccc(C#N)c(C(F)(F)F)c3)CC2)C1,0,0.775129909492625,0.0024378649521215,1.667188,0.0329178566437135,0.09709981252075464
1496,N#Cc1ccc(N2CCC3(CC2)CN(C(=O)c2c[nH]c4ccccc24)CC3CO)cc1C(F)(F)F,0,0.579487505313205,0.009116341223953,7.997064,0.055907617138218,0.0674055709361385
1497,COc1cccc(C(=O)N2CC(CO)C3(CCN(c4ccc(C#N)c(C(F)(F)F)c4)CC3)C2)c1C,0,0.698146856559455,0.0036695510760011,9.042979,0.0421238199175963,0.07848392741434014
1498,N#Cc1ccc(N2CCC3(CC2)CN(C(=O)c2cscn2)CC3CO)cc1C(F)(F)F,0,0.775602139862008,0.0025528524269129,-0.4367932,0.0220586929191529,0.07249714444128395
1499,Cc1cccc(C(=O)N2CC(CO)C3(CCN(c4ccc(C#N)c(C(F)(F)F)c4)CC3)C2)n1,0,0.759939329473866,0.0027206073039828,8.037381,0.0312314073824661,0.10769700428107351
1500,N#Cc1ccc(N2CCC3(CC2)CN(C(=O)CC2CCCC2)CC3CO)cc1C(F)(F)F,0,0.748463931416474,0.0018501259093245,0.99906075,0.0107773336888504,0.08486226001145827
1501,Cc1cccnc1C(=O)N1CC(CO)C2(CCN(c3ccc(C#N)c(C(F)(F)F)c3)CC2)C1,0,0.759939329473865,0.0015425165198837,7.5607677,0.034959564672067,0.1121932816340089
1502,N#Cc1ccc(N2CCC3(CC2)CN(C(=O)c2ccco2)CC3CO)cc1C(F)(F)F,0,0.801281795851433,0.0013180276053864,-4.019054,0.0155237593338247,0.07713597407778638
1503,Cc1ccccc1CC(=O)N1CC(CO)C2(CCN(c3ccc(C#N)c(C(F)(F)F)c3)CC2)C1,0,0.727171892239751,0.0022999517662936,1.9714378,0.0452420338816813,0.09987628846793789
1504,Cn1cccc1C(=O)N1CC(CO)C2(CCN(c3ccc(C#N)c(C(F)(F)F)c3)CC2)C1,0,0.785743744317581,0.0056051905788617,1.665573,0.0346844252264942,0.07829196823963566
1505,Cc1cccc(OCC(=O)N2CC(CO)C3(CCN(c4ccc(C#N)c(C(F)(F)F)c4)CC3)C2)c1,0,0.690089982790246,0.0038302962939604,-1.1443799,0.0268398827069226,0.0716745604536875
1506,CCCC(=O)N1CC(CO)C2(CCN(c3ccc(C#N)c(C(F)(F)F)c3)CC2)C1,0,0.827647768552546,0.0012863262112765,-2.9862628,0.0165374519330849,0.13829724445018723
1507,Cc1cc(C)n(CC(=O)N2CC(CO)C3(CCN(c4ccc(C#N)c(C(F)(F)F)c4)CC3)C2)n1,0,0.734621131801321,0.0038636096074024,1.6869246,0.048379047584614,0.09699649540193239
1508,Cc1cc(C)n(CCC(=O)N2CC(CO)C3(CCN(c4ccc(C#N)c(C(F)(F)F)c4)CC3)C2)n1,0,0.69487391516079,0.0050456552899455,-0.33460104,0.0353298675218616,0.1074156238506658
1509,N#Cc1ccc(N2CCC3(CC2)CN(C(=O)c2cccnc2)CC3CO)cc1C(F)(F)F,0,0.78576246210747,0.0058126253857903,-2.153732,0.0296185417432535,0.10787036940832387
1510,CC(=O)N1CC(CO)C2(CCN(c3ccc(C#N)c(C(F)(F)F)c3)CC2)C1,0,0.855314199056178,0.0017100683417145,-1.6331367,0.0194630208063583,0.1485682590171864
1511,N#Cc1ccc(N2CCC3(CC2)CN(C(=O)c2ccccc2Cl)CC3CO)cc1C(F)(F)F,0,0.702260937630361,0.004147912681689,2.0002332,0.0405055456593872,0.10630755268900749
1512,Cc1noc(C)c1CC(=O)N1CC(CO)C2(CCN(c3ccc(C#N)c(C(F)(F)F)c3)CC2)C1,0,0.7266064454038,0.0199717245713047,-5.038149,0.0429644845375203,0.09595112630416405
1513,CCn1ncc(C(=O)N2CC(CO)C3(CCN(c4ccc(C#N)c(C(F)(F)F)c4)CC3)C2)c1C,0,0.732306641299713,0.0025615420581164,7.7076488,0.046229369663573,0.08771724756745292
1514,CCn1nccc1C(=O)N1CC(CO)C2(CCN(c3ccc(C#N)c(C(F)(F)F)c3)CC2)C1,0,0.756305980821522,0.0025622562786985,8.75121,0.0389751896940165,0.09455890382947668
1515,Cn1cc(C(=O)N2CC(CO)C3(CCN(c4ccc(C#N)c(C(F)(F)F)c4)CC3)C2)cn1,0,0.782150322826177,0.0131470056313415,2.5375037,0.0295190436124743,0.0761620723419617
1516,Cc1nn(C)c(C)c1CN1CC(CO)C2(CCN(c3ccc(C#N)c(C(F)(F)F)c3)CC2)C1,0,0.753176394067614,0.0030026330789166,2.0784006,0.0637715938362952,0.08005979497236651
1517,Cc1cnn(CC(=O)N2CC(CO)C3(CCN(c4ccc(C#N)c(C(F)(F)F)c4)CC3)C2)c1,0,0.75705172924809,0.0031692507143986,6.6034923,0.0249018615745069,0.08368439545903136
1518,Cc1ccn(CC(=O)N2CC(CO)C3(CCN(c4ccc(C#N)c(C(F)(F)F)c4)CC3)C2)n1,0,0.75705172924809,0.0019974781215488,-5.3208623,0.0281653958209039,0.08602197077703222
1519,Cc1n[nH]c(C)c1CCC(=O)N1CC(CO)C2(CCN(c3ccc(C#N)c(C(F)(F)F)c3)CC2)C1,0,0.669387555387125,0.0167405165352842,3.2214866,0.0516267876976583,0.10389802361065444
1520,COCc1c(C(=O)N2CC(CO)C3(CCN(c4ccc(C#N)c(C(F)(F)F)c4)CC3)C2)noc1C,0,0.682758341755474,0.0057328511113005,3.1529202,0.0434717489218978,0.07723101163476334
1521,N#Cc1ccc(N2CCC3(CC2)CN(C(=O)CCn2ccnc2)CC3CO)cc1C(F)(F)F,0,0.740293177816473,0.0021363684003925,3.0141692,0.0121713306823276,0.058721494219416547
1522,N#Cc1ccc(N2CCC3(CC2)CN(Cc2cccs2)CC3CO)cc1C(F)(F)F,0,0.775940660182109,0.005577766397593,4.850696,0.0180306615192178,0.08191148573963385
1523,COCC1CN(S(=O)(=O)c2ccccc2)CC12CCN(c1ccc(C#N)c(C(F)(F)F)c1)CC2,0,0.626379229385675,0.0024577076650418,5.5020514,0.0150759100624862,0.0976189397252514
1524,COCC1CN(C(=O)c2ccc(C)c(C)c2)CC12CCN(c1ccc(C#N)c(C(F)(F)F)c1)CC2,0,0.597548502031523,0.0268999346617461,2.1182804,0.043037914021723,0.07372801146335552
1525,COCC1CN(C(=O)c2ccccc2F)CC12CCN(c1ccc(C#N)c(C(F)(F)F)c1)CC2,0,0.600824053146765,0.0059002710460287,6.77902,0.0180918963735909,0.08160180353627329
1526,COCC1CN(C(=O)c2cccc(C)c2)CC12CCN(c1ccc(C#N)c(C(F)(F)F)c1)CC2,0,0.637248656195089,0.0087230652451294,-0.4905491,0.0126382039461476,0.06961022811100456
1527,COCC1CN(C(=O)c2ccc(F)cc2)CC12CCN(c1ccc(C#N)c(C(F)(F)F)c1)CC2,0,0.600824053146765,0.0060906249181256,0.56725967,0.0263067866315762,0.08226776930538467
1528,COCC1CN(C(=O)c2ccccc2OC)CC12CCN(c1ccc(C#N)c(C(F)(F)F)c1)CC2,0,0.617363138208504,0.0033093398005875,7.3671794,0.024476827493246,0.07450070945316845
1529,COCC1CN(C(=O)Nc2ccccc2F)CC12CCN(c1ccc(C#N)c(C(F)(F)F)c1)CC2,0,0.604967919127782,0.0162418560989834,3.8375669,0.0336950683600665,0.0790516673033287
1530,COCC1CN(C(=O)c2ccc(C)cc2C)CC12CCN(c1ccc(C#N)c(C(F)(F)F)c1)CC2,0,0.597548502031523,0.0135322840977744,2.4775958,0.0260908148239197,0.0691891547157824
1531,COCC1CN(C(=O)C2CCCC2)CC12CCN(c1ccc(C#N)c(C(F)(F)F)c1)CC2,0,0.681239777433177,0.0030332614517645,5.4975395,0.0105186068241493,0.05383864242656433
1532,COCC1CN(C(=O)Nc2cccc(C)c2)CC12CCN(c1ccc(C#N)c(C(F)(F)F)c1)CC2,0,0.638410921723545,0.0170071768695254,2.5467095,0.0183322612266624,0.07081749074950748
1533,COCC1CN(C(=O)NC(C)C)CC12CCN(c1ccc(C#N)c(C(F)(F)F)c1)CC2,0,0.775274720838459,0.0057939652730758,4.018857,0.0066559992616094,0.08235357457114176
1534,COCC1CN(C(=O)c2ccc(C)c(F)c2)CC12CCN(c1ccc(C#N)c(C(F)(F)F)c1)CC2,0,0.565695107163566,0.0336292183889418,5.71274,0.0307203220594453,0.07772880156761591
1535,COCC1CN(C(=O)c2ccncc2)CC12CCN(c1ccc(C#N)c(C(F)(F)F)c1)CC2,0,0.693464178156914,0.0133084986526261,1.3472818,0.0169287510094688,0.06713686898671753
1536,COCC1CN(C(=O)Nc2ccc(F)cc2)CC12CCN(c1ccc(C#N)c(C(F)(F)F)c1)CC2,0,0.604967919127782,0.0162860253227204,3.4776902,0.028108163599522,0.07868743591821964
1537,COCCCNC(=O)N1CC(COC)C2(CCN(c3ccc(C#N)c(C(F)(F)F)c3)CC2)C1,0,0.620257722441998,0.0038574991724095,0.03885317,0.0097274203982756,0.0755977718764794
1538,COCC1CN(C(=O)NC2CCCC2)CC12CCN(c1ccc(C#N)c(C(F)(F)F)c1)CC2,0,0.717588225666719,0.0034191931801813,3.1562781,0.0118646517805339,0.05544108344946116
1539,COCC1CN(C(=O)NCCC(C)C)CC12CCN(c1ccc(C#N)c(C(F)(F)F)c1)CC2,0,0.670524519726921,0.0067576921322208,-5.375554,0.0123131971778634,0.06780139372576634
1540,CNC(=O)N1CC(COC)C2(CCN(c3ccc(C#N)c(C(F)(F)F)c3)CC2)C1,0,0.831687146398743,0.0038741644466559,5.125973,0.0084555455022649,0.07128909546898017
1541,CCCS(=O)(=O)N1CC(COCC2CC2)C2(CCN(c3ccc(C#N)c(C(F)(F)F)c3)CC2)C1,0,0.534441040522672,0.002138824924901,2.6478424,0.0263165464990405,0.07892456686035691
1542,N#Cc1ccc(N2CCC3(CC2)CN(C(=O)C2CC2)CC3COCC2CC2)cc1C(F)(F)F,0,0.627872910737111,0.0065318130447637,-5.9787416,0.030900551374048,0.08069511702183654
1543,CC(C)NC(=O)N1CC(COCC2CC2)C2(CCN(c3ccc(C#N)c(C(F)(F)F)c3)CC2)C1,0,0.646922630003634,0.0058343869647053,2.2248979,0.0291009029246602,0.054983085963153724
1544,N#Cc1ccc(N2CCC3(CC2)CN(C(=O)c2ccncn2)CC3COCC2CC2)cc1C(F)(F)F,0,0.594010247669587,0.0043100668470268,6.1681027,0.0236822126020817,0.053770481335250774
1545,N#Cc1ccc(N2CCC3(CC2)CN(C(=O)c2ccco2)CC3COCC2CC2)cc1C(F)(F)F,0,0.576479542594111,0.0110852594906569,-3.5661068,0.0270868386353267,0.04998007916879239
1546,N#Cc1ccc(N2CCC3(CC2)CN(C(=O)c2ccccc2)CC3COCC2CC2)cc1C(F)(F)F,0,0.539132423048734,0.0129365259773828,0.6074766,0.0345577514964416,0.05273916778008734
1547,COCCOCC1CN(C(=O)COC)CC12CCN(c1ccc(C#N)c(C(F)(F)F)c1)CC2,0,0.545370561634189,0.0029146812154779,-0.9531644,0.0284068852404606,0.1017530299517532
1548,COCCOCC1CN(CC(C)C)CC12CCN(c1ccc(C#N)c(C(F)(F)F)c1)CC2,0,0.545841621169806,0.005793653655687,-2.1781526,0.0139510043170285,0.07402443293627312
1549,COCCOCC1CN(C(=O)C2CC2)CC12CCN(c1ccc(C#N)c(C(F)(F)F)c1)CC2,0,0.574929857664256,0.0025477729670883,-4.167339,0.0083111690485467,0.05740287376979042
1550,COCCOCC1CN(C(=O)CCOC)CC12CCN(c1ccc(C#N)c(C(F)(F)F)c1)CC2,0,0.501972738098999,0.0045173320194337,-0.39700007,0.0206980968868302,0.08995403363294249
1551,COCCOCC1CN(C(=O)C2CC=CC2)CC12CCN(c1ccc(C#N)c(C(F)(F)F)c1)CC2,0,0.4215367793698,0.0089268949802154,4.825276,0.0187575311849452,0.0519480240447972
1552,COCCOCC1CN(C(=O)c2cc[nH]n2)CC12CCN(c1ccc(C#N)c(C(F)(F)F)c1)CC2,0,0.597539900396279,0.0064086896402707,0.6287483,0.0138759551717964,0.060234404737685
1553,COCCOCC1CN(Cc2ccccc2)CC12CCN(c1ccc(C#N)c(C(F)(F)F)c1)CC2,0,0.492971743569486,0.104226383133837,7.830281,0.0308173610774601,0.0713305151537835
1554,CCc1ccc(C(=O)N2CCC3(CC2)CN(c2ccc(C#N)c(C(F)(F)F)c2)CC3CO)cc1,0,0.713657598701425,0.0045518928553333,0.7577566,0.0576883398658608,0.10560459464601854
1555,COc1cccc(CC(=O)N2CCC3(CC2)CN(c2ccc(C#N)c(C(F)(F)F)c2)CC3CO)c1,0,0.693218605166287,0.003103419416865,-1.0227484,0.0528762395522497,0.08188997833153216
1556,N#Cc1ccc(N2CC(CO)C3(CCN(C(=O)c4cccs4)CC3)C2)cc1C(F)(F)F,0,0.769630767197576,0.0037281503245489,0.782524,0.038974218529159,0.07774768539588321
1557,CC(C)CC(=O)N1CCC2(CC1)CN(c1ccc(C#N)c(C(F)(F)F)c1)CC2CO,0,0.802709643687385,0.0020196679078736,-7.668364,0.0133405073238432,0.11182356445599984
1558,N#Cc1ccc(N2CC(CO)C3(CCN(C(=O)C4CC4)CC3)C2)cc1C(F)(F)F,0,0.836550674601459,0.0023725148708247,-7.17116,0.0171245565312901,0.0817396159436689
1559,Cc1ccsc1C(=O)N1CCC2(CC1)CN(c1ccc(C#N)c(C(F)(F)F)c1)CC2CO,0,0.737264920583859,0.0096476357007623,-1.2114968,0.0444749136625272,0.0780625036211653
1560,N#Cc1ccc(N2CC(CO)C3(CCN(C(=O)c4cccc(F)c4)CC3)C2)cc1C(F)(F)F,0,0.700318856399629,0.0077662264736489,-3.063671,0.0559269530336774,0.11666059177267016
1561,N#Cc1ccc(N2CC(CO)C3(CCN(C(=O)c4cc5ccccc5[nH]4)CC3)C2)cc1C(F)(F)F,0,0.579487505313205,0.009708827481896,6.6719775,0.0976729854367065,0.06573734506486789
1562,N#Cc1ccc(N2CC(CO)C3(CCN(C(=O)c4cc(F)cc(F)c4)CC3)C2)cc1C(F)(F)F,0,0.670392788329745,0.0034468025862547,1.0384697,0.0646683260713732,0.11401881448746817
1563,Cc1ccc(C(=O)N2CCC3(CC2)CN(c2ccc(C#N)c(C(F)(F)F)c2)CC3CO)c(C)c1,0,0.713640555258023,0.005804790925383,2.0099068,0.048900832649763,0.0836534603520371
1564,CCOc1ccc(C(=O)N2CCC3(CC2)CN(c2ccc(C#N)c(C(F)(F)F)c2)CC3CO)cc1,0,0.679701089013934,0.002713856504477,2.337306,0.0723804713452249,0.09096292733589198
1565,COc1cccc(CN2CCC3(CC2)CN(c2ccc(C#N)c(C(F)(F)F)c2)CC3CO)c1,0,0.722788011207474,0.0022082029836077,0.2873479,0.075998400757949,0.0736825205624896
1566,COc1ccc(C(=O)N2CCC3(CC2)CN(c2ccc(C#N)c(C(F)(F)F)c2)CC3CO)cc1F,0,0.652840060616799,0.0121142012283965,-0.4206885,0.059796780023636,0.12618514893171937
1567,N#Cc1ccc(N2CC(CO)C3(CCN(C(=O)c4cc(F)ccc4F)CC3)C2)cc1C(F)(F)F,0,0.670392788329745,0.0060920414649896,3.94982,0.0661784330140807,0.109900670758345
1568,N#Cc1ccc(N2CC(CO)C3(CCN(C(=O)c4cnccn4)CC3)C2)cc1C(F)(F)F,0,0.781087803990733,0.0051945890466463,2.3095956,0.0512291593928006,0.09239246399386473
1569,N#Cc1ccc(N2CC(CO)C3(CCN(C(=O)Cc4ccsc4)CC3)C2)cc1C(F)(F)F,0,0.746566299651618,0.0075973830805363,-0.71907246,0.0191373307127461,0.07570368785970594
1570,CN(C)c1ccc(C(=O)N2CCC3(CC2)CN(c2ccc(C#N)c(C(F)(F)F)c2)CC3CO)cc1,0,0.707784351624547,0.0030446406087768,-3.6766653,0.0687927361519713,0.11272314526667235
1571,N#Cc1ccc(N2CC(CO)C3(CCN(C(=O)c4ccc5ccccc5n4)CC3)C2)cc1C(F)(F)F,0,0.581059796965982,0.0039368410368909,10.820775,0.1309320250439658,0.10517490606293604
1572,N#Cc1ccc(N2CC(CO)C3(CCN(C(=O)c4nccc5ccccc45)CC3)C2)cc1C(F)(F)F,0,0.581059796965982,0.0035216697057189,7.722591,0.1106180868853723,0.10007259703413633
1573,N#Cc1ccc(N2CC(CO)C3(CCN(C(=O)c4ccsc4)CC3)C2)cc1C(F)(F)F,0,0.769630767197576,0.0081075002773742,-5.1571608,0.0389677744031271,0.07765408765779916
1574,N#Cc1ccc(N2CC(CO)C3(CCN(Cc4cccnc4)CC3)C2)cc1C(F)(F)F,0,0.801859281296679,0.003427427427469,0.50799596,0.0199776686914797,0.10083488390573825
1575,Cc1cnc(C(=O)N2CCC3(CC2)CN(c2ccc(C#N)c(C(F)(F)F)c2)CC3CO)cn1,0,0.75862958055632,0.0052368272653539,2.736741,0.0534461338674025,0.0882237545248556
1576,Cc1ncoc1C(=O)N1CCC2(CC1)CN(c1ccc(C#N)c(C(F)(F)F)c1)CC2CO,0,0.775129909492625,0.0028692391741135,2.1596818,0.041868293622549,0.09001878965304262
1577,N#Cc1ccc(N2CC(CO)C3(CCN(C(=O)c4ccc5ncccc5c4)CC3)C2)cc1C(F)(F)F,0,0.581059796965982,0.0033751863921256,4.5985703,0.1043168571557906,0.10754487463011461
1578,N#Cc1ccc(N2CC(CO)C3(CCN(C(=O)C4=NNC(=O)CC4)CC3)C2)cc1C(F)(F)F,0,0.711679210286766,0.0059515847249887,5.7686033,0.047060585056484,0.12567825287471096
1579,Cc1ccc(C(=O)N2CCC3(CC2)CN(c2ccc(C#N)c(C(F)(F)F)c2)CC3CO)cc1F,0,0.669690617038857,0.0130830272006089,4.027165,0.0627472161173891,0.09626824596845554
1580,Cc1cccc(C(=O)N2CCC3(CC2)CN(c2ccc(C#N)c(C(F)(F)F)c2)CC3CO)n1,0,0.759939329473866,0.0025258626560253,7.8259254,0.0568419566242464,0.10093624718960362
1581,N#Cc1ccc(N2CC(CO)C3(CCN(C(=O)c4ccc(Cl)s4)CC3)C2)cc1C(F)(F)F,0,0.690125807466281,0.007977777503336,3.7042089,0.0495335108678525,0.07554284840706986
1582,N#Cc1ccc(N2CC(CO)C3(CCN(C(=O)c4ncccn4)CC3)C2)cc1C(F)(F)F,0,0.781087803990733,0.0015491885098915,-4.221204,0.0493641020009975,0.0958581921354069
1583,N#Cc1ccc(N2CC(CO)C3(CCN(C(=O)c4cncnc4)CC3)C2)cc1C(F)(F)F,0,0.781087803990733,0.0036772541979606,-10.036107,0.0483959444681402,0.0851590204478965
1584,N#Cc1ccc(N2CC(CO)C3(CCN(C(=O)CCc4ccccc4)CC3)C2)cc1C(F)(F)F,0,0.708271297547048,0.0019652559878821,1.0790232,0.0403683593101123,0.11003978341883873
1585,CCC(=O)N1CCC2(CC1)CN(c1ccc(C#N)c(C(F)(F)F)c1)CC2CO,0,0.854427079687433,0.0011589954291505,-1.3336272,0.0249839288782046,0.11381861364345772
1586,Cn1nccc1C(=O)N1CCC2(CC1)CN(c1ccc(C#N)c(C(F)(F)F)c1)CC2CO,0,0.782150322826177,0.0046278056551932,4.6119714,0.0539937371155179,0.0798365378320543
1587,Cc1noc(C)c1CN1CCC2(CC1)CN(c1ccc(C#N)c(C(F)(F)F)c1)CC2CO,0,0.764875346383329,0.0145728125029907,4.509566,0.0431367839219626,0.07227319920148512
1588,N#Cc1ccc(N2CC(CO)C3(CCN(C(=O)COCc4ccccc4)CC3)C2)cc1C(F)(F)F,0,0.670403820743388,0.001783408140905,-2.2750072,0.0400090074684692,0.10268478812255306
1589,Cc1noc(C)c1C(=O)N1CCC2(CC1)CN(c1ccc(C#N)c(C(F)(F)F)c1)CC2CO,0,0.750226979765633,0.0040396793631372,-2.2795148,0.0508492662919234,0.08464387165412833
1590,Cn1cc(C(=O)N2CCC3(CC2)CN(c2ccc(C#N)c(C(F)(F)F)c2)CC3CO)cn1,0,0.782150322826178,0.0034110300729065,2.2211194,0.0477408312028204,0.07077203910428471
1591,Cn1ccnc1C(=O)N1CCC2(CC1)CN(c1ccc(C#N)c(C(F)(F)F)c1)CC2CO,0,0.782150322826177,0.0027742955503589,4.550114,0.0484883244033523,0.06527389989295514
1592,N#Cc1ccc(N2CC(CO)C3(CCN(C(=O)CN4CCCCCC4)CC3)C2)cc1C(F)(F)F,0,0.717586396618194,0.0020274790690084,-1.4235706,0.0561656931148847,0.11524974800480695
1593,N#Cc1ccc(N2CC(CO)C3(CCN(C(=O)CCn4cccn4)CC3)C2)cc1C(F)(F)F,0,0.740293177816472,0.0013964904609212,5.7556124,0.0215324229851776,0.08367974395746423
1594,Cc1nn(C)c(C)c1C(=O)N1CCC2(CC1)CN(c1ccc(C#N)c(C(F)(F)F)c1)CC2CO,0,0.73664550181661,0.0015196441607286,1.134776,0.0680941920393515,0.08532930282112156
1595,Cc1ccc(C(=O)N2CCC3(CC2)CN(c2ccc(C#N)c(C(F)(F)F)c2)CC3CO)cc1,0,0.748988072978612,0.0027253155084577,-0.12838852,0.0555613132701384,0.09645336923370947
1596,COCC1CN(c2ccc(C#N)c(C(F)(F)F)c2)CC12CCN(C(=O)C1CCCCC1)CC2,0,0.640747349863853,0.0035044380610666,5.4631143,0.029816161318936,0.08184119320214558
1597,COCC1CN(c2ccc(C#N)c(C(F)(F)F)c2)CC12CCN(C(=O)c1ccoc1)CC2,0,0.703614920213658,0.0047324077624348,5.4255247,0.0251575643538209,0.05745387778459325
1598,CCc1ccc(C(=O)N2CCC3(CC2)CN(c2ccc(C#N)c(C(F)(F)F)c2)CC3COC)cc1,0,0.588288845913885,0.0106034581109824,2.1957698,0.0378247481090227,0.07688426899854603
1599,CCC(CC)C(=O)N1CCC2(CC1)CN(c1ccc(C#N)c(C(F)(F)F)c1)CC2COC,0,0.628954488475213,0.0037519019230172,2.7885613,0.0175554337142279,0.09221145821777116
1600,COCC1CN(c2ccc(C#N)c(C(F)(F)F)c2)CC12CCN(C(=O)C1CC1)CC2,0,0.744400670402867,0.0030708605007559,-4.937671,0.0140258641146834,0.0700880625648114
1601,COCC1CN(c2ccc(C#N)c(C(F)(F)F)c2)CC12CCN(C(=O)C1CCC1)CC2,0,0.715611412817352,0.0165438991811547,-0.013651967,0.0182674940936776,0.058895380317963195
1602,COCC1CN(c2ccc(C#N)c(C(F)(F)F)c2)CC12CCN(C(=O)c1cccc(F)c1)CC2,0,0.600824053146765,0.0045283445421313,0.41182303,0.0349077308772746,0.08218957488355602
1603,COCC1CN(c2ccc(C#N)c(C(F)(F)F)c2)CC12CCN(C(=O)c1ccc(F)c(F)c1)CC2,0,0.571269323127775,0.0084009572338918,2.231739,0.0481036088803927,0.11577282240139027
1604,COCC1CN(c2ccc(C#N)c(C(F)(F)F)c2)CC12CCN(C(=O)Cc1ccc(F)cc1)CC2,0,0.574143133923109,0.0039387380275089,3.467813,0.0308362684944446,0.0950352072975175
1605,COCC1CN(c2ccc(C#N)c(C(F)(F)F)c2)CC12CCN(C(=O)Cc1ccsc1)CC2,0,0.633092756962756,0.0088102976272585,1.5275267,0.019278739542495,0.06311686024794408
1606,COCC1CN(c2ccc(C#N)c(C(F)(F)F)c2)CC12CCN(C(=O)c1cc(C)ccc1C)CC2,0,0.597548502031523,0.0214659893737677,0.5829452,0.029980632789872,0.07183118070412622
1607,COCC1CN(c2ccc(C#N)c(C(F)(F)F)c2)CC12CCN(C(=O)c1ccsc1)CC2,0,0.662833316055469,0.0038038813525982,-2.0967846,0.0184964828462187,0.05377041558441524
1608,COCC1CN(c2ccc(C#N)c(C(F)(F)F)c2)CC12CCN(C(=O)NCc1ccccc1)CC2,0,0.668127334174142,0.0072190878079017,0.052595496,0.0291649182844165,0.06847433287865716
1609,COCC1CN(c2ccc(C#N)c(C(F)(F)F)c2)CC12CCN(C(=O)c1cnccc1C)CC2,0,0.664337950875728,0.0031400948514643,4.450461,0.0305503779056184,0.07258872006462333
1610,COCC1CN(c2ccc(C#N)c(C(F)(F)F)c2)CC12CCN(C(=O)Cc1ccncc1)CC2,0,0.660244999885298,0.0077093823119131,4.968184,0.0274889302519145,0.0766727326247982
1611,COCC1CN(c2ccc(C#N)c(C(F)(F)F)c2)CC12CCN(S(=O)(=O)N(C)C)CC2,0,0.675132091189821,0.0013188460494436,13.371165,0.0150108726385335,0.09240338425105751
1612,COCC1CN(c2ccc(C#N)c(C(F)(F)F)c2)CC12CCN(C(=O)c1ccccn1)CC2,0,0.693464178156914,0.0051833753996016,5.492851,0.0235968632373945,0.07176193273063064
1613,COCC1CN(c2ccc(C#N)c(C(F)(F)F)c2)CC12CCN(C(=O)CC1CC1)CC2,0,0.699815839980315,0.0024686704822041,3.6021829,0.0075849269512684,0.05601428209727462
1614,COCC1CN(c2ccc(C#N)c(C(F)(F)F)c2)CC12CCN(C(=O)c1ncccc1C)CC2,0,0.664337950875728,0.0019694741660013,8.323314,0.0245000445853163,0.07322806244426165
1615,COCC1CN(c2ccc(C#N)c(C(F)(F)F)c2)CC12CCN(C(=O)Cc1ccccc1C)CC2,0,0.609528444215437,0.0031690737746197,6.4667487,0.0280962250279082,0.07169079964883533
1616,COCC1CN(c2ccc(C#N)c(C(F)(F)F)c2)CC12CCN(C(=O)c1cccnc1)CC2,0,0.693464178156914,0.0046176792658155,-0.41647255,0.0280134162477486,0.069500623305659
1617,COCC1CN(c2ccc(C#N)c(C(F)(F)F)c2)CC12CCN(C(=O)Nc1ccc(C)cc1)CC2,0,0.638410921723545,0.0234343736167459,2.3915586,0.042681735499595,0.07554598808927647
1618,COCC1CN(c2ccc(C#N)c(C(F)(F)F)c2)CC12CCN(C(=O)NC1CCCC1)CC2,0,0.717588225666718,0.0059073344503659,0.7157124,0.026079793243007,0.05257141731519334
1619,COCC1CN(c2ccc(C#N)c(C(F)(F)F)c2)CC12CCN(C(=O)NCCC(C)C)CC2,0,0.67052451972692,0.0182308499299986,-7.1998425,0.0146244015321265,0.0707237345727473
1620,CCn1cc(C(=O)N2CCC3(CC2)CN(c2ccc(C#N)c(C(F)(F)F)c2)CC3COC)cn1,0,0.657849867120619,0.0026032630614662,9.134749,0.0277806306567734,0.05846733026729502
1621,COCC1CN(c2ccc(C#N)c(C(F)(F)F)c2)CC12CCN(C(=O)c1cn(C)nc1C)CC2,0,0.675414495412565,0.0022045598388168,6.6567864,0.0337801571534671,0.05862751025712395
1622,CCCS(=O)(=O)N1CCC2(CC1)CN(c1ccc(C#N)c(C(F)(F)F)c1)CC2COCC1CC1,0,0.534441040522672,0.0030174919805499,7.4289584,0.0288828807901884,0.0781845120794539
1623,N#Cc1ccc(N2CC(COCC3CC3)C3(CCN(C(=O)C4CC=CC4)CC3)C2)cc1C(F)(F)F,0,0.529348268419323,0.0214809490417814,2.230802,0.0366098732954212,0.062402134128896045
1624,N#Cc1ccc(N2CC(COCC3CC3)C3(CCN(C4CCOCC4)CC3)C2)cc1C(F)(F)F,0,0.594517542597771,0.0024488494751164,4.5572534,0.0431257430517793,0.05921791895257077
1625,N#Cc1ccc(N2CC(COCC3CC3)C3(CCN(C(=O)c4ccncn4)CC3)C2)cc1C(F)(F)F,0,0.594010247669587,0.003206778057211,6.8763595,0.0283671965110693,0.05775010074215151
1626,CCCNC(=O)N1CCC2(CC1)CN(c1ccc(C#N)c(C(F)(F)F)c1)CC2COCC1CC1,0,0.619986094140509,0.0058451444002363,-6.0332384,0.0321020292100149,0.0516401281486565
1627,COCCOCC1CN(c2ccc(C#N)c(C(F)(F)F)c2)CC12CCN(CC(C)C)CC2,0,0.545841621169806,0.0060805457657045,-4.582469,0.0176272658196899,0.07408419377889566
1628,CCS(=O)(=O)N1CCC2(CC1)CN(c1ccc(C#N)c(C(F)(F)F)c1)CC2COCCOC,0,0.522182593788084,0.0012348701888216,9.488941,0.0294336211769196,0.11102583015405047
1629,COCCOCC1CN(c2ccc(C#N)c(C(F)(F)F)c2)CC12CCN(C(=O)CC(C)C)CC2,0,0.517363749929408,0.0037644241667603,-2.3817143,0.0243596862301748,0.0797529297322118
1630,COCCOCC1CN(c2ccc(C#N)c(C(F)(F)F)c2)CC12CCN(C(=O)C1CCC1)CC2,0,0.551593661485688,0.0045807534387578,-0.5232346,0.0222702912320062,0.05975157815130876
1631,COCCOCC1CN(c2ccc(C#N)c(C(F)(F)F)c2)CC12CCN(C(=O)C1CC=CC1)CC2,0,0.4215367793698,0.0099624157181124,3.339158,0.0258957214522531,0.05642889292197108
1632,COCCOCC1CN(c2ccc(C#N)c(C(F)(F)F)c2)CC12CCN(Cc1cccn1C)CC2,0,0.516880241501697,0.0067250667903224,2.8005066,0.0424481292380173,0.06672787313301973
1633,CCN(CC)C(=O)N1CCC2(CC1)CN(c1ccc(C#N)c(C(F)(F)F)c1)CC2COCCOC,0,0.504381929144075,0.0095899010188336,6.845878,0.0344014531664213,0.09603511229206284
1634,COCCOCC1CN(c2ccc(C#N)c(C(F)(F)F)c2)CC12CCN(S(C)(=O)=O)CC2,0,0.564310409452342,0.0010934268838821,5.626941,0.0131664667489493,0.10983298689438407
1635,COCCOCC1CN(c2ccc(C#N)c(C(F)(F)F)c2)CC12CCN(C(=O)C(C)C)CC2,0,0.568631617626969,0.0028942196965503,-3.1463213,0.0259991270971512,0.07777253796770718
1636,CCCNC(=O)N1CCC2(CC1)CN(c1ccc(C#N)c(C(F)(F)F)c1)CC2COCCOC,0,0.569377461567307,0.0078840933277002,-4.3236866,0.0275494265979049,0.07641455908596405
1637,COCCOCC1CN(c2ccc(C#N)c(C(F)(F)F)c2)CC12CCN(C(=O)C(C)(C)C)CC2,0,0.566151530402703,0.0046774078445787,-2.451558,0.0255903801214428,0.07781736368459885
1638,COC[C@H]1CN(c2ccc(C#N)c(C(F)(F)F)c2)C[C@@H]1C(=O)Nc1cc(C)ccc1C,0,0.755501239563963,0.0024151776195215,1.0183781,0.0085952978337362,0.0741848910626468
1639,COC[C@H]1CN(c2ccc(C#N)c(C(F)(F)F)c2)C[C@@H]1C(=O)Nc1ccc(C)cc1Cl,0,0.703537061878447,0.0020308069936917,-0.39793825,0.0067176987100976,0.07330139237823574
1640,COC[C@H]1CN(c2ccc(C#N)c(C(F)(F)F)c2)C[C@@H]1C(=O)NCc1ccccc1OC,0,0.702201361805747,0.0041218468928619,2.0447288,0.0061861264325949,0.0668444217525629
1641,CCC(CC)NC(=O)[C@H]1CN(c2ccc(C#N)c(C(F)(F)F)c2)C[C@@H]1COC,0,0.763861139696941,0.0014893381991154,0.1336137,0.0031929377706394,0.08510866175007177
1642,COC[C@H]1CN(c2ccc(C#N)c(C(F)(F)F)c2)C[C@@H]1C(=O)Nc1ccc(OC)c(Cl)c1,0,0.672955061090143,0.0042568195791888,1.2046813,0.0134941463122345,0.07780726487392396
1643,CCN(Cc1ccncc1)C(=O)[C@H]1CN(c2ccc(C#N)c(C(F)(F)F)c2)C[C@@H]1COC,0,0.648546328989576,0.0029641331877521,7.7045217,0.0030428365261887,0.07623408213129171
1644,COC[C@H]1CN(c2ccc(C#N)c(C(F)(F)F)c2)C[C@@H]1C(=O)Nc1cccc(C)c1,0,0.791145381115403,0.0020775289586537,-0.7018628,0.0073678852303902,0.07123969369852337
1645,COC[C@H]1CN(c2ccc(C#N)c(C(F)(F)F)c2)C[C@@H]1C(=O)NC1CCCCCC1,0,0.724077449348744,0.0022206858340327,0.6486088,0.0036740167861625,0.09355670792327787
1646,CCOc1ccccc1NC(=O)[C@H]1CN(c2ccc(C#N)c(C(F)(F)F)c2)C[C@@H]1COC,0,0.684665239367267,0.0029170097733317,-1.8772283,0.007952671962328,0.0794336701336869
1647,COC[C@H]1CN(c2ccc(C#N)c(C(F)(F)F)c2)C[C@@H]1C(=O)Nc1cccc(Cl)c1,0,0.743903740988275,0.0035567260043353,-0.66464937,0.0060458248394989,0.07370482931391678
1648,COC[C@H]1CN(c2ccc(C#N)c(C(F)(F)F)c2)C[C@@H]1C(=O)Nc1cccc(F)c1,0,0.740108855248707,0.0015687418144711,-7.340866,0.0078300696900751,0.08124074100121118
1649,COC[C@H]1CN(c2ccc(C#N)c(C(F)(F)F)c2)C[C@@H]1C(=O)Nc1ccc(F)c(C)c1,0,0.709112587312153,0.0025418993814717,-6.8324347,0.0076133269124719,0.07553233162814546
1650,COC[C@H]1CN(c2ccc(C#N)c(C(F)(F)F)c2)C[C@@H]1C(=O)NCc1ccc(C)cc1,0,0.753580350167676,0.004374433287592,2.383944,0.0059741979304994,0.06885284714626971
1651,N#Cc1ccc(N2C[C@@H](C(N)=O)[C@H](C3CCN(C(=O)NC4CCCCC4)CC3)C2)cc1C(F)(F)F,0,0.667530037710885,0.0283635113249199,6.9443145,0.0277967872655252,0.08844640443368343
1652,CCCNC(=O)N1CCC2(CC1)CN(c1ccc(C#N)c(C(F)(F)F)c1)CC2C(=O)NCCOC,0,0.567190152697805,0.0201424013274668,-3.2221518,0.0478781082911741,0.0987293215818354
1653,CCNC(=O)[C@@H]1CN(c2ccc(C#N)c(C(F)(F)F)c2)C[C@H]1C1CCN(C(=O)c2cc[nH]n2)CC1,0,0.673298781796338,0.0509422905894207,5.902857,0.0395668878107025,0.06399641562161114
1654,CN(C)C(=O)C1CC2(CCN(Cc3cccc(O)c3)CC2)CN1c1ccc(C#N)c(C(F)(F)F)c1,0,0.700522233301767,0.0061062300809854,-1.5697968,0.1224409429967865,0.09367268844200519
1655,COCC1CN(c2ccc(C#N)c(C(F)(F)F)c2)CCN1,0,0.927230498542934,0.0012426343954,-13.441968,0.0090288950944472,0.08130984361567682
1656,CCOC[C@@]12CCNC[C@@H]1CN(c1ccc(C#N)c(C(F)(F)F)c1)C2,0,0.903963647052156,0.0024654770518511,1.0226496,0.0084534122526896,0.0766888892662323
1657,N#Cc1ccc(N2CC(C(N)=O)C3(CCNCC3)C2)cc1C(F)(F)F,0,0.851302897865051,0.0046943842866265,8.015721,0.0211333091387641,0.1149713208514855
1658,N#Cc1ccc(N2C[C@@H](C(N)=O)[C@H](C3CCN(CC4CCCCC4)CC3)C2)cc1C(F)(F)F,0,0.70371882748014,0.0020179797267468,2.199844,0.0314890555087743,0.09126042193149606
1659,N#Cc1ccc(N2C[C@@H](C(N)=O)[C@H](C3CCNCC3)C2)cc1C(F)(F)F,0,0.858496554003244,0.0020302346030765,13.189016,0.0162082318100421,0.11031386642363317
1660,N#Cc1ccc(N2C[C@@H](C(N)=O)[C@H](C3CCN(Cc4ccccc4)CC3)C2)cc1C(F)(F)F,0,0.737532594148151,0.0051080982509527,5.778951,0.0201957612398682,0.1008730168227481
1661,CCn1cc(CN2CCC([C@@H]3CN(c4ccc(C#N)c(C(F)(F)F)c4)C[C@H]3C(N)=O)CC2)cn1,0,0.694211704892981,0.0020516110136984,10.760077,0.0342341962831911,0.08518257655506796
1662,N#Cc1ccc(N2C[C@@H](C(N)=O)[C@H](C3CCN(C4CCCC4)CC3)C2)cc1C(F)(F)F,0,0.783065617268761,0.0015466540262263,7.857249,0.0247419124899783,0.08133147510929484
1663,CNC(=O)[C@@H]1CN(c2ccc(C#N)c(C(F)(F)F)c2)C[C@H]1C1CCN(Cc2ccccc2)CC1,0,0.708567197347105,0.0050688010640265,0.7974323,0.0264458283446398,0.07758706414683844
1664,N#Cc1ccc(N2C[C@@H](C(=O)NC3CC3)[C@H](C3CCN(Cc4ccccc4)CC3)C2)cc1C(F)(F)F,0,0.623143201603466,0.0030874739636733,0.7448422,0.05448682500238,0.050626087103844496
1665,N#Cc1ccc(N2CC(CO)C3(CCN(C(=O)CCn4ccnc4)CC3)C2)cc1C(F)(F)F,0,0.740293177816472,0.0029160482792674,2.7823033,0.0198148405401778,0.06206681267731283
1666,N#Cc1ccc(N2CCN(C(=O)Cc3ccccc3F)C(CO)C2)cc1C(F)(F)F,0,0.771300039753129,0.0027514216498986,-12.091498,0.0143795130397908,0.10343279983046275
1667,CC(C)CN1CC(CO)C2(CCN(c3ccc(C#N)c(C(F)(F)F)c3)CC2)C1,0,0.843834568209951,0.0024775586623274,-6.466781,0.007341575615169,0.09289970086610655
1668,COC[C@H]1CN(c2ccc(C#N)c(C(F)(F)F)c2)C[C@@H]1C(=O)NC1CCCCC1,0,0.805031426301449,0.0013740843869806,0.42136455,0.0012748131167627,0.08938579860227944
1669,N#Cc1ccc(N2CCC([C@@H]3CN(C(=O)c4ccsc4)C[C@H]3C(N)=O)CC2)cc1C(F)(F)F,0,0.72823776449333,0.002732899843914,-6.243175,0.0133217873489552,0.10042154673874162
1670,Cn1nc(C(=O)N2CC[C@H]3CN(c4ccc(C#N)c(C(F)(F)F)c4)C[C@@]3(CO)C2)c2ccccc21,0,0.617220725329768,0.0055405138537882,12.057823,0.1651100514597614,0.06559673957300236
1671,Cc1ccncc1C(=O)N1CCC2(CC1)CC(C(=O)N(C)C)N(c1ccc(C#N)c(C(F)(F)F)c1)C2,0,0.640708389504054,0.0060807535786214,3.5865297,0.0325100586153842,0.0909735453249475
1672,N#Cc1ccc(N2C[C@H]3CN(C(=O)c4ccc5ncccc5c4)CC[C@@]3(CO)C2)cc1C(F)(F)F,0,0.611074181120591,0.0071116240589366,5.0483594,0.1160691326061982,0.10682566243453392
1673,N#Cc1ccc(N2CCC3(CC2)CC(C(N)=O)N(C(=O)NCCc2ccccc2)C3)cc1C(F)(F)F,0,0.655315918828665,0.0197956738030284,-2.718338,0.0260889200724216,0.1037838608029503
1674,N#Cc1ccc(N2CC[C@@H]3CN(C(=O)c4ccc5ccccc5n4)C[C@]3(CO)C2)cc1C(F)(F)F,0,0.611074181120591,0.0029754136679461,12.079184,0.1031268808834243,0.08636470133660425
1675,Cc1ccc(CNC(=O)[C@@H]2C[C@H](Oc3ccccc3)CN2c2ccc(C#N)c(C(F)(F)F)c2)o1,0,0.560097725827717,0.0039115417660439,8.198576,0.0146972537110603,0.05746328804581807
1676,N#Cc1ccc(N2C[C@@H](Oc3ccccc3)C[C@H]2C(=O)NCc2ccccn2)cc1C(F)(F)F,0,0.585752692177999,0.0032018659256614,5.526041,0.0091970778131989,0.07988837511933064
1677,Cc1cc(CNC(=O)[C@@H]2C[C@H](Oc3ccccc3)CN2c2ccc(C#N)c(C(F)(F)F)c2)n(C)n1,0,0.574003833040263,0.0043586300387366,11.340377,0.0194412201076864,0.06227726781306716
1678,Cc1ncsc1CN1CCC([C@@H]2CN(c3ccc(C#N)c(C(F)(F)F)c3)C[C@H]2C(N)=O)CC1,0,0.708226853322122,0.0028664076268118,10.64866,0.0293526720447023,0.07915105492588181
1679,N#Cc1ccc(N2CC3(CCN(C4CCCC4)CC3)CC2C(=O)NC2CC2)cc1C(F)(F)F,0,0.720952400268464,0.0119847445913641,5.0289726,0.0624606271901855,0.07305242021612847
1680,Cn1cccc1CN1CCC2(CC1)CC(C(=O)NC1CC1)N(c1ccc(C#N)c(C(F)(F)F)c1)C2,0,0.6941100107374,0.007671884645655,0.3570546,0.0487503786836862,0.06572692588569332
1681,CNC(=O)C1CC2(CCN(Cc3scnc3C)CC2)CN1c1ccc(C#N)c(C(F)(F)F)c1,0,0.722172268711,0.0092442511174851,7.971248,0.0450216726029536,0.06396902877432623
1682,CN(C)CC(=O)N1CCC([C@@H]2CN(c3ccc(C#N)c(C(F)(F)F)c3)C[C@H]2C(N)=O)CC1,0,0.73836966498686,0.0043916691482063,9.744101,0.0133440912861723,0.10049795878976789
1683,CNC(=O)[C@@H]1CN(c2ccc(C#N)c(C(F)(F)F)c2)C[C@H]1C1CCN(C2CCCC2)CC1,0,0.755730548364629,0.0093184063404617,5.359375,0.0367836566213659,0.06251777218195965
1684,CN(C)C(=O)[C@@H]1CN(C2CCCC2)C[C@H]1C1CCN(c2ccc(C#N)c(C(F)(F)F)c2)CC1,0,0.666824578666143,0.002941948867969,1.9137174,0.0166072443153335,0.06533888981226518
1685,CCn1cc(CN2CCC([C@@H]3CN(c4ccc(C#N)c(C(F)(F)F)c4)C[C@H]3C(N)=O)CC2)c(C)n1,0,0.671641053462291,0.0026376225888067,7.37618,0.0524228737324487,0.08680981977639604
1686,CNC(=O)C1CC2(CCN(Cc3cccc(OC)n3)CC2)CN1c1ccc(C#N)c(C(F)(F)F)c1,0,0.69448265053438,0.0035788390941049,6.5685477,0.041233322483964,0.07840558290962013
1687,N#Cc1ccc(N2CCC3(CC2)CN(Cc2ccncc2)CC3C(=O)NC2CC2)cc1C(F)(F)F,0,0.697005929400969,0.0065598415267656,3.3915977,0.0269710112979593,0.06222847672499203
1688,N#Cc1ccc(N2CCC3(CC2)CN(Cc2ccncc2)CC3C(=O)N2CCCC2)cc1C(F)(F)F,0,0.630015861649282,0.0057028548724121,-0.4798298,0.0332067899144482,0.05594002206673378
1689,CCNC(=O)[C@@H]1CN(c2ccc(C#N)c(C(F)(F)F)c2)C[C@H]1C1CCN(C2CCCC2)CC1,0,0.703898955835647,0.0019543072508841,7.095201,0.0330891372353293,0.05932429969100399
1690,CN(C)C(=O)C1CC2(CCN(Cc3ccncc3F)CC2)CN1c1ccc(C#N)c(C(F)(F)F)c1,0,0.606543915107732,0.0115281287917554,4.801514,0.0366901568175323,0.09370675099353123
1691,N#Cc1ccc(N2CC3(CCN(Cc4ccncc4)CC3)CC2C(=O)NC2CC2)cc1C(F)(F)F,0,0.693141475667951,0.0028652335464566,4.5897884,0.0505585717034917,0.07105732318254929
1692,N#Cc1ccc(N2CCC3(CC2)CN(Cc2cccnc2)CC3C(=O)NC2CC2)cc1C(F)(F)F,0,0.697005929400969,0.0051189515154555,0.87155545,0.0153558283480086,0.06107601245613895
1693,N#Cc1ccc(N2CC(C(=O)NC3CC3)C3(CCN(Cc4ccncc4)CC3)C2)cc1C(F)(F)F,0,0.697005929400969,0.0076851315087956,6.966842,0.0487067675299401,0.06463478575364744
1694,CN(C)C(=O)C1CN(Cc2ccncc2)CC12CCN(c1ccc(C#N)c(C(F)(F)F)c1)CC2,0,0.679336593582797,0.0034043065570038,3.8313646,0.0178288296405258,0.08007403704570328
1695,CNC(=O)C1CN(Cc2cccc3[nH]ccc23)CC12CCN(c1ccc(C#N)c(C(F)(F)F)c1)CC2,0,0.558162575151605,0.242890847350484,8.888312,0.0680542452038656,0.06400393003576141
1696,CCNC(=O)[C@@H]1CN(c2ccc(C#N)c(C(F)(F)F)c2)C[C@H]1C1CCN(Cc2ccc(C)cn2)CC1,0,0.638796966684355,0.0080770239088465,0.6517323,0.0401373263663304,0.07483099845447425
1697,N#Cc1ccc(N2CC3(CCN(Cc4cccc(O)c4)CC3)CC2C(=O)NC2CC2)cc1C(F)(F)F,0,0.638129194570475,0.0109445051988344,1.081201,0.0946806988181376,0.0686778364221186
1698,CCNC(=O)[C@@H]1CN(c2ccc(C#N)c(C(F)(F)F)c2)C[C@H]1C1CCN(Cc2cccnc2)CC1,0,0.667951484672194,0.0051210874281502,3.3062034,0.05119798748821,0.07371356495953443
1699,CNC(=O)C1CN(Cc2cccc(F)c2)CC12CCN(c1ccc(C#N)c(C(F)(F)F)c1)CC2,0,0.675900468544693,0.0237003178504667,-1.8843093,0.0265350717490318,0.08207268287752095
1700,CCNC(=O)[C@@H]1CN(c2ccc(C#N)c(C(F)(F)F)c2)C[C@H]1C1CCN(Cc2ccccc2)CC1,0,0.647126354522174,0.0059434245090391,5.122099,0.0599003171156947,0.07590786092007255
1701,COc1cccc(CN2CCC([C@@H]3CN(c4ccc(C#N)c(C(F)(F)F)c4)C[C@H]3C(N)=O)CC2)c1,0,0.666687668318165,0.0037841324420237,4.489487,0.0484239740981949,0.07298039249263473
1702,CNC(=O)C1CC2(CCN(Cc3cccc(OC)c3)CC2)CN1c1ccc(C#N)c(C(F)(F)F)c1,0,0.686534993862088,0.0060792278634206,2.0726404,0.0794117331935653,0.07930391731924968
1703,COc1cccc(CC(=O)N2CCN(c3ccc(C#N)c(C(F)(F)F)c3)C(C(N)=O)C2)c1,0,0.760137405969478,0.0026522746750353,-2.6077564,0.038998038995385,0.11161369904307235
1704,N#Cc1ccc(N2CC(C(N)=O)C3(CCN(C(=O)c4cnccn4)CC3)C2)cc1C(F)(F)F,0,0.754033058601882,0.0058788841462265,5.9970155,0.0521935478976001,0.10865595692407252
1705,CC(C)NC(=O)N1CC(C(=O)N(C)C)C2(CCN(c3ccc(C#N)c(C(F)(F)F)c3)CC2)C1,0,0.743055221114959,0.0061482809761612,7.520373,0.0185938474812146,0.10521520093204537
1706,N#Cc1ccc(N2CCC3(CC2)CC(C(N)=O)N(C(=O)Cc2ccncc2)C3)cc1C(F)(F)F,0,0.738742201262351,0.0028972268669044,-2.7131972,0.0383322054295115,0.10805875912426213
1707,CCC(CC)C(=O)N1CCC2(CC1)CN(c1ccc(C#N)c(C(F)(F)F)c1)CC2C(=O)N(C)C,0,0.637896959162365,0.0105555912196868,7.303268,0.0484953541386858,0.1185101779466676
1708,CN(C)C(=O)C1CN(c2ccc(C#N)c(C(F)(F)F)c2)CC12CCN(C(=O)C1CC=CC1)CC2,0,0.62725920757419,0.006449639373377,7.854155,0.0416746825668344,0.08404497369351652
1709,CNC(=O)C1CC2(CCN(c3ccc(C#N)c(C(F)(F)F)c3)CC2)CN1C(=O)c1ccc(F)cc1,0,0.663995079398453,0.0110817676731595,-3.8860803,0.0605300942060952,0.09782543259170587
1710,CN(C)C(=O)C1CC2(CCN(C(=O)c3cnccn3)CC2)CN1c1ccc(C#N)c(C(F)(F)F)c1,0,0.662455811661772,0.0046610558516769,2.15374,0.0345475849267043,0.09167066292384145
1711,CC(C)CC(=O)N1C[C@@H](C(=O)NC2CC2)[C@H](C2CCN(c3ccc(C#N)c(C(F)(F)F)c3)CC2)C1,0,0.648848279690356,0.0110175384348917,-12.518607,0.0119877595651666,0.055357284357371306
1712,N#Cc1ccc(N2CCC3(CC2)CC(C(N)=O)N(C(=O)c2cscn2)C3)cc1C(F)(F)F,0,0.753819599018205,0.002144126858765,-9.3302,0.0254567382417552,0.08358177258176992
1713,CNC(=O)C1CN(C(=O)NCC(C)C)CC12CCN(c1ccc(C#N)c(C(F)(F)F)c1)CC2,0,0.714926175076555,0.0261275391005468,-1.0942503,0.0146685778731153,0.09436430722353886
1714,CN(C)C(=O)C1CC2(CCN(C(=O)c3ccncn3)CC2)CN1c1ccc(C#N)c(C(F)(F)F)c1,0,0.662455811661772,0.0032787169165968,5.9673743,0.0388589666769385,0.09515234569719942
1715,CNC(=O)C1CC2(CCN(c3ccc(C#N)c(C(F)(F)F)c3)CC2)CN1C(=O)Nc1cccc(C)c1,0,0.649942737389359,0.0088585613534397,0.28404498,0.0458979620504709,0.07810591180329066
1716,CNC(=O)C1CN(c2ccc(C#N)c(C(F)(F)F)c2)CC12CCN(C(=O)Nc1ccccc1)CC2,0,0.686121372791346,0.010694103776407,2.781077,0.0500205206811369,0.09558370047065252
1717,CN(C)C(=O)[C@@H]1CN(c2ccc(C#N)c(C(F)(F)F)c2)C[C@H]1C1CCN(C(=O)c2cccnc2)CC1,0,0.641561107007468,0.005878216195273,5.4060597,0.0209579887502948,0.0786959124888817
1718,Cc1nccn1CC(=O)N1CCC([C@@H]2CN(c3ccc(C#N)c(C(F)(F)F)c3)C[C@H]2C(N)=O)CC1,0,0.696070596427937,0.00605880323944,8.840667,0.0344503422056253,0.07745528264175193
1719,CCNC(=O)N1CCC2(CC1)CC(C(=O)NC)N(c1ccc(C#N)c(C(F)(F)F)c1)C2,0,0.761245082151976,0.0099090766043598,-1.7569427,0.0234776750399746,0.1123624494994279
1720,CCNC(=O)[C@@H]1CN(S(=O)(=O)CC)C[C@H]1C1CCN(c2ccc(C#N)c(C(F)(F)F)c2)CC1,0,0.667579270606338,0.0017513664234648,5.276004,0.0144535762606604,0.1233730792203871
1721,CNC(=O)[C@@H]1CN(S(C)(=O)=O)C[C@H]1C1CCN(c2ccc(C#N)c(C(F)(F)F)c2)CC1,0,0.745551542269431,0.0021225803827548,1.7545763,0.01485318445209,0.11497241382736716
1722,COCCC(=O)N1CCC2(CC1)CC(C(=O)N(C)C)N(c1ccc(C#N)c(C(F)(F)F)c1)C2,0,0.66714006199292,0.0017249563570776,-3.535225,0.0293661049867132,0.08902733342281197
1723,CCC(CC)C(=O)N1CC(C(=O)NC)C2(CCN(c3ccc(C#N)c(C(F)(F)F)c3)CC2)C1,0,0.719239290788812,0.0056539371610326,4.7548885,0.0219347399653388,0.10289274460983282
1724,N#Cc1ccc(N2CCC3(CC2)CC(C(N)=O)N(C(=O)c2cc(F)ccc2F)C3)cc1C(F)(F)F,0,0.659677108453421,0.0043806701913161,-5.1587496,0.0710546028628908,0.1316315925734784
1725,CN(C)C(=O)C1CN(C(=O)c2cc[nH]n2)CC12CCN(c1ccc(C#N)c(C(F)(F)F)c1)CC2,0,0.738174367072939,0.0045158633388355,4.70412,0.0305914872562747,0.08033208115290233
1726,CNC(=O)C1CC2(CCN(c3ccc(C#N)c(C(F)(F)F)c3)CC2)CN1S(=O)(=O)N(C)C,0,0.719410665463478,0.0025238613238699,7.427072,0.0166932678169667,0.08675049799664449
1727,CNC(=O)C1CC2(CCN(c3ccc(C#N)c(C(F)(F)F)c3)CC2)CN1C(=O)Nc1ccccc1C,0,0.649942737389359,0.0145851129049237,4.3242893,0.0370762778100977,0.0792462251459566
1728,CN(C)C(=O)C1CC2(CCN(c3ccc(C#N)c(C(F)(F)F)c3)CC2)CN1C(=O)c1ccsc1,0,0.646058148666076,0.0058586572999755,-8.768107,0.0252144094698965,0.06948161009186175
1729,CNC(=O)[C@@H]1CN(c2ccc(C#N)c(C(F)(F)F)c2)C[C@H]1C1CCN(C(=O)C2CCCC2)CC1,0,0.71730598553926,0.0125443860582964,8.89114,0.0174061478100732,0.052287098546056024
1730,Cn1cnc(S(=O)(=O)N2CC3(CCN(c4ccc(C#N)c(C(F)(F)F)c4)CC3)CC2C(N)=O)c1,0,0.688753254236727,0.0049550327053258,5.1459537,0.0489821855618218,0.09062565911803397
1731,CNC(=O)C1CN(C(=O)c2cccnc2C)CC12CCN(c1ccc(C#N)c(C(F)(F)F)c1)CC2,0,0.720169010393864,0.0029524333243831,7.6260486,0.0307613771868411,0.09837547637482073
1732,CNC(=O)C1CC2(CCN(c3ccc(C#N)c(C(F)(F)F)c3)CC2)CN1C(=O)CCC1CCCC1,0,0.660411517652273,0.0092227990246102,-1.0117595,0.0309859114234545,0.06106004149679556
1733,CNC(=O)C1CN(C(=O)CCn2ccnc2)CC12CCN(c1ccc(C#N)c(C(F)(F)F)c1)CC2,0,0.69858121386466,0.0494834978370579,5.208284,0.0410878186547024,0.06392535576705895
1734,CCCC(=O)N1CCC([C@@H]2CN(c3ccc(C#N)c(C(F)(F)F)c3)C[C@H]2C(=O)N(C)C)CC1,0,0.665689330428439,0.0029787183351489,7.6415505,0.0165888464100753,0.0804442520138143
1735,COCCC(=O)N1CCC2(CC1)CN(c1ccc(C#N)c(C(F)(F)F)c1)CC2C(=O)NCC1CC1,0,0.632093858296227,0.0043540082919842,2.3236895,0.0348865782569382,0.059776329452458796
1736,CN(C)C(=O)N1CC(C(N)=O)C2(CCN(c3ccc(C#N)c(C(F)(F)F)c3)CC2)C1,0,0.789713810205778,0.0077172362409531,3.6173902,0.0266878015749306,0.12520968766135293
1737,N#Cc1ccc(N2CCC3(CC2)CN(C(=O)NC2CCCCC2)CC3C(N)=O)cc1C(F)(F)F,0,0.694132729321892,0.0063083062224059,3.8918319,0.0433002859741084,0.09028005665116257
1738,N#Cc1ccc(N2CCC3(CC2)CC(C(N)=O)N(C(=O)c2ccccc2F)C3)cc1C(F)(F)F,0,0.687253737096957,0.0029761775903261,-3.8015924,0.0444298170072432,0.13403708932680689
1739,CC(C)S(=O)(=O)N1CCC2(CC1)CC(C(=O)NC1CC1)N(c1ccc(C#N)c(C(F)(F)F)c1)C2,0,0.672831973653645,0.0031544867608816,6.57037,0.0602829939590165,0.08751518780915765
1740,N#Cc1ccc(N2CCC3(CC2)CC(C(N)=O)N(C(=O)c2ccccc2Cl)C3)cc1C(F)(F)F,0,0.697246365875609,0.0047973268203576,-3.6265101,0.0357494237230158,0.12486342429178028
1741,CCc1cccc(NC(=O)N2CC(C(N)=O)C3(CCN(c4ccc(C#N)c(C(F)(F)F)c4)CC3)C2)c1,0,0.65198335953501,0.0140575081650804,4.9440513,0.0554905030030853,0.10937988072866826
1742,CNC(=O)C1CN(C(=O)c2cccn2C)CC12CCN(c1ccc(C#N)c(C(F)(F)F)c1)CC2,0,0.743315352412698,0.0050028423571243,5.724588,0.0368935970877639,0.07475060479138726
1743,CC(C)CNC(=O)N1CC(C(=O)NC2CC2)C2(CCN(c3ccc(C#N)c(C(F)(F)F)c3)CC2)C1,0,0.656993866355824,0.0300484781768575,1.519678,0.0284225701578655,0.06596584874567894
1744,CN(C)C(=O)C1CN(c2ccc(C#N)c(C(F)(F)F)c2)CC12CCN(C(=O)CC1CCCC1)CC2,0,0.631648431770422,0.0029749026132811,7.8164344,0.0371806726579571,0.0645938076782993
1745,CNC(=O)C1CN(C(=O)c2cc(C)nn2C)CC12CCN(c1ccc(C#N)c(C(F)(F)F)c1)CC2,0,0.717230154066291,0.0050264618302822,6.844271,0.0596355817672127,0.09213599756656154
1746,CN(C)C(=O)C1CN(c2ccc(C#N)c(C(F)(F)F)c2)CC12CCN(C(=O)c1ccoc1)CC2,0,0.679036190583619,0.0063144853875648,10.072277,0.042361491751594,0.07623349237410249
1747,N#Cc1ccc(N2CCC3(CC2)CC(C(N)=O)N(C(=O)c2ccoc2)C3)cc1C(F)(F)F,0,0.78021795209906,0.0036526203376104,-2.8944316,0.0224445151810162,0.09692937069640631
1748,N#Cc1ccc(N2CCC3(CC2)CC(C(N)=O)N(C(=O)CC2CCCC2)C3)cc1C(F)(F)F,0,0.736435676683495,0.0048594170701785,-3.3059387,0.0323356112185687,0.08557059792142682
1749,N#Cc1ccc(N2CC(C(=O)NC3CC3)C3(CCN(C(=O)N4CCCC4)CC3)C2)cc1C(F)(F)F,0,0.703992613955655,0.0020257960714961,6.0685096,0.0365397727444968,0.06504698969904439
1750,CN(C)C(=O)C1CN(S(=O)(=O)N(C)C)CC12CCN(c1ccc(C#N)c(C(F)(F)F)c1)CC2,0,0.648382892843079,0.0026703058609808,10.464574,0.0371135596964569,0.10280158355834854
1751,CCCNC(=O)N1CC2(CCN(c3ccc(C#N)c(C(F)(F)F)c3)CC2)CC1C(N)=O,0,0.756142521827766,0.0089969423947101,-8.024187,0.0233054502095433,0.11304211008824427
1752,CNC(=O)C1CN(c2ccc(C#N)c(C(F)(F)F)c2)CC12CCN(C(=O)CC1CC1)CC2,0,0.767856648613289,0.0066612321222518,6.133889,0.0386299445405098,0.06984624529966191
1753,N#Cc1ccc(N2CCC([C@@H]3CN(C(=O)c4cccs4)C[C@H]3C(N)=O)CC2)cc1C(F)(F)F,0,0.72823776449333,0.0042540594278946,-0.8834761,0.0117540041291058,0.09207279994606651
1754,Cc1nn(C)cc1C(=O)N1CC(C(N)=O)C2(CCN(c3ccc(C#N)c(C(F)(F)F)c3)CC2)C1,0,0.735375696023702,0.0065203217853194,6.978576,0.0603129177755126,0.1056751923768043
1755,Cc1cc(C)cc(NC(=O)N2CC(C(N)=O)C3(CCN(c4ccc(C#N)c(C(F)(F)F)c4)CC3)C2)c1,0,0.652282257654805,0.0134357629813241,6.864926,0.1109209766126055,0.11521648011575669
1756,CNC(=O)C1CC2(CCN(c3ccc(C#N)c(C(F)(F)F)c3)CC2)CN1C(=O)c1cnccn1,0,0.73702329199914,0.0036984536332322,-0.9961662,0.0221051458478163,0.0872377313868769
1757,N#Cc1ccc(N2CC3(CCN(C(=O)c4ccccn4)CC3)CC2C(=O)NC2CC2)cc1C(F)(F)F,0,0.695180192451488,0.0052421259967507,6.0612206,0.042514835422988,0.0736310721362769
1758,N#Cc1ccc(N2CCC3(CC2)CC(C(N)=O)N(C(=O)CC2CC2)C3)cc1C(F)(F)F,0,0.788758885740096,0.0016589539297183,-3.6088367,0.0194045023725099,0.09052761575431202
1759,CC1(C(=O)N2CCC3(CC2)CC(C(=O)NC2CC2)N(c2ccc(C#N)c(C(F)(F)F)c2)C3)CC1,0,0.719543231888235,0.0060489464411606,-6.0816646,0.0568568370865171,0.06721084942371744
1760,CS(=O)(=O)N1CC2(CCN(c3ccc(C#N)c(C(F)(F)F)c3)CC2)CC1C(=O)N1CCCC1,0,0.658895472222395,0.007950665775585,-4.549089,0.0300551570010984,0.09357709712855956
1761,CCCC(=O)N1CCC2(CC1)CN(c1ccc(C#N)c(C(F)(F)F)c1)CC2C(=O)N(C)C,0,0.7042259643979,0.0028728442706333,4.8893375,0.0420110758641834,0.13237877790023883
1762,CCS(=O)(=O)N1C[C@@H](C(=O)NC2CC2)[C@H](C2CCN(c3ccc(C#N)c(C(F)(F)F)c3)CC2)C1,0,0.651075047862719,0.0033902711083887,-0.68175864,0.0257413470733633,0.08829351882722243
1763,Cc1ccn(CC(=O)N2CC3(CCN(c4ccc(C#N)c(C(F)(F)F)c4)CC3)CC2C(N)=O)n1,0,0.732490105678072,0.0023576293930968,-12.104279,0.0420245666649794,0.09316385834079702
1764,Cc1ccccc1CC(=O)N1CC(C(N)=O)C2(CCN(c3ccc(C#N)c(C(F)(F)F)c3)CC2)C1,0,0.717337041672421,0.007295969035317,3.6478796,0.0727362381045079,0.10449660093236834
1765,CCC(C)(C)C(=O)N1CCC2(CC1)CC(C(N)=O)N(c1ccc(C#N)c(C(F)(F)F)c1)C2,0,0.757664290954913,0.0029624056683225,1.2192358,0.0511250936865391,0.15009229304953217
1766,CN(C)C(=O)[C@@H]1CN(C(=O)c2ccccc2)C[C@H]1C1CCN(c2ccc(C#N)c(C(F)(F)F)c2)CC1,0,0.631637954940186,0.012514102483076,-4.2201986,0.0140063476304597,0.08340509016806497
1767,N#Cc1ccc(N2CCC3(CC2)CC(C(=O)NC2CC2)N(C(=O)c2ccco2)C3)cc1C(F)(F)F,0,0.707081082420563,0.0031157256449853,-8.465266,0.0331796765560632,0.07181658084478265
1768,CNC(=O)C1CN(c2ccc(C#N)c(C(F)(F)F)c2)CC12CCN(C(=O)c1sccc1C)CC2,0,0.704458386865447,0.0104465140280641,3.7092357,0.0449669890352599,0.0692970947536399
1769,Cc1cncc(C(=O)N2CCC3(CC2)CN(c2ccc(C#N)c(C(F)(F)F)c2)CC3C(=O)N(C)C)c1,0,0.643157718982875,0.0059458932672263,3.3721423,0.0387612025040799,0.0862464321103472
1770,CNC(=O)[C@@H]1CN(C(=O)NC(C)C)C[C@H]1C1CCN(c2ccc(C#N)c(C(F)(F)F)c2)CC1,0,0.714934845963327,0.0142668633230136,-2.7634254,0.0086866548924198,0.10502424466902575
1771,N#Cc1ccc(N2CC3(CCN(C(=O)CC4CCCCC4)CC3)CC2C(N)=O)cc1C(F)(F)F,0,0.704596662763173,0.0050506435149852,0.59580314,0.0359507114264556,0.11630304839639678
1772,CC(C)C(=O)N1CCC2(CC1)CC(C(N)=O)N(c1ccc(C#N)c(C(F)(F)F)c1)C2,0,0.811063839570615,0.0027794869967212,-5.0918384,0.024877716578005,0.14717665694189583
1773,CNC(=O)C1CN(c2ccc(C#N)c(C(F)(F)F)c2)CC12CCN(C(=O)c1ccoc1C)CC2,0,0.734667376206906,0.0055235311961996,11.166651,0.0520847086715364,0.07292535148552057
1774,N#Cc1ccc(N2C[C@@H](C(N)=O)[C@H](C3CCN(C(=O)Cc4cccs4)CC3)C2)cc1C(F)(F)F,0,0.692795384231263,0.0031376219296573,7.7769046,0.0203175591584932,0.08362381511918597
1775,CNC(=O)C1CN(C(=O)c2ccco2)CC12CCN(c1ccc(C#N)c(C(F)(F)F)c1)CC2,0,0.759567882033531,0.0047993354172409,1.1338266,0.0242455670800962,0.07602702417527826
1776,CNC(=O)C1CN(C(=O)C2CC2)CC12CCN(c1ccc(C#N)c(C(F)(F)F)c1)CC2,0,0.793929378768056,0.0056154555542081,-2.3518457,0.010771763694105,0.09372565886001119
1777,CCC(C)(C)C(=O)N1CC2(CCN(c3ccc(C#N)c(C(F)(F)F)c3)CC2)CC1C(N)=O,0,0.757664290954913,0.0062729836116886,-5.764863,0.0277062419185718,0.12684944738300624
1778,N#Cc1ccc(N2CCC3(CC2)CC(C(N)=O)N(C(=O)C2CCCCCC2)C3)cc1C(F)(F)F,0,0.661688738177724,0.008031510749624,-2.5979362,0.0476882420202566,0.12293186713707693
1779,CCOCC(=O)N1CC(C(=O)NC)C2(CCN(c3ccc(C#N)c(C(F)(F)F)c3)CC2)C1,0,0.741757027817367,0.0021538915031317,0.44252002,0.0229517785726565,0.13316082838516521
1780,CCNC(=O)[C@@H]1CN(c2ccc(C#N)c(C(F)(F)F)c2)C[C@H]1C1CCN(C(=O)C2(C)CC2)CC1,0,0.701473008677668,0.0014775310857526,-1.641952,0.0454393695479888,0.05356714637549287
1781,N#Cc1ccc(N2CCC3(CC2)CN(C(=O)c2cc(C4CC4)[nH]n2)CC3C(N)=O)cc1C(F)(F)F,0,0.688701810803372,0.0282603554529063,10.957654,0.0441628461040172,0.07726647193179773
1782,CNC(=O)C1CN(C(=O)c2cccc(F)c2)CC12CCN(c1ccc(C#N)c(C(F)(F)F)c1)CC2,0,0.666948987549406,0.0140585610380757,-1.5235075,0.0464194191268328,0.10782076890102292
1783,CNC(=O)C1CN(c2ccc(C#N)c(C(F)(F)F)c2)CC12CCN(C(=O)CCC1CCCC1)CC2,0,0.666417962947177,0.0091008961234128,4.034677,0.0414266694553219,0.06303451241563432
1784,CCC(C)(C)C(=O)N1CC(C(=O)N(C)C)C2(CCN(c3ccc(C#N)c(C(F)(F)F)c3)CC2)C1,0,0.652294958329199,0.0166101984490207,8.246136,0.0427013906332797,0.09716083680498985
1785,CNC(=O)C1CN(c2ccc(C#N)c(C(F)(F)F)c2)CC12CCN(C(=O)c1ccncn1)CC2,0,0.736571146189117,0.0119832006025256,9.589801,0.039146639739339,0.09600702911659456
1786,Cc1ccc(C)c(NC(=O)N2CC(C(N)=O)C3(CCN(c4ccc(C#N)c(C(F)(F)F)c4)CC3)C2)c1,0,0.652282257654805,0.0118125345955064,5.858002,0.0718024515435833,0.10274070817279964
1787,CNC(=O)C1CN(c2ccc(C#N)c(C(F)(F)F)c2)CC12CCN(C(=O)C1CCOCC1)CC2,0,0.722336153836774,0.0070384258299424,5.3447995,0.0396408687121981,0.11964485146224273
1788,Cn1ccnc1C(=O)N1CCC([C@@H]2CN(c3ccc(C#N)c(C(F)(F)F)c3)C[C@H]2C(N)=O)CC1,0,0.732247562271702,0.0062606434573217,11.350809,0.033338528711625,0.0718387048526398
1789,CNC(=O)C1CN(c2ccc(C#N)c(C(F)(F)F)c2)CC12CCN(C(=O)c1cc(C)on1)CC2,0,0.732450156129995,0.0059880202580411,8.4138565,0.0469894604602461,0.078523010040733
1790,CC(C)(C)C(=O)N1CCC2(CC1)CN(c1ccc(C#N)c(C(F)(F)F)c1)CC2C(=O)NC1CC1,0,0.716992862991919,0.0045650984141514,-0.040091157,0.0406557185218265,0.07044946375218646
1791,CN(C)C(=O)C1CN(S(C)(=O)=O)CC12CCN(c1ccc(C#N)c(C(F)(F)F)c1)CC2,0,0.693094155466667,0.0026336291464755,5.342085,0.0292519469346945,0.1334878868065604
1792,CNC(=O)C1CC2(CCN(c3ccc(C#N)c(C(F)(F)F)c3)CC2)CN1C(=O)C1CCCCCC1,0,0.634192774874074,0.0257190908529114,2.317852,0.0327799960993205,0.10020295687014913
1793,CNC(=O)[C@@H]1CN(c2ccc(C#N)c(C(F)(F)F)c2)C[C@H]1C1CCN(C(=O)Nc2ccccc2)CC1,0,0.656035255210429,0.0070968211268892,0.9970387,0.0268562679846888,0.08760740982653166
1794,CC(C)NC(=O)N1CCC2(CC1)CC(C(=O)N(C)C)N(c1ccc(C#N)c(C(F)(F)F)c1)C2,0,0.741810350076648,0.0030106450568001,0.14708984,0.0479653945966353,0.10479853362574369
1795,N#Cc1ccc(N2C[C@@H](C(N)=O)[C@H](C3CCN(C(=O)c4cnccn4)CC3)C2)cc1C(F)(F)F,0,0.730885492778145,0.00429499624899,7.6341014,0.0281006424659345,0.0928080577400954
1796,N#Cc1ccc(N2CC3(CCN(C(=O)CC4CCCC4)CC3)CC2C(N)=O)cc1C(F)(F)F,0,0.736435676683495,0.0041273483041519,0.3328017,0.0346674362147906,0.08302789628156529
1797,CN(C)C(=O)C1CN(c2ccc(C#N)c(C(F)(F)F)c2)CC12CCN(S(C)(=O)=O)CC2,0,0.693094155466666,0.0035468393892978,10.950063,0.0427273411112714,0.12297974221297558
1798,CCCS(=O)(=O)N1CC(C(=O)N(C)C)C2(CCN(c3ccc(C#N)c(C(F)(F)F)c3)CC2)C1,0,0.639103942137579,0.0019340461121853,6.5366015,0.0409414039719251,0.14646894700401844
1799,CC1(C(=O)N2CCC3(CC2)CN(c2ccc(C#N)c(C(F)(F)F)c2)CC3C(=O)NC2CC2)CC1,0,0.722173455078385,0.003513222386304,-1.1083066,0.0393519628102792,0.059361928359524974
1800,CCCC(=O)N1CC(C(=O)NC2CC2)C2(CCN(c3ccc(C#N)c(C(F)(F)F)c3)CC2)C1,0,0.7241107876325,0.0041380639099455,2.0663543,0.0247699128164495,0.09093737450475856
1801,CN(C)C(=O)C1CN(c2ccc(C#N)c(C(F)(F)F)c2)CC12CCN(C(=O)c1cncnc1)CC2,0,0.662572571697341,0.0043518144880174,-0.94229215,0.0468187176236803,0.09371034697475536
1802,CN(C)C(=O)C1CC2(CCN(c3ccc(C#N)c(C(F)(F)F)c3)CC2)CN1C(=O)c1ccccn1,0,0.664329808535785,0.0035015469695875,-1.4460111,0.0252909568805007,0.0875866098700511
1803,CC(C)(C)CC(=O)N1CCC2(CC1)CN(c1ccc(C#N)c(C(F)(F)F)c1)CC2C(=O)NC1CC1,0,0.681523174674844,0.0053128967160346,5.819696,0.0420474201977651,0.07308917438394122
1804,COCCC(=O)N1CCC([C@@H]2CN(c3ccc(C#N)c(C(F)(F)F)c3)C[C@H]2C(=O)N(C)C)CC1,0,0.625835121028536,0.0028069308303,8.347577,0.0176092454795459,0.0768471597840324
1805,CCOCC(=O)N1CCC2(CC1)CC(C(=O)NC1CC1)N(c1ccc(C#N)c(C(F)(F)F)c1)C2,0,0.679389430947126,0.0022393600672875,-1.4514848,0.044345017906749,0.08913409395204698
1806,CCNC(=O)[C@@H]1CN(c2ccc(C#N)c(C(F)(F)F)c2)C[C@H]1C1CCN(C(=O)NCCOC)CC1,0,0.567320406764733,0.0092126534396699,0.88681257,0.0181517638299627,0.08297126628556473
1807,CCn1cc(C(=O)N2CCC3(CC2)CN(c2ccc(C#N)c(C(F)(F)F)c2)CC3C(=O)NC)cn1,0,0.71445173067618,0.0076227326388954,11.441376,0.050076746437449,0.08451570893504631
1808,CCCC(=O)N1CCC2(CC1)CN(c1ccc(C#N)c(C(F)(F)F)c1)CC2C(=O)NCC1CC1,0,0.674748129104783,0.0039007820622823,2.492589,0.0351849198048075,0.05787579229003957
1809,CNC(=O)C1CN(c2ccc(C#N)c(C(F)(F)F)c2)CC12CCN(C(=O)c1cnccn1)CC2,0,0.736571146189117,0.0049983834172567,6.239282,0.0364368767178431,0.09752546758697267
1810,N#Cc1ccc(N2CC(C(=O)NC3CC3)C3(CCN(C(=O)c4ccoc4)CC3)C2)cc1C(F)(F)F,0,0.710159978921738,0.0059547316056873,9.228182,0.0429002363403068,0.06294667307048132
1811,CNC(=O)C1CC2(CCN(c3ccc(C#N)c(C(F)(F)F)c3)CC2)CN1C(=O)CC1CCCCC1,0,0.675317693868274,0.0072916861977053,1.9575752,0.0347953134970476,0.09273949153840524
1812,CNC(=O)C1CN(c2ccc(C#N)c(C(F)(F)F)c2)CC12CCN(C(=O)CC(C)(C)C)CC2,0,0.738337056898867,0.004401124770629,4.8363175,0.0377139366052657,0.09081640246610304
1813,CCCS(=O)(=O)N1CC(C(=O)NC2CC2)C2(CCN(c3ccc(C#N)c(C(F)(F)F)c3)CC2)C1,0,0.650688235499215,0.002498513144924,5.5490537,0.0494645488787206,0.0925896972825045
1814,CCn1nccc1C(=O)N1CCC([C@@H]2CN(c3ccc(C#N)c(C(F)(F)F)c3)C[C@H]2C(N)=O)CC1,0,0.6964069986104,0.0023617833017453,12.00871,0.0341812834632921,0.08968691789102648
1815,COCCC(=O)N1CC(C(=O)N2CCCC2)C2(CCN(c3ccc(C#N)c(C(F)(F)F)c3)CC2)C1,0,0.630716213962464,0.0049565020562112,-4.6662254,0.0239815801724022,0.09331107721080202
1816,N#Cc1ccc(N2CC3(CCN(C(=O)C4CCC4)CC3)CC2C(=O)NC2CC2)cc1C(F)(F)F,0,0.719543231888235,0.0100211348790151,0.45414388,0.0441508649346412,0.07103634494605636
1817,CC(C)CC(=O)N1CCC([C@@H]2CN(c3ccc(C#N)c(C(F)(F)F)c3)C[C@H]2C(=O)NC2CC2)CC1,0,0.648848279690356,0.0071159724777599,-2.270989,0.0273453168999005,0.05349772605671606
1818,CC(C)CC(=O)N1CC2(CCN(c3ccc(C#N)c(C(F)(F)F)c3)CC2)CC1C(N)=O,0,0.7842563159428,0.0019935836482867,-12.307547,0.009301146578719,0.12022463052053851
1819,N#Cc1ccc(N2CCC3(CC2)CN(C(=O)C2CCCCC2)CC3C(N)=O)cc1C(F)(F)F,0,0.741946308362865,0.0023759042984408,5.3979106,0.0374050568357194,0.12870097350601334
1820,Cc1cncc(C(=O)N2CC3(CCN(c4ccc(C#N)c(C(F)(F)F)c4)CC3)CC2C(=O)N(C)C)c1,0,0.640708389504053,0.0132613752455518,-6.479268,0.0313172698433428,0.07902658417537953
1821,Cc1ccc(C(=O)N2CC3(CCN(c4ccc(C#N)c(C(F)(F)F)c4)CC3)CC2C(N)=O)s1,0,0.72684794635967,0.0037291137977176,-1.5940927,0.0565451284778276,0.08429891263937496
1822,N#Cc1ccc(N2CCC3(CC2)CC(C(N)=O)N(C(=O)c2ccc(F)cc2F)C3)cc1C(F)(F)F,0,0.659677108453421,0.0098188353934021,-2.5929523,0.0576533155397894,0.1319323750228841
1823,CNC(=O)C1CN(c2ccc(C#N)c(C(F)(F)F)c2)CC12CCN(C(=O)Cn1cccn1)CC2,0,0.733895742661586,0.0034620127762578,9.595391,0.0503549588218061,0.08808198450980245
1824,COCCNC(=O)C1CN(c2ccc(C#N)c(C(F)(F)F)c2)CC12CCN(C(=O)CC(C)C)CC2,0,0.58738126163349,0.0075455833732588,-9.129386,0.0373850765967877,0.09548700113997344
1825,N#Cc1ccc(N2CC(C(=O)NC3CC3)C3(CCNCC3)C2)cc1C(F)(F)F,0,0.830052331419281,0.0056222832441592,8.93097,0.013191976591961,0.09016898752769494
1826,CNC(=O)C1CN(c2ccc(C#N)c(C(F)(F)F)c2)CC12CCN(C(=O)C1CC=CC1)CC2,0,0.702447059851653,0.0078932778569921,6.446285,0.0385625302873261,0.0796093335379852
1827,CC(C)C(=O)N1C[C@@H](C(=O)NC2CC2)[C@H](C2CCN(c3ccc(C#N)c(C(F)(F)F)c3)CC2)C1,0,0.701503251426303,0.0042355048698406,-12.9465885,0.0098044895825016,0.05772556879278919
1828,N#Cc1ccc(N2CC3(CCN(C(=O)C4CCCC4)CC3)CC2C(N)=O)cc1C(F)(F)F,0,0.767086149931772,0.0018855919818887,2.5742483,0.0351960630833272,0.09619468544356145
1829,CN(C)C(=O)C1CC2(CCN(C(=O)c3cn[nH]c3)CC2)CN1c1ccc(C#N)c(C(F)(F)F)c1,0,0.738164664632568,0.0042871136493075,3.2324781,0.0410376038836843,0.07833452549915357
1830,CCCNC(=O)N1CCC([C@@H]2CN(c3ccc(C#N)c(C(F)(F)F)c3)C[C@H]2C(=O)NCC)CC1,0,0.652755547873338,0.0145967443161603,5.669092,0.011024216988408,0.0853977899907418
1831,CCc1ccc(C(=O)N2CCC([C@@H]3CN(c4ccc(C#N)c(C(F)(F)F)c4)C[C@H]3C(N)=O)CC2)cc1,0,0.668175577452247,0.0089356866524079,5.674784,0.0727872913174632,0.09849214467211029
1832,CNC(=O)C1CN(c2ccc(C#N)c(C(F)(F)F)c2)CC12CCN(C(=O)C1CCCCC1)CC2,0,0.71695396804446,0.0148730509157152,7.62919,0.0336444061844533,0.08971303485299201
1833,CNC(=O)C1CN(C(C)=O)CC12CCN(c1ccc(C#N)c(C(F)(F)F)c1)CC2,0,0.815418063606381,0.0037489927394899,2.3352418,0.0129053801029651,0.1463687198694182
1834,Cc1cccc(C(=O)N2C[C@@H](C(N)=O)[C@H](C3CCN(c4ccc(C#N)c(C(F)(F)F)c4)CC3)C2)c1,0,0.711049619714205,0.0032767819358489,-3.212685,0.0293087885078358,0.09317418138878195
1835,Cn1ccc(C(=O)N2CC(C(N)=O)C3(CCN(c4ccc(C#N)c(C(F)(F)F)c4)CC3)C2)n1,0,0.755287534452446,0.0043889376944267,1.658822,0.0509339429093076,0.10049155343241205
1836,CNC(=O)[C@@H]1CN(C(=O)Cc2cccnc2)C[C@H]1C1CCN(c2ccc(C#N)c(C(F)(F)F)c2)CC1,0,0.682436034286192,0.0036988438702614,-3.6051636,0.0158378095404656,0.07434183915589195
1837,N#Cc1ccc(N2CCC3(CC2)CN(C(=O)COc2ccccc2)CC3C(N)=O)cc1C(F)(F)F,0,0.699959770188767,0.002842714526737,3.1487646,0.0320314993863457,0.0938940191474505
1838,CC(=O)NCC(=O)N1CC(C(=O)NC2CC2)C2(CCN(c3ccc(C#N)c(C(F)(F)F)c3)CC2)C1,0,0.65601078688665,0.0109368199504881,5.8638587,0.0402036722323516,0.11954273319639779
1839,CCCS(=O)(=O)N1CC2(CCN(c3ccc(C#N)c(C(F)(F)F)c3)CC2)CC1C(N)=O,0,0.729432757761508,0.0021790769358361,0.77609384,0.014008307707907,0.13015845475230228
1840,CCCC(=O)N1CC2(CCN(c3ccc(C#N)c(C(F)(F)F)c3)CC2)CC1C(=O)NC,0,0.78584285749132,0.0024981442833022,-3.2558475,0.0216172642372425,0.126216810394298
1841,Cc1ncccc1C(=O)N1CC(C(=O)N(C)C)C2(CCN(c3ccc(C#N)c(C(F)(F)F)c3)CC2)C1,0,0.643157718982875,0.0050768544572975,9.530636,0.0488294245381907,0.0958814777056395
1842,CNC(=O)C1CN(C(=O)c2ccccc2F)CC12CCN(c1ccc(C#N)c(C(F)(F)F)c1)CC2,0,0.666948987549406,0.0129823504052715,6.416261,0.0355652068549166,0.11005792179857932
1843,CN(C)C(=O)C1CC2(CCN(C(=O)C3CCCC3)CC2)CN1c1ccc(C#N)c(C(F)(F)F)c1,0,0.660466728803221,0.0076216268095418,3.6648498,0.030696108077306,0.07328463508535085
1844,Cc1cccc(C(=O)N2CCC([C@@H]3CN(c4ccc(C#N)c(C(F)(F)F)c4)C[C@H]3C(N)=O)CC2)c1,0,0.711049619714205,0.0079839979256867,3.6180043,0.0306734736213668,0.0878387309445889
1845,CNC(=O)C1CN(c2ccc(C#N)c(C(F)(F)F)c2)CC12CCN(C(=O)Cn1cc(C)cn1)CC2,0,0.71416203805039,0.0039143432059533,10.137463,0.0607315237242465,0.07134834369426701
1846,CN(C)C(=O)C1CN(c2ccc(C#N)c(C(F)(F)F)c2)CC12CCN(C(=O)c1ccn(C)n1)CC2,0,0.66348841659163,0.0040106753041897,7.728747,0.0434195587775556,0.08172401090231769
1847,N#Cc1ccc(N2C[C@@H](C(=O)NC3CC3)[C@H](C3CCN(C(=O)C4CC4)CC3)C2)cc1C(F)(F)F,0,0.708260539342867,0.014022088987749,-0.75634927,0.0345366853424837,0.05118325746221207
1848,CCOCC(=O)N1CCC2(CC1)CN(c1ccc(C#N)c(C(F)(F)F)c1)CC2C(=O)N(C)C,0,0.667148192400894,0.0018843207797333,4.391567,0.0395447496083707,0.11814664247482945
1849,N#Cc1ccc(N2CC(C(=O)NCC3CC3)C3(CCN(C(=O)CC4CC4)CC3)C2)cc1C(F)(F)F,0,0.658100670658676,0.0031909535419466,6.8457627,0.0404269924181493,0.05899662026773976
1850,Cc1ncoc1C(=O)N1CC2(CCN(c3ccc(C#N)c(C(F)(F)F)c3)CC2)CC1C(N)=O,0,0.751450959638142,0.0033402299221655,-5.0064106,0.0371110129266429,0.10588371275007644
1851,CC(=O)N1C[C@@H](C(N)=O)[C@H](C2CCN(c3ccc(C#N)c(C(F)(F)F)c3)CC2)C1,0,0.831503844310715,0.0019438048695549,-5.8947883,0.0140856301706919,0.12564473589271946
1852,CN(C)C(=O)C1CC2(CCN(c3ccc(C#N)c(C(F)(F)F)c3)CC2)CN1C(=O)c1ccccc1,0,0.656148178149833,0.0166044262752912,-1.7831087,0.0377738152908868,0.08321530888221057
1853,CNC(=O)C1CC2(CCN(C(=O)C3CC3)CC2)CN1c1ccc(C#N)c(C(F)(F)F)c1,0,0.79385975539738,0.0044428620033841,-4.7899413,0.0386407150708999,0.07692950866802524
1854,CNC(=O)C1CC2(CCN(c3ccc(C#N)c(C(F)(F)F)c3)CC2)CN1C(=O)CC(C)(C)C,0,0.735152218117505,0.0059765647491582,1.0193149,0.0090037174789425,0.09678590142951136
1855,CC(C)S(=O)(=O)N1CC(C(=O)N(C)C)C2(CCN(c3ccc(C#N)c(C(F)(F)F)c3)CC2)C1,0,0.653531156324476,0.0038813325088237,5.6713686,0.0382858475710436,0.09946168311113972
1856,CNC(=O)[C@@H]1CN(C(=O)c2ccnn2C)C[C@H]1C1CCN(c2ccc(C#N)c(C(F)(F)F)c2)CC1,0,0.714360584693203,0.0101748975871288,-2.7571902,0.0306035414520302,0.07582392147470608
1857,Cc1cnn(CCC(=O)N2CC3(CCN(c4ccc(C#N)c(C(F)(F)F)c4)CC3)CC2C(N)=O)c1,0,0.696430175142237,0.0047045316714124,-0.58946306,0.046179610896174,0.08426636887310524
1858,CCCC(=O)N1CC(C(=O)NC)C2(CCN(c3ccc(C#N)c(C(F)(F)F)c3)CC2)C1,0,0.786780801189148,0.0047132433238884,-0.5708035,0.0150927698629836,0.13225177400654423
1859,CN(C)C(=O)C1CN(C(=O)c2cscn2)CC12CCN(c1ccc(C#N)c(C(F)(F)F)c1)CC2,0,0.656935170258295,0.0050467619828265,3.3251567,0.0278422712500019,0.07281556346077328
1860,N#Cc1ccc(N2CCC([C@@H]3CN(C(=O)CC4CCCC4)C[C@H]3C(N)=O)CC2)cc1C(F)(F)F,0,0.697241677000849,0.0015626378045399,-2.1299403,0.0120965513456288,0.07590025275366151
1861,CN(C)C(=O)N1CCC2(CC1)CC(C(N)=O)N(c1ccc(C#N)c(C(F)(F)F)c1)C2,0,0.790567472816703,0.0041407221403935,7.8972363,0.0264574660814258,0.14642281111267097
1862,Cc1ccc(C(=O)N2CC3(CCN(c4ccc(C#N)c(C(F)(F)F)c4)CC3)CC2C(N)=O)cc1,0,0.737469905219454,0.0039900073506405,-3.559228,0.0450652151271651,0.11004782488153733
1863,CNC(=O)C1CN(C(=O)c2ccsc2)CC12CCN(c1ccc(C#N)c(C(F)(F)F)c1)CC2,0,0.732400174423739,0.0044644332220872,-4.138011,0.0273871799784612,0.07695676270079391
1864,CCN(CC)C(=O)N1CCC2(CC1)CN(c1ccc(C#N)c(C(F)(F)F)c1)CC2C(=O)NC,0,0.74016142251103,0.0088095311688217,10.75089,0.0551068247031282,0.12795560629185618
1865,COc1ccccc1C(=O)N1CC2(CCN(c3ccc(C#N)c(C(F)(F)F)c3)CC2)CC1C(N)=O,0,0.712421970416846,0.0026013235510709,-2.33121,0.0558110229103092,0.1024681544389892
1866,CN(C)C(=O)C1CN(c2ccc(C#N)c(C(F)(F)F)c2)CC12CCN(C(=O)c1nccn1C)CC2,0,0.66348841659163,0.0041452203081216,10.539659,0.0445157614113919,0.06933613690534278
1867,Cc1cnc(C(=O)N2CCC([C@@H]3CN(c4ccc(C#N)c(C(F)(F)F)c4)C[C@H]3C(N)=O)CC2)cn1,0,0.710560806072752,0.0083608503315676,7.3379073,0.0451026587896097,0.1010548086054475
1868,CN(C)S(=O)(=O)N1CCC2(CC1)CC(C(N)=O)N(c1ccc(C#N)c(C(F)(F)F)c1)C2,0,0.734266666100806,0.0021834449715105,10.526269,0.0279334465834791,0.13307280934261792
1869,COCC(=O)N1CCC([C@@H]2CN(c3ccc(C#N)c(C(F)(F)F)c3)C[C@H]2C(=O)NC2CC2)CC1,0,0.679813122354842,0.0024981551038527,1.7351192,0.0334646566413429,0.05672751094704705
1870,COCC(=O)N1C[C@@H](C(=O)N(C)C)[C@H](C2CCN(c3ccc(C#N)c(C(F)(F)F)c3)CC2)C1,0,0.666932291750512,0.0016105879775662,-4.4346294,0.0093774368186917,0.08820352354613106
1871,CNC(=O)C1CN(c2ccc(C#N)c(C(F)(F)F)c2)CC12CCN(C(=O)C1(C)CC1)CC2,0,0.770846528750717,0.0037237027826046,-3.4859362,0.0412218747543322,0.05964755991821671
1872,COCCC(=O)N1CCC2(CC1)CN(c1ccc(C#N)c(C(F)(F)F)c1)CC2C(=O)NC1CC1,0,0.679726268412815,0.0026901808248828,3.4036117,0.0390923525740859,0.07952133001314536
1873,CN(C)C(=O)C1CN(c2ccc(C#N)c(C(F)(F)F)c2)CC12CCN(C(=O)Cn1ccnc1)CC2,0,0.660703379724057,0.0027249147215601,7.867534,0.0475586196867624,0.06989549349991987
1874,CCNC(=O)N1CCC([C@@H]2CN(c3ccc(C#N)c(C(F)(F)F)c3)C[C@H]2C(N)=O)CC1,0,0.755744391355125,0.0343379314087043,8.213113,0.0166662387481106,0.1193913268446544
1875,CN(C)C(=O)[C@@H]1CN(C(=O)C2(C)CC2)C[C@H]1C1CCN(c2ccc(C#N)c(C(F)(F)F)c2)CC1,0,0.663899966730473,0.0029198129843596,-14.622657,0.0097836998134821,0.06104007023284201
1876,N#Cc1ccc(N2C[C@@H](C(N)=O)[C@H](C3CCN(C(=O)c4cccs4)CC3)C2)cc1C(F)(F)F,0,0.72823776449333,0.00275082359634,6.497659,0.0145449398878148,0.08749452662829633
1877,CNC(=O)C1CN(C(=O)c2ccn(C)n2)CC12CCN(c1ccc(C#N)c(C(F)(F)F)c1)CC2,0,0.737583748408487,0.0052746014365046,3.2589245,0.0352757339437328,0.0821278403714545
1878,COCCOCC(=O)N1CCC2(CC1)CN(c1ccc(C#N)c(C(F)(F)F)c1)CC2C(N)=O,0,0.611312157383565,0.001860978454779,4.1338964,0.027287150714852,0.12427842609304074
1879,CNC(=O)C1CN(c2ccc(C#N)c(C(F)(F)F)c2)CC12CCN(C(=O)c1cc(C)nn1C)CC2,0,0.717230154066291,0.0051063281819826,9.361003,0.0618560836417649,0.08229612177883364
1880,N#Cc1ccc(N2CCC([C@@H]3CN(C(=O)CC4CC4)C[C@H]3C(=O)NC3CC3)CC2)cc1C(F)(F)F,0,0.658136372798769,0.002673211838526,-3.9584255,0.0254451816784269,0.05116026777914966
1881,CNC(=O)C1CN(C(=O)C2CCCCC2)CC12CCN(c1ccc(C#N)c(C(F)(F)F)c1)CC2,0,0.716953968044461,0.0140566897682868,6.2606034,0.0268545571325804,0.08674585094690158
1882,CNC(=O)C1CC2(CCN(C(=O)Cc3ccccc3)CC2)CN1c1ccc(C#N)c(C(F)(F)F)c1,0,0.717338940072902,0.0039857943180067,-1.4971849,0.0384903614988984,0.09053550130982142
1883,CNC(=O)C1CC2(CCN(S(=O)(=O)N(C)C)CC2)CN1c1ccc(C#N)c(C(F)(F)F)c1,0,0.719410665463478,0.0023386033594673,12.177221,0.036959626837092,0.10176855426216884
1884,CCOCC(=O)N1CC(C(=O)N2CCCC2)C2(CCN(c3ccc(C#N)c(C(F)(F)F)c3)CC2)C1,0,0.630716213962464,0.00356029257694,-6.147625,0.027878110104046,0.09087997977820622
1885,CCC(C)(C)C(=O)N1C[C@@H](C(N)=O)[C@H](C2CCN(c3ccc(C#N)c(C(F)(F)F)c3)CC2)C1,0,0.717963892887389,0.0021649640683328,-2.8136225,0.0167449609368025,0.09549942235140216
1886,CNC(=O)C1CN(c2ccc(C#N)c(C(F)(F)F)c2)CC12CCN(C(=O)c1ccc(F)cc1)CC2,0,0.666948987549405,0.0305031627035606,2.110446,0.0536539673575464,0.10979766232031378
1887,CNC(=O)C1CN(c2ccc(C#N)c(C(F)(F)F)c2)CC12CCN(C(C)=O)CC2,0,0.815418063606381,0.002585786731046,1.0955075,0.030347888512687,0.12558027440685612
1888,CCNC(=O)[C@@H]1CN(c2ccc(C#N)c(C(F)(F)F)c2)C[C@H]1C1CCN(C(=O)CC2CC2)CC1,0,0.677708048128832,0.0043765942438739,8.292189,0.0398959329923386,0.05167595018778763
1889,CNC(=O)[C@@H]1CN(C(=O)CC(C)C)C[C@H]1C1CCN(c2ccc(C#N)c(C(F)(F)F)c2)CC1,0,0.72172328443747,0.004504555051194,-13.233878,0.0056685037599428,0.08181442135233083
1890,Cc1ncoc1C(=O)N1CCC([C@@H]2CN(c3ccc(C#N)c(C(F)(F)F)c3)C[C@H]2C(N)=O)CC1,0,0.72687359154241,0.0025124329387159,11.228099,0.0372955744617657,0.0815828869841664
1891,CCOCC(=O)N1CCC2(CC1)CN(c1ccc(C#N)c(C(F)(F)F)c1)CC2C(=O)NC1CC1,0,0.679726268412815,0.0019345186924566,3.1551943,0.0384252964900264,0.07783441705845515
1892,CNC(=O)C1CN(C(=O)CC(C)(C)C)CC12CCN(c1ccc(C#N)c(C(F)(F)F)c1)CC2,0,0.738337056898868,0.0058275271218808,1.9314464,0.011544431468757,0.09056476246607446
1893,CNC(=O)C1CC2(CCN(c3ccc(C#N)c(C(F)(F)F)c3)CC2)CN1C(=O)c1ccoc1,0,0.758373377402477,0.0058224731747428,2.587737,0.025923897174621,0.06954850128891257
1894,CNC(=O)[C@@H]1CN(c2ccc(C#N)c(C(F)(F)F)c2)C[C@H]1C1CCN(C(=O)c2ccncc2)CC1,0,0.717879019981682,0.0143910262652123,4.073306,0.0269865398875377,0.07867466651317782
1895,CNC(=O)C1CN(C(=O)c2cccc(C)n2)CC12CCN(c1ccc(C#N)c(C(F)(F)F)c1)CC2,0,0.720169010393864,0.0074517478514745,9.948799,0.0294255202602686,0.09243993627412984
1896,N#Cc1ccc(N2CCC3(CC2)CN(C(=O)Cc2ccc(F)cc2)CC3C(N)=O)cc1C(F)(F)F,0,0.667567690615701,0.0097663389589264,1.5723363,0.0612374987870574,0.1255970012061028
1897,CN(C)C(=O)N1CCC2(CC1)CC(C(=O)NC1CC1)N(c1ccc(C#N)c(C(F)(F)F)c1)C2,0,0.746840803917924,0.0076143548625929,9.907691,0.0401034383641087,0.07930031956507257
1898,CCC(=O)N1CC2(CCN(c3ccc(C#N)c(C(F)(F)F)c3)CC2)CC1C(=O)NC1CC1,0,0.765629385670237,0.0028002058392612,-3.9058871,0.0210996863132976,0.09128293791017696
1899,CNC(=O)[C@@H]1CN(c2ccc(C#N)c(C(F)(F)F)c2)C[C@H]1C1CCN(C(=O)c2ccccc2C)CC1,0,0.684504739737217,0.002492967735717,4.7549224,0.0331381801854579,0.07800087810220416
1900,CC(C)C(=O)N1CC(C(=O)NC2CC2)C2(CCN(c3ccc(C#N)c(C(F)(F)F)c3)CC2)C1,0,0.742580468582925,0.0053465073193739,1.8215228,0.0214556055522756,0.08232444306209835
1901,CC(=O)N1CCC([C@@H]2CN(c3ccc(C#N)c(C(F)(F)F)c3)C[C@H]2C(N)=O)CC1,0,0.831503844310715,0.0023971636635487,8.971717,0.0288339309444092,0.11918596642999255
1902,CN(C)C(=O)C1CC2(CCN(C(=O)C3CCC3)CC2)CN1c1ccc(C#N)c(C(F)(F)F)c1,0,0.687853527084425,0.0046855134383383,-1.9576364,0.0366387145103992,0.07710877138927245
1903,CC(C)(C)C(=O)N1CC2(CCN(c3ccc(C#N)c(C(F)(F)F)c3)CC2)CC1C(=O)N1CCCC1,0,0.615151349493938,0.0130702426749108,-11.807292,0.0280667652697465,0.09781565988041707
1904,CNC(=O)C1CN(C(=O)c2ncccc2C)CC12CCN(c1ccc(C#N)c(C(F)(F)F)c1)CC2,0,0.720169010393864,0.0052342759270494,8.671307,0.0304400287423568,0.091564417988679
1905,N#Cc1ccc(N2CC(C(N)=O)C3(CCN(C(=O)c4ccoc4)CC3)C2)cc1C(F)(F)F,0,0.78077343958715,0.0047106127293834,7.3642573,0.04737960900761,0.1044918106471436
1906,CNC(=O)C1CN(c2ccc(C#N)c(C(F)(F)F)c2)CC12CCN(C(=O)c1cccs1)CC2,0,0.732400174423739,0.003950710012115,6.129945,0.0408940497772741,0.07171076489005432
1907,CC(C)NC(=O)N1CC(C(=O)NC2CC2)C2(CCN(c3ccc(C#N)c(C(F)(F)F)c3)CC2)C1,0,0.695039075142332,0.0133228952202865,7.1464467,0.0327564654442293,0.08159549445992306
1908,N#Cc1ccc(N2CCC3(CC2)CN(C(=O)c2ccncc2)CC3C(N)=O)cc1C(F)(F)F,0,0.763585990101041,0.0049800788846279,0.71962154,0.0357117372301666,0.12026922616794682
1909,CCCC(=O)N1CCC([C@@H]2CN(c3ccc(C#N)c(C(F)(F)F)c3)C[C@H]2C(=O)NCC)CC1,0,0.694872432535792,0.0036406784044461,5.8532996,0.0146335995086301,0.08007396238697409
1910,CN(C)C(=O)C1CC2(CCN(C(=O)c3cncnc3)CC2)CN1c1ccc(C#N)c(C(F)(F)F)c1,0,0.662455811661772,0.0038367040415524,-9.243125,0.0399483445349808,0.09228668141849261
1911,CNC(=O)C1CC2(CCN(c3ccc(C#N)c(C(F)(F)F)c3)CC2)CN1C(=O)c1cc(C)oc1C,0,0.704713207063546,0.0047362125706945,3.4663205,0.0509930438064442,0.06579272124312811
1912,CNC(=O)[C@@H]1CN(C(=O)c2cccn2C)C[C@H]1C1CCN(c2ccc(C#N)c(C(F)(F)F)c2)CC1,0,0.718026845100877,0.0061464237841485,-3.6605802,0.0214649004139032,0.0682287252882707
1913,CCCC(=O)N1CCC2(CC1)CN(c1ccc(C#N)c(C(F)(F)F)c1)CC2C(=O)NC1CC1,0,0.7241107876325,0.0036794072658651,4.2804,0.0450846649316848,0.08032263536824627
1914,CCNC(=O)[C@@H]1CN(c2ccc(C#N)c(C(F)(F)F)c2)C[C@H]1C1CCN(C(=O)C(CC)CC)CC1,0,0.610673627481585,0.0035015982627613,6.4183,0.0533734251180406,0.07991885966283152
1915,CNC(=O)C1CN(c2ccc(C#N)c(C(F)(F)F)c2)CC12CCN(C(=O)c1ncccc1C)CC2,0,0.720169010393864,0.0053174266273104,10.876944,0.0488821949445217,0.08719554707896551
1916,CCNC(=O)N1CCC([C@@H]2CN(c3ccc(C#N)c(C(F)(F)F)c3)C[C@H]2C(=O)N(C)C)CC1,0,0.741034190544748,0.0071394313920614,8.29005,0.0213599938498732,0.08367256453165914
1917,Cc1nc(C)c(C(=O)N2CC3(CCN(c4ccc(C#N)c(C(F)(F)F)c4)CC3)CC2C(N)=O)s1,0,0.706276189363007,0.0028263072365167,-5.2516494,0.0538204210742082,0.08798325121609511
1918,CCCNC(=O)N1CC(C(=O)NC2CC2)C2(CCN(c3ccc(C#N)c(C(F)(F)F)c3)CC2)C1,0,0.679681007424785,0.0260412086761309,1.9294709,0.0201718111139401,0.0668449292562999
1919,CNC(=O)[C@@H]1CN(C(=O)c2cncn2C)C[C@H]1C1CCN(c2ccc(C#N)c(C(F)(F)F)c2)CC1,0,0.714360584693203,0.0052661533334583,4.178325,0.030503017412561,0.06910790731578997
1920,CC1(C(=O)N2CCC([C@@H]3CN(c4ccc(C#N)c(C(F)(F)F)c4)C[C@H]3C(N)=O)CC2)CC1,0,0.766268733389079,0.0017980353507692,-1.0543561,0.0156442975317615,0.07594868117933935
1921,CN(C)C(=O)C1CC2(CCN(C(=O)N(C)C)CC2)CN1c1ccc(C#N)c(C(F)(F)F)c1,0,0.693271721,0.0057807144714616,8.920926,0.0401886798383194,0.12304336825935731
1922,CN(C)C(=O)C1CC2(CCN(c3ccc(C#N)c(C(F)(F)F)c3)CC2)CN1C(=O)C1CCC1,0,0.687853527084424,0.0069000462031813,-7.0792837,0.0235592422676958,0.08052303676325052
1923,CC(C)CC(=O)N1CCC2(CC1)CN(c1ccc(C#N)c(C(F)(F)F)c1)CC2C(=O)NC1CC1,0,0.698447184061064,0.0062890591404605,-0.47894394,0.036409109800787,0.06251796798745438
1924,CNC(=O)C1CN(C(=O)c2ccc(C)cc2)CC12CCN(c1ccc(C#N)c(C(F)(F)F)c1)CC2,0,0.714990423185659,0.0143086405165567,1.8353647,0.0389415473336861,0.0854361090906807
1925,CC(=O)N1CCC2(CC1)CN(c1ccc(C#N)c(C(F)(F)F)c1)CC2C(=O)NC1CC1,0,0.79385975539738,0.0021419471286789,2.3713713,0.0379778398337101,0.08370190646440473
1926,CN(C)C(=O)[C@@H]1CN(c2ccc(C#N)c(C(F)(F)F)c2)C[C@H]1C1CCN(C(=O)C2CC2)CC1,0,0.688315960116865,0.0058078554291797,5.428846,0.023383031882151,0.056883761278258296
1927,CN(C)C(=O)[C@@H]1CN(C(=O)C(C)(C)C)C[C@H]1C1CCN(c2ccc(C#N)c(C(F)(F)F)c2)CC1,0,0.658713175507684,0.0033637445969596,-13.271237,0.0157333521213419,0.0880233373781159
1928,CNC(=O)[C@@H]1CN(c2ccc(C#N)c(C(F)(F)F)c2)C[C@H]1C1CCN(C(=O)c2cnccn2)CC1,0,0.713212862542753,0.0270271149609447,5.862433,0.0275823914513042,0.08468194727609987
1929,CCN(CC)C(=O)N1CCC2(CC1)CC(C(=O)NC1CC1)N(c1ccc(C#N)c(C(F)(F)F)c1)C2,0,0.675959337874077,0.004346665864078,7.775704,0.0627991983604538,0.08222255211463161
1930,Cc1noc(C)c1C(=O)N1CC(C(N)=O)C2(CCN(c3ccc(C#N)c(C(F)(F)F)c3)CC2)C1,0,0.729557694298644,0.0034185614231021,-0.24176419,0.0990988535019164,0.1142867387891583
1931,CNC(=O)C1CN(C(=O)c2cc(C)on2)CC12CCN(c1ccc(C#N)c(C(F)(F)F)c1)CC2,0,0.732450156129995,0.0165524513508169,6.4622903,0.0357455518458503,0.08558763007837841
1932,Cc1ccc(C(=O)N2CCC([C@@H]3CN(c4ccc(C#N)c(C(F)(F)F)c4)C[C@H]3C(N)=O)CC2)s1,0,0.700610810971691,0.0093348406226213,10.078639,0.0292308699447995,0.08537865642756115
1933,CNC(=O)C1CN(c2ccc(C#N)c(C(F)(F)F)c2)CC12CCN(C(=O)c1ccoc1)CC2,0,0.759567882033531,0.0059965348253986,8.232173,0.0390947456546372,0.07671760647144432
1934,COCCCNC(=O)N1CC(C(=O)N(C)C)C2(CCN(c3ccc(C#N)c(C(F)(F)F)c3)CC2)C1,0,0.613450507039543,0.011931569895533,2.5096679,0.0365629146570733,0.09598738705385007
1935,COCCNC(=O)C1CN(c2ccc(C#N)c(C(F)(F)F)c2)CC12CCN(C(=O)CC1CC1)CC2,0,0.591298748446,0.006428520421418,0.48049295,0.0433619058052701,0.059896948493335544
1936,CN(C)C(=O)[C@@H]1CN(C(=O)c2ccccn2)C[C@H]1C1CCN(c2ccc(C#N)c(C(F)(F)F)c2)CC1,0,0.641561107007468,0.0049209153617687,1.140654,0.0158850392569721,0.08637401334074721
1937,COCCC(=O)N1C[C@@H](C(N)=O)[C@H](C2CCN(c3ccc(C#N)c(C(F)(F)F)c3)CC2)C1,0,0.714598830154309,0.0019444378292165,-2.3470724,0.0129857657628024,0.1261446362156569
1938,CC(C)CCNC(=O)N1CCC2(CC1)CC(C(=O)N(C)C)N(c1ccc(C#N)c(C(F)(F)F)c1)C2,0,0.670477577707822,0.0139665972809572,-8.943243,0.0416970414844088,0.09913394217065805
1939,CNC(=O)[C@@H]1CN(c2ccc(C#N)c(C(F)(F)F)c2)C[C@H]1C1CCN(C(=O)NC2CCCC2)CC1,0,0.671822902620282,0.0181537029306077,3.170539,0.0151003005579592,0.06430366840125148
1940,CNC(=O)C1CC2(CCN(C(=O)c3ccc(C)c(C)c3)CC2)CN1c1ccc(C#N)c(C(F)(F)F)c1,0,0.679001305228591,0.0145108724636568,2.1427503,0.0817728431251201,0.08950258739618744
1941,Cc1occc1C(=O)N1CC(C(N)=O)C2(CCN(c3ccc(C#N)c(C(F)(F)F)c3)CC2)C1,0,0.756950596356138,0.0339118813678194,8.102262,0.051688239011152,0.09563590567442047
1942,N#Cc1ccc(N2CC(C(N)=O)C3(CCN(C(=O)CCC4CCCC4)CC3)C2)cc1C(F)(F)F,0,0.693527428838848,0.0078668098070658,4.061458,0.0495213559337822,0.08621666890659782
1943,CNC(=O)[C@@H]1CN(C(=O)Cn2cccn2)C[C@H]1C1CCN(c2ccc(C#N)c(C(F)(F)F)c2)CC1,0,0.69820995587566,0.0055073311619739,0.40667427,0.010557158743909,0.06540513671639189
1944,CNC(=O)C1CC2(CCN(C(=O)COC)CC2)CN1c1ccc(C#N)c(C(F)(F)F)c1,0,0.778855650682299,0.0011525672228117,-3.559783,0.0198204626349486,0.10701711911990097
1945,CNC(=O)C1CC2(CCN(c3ccc(C#N)c(C(F)(F)F)c3)CC2)CN1C(=O)c1ccncn1,0,0.73702329199914,0.0034015225557702,2.6465282,0.0257871107661248,0.08744607038742244
1946,CNC(=O)C1CN(C(=O)c2ccccn2)CC12CCN(c1ccc(C#N)c(C(F)(F)F)c1)CC2,0,0.743401981750085,0.0080618788522489,5.7390356,0.0269882424908128,0.0971723781197196
1947,CNC(=O)C1CC2(CCN(c3ccc(C#N)c(C(F)(F)F)c3)CC2)CN1C(=O)c1cc(C)nn1C,0,0.717260616011536,0.0041426180821949,3.0784898,0.0557701617943909,0.08364155648223132
1948,N#Cc1ccc(N2CC(C(=O)N3CCCC3)C3(CCN(C(=O)C4CC4)CC3)C2)cc1C(F)(F)F,0,0.67084863271232,0.0024693658976314,-6.2259154,0.0267033281390619,0.07575536900130397
1949,CC(C)C(=O)N1CCC([C@@H]2CN(c3ccc(C#N)c(C(F)(F)F)c3)C[C@H]2C(=O)N(C)C)CC1,0,0.682876122244834,0.0033372433847867,5.3308477,0.0128183409860781,0.08728075830962903
1950,CSCC(=O)N1CCC([C@@H]2CN(c3ccc(C#N)c(C(F)(F)F)c3)C[C@H]2C(N)=O)CC1,0,0.738957894606941,0.0015560365705227,8.922972,0.017004928014032,0.11102956694493216
1951,N#Cc1ccc(N2CCC3(CC2)CC(C(N)=O)N(C(=O)C2CCOCC2)C3)cc1C(F)(F)F,0,0.741602660963499,0.0031893815886127,-8.175831,0.0330444825802436,0.130210718540818
1952,CNC(=O)C1CC2(CCN(c3ccc(C#N)c(C(F)(F)F)c3)CC2)CN1C(=O)Cc1ccccc1,0,0.717338940072902,0.0040903577012427,-2.6289732,0.038399031926256,0.09009137551057164
1953,CNC(=O)[C@@H]1CN(c2ccc(C#N)c(C(F)(F)F)c2)C[C@H]1C1CCN(C(=O)NCC(C)C)CC1,0,0.677235508679391,0.0465819618384951,-0.87928504,0.0085703906549138,0.08509097078664743
1954,CCCNC(=O)N1CC(C(=O)NCCOC)C2(CCN(c3ccc(C#N)c(C(F)(F)F)c3)CC2)C1,0,0.567190152697805,0.0181362396516346,-1.504723,0.0348642703479386,0.0984720452961231
1955,CNC(=O)C1CC2(CCN(c3ccc(C#N)c(C(F)(F)F)c3)CC2)CN1C(=O)c1ccc(C)cc1C,0,0.679001305228591,0.0062449522227691,-0.97188073,0.0615910581517041,0.08611733596544438
1956,N#Cc1ccc(N2C[C@@H](C(N)=O)[C@H](C3CCN(C(=O)c4ccncc4)CC3)C2)cc1C(F)(F)F,0,0.7383742670223,0.0026540046523231,6.5862823,0.0270213453178495,0.10625222053464511
1957,CNC(=O)[C@@H]1CN(c2ccc(C#N)c(C(F)(F)F)c2)C[C@H]1C1CCN(C(=O)N2CCCC2)CC1,0,0.724686087515819,0.0070875956621856,9.793075,0.0205259666225358,0.062452692252494856
1958,CN(C)C(=O)C1CN(C(=O)Cc2ccccc2)CC12CCN(c1ccc(C#N)c(C(F)(F)F)c1)CC2,0,0.640385112624117,0.0090294625228163,2.5953631,0.0376289815633839,0.11223178018039623
1959,CN(C)C(=O)C1CN(C(=O)c2ccnn2C)CC12CCN(c1ccc(C#N)c(C(F)(F)F)c1)CC2,0,0.66348841659163,0.0049719510821055,8.138663,0.0494753112615513,0.08147676210202717
1960,CN(C)C(=O)C1CN(c2ccc(C#N)c(C(F)(F)F)c2)CC12CCN(C(=O)C1(C)CC1)CC2,0,0.689640919728428,0.0023373368890445,-0.35225046,0.0396134583645437,0.07101477006400467
1961,CNC(=O)[C@@H]1CN(c2ccc(C#N)c(C(F)(F)F)c2)C[C@H]1C1CCN(C(=O)Cn2cccn2)CC1,0,0.69820995587566,0.0044898965145608,8.70452,0.0245807830308903,0.0659593242145976
1962,Cc1cccc(C(=O)N2CCC3(CC2)CN(c2ccc(C#N)c(C(F)(F)F)c2)CC3C(=O)N(C)C)c1,0,0.631899800284753,0.0164796833432722,4.7659354,0.0469705501194216,0.08853924365186254
1963,CCCNC(=O)N1CCC2(CC1)CC(C(=O)N(C)C)N(c1ccc(C#N)c(C(F)(F)F)c1)C2,0,0.738916787872031,0.0034107042002945,-5.959242,0.0369732560386636,0.10034657763682546
1964,CCNC(=O)N1C[C@@H](C(=O)NC2CC2)[C@H](C2CCN(c3ccc(C#N)c(C(F)(F)F)c3)CC2)C1,0,0.680968830819788,0.0108852024334738,-5.6338725,0.0164701290946425,0.06287924377635212
1965,CCNC(=O)[C@@H]1CN(c2ccc(C#N)c(C(F)(F)F)c2)C[C@H]1C1CCN(C(=O)c2ccco2)CC1,0,0.68947449767565,0.0092751688082555,5.809943,0.0334468781333779,0.05618755067195108
1966,CCNC(=O)N1CC(C(=O)N(C)C)C2(CCN(c3ccc(C#N)c(C(F)(F)F)c3)CC2)C1,0,0.766591817660165,0.0057020679561623,3.8017144,0.0194088532605556,0.11463907333200911
1967,CNC(=O)C1CC2(CCN(c3ccc(C#N)c(C(F)(F)F)c3)CC2)CN1C(=O)c1cc(C)n(C)n1,0,0.717260616011536,0.0059216535931629,-0.6055923,0.0586590830339012,0.07534591130502222
1968,CN(C)C(=O)C1CC2(CCN(c3ccc(C#N)c(C(F)(F)F)c3)CC2)CN1C(=O)Cc1ccccc1,0,0.636918227132566,0.0080613686345683,-5.5679884,0.0314351070597587,0.08717750303499974
1969,N#Cc1ccc(N2CCC3(CC2)CC(C(=O)NC2CC2)N(C(=O)c2ccncc2)C3)cc1C(F)(F)F,0,0.695180192451488,0.0033917221140769,1.00236,0.0264756392270238,0.06697279873032955
1970,Cc1cc(C)cc(C(=O)N2CC3(CCN(c4ccc(C#N)c(C(F)(F)F)c4)CC3)CC2C(N)=O)c1,0,0.707811299201494,0.0032057101766028,-2.013291,0.1172653466916626,0.11009280293562802
1971,CNC(=O)[C@@H]1CN(C(=O)c2cnccn2)C[C@H]1C1CCN(c2ccc(C#N)c(C(F)(F)F)c2)CC1,0,0.713212862542753,0.0092582575201991,-5.552997,0.0223529547331233,0.08712891130441248
1972,CN(C)C(=O)C1CC2(CCN(C(=O)c3ccoc3)CC2)CN1c1ccc(C#N)c(C(F)(F)F)c1,0,0.676895642801228,0.0033465935064014,3.4289002,0.0357556006838069,0.07406794050752301
1973,Cc1ccccc1CC(=O)N1CC2(CCN(c3ccc(C#N)c(C(F)(F)F)c3)CC2)CC1C(N)=O,0,0.714906017683712,0.0044056346070806,-1.306064,0.0502686427204946,0.10184822153599367
1974,CNC(=O)C1CN(c2ccc(C#N)c(C(F)(F)F)c2)CC12CCN(C(=O)c1ccn(C)n1)CC2,0,0.737583748408487,0.010985555889813,5.9486694,0.043351465264903,0.07875865270976883
1975,Cc1ncccc1C(=O)N1CCC2(CC1)CC(C(=O)N(C)C)N(c1ccc(C#N)c(C(F)(F)F)c1)C2,0,0.640708389504054,0.0062418430406362,5.898613,0.035736028236381,0.09441213300552066
1976,CN(C)C(=O)[C@@H]1CN(C(=O)CC(C)(C)C)C[C@H]1C1CCN(c2ccc(C#N)c(C(F)(F)F)c2)CC1,0,0.625280665466002,0.0073691751363333,-1.809726,0.0152108784450643,0.08721221576594668
1977,CNC(=O)[C@@H]1CN(C(=O)c2cc(C)on2)C[C@H]1C1CCN(c2ccc(C#N)c(C(F)(F)F)c2)CC1,0,0.707699997781793,0.0059716911755394,-3.6987653,0.024478670337904,0.06191203994500495
1978,COCCNC(=O)N1CCC([C@@H]2CN(c3ccc(C#N)c(C(F)(F)F)c3)C[C@H]2C(=O)N(C)C)CC1,0,0.613517641276898,0.0731785066590368,1.4878567,0.0375636299150898,0.0807179020370756
1979,CNC(=O)[C@@H]1CN(c2ccc(C#N)c(C(F)(F)F)c2)C[C@H]1C1CCN(C(=O)c2ccc(C)cc2)CC1,0,0.684504739737217,0.0117229024697789,1.2395672,0.0261624475439397,0.07814260408545495
1980,CC(C)(C)C(=O)N1CCC2(CC1)CN(c1ccc(C#N)c(C(F)(F)F)c1)CC2C(N)=O,0,0.771212298776022,0.0021419542377852,-1.7070761,0.0261639185614756,0.12415571722221867
1981,N#Cc1ccc(N2CCC3(CC2)CC(C(N)=O)N(C(=O)Cc2cccnc2)C3)cc1C(F)(F)F,0,0.738742201262351,0.0015906945317588,-4.0480404,0.0361709123631239,0.10657117311685523
1982,CNC(=O)[C@@H]1CN(C(=O)c2cncnc2)C[C@H]1C1CCN(c2ccc(C#N)c(C(F)(F)F)c2)CC1,0,0.713212862542753,0.0049322144378987,-15.265336,0.02331587195034,0.08707037129597997
1983,CN(C)C(=O)C1CC2(CCN(C(=O)c3ccncc3)CC2)CN1c1ccc(C#N)c(C(F)(F)F)c1,0,0.664329808535785,0.0029513724444042,0.48091733,0.0362866097850011,0.0933783605726609
1984,CNC(=O)C1CC2(CCN(c3ccc(C#N)c(C(F)(F)F)c3)CC2)CN1C(=O)c1ccco1,0,0.758373377402477,0.0043173641633149,-10.76876,0.029017265590975,0.0722880260452145
1985,CCCC(=O)N1CCC([C@@H]2CN(c3ccc(C#N)c(C(F)(F)F)c3)C[C@H]2C(=O)NC2CC2)CC1,0,0.674784734374017,0.0027519733451032,1.6830202,0.0397541839980548,0.0529928533276328
1986,N#Cc1ccc(N2C[C@@H](C(N)=O)[C@H](C3CCN(C(=O)N4CCCC4)CC3)C2)cc1C(F)(F)F,0,0.745739673629837,0.0034726309648769,12.942086,0.0107388308436951,0.09641467464266842
1987,N#Cc1ccc(N2C[C@@H](C(N)=O)[C@H](C3CCN(C(=O)NC4CCCC4)CC3)C2)cc1C(F)(F)F,0,0.693153038528043,0.0322765363099545,7.260486,0.0096455141402904,0.0696088418272509
1988,CCn1nccc1C(=O)N1CC2(CCN(c3ccc(C#N)c(C(F)(F)F)c3)CC2)CC1C(=O)NC,0,0.714171998298246,0.0029438426906115,6.508126,0.0458803902427497,0.07262275600320944
1989,CNC(=O)[C@@H]1CN(c2ccc(C#N)c(C(F)(F)F)c2)C[C@H]1C1CCN(C(=O)NCCOC)CC1,0,0.608690164106603,0.141159722106744,-0.9487065,0.0120270459364751,0.09176698180145544
1990,Cn1cnc(C(=O)N2CCC([C@@H]3CN(c4ccc(C#N)c(C(F)(F)F)c4)C[C@H]3C(N)=O)CC2)c1,0,0.732247562271702,0.0070454809111392,17.527859,0.0238945968639446,0.0750225009696101
1991,CCCC(=O)N1CC2(CCN(c3ccc(C#N)c(C(F)(F)F)c3)CC2)CC1C(=O)N(C)C,0,0.702400770630429,0.0026563263040986,-6.601288,0.0213341325240126,0.1360621008769809
1992,CN(C)C(=O)C1CC2(CCN(c3ccc(C#N)c(C(F)(F)F)c3)CC2)CN1C(=O)C(C)(C)C,0,0.665957501347754,0.0033319364456154,-9.50331,0.0137926943258788,0.09989701788587618
1993,CNC(=O)C1CC2(CCN(C(=O)c3cccs3)CC2)CN1c1ccc(C#N)c(C(F)(F)F)c1,0,0.729536939839876,0.0045426987715698,2.388215,0.0350514803378667,0.06517930507057548
1994,N#Cc1ccc(N2CCC3(CC2)CC(C(N)=O)N(C(=O)c2cccnc2)C3)cc1C(F)(F)F,0,0.763447440258163,0.0042510624738085,-8.761741,0.0237884552447943,0.11371795487831111
1995,CNC(=O)C1CN(c2ccc(C#N)c(C(F)(F)F)c2)CC12CCN(C(=O)NC)CC2,0,0.763368918682926,0.0086921384303362,6.7917895,0.0254417741366606,0.12081202320614592
1996,CN(C)C(=O)[C@@H]1CN(C(=O)c2cc[nH]n2)C[C@H]1C1CCN(c2ccc(C#N)c(C(F)(F)F)c2)CC1,0,0.713988748467044,0.0140580155657642,-2.4568412,0.0195440687055811,0.07045539581408798
1997,CCCNC(=O)N1CC2(CCN(c3ccc(C#N)c(C(F)(F)F)c3)CC2)CC1C(=O)NC1CC1,0,0.677974947440348,0.0153773906000276,-0.583181,0.0367698954214894,0.06809252685822131
1998,CNC(=O)[C@@H]1CN(C(=O)c2cc[nH]n2)C[C@H]1C1CCN(c2ccc(C#N)c(C(F)(F)F)c2)CC1,0,0.709053435121328,0.0254423647426907,-6.8198915,0.0124296130869286,0.07079073006257791
1999,CN(C)C(=O)C1CC2(CCN(C(=O)c3ccnn3C)CC2)CN1c1ccc(C#N)c(C(F)(F)F)c1,0,0.66346313983728,0.0041861489819334,4.327145,0.0387475694487689,0.07954030717264678
2000,CNC(=O)C1CC2(CCN(c3ccc(C#N)c(C(F)(F)F)c3)CC2)CN1C(=O)c1ccnn1C,0,0.73812875382994,0.0074305126625054,1.8939666,0.0407242461917507,0.08003681818887712
2001,CNC(=O)C1CN(c2ccc(C#N)c(C(F)(F)F)c2)CC12CCN(C(=O)Cc1ccccc1C)CC2,0,0.69353942405722,0.0097916745435585,6.736872,0.0678476765370886,0.08399470428066437
2002,N#Cc1ccc(N2CCC3(CC2)CC(C(N)=O)N(C(=O)c2cnccn2)C3)cc1C(F)(F)F,0,0.754936459467224,0.0030651212027124,-5.259652,0.0289478838962339,0.10642657940479734
2003,CNC(=O)C1CC2(CCN(C(=O)NCCC(C)C)CC2)CN1c1ccc(C#N)c(C(F)(F)F)c1,0,0.673589833626403,0.0336192073135123,-7.1267133,0.0419470795993602,0.10048739347826144
2004,Cc1ccccc1C(=O)N1CC2(CCN(c3ccc(C#N)c(C(F)(F)F)c3)CC2)CC1C(=O)N(C)C,0,0.626244409920948,0.0050432353204176,-2.974659,0.0384814465213191,0.09237112990672736
2005,CC(C)(C)C(=O)N1CCC2(CC1)CN(c1ccc(C#N)c(C(F)(F)F)c1)CC2C(=O)N1CCCC1,0,0.620432671165777,0.0192351320519437,-6.7333207,0.0416127062590141,0.076774794702229
2006,N#Cc1ccc(N2CC(C(=O)N3CCCC3)C3(CCN(C(=O)C4CCC4)CC3)C2)cc1C(F)(F)F,0,0.644131266483551,0.0059297319924404,-1.84362,0.0299381581387202,0.07282471705792397
2007,CN(C)C(=O)C1CC2(CCN(C(=O)c3nccn3C)CC2)CN1c1ccc(C#N)c(C(F)(F)F)c1,0,0.66346313983728,0.0035727457076777,4.287682,0.035695476482932,0.06984558972983425
2008,CN(C)C(=O)C1CC2(CCN(C(=O)c3cnn(C)c3)CC2)CN1c1ccc(C#N)c(C(F)(F)F)c1,0,0.66346313983728,0.0051722799389308,2.1608353,0.0353071004824331,0.08028049000771761
2009,CN(C)C(=O)C1CC2(CCN(c3ccc(C#N)c(C(F)(F)F)c3)CC2)CN1C(=O)c1ccco1,0,0.676895642801228,0.0027530327779001,-12.288094,0.0279591910522094,0.07446131876922966
2010,CNC(=O)[C@@H]1CN(c2ccc(C#N)c(C(F)(F)F)c2)C[C@H]1C1CCN(C(=O)NC)CC1,0,0.760398556808359,0.0108399066134269,8.048356,0.0192861654194057,0.0919931369334349
2011,CNC(=O)C1CN(c2ccc(C#N)c(C(F)(F)F)c2)CC12CCN(C(=O)NCCC(C)C)CC2,0,0.675645507474783,0.145479024434548,-2.602038,0.0455197055583896,0.09770247835413792
2012,CCCC(=O)N1CCC2(CC1)CC(C(=O)N(C)C)N(c1ccc(C#N)c(C(F)(F)F)c1)C2,0,0.702400770630429,0.0018617298683986,-2.322218,0.0413100192734315,0.12337251570980975
2013,N#Cc1ccc(N2CCC([C@@H]3CN(C(=O)c4ccccc4F)C[C@H]3C(N)=O)CC2)cc1C(F)(F)F,0,0.663191294147802,0.0021465758773994,0.33978295,0.0458378844033499,0.12021520534780697
2014,CNC(=O)[C@@H]1CN(c2ccc(C#N)c(C(F)(F)F)c2)C[C@H]1C1CCN(C(=O)c2cscn2)CC1,0,0.70847061507078,0.0065024585069195,3.0713086,0.0268466135872288,0.066324440479746
2015,Cc1nn(C)c(C)c1C(=O)N1CC2(CCN(c3ccc(C#N)c(C(F)(F)F)c3)CC2)CC1C(N)=O,0,0.714866655492165,0.0082874861043612,-4.030809,0.0915308077712993,0.11689716389864427
2016,CCNC(=O)N1CCC2(CC1)CN(c1ccc(C#N)c(C(F)(F)F)c1)CC2C(=O)NC1CC1,0,0.718408219360702,0.0243990168926884,3.266542,0.0408760981278859,0.07080591826747862
2017,CCS(=O)(=O)N1CCC2(CC1)CN(c1ccc(C#N)c(C(F)(F)F)c1)CC2C(=O)NC1CC1,0,0.693844456873525,0.0124683796203193,12.973068,0.0358234591031214,0.08292183901575692
2018,CNC(=O)[C@@H]1CN(C(=O)c2cccs2)C[C@H]1C1CCN(c2ccc(C#N)c(C(F)(F)F)c2)CC1,0,0.703386039624109,0.0048325571618934,-6.368461,0.0096234107563994,0.06319631610669273
2019,N#Cc1ccc(N2C[C@@H](C(N)=O)[C@H](C3CCN(C(=O)c4ccncn4)CC3)C2)cc1C(F)(F)F,0,0.730885492778145,0.0028989589721713,10.620931,0.0336146857862127,0.09605931285676142
2020,CNC(=O)[C@@H]1CN(C(=O)C2CCC2)C[C@H]1C1CCN(c2ccc(C#N)c(C(F)(F)F)c2)CC1,0,0.744174549387017,0.0060945282590283,-8.843011,0.0082147511661691,0.05697072384119413
2021,CN(C)C(=O)C1CC2(CCN(C(=O)CC3CC3)CC2)CN1c1ccc(C#N)c(C(F)(F)F)c1,0,0.685185551655615,0.0026800440419005,1.6942815,0.0345481097687128,0.07133285215480524
2022,CN(C)C(=O)C1CN(C(=O)C2CCCCC2)CC12CCN(c1ccc(C#N)c(C(F)(F)F)c1)CC2,0,0.634107944367467,0.0200984949903795,7.7289643,0.0266348683017977,0.10082691662179258
2023,CNC(=O)C1CC2(CCN(C(=O)CC3CCCCC3)CC2)CN1c1ccc(C#N)c(C(F)(F)F)c1,0,0.675317693868274,0.0100763936956125,2.6556191,0.0371059625625419,0.09209646813623248
2024,CNC(=O)[C@@H]1CN(C(=O)c2ccc(C)cc2)C[C@H]1C1CCN(c2ccc(C#N)c(C(F)(F)F)c2)CC1,0,0.684504739737217,0.0051516537187511,-6.4973273,0.0185857969031474,0.08101467777252538
2025,CCC(CC)C(=O)N1C[C@@H](C(=O)NC)[C@H](C2CCN(c3ccc(C#N)c(C(F)(F)F)c3)CC2)C1,0,0.669412594724979,0.005641442759639,-9.223159,0.0168831081282382,0.08424807559793498
2026,CCC(CC)C(=O)N1CC2(CCN(c3ccc(C#N)c(C(F)(F)F)c3)CC2)CC1C(=O)N(C)C,0,0.633373252116445,0.0059651145354686,1.9482356,0.0414712371630121,0.11998309551355917
2027,N#Cc1ccc(N2CCC3(CC2)CC(C(N)=O)N(C(=O)Cc2ccc(F)cc2)C3)cc1C(F)(F)F,0,0.665906551051593,0.0049223473971876,-4.0126896,0.0608026158624321,0.1211755670160782
2028,CN(C)C(=O)[C@@H]1CN(C(=O)C2CCC2)C[C@H]1C1CCN(c2ccc(C#N)c(C(F)(F)F)c2)CC1,0,0.663899966730473,0.0039405944388956,-4.389384,0.0086314997875185,0.0645432257094232
2029,N#Cc1ccc(N2CCC3(CC2)CC(C(=O)N2CCCC2)N(C(=O)CC2CC2)C3)cc1C(F)(F)F,0,0.637671719057509,0.0034040572777067,-2.965678,0.0225893901772226,0.08357652740935602
2030,N#Cc1ccc(N2CC(C(=O)NC3CC3)C3(CCN(C(=O)c4ccncc4)CC3)C2)cc1C(F)(F)F,0,0.697349021595018,0.0042936611753357,6.830354,0.0437584411331634,0.06676882721911881
2031,CNC(=O)C1CC2(CCN(c3ccc(C#N)c(C(F)(F)F)c3)CC2)CN1C(=O)c1ccncc1,0,0.742734009973324,0.0046071188151239,-1.4891719,0.0257758821702713,0.09187640377724043
2032,CC(C)CC(=O)N1CCC2(CC1)CN(c1ccc(C#N)c(C(F)(F)F)c1)CC2C(=O)N(C)C,0,0.680714632379188,0.0065810553804911,-0.27100122,0.0397284680338082,0.09821868350502287
2033,CCc1ccc(C(=O)N2CCC3(CC2)CC(C(=O)NC)N(c2ccc(C#N)c(C(F)(F)F)c2)C3)cc1,0,0.678722017833656,0.0065113395382807,1.1617731,0.0629589225477293,0.09272674041153352
2034,CN(C)C(=O)C1CC2(CCN(C(=O)c3cscn3)CC2)CN1c1ccc(C#N)c(C(F)(F)F)c1,0,0.655327580618463,0.0031347429595468,-0.75283635,0.0373405801467942,0.07422981475816477
2035,Cn1cc(C(=O)N2C[C@@H](C(N)=O)[C@H](C3CCN(c4ccc(C#N)c(C(F)(F)F)c4)CC3)C2)cn1,0,0.732247562271702,0.0049732777006763,-3.5779476,0.0197681797179519,0.09179026240972668
2036,CCn1ccc(C(=O)N2CC(C(N)=O)C3(CCN(c4ccc(C#N)c(C(F)(F)F)c4)CC3)C2)n1,0,0.733059635245737,0.0032644121238674,5.7427344,0.0440186971436049,0.10919552673566776
2037,CCn1cc(C(=O)N2CCC3(CC2)CN(c2ccc(C#N)c(C(F)(F)F)c2)CC3C(N)=O)cn1,0,0.733059635245737,0.0037649113419868,10.499845,0.0595527583539056,0.10298122323869627
2038,Cc1cc(C(=O)N2C[C@@H](C(N)=O)[C@H](C3CCN(c4ccc(C#N)c(C(F)(F)F)c4)CC3)C2)c(C)o1,0,0.703680957913569,0.0158315544779911,2.7861824,0.06144520110907,0.06923059584308268
2039,CC(C)(C)CC(=O)N1CC2(CCN(c3ccc(C#N)c(C(F)(F)F)c3)CC2)CC1C(N)=O,0,0.760614484091165,0.0036426525008904,-5.7635627,0.0127746286280408,0.1270922294833421
2040,CNC(=O)C1CC2(CCN(c3ccc(C#N)c(C(F)(F)F)c3)CC2)CN1C(=O)c1cnn(C)c1,0,0.73812875382994,0.0046641484546125,0.8952271,0.0393047813287925,0.07273107550460547
2041,CCCS(=O)(=O)N1CCC2(CC1)CN(c1ccc(C#N)c(C(F)(F)F)c1)CC2C(=O)N(C)C,0,0.639103942137579,0.002621392165279,13.681282,0.0385984528355151,0.13210099256826294
2042,CNC(=O)[C@@H]1CN(c2ccc(C#N)c(C(F)(F)F)c2)C[C@H]1C1CCN(C(=O)c2ccoc2)CC1,0,0.732602839247343,0.0134698942430837,6.690658,0.0247676545496823,0.06369489490890956
2043,CNC(=O)[C@@H]1CN(C(=O)c2ncccc2C)C[C@H]1C1CCN(c2ccc(C#N)c(C(F)(F)F)c2)CC1,0,0.694169810889978,0.0027354127351523,0.20703554,0.0213018195799464,0.08479036162917278
2044,CNC(=O)C1CC2(CCN(C(=O)c3cc(C)ccc3C)CC2)CN1c1ccc(C#N)c(C(F)(F)F)c1,0,0.679001305228591,0.0084589229607138,0.17505729,0.0647090564670156,0.08620543776367459
2045,N#Cc1ccc(N2CCC([C@@H]3CN(C(=O)CCc4ccccc4)C[C@H]3C(N)=O)CC2)cc1C(F)(F)F,0,0.652340074675646,0.003478871669375,1.5482737,0.0103136613903201,0.10753893434995018
2046,N#Cc1ccc(N2CC(C(N)=O)C3(CCN(C(=O)c4cccnc4)CC3)C2)cc1C(F)(F)F,0,0.763585990101041,0.0086418858257214,1.9716784,0.0499673892973958,0.10830775359222895
2047,CN(C)C(=O)C1CC2(CCN(c3ccc(C#N)c(C(F)(F)F)c3)CC2)CN1C(=O)C1CCCCC1,0,0.628710214388835,0.0124871207354123,-0.4410982,0.0251028932475495,0.10117151059653953
2048,CNC(=O)C1CN(c2ccc(C#N)c(C(F)(F)F)c2)CC12CCN(C(=O)c1cscn1)CC2,0,0.733875971466963,0.0041980319165791,4.54469,0.0481971694911007,0.07651853535761972
2049,CCNC(=O)N1CCC([C@@H]2CN(c3ccc(C#N)c(C(F)(F)F)c3)C[C@H]2C(=O)NC)CC1,0,0.737026374814903,0.0242735498529004,5.9623957,0.0133377588720019,0.0835787509068579
2050,CN(C)C(=O)C1CC2(CCN(C(=O)c3cn(C)cn3)CC2)CN1c1ccc(C#N)c(C(F)(F)F)c1,0,0.66346313983728,0.0047706873475222,13.934716,0.0406529085536914,0.07476293973297238
2051,Cc1nn(C)cc1C(=O)N1CC2(CCN(c3ccc(C#N)c(C(F)(F)F)c3)CC2)CC1C(N)=O,0,0.73584140201994,0.0060446751707238,-4.171799,0.0529813890541887,0.1062389688006177
2052,CNC(=O)C1CN(c2ccc(C#N)c(C(F)(F)F)c2)CC12CCN(C(=O)NC1CCCC1)CC2,0,0.697728393149512,0.0112798517976745,4.6794043,0.035272048289052,0.07166350141780367
2053,CN(C)C(=O)C1CC2(CCN(c3ccc(C#N)c(C(F)(F)F)c3)CC2)CN1C(=O)c1ccncc1,0,0.664329808535785,0.005537616737912,-3.5612206,0.0247999664902539,0.09373565158341353
2054,CNC(=O)[C@@H]1CN(c2ccc(C#N)c(C(F)(F)F)c2)C[C@H]1C1CCN(C(=O)c2cccc(C)c2)CC1,0,0.684504739737217,0.0348610399323764,0.32452655,0.0220749369144655,0.07520535727982636
2055,CCNC(=O)[C@@H]1CN(c2ccc(C#N)c(C(F)(F)F)c2)C[C@H]1C1CCN(C(=O)c2cccnc2)CC1,0,0.677656348618471,0.0064770307898797,3.994194,0.0351521506152432,0.0778799356200032
2056,Cn1ccc(C(=O)N2C[C@@H](C(N)=O)[C@H](C3CCN(c4ccc(C#N)c(C(F)(F)F)c4)CC3)C2)n1,0,0.732247562271702,0.0046849159569021,-4.635023,0.0179223104185187,0.08704545997139056
2057,CNC(=O)C1CC2(CCN(C(=O)CCOC)CC2)CN1c1ccc(C#N)c(C(F)(F)F)c1,0,0.742322861207553,0.0024568327137562,-2.670951,0.0197709029091067,0.09691436055672639
2058,Cn1nccc1C(=O)N1CCC([C@@H]2CN(c3ccc(C#N)c(C(F)(F)F)c3)C[C@H]2C(N)=O)CC1,0,0.732247562271702,0.0030462695409314,9.406104,0.0487504169804465,0.08705830446780481
2059,Cc1ccc(C(=O)N2CCC([C@@H]3CN(c4ccc(C#N)c(C(F)(F)F)c4)C[C@H]3C(N)=O)CC2)cc1C,0,0.681305689263998,0.0131015583132428,6.4570994,0.0924199320438434,0.09052334323718833
2060,CNC(=O)C1CC2(CCN(C(=O)Nc3ccc(C)cc3)CC2)CN1c1ccc(C#N)c(C(F)(F)F)c1,0,0.649942737389359,0.0188681899745274,-2.8539705,0.0403088530222115,0.0937413691050572
2061,CCn1nccc1C(=O)N1CCC2(CC1)CN(c1ccc(C#N)c(C(F)(F)F)c1)CC2C(N)=O,0,0.733059635245737,0.0031151764592109,11.209841,0.0543986382109026,0.09969371571667728
2062,N#Cc1ccc(N2C[C@@H](C(N)=O)[C@H](C3CCN(C(=O)CCn4cnnn4)CC3)C2)cc1C(F)(F)F,0,0.647398896676959,0.0099663636508696,11.234822,0.0217237939446794,0.08757568294733599
2063,N#Cc1ccc(N2CC(C(N)=O)C3(CCN(C(=O)COc4ccccc4)CC3)C2)cc1C(F)(F)F,0,0.699959770188767,0.0014465425501227,4.616093,0.0414581394815739,0.10320945768054254
2064,N#Cc1ccc(N2CC(C(=O)N3CCCC3)C3(CCN(C(=O)CC4CC4)CC3)C2)cc1C(F)(F)F,0,0.64163287645684,0.0029987146285454,1.3494312,0.0354174752039927,0.0733772425228629
2065,Cc1ccsc1C(=O)N1CCC2(CC1)CN(c1ccc(C#N)c(C(F)(F)F)c1)CC2C(N)=O,0,0.729931049337629,0.0145145945356068,2.7296739,0.0539382129600459,0.10036033957673277
2066,N#Cc1ccc(N2CC(C(=O)NC3CC3)C3(CCN(C(=O)c4cccnc4)CC3)C2)cc1C(F)(F)F,0,0.697349021595018,0.0033807857665296,4.354506,0.0426925590685915,0.0684512457925128
2067,CCS(=O)(=O)N1CC2(CCN(c3ccc(C#N)c(C(F)(F)F)c3)CC2)CC1C(=O)NC1CC1,0,0.693873958410277,0.0033788647997015,0.78157127,0.0467152423124135,0.08487745567604683
2068,N#Cc1ccc(N2CCC3(CC2)CC(C(N)=O)N(C(=O)COc2ccccc2)C3)cc1C(F)(F)F,0,0.699082022061573,0.0015799062052344,-3.9745307,0.0322866352972407,0.09510018943669024
2069,Cc1cc(C(=O)N2CC3(CCN(c4ccc(C#N)c(C(F)(F)F)c4)CC3)CC2C(N)=O)n(C)n1,0,0.73584140201994,0.0101628067662376,-2.3079622,0.0673880281365534,0.10854870787660904
2070,Cc1cccc(CC(=O)N2CCC([C@@H]3CN(c4ccc(C#N)c(C(F)(F)F)c4)C[C@H]3C(N)=O)CC2)c1,0,0.677082370578283,0.0057395668373911,4.6681714,0.0385266626935778,0.0978250665342031
2071,N#Cc1ccc(N2CCC([C@@H]3CN(C(=O)c4cc[nH]n4)C[C@H]3C(N)=O)CC2)cc1C(F)(F)F,0,0.726282333841554,0.0198017961401278,-4.8700275,0.015046731849097,0.08654695729182771
2072,CC(C)CC(=O)N1C[C@@H](C(N)=O)[C@H](C2CCN(c3ccc(C#N)c(C(F)(F)F)c3)CC2)C1,0,0.744557295299786,0.0027676030066723,-7.380092,0.0077451016478913,0.1262213586856444
2073,N#Cc1ccc(N2CC(C(N)=O)C3(CCN(C(=O)c4ccccn4)CC3)C2)cc1C(F)(F)F,0,0.763585990101041,0.0017304625024898,7.3544345,0.0463110432581898,0.11661716692511075
2074,COCCCNC(=O)N1CCC([C@@H]2CN(c3ccc(C#N)c(C(F)(F)F)c3)C[C@H]2C(N)=O)CC1,0,0.581749297071966,0.10979785331526,7.1014686,0.0118078118840891,0.10167416394423315
2075,N#Cc1ccc(N2CC(C(N)=O)C3(CCN(C(=O)C4CCC4)CC3)C2)cc1C(F)(F)F,0,0.792159577101238,0.0023457264961597,2.7400832,0.0537769618678519,0.0947458443617278
2076,Cc1cccnc1C(=O)N1CCC([C@@H]2CN(c3ccc(C#N)c(C(F)(F)F)c3)C[C@H]2C(N)=O)CC1,0,0.715374346013512,0.0038560070731299,11.223505,0.0350907439592232,0.10329243971213146
2077,CN(C)C(=O)[C@@H]1CN(c2ccc(C#N)c(C(F)(F)F)c2)C[C@H]1C1CCN(C(=O)C2CCC2)CC1,0,0.663899966730473,0.0047798331760625,7.9949193,0.0203108858809079,0.057853948568513794
2078,CN(C)C(=O)C1CN(c2ccc(C#N)c(C(F)(F)F)c2)CC12CCN(C(=O)Nc1ccccc1)CC2,0,0.678455996564352,0.0044950598101685,4.297271,0.0491034095579572,0.09006741656209846
2079,CCC(CC)C(=O)N1C[C@@H](C(N)=O)[C@H](C2CCN(c3ccc(C#N)c(C(F)(F)F)c3)CC2)C1,0,0.693640243397124,0.0021947738868325,-4.522936,0.0258508554158561,0.12081400220112562
2080,CCc1ccc(C(=O)N2C[C@@H](C(N)=O)[C@H](C3CCN(c4ccc(C#N)c(C(F)(F)F)c4)CC3)C2)cc1,0,0.668175577452247,0.0038018045549089,-2.496306,0.0402279097046542,0.10123648864880366
2081,CNC(=O)C1CC2(CCN(c3ccc(C#N)c(C(F)(F)F)c3)CC2)CN1C(=O)Cc1ccsc1,0,0.707284799157434,0.0040995463349998,-7.485122,0.0395842485600995,0.07655292184772235
2082,CC(C)CCNC(=O)N1CCC([C@@H]2CN(c3ccc(C#N)c(C(F)(F)F)c3)C[C@H]2C(N)=O)CC1,0,0.651032840949252,0.0189439780987858,0.90551984,0.0114576784611724,0.08581375220543536
2083,N#Cc1ccc(N2CC(C(N)=O)C3(CCN(C(=O)CCc4ccccc4)CC3)C2)cc1C(F)(F)F,0,0.70021156015936,0.0025788338702977,2.8222275,0.0605750369907385,0.1167346717598365
2084,N#Cc1ccc(N2CC(C(N)=O)C3(CCN(C(=O)c4ccccc4Cl)CC3)C2)cc1C(F)(F)F,0,0.701762897166749,0.0025563281642248,6.002581,0.0511688135727042,0.12413154393144073
2085,N#Cc1ccc(N2C[C@@H](C(N)=O)[C@H](C3CCN(C(=O)CC4CCCCC4)CC3)C2)cc1C(F)(F)F,0,0.665540216390189,0.0031844793736209,8.294253,0.0313877226730793,0.08758932917603571
2086,COc1ccc(C(=O)N2CCC3(CC2)CN(c2ccc(C#N)c(C(F)(F)F)c2)CC3C(N)=O)cn1,0,0.709884768879493,0.0032246394650999,2.2466607,0.0635366635349263,0.09710737256623461
2087,N#Cc1ccc(N2CC(C(N)=O)C3(CCN(C(=O)c4ccccc4)CC3)C2)cc1C(F)(F)F,0,0.766451240101172,0.0120574493790004,4.5390787,0.0499065133901834,0.11531161240120683
2088,N#Cc1ccc(N2CC(C(N)=O)C3(CCN(C(=O)c4ccc(F)c(F)c4)CC3)C2)cc1C(F)(F)F,0,0.662082799362757,0.0065757985204919,4.1751533,0.0874581201526622,0.13689220327813606
2089,CCCC(=O)N1C[C@@H](C(=O)NC)[C@H](C2CCN(c3ccc(C#N)c(C(F)(F)F)c3)CC2)C1,0,0.746033116148159,0.0030057597037297,-8.057957,0.0074437791989424,0.08134123466799817
2090,CCNC(=O)N1CC(C(=O)NCCOC)C2(CCN(c3ccc(C#N)c(C(F)(F)F)c3)CC2)C1,0,0.609105607859796,0.0336486540873033,0.08507383,0.0195566318690076,0.10143937498945099
2091,Cc1noc(C)c1C(=O)N1CCC([C@@H]2CN(c3ccc(C#N)c(C(F)(F)F)c3)C[C@H]2C(N)=O)CC1,0,0.70472998832178,0.0072835644122064,4.116072,0.0663025938191208,0.08786268641087877
2092,COCCCNC(=O)N1CCC2(CC1)CN(c1ccc(C#N)c(C(F)(F)F)c1)CC2C(N)=O,0,0.624056076077556,0.0149967841671004,1.1586758,0.0287217022227638,0.12661658677220985
2093,Cc1ccncc1C(=O)N1CC2(CCN(c3ccc(C#N)c(C(F)(F)F)c3)CC2)CC1C(N)=O,0,0.740234318473002,0.0029211497641772,-6.574031,0.0298268270473053,0.12004707713347038
2094,Cc1cccc(C(=O)N2CCC3(CC2)CN(c2ccc(C#N)c(C(F)(F)F)c2)CC3C(N)=O)n1,0,0.741011363709534,0.0027614543973471,11.398044,0.0526962013005353,0.10630966107608912
2095,CCn1nccc1C(=O)N1CC2(CCN(c3ccc(C#N)c(C(F)(F)F)c3)CC2)CC1C(N)=O,0,0.733237522940336,0.0025024139332774,1.0296239,0.0544765817439673,0.10732449481057646
2096,N#Cc1ccc(N2C[C@@H](C(N)=O)[C@H](C3CCN(C(=O)CCn4cccn4)CC3)C2)cc1C(F)(F)F,0,0.672677250450764,0.0090635333354496,11.870469,0.0179540871225401,0.08937034042357717
2097,Cc1cc(C(=O)N2CC(C(=O)N(C)C)C3(CCN(c4ccc(C#N)c(C(F)(F)F)c4)CC3)C2)no1,0,0.656829754380846,0.0060855603245959,8.311015,0.0409151062136724,0.0941479463323188
2098,N#Cc1ccc(N2C[C@@H](C(N)=O)[C@H](C3CCN(C(=O)Cc4cccnc4)CC3)C2)cc1C(F)(F)F,0,0.70148234139344,0.0030665701741591,6.6313014,0.0285207383975565,0.10596302830371496
2099,N#Cc1ccc(N2CCC3(CC2)CC(C(N)=O)N(C(=O)Nc2ccc(F)cc2)C3)cc1C(F)(F)F,0,0.634179957405526,0.0347203716276903,1.1725658,0.0670759166311538,0.11560088531423138
2100,Cc1ccc(NC(=O)N2CC3(CCN(c4ccc(C#N)c(C(F)(F)F)c4)CC3)CC2C(N)=O)cc1,0,0.678063079919359,0.0121304093789006,1.9815727,0.0506204299515067,0.10256254370351711
2101,Cc1cccc(NC(=O)N2CC3(CCN(c4ccc(C#N)c(C(F)(F)F)c4)CC3)CC2C(N)=O)c1C,0,0.64575968477261,0.0545489623050771,3.5728106,0.1107899911299197,0.1011354889001306
2102,CCc1ccc(NC(=O)N2CC3(CCN(c4ccc(C#N)c(C(F)(F)F)c4)CC3)CC2C(N)=O)cc1,0,0.645850718854435,0.0151003787377746,1.5235065,0.0636129327506709,0.10902512158886575
2103,CN(Cc1cccnc1)C(=O)[C@@H]1C[C@H](Oc2ccccc2)CN1c1ccc(C#N)c(C(F)(F)F)c1,0,0.513558047634033,0.0065751237095502,10.615903,0.0056845065959712,0.07331985978208674
2104,N#Cc1ccc(N2C[C@@H](Oc3ccccc3)C[C@H]2C(=O)NCCc2cccnc2)cc1C(F)(F)F,0,0.543925751070169,0.0039717133345264,6.0658746,0.0061356764615553,0.08455773315163564
2105,CCOc1ccccc1C(=O)N1CC[C@H]2CN(c3ccc(C#N)c(C(F)(F)F)c3)C[C@@]2(CO)C1,0,0.712153458797519,0.0017784879276983,12.645567,0.0444956767333797,0.08709944348566392
2106,CCc1ccc(C(=O)N2CC[C@H]3CN(c4ccc(C#N)c(C(F)(F)F)c4)C[C@@]3(CO)C2)cc1,0,0.750844990758378,0.0050763955520293,6.127243,0.0647889397624107,0.10527156814267428
2107,CC1(C(=O)N2CC[C@H]3CN(c4ccc(C#N)c(C(F)(F)F)c4)C[C@@]3(CO)C2)CC1,0,0.836550674601459,0.0024830693797421,-0.7956185,0.0181714608373603,0.07581016568584739
2108,Cc1cc(C(=O)N2CC[C@H]3CN(c4ccc(C#N)c(C(F)(F)F)c4)C[C@@]3(CO)C2)c(C)o1,0,0.775353731402674,0.0042773115367322,13.002845,0.0450922480834882,0.06256595819901156
2109,N#Cc1ccc(N2C[C@@H]3CCN(C(=O)c4cccs4)C[C@]3(CO)C2)cc1C(F)(F)F,0,0.800165312966556,0.0034230505784931,7.314711,0.0388638801850411,0.0768279324531878
2110,Cc1cccc(C(=O)N2CC[C@H]3CN(c4ccc(C#N)c(C(F)(F)F)c4)C[C@@]3(CO)C2)c1,0,0.782787470596669,0.0090186062516424,3.76234,0.0482623919893341,0.09514756021115509
2111,CC(C)CC(=O)N1CC[C@H]2CN(c3ccc(C#N)c(C(F)(F)F)c3)C[C@@]2(CO)C1,0,0.828954394299063,0.0033166185172922,-0.45405936,0.0141244407035316,0.10497059880697868
2112,COc1ccccc1C(=O)N1CC[C@H]2CN(c3ccc(C#N)c(C(F)(F)F)c3)C[C@@]2(CO)C1,0,0.757006201898088,0.0022187940413934,11.827264,0.0348034421547828,0.078699799085024
2113,N#Cc1ccc(N2C[C@@H]3CCN(C(=O)c4cccc(F)c4)C[C@]3(CO)C2)cc1C(F)(F)F,0,0.729480561663736,0.0047246233581325,2.2525086,0.0614619914591866,0.10980603932351811
2114,Cc1ccc(C(=O)N2CC[C@H]3CN(c4ccc(C#N)c(C(F)(F)F)c4)C[C@@]3(CO)C2)c(C)c1,0,0.751959229922424,0.002364359377803,7.2846704,0.0557062004312871,0.08999399535075771
2115,N#Cc1ccc(N2C[C@@H]3CCN(C(=O)c4ccc(F)cc4F)C[C@]3(CO)C2)cc1C(F)(F)F,0,0.700484655755755,0.0040686199870047,10.52843,0.0735910546968068,0.12135255013817123
2116,N#Cc1ccc(N2C[C@@H]3CCN(C(=O)Cc4c[nH]c5ccccc45)C[C@]3(CO)C2)cc1C(F)(F)F,0,0.59011115316799,0.0182606000412495,8.838137,0.10466320916987,0.08048102018356126
2117,COC[C@@]12CN(C(=O)c3ccccc3Cl)CC[C@@H]1CN(c1ccc(C#N)c(C(F)(F)F)c1)C2,0,0.631669276857114,0.0024401439143453,4.143027,0.0206042698792614,0.07747409529220965
2118,COC[C@@]12CN(C(=O)c3cccnc3)CC[C@@H]1CN(c1ccc(C#N)c(C(F)(F)F)c1)C2,0,0.721102740757289,0.0022756050812957,-0.4086529,0.0299085989995066,0.07158491762774165
2119,COC[C@]12CN(c3ccc(C#N)c(C(F)(F)F)c3)C[C@H]1CCN(S(=O)(=O)c1c(C)noc1C)C2,0,0.623411418651814,0.0031297225551176,-5.535241,0.0362300402730636,0.08053402014248322
2120,COC[C@@]12CN(C(=O)c3ccnn3C)CC[C@@H]1CN(c1ccc(C#N)c(C(F)(F)F)c1)C2,0,0.720711478684343,0.0037203089133361,6.322238,0.0368944964229783,0.05839154587614972
2121,COC[C@@]12CN(C(=O)COCc3ccccc3)CC[C@@H]1CN(c1ccc(C#N)c(C(F)(F)F)c1)C2,0,0.588663582170737,0.0037246340500894,-2.9819155,0.0162592380882326,0.07798971041483946
2122,CCn1cc(S(=O)(=O)N2CC[C@@H]3CN(c4ccc(C#N)c(C(F)(F)F)c4)C[C@]3(COC)C2)cn1,0,0.609613222036774,0.0018256610670175,0.8025812,0.0300102711324897,0.07299498349268388
2123,COCC(=O)N1CC[C@H]2CN(c3ccc(C#N)c(C(F)(F)F)c3)C[C@@]2(COCC2CC2)C1,0,0.636585651773685,0.0032971394041125,-7.4915943,0.0169966581694662,0.06459496731594926
2124,CCCS(=O)(=O)N1CC[C@H]2CN(c3ccc(C#N)c(C(F)(F)F)c3)C[C@@]2(COCC2CC2)C1,0,0.558991529814344,0.0036234905515496,0.7210897,0.0223718049059616,0.07603745086356416
2125,N#Cc1ccc(N2C[C@@H]3CCN(C(=O)c4ccncc4)C[C@]3(COCC3CC3)C2)cc1C(F)(F)F,0,0.609295842556647,0.0045019047359237,-2.3608189,0.01922587324809,0.05075851921491302
2126,N#Cc1ccc(N2C[C@H]3CCN(C(=O)Cc4ccccc4)C[C@@]3(COCC3CC3)C2)cc1C(F)(F)F,0,0.546120380767701,0.0139486996878827,0.515293,0.0197726322846749,0.05967082477770348
2127,CNC(=O)N1CC[C@H]2CN(c3ccc(C#N)c(C(F)(F)F)c3)C[C@@]2(COCC2CC2)C1,0,0.767627061319423,0.0023251836835028,1.4664778,0.0356428415666308,0.05561816400651252
2128,CC(C)(C)C(=O)N1CC[C@H]2CN(c3ccc(C#N)c(C(F)(F)F)c3)C[C@@]2(COCC2CC2)C1,0,0.635039319992203,0.0039720841364943,-8.548422,0.0238959461355716,0.061568616371545426
2129,COCCOC[C@@]12CN(C(=O)COC)CC[C@@H]1CN(c1ccc(C#N)c(C(F)(F)F)c1)C2,0,0.561212295755685,0.0021196251158584,-3.4213824,0.0235259297970722,0.08916373806290152
2130,COCCOC[C@@]12CN(C(=O)c3cccs3)CC[C@@H]1CN(c1ccc(C#N)c(C(F)(F)F)c1)C2,0,0.539318415509692,0.0044756361983173,2.5972753,0.011947708312102,0.05654444221641773
2131,COCCOC[C@@]12CN(Cc3ccc(C)cn3)CC[C@@H]1CN(c1ccc(C#N)c(C(F)(F)F)c1)C2,0,0.517477913412032,0.0053120700682383,-0.51576245,0.013720179365262,0.07193323560563133
2132,CCNC(=O)N1CC[C@@H]2CN(c3ccc(C#N)c(C(F)(F)F)c3)C[C@]2(COCCOC)C1,0,0.641019221901443,0.0032846204254401,1.1438316,0.0237186064032484,0.07553633829530298
2133,COCCOC[C@@]12CN(C(=O)C3CCCC3)CC[C@@H]1CN(c1ccc(C#N)c(C(F)(F)F)c1)C2,0,0.551593661485688,0.0047412945219468,2.4702888,0.0125519020056176,0.052399403632058174
2134,COCCOC[C@@]12CN(Cc3cccnc3)CC[C@@H]1CN(c1ccc(C#N)c(C(F)(F)F)c1)C2,0,0.540038270995197,0.0036273630934899,2.4080324,0.0154254247857038,0.07418441373372928
2135,COCCOC[C@@]12CN(C(=O)NC(C)C)CC[C@@H]1CN(c1ccc(C#N)c(C(F)(F)F)c1)C2,0,0.620272680596552,0.0041603110918209,4.2348237,0.0220807742874801,0.0692421846881616
2136,CCC(C)(C)C(=O)N1CC[C@@H]2CN(c3ccc(C#N)c(C(F)(F)F)c3)C[C@]2(COCCOC)C1,0,0.517363749929409,0.0067020533748062,1.8400944,0.0268589511611227,0.07720826054443211
2137,COCCOC[C@@]12CN(C(=O)CC3CCCC3)CC[C@@H]1CN(c1ccc(C#N)c(C(F)(F)F)c1)C2,0,0.500067595119187,0.0042386917716147,0.73973835,0.0176471353664923,0.05362381731117323
2138,COCCOC[C@@]12CN(C(=O)c3ccco3)CC[C@@H]1CN(c1ccc(C#N)c(C(F)(F)F)c1)C2,0,0.564812454769017,0.0020618033403415,-2.5785236,0.0159652480162934,0.05528281425274669
2139,COCCOC[C@@]12CN(C(=O)c3ccccc3)CC[C@@H]1CN(c1ccc(C#N)c(C(F)(F)F)c1)C2,0,0.547821256107224,0.0053438055134583,1.5316993,0.0182430984398358,0.06752944451128906
2140,COCCOC[C@@]12CN(C(=O)NCC(C)C)CC[C@@H]1CN(c1ccc(C#N)c(C(F)(F)F)c1)C2,0,0.571605434158784,0.0063187905322029,-1.2160031,0.0210468191852044,0.06683703874865053
2141,CNC(=O)N1CC[C@@H]2CN(c3ccc(C#N)c(C(F)(F)F)c3)C[C@]2(COCCOC)C1,0,0.688659866286736,0.0027262113507763,4.884264,0.0179851742550621,0.07161308747722428
2142,CC(C)CC(=O)N1CC[C@H]2CN(c3ccc(C#N)c(C(F)(F)F)c3)C[C@@]2(COCC2CC2)C1,0,0.588055968851689,0.00541915442341,-8.771848,0.0225067450256399,0.056909565995859446
2143,N#Cc1ccc(N2C[C@@H]3CCN(C(=O)C4CC4)C[C@]3(COCC3CC3)C2)cc1C(F)(F)F,0,0.659873777751163,0.0057884256657954,-8.971694,0.0311372480476346,0.07330833132687448
2144,Cc1ccc(C(=O)N2CC[C@H]3CN(c4ccc(C#N)c(C(F)(F)F)c4)C[C@@]3(COCC3CC3)C2)cn1,0,0.578832974466667,0.0083473799748474,-3.5213482,0.035051443155879,0.053440127509213696
2145,CC(C)(C)CC(=O)N1CC[C@H]2CN(c3ccc(C#N)c(C(F)(F)F)c3)C[C@@]2(COCC2CC2)C1,0,0.572482857343097,0.0108218439247965,-1.453222,0.0212791705600356,0.06202689695741696
2146,N#Cc1ccc(N2C[C@@H]3CCN(C(=O)C4CCCC4)C[C@]3(COCC3CC3)C2)cc1C(F)(F)F,0,0.590425300406155,0.0048675779069549,0.84374034,0.0226966464868306,0.05698911375521877
2147,N#Cc1ccc(N2C[C@@H]3CCN(Cc4cccnc4)C[C@]3(COCC3CC3)C2)cc1C(F)(F)F,0,0.58588631760888,0.0019341531368772,0.52961767,0.0276827653648067,0.05359263188978554
2148,N#Cc1ccc(N2C[C@@H]3CCN(Cc4ccncc4F)C[C@]3(COCC3CC3)C2)cc1C(F)(F)F,0,0.521043963763332,0.0062581688898823,3.1990762,0.0193014038078111,0.05689133626014513
2149,Cn1cccc1CN1CC[C@H]2CN(c3ccc(C#N)c(C(F)(F)F)c3)C[C@@]2(COCC2CC2)C1,0,0.587590592983137,0.0077577509868838,-1.141119,0.0364090859066077,0.05187887819565943
2150,N#Cc1ccc(N2C[C@@H]3CCN(Cc4ccncc4)C[C@]3(COCC3CC3)C2)cc1C(F)(F)F,0,0.58588631760888,0.0049407003707005,5.287513,0.0308022081507885,0.05361488090777193
2151,CC(C)NC(=O)N1CC[C@H]2CN(c3ccc(C#N)c(C(F)(F)F)c3)C[C@@]2(COCC2CC2)C1,0,0.683578197870719,0.0062058248727158,0.6417314,0.0389478458857963,0.05695317103328461
2152,CN(C)S(=O)(=O)N1CC[C@H]2CN(c3ccc(C#N)c(C(F)(F)F)c3)C[C@@]2(COCC2CC2)C1,0,0.592467402529798,0.001718442675935,2.8529654,0.0303050142921891,0.06060129916942462
2153,N#Cc1ccc(N2C[C@@H]3CCN(C(=O)Cc4ccc(F)cc4)C[C@]3(CO)C2)cc1C(F)(F)F,0,0.706961967380629,0.0079282852422611,5.546948,0.0482316997886863,0.10968121795974328
2154,N#Cc1ccc(N2C[C@@H]3CCN(C(=O)c4ccc5c(c4)OCO5)C[C@]3(CO)C2)cc1C(F)(F)F,0,0.736759941834269,0.0045751121231556,6.7068553,0.043806781726102,0.08052910233283853
2155,COCCC(=O)N1CC[C@H]2CN(c3ccc(C#N)c(C(F)(F)F)c3)C[C@@]2(CO)C1,0,0.804492224738028,0.002148688368119,2.6492033,0.0152394304378003,0.10447955384812616
2156,N#Cc1ccc(N2C[C@@H]3CCN(C(=O)C4CC=CC4)C[C@]3(CO)C2)cc1C(F)(F)F,0,0.764536246587137,0.003411212769382,7.877832,0.0408151337876033,0.07539372548661458
2157,COc1cccc(C(=O)N2CC[C@H]3CN(c4ccc(C#N)c(C(F)(F)F)c4)C[C@@]3(CO)C2)c1C,0,0.730091841771453,0.0082349132816989,13.110962,0.0564144310650339,0.07455080043587363
2158,N#Cc1ccc(N2C[C@@H]3CCN(C(=O)CC4CCCCC4)C[C@]3(CO)C2)cc1C(F)(F)F,0,0.748463931416474,0.0016481398309467,8.284266,0.0400092326154095,0.09511447051063014
2159,N#Cc1ccc(N2C[C@@H]3CCN(C(=O)c4cscn4)C[C@]3(CO)C2)cc1C(F)(F)F,0,0.800298147951221,0.0037242789087234,5.467066,0.0509073081814615,0.07746033740339445
2160,N#Cc1ccc(N2C[C@@H]3CCN(C(=O)CC4CCCC4)C[C@]3(CO)C2)cc1C(F)(F)F,0,0.78125013277946,0.001768157916765,8.388611,0.0379867407157888,0.07422687669016197
2161,N#Cc1ccc(N2C[C@@H]3CCN(C(=O)CC4CC4)C[C@]3(CO)C2)cc1C(F)(F)F,0,0.833305947989021,0.0028452531976212,8.565879,0.0178050671343853,0.08550333313040441
2162,N#Cc1ccc(N2C[C@@H]3CCN(C(=O)c4cncnc4)C[C@]3(CO)C2)cc1C(F)(F)F,0,0.801989307655545,0.0031426722243909,-2.832643,0.0483795596135276,0.08999004910156014
2163,Cc1ccccc1CC(=O)N1CC[C@H]2CN(c3ccc(C#N)c(C(F)(F)F)c3)C[C@@]2(CO)C1,0,0.759100307972908,0.0026647393720317,8.163669,0.048430130657112,0.0956193203679451
2164,N#Cc1ccc(N2C[C@@H]3CCN(C(=O)CCc4ccccc4)C[C@]3(CO)C2)cc1C(F)(F)F,0,0.7406772412986,0.0050434201729742,4.7013535,0.040103569339377,0.09450543532878568
2165,COc1ccc(C2(C(=O)N3CC[C@H]4CN(c5ccc(C#N)c(C(F)(F)F)c5)C[C@@]4(CO)C3)CC2)cc1,0,0.674079486518008,0.0071910436299268,8.944227,0.0673204165472592,0.07291712502100134
2166,N#Cc1ccc(N2C[C@@H]3CCN(C(=O)C4(c5ccccc5)CC4)C[C@]3(CO)C2)cc1C(F)(F)F,0,0.736410695755389,0.0077490777603575,8.83084,0.0506032067626954,0.07522174444796036
2167,Cc1cccc(OCC(=O)N2CC[C@H]3CN(c4ccc(C#N)c(C(F)(F)F)c4)C[C@@]3(CO)C2)c1,0,0.718168114792302,0.0050450074997812,4.6953273,0.0376156352108496,0.07244621402048702
2168,CCn1nccc1C(=O)N1CC[C@H]2CN(c3ccc(C#N)c(C(F)(F)F)c3)C[C@@]2(CO)C1,0,0.779240773078802,0.0025246055694681,12.80835,0.0562082546813613,0.07988002511974486
2169,Cc1cccc(CC(=O)N2CC[C@H]3CN(c4ccc(C#N)c(C(F)(F)F)c4)C[C@@]3(CO)C2)c1,0,0.759100307972908,0.0040851662372352,4.5447445,0.0415065255398703,0.09373777984470369
2170,CC(C)(C)C(=O)N1CC[C@H]2CN(c3ccc(C#N)c(C(F)(F)F)c3)C[C@@]2(CO)C1,0,0.814235203098717,0.0044228345905798,-0.4831612,0.0209331134349138,0.10102597305804928
2171,CCc1ccc(C(=O)N2CC[C@@H]3CN(c4ccc(C#N)c(C(F)(F)F)c4)C[C@]3(COC)C2)cc1,0,0.63142599333215,0.0020539015860129,0.82473505,0.0216990975673622,0.06995981917047332
2172,COC[C@@]12CN(C(=O)Cc3cccc(OC)c3)CC[C@@H]1CN(c1ccc(C#N)c(C(F)(F)F)c1)C2,0,0.613244138523222,0.003477238615068,-0.49133694,0.0215671630223072,0.07198176628342222
2173,COC[C@@]12CN(C(=O)C3CCC3)CC[C@@H]1CN(c1ccc(C#N)c(C(F)(F)F)c1)C2,0,0.744400670402868,0.0035236152878986,-0.90982765,0.0222986586927059,0.05468156301458536
2174,COC[C@@]12CN(C(=O)c3cccc(F)c3)CC[C@@H]1CN(c1ccc(C#N)c(C(F)(F)F)c1)C2,0,0.636408282288324,0.0087130683646388,-1.6913002,0.0363745337304744,0.07945090844164365
2175,COC[C@@]12CN(C(=O)c3ccc(C)s3)CC[C@@H]1CN(c1ccc(C#N)c(C(F)(F)F)c1)C2,0,0.667103440979072,0.0192534773605879,5.063646,0.0234047885926419,0.050923622775541036
2176,COC[C@@]12CN(C(=O)c3ccc(F)cc3F)CC[C@@H]1CN(c1ccc(C#N)c(C(F)(F)F)c1)C2,0,0.607679560829152,0.0118237146530144,5.8328905,0.0479183406586692,0.08642541888834442
2177,COC[C@@]12CN(C(=O)Cc3c[nH]c4ccccc34)CC[C@@H]1CN(c1ccc(C#N)c(C(F)(F)F)c1)C2,0,0.560470295228556,0.0063002489476487,3.9230518,0.052222736421063,0.051906238126433066
2178,CCOCC(=O)N1CC[C@@H]2CN(c3ccc(C#N)c(C(F)(F)F)c3)C[C@]2(COC)C1,0,0.701347313339778,0.0019673804723562,-2.2658062,0.0141082650922558,0.08102921294090112
2179,COC[C@]12CN(c3ccc(C#N)c(C(F)(F)F)c3)C[C@H]1CCN(S(=O)(=O)c1cn(C)cn1)C2,0,0.649096288348841,0.0021081184930899,4.2080035,0.0287408397828468,0.061450981895429344
2180,COC[C@@]12CN(C(=O)C3CCCC3)CC[C@@H]1CN(c1ccc(C#N)c(C(F)(F)F)c1)C2,0,0.715611412817353,0.0073584919734875,4.646507,0.0164288791527274,0.05353470224924822
2181,COC[C@@]12CN(C(=O)NCc3ccccc3)CC[C@@H]1CN(c1ccc(C#N)c(C(F)(F)F)c1)C2,0,0.706218754345885,0.0054653558150963,1.0009066,0.0298687311137257,0.06623762639145213
2182,COC[C@@]12CN(C(=O)C3CC=CC3)CC[C@@H]1CN(c1ccc(C#N)c(C(F)(F)F)c1)C2,0,0.677335640377229,0.0055747962494061,2.5813518,0.0240471404689635,0.06335995888797934
2183,COC[C@@]12CN(C(=O)c3cnc(C)cn3)CC[C@@H]1CN(c1ccc(C#N)c(C(F)(F)F)c1)C2,0,0.698036584381922,0.004005535848309,4.618435,0.0402769427019,0.07251156575451792
2184,COC[C@@]12CN(C(=O)c3ocnc3C)CC[C@@H]1CN(c1ccc(C#N)c(C(F)(F)F)c1)C2,0,0.712323234985601,0.0037991046647317,4.0368333,0.0305162651164488,0.06422366659982766
2185,COC[C@@]12CN(C(=O)NC(C)C)CC[C@@H]1CN(c1ccc(C#N)c(C(F)(F)F)c1)C2,0,0.803806221370213,0.0027238907045263,5.471638,0.0148683566615399,0.0764371367880486
2186,COC[C@@]12CN(C(=O)c3cscn3)CC[C@@H]1CN(c1ccc(C#N)c(C(F)(F)F)c1)C2,0,0.711417944702324,0.0032726589737074,0.032786727,0.0284859401091807,0.053355106364572746
2187,COC[C@@]12CN(C(=O)CC3CC3)CC[C@@H]1CN(c1ccc(C#N)c(C(F)(F)F)c1)C2,0,0.727969637025415,0.0012259567181691,3.1621509,0.0249024908040693,0.05355594858256274
2188,COC[C@@]12CN(C(=O)c3ncccn3)CC[C@@H]1CN(c1ccc(C#N)c(C(F)(F)F)c1)C2,0,0.719826896143627,0.0019120470739642,-1.9104652,0.0309559644008959,0.06919476994435436
2189,COC[C@@]12CN(C(=O)c3ccncc3)CC[C@@H]1CN(c1ccc(C#N)c(C(F)(F)F)c1)C2,0,0.721102740757289,0.003211566461969,1.8905405,0.0254027055564384,0.06960435032526685
2190,COC[C@@]12CN(C(=O)C3(c4ccccc4)CC3)CC[C@@H]1CN(c1ccc(C#N)c(C(F)(F)F)c1)C2,0,0.623438708760745,0.0094831537865587,4.379109,0.0167871902323476,0.05137865085282571
2191,COC[C@@]12CN(C(=O)N(C)C)CC[C@@H]1CN(c1ccc(C#N)c(C(F)(F)F)c1)C2,0,0.768720783143245,0.0019031117983912,8.646554,0.0157816088470475,0.07384822694901383
2192,CCC(=O)N1CC[C@@H]2CN(c3ccc(C#N)c(C(F)(F)F)c3)C[C@]2(COC)C1,0,0.785172729962203,0.0031299327551574,-0.049986362,0.0121744482753343,0.08229396097497055
2193,CCCC(=O)N1CC[C@@H]2CN(c3ccc(C#N)c(C(F)(F)F)c3)C[C@]2(COC)C1,0,0.744592902875358,0.0011558986684119,-0.96385366,0.0112420204753062,0.08122440085571275
2194,N#Cc1ccc(N2CC[C@@H]3CN(C(=O)c4cc(F)ccc4F)C[C@]3(CO)C2)cc1C(F)(F)F,0,0.700484655755755,0.00213157492977,5.547929,0.0717881287600969,0.1171906903239615
2195,Cc1ccc(C)c(C(=O)N2C[C@H]3CCN(c4ccc(C#N)c(C(F)(F)F)c4)C[C@@]3(CO)C2)c1,0,0.751959229922424,0.0040431442338022,1.4631046,0.0526153090933088,0.09374913190892137
2196,COc1ccc(C(=O)N2C[C@H]3CCN(c4ccc(C#N)c(C(F)(F)F)c4)C[C@@]3(CO)C2)c(C)c1,0,0.730091841771453,0.001870962860943,2.9682088,0.0488981458078764,0.09250588571392175
2197,N#Cc1ccc(N2CC[C@@H]3CN(C(=O)c4ccc5c(c4)OCO5)C[C@]3(CO)C2)cc1C(F)(F)F,0,0.736759941834269,0.0025259644467594,3.7920713,0.0406526461622695,0.07749839459986216
2198,N#Cc1ccc(N2CC[C@@H]3CN(C(=O)Cc4cccnc4)C[C@]3(CO)C2)cc1C(F)(F)F,0,0.78462663902193,0.0016773342539147,3.7800412,0.0445442335771164,0.10521070698069201
2199,COc1ccc(C(=O)N2C[C@H]3CCN(c4ccc(C#N)c(C(F)(F)F)c4)C[C@@]3(CO)C2)cn1,0,0.754866400011166,0.0026714966395171,0.54809844,0.0419486789791437,0.08088325269399843
2200,COc1cccc(C(=O)N2C[C@H]3CCN(c4ccc(C#N)c(C(F)(F)F)c4)C[C@@]3(CO)C2)c1C,0,0.730091841771453,0.002775746062477,10.53693,0.0557499143723114,0.07386623920617781
2201,N#Cc1ccc(N2CC[C@@H]3CN(C(=O)Cc4ccncc4)C[C@]3(CO)C2)cc1C(F)(F)F,0,0.78462663902193,0.0026496688811799,2.7016034,0.045292587006849,0.1070870130647377
2202,Cc1ccc(C(=O)N2C[C@H]3CCN(c4ccc(C#N)c(C(F)(F)F)c4)C[C@@]3(CO)C2)cc1F,0,0.702506710716651,0.0039631605193337,5.974548,0.0555046470065916,0.09284137146125995
2203,N#Cc1ccc(N2CC[C@@H]3CN(C(=O)c4ccccn4)C[C@]3(CO)C2)cc1C(F)(F)F,0,0.810086824812347,0.0016786934322513,6.429138,0.0436682486838429,0.09837565430243175
2204,N#Cc1ccc(N2CC[C@@H]3CN(C(=O)COc4ccccc4)C[C@]3(CO)C2)cc1C(F)(F)F,0,0.74269484955819,0.0014060651680821,2.1984248,0.0237221859825064,0.07144206946024537
2205,Cc1cccnc1C(=O)N1C[C@H]2CCN(c3ccc(C#N)c(C(F)(F)F)c3)C[C@@]2(CO)C1,0,0.786365621667899,0.0011296170792381,9.216764,0.0482819282849335,0.10437418900110111
2206,Cc1cncc(C(=O)N2C[C@H]3CCN(c4ccc(C#N)c(C(F)(F)F)c4)C[C@@]3(CO)C2)c1,0,0.786365621667899,0.0211653165697432,-2.2990925,0.0426730476137511,0.0894659375602418
2207,N#Cc1ccc(N2CC[C@@H]3CN(C(=O)c4ccco4)C[C@]3(CO)C2)cc1C(F)(F)F,0,0.826955996559204,0.0010771270768473,-0.572142,0.0331641182344128,0.0769891546939563
2208,CCOC[C@]12CN(C(=O)C3CCCCC3)CC[C@H]1CN(c1ccc(C#N)c(C(F)(F)F)c1)C2,0,0.626604239156512,0.0046078762430085,4.803221,0.0219364196735399,0.08464000245782828
2209,CCOC[C@@]12CN(c3ccc(C#N)c(C(F)(F)F)c3)C[C@@H]1CCN(S(=O)(=O)CC)C2,0,0.672910174475087,0.0013031117949172,5.3069396,0.0200384012541317,0.1092617250143968
2210,CCOC[C@]12CN(C(=O)CC(C)C)CC[C@H]1CN(c1ccc(C#N)c(C(F)(F)F)c1)C2,0,0.665425519405022,0.0019717852599989,-6.545528,0.0144644531871629,0.07875382154143633
2211,CCOC[C@]12CN(C(=O)c3ccccc3OC)CC[C@H]1CN(c1ccc(C#N)c(C(F)(F)F)c1)C2,0,0.596447706763055,0.0021601437868527,8.658465,0.0210199592510981,0.07663439730982835
2212,CCOC[C@]12CN(C(=O)C3CCC3)CC[C@H]1CN(c1ccc(C#N)c(C(F)(F)F)c1)C2,0,0.699815839980315,0.0048021144203455,-0.62185025,0.0220691600587997,0.06931809555622784
2213,CCOC[C@]12CN(C(=O)c3cccc(F)c3)CC[C@H]1CN(c1ccc(C#N)c(C(F)(F)F)c1)C2,0,0.58756216279155,0.009919601523798,-1.2200594,0.0416791585273006,0.08166846864721576
2214,CCOC[C@]12CN(C(=O)Nc3ccccc3F)CC[C@H]1CN(c1ccc(C#N)c(C(F)(F)F)c1)C2,0,0.591614561901361,0.013195501229529,4.1109924,0.0704311204154172,0.07577328992627916
2215,CCOC[C@]12CN(C(=O)c3ccc(F)cc3F)CC[C@H]1CN(c1ccc(C#N)c(C(F)(F)F)c1)C2,0,0.558659789459908,0.0112384464871225,6.6062512,0.0557891730910727,0.09064473140133557
2216,CCOC[C@]12CN(C(=O)c3cc(F)ccc3F)CC[C@H]1CN(c1ccc(C#N)c(C(F)(F)F)c1)C2,0,0.558659789459908,0.0100288158154275,4.108104,0.0628166145244993,0.08590657909511756
2217,CCOC[C@]12CN(C(=O)c3ccc(C)nc3)CC[C@H]1CN(c1ccc(C#N)c(C(F)(F)F)c1)C2,0,0.649674128718179,0.0084705881398299,1.3438948,0.0327343168889336,0.07417865722704718
2218,CCOC[C@]12CN(C(=O)c3ccc(OC)nc3)CC[C@H]1CN(c1ccc(C#N)c(C(F)(F)F)c1)C2,0,0.612137254670506,0.0074788487116702,0.5415913,0.0244247454476002,0.07571225918968506
2219,CCOC[C@]12CN(C(=O)c3sc(C)nc3C)CC[C@H]1CN(c1ccc(C#N)c(C(F)(F)F)c1)C2,0,0.607590059767603,0.004079453036491,0.69847286,0.0345233053682986,0.05760887401846811
2220,CCOC[C@]12CN(C(=O)NC(C)C)CC[C@H]1CN(c1ccc(C#N)c(C(F)(F)F)c1)C2,0,0.758162209631426,0.0048104091119009,5.462981,0.0141045918916735,0.08200201628668834
2221,CCOC[C@]12CN(C(=O)c3ccccn3)CC[C@H]1CN(c1ccc(C#N)c(C(F)(F)F)c1)C2,0,0.678157457582365,0.0043769534003042,5.213164,0.0199446304254551,0.0675220944185804
2222,CCOC[C@]12CN(C(=O)c3ccncc3)CC[C@H]1CN(c1ccc(C#N)c(C(F)(F)F)c1)C2,0,0.678157457582365,0.0071476197657523,1.1143306,0.0276331941534883,0.07181263351407832
2223,CCOC[C@]12CN(C(=O)C3(c4ccccc4)CC3)CC[C@H]1CN(c1ccc(C#N)c(C(F)(F)F)c1)C2,0,0.563780150196268,0.0372459997733425,4.6463275,0.0308747437652289,0.05714759688093085
2224,CCOC[C@]12CN(C(=O)CC)CC[C@H]1CN(c1ccc(C#N)c(C(F)(F)F)c1)C2,0,0.744592902875358,0.00298526769542,0.23855996,0.0145972168556411,0.1093576762776649
2225,CCOC[C@]12CN(C(=O)NCCCOC)CC[C@H]1CN(c1ccc(C#N)c(C(F)(F)F)c1)C2,0,0.591356156544498,0.0062571044130294,0.97505605,0.0215918470334208,0.07390970110577241
2226,CCOC[C@]12CN(C(=O)c3ccnn3CC)CC[C@H]1CN(c1ccc(C#N)c(C(F)(F)F)c1)C2,0,0.635562799841083,0.0017374366914752,9.106429,0.0298546494618023,0.056974654795047874
2227,CCOC[C@]12CN(C(=O)c3ccn(CC)n3)CC[C@H]1CN(c1ccc(C#N)c(C(F)(F)F)c1)C2,0,0.635562799841083,0.0021373279863862,6.174052,0.0286768657550464,0.0585882195075436
2228,CCOC[C@]12CN(C(=O)c3ccccc3C)CC[C@H]1CN(c1ccc(C#N)c(C(F)(F)F)c1)C2,0,0.62318277157678,0.0082383487685682,2.651486,0.0243362109517572,0.07134280131769268
2229,N#Cc1ccc(N2CC[C@@H]3CN(C(=O)C4CCCCC4)C[C@]3(CO)C2)cc1C(F)(F)F,0,0.784292164464123,0.0010325998518425,7.228908,0.0356530762275111,0.10266979219684971
2230,Cc1cc(C(=O)N2C[C@H]3CCN(c4ccc(C#N)c(C(F)(F)F)c4)C[C@@]3(CO)C2)c(C)o1,0,0.775353731402674,0.0018955091476636,10.278403,0.044852798507735,0.06374926389503217
2231,N#Cc1ccc(N2CC[C@@H]3CN(C(=O)c4ccccc4F)C[C@]3(CO)C2)cc1C(F)(F)F,0,0.729480561663736,0.0019096330609752,7.3234506,0.0594834196099558,0.11210653494135132
2232,COc1ccc(CC(=O)N2C[C@H]3CCN(c4ccc(C#N)c(C(F)(F)F)c4)C[C@@]3(CO)C2)cc1,0,0.719823800102957,0.0035658652171223,3.2587318,0.0424651752719067,0.0787289231444293
2233,Cc1ccc(CC(=O)N2C[C@H]3CCN(c4ccc(C#N)c(C(F)(F)F)c4)C[C@@]3(CO)C2)cc1,0,0.759100307972908,0.0045066611597814,1.7441729,0.0502418419274418,0.10656509999207273
2234,COc1ccc(C(=O)N2C[C@H]3CCN(c4ccc(C#N)c(C(F)(F)F)c4)C[C@@]3(CO)C2)cc1,0,0.757006201898088,0.001611168638788,3.8328795,0.0417165209914807,0.08090812682529244
2235,Cc1ccc(C(=O)N2C[C@H]3CCN(c4ccc(C#N)c(C(F)(F)F)c4)C[C@@]3(CO)C2)s1,0,0.771770196184623,0.0038902945475352,7.3271785,0.042341203433494,0.06996626117556268
2236,N#Cc1ccc(N2CC[C@@H]3CN(C(=O)c4ccc(F)cc4F)C[C@]3(CO)C2)cc1C(F)(F)F,0,0.700484655755755,0.0040686199870047,7.564327,0.0716018563755396,0.1268902199858508
2237,N#Cc1ccc(N2CC[C@@]3(CO)CN(C(=O)C4CCCCC4)C[C@H]3C2)cc1C(F)(F)F,0,0.784292164464123,0.0021344689435678,0.413563,0.0253375844359899,0.11139982764051029
2238,N#Cc1ccc(N2CC[C@@]3(CO)CN(C(=O)C4(c5ccccc5)CCCC4)C[C@H]3C2)cc1C(F)(F)F,0,0.663028390135545,0.0062545331006696,-2.3372455,0.0363741463757524,0.08574421842286128
2239,CCc1ccc(C(=O)N2C[C@H]3CN(c4ccc(C#N)c(C(F)(F)F)c4)CC[C@@]3(CO)C2)cc1,0,0.750844990758378,0.0022715279581863,-3.0194645,0.0841909419865454,0.11489108905480783
2240,COc1ccc(C(=O)N2C[C@H]3CN(c4ccc(C#N)c(C(F)(F)F)c4)CC[C@@]3(CO)C2)c(OC)n1,0,0.688179513797074,0.0033059097176018,-3.1919322,0.0703571510033895,0.11172383699511095
2241,Cc1cc(C(=O)N2C[C@H]3CN(c4ccc(C#N)c(C(F)(F)F)c4)CC[C@@]3(CO)C2)c(C)o1,0,0.775353731402674,0.0042773115367322,5.673559,0.0442224545778004,0.06515072653426728
2242,COc1ccc(CC(=O)N2C[C@H]3CN(c4ccc(C#N)c(C(F)(F)F)c4)CC[C@@]3(CO)C2)cc1,0,0.719823800102957,0.00407096869079,-1.8883716,0.0459133643130141,0.08902825625462095
2243,N#Cc1ccc(N2CC[C@@]3(CO)CN(C(=O)c4ccc(F)cc4)C[C@H]3C2)cc1C(F)(F)F,0,0.729480561663736,0.0023589970752821,-5.717717,0.0480409924833641,0.13293375800701757
2244,N#Cc1ccc(N2CC[C@@]3(CO)CN(C(=O)C4CC4)C[C@H]3C2)cc1C(F)(F)F,0,0.857450967590646,0.0016017788048489,-11.476363,0.0173354766897513,0.08911597568265671
2245,COc1cccc(C(=O)N2C[C@H]3CN(c4ccc(C#N)c(C(F)(F)F)c4)CC[C@@]3(CO)C2)c1OC,0,0.69156430443344,0.0022904820661303,3.719205,0.0570663465479301,0.09423671767160771
2246,Cc1cc(C)cc(C(=O)N2C[C@H]3CN(c4ccc(C#N)c(C(F)(F)F)c4)CC[C@@]3(CO)C2)c1,0,0.751959229922424,0.0033864118671642,-0.6767174,0.0557798083018422,0.1014256120280151
2247,N#Cc1ccc(N2CC[C@@]3(CO)CN(C(=O)c4cccc(F)c4)C[C@H]3C2)cc1C(F)(F)F,0,0.729480561663736,0.004446563308516,-7.4267974,0.0575854823964693,0.11184661175889672
2248,N#Cc1ccc(N2CC[C@@]3(CO)CN(C(=O)c4cc(F)cc(F)c4)C[C@H]3C2)cc1C(F)(F)F,0,0.700484655755755,0.0018176033419963,-3.467474,0.060429603612268,0.12091620878436357
2249,Cc1ccc(C(=O)N2C[C@H]3CN(c4ccc(C#N)c(C(F)(F)F)c4)CC[C@@]3(CO)C2)c(C)c1,0,0.751959229922424,0.0025511506487681,-1.3410131,0.0710280829649158,0.09952341120717278
2250,Cc1ccc(C(=O)N2C[C@H]3CN(c4ccc(C#N)c(C(F)(F)F)c4)CC[C@@]3(CO)C2)s1,0,0.771770196184623,0.011536979980894,2.1829195,0.0441391361184184,0.0738341309524085
2251,COc1ccc(C(=O)N2C[C@H]3CN(c4ccc(C#N)c(C(F)(F)F)c4)CC[C@@]3(CO)C2)c(OC)c1,0,0.69156430443344,0.0020776181357958,3.8102665,0.0593990940257811,0.09142954426943226
2252,COC[C@@]12CCN(c3ccc(C#N)c(C(F)(F)F)c3)C[C@@H]1CN(C(=O)c1ccccc1)C2,0,0.711167565384788,0.0038222046052996,-6.7069373,0.0124039420625351,0.07016367036700416
2253,COC[C@@]12CCN(c3ccc(C#N)c(C(F)(F)F)c3)C[C@@H]1CN(C(=O)c1ccccc1Cl)C2,0,0.631669276857114,0.0029958458732075,-1.5745629,0.0148745967623797,0.08122352498859864
2254,CCn1ncc(C(=O)N2C[C@H]3CN(c4ccc(C#N)c(C(F)(F)F)c4)CC[C@@]3(COC)C2)c1C,0,0.659192981192371,0.0021112936731467,0.6116189,0.0350189009642135,0.07479634893457555
2255,CCn1nccc1C(=O)N1C[C@H]2CN(c3ccc(C#N)c(C(F)(F)F)c3)CC[C@@]2(COC)C1,0,0.682432030285381,0.0017600057508731,1.6732875,0.0243711842401281,0.06286064492636421
2256,CCn1ccc(C(=O)N2C[C@H]3CN(c4ccc(C#N)c(C(F)(F)F)c4)CC[C@@]3(COC)C2)n1,0,0.682432030285381,0.0019420655643788,-2.1674125,0.0278573593401527,0.056113851124372324
2257,COC[C@@]12CCN(c3ccc(C#N)c(C(F)(F)F)c3)C[C@@H]1CN(C(=O)Cc1cccc(C)c1)C2,0,0.647603544214015,0.0081827689903442,-5.2566023,0.0141164594635111,0.0735356725278484
2258,CCn1cc(S(=O)(=O)N2C[C@H]3CN(c4ccc(C#N)c(C(F)(F)F)c4)CC[C@@]3(COC)C2)cn1,0,0.609613222036774,0.0045492297134236,-3.4678478,0.0254845002757305,0.07783640255046737
2259,N#Cc1ccc(N2CC[C@@]3(CO)CN(C(=O)CCc4c[nH]c5ccccc45)C[C@H]3C2)cc1C(F)(F)F,0,0.550708815042241,0.0232553957140544,4.022448,0.0635805778406582,0.08159339262032117
2260,COc1ccc(CCC(=O)N2C[C@H]3CN(c4ccc(C#N)c(C(F)(F)F)c4)CC[C@@]3(CO)C2)cc1,0,0.669733292688547,0.0061281874981028,-1.677857,0.0365435096815998,0.08293533724582597
2261,N#Cc1ccc(N2CC[C@@]3(CO)CN(C(=O)c4nccc5ccccc45)C[C@H]3C2)cc1C(F)(F)F,0,0.611074181120591,0.0030780413728962,5.1829557,0.1192648144982749,0.08819517042413122
2262,N#Cc1ccc(N2CC[C@@]3(CO)CN(C(=O)c4ccc5c(c4)OCO5)C[C@H]3C2)cc1C(F)(F)F,0,0.736759941834269,0.0027357559589786,-1.5345997,0.0389352373955634,0.08337070320292114
2263,Cc1ccc(C(=O)N2C[C@H]3CN(c4ccc(C#N)c(C(F)(F)F)c4)CC[C@@]3(CO)C2)cn1,0,0.786365621667899,0.0040048427086599,-4.137572,0.0494402643175462,0.1101492500507816
2264,N#Cc1ccc(N2CC[C@@]3(CO)CN(C(=O)c4cccc5[nH]ccc45)C[C@H]3C2)cc1C(F)(F)F,0,0.608420580520956,0.0117877702570421,9.370679,0.0929840601371949,0.06959770551410868
2265,N#Cc1ccc(N2CC[C@@]3(CO)CN(C(=O)C4CCCC4)C[C@H]3C2)cc1C(F)(F)F,0,0.812321024390333,0.0018240831044652,0.36814463,0.0288727190064622,0.07909181306295468
2266,N#Cc1ccc(N2CC[C@@]3(CO)CN(C(=O)Cc4ccccc4Cl)C[C@H]3C2)cc1C(F)(F)F,0,0.719013941249159,0.0065280994993769,-4.704175,0.0550631210477029,0.11447560035596097
2267,N#Cc1ccc(N2CC[C@@]3(CO)CN(C(=O)CCC4CCCC4)C[C@H]3C2)cc1C(F)(F)F,0,0.731943210347982,0.0044173392119962,-4.839017,0.0151683565627521,0.07663426318796654
2268,Cc1occc1C(=O)N1C[C@H]2CN(c3ccc(C#N)c(C(F)(F)F)c3)CC[C@@]2(CO)C1,0,0.802255626394997,0.0035650562395806,4.726377,0.041366920887958,0.07241848178672908
2269,Cc1ncoc1C(=O)N1C[C@H]2CN(c3ccc(C#N)c(C(F)(F)F)c3)CC[C@@]2(CO)C1,0,0.798675955473891,0.0024915589950035,-1.2558094,0.0429451170906225,0.1019448362585651
2270,COc1cccc(C(=O)N2C[C@H]3CN(c4ccc(C#N)c(C(F)(F)F)c4)CC[C@@]3(CO)C2)c1C,0,0.730091841771453,0.0025562598155028,6.3223424,0.0522093128205126,0.07640525434883191
2271,CC1(C(=O)N2C[C@H]3CN(c4ccc(C#N)c(C(F)(F)F)c4)CC[C@@]3(CO)C2)CCCCC1,0,0.751378300193725,0.0052374631804547,-15.581177,0.0360970506186767,0.10022044460272173
2272,COc1cc(OC)cc(C(=O)N2C[C@H]3CN(c4ccc(C#N)c(C(F)(F)F)c4)CC[C@@]3(CO)C2)c1,0,0.69156430443344,0.0020776181357958,1.940004,0.0518282798389905,0.08226270138879321
2273,N#Cc1ccc(N2CC[C@@]3(CO)CN(C(=O)COc4ccccc4)C[C@H]3C2)cc1C(F)(F)F,0,0.74269484955819,0.0013467335278228,-3.7692976,0.0295003682584006,0.0762629031353297
2274,Cc1cncc(C(=O)N2C[C@H]3CN(c4ccc(C#N)c(C(F)(F)F)c4)CC[C@@]3(CO)C2)c1,0,0.786365621667899,0.0047947467000489,-8.538146,0.0436199145665852,0.09693488396473157
2275,Cn1cncc1C(=O)N1C[C@H]2CN(c3ccc(C#N)c(C(F)(F)F)c3)CC[C@@]2(CO)C1,0,0.802894289886302,0.0029617573901009,8.7263,0.0497706599238932,0.0719987750648253
2276,N#Cc1ccc(N2CC[C@@]3(CO)CN(C(=O)c4ccncc4)C[C@H]3C2)cc1C(F)(F)F,0,0.810086824812347,0.002590440583196,-2.697123,0.0340939465075062,0.10410589523150189
2277,Cc1ccccc1CC(=O)N1C[C@H]2CN(c3ccc(C#N)c(C(F)(F)F)c3)CC[C@@]2(CO)C1,0,0.759100307972908,0.0025076050126582,-0.60809505,0.0519506229467552,0.10650023538032678
2278,COc1ccc(C2(C(=O)N3C[C@H]4CN(c5ccc(C#N)c(C(F)(F)F)c5)CC[C@@]4(CO)C3)CC2)cc1,0,0.674079486518008,0.0071910436299268,0.039875865,0.0615278478331633,0.08240722204514736
2279,Cn1cccc1C(=O)N1C[C@H]2CN(c3ccc(C#N)c(C(F)(F)F)c3)CC[C@@]2(CO)C1,0,0.809790325583155,0.0027606119677588,0.33479726,0.0525421737751006,0.08187402725640254
2280,CCCC(=O)N1C[C@H]2CN(c3ccc(C#N)c(C(F)(F)F)c3)CC[C@@]2(CO)C1,0,0.851113015915778,0.0025610379487068,-7.2054334,0.0216642686440993,0.13678721118500706
2281,Cc1cc(C)n(CC(=O)N2C[C@H]3CN(c4ccc(C#N)c(C(F)(F)F)c4)CC[C@@]3(CO)C2)c(=O)n1,0,0.705920327638364,0.0035040931055641,5.730336,0.1002621020408559,0.12990390567776935
2282,Cc1cc(C)n(CC(=O)N2C[C@H]3CN(c4ccc(C#N)c(C(F)(F)F)c4)CC[C@@]3(CO)C2)n1,0,0.757016283089163,0.0023049783047222,-1.9627467,0.0717335195664017,0.09851208224684802
2283,Cc1cc(C)n(CCC(=O)N2C[C@H]3CN(c4ccc(C#N)c(C(F)(F)F)c4)CC[C@@]3(CO)C2)n1,0,0.7184059605685,0.0049993248161817,-3.103434,0.0555474130238134,0.0942924900960252
2284,N#Cc1ccc(N2CC[C@@]3(CO)CN(C(=O)c4cccnc4)C[C@H]3C2)cc1C(F)(F)F,0,0.810086824812347,0.0036660043933179,-6.5197124,0.0327105820582504,0.10394298975555787
2285,N#Cc1ccc(N2CC[C@@]3(CO)CN(C(=O)c4ccccc4)C[C@H]3C2)cc1C(F)(F)F,0,0.810681836121621,0.0052022424658525,-2.9952054,0.0362996850056599,0.10509317517344463
2286,CCn1nccc1C(=O)N1C[C@H]2CN(c3ccc(C#N)c(C(F)(F)F)c3)CC[C@@]2(CO)C1,0,0.779240773078802,0.0022114932896006,5.9467583,0.0620003296750076,0.0960754110105512
2287,N#Cc1ccc(N2CC[C@@]3(CO)CN(C(=O)COCc4ccccc4)C[C@H]3C2)cc1C(F)(F)F,0,0.69577770716249,0.0009848502850186,-7.9674296,0.0209356370317071,0.09987829109123868
2288,Cc1noc(C)c1C(=O)N1C[C@H]2CN(c3ccc(C#N)c(C(F)(F)F)c3)CC[C@@]2(CO)C1,0,0.775578174227874,0.0024116388646686,-6.2638555,0.0627045677035227,0.08039467693978998
2289,Cc1cc(C(=O)N2C[C@H]3CN(c4ccc(C#N)c(C(F)(F)F)c4)CC[C@@]3(CO)C2)n(C)n1,0,0.781952496813668,0.0016617659220167,1.8831857,0.0724395124545247,0.07942645267580853
2290,N#Cc1ccc(N2CC[C@@]3(CO)CN(C(=O)CCn4cccn4)C[C@H]3C2)cc1C(F)(F)F,0,0.761502469159263,0.0015568439419488,4.2291017,0.0177412154057787,0.0800964199715326
2291,Cc1cnn(CC(=O)N2C[C@H]3CN(c4ccc(C#N)c(C(F)(F)F)c4)CC[C@@]3(CO)C2)c1,0,0.778344614288584,0.0025864031621827,3.4173717,0.0468359024961844,0.09229127399042714
2292,Cc1nn(C)c(C)c1C(=O)N1C[C@H]2CN(c3ccc(C#N)c(C(F)(F)F)c3)CC[C@@]2(CO)C1,0,0.759963490590814,0.0014550382604051,-1.1109742,0.0812214497822811,0.08838416174527501
2293,N#Cc1ccc(N2CC[C@@]3(CO)CN(C(=O)CCn4cnnn4)C[C@H]3C2)cc1C(F)(F)F,0,0.732521611830934,0.0039854580644447,4.849727,0.0193184834853742,0.08821297200005303
2294,Cc1ccccc1C(=O)N1C[C@H]2CN(c3ccc(C#N)c(C(F)(F)F)c3)CC[C@@]2(CO)C1,0,0.782787470596669,0.002219993006723,-0.34649706,0.0579039889843363,0.10739638577703203
2295,COC[C@@]12CCN(c3ccc(C#N)c(C(F)(F)F)c3)C[C@@H]1CN(S(=O)(=O)Cc1ccccc1)C2,0,0.610788078811372,0.0021813452710772,-1.6458832,0.0223500111108792,0.09384877064469097
2296,COC[C@@]12CCN(c3ccc(C#N)c(C(F)(F)F)c3)C[C@@H]1CN(C(=O)c1ccoc1)C2,0,0.734054872776664,0.0018738181258986,-3.4383357,0.0181027397877252,0.05596650696409642
2297,COC[C@@]12CCN(c3ccc(C#N)c(C(F)(F)F)c3)C[C@@H]1CN(C(=O)Cc1cccc(OC)c1)C2,0,0.613244138523222,0.0060599827326411,-6.588225,0.0165662557558775,0.0775646984731412
2298,COC[C@@]12CCN(c3ccc(C#N)c(C(F)(F)F)c3)C[C@@H]1CN(C(=O)c1cccs1)C2,0,0.700302013959393,0.0028456152592031,-5.62126,0.01171978750777,0.05525881776103007
2299,COC[C@@]12CCN(c3ccc(C#N)c(C(F)(F)F)c3)C[C@@H]1CN(C(=O)c1ccc(OC)cc1)C2,0,0.651394045773903,0.0032501773799729,-5.5897336,0.0197990036442041,0.08081644068587815
2300,COC[C@@]12CCN(c3ccc(C#N)c(C(F)(F)F)c3)C[C@@H]1CN(C(=O)Nc1ccccc1F)C2,0,0.648673549348406,0.0039255416633907,-3.7572045,0.0405589627567416,0.07546290016901339
2301,COC[C@@]12CCN(c3ccc(C#N)c(C(F)(F)F)c3)C[C@@H]1CN(C(=O)c1ccc(OC)c(F)c1)C2,0,0.582630030432653,0.0134107228736469,-7.3069935,0.0463542975376618,0.09784020690054729
2302,COC[C@@]12CCN(c3ccc(C#N)c(C(F)(F)F)c3)C[C@@H]1CN(C(=O)Cc1ccc(F)cc1)C2,0,0.606834277940188,0.0083802620992079,-4.330994,0.025376805574154,0.09893682997718838
2303,COC[C@@]12CCN(c3ccc(C#N)c(C(F)(F)F)c3)C[C@@H]1CN(C(=O)Cc1ccccc1F)C2,0,0.606834277940188,0.0092137516728981,-6.0619235,0.0237128527732007,0.09382527502814184
2304,COC[C@@]12CCN(c3ccc(C#N)c(C(F)(F)F)c3)C[C@@H]1CN(C(=O)c1cc(C)ccc1C)C2,0,0.642409685690961,0.0044757368459094,-7.625625,0.0246893163189934,0.07667018760624031
2305,COC[C@@]12CCN(c3ccc(C#N)c(C(F)(F)F)c3)C[C@@H]1CN(C(=O)C1CCCC1)C2,0,0.715611412817352,0.0118455385800966,-3.4397926,0.010968964004784,0.05538548718872198
2306,COC[C@@]12CCN(c3ccc(C#N)c(C(F)(F)F)c3)C[C@@H]1CN(C(=O)C1CCOCC1)C2,0,0.702962713231237,0.0020742635610128,-9.152224,0.0156504494984106,0.0877325994364566
2307,COC[C@@]12CCN(c3ccc(C#N)c(C(F)(F)F)c3)C[C@@H]1CN(C(=O)c1ccc(OC)nc1)C2,0,0.659193841210647,0.003673544882846,-8.239063,0.0157511062666358,0.07782081182229
2308,COC[C@@]12CCN(c3ccc(C#N)c(C(F)(F)F)c3)C[C@@H]1CN(C(=O)c1cnc(C)cn1)C2,0,0.698036584381922,0.0039475997058164,-3.6571283,0.0287044285561094,0.0764607614367549
2309,COC[C@@]12CCN(c3ccc(C#N)c(C(F)(F)F)c3)C[C@@H]1CN(C(=O)c1ccoc1C)C2,0,0.706181175229481,0.0032085016761816,0.91866124,0.0238242605623522,0.05784840777867595
2310,CCN(CC)C(=O)N1C[C@H]2CN(c3ccc(C#N)c(C(F)(F)F)c3)CC[C@@]2(COC)C1,0,0.701537996433293,0.0031870209271996,-7.839991,0.0084284530918372,0.08650138540926558
2311,COC[C@@]12CCN(c3ccc(C#N)c(C(F)(F)F)c3)C[C@@H]1CN(C(=O)c1ccccn1)C2,0,0.721102740757289,0.0018779286975,-2.8413925,0.0118281486980843,0.07298488893428355
2312,COC[C@@]12CCN(c3ccc(C#N)c(C(F)(F)F)c3)C[C@@H]1CN(C(=O)COc1ccccc1)C2,0,0.635689802017161,0.0022314096069546,-7.0633264,0.0117697743932732,0.06246672628202589
2313,COC[C@@]12CCN(c3ccc(C#N)c(C(F)(F)F)c3)C[C@@H]1CN(C(=O)c1ccco1)C2,0,0.734054872776664,0.0019630818488304,-10.737879,0.0166947462549902,0.053178697007497944
2314,COC[C@@]12CCN(c3ccc(C#N)c(C(F)(F)F)c3)C[C@@H]1CN(C(=O)c1cccn1C)C2,0,0.721110453462184,0.0035256059077449,-5.7855983,0.0182817262387578,0.05447726399718287
2315,COC[C@@]12CCN(c3ccc(C#N)c(C(F)(F)F)c3)C[C@@H]1CN(C(=O)C1(c3ccccc3)CC1)C2,0,0.623438708760745,0.0109029335672015,-3.5669422,0.0192184535098356,0.054405617340869974
2316,COc1cccc(C(=O)N2CC[C@@]3(CO)CN(c4ccc(C#N)c(C(F)(F)F)c4)C[C@H]3C2)c1,0,0.757006201898088,0.00474363394735,-0.5039674,0.0430773730641745,0.07995259732908563
2317,COc1ccc(C(=O)N2CC[C@@]3(CO)CN(c4ccc(C#N)c(C(F)(F)F)c4)C[C@H]3C2)c(C)c1,0,0.730091841771453,0.0018869326100982,1.054356,0.0615447711711971,0.08812897236243719
2318,N#Cc1ccc(N2C[C@H]3CN(C(=O)c4ccc5cc[nH]c5c4)CC[C@@]3(CO)C2)cc1C(F)(F)F,0,0.608420580520956,0.0191176786817339,6.154833,0.1160933204346347,0.0793449707497231
2319,N#Cc1ccc(N2C[C@H]3CN(C(=O)Cc4cccnc4)CC[C@@]3(CO)C2)cc1C(F)(F)F,0,0.78462663902193,0.0019550252584888,2.0085726,0.0483548313471171,0.10512218835464823
2320,N#Cc1ccc(N2C[C@H]3CN(C(=O)C4CC=CC4)CC[C@@]3(CO)C2)cc1C(F)(F)F,0,0.764536246587137,0.0026300888746154,2.2246518,0.0391560380863835,0.08028663190385471
2321,Cc1occc1C(=O)N1CC[C@@]2(CO)CN(c3ccc(C#N)c(C(F)(F)F)c3)C[C@H]2C1,0,0.802255626394997,0.0034873254120871,7.935762,0.0426963818161974,0.07089263538753232
2322,Cc1ncoc1C(=O)N1CC[C@@]2(CO)CN(c3ccc(C#N)c(C(F)(F)F)c3)C[C@H]2C1,0,0.798675955473892,0.0024915589950035,2.7499099,0.0409800135252165,0.09527835641919696
2323,N#Cc1ccc(N2C[C@H]3CN(C(=O)c4ccc(Cl)s4)CC[C@@]3(CO)C2)cc1C(F)(F)F,0,0.729295538240159,0.014359914652351,3.8573384,0.0494149889034241,0.08745644727739374
2324,N#Cc1ccc(N2C[C@H]3CN(C(=O)CC4CCCC4)CC[C@@]3(CO)C2)cc1C(F)(F)F,0,0.78125013277946,0.0010213245836833,2.4054904,0.0396027648162169,0.07816272857995962
2325,COc1cccc(OC)c1C(=O)N1CC[C@@]2(CO)CN(c3ccc(C#N)c(C(F)(F)F)c3)C[C@H]2C1,0,0.69156430443344,0.0021747897640706,3.127409,0.0627835008085193,0.0850196816807542
2326,Cc1nn(C)cc1C(=O)N1CC[C@@]2(CO)CN(c3ccc(C#N)c(C(F)(F)F)c3)C[C@H]2C1,0,0.781952496813668,0.0013638807817796,6.4457936,0.0631422620934806,0.08060335658743806
2327,COC[C@@]12CCN(C(=O)CC(C)C)C[C@@H]1CN(c1ccc(C#N)c(C(F)(F)F)c1)C2,0,0.720347674622962,0.0020210319332465,-11.650908,0.0122218801354242,0.07199618040355306
2328,COC[C@@]12CCN(C(=O)c3ccccc3OC)C[C@@H]1CN(c1ccc(C#N)c(C(F)(F)F)c1)C2,0,0.651394045773903,0.001992019759328,4.696483,0.0227900038525077,0.06845236374557317
2329,COC[C@@]12CCN(C(=O)C3CCC3)C[C@@H]1CN(c1ccc(C#N)c(C(F)(F)F)c1)C2,0,0.744400670402867,0.0032718904924715,-6.3755374,0.0225196767769397,0.05533824690454857
2330,COC[C@@]12CCN(C(=O)c3ccc(OC)c(F)c3)C[C@@H]1CN(c1ccc(C#N)c(C(F)(F)F)c1)C2,0,0.582630030432653,0.0134107228736469,-3.9116364,0.0473145520142906,0.0989591912390678
2331,COC[C@@]12CCN(C(=O)Cc3c[nH]c4ccccc34)C[C@@H]1CN(c1ccc(C#N)c(C(F)(F)F)c1)C2,0,0.560470295228556,0.003479534456664,0.0095824,0.0521098484751524,0.05400426998440796
2332,COC[C@@]12CCN(C(=O)c3nccc4ccccc34)C[C@@H]1CN(c1ccc(C#N)c(C(F)(F)F)c1)C2,0,0.524185081406002,0.0030054371416414,5.2335696,0.04540239080503,0.06594845927257345
2333,CCOCC(=O)N1CC[C@@]2(COC)CN(c3ccc(C#N)c(C(F)(F)F)c3)C[C@H]2C1,0,0.701347313339778,0.0017489072878598,-7.3258133,0.0139566179524393,0.08706457871605013
2334,COC[C@@]12CCN(C(=O)C3CCCCCC3)C[C@@H]1CN(c1ccc(C#N)c(C(F)(F)F)c1)C2,0,0.59939374678599,0.00683662102035,0.5301455,0.0282484696482574,0.08143959573119046
2335,COC[C@@]12CCN(C(=O)c3ccoc3C)C[C@@H]1CN(c1ccc(C#N)c(C(F)(F)F)c1)C2,0,0.706181175229481,0.0077680705740774,4.7273197,0.0276007926922829,0.05427559294679386
2336,COC[C@@]12CCN(C(=O)c3cnccc3C)C[C@@H]1CN(c1ccc(C#N)c(C(F)(F)F)c1)C2,0,0.695355415396148,0.0036804507839298,0.4814831,0.0301144672118567,0.07221913985884476
2337,COC[C@@]12CCN(C(=O)c3cccnc3C)C[C@@H]1CN(c1ccc(C#N)c(C(F)(F)F)c1)C2,0,0.695355415396148,0.0043366694793524,2.9206824,0.0292791432015882,0.07398580917277242
2338,COC[C@@]12CCN(C(=O)c3cccnc3O)C[C@@H]1CN(c1ccc(C#N)c(C(F)(F)F)c1)C2,0,0.753347887732534,0.0051052540786493,3.7577481,0.0429486793768998,0.08982462688959167
2339,COC[C@@]12CCN(C(=O)c3cn[nH]c3)C[C@@H]1CN(c1ccc(C#N)c(C(F)(F)F)c1)C2,0,0.801596188259975,0.0025608374966622,0.23909175,0.0405600715995364,0.06386277943840285
2340,COC[C@@]12CCN(S(=O)(=O)N(C)C)C[C@@H]1CN(c1ccc(C#N)c(C(F)(F)F)c1)C2,0,0.692944845259153,0.0019905427405738,7.818856,0.0149511381404676,0.08780152288908677
2341,COC[C@@]12CCN(C(=O)c3cscn3)C[C@@H]1CN(c1ccc(C#N)c(C(F)(F)F)c1)C2,0,0.711417944702324,0.0027313069312927,-4.7962713,0.0281576205870724,0.0555570392128658
2342,COC[C@@]12CCN(C(=O)c3ccccn3)C[C@@H]1CN(c1ccc(C#N)c(C(F)(F)F)c1)C2,0,0.721102740757289,0.0023000920695075,1.07258,0.0204294607971211,0.07223582206848692
2343,COC[C@@]12CCN(C(=O)COc3ccccc3)C[C@@H]1CN(c1ccc(C#N)c(C(F)(F)F)c1)C2,0,0.635689802017161,0.0051511826204407,-3.0875278,0.0132627515670815,0.06404015866270182
2344,COC[C@@]12CCN(C(=O)c3ccncn3)C[C@@H]1CN(c1ccc(C#N)c(C(F)(F)F)c1)C2,0,0.719826896143627,0.0035782042345424,3.3003654,0.0341941125006173,0.07649552271564065
2345,COC[C@@]12CCN(C(=O)c3ccncc3)C[C@@H]1CN(c1ccc(C#N)c(C(F)(F)F)c1)C2,0,0.721102740757289,0.0028935740782019,-2.2914631,0.0285082496790911,0.071183239739614
2346,Cc1cncc(C(=O)N2CC[C@@]3(CO)CN(c4ccc(C#N)c(C(F)(F)F)c4)C[C@H]3C2)c1,0,0.786365621667899,0.0054729646843767,-4.687756,0.0497409418434929,0.09964606214102284
2347,N#Cc1ccc(N2C[C@H]3CN(C(=O)c4ncccn4)CC[C@@]3(CO)C2)cc1C(F)(F)F,0,0.801989307655544,0.0032144612159167,-3.6483488,0.0484897886293939,0.09449658196574869
2348,N#Cc1ccc(N2C[C@H]3CN(C(=O)c4ccncc4)CC[C@@]3(CO)C2)cc1C(F)(F)F,0,0.810086824812347,0.0024862507044399,0.80881035,0.0503975318548859,0.11128018349177948
2349,COc1ccccc1CCC(=O)N1CC[C@@]2(CO)CN(c3ccc(C#N)c(C(F)(F)F)c3)C[C@H]2C1,0,0.669733292688547,0.0081773638520924,4.8418164,0.0313550473457882,0.08363016020470482
2350,N#Cc1ccc(N2C[C@H]3CN(C(=O)CCc4ccccc4)CC[C@@]3(CO)C2)cc1C(F)(F)F,0,0.7406772412986,0.0061437035233085,-0.46795118,0.0386153321908838,0.0983254021391949
2351,COc1cccc(CCC(=O)N2CC[C@@]3(CO)CN(c4ccc(C#N)c(C(F)(F)F)c4)C[C@H]3C2)c1,0,0.669733292688547,0.0026921763384677,1.3133904,0.0445575716104487,0.07589887457831024
2352,COc1ccc(C2(C(=O)N3CC[C@@]4(CO)CN(c5ccc(C#N)c(C(F)(F)F)c5)C[C@H]4C3)CC2)cc1,0,0.674079486518008,0.00795633032468,0.8102983,0.0635552605803782,0.07492387147578453
2353,CC(=O)Nc1ccc(C(=O)N2CC[C@@]3(CO)CN(c4ccc(C#N)c(C(F)(F)F)c4)C[C@H]3C2)cc1,0,0.689828711462177,0.0091932077159843,-1.4688762,0.0620245747962499,0.12934242970256057
2354,Cc1cc(C(=O)N2CC[C@@]3(CO)CN(c4ccc(C#N)c(C(F)(F)F)c4)C[C@H]3C2)[nH]n1,0,0.775801758061293,0.0089687551292483,2.1776757,0.05003439303611,0.0729251711857865
2355,N#Cc1ccc(N2C[C@H]3CN(C(=O)c4cccnc4)CC[C@@]3(CO)C2)cc1C(F)(F)F,0,0.810086824812347,0.006121815297564,-2.3948305,0.0523498750868396,0.10812561411265094
2356,N#Cc1ccc(N2C[C@H]3CN(C(=O)c4ccccc4)CC[C@@]3(CO)C2)cc1C(F)(F)F,0,0.81068183612162,0.0037837384656653,0.6320895,0.0464695928304716,0.10939676903532394
2357,CCn1ncc(C(=O)N2CC[C@@]3(CO)CN(c4ccc(C#N)c(C(F)(F)F)c4)C[C@H]3C2)c1C,0,0.756637135109295,0.0021644598961394,7.6744514,0.0704454267024844,0.08930573863638516
2358,CCn1cc(C(=O)N2CC[C@@]3(CO)CN(c4ccc(C#N)c(C(F)(F)F)c4)C[C@H]3C2)cn1,0,0.779240773078802,0.0026876254004495,7.8290744,0.0487598217280037,0.07987418527623093
2359,Cc1cc(C(=O)N2CC[C@@]3(CO)CN(c4ccc(C#N)c(C(F)(F)F)c4)C[C@H]3C2)nn1C,0,0.781952496813668,0.0015268707767738,2.561337,0.0600183411795806,0.0864673989748952
2360,Cc1cnn(CCC(=O)N2CC[C@@]3(CO)CN(c4ccc(C#N)c(C(F)(F)F)c4)C[C@H]3C2)c1,0,0.740341451132674,0.0031756485714359,6.428919,0.0464917105283279,0.08896096318786154
2361,CCOC[C@@]12CCN(c3ccc(C#N)c(C(F)(F)F)c3)C[C@@H]1CN(C(=O)c1ccoc1)C2,0,0.688084143981757,0.0031546732838705,-2.4765062,0.0235499946861057,0.05813324401877688
2362,CCOC[C@@]12CCN(c3ccc(C#N)c(C(F)(F)F)c3)C[C@@H]1CN(C(=O)c1ccc(CC)cc1)C2,0,0.568358412324119,0.0094450101058154,-3.2785673,0.0208064695593757,0.09089017287142498
2363,CCOC[C@@]12CCN(c3ccc(C#N)c(C(F)(F)F)c3)C[C@@H]1CN(C(=O)c1cc(C)oc1C)C2,0,0.621939178788324,0.0117405929887291,1.5721096,0.0273306525733976,0.06048472009689395
2364,CCOC[C@@]12CCN(c3ccc(C#N)c(C(F)(F)F)c3)C[C@@H]1CN(C(=O)c1cccs1)C2,0,0.648202705454459,0.003654739460976,-2.8148222,0.0181463698754332,0.06402920828922513
2365,CCOC[C@@]12CCN(c3ccc(C#N)c(C(F)(F)F)c3)C[C@@H]1CN(C(=O)Cc1ccc(C)cc1)C2,0,0.588878441648012,0.0073922617974201,-0.3351487,0.0198026274867181,0.08858334523826493
2366,CCOC[C@@]12CCN(c3ccc(C#N)c(C(F)(F)F)c3)C[C@@H]1CN(C(=O)C(CC)CC)C2,0,0.602844896244647,0.0027541216965483,-3.995419,0.0343286893430065,0.10199072440959493
2367,CCOC[C@@]12CCN(c3ccc(C#N)c(C(F)(F)F)c3)C[C@@H]1CN(C(=O)CC(C)C)C2,0,0.665425519405022,0.0026475456810786,-12.415437,0.0093174714993983,0.0914721742538093
2368,CCOC[C@@]12CCN(c3ccc(C#N)c(C(F)(F)F)c3)C[C@@H]1CN(C(=O)c1sccc1C)C2,0,0.611460625202307,0.0115676993441917,-8.517512,0.0240119054308004,0.05519939850115294
2369,CCOC[C@@]12CCN(c3ccc(C#N)c(C(F)(F)F)c3)C[C@@H]1CN(C(=O)c1cccc(F)c1)C2,0,0.58756216279155,0.003082827402182,-6.615584,0.0360306320682426,0.09074055022536492
2370,CCOC[C@@]12CCN(c3ccc(C#N)c(C(F)(F)F)c3)C[C@@H]1CN(C(=O)c1ccc(F)cc1F)C2,0,0.558659789459908,0.005392443017232,0.28638577,0.0426733463012175,0.10450578509366308
2371,CCOC[C@@]12CCN(c3ccc(C#N)c(C(F)(F)F)c3)C[C@@H]1CN(C(=O)c1cnccn1)C2,0,0.68203585968464,0.0036679646144623,-3.7311687,0.0273572434166514,0.08526591465075495
2372,CCOC[C@@]12CCN(c3ccc(C#N)c(C(F)(F)F)c3)C[C@@H]1CN(C(=O)c1cccc(OC)c1)C2,0,0.596447706763055,0.0036771858071168,-5.316471,0.0193002131669531,0.06955107917401353
2373,CCOC[C@@]12CCN(c3ccc(C#N)c(C(F)(F)F)c3)C[C@@H]1CN(C(=O)c1ccc(C)nc1)C2,0,0.649674128718179,0.0038246111088891,-7.1808906,0.0219148667620018,0.0881803275863515
2374,CCOC[C@@]12CCN(c3ccc(C#N)c(C(F)(F)F)c3)C[C@@H]1CN(C(=O)c1cccc3[nH]ccc13)C2,0,0.535884921166746,0.0262890758870101,4.7272162,0.0862375770777896,0.06132094560125294
2375,CCOC[C@@]12CCN(c3ccc(C#N)c(C(F)(F)F)c3)C[C@@H]1CN(C(=O)c1ccsc1)C2,0,0.648202705454459,0.003654739460976,-8.685308,0.0180521099129761,0.06447682916219008
2376,CCOC[C@@]12CCN(c3ccc(C#N)c(C(F)(F)F)c3)C[C@@H]1CN(C(=O)Cc1cccnc1)C2,0,0.637876788734283,0.0033653524869096,-2.9707756,0.0187009774610967,0.10136832266403988
2377,CCOC[C@@]12CCN(c3ccc(C#N)c(C(F)(F)F)c3)C[C@@H]1CN(C(=O)c1sc(C)nc1C)C2,0,0.607590059767603,0.004079453036491,-7.3261666,0.0369126646482485,0.06527830520449938
2378,CCOC[C@@]12CCN(c3ccc(C#N)c(C(F)(F)F)c3)C[C@@H]1CN(S(=O)(=O)N(C)C)C2,0,0.652259525440465,0.0028846390611865,2.8989582,0.0254934914286257,0.08790346511794651
2379,CCOC[C@@]12CCN(c3ccc(C#N)c(C(F)(F)F)c3)C[C@@H]1CN(C(=O)c1ccc(C)c(F)c1)C2,0,0.553208612246472,0.0309144520915873,-1.5556922,0.0391088419096086,0.08658318245591518
2380,CCOC[C@@]12CCN(c3ccc(C#N)c(C(F)(F)F)c3)C[C@@H]1CN(C(=O)c1ccccn1)C2,0,0.678157457582365,0.0043136683347083,-2.5034707,0.0123782290895735,0.090139064592576
2381,CCOC[C@@]12CCN(c3ccc(C#N)c(C(F)(F)F)c3)C[C@@H]1CN(C(=O)c1cncnc1)C2,0,0.68203585968464,0.0030631194507569,-15.040202,0.0234864381132683,0.07469722974605912
2382,CCOC[C@@]12CCN(c3ccc(C#N)c(C(F)(F)F)c3)C[C@@H]1CN(S(C)(=O)=O)C2,0,0.716854436515776,0.0018155513847067,-3.3709588,0.012134932575551,0.12040272050409864
2383,CCOC[C@@]12CCN(c3ccc(C#N)c(C(F)(F)F)c3)C[C@@H]1CN(C(=O)Cc1ccccc1C)C2,0,0.588878441648012,0.0024869208690304,1.275731,0.0293069569297291,0.08196790995199008
2384,CCOC[C@@]12CCN(c3ccc(C#N)c(C(F)(F)F)c3)C[C@@H]1CN(C(=O)CCc1ccccc1)C2,0,0.559858816195891,0.0099946590374518,-2.4610603,0.0166911385019385,0.09244572533866677
2385,CCOC[C@@]12CCN(c3ccc(C#N)c(C(F)(F)F)c3)C[C@@H]1CN(C(=O)c1cccn1C)C2,0,0.678753976668925,0.0066087910535572,-5.0867925,0.0304307750529215,0.05565518669084642
2386,CCOC[C@@]12CCN(c3ccc(C#N)c(C(F)(F)F)c3)C[C@@H]1CN(C(=O)c1cccnc1)C2,0,0.678157457582365,0.0067265778196801,-9.208845,0.0173782078372598,0.08412912062038427
2387,CCOC[C@@]12CCN(c3ccc(C#N)c(C(F)(F)F)c3)C[C@@H]1CN(C(=O)NCCCOC)C2,0,0.591356156544498,0.0053804496925758,-5.2530537,0.0167667269076799,0.0790735897097866
2388,CCOC[C@@]12CCN(c3ccc(C#N)c(C(F)(F)F)c3)C[C@@H]1CN(C(=O)Cc1cccc(C)c1)C2,0,0.588878441648012,0.0071784864938854,-2.6382651,0.0205470754058922,0.08887770053838842
2389,CCOC[C@@]12CCN(c3ccc(C#N)c(C(F)(F)F)c3)C[C@@H]1CN(C(=O)c1ccn(C)n1)C2,0,0.683158155958616,0.0024735852988364,-5.8771,0.0311042950044026,0.05852769877612567
2390,CCOC[C@@]12CCN(c3ccc(C#N)c(C(F)(F)F)c3)C[C@@H]1CN(C(=O)Cn1ccc(C)n1)C2,0,0.639774527447728,0.0017374366914752,-10.155532,0.0322841484699239,0.07399521441024716
2391,CCOC[C@@]12CCN(c3ccc(C#N)c(C(F)(F)F)c3)C[C@@H]1CN(C(=O)CCn1ccnc1)C2,0,0.612417678039706,0.0020380754921486,-3.5564127,0.0229328435169996,0.057479992670268244
2392,CCOC[C@@]12CCN(c3ccc(C#N)c(C(F)(F)F)c3)C[C@@H]1CN(C(=O)c1ccccc1C)C2,0,0.62318277157678,0.0081672971448222,-2.3795779,0.0198113830941937,0.08684549457629993
2393,N#Cc1ccc(N2C[C@H]3CN(C(=O)C4(c5ccccc5)CCCC4)CC[C@@]3(CO)C2)cc1C(F)(F)F,0,0.663028390135545,0.0114874061685711,-0.7360804,0.0465208695179192,0.0801237432982033
2394,CCOc1ccccc1C(=O)N1CC[C@@]2(CO)CN(c3ccc(C#N)c(C(F)(F)F)c3)C[C@H]2C1,0,0.712153458797519,0.001936193275333,8.536361,0.0475713323061328,0.08766503845218898
2395,CCc1ccc(C(=O)N2CC[C@@]3(CO)CN(c4ccc(C#N)c(C(F)(F)F)c4)C[C@H]3C2)cc1,0,0.750844990758378,0.0024824003063658,0.4865793,0.0664164576684047,0.11190284944773392
2396,Cc1cc(C(=O)N2CC[C@@]3(CO)CN(c4ccc(C#N)c(C(F)(F)F)c4)C[C@H]3C2)no1,0,0.798675955473892,0.0024371769532097,5.4708934,0.0473341183296584,0.0852368218033913
2397,N#Cc1ccc(N2C[C@H]3CN(C(=O)c4ccccc4F)CC[C@@]3(CO)C2)cc1C(F)(F)F,0,0.729480561663736,0.0020429304114391,6.4126296,0.0659201897300405,0.11282531817490568
2398,N#Cc1ccc(N2C[C@H]3CN(C(=O)c4cccs4)CC[C@@]3(CO)C2)cc1C(F)(F)F,0,0.800165312966556,0.0033739861693123,1.4833895,0.0421739331126222,0.08100323528078071
2399,N#Cc1ccc(N2C[C@H]3CN(C(=O)c4ccc(F)cc4)CC[C@@]3(CO)C2)cc1C(F)(F)F,0,0.729480561663736,0.0041841162366169,-1.7213095,0.0647466704326607,0.13526212873198235
2400,N#Cc1ccc(N2C[C@H]3CN(C(=O)CSc4ccncc4)CC[C@@]3(CO)C2)cc1C(F)(F)F,0,0.666620389058602,0.0036083352639266,-0.99886525,0.0403751129294098,0.09826451080894497
2401,N#Cc1ccc(N2C[C@H]3CN(C(=O)C4CCC4)CC[C@@]3(CO)C2)cc1C(F)(F)F,0,0.836550674601459,0.0014474119993459,-1.8276954,0.0198525313274905,0.09057240323953505
2402,Cc1ccsc1C(=O)N1CC[C@@]2(CO)CN(c3ccc(C#N)c(C(F)(F)F)c3)C[C@H]2C1,0,0.771770196184623,0.008662694917569,-1.4575956,0.0426065931208069,0.07962019890670778
2403,N#Cc1ccc(N2C[C@H]3CN(C(=O)c4ccc(F)c(F)c4)CC[C@@]3(CO)C2)cc1C(F)(F)F,0,0.700484655755755,0.0047591150758894,0.9571532,0.0744932164585354,0.1356931444943367
2404,N#Cc1ccc(N2C[C@H]3CN(C(=O)Cc4cccs4)CC[C@@]3(CO)C2)cc1C(F)(F)F,0,0.77568989191277,0.0030888488387968,-0.8427955,0.0425216388034525,0.08765683218478938
2405,N#Cc1ccc(N2C[C@H]3CN(C(=O)c4c(F)cccc4F)CC[C@@]3(CO)C2)cc1C(F)(F)F,0,0.700484655755755,0.0016821014556607,5.930697,0.0619205999167451,0.11980269201448553
2406,CCOC[C@@]12CCN(C(=O)C3CCCCC3)C[C@@H]1CN(c1ccc(C#N)c(C(F)(F)F)c1)C2,0,0.626604239156512,0.00683662102035,0.57831895,0.0238133132918822,0.08164170019500706
2407,CCOC[C@@]12CCN(C(=O)c3ccoc3)C[C@@H]1CN(c1ccc(C#N)c(C(F)(F)F)c1)C2,0,0.688084143981757,0.0053588326084772,1.172449,0.0284980373320317,0.058639658871968446
2408,CCOC[C@@]12CCN(C(=O)Nc3ccccc3)C[C@@H]1CN(c1ccc(C#N)c(C(F)(F)F)c1)C2,0,0.667029612335677,0.0115169931421073,2.5422635,0.0336307614010019,0.0709677438985171
2409,CCOC[C@@]12CCN(C(=O)c3cccc(C)c3)C[C@@H]1CN(c1ccc(C#N)c(C(F)(F)F)c1)C2,0,0.62318277157678,0.0123831703676304,-1.1249335,0.0245166670212666,0.07259733176836343
2410,CCOC[C@@]12CCN(C(=O)c3cccn3C)C[C@@H]1CN(c1ccc(C#N)c(C(F)(F)F)c1)C2,0,0.678753976668925,0.0066652987709051,-1.5860133,0.0329071817501835,0.05386387438252467
2411,CCCNC(=O)N1CC[C@@]2(COCC)CN(c3ccc(C#N)c(C(F)(F)F)c3)C[C@H]2C1,0,0.732442028035585,0.0131394899700112,-7.7604704,0.0117828682528804,0.0786688242578059
2412,CCOC[C@@]12CCN(C(=O)c3ccnn3CC)C[C@@H]1CN(c1ccc(C#N)c(C(F)(F)F)c1)C2,0,0.635562799841082,0.0017374366914752,5.1164765,0.0338100449852393,0.06259454459708699
2413,CCOC[C@@]12CCN(C(=O)c3nccn3C)C[C@@H]1CN(c1ccc(C#N)c(C(F)(F)F)c1)C2,0,0.683158155958616,0.0028138833522483,1.6132003,0.0329922901544677,0.05545523682849257
2414,CCOC[C@@]12CCN(C(=O)Cc3cccc(F)c3)C[C@@H]1CN(c1ccc(C#N)c(C(F)(F)F)c1)C2,0,0.55469193799928,0.0090612082707388,-1.387078,0.0311629767823941,0.10319372586518735
2415,CCOC[C@@]12CCN(C(=O)Nc3ccccc3F)C[C@@H]1CN(c1ccc(C#N)c(C(F)(F)F)c1)C2,0,0.591614561901361,0.0188559487981475,0.74798715,0.046822837027383,0.07774963793927514
2416,CCOC[C@@]12CCN(C(=O)c3ccc(C)cc3C)C[C@@H]1CN(c1ccc(C#N)c(C(F)(F)F)c1)C2,0,0.584358912376515,0.0158665585145009,-0.7674222,0.0262263703425637,0.0765049792867048
2417,CCOC[C@@]12CCN(C(=O)c3ccc(F)cc3F)C[C@@H]1CN(c1ccc(C#N)c(C(F)(F)F)c1)C2,0,0.558659789459908,0.0143506113624064,3.3147407,0.058189406236799,0.0990795336573833
2418,CCOC[C@@]12CCN(C(=O)Cc3ccccc3F)C[C@@H]1CN(c1ccc(C#N)c(C(F)(F)F)c1)C2,0,0.55469193799928,0.0084725478929062,0.08544862,0.0341579198745335,0.10113354832232888
2419,CCOC[C@@]12CCN(C(=O)Cc3ccsc3)C[C@@H]1CN(c1ccc(C#N)c(C(F)(F)F)c1)C2,0,0.611644427223975,0.0067275876037891,-0.9458449,0.0185750631453289,0.0655943621234678
2420,CCOC[C@@]12CCN(C(=O)c3ccsc3)C[C@@H]1CN(c1ccc(C#N)c(C(F)(F)F)c1)C2,0,0.648202705454459,0.0088428266332864,-5.3811893,0.0218082008323292,0.06201283838655105
2421,CCOC[C@@]12CCN(C(=O)c3ccc(OC)nc3)C[C@@H]1CN(c1ccc(C#N)c(C(F)(F)F)c1)C2,0,0.612137254670505,0.0056282576427682,-4.3793454,0.0281893975410766,0.08530181400971247
2422,CCOC[C@@]12CCN(C(=O)c3cccnc3C)C[C@@H]1CN(c1ccc(C#N)c(C(F)(F)F)c1)C2,0,0.649674128718179,0.0044462616754466,2.6846728,0.0376053836480453,0.08571966413579228
2423,CCOC[C@@]12CCN(C(=O)c3sc(C)nc3C)C[C@@H]1CN(c1ccc(C#N)c(C(F)(F)F)c1)C2,0,0.607590059767603,0.004079453036491,-3.7043276,0.0347797735179273,0.059386304993696924
2424,COC[C@@]12CCN(C(=O)CCc3c(C)noc3C)C[C@@H]1CN(c1ccc(C#N)c(C(F)(F)F)c1)C2,0,0.606113101403129,0.0069310959990519,-1.9220662,0.0239537823304174,0.0628091386534486
2425,COC[C@@]12CCN(C(=O)CCn3nc(C)cc3C)C[C@@H]1CN(c1ccc(C#N)c(C(F)(F)F)c1)C2,0,0.617561292317395,0.0043401686071596,-3.4747715,0.0347820101214983,0.05873067229987615
2426,COC[C@@]12CCN(C(=O)Nc3ccccc3OC)C[C@@H]1CN(c1ccc(C#N)c(C(F)(F)F)c1)C2,0,0.666186938695553,0.0060669835946979,0.0037335157,0.0392674695523569,0.06662209784771098
2427,COC[C@@]12CCN(C(=O)Cc3ccccc3)C[C@@H]1CN(c1ccc(C#N)c(C(F)(F)F)c1)C2,0,0.677950352304417,0.0051325444098829,-1.5603293,0.0213639170205216,0.08750820504588568
2428,COC[C@@]12CCN(C(=O)Cc3c(C)noc3C)C[C@@H]1CN(c1ccc(C#N)c(C(F)(F)F)c1)C2,0,0.65426639372909,0.0042007680760322,-8.221336,0.0296158292212779,0.0606281152374739
2429,COC[C@@]12CCN(S(=O)(=O)c3c(C)noc3C)C[C@@H]1CN(c1ccc(C#N)c(C(F)(F)F)c1)C2,0,0.623411418651814,0.0043830885652137,-3.2850723,0.032123910607921,0.07543126214642545
2430,COC[C@@]12CCN(C(=O)c3ccnn3C)C[C@@H]1CN(c1ccc(C#N)c(C(F)(F)F)c1)C2,0,0.720711478684343,0.0027559386313268,1.5177525,0.0385334347249563,0.060519622039303125
2431,COC[C@@]12CCN(C(=O)COCc3ccccc3)C[C@@H]1CN(c1ccc(C#N)c(C(F)(F)F)c1)C2,0,0.588663582170737,0.0018973483936867,-3.6897483,0.0172379410525856,0.08715961228216484
2432,COC[C@@]12CCN(C(=O)Nc3cccc(F)c3C)C[C@@H]1CN(c1ccc(C#N)c(C(F)(F)F)c1)C2,0,0.610730150835282,0.0204226248082851,2.3370857,0.0634006435822698,0.07632747537233915
2433,COC[C@@]12CCN(C(=O)c3c(C)noc3C)C[C@@H]1CN(c1ccc(C#N)c(C(F)(F)F)c1)C2,0,0.687628129522672,0.0040338414395442,-5.6762223,0.027916140814653,0.06658527417261825
2434,COC[C@@]12CCN(C(=O)c3nccn3C)C[C@@H]1CN(c1ccc(C#N)c(C(F)(F)F)c1)C2,0,0.720711478684343,0.0033899019002598,1.375522,0.0296572162867628,0.056924696153393836
2435,COC[C@@]12CCN(C(=O)Cn3cc(C)cn3)C[C@@H]1CN(c1ccc(C#N)c(C(F)(F)F)c1)C2,0,0.684346268607309,0.0097336739379867,2.1716366,0.0289541937076055,0.05584612317392782
2436,COC[C@@]12CCN(C(=O)CCn3ccnc3)C[C@@H]1CN(c1ccc(C#N)c(C(F)(F)F)c1)C2,0,0.660848961331842,0.0018747050698959,-0.45042157,0.02786311289053,0.053368996496019304
2437,COCCCNC(=O)N1CC(C(N)=O)C2(CCN(c3ccc(C#N)c(C(F)(F)F)c3)CC2)C1,0,0.624056076077556,0.0101623096761828,2.1433988,0.0280350920757561,0.1220574323952562
2438,CC(C)CNC(=O)N1CC(C(N)=O)C2(CCN(c3ccc(C#N)c(C(F)(F)F)c3)CC2)C1,0,0.734770381712751,0.0109278238031459,-1.5437212,0.0199359932925312,0.10518410551615723
2439,CNC(=O)N1CC(C(N)=O)C2(CCN(c3ccc(C#N)c(C(F)(F)F)c3)CC2)C1,0,0.779044532100676,0.0103204698935555,5.527881,0.0222036903462482,0.13239185245482876
2440,CCn1cc(C(=O)N2CC(C(N)=O)C3(CCN(c4ccc(C#N)c(C(F)(F)F)c4)CC3)C2)cn1,0,0.733059635245737,0.0037465065742788,8.101372,0.040312378929911,0.1174834147970105
2441,Cc1cc(C(=O)N2CC(C(N)=O)C3(CCN(c4ccc(C#N)c(C(F)(F)F)c4)CC3)C2)nn1C,0,0.735375696023702,0.0041733553601878,3.5924602,0.0623889724744876,0.10043399881746891
2442,Cn1ccnc1C(=O)N1CC(C(N)=O)C2(CCN(c3ccc(C#N)c(C(F)(F)F)c3)CC2)C1,0,0.755287534452446,0.0084433173839437,4.708902,0.0521788005694781,0.08373335432104381
2443,Cc1cnn(CC(=O)N2CC(C(N)=O)C3(CCN(c4ccc(C#N)c(C(F)(F)F)c4)CC3)C2)c1,0,0.73178181325595,0.0034799731744694,6.9629836,0.0560610952792572,0.09500318370272351
2444,N#Cc1ccc(N2CCC3(CC2)CN(C(=O)CCn2ccnc2)CC3C(N)=O)cc1C(F)(F)F,0,0.716054194641714,0.0024101153257653,5.931363,0.047672837451049,0.0802992954894257
2445,CNC(=O)C1CN(C(=O)c2ccoc2)CC12CCN(c1ccc(C#N)c(C(F)(F)F)c1)CC2,0,0.759567882033531,0.0120285410802986,5.565668,0.025120719862855,0.07444031672523102
2446,CNC(=O)C1CN(C(=O)c2cccnc2O)CC12CCN(c1ccc(C#N)c(C(F)(F)F)c1)CC2,0,0.689296418655892,0.0095984743162695,8.204864,0.0391061248390911,0.115510342710813
2447,CNC(=O)C1CN(Cc2cccn2C)CC12CCN(c1ccc(C#N)c(C(F)(F)F)c1)CC2,0,0.761611916655906,0.0412306599800048,-2.283576,0.0329502681588297,0.059228969560535104
2448,CNC(=O)C1CN(Cc2ccc3c(c2)CCO3)CC12CCN(c1ccc(C#N)c(C(F)(F)F)c1)CC2,0,0.691011056223267,0.0103816839237047,1.2569355,0.0313946776377163,0.05980208262779226
2449,CNC(=O)C1CN(C(=O)Cc2ccncc2)CC12CCN(c1ccc(C#N)c(C(F)(F)F)c1)CC2,0,0.719413274833053,0.0569185383354955,2.343032,0.0418725819412653,0.10516819753212421
2450,CNC(=O)C1CN(C(=O)c2cscn2)CC12CCN(c1ccc(C#N)c(C(F)(F)F)c1)CC2,0,0.733875971466963,0.0051206740583758,1.5573179,0.0294586951686596,0.07046922061997367
2451,CNC(=O)C1CN(C(=O)CC2CCCC2)CC12CCN(c1ccc(C#N)c(C(F)(F)F)c1)CC2,0,0.714173120821888,0.0086574955656111,2.9945178,0.0382258713607909,0.06421729244279104
2452,CNC(=O)C1CN(C(=O)c2cncc(C)c2)CC12CCN(c1ccc(C#N)c(C(F)(F)F)c1)CC2,0,0.720169010393864,0.0077081901987456,-1.8734599,0.0279130433251794,0.08618557041408746
2453,CNC(=O)C1CN(C(=O)c2ncccn2)CC12CCN(c1ccc(C#N)c(C(F)(F)F)c1)CC2,0,0.736571146189117,0.0027444414337317,-1.2502737,0.0286228679845104,0.09912376980191781
2454,CNC(=O)C1CN(C(=O)c2cc(C)n[nH]2)CC12CCN(c1ccc(C#N)c(C(F)(F)F)c1)CC2,0,0.711909032571926,0.0466369431782025,4.191327,0.0360514768042813,0.07546649999700275
2455,CNC(=O)C1CN(C(=O)c2cccnc2)CC12CCN(c1ccc(C#N)c(C(F)(F)F)c1)CC2,0,0.743401981750085,0.0065652852400898,-0.036355615,0.0241731427023719,0.0913925609903389
2456,CNC(=O)C1CN(C(=O)Nc2ccccc2C)CC12CCN(c1ccc(C#N)c(C(F)(F)F)c1)CC2,0,0.65616226953999,0.0214303630026324,5.221601,0.0514033810561412,0.08776928203572598
2457,CNC(=O)C1CN(C(=O)NCCCOC)CC12CCN(c1ccc(C#N)c(C(F)(F)F)c1)CC2,0,0.609105607859796,0.11482789910979,2.042995,0.0198439275092349,0.10419241202874915
2458,CNC(=O)C1CN(C(=O)NCCC(C)C)CC12CCN(c1ccc(C#N)c(C(F)(F)F)c1)CC2,0,0.675645507474783,0.145479024434548,-3.548873,0.0213647577318643,0.09347877428669318
2459,CNC(=O)C1CN(Cc2c(C)noc2C)CC12CCN(c1ccc(C#N)c(C(F)(F)F)c1)CC2,0,0.726857777763421,0.0060010025172136,3.4632869,0.0362440539137232,0.06877292783392186
2460,CNC(=O)C1CN(C(=O)c2cc(C)n(C)n2)CC12CCN(c1ccc(C#N)c(C(F)(F)F)c1)CC2,0,0.717230154066291,0.005400115137334,4.4830046,0.0554014597300134,0.08457910359903308
2461,CNC(=O)C1CN(C(=O)c2c(C)noc2C)CC12CCN(c1ccc(C#N)c(C(F)(F)F)c1)CC2,0,0.710068285145942,0.0109940876797403,0.197914,0.0704070790778076,0.0968554391058021
2462,CNC(=O)C1CN(Cc2c(C)nn(C)c2C)CC12CCN(c1ccc(C#N)c(C(F)(F)F)c1)CC2,0,0.714127519265992,0.0095256458530217,1.1197022,0.0578942880254415,0.08216437766409775
2463,CCn1cc(CN2CC(C(=O)NC)C3(CCN(c4ccc(C#N)c(C(F)(F)F)c4)CC3)C2)c(C)n1,0,0.696554869429033,0.0045956361540763,4.508182,0.0390746294389852,0.08385932598203523
2464,CNC(=O)C1CN(Cc2cnn(C(C)C)c2)CC12CCN(c1ccc(C#N)c(C(F)(F)F)c1)CC2,0,0.692622645885337,0.0269268499705518,5.6048265,0.025878720643451,0.06256894148862652
2465,CNC(=O)C1CN(C(=O)c2cn(C)nc2C)CC12CCN(c1ccc(C#N)c(C(F)(F)F)c1)CC2,0,0.717230154066291,0.0033810037639793,7.7126174,0.0605359513000222,0.09137039694520237
2466,COCC(=O)N1CC(C(=O)NC2CC2)C2(CCN(c3ccc(C#N)c(C(F)(F)F)c3)CC2)C1,0,0.724097664695346,0.0020872759947271,-0.7761232,0.0220498959769268,0.08146075791864801
2467,CC1(C(=O)N2CC(C(=O)NC3CC3)C3(CCN(c4ccc(C#N)c(C(F)(F)F)c4)CC3)C2)CC1,0,0.722173455078385,0.0038759355591893,-5.353446,0.0221077031073813,0.07537947468010105
2468,N#Cc1ccc(N2CCC3(CC2)CN(C(=O)c2cnccn2)CC3C(=O)NC2CC2)cc1C(F)(F)F,0,0.695556677207014,0.004383751247502,6.029474,0.027929779629617,0.07377123404838412
2469,CNC(=O)C1CN(C(=O)NC2CCCCC2)CC12CCN(c1ccc(C#N)c(C(F)(F)F)c1)CC2,0,0.671785248285125,0.0339590538710523,5.026731,0.0402659585056093,0.09906396125336639
2470,CNC(=O)C1CN(C(=O)c2ccc(C)c(C)c2)CC12CCN(c1ccc(C#N)c(C(F)(F)F)c1)CC2,0,0.684888944389519,0.0257647883429098,4.13218,0.1134975665906721,0.09077404574827337
2471,CNC(=O)C1CN(C(=O)c2cccs2)CC12CCN(c1ccc(C#N)c(C(F)(F)F)c1)CC2,0,0.732400174423739,0.0045288814690136,2.8801131,0.0252848713020541,0.06938359127596602
2472,CNC(=O)C1CN(Cc2ccc(C)cn2)CC12CCN(c1ccc(C#N)c(C(F)(F)F)c1)CC2,0,0.735645147484151,0.0316946238580039,-4.17013,0.0200545837456605,0.07576042396564536
2473,CNC(=O)C1CN(C(=O)Cc2cccs2)CC12CCN(c1ccc(C#N)c(C(F)(F)F)c1)CC2,0,0.709747732459209,0.0066927762893161,0.22471035,0.0416836677542584,0.08483848256755942
2474,CNC(=O)C1CN(C(=O)c2cnccn2)CC12CCN(c1ccc(C#N)c(C(F)(F)F)c1)CC2,0,0.736571146189117,0.005404867092234,4.3752227,0.0270024713293911,0.1003909459010536
2475,CNC(=O)C1CN(C(=O)CCOC)CC12CCN(c1ccc(C#N)c(C(F)(F)F)c1)CC2,0,0.741757027817367,0.0033844819012458,0.1752044,0.0204872789445041,0.12831712042367083
2476,CNC(=O)C1CN(C(=O)NCc2ccccc2)CC12CCN(c1ccc(C#N)c(C(F)(F)F)c1)CC2,0,0.670886986965285,0.234855827607549,1.4434379,0.0262033613007261,0.08395798746068173
2477,CNC(=O)C1CN(Cc2cccnc2)CC12CCN(c1ccc(C#N)c(C(F)(F)F)c1)CC2,0,0.76177252636623,0.0028819983668145,-1.2606082,0.0206856365722048,0.08252853025607232
2478,CC1(C(=O)N2CC(C(N)=O)C3(CCN(c4ccc(C#N)c(C(F)(F)F)c4)CC3)C2)CC1,0,0.792159577101238,0.0036960132082854,-7.4782114,0.027928610912548,0.09730029525424598
2479,Cc1cc(C(=O)N2CC(C(N)=O)C3(CCN(c4ccc(C#N)c(C(F)(F)F)c4)CC3)C2)no1,0,0.751408043768215,0.0046043191959183,5.383141,0.0554301917172234,0.09895580929353433
2480,N#Cc1ccc(N2CCC3(CC2)CN(C(=O)Nc2ccccc2)CC3C(N)=O)cc1C(F)(F)F,0,0.710640037682452,0.0058617656186286,3.874175,0.0489593301846349,0.10664375656843242
2481,N#Cc1ccc(N2CCC3(CC2)CN(C(=O)Cc2cccc(F)c2)CC3C(N)=O)cc1C(F)(F)F,0,0.667567690615701,0.007274797844611,-2.198114,0.056807669853137,0.13122802487722657
2482,N#Cc1ccc(N2CCC3(CC2)CN(C(=O)c2cc(F)ccc2F)CC3C(N)=O)cc1C(F)(F)F,0,0.662082799362757,0.0034460405989908,4.5111637,0.0666555901054681,0.1266898565651246
2483,Cc1ncoc1C(=O)N1CC(C(N)=O)C2(CCN(c3ccc(C#N)c(C(F)(F)F)c3)CC2)C1,0,0.751408043768215,0.0033302216105069,5.0401874,0.0485158591316303,0.1064303346144145
2484,Cc1cccc(NC(=O)N2CC(C(N)=O)C3(CCN(c4ccc(C#N)c(C(F)(F)F)c4)CC3)C2)c1,0,0.682745186449444,0.0094892933812341,2.6181598,0.0579789969981679,0.11024728429079225
2485,Cc1cccc(C(=O)N2CC(C(N)=O)C3(CCN(c4ccc(C#N)c(C(F)(F)F)c4)CC3)C2)n1,0,0.741011363709534,0.0055712855932751,9.297875,0.0414823032102848,0.1150268777766466
2486,N#Cc1ccc(N2CCC3(CC2)CN(C(=O)c2ncccn2)CC3C(N)=O)cc1C(F)(F)F,0,0.754033058601882,0.004249353578223,-2.3770685,0.0332954658626557,0.12045887094066303
2487,Cn1cccc1C(=O)N1CC(C(N)=O)C2(CCN(c3ccc(C#N)c(C(F)(F)F)c3)CC2)C1,0,0.763696784293842,0.0048633839776615,4.7095957,0.0571763649653789,0.09243800912136464
2488,CCc1ccc(NC(=O)N2CC(C(N)=O)C3(CCN(c4ccc(C#N)c(C(F)(F)F)c4)CC3)C2)cc1,0,0.651983359535011,0.0160079027497688,3.2391267,0.0629726589032616,0.11035915844050725
2489,Cc1cncc(C(=O)N2CC(C(=O)N(C)C)C3(CCN(c4ccc(C#N)c(C(F)(F)F)c4)CC3)C2)c1,0,0.643157718982875,0.0064206957917421,0.44774377,0.0381150232209503,0.09040857153187982
2490,CN(C)C(=O)C1CN(C(=O)c2cncn2C)CC12CCN(c1ccc(C#N)c(C(F)(F)F)c1)CC2,0,0.66348841659163,0.0048725030218175,13.108419,0.0434085730619344,0.07327564923750994
2491,CN(C)C(=O)C1CN(C(=O)c2ccco2)CC12CCN(c1ccc(C#N)c(C(F)(F)F)c1)CC2,0,0.679036190583619,0.0038065669840494,1.2171129,0.0327785405729135,0.08585186274898042
2492,CC(C)C(=O)N1CC(C(=O)N(C)C)C2(CCN(c3ccc(C#N)c(C(F)(F)F)c3)CC2)C1,0,0.708357333776364,0.0038105713160274,2.179017,0.0170006290191068,0.10990303998350064
2493,CN(C)C(=O)C1CN(C(=O)c2cccnc2)CC12CCN(c1ccc(C#N)c(C(F)(F)F)c1)CC2,0,0.665770403146486,0.0067980448143189,2.193356,0.0249365065127181,0.09354165754015313
2494,CC(=O)N1CC(C(=O)N(C)C)C2(CCN(c3ccc(C#N)c(C(F)(F)F)c3)CC2)C1,0,0.735178988969488,0.0026488851516209,3.2326646,0.0138035159566175,0.13249699685032737
2495,CN(C)C(=O)C1CN(C(=O)c2ccn(C)n2)CC12CCN(c1ccc(C#N)c(C(F)(F)F)c1)CC2,0,0.66348841659163,0.0029356035040378,5.2582054,0.044784645515049,0.07824047679735377
2496,N#Cc1ccc(N2CC(C(N)=O)C3(CCN(C(=O)C4CCCCCC4)CC3)C2)cc1C(F)(F)F,0,0.66599396405163,0.0084416068201795,7.5453553,0.0596218348915469,0.12075858708979295
2497,Cc1ncoc1C(=O)N1CCC2(CC1)CN(c1ccc(C#N)c(C(F)(F)F)c1)CC2C(N)=O,0,0.751408043768215,0.003375118015589,7.4203753,0.0498921746314178,0.0914640031773201
2498,N#Cc1ccc(N2CC(C(N)=O)C3(CCN(C(=O)CC4CCCC4)CC3)C2)cc1C(F)(F)F,0,0.739068523424262,0.001473132200622,5.4308705,0.0427933516752224,0.08616140363784086
2499,Cc1cncc(C(=O)N2CCC3(CC2)CN(c2ccc(C#N)c(C(F)(F)F)c2)CC3C(N)=O)c1,0,0.741011363709534,0.0057169225572877,0.03479874,0.0593666888019601,0.10961724177391483
2500,N#Cc1ccc(N2CC(C(N)=O)C3(CCN(C(=O)c4ccco4)CC3)C2)cc1C(F)(F)F,0,0.78077343958715,0.0048904010534627,3.8782516,0.0425577409673949,0.09497806692538152
2501,N#Cc1ccc(N2CC(C(N)=O)C3(CCN(C(=O)c4ccncc4)CC3)C2)cc1C(F)(F)F,0,0.763585990101041,0.0046383431047356,4.678654,0.0488824815691395,0.1104216060255927
2502,Cc1ccccc1CC(=O)N1CCC2(CC1)CN(c1ccc(C#N)c(C(F)(F)F)c1)CC2C(N)=O,0,0.717337041672422,0.0056479014100135,6.235562,0.101603075646156,0.11053242365980916
2503,N#Cc1ccc(N2CC(C(N)=O)C3(CCN(C(=O)C4(c5ccccc5)CC4)CC3)C2)cc1C(F)(F)F,0,0.696611637611143,0.0077182307439242,6.31722,0.0734728483140809,0.09007076876479748
2504,CCCNC(=O)N1CCC2(CC1)CN(c1ccc(C#N)c(C(F)(F)F)c1)CC2C(N)=O,0,0.756068757737669,0.0135188745581971,1.1824669,0.0310633921529569,0.11938082729848858
2505,CCc1ccc(NC(=O)N2CCC3(CC2)CN(c2ccc(C#N)c(C(F)(F)F)c2)CC3C(N)=O)cc1,0,0.651983359535011,0.0160079027497688,2.2938476,0.0794564541351123,0.1172054963256898
2506,N#Cc1ccc(N2CC(C(N)=O)C3(CCN(C(=O)NCCc4ccccc4)CC3)C2)cc1C(F)(F)F,0,0.657093589321911,0.0242514079234319,-1.3143579,0.0506765430447367,0.11535981437037945
2507,CCn1ccc(C(=O)N2CCC3(CC2)CN(c2ccc(C#N)c(C(F)(F)F)c2)CC3C(N)=O)n1,0,0.733059635245737,0.0030720251815252,8.139058,0.0512899303404259,0.10658951144423987
2508,Cc1cccc(CC(=O)N2CCC3(CC2)CN(c2ccc(C#N)c(C(F)(F)F)c2)CC3C(N)=O)c1,0,0.717337041672422,0.0051420408282878,2.781836,0.0626567553886544,0.11172557641426928
2509,N#Cc1ccc(N2CC(C(N)=O)C3(CCN(C(=O)c4cc(C5CC5)[nH]n4)CC3)C2)cc1C(F)(F)F,0,0.688701810803372,0.0264873416768483,12.916043,0.0498799930673428,0.07844206786197935
2510,Cc1ccc(C(=O)N2CCC3(CC2)CN(c2ccc(C#N)c(C(F)(F)F)c2)CC3C(N)=O)cc1C,0,0.712167672586162,0.0091792050302646,5.342583,0.2076171641099975,0.10918677109636328
2511,N#Cc1ccc(N2CC(C(N)=O)C3(CCN(C(=O)c4ccccc4F)CC3)C2)cc1C(F)(F)F,0,0.689214837844617,0.0038125933937412,7.9894786,0.0560022777984898,0.12068200884463234
2512,N#Cc1ccc(N2CC(C(N)=O)C3(CCN(C(=O)C4CC4)CC3)C2)cc1C(F)(F)F,0,0.81369806893805,0.002881290094751,-1.2452525,0.031546470017435,0.09168178211312461
2513,N#Cc1ccc(N2CC(C(N)=O)C3(CCN(C(=O)c4cccc(F)c4)CC3)C2)cc1C(F)(F)F,0,0.689214837844617,0.004048904971975,0.7118839,0.0672038735136369,0.12502068346905923
2514,N#Cc1ccc(N2CC(C(N)=O)C3(CCN(C(=O)Nc4ccccc4F)CC3)C2)cc1C(F)(F)F,0,0.637626842356147,0.0143286005375205,1.9608592,0.0724591086755186,0.12608316622171853
2515,N#Cc1ccc(N2CC(C(N)=O)C3(CCN(C(=O)c4n[nH]c5ccccc45)CC3)C2)cc1C(F)(F)F,0,0.576840666919893,0.0142284527250741,11.746337,0.0957052286124465,0.10146009213699743
2516,N#Cc1ccc(N2CC(C(N)=O)C3(CCN(C(=O)Cc4ccc(F)cc4)CC3)C2)cc1C(F)(F)F,0,0.667567690615701,0.0055622241366553,3.0665936,0.0727228772085302,0.11967831390181698
2517,N#Cc1ccc(N2CC(C(N)=O)C3(CCN(C(=O)C4CCOCC4)CC3)C2)cc1C(F)(F)F,0,0.741249824271313,0.0028201963400299,4.065442,0.0360028923067193,0.1256488899855982
2518,N#Cc1ccc(N2CCC3(CC2)CN(C(=O)C2CC=CC2)CC3C(=O)NC2CC2)cc1C(F)(F)F,0,0.65603181860551,0.0056213637501383,5.6565585,0.0212554235994275,0.08626793924253932
2519,N#Cc1ccc(N2CCC3(CC2)CN(C2CCOCC2)CC3C(=O)NC2CC2)cc1C(F)(F)F,0,0.720026476601863,0.0027432302076528,7.185885,0.0371032843006407,0.0673519588619255
2520,CN(C)S(=O)(=O)N1CC(C(=O)NC2CC2)C2(CCN(c3ccc(C#N)c(C(F)(F)F)c3)CC2)C1,0,0.67009529233489,0.011763690702628,9.855966,0.0386522543716072,0.08071170645352295
2521,CCN(CC)C(=O)N1CC(C(=O)NC2CC2)C2(CCN(c3ccc(C#N)c(C(F)(F)F)c3)CC2)C1,0,0.679037896988631,0.0108616024511106,4.749106,0.0308103314471914,0.07586222505375056
2522,N#Cc1ccc(N2CCC3(CC2)CN(C(=O)c2ncccn2)CC3C(=O)NC2CC2)cc1C(F)(F)F,0,0.695556677207014,0.0021395200621388,0.75054085,0.0254319522010789,0.06558536400957952
2523,N#Cc1ccc(N2CCC3(CC2)CN(C(=O)c2ccncc2)CC3C(=O)NC2CC2)cc1C(F)(F)F,0,0.697349021595018,0.0058080518471256,4.303381,0.0271737420965707,0.07006215558466138
2524,CN(C)C(=O)N1CC(C(=O)NC2CC2)C2(CCN(c3ccc(C#N)c(C(F)(F)F)c3)CC2)C1,0,0.747464227049338,0.0162497726399503,6.3337965,0.0240405487455688,0.07490113708189064
2525,CC(=O)N1CC(C(=O)NC2CC2)C2(CCN(c3ccc(C#N)c(C(F)(F)F)c3)CC2)C1,0,0.79385975539738,0.0021232167716054,2.738772,0.0133918898907397,0.09362811964369769
2526,N#Cc1ccc(N2CCC3(CC2)CN(C(=O)c2ccccc2)CC3C(=O)NC2CC2)cc1C(F)(F)F,0,0.688105988493358,0.0046653819395138,3.7174368,0.0240233207084995,0.06684436839281795
2527,CNC(=O)N1CC(C(=O)NC2CC2)C2(CCN(c3ccc(C#N)c(C(F)(F)F)c3)CC2)C1,0,0.742903674029229,0.0105934198342377,7.138557,0.0256572449630272,0.09130308517396954
2528,COCCNC(=O)N1CC(C(=O)NC2CC2)C2(CCN(c3ccc(C#N)c(C(F)(F)F)c3)CC2)C1,0,0.594326967453375,0.0171706927918097,-2.7402315,0.0248468920193615,0.07044713999236173
2529,COCCNC(=O)C1CN(C(=O)C2CC2)CC12CCN(c1ccc(C#N)c(C(F)(F)F)c1)CC2,0,0.635938558223637,0.0083598934919777,-7.239255,0.0244110778659446,0.0769112696687789
2530,COCCNC(=O)C1CN(S(C)(=O)=O)CC12CCN(c1ccc(C#N)c(C(F)(F)F)c1)CC2,0,0.61317627311088,0.0053019874204045,-0.43593764,0.0218665691237676,0.10698824275955439
2531,COCCNC(=O)C1CN(C(=O)N(C)C)CC12CCN(c1ccc(C#N)c(C(F)(F)F)c1)CC2,0,0.653377595380217,0.0536171875118847,-1.7471726,0.0312691733908206,0.09160616162926252
2532,N#Cc1ccc(N2CCC3(CC2)CN(C(=O)C2CCC2)CC3C(=O)N2CCCC2)cc1C(F)(F)F,0,0.644131266483551,0.0081823706959068,-5.05733,0.0243482294809453,0.08078750545280498
2533,CCNC(=O)N1CC(C(=O)N2CCCC2)C2(CCN(c3ccc(C#N)c(C(F)(F)F)c3)CC2)C1,0,0.723451457467893,0.0060644875757128,-2.3107588,0.0253599395536872,0.0999601101134941
2534,CC(C)NC(=O)N1CC(C(=O)N2CCCC2)C2(CCN(c3ccc(C#N)c(C(F)(F)F)c3)CC2)C1,0,0.69706820637611,0.038925720710691,0.40899587,0.0430741806419797,0.09079271364601202
2535,CCCNC(=O)N1CC(C(=O)N2CCCC2)C2(CCN(c3ccc(C#N)c(C(F)(F)F)c3)CC2)C1,0,0.694332877399169,0.0091026748708814,-4.071976,0.0299368089457931,0.08260178288546964
2536,N#Cc1ccc(N2CCC3(CC2)CN(Cc2ccccc2)CC3C(=O)N2CCCC2)cc1C(F)(F)F,0,0.603249032635346,0.019911970596294,-2.865128,0.02792561306711,0.05698387338595516
2537,CC(=O)N1CC(C(=O)N2CCCC2)C2(CCN(c3ccc(C#N)c(C(F)(F)F)c3)CC2)C1,0,0.696677085254063,0.0057972671550076,-4.142028,0.0349307330547767,0.09798270018572945
2538,CC(C)(C)C(=O)N1CC(C(=O)N2CCCC2)C2(CCN(c3ccc(C#N)c(C(F)(F)F)c3)CC2)C1,0,0.620432671165777,0.0180705520346642,-8.756164,0.039656674974931,0.07980187763375104
2539,CN(C)C(=O)C1CN(C(=O)c2ccoc2)CC12CCN(c1ccc(C#N)c(C(F)(F)F)c1)CC2,0,0.679036190583619,0.0061541421808381,7.493217,0.0298803308155705,0.07691492837342766
2540,CN(C)C(=O)C1CN(C(=O)c2cccs2)CC12CCN(c1ccc(C#N)c(C(F)(F)F)c1)CC2,0,0.650307163670052,0.0117107947947732,5.653862,0.0198804805377326,0.0713118833737217
2541,Cc1cccc(C(=O)N2CC(C(=O)N(C)C)C3(CCN(c4ccc(C#N)c(C(F)(F)F)c4)CC3)C2)c1,0,0.631899800284753,0.0173431266473579,2.5172596,0.0417510443088036,0.0900972749978732
2542,CN(C)C(=O)C1CN(C(=O)C2CC2)CC12CCN(c1ccc(C#N)c(C(F)(F)F)c1)CC2,0,0.712780618565812,0.005494500698804,-0.59301895,0.0316887012185324,0.10012198845219218
2543,Cc1ncsc1CN1CC(C(=O)N(C)C)C2(CCN(c3ccc(C#N)c(C(F)(F)F)c3)CC2)C1,0,0.643189704491597,0.0069933050558642,7.368961,0.0324828421692545,0.061972300889998055
2544,CN(C)C(=O)C1CN(C(=O)CC(C)(C)C)CC12CCN(c1ccc(C#N)c(C(F)(F)F)c1)CC2,0,0.654834864369181,0.0138910762674894,5.5276675,0.0350940615929662,0.10157955721422143
2545,CN(C)C(=O)C1CN(C(=O)C2CCCC2)CC12CCN(c1ccc(C#N)c(C(F)(F)F)c1)CC2,0,0.663790054317109,0.0086705125886123,8.306309,0.0224905703912138,0.06742670467607717
2546,Cc1ccncc1C(=O)N1CC(C(=O)N(C)C)C2(CCN(c3ccc(C#N)c(C(F)(F)F)c3)CC2)C1,0,0.643157718982875,0.0035838402755448,7.0253825,0.0478257244921633,0.09552864858887132
2547,CN(C)C(=O)C1CN(C(=O)c2cn(C)cn2)CC12CCN(c1ccc(C#N)c(C(F)(F)F)c1)CC2,0,0.66348841659163,0.003172220988043,16.405369,0.040514504411783,0.07449980421383942
2548,CCN(CC)C(=O)N1CC(C(=O)N(C)C)C2(CCN(c3ccc(C#N)c(C(F)(F)F)c3)CC2)C1,0,0.661218860612451,0.0160292870302436,5.909398,0.0479858008452963,0.10976193478757439
2549,CN(C)C(=O)C1CN(C(=O)c2ccccn2)CC12CCN(c1ccc(C#N)c(C(F)(F)F)c1)CC2,0,0.665770403146486,0.0034048852029387,7.5036845,0.0268224118390285,0.09296951604251152
2550,CN(C)C(=O)C1CN(C(=O)CC2CC2)CC12CCN(c1ccc(C#N)c(C(F)(F)F)c1)CC2,0,0.686966011545089,0.0027801309815002,6.30273,0.0245634309397612,0.07799221338445057
2551,CCOCC(=O)N1CCC2(CC1)CN(c1ccc(C#N)c(C(F)(F)F)c1)CC2C(=O)NCC1CC1,0,0.632093858296227,0.0022993122256125,2.0437293,0.0415260125082745,0.07451723292240696
2552,CCNC(=O)N1CCC2(CC1)CN(c1ccc(C#N)c(C(F)(F)F)c1)CC2C(=O)NCCOC,0,0.609105607859796,0.0373055440067065,-1.5900226,0.049294962130386,0.10318096587256473
2553,COCCNC(=O)C1CN(c2ccc(C#N)c(C(F)(F)F)c2)CC12CCN(S(C)(=O)=O)CC2,0,0.61317627311088,0.0043813371374199,6.5791736,0.031851665643122,0.09176779189523027
2554,COCCNC(=O)C1CN(c2ccc(C#N)c(C(F)(F)F)c2)CC12CCNCC2,0,0.727763168430741,0.0045191719715256,0.8126172,0.0149853335513991,0.09703691248078458
2555,COCCNC(=O)C1CN(c2ccc(C#N)c(C(F)(F)F)c2)CC12CCN(C(=O)C(C)(C)C)CC2,0,0.634310706330011,0.0067614693616615,-8.544416,0.0411426781977278,0.08756243340444485
2556,CN(C)C(=O)C1CN(c2ccc(C#N)c(C(F)(F)F)c2)CC12CCN(C(=O)C1CCCCC1)CC2,0,0.634107944367466,0.0113625290011331,9.926564,0.0382582645221973,0.10028325037662082
2557,CCS(=O)(=O)N1CCC2(CC1)CN(c1ccc(C#N)c(C(F)(F)F)c1)CC2C(=O)N(C)C,0,0.672537786514669,0.002272692762005,14.276016,0.0394028633414042,0.12463824240552623
2558,CC(=O)NCC(=O)N1CCC2(CC1)CN(c1ccc(C#N)c(C(F)(F)F)c1)CC2C(=O)N(C)C,0,0.711168926732582,0.0056541433062807,8.854497,0.0502970089486654,0.10840112501713746
2559,CN(C)C(=O)C1CN(c2ccc(C#N)c(C(F)(F)F)c2)CC12CCN(Cc1cccc(F)c1)CC2,0,0.59413177815138,0.0120151353855156,3.790676,0.0456560560083037,0.09366301549779625
2560,CN(C)C(=O)C1CN(c2ccc(C#N)c(C(F)(F)F)c2)CC12CCN(C(=O)Cc1cccnc1)CC2,0,0.644790720158192,0.0034936372108039,7.732818,0.0491701811513837,0.09979145610337876
2561,CN(C)C(=O)C1CN(c2ccc(C#N)c(C(F)(F)F)c2)CC12CCN(C(=O)C1CCCC1)CC2,0,0.663790054317108,0.008311628496278,10.065795,0.0347383611832193,0.06937333842100837
2562,CC(C)NC(=O)N1CCC2(CC1)CN(c1ccc(C#N)c(C(F)(F)F)c1)CC2C(=O)N(C)C,0,0.743055221114959,0.0107753751813501,7.4528804,0.0472315598578991,0.09922603884041556
2563,Cc1cccnc1C(=O)N1CCC2(CC1)CN(c1ccc(C#N)c(C(F)(F)F)c1)CC2C(=O)N(C)C,0,0.643157718982875,0.0032417166991495,12.015568,0.0514346753323311,0.0911323959385369
2564,CN(C)C(=O)C1CN(c2ccc(C#N)c(C(F)(F)F)c2)CC12CCN(C(=O)c1cncn1C)CC2,0,0.66348841659163,0.0051820894214924,15.082263,0.0502271733612384,0.07259123860016643
2565,CN(C)C(=O)C1CN(c2ccc(C#N)c(C(F)(F)F)c2)CC12CCN(C(=O)c1ccncn1)CC2,0,0.662572571697341,0.0041030829400245,11.550528,0.0496784083679165,0.09309977481962348
2566,CN(C)C(=O)C1CN(c2ccc(C#N)c(C(F)(F)F)c2)CC12CCN(C(=O)c1ccncc1)CC2,0,0.665770403146486,0.0119775773430007,6.9222455,0.0425021257314797,0.08985412272009458
2567,CC(C)C(=O)N1CCC2(CC1)CN(c1ccc(C#N)c(C(F)(F)F)c1)CC2C(=O)N(C)C,0,0.708357333776364,0.0036047468338085,3.061029,0.0432958280599024,0.11455580156881033
2568,CNC(=O)N1CCC2(CC1)CN(c1ccc(C#N)c(C(F)(F)F)c1)CC2C(=O)N(C)C,0,0.771306566404559,0.0039929756246151,8.019267,0.0233362222672651,0.10471387346697485
2569,CN(C)C(=O)C1CN(c2ccc(C#N)c(C(F)(F)F)c2)CC12CCN(C(=O)c1cnn(C)c1)CC2,0,0.66348841659163,0.0075749547019544,8.8941765,0.042342691636112,0.08535574050016337
2570,CC1(C(=O)N2CCC3(CC2)CN(c2ccc(C#N)c(C(F)(F)F)c2)CC3C(=O)N2CCCC2)CC1,0,0.64413126648355,0.0056092087640309,-8.652141,0.0314280244445436,0.06985206289142223
2571,N#Cc1ccc(N2CC(C(=O)N3CCCC3)C3(CCN(C4CCOCC4)CC3)C2)cc1C(F)(F)F,0,0.64347760992334,0.0253473753799025,8.184742,0.0432892140771037,0.07171606579208283
2572,CCC(=O)N1CCC2(CC1)CN(c1ccc(C#N)c(C(F)(F)F)c1)CC2C(=O)N1CCCC1,0,0.68783065183887,0.0037398180323263,-1.7549465,0.0275759699183282,0.0856011480609668
2573,CNC(=O)C1CN(c2ccc(C#N)c(C(F)(F)F)c2)CC12CCN(C(=O)COC)CC2,0,0.777556797490752,0.0014824949673854,2.8097625,0.0248351416659632,0.11275091881763313
2574,CNC(=O)C1CN(c2ccc(C#N)c(C(F)(F)F)c2)CC12CCN(C(=O)Cc1ccc(C)cc1)CC2,0,0.69353942405722,0.0117222970795916,3.6866336,0.0544273371986486,0.08766530383579005
2575,CNC(=O)C1CN(c2ccc(C#N)c(C(F)(F)F)c2)CC12CCN(C(=O)c1cc(C)cc(C)c1)CC2,0,0.684888944389519,0.0124507738231519,6.8328567,0.0551430471308581,0.08493561854123619
2576,CNC(=O)C1CN(c2ccc(C#N)c(C(F)(F)F)c2)CC12CCN(C(=O)c1cccc(F)c1)CC2,0,0.666948987549405,0.0169219328393703,1.5171565,0.0593374941195568,0.10615495670446595
2577,CNC(=O)C1CN(c2ccc(C#N)c(C(F)(F)F)c2)CC12CCN(C(=O)c1ccc(C)cc1C)CC2,0,0.684888944389519,0.0062173347971003,6.3291707,0.0577628256919547,0.08894436668403558
2578,CCOCC(=O)N1CCC2(CC1)CN(c1ccc(C#N)c(C(F)(F)F)c1)CC2C(=O)NC,0,0.741757027817367,0.00198205273654,2.5361142,0.0316164997736742,0.11126673090669181
2579,CNC(=O)C1CN(c2ccc(C#N)c(C(F)(F)F)c2)CC12CCN(C(=O)c1ccc(C)nc1)CC2,0,0.720169010393864,0.0115455100626716,5.2376723,0.0561784165455757,0.09171088264103566
2580,CNC(=O)C1CN(c2ccc(C#N)c(C(F)(F)F)c2)CC12CCN(C(=O)Cc1ccncc1)CC2,0,0.719413274833053,0.0148894525765175,5.295564,0.047235200287517,0.09765835911410102
2581,CNC(=O)C1CN(c2ccc(C#N)c(C(F)(F)F)c2)CC12CCN(C(=O)CC1CCCC1)CC2,0,0.714173120821887,0.0071397591453161,5.537172,0.0399491308453031,0.06063388348893663
2582,CNC(=O)C1CN(c2ccc(C#N)c(C(F)(F)F)c2)CC12CCN(C(=O)c1ccccn1)CC2,0,0.743401981750085,0.0045900196386303,8.229498,0.0343949858857908,0.09586433729626627
2583,CNC(=O)C1CN(c2ccc(C#N)c(C(F)(F)F)c2)CC12CCNCC2,0,0.841514411649364,0.006588052350273,7.353351,0.0216806675101959,0.12469890877635195
2584,CCCNC(=O)N1CCC2(CC1)CN(c1ccc(C#N)c(C(F)(F)F)c1)CC2C(=O)NC,0,0.736888150391599,0.0148470242591465,1.3221487,0.0214474898609121,0.09860210438456021
2585,CNC(=O)C1CN(c2ccc(C#N)c(C(F)(F)F)c2)CC12CCN(C(=O)c1ccccc1)CC2,0,0.742712815374175,0.0044505701348492,4.332404,0.0349178296409604,0.09432645001307127
2586,CNC(=O)C1CN(c2ccc(C#N)c(C(F)(F)F)c2)CC12CCN(C(=O)Nc1ccc(C)cc1)CC2,0,0.65616226953999,0.0108629977971977,1.4289488,0.0536222704058039,0.09476446795505344
2587,CNC(=O)C1CN(c2ccc(C#N)c(C(F)(F)F)c2)CC12CCN(C(=O)Nc1ccccc1C)CC2,0,0.65616226953999,0.0167963998445221,5.4652934,0.0595843520325476,0.09092295533366931
2588,CNC(=O)C1CN(c2ccc(C#N)c(C(F)(F)F)c2)CC12CCN(C(=O)NCCCOC)CC2,0,0.609105607859795,0.118330039829004,1.4449044,0.0464314808648876,0.11039155115180796
2589,CNC(=O)C1CN(c2ccc(C#N)c(C(F)(F)F)c2)CC12CCN(C(=O)c1ccnn1C)CC2,0,0.737583748408487,0.0065477897130673,8.864068,0.0529128952050152,0.09144881566344146
2590,CNC(=O)C1CN(c2ccc(C#N)c(C(F)(F)F)c2)CC12CCN(C(=O)c1cc(C)n(C)n1)CC2,0,0.717230154066291,0.0056101230824442,7.234138,0.0561782326921488,0.0809248302998866
2591,CNC(=O)C1CN(c2ccc(C#N)c(C(F)(F)F)c2)CC12CCN(C(=O)c1c(C)noc1C)CC2,0,0.710068285145942,0.0094109665986363,2.3373947,0.0746379096809478,0.0877388811736262
2592,CNC(=O)C1CN(c2ccc(C#N)c(C(F)(F)F)c2)CC12CCN(C(=O)c1cnn(C)c1)CC2,0,0.737583748408487,0.0788309310940696,7.127007,0.0439360206516037,0.08285947283511941
2593,CNC(=O)C1CN(c2ccc(C#N)c(C(F)(F)F)c2)CC12CCN(C(=O)c1nccn1C)CC2,0,0.737583748408487,0.0078245884609704,8.915283,0.0499728664180134,0.06772081217605903
2594,CNC(=O)C1CN(c2ccc(C#N)c(C(F)(F)F)c2)CC12CCN(C(=O)c1ccc(C)cc1)CC2,0,0.714990423185659,0.0100917494455146,4.3100424,0.0475896088641206,0.0868416675034284
2595,CNC(=O)C1CN(c2ccc(C#N)c(C(F)(F)F)c2)CC12CCN(C(=O)C(C)(C)C)CC2,0,0.749326053414145,0.0050512148595976,-1.0698969,0.043588566339532,0.09232761506887856
2596,CCCS(=O)(=O)N1CCC2(CC1)CN(c1ccc(C#N)c(C(F)(F)F)c1)CC2C(=O)NC1CC1,0,0.650688235499215,0.0058054559490803,11.669646,0.0433854352958726,0.07128563436650609
2597,Cc1ccc(CN2CCC3(CC2)CN(c2ccc(C#N)c(C(F)(F)F)c2)CC3C(=O)NC2CC2)nc1,0,0.667914340642195,0.0070449128362288,3.1201282,0.0422549225887629,0.06170988615012758
2598,N#Cc1ccc(N2CC(C(=O)NC3CC3)C3(CCN(C(=O)c4cnccn4)CC3)C2)cc1C(F)(F)F,0,0.695556677207014,0.0038235555632706,8.068336,0.0418768299087946,0.07139572398222616
2599,N#Cc1ccc(N2CC(C(=O)NC3CC3)C3(CCN(C(=O)C4CCCC4)CC3)C2)cc1C(F)(F)F,0,0.692807424265652,0.0082165754327006,9.720836,0.0371703286770037,0.06489252144085578
2600,N#Cc1ccc(N2CC(C(=O)NC3CC3)C3(CCN(C(=O)C4CC=CC4)CC3)C2)cc1C(F)(F)F,0,0.65603181860551,0.0509811056116386,7.3875346,0.0357484243547963,0.07771953359941933
2601,N#Cc1ccc(N2CC(C(=O)NC3CC3)C3(CCN(C(=O)c4ncccn4)CC3)C2)cc1C(F)(F)F,0,0.695556677207014,0.0021395200621388,3.1292424,0.040805614896286,0.06620807641735074
2602,N#Cc1ccc(N2CC(C(=O)NC3CC3)C3(CCN(C(=O)c4cncnc4)CC3)C2)cc1C(F)(F)F,0,0.695556677207014,0.0035247877640983,-1.3762825,0.0414094008002953,0.06934089399440665
2603,N#Cc1ccc(N2CC(C(=O)NC3CC3)C3(CCN(C(=O)c4ccco4)CC3)C2)cc1C(F)(F)F,0,0.710159978921738,0.0036418752964191,3.4414997,0.0423412674700508,0.05708409851039915
2604,CC(C)C(=O)N1CCC2(CC1)CN(c1ccc(C#N)c(C(F)(F)F)c1)CC2C(=O)NC1CC1,0,0.742580468582925,0.0053465073193739,2.4916673,0.0426773300810293,0.07787566248260602
2605,CNC(=O)N1CCC2(CC1)CN(c1ccc(C#N)c(C(F)(F)F)c1)CC2C(=O)NC1CC1,0,0.742903674029229,0.00968816290302,7.122146,0.0423242308915966,0.08011229369207565
2606,CNC(=O)C1CC2(CCN(c3ccc(C#N)c(C(F)(F)F)c3)CC2)CN1C(=O)Cc1cccs1,0,0.707284799157434,0.0044448951433587,-1.8118122,0.0246964020986728,0.07833014090893323
2607,CNC(=O)C1CC2(CCN(c3ccc(C#N)c(C(F)(F)F)c3)CC2)CN1C(=O)CCOC,0,0.742322861207553,0.0018229568686648,-5.294565,0.0154825444509281,0.11377465356546564
2608,CNC(=O)C1CC2(CCN(c3ccc(C#N)c(C(F)(F)F)c3)CC2)CN1C(=O)Cc1cccnc1,0,0.718918893053352,0.0052801463225042,0.81455004,0.0336305870734731,0.09113145770822256
2609,CNC(=O)C1CC2(CCN(c3ccc(C#N)c(C(F)(F)F)c3)CC2)CN1C(=O)c1cc[nH]n1,0,0.732632000472562,0.0106522128644722,-2.4616377,0.0289998831744744,0.07920194731152227
2610,CNC(=O)C1CC2(CCN(c3ccc(C#N)c(C(F)(F)F)c3)CC2)CN1C(=O)c1ccnc(O)c1,0,0.689228582025369,0.0210436703231172,0.56537044,0.0517293542190441,0.10114422368979817
2611,CNC(=O)C1CC2(CCN(c3ccc(C#N)c(C(F)(F)F)c3)CC2)CN1C(=O)C1CCOCC1,0,0.722243492500212,0.0067045494066208,-2.6960158,0.0189842471654473,0.1225779782959098
2612,CNC(=O)C1CC2(CCN(c3ccc(C#N)c(C(F)(F)F)c3)CC2)CN1C(=O)Cc1ccncc1,0,0.718918893053352,0.0044621488132245,-0.03684628,0.0356698471211306,0.08600187327702695
2613,CNC(=O)C1CC2(CCN(c3ccc(C#N)c(C(F)(F)F)c3)CC2)CN1C(=O)c1ccn(C)n1,0,0.73812875382994,0.0046126986821469,-2.4505367,0.0410246645894654,0.07311768417371635
2614,CNC(=O)C1CC2(CCN(c3ccc(C#N)c(C(F)(F)F)c3)CC2)CN1C(=O)Cn1cc(C)cn1,0,0.714439369042305,0.0038810666840722,4.893975,0.0376590356001254,0.06843048781241091
2615,CNC(=O)C1CC2(CCN(c3ccc(C#N)c(C(F)(F)F)c3)CC2)CN1C(=O)Cn1cccn1,0,0.734685069847697,0.0016722288287313,3.0313516,0.0290580202996588,0.08647165976666951
2616,N#Cc1ccc(N2CCC3(CC2)CC(C(=O)NC2CC2)N(C(=O)c2ccoc2)C3)cc1C(F)(F)F,0,0.707081082420563,0.0135570431103881,3.7462802,0.0215332427492604,0.06388695241509737
2617,CC(C)CC(=O)N1CC2(CCN(c3ccc(C#N)c(C(F)(F)F)c3)CC2)CC1C(=O)NC1CC1,0,0.694700299033595,0.0039483956431848,-7.5205665,0.0209890786826427,0.08851056298616448
2618,N#Cc1ccc(N2CCC3(CC2)CC(C(=O)NC2CC2)N(C(=O)c2cnccn2)C3)cc1C(F)(F)F,0,0.695081289591904,0.0072691668790514,0.21502042,0.0229307817837083,0.06581734212588167
2619,Cn1cccc1CN1CC2(CCN(c3ccc(C#N)c(C(F)(F)F)c3)CC2)CC1C(=O)NC1CC1,0,0.6941100107374,0.0057178446993548,-11.257748,0.031029835637377,0.05277597490432023
2620,N#Cc1ccc(N2CCC3(CC2)CC(C(=O)NC2CC2)N(Cc2ccncc2)C3)cc1C(F)(F)F,0,0.693141475667951,0.0026219261586841,-4.7468543,0.0275448901683797,0.054113383980111084
2621,N#Cc1ccc(N2CCC3(CC2)CC(C(=O)NC2CC2)N(C(=O)c2ccccn2)C3)cc1C(F)(F)F,0,0.695180192451488,0.0018560949491565,2.2503548,0.0284118255046946,0.06721126770253756
2622,N#Cc1ccc(N2CCC3(CC2)CC(C(=O)NC2CC2)N(C(=O)c2cncnc2)C3)cc1C(F)(F)F,0,0.695081289591904,0.0039723817176536,-8.710522,0.0219517733037763,0.06644846259709357
2623,CS(=O)(=O)N1CC2(CCN(c3ccc(C#N)c(C(F)(F)F)c3)CC2)CC1C(=O)NC1CC1,0,0.729918594982893,0.0029975120095481,-2.1629863,0.0212387551236392,0.0912284906895858
2624,N#Cc1ccc(N2CCC3(CC2)CNC(C(=O)NC2CC2)C3)cc1C(F)(F)F,0,0.83020787524393,0.0045579993086499,-8.893028,0.0085081514673538,0.08412411105553845
2625,CC(C)C(=O)N1CC2(CCN(c3ccc(C#N)c(C(F)(F)F)c3)CC2)CC1C(=O)NC1CC1,0,0.74048147316246,0.0024846675487327,-3.4783635,0.0370780915960665,0.08798128988605906
2626,N#Cc1ccc(N2CCC3(CC2)CC(C(=O)NC2CC2)N(C(=O)N2CCCC2)C3)cc1C(F)(F)F,0,0.701878612569889,0.0035837444552776,-1.5913471,0.0326352177604388,0.07929975094023992
2627,CC(C)(C)C(=O)N1CC2(CCN(c3ccc(C#N)c(C(F)(F)F)c3)CC2)CC1C(=O)NC1CC1,0,0.713146487941015,0.0036663681212694,-7.143702,0.0321538817726723,0.06835054868442397
2628,CNC(=O)C1CC2(CCN(c3ccc(C#N)c(C(F)(F)F)c3)CC2)CN1C(=O)CC1CC1,0,0.766941264934234,0.0023861289750195,2.4924188,0.012526176536011,0.07027330446093569
2629,CNC(=O)C1CC2(CCN(c3ccc(C#N)c(C(F)(F)F)c3)CC2)CN1C(=O)c1ncccc1C,0,0.718716786759012,0.0029524333243831,5.488548,0.0241747001117187,0.08918054719053553
2630,CNC(=O)C1CC2(CCN(c3ccc(C#N)c(C(F)(F)F)c3)CC2)CN1C(=O)c1cncn1C,0,0.73812875382994,0.0058935967492362,8.557345,0.0311153513449827,0.06681427515066093
2631,CNC(=O)C1CC2(CCN(c3ccc(C#N)c(C(F)(F)F)c3)CC2)CN1C(=O)c1cncnc1,0,0.73702329199914,0.009230394366438,-9.801763,0.0224001442403971,0.08279150784363708
2632,CNC(=O)C1CC2(CCN(c3ccc(C#N)c(C(F)(F)F)c3)CC2)CN1C(=O)C(C)C,0,0.789852847241354,0.0042729813843288,-1.0144699,0.0221120566779289,0.1185253774162627
2633,CNC(=O)C1CC2(CCN(c3ccc(C#N)c(C(F)(F)F)c3)CC2)CN1C(=O)CCc1ccccc1,0,0.672393654038656,0.0122673769014579,-1.7088263,0.0322939522184513,0.0790770742708711
2634,CNC(=O)C1CC2(CCN(c3ccc(C#N)c(C(F)(F)F)c3)CC2)CN1C(=O)c1cccn1C,0,0.742773119457234,0.0042644937624083,3.1484466,0.0262151549288274,0.06638873911589491
2635,CCC(=O)N1CC2(CCN(c3ccc(C#N)c(C(F)(F)F)c3)CC2)CC1C(=O)NC,0,0.812802507932797,0.0022741250895029,-3.558632,0.0205097948183718,0.11977362592224398
2636,CNC(=O)C1CC2(CCN(c3ccc(C#N)c(C(F)(F)F)c3)CC2)CN1C(=O)Nc1ccc(C)cc1,0,0.649942737389359,0.008441751486168,1.3673433,0.0335289636562943,0.08584619456505287
2637,CNC(=O)C1CC2(CCN(c3ccc(C#N)c(C(F)(F)F)c3)CC2)CN1C(=O)NCCC(C)C,0,0.673589833626403,0.0782725902408068,-3.16294,0.0108149342686426,0.08474195866994554
2638,CNC(=O)C1CC2(CCN(c3ccc(C#N)c(C(F)(F)F)c3)CC2)CN1C(=O)Cc1cccc(C)c1,0,0.689968105738027,0.0033351549474181,-1.404114,0.0327220116450097,0.07642859017528028
2639,N#Cc1ccc(N2CCC3(CC2)CC(C(N)=O)N(S(=O)(=O)c2ccccc2)C3)cc1C(F)(F)F,0,0.705846006427398,0.0125020700106783,2.5823402,0.0300302256683848,0.10378831901794154
2640,CCS(=O)(=O)N1CC2(CCN(c3ccc(C#N)c(C(F)(F)F)c3)CC2)CC1C(N)=O,0,0.765113642714721,0.0037418004606364,3.0076108,0.012835316396288,0.11796404699350098
2641,Cc1ccc(C(=O)N2CC3(CCN(c4ccc(C#N)c(C(F)(F)F)c4)CC3)CC2C(N)=O)c(O)n1,0,0.68624431655256,0.0144565692150108,-7.760905,0.054539374895936,0.1310387584962631
2642,N#Cc1ccc(N2CCC3(CC2)CC(C(N)=O)N(C(=O)Cc2cccc(F)c2)C3)cc1C(F)(F)F,0,0.665906551051593,0.0049223473971876,-7.7994103,0.0603303500670682,0.12333936215755681
2643,N#Cc1ccc(N2CCC3(CC2)CC(C(N)=O)N(C(=O)c2cc(F)cc(F)c2)C3)cc1C(F)(F)F,0,0.659677108453421,0.0044449338411297,-4.948567,0.0790369011678787,0.12545010766187986
2644,N#Cc1ccc(N2CCC3(CC2)CC(C(N)=O)N(C(=O)Cc2ccccc2F)C3)cc1C(F)(F)F,0,0.665906551051593,0.0050660343487396,-6.6306186,0.0567248712027651,0.11865298736019562
2645,COCCC(=O)N1CC2(CCN(c3ccc(C#N)c(C(F)(F)F)c3)CC2)CC1C(N)=O,0,0.760505483464819,0.0019023156387847,-9.917001,0.0113851373229424,0.11738003921831822
2646,CCOCC(=O)N1CC2(CCN(c3ccc(C#N)c(C(F)(F)F)c3)CC2)CC1C(N)=O,0,0.760505483464819,0.0017131603485372,-8.2300825,0.0147052889827613,0.1276907401928045
2647,Cc1ncccc1C(=O)N1CC2(CCN(c3ccc(C#N)c(C(F)(F)F)c3)CC2)CC1C(N)=O,0,0.740234318473002,0.0070735911260242,-3.7078156,0.0332072415225618,0.12066748079440152
2648,Cn1cncc1C(=O)N1CC2(CCN(c3ccc(C#N)c(C(F)(F)F)c3)CC2)CC1C(N)=O,0,0.756291845397924,0.0075427761399465,3.7653341,0.0318833958206343,0.08925190303119421
2649,N#Cc1ccc(N2CCC3(CC2)CC(C(N)=O)N(C(=O)c2ncccn2)C3)cc1C(F)(F)F,0,0.754936459467224,0.0032210477037555,-8.526328,0.0315978831569253,0.1078691950584549
2650,N#Cc1ccc(N2CCC3(CC2)CC(C(N)=O)N(C(=O)c2cncnc2)C3)cc1C(F)(F)F,0,0.754936459467224,0.0037302213659181,-14.819646,0.0234137769287559,0.10376946094555155
2651,N#Cc1ccc(N2CCC3(CC2)CC(C(N)=O)N(C(=O)c2ccco2)C3)cc1C(F)(F)F,0,0.78021795209906,0.0041988177073678,-13.149524,0.036847896607055,0.08893918452453606
2652,N#Cc1ccc(N2CCC3(CC2)CC(C(N)=O)N(C(=O)c2ccncc2)C3)cc1C(F)(F)F,0,0.763447440258163,0.0042142099144451,-6.347282,0.0261475566963401,0.11549397861155968
2653,N#Cc1ccc(N2CCC3(CC2)CC(C(N)=O)N(C(=O)C2(c4ccccc4)CC2)C3)cc1C(F)(F)F,0,0.693437095126628,0.0079478561205464,-3.4217377,0.0741477680209308,0.09864150165410925
2654,N#Cc1ccc(N2CCC3(CC2)CC(C(N)=O)N(C(=O)CN2CCOCC2)C3)cc1C(F)(F)F,0,0.703676134507984,0.0030812251208131,-5.6252685,0.0365302366349589,0.11533273394277119
2655,N#Cc1ccc(N2CCC3(CC2)CC(C(N)=O)N(C(=O)CCN2CCOCC2)C3)cc1C(F)(F)F,0,0.673043152019613,0.0028738059468118,-7.76123,0.0401083165284357,0.1238700194113956
2656,CC(=O)N1CC2(CCN(c3ccc(C#N)c(C(F)(F)F)c3)CC2)CC1C(N)=O,0,0.83323390343824,0.0017382193375788,-11.704181,0.0137370101133771,0.12213570719122113
2657,Cc1ccc(CNC(=O)N2CC3(CCN(c4ccc(C#N)c(C(F)(F)F)c4)CC3)CC2C(N)=O)cc1,0,0.665257024488739,0.0329411223538362,0.42442596,0.0379178981773542,0.09594102686976537
2658,CC(C)CCNC(=O)N1CC2(CCN(c3ccc(C#N)c(C(F)(F)F)c3)CC2)CC1C(N)=O,0,0.695024214155464,0.0284837884086885,-8.755636,0.0141225703480629,0.10554742432394415
2659,Cn1nccc1C(=O)N1CC2(CCN(c3ccc(C#N)c(C(F)(F)F)c3)CC2)CC1C(N)=O,0,0.756291845397924,0.0030075983488839,-3.4823418,0.0450749897508526,0.10439495381156286
2660,CCn1cc(C(=O)N2CC3(CCN(c4ccc(C#N)c(C(F)(F)F)c4)CC3)CC2C(N)=O)cn1,0,0.733237522940336,0.0033311043741461,1.5816263,0.0442014034638266,0.10132370197581346
2661,CCn1ccc(C(=O)N2CC3(CCN(c4ccc(C#N)c(C(F)(F)F)c4)CC3)CC2C(N)=O)n1,0,0.733237522940336,0.003025555370719,-3.6210728,0.0490206496210307,0.09709163044854772
2662,Cc1cccc(CC(=O)N2CC3(CCN(c4ccc(C#N)c(C(F)(F)F)c4)CC3)CC2C(N)=O)c1,0,0.714906017683712,0.0038772973887197,-5.419777,0.0420397075044904,0.10374862578951471
2663,Cc1noc(C)c1C(=O)N1CC2(CCN(c3ccc(C#N)c(C(F)(F)F)c3)CC2)CC1C(N)=O,0,0.72901347329278,0.0032218079949484,-9.757072,0.0580584575358706,0.1098289429947223
2664,N#Cc1ccc(N2CCC3(CC2)CC(C(N)=O)N(C(=O)Cn2cccn2)C3)cc1C(F)(F)F,0,0.752293524431571,0.0023835589397847,-2.1140814,0.0389793668191709,0.09623365836109338
2665,CCc1ccc(C(=O)N2CC3(CCN(c4ccc(C#N)c(C(F)(F)F)c4)CC3)CC2C(=O)NC)cc1,0,0.678722017833656,0.0072407888871234,1.8675667,0.0639173952024251,0.08729116981601044
2666,CNC(=O)C1CC2(CCN(c3ccc(C#N)c(C(F)(F)F)c3)CC2)CN1C(=O)c1cc(C)on1,0,0.732004030001867,0.004960808162652,0.4992801,0.046978032959678,0.08271509806843076
2667,CCC(CC)C(=O)N1CC2(CCN(c3ccc(C#N)c(C(F)(F)F)c3)CC2)CC1C(=O)NC,0,0.716136830787678,0.0035323630641075,4.7593074,0.0308912129787062,0.11073340833279413
2668,CNC(=O)C1CC2(CCN(c3ccc(C#N)c(C(F)(F)F)c3)CC2)CN1C(=O)c1sccc1C,0,0.700065309502299,0.0094525359846479,-0.742411,0.0411349640946628,0.06436847096139846
2669,CC(C)(C)CC(=O)N1CCC2(CC1)CC(C(N)=O)N(c1ccc(C#N)c(C(F)(F)F)c1)C2,0,0.760614484091165,0.0027492336078969,-1.0154061,0.0185561098807045,0.14166823702091613
2670,CC(=O)N1CCC2(CC1)CC(C(N)=O)N(c1ccc(C#N)c(C(F)(F)F)c1)C2,0,0.83323390343824,0.002277647191268,-5.819346,0.0196370807296562,0.1315452389584278
2671,Cc1ccccc1C(=O)N1CCC2(CC1)CC(C(N)=O)N(c1ccc(C#N)c(C(F)(F)F)c1)C2,0,0.737469905219454,0.0040722150606226,1.6154791,0.0425411209811696,0.1230798358798983
2672,Cc1ccc(C(=O)N2CCC3(CC2)CC(C(N)=O)N(c2ccc(C#N)c(C(F)(F)F)c2)C3)cc1,0,0.737469905219454,0.0034400350098549,-0.33135188,0.0572417446662414,0.1303954413981397
2673,CC(C)(C)C(=O)N1CCC2(CC1)CC(C(N)=O)N(c1ccc(C#N)c(C(F)(F)F)c1)C2,0,0.770330798756536,0.0029946555275061,-8.070429,0.0297365581990462,0.152524482351525
2674,CCCS(=O)(=O)N1CCC2(CC1)CC(C(=O)NC)N(c1ccc(C#N)c(C(F)(F)F)c1)C2,0,0.711417238048128,0.002405792604407,8.542952,0.0359193905890453,0.11639934928555165
2675,CNC(=O)C1CC2(CCN(C(=O)Nc3ccccc3)CC2)CN1c1ccc(C#N)c(C(F)(F)F)c1,0,0.681711585067653,0.0100698657821558,-0.95844644,0.0391253658505429,0.09221060293608807
2676,CNC(=O)C1CC2(CCN(C(=O)Cc3ccc(C)cc3)CC2)CN1c1ccc(C#N)c(C(F)(F)F)c1,0,0.689968105738027,0.0080602344098735,-0.007318139,0.0367537479901865,0.08707696329955124
2677,CNC(=O)C1CC2(CCN(C(=O)c3cccc(F)c3)CC2)CN1c1ccc(C#N)c(C(F)(F)F)c1,0,0.663995079398453,0.0146107757208235,-1.4870478,0.0532099813397625,0.102726644626592
2678,CN(C)C(=O)C1CC2(CCN(c3ccc(C#N)c(C(F)(F)F)c3)CC2)CN1C(=O)c1ccoc1,0,0.676895642801228,0.0036428413523259,0.80394065,0.0298221098744805,0.07092609046812276
2679,COCC(=O)N1CC2(CCN(c3ccc(C#N)c(C(F)(F)F)c3)CC2)CC1C(=O)N(C)C,0,0.701784146447561,0.0019266805347039,-6.3590693,0.0151974652689822,0.10266650980081153
2680,COCCOCC(=O)N1CC2(CCN(c3ccc(C#N)c(C(F)(F)F)c3)CC2)CC1C(=O)N(C)C,0,0.539626001009407,0.0028828695986232,-3.9472318,0.0294909250808976,0.0965588500224044
2681,CCS(=O)(=O)N1CC2(CCN(c3ccc(C#N)c(C(F)(F)F)c3)CC2)CC1C(=O)N(C)C,0,0.672858815033221,0.0017070176326112,5.2767773,0.0224517879488508,0.11056922774078926
2682,CN(C)C(=O)C1CC2(CCN(c3ccc(C#N)c(C(F)(F)F)c3)CC2)CN1C(=O)C1CC1,0,0.712043071447816,0.0060791387295961,-12.041319,0.0343940546772812,0.0930038195011947
2683,CCOCC(=O)N1CC2(CCN(c3ccc(C#N)c(C(F)(F)F)c3)CC2)CC1C(=O)N(C)C,0,0.66714006199292,0.0018779237850781,-4.6244884,0.0161564201162153,0.11915752715838482
2684,Cc1ccc(C(=O)N2CC3(CCN(c4ccc(C#N)c(C(F)(F)F)c4)CC3)CC2C(=O)N(C)C)cn1,0,0.640708389504053,0.0056309468937424,-2.6239612,0.0359915651388909,0.0849050726516956
2685,CN(C)C(=O)C1CC2(CCN(c3ccc(C#N)c(C(F)(F)F)c3)CC2)CN1C(=O)C1CCCC1,0,0.66046672880322,0.0143759381106309,-0.08826935,0.0173223781838574,0.07006630867264205
2686,Cc1occc1C(=O)N1CC2(CCN(c3ccc(C#N)c(C(F)(F)F)c3)CC2)CC1C(=O)N(C)C,0,0.650893876476832,0.0070342513906538,0.7470044,0.042493643379053,0.07135126874721595
2687,Cc1ccncc1C(=O)N1CC2(CCN(c3ccc(C#N)c(C(F)(F)F)c3)CC2)CC1C(=O)N(C)C,0,0.640708389504053,0.0060974612710324,-3.0609305,0.0309833832026043,0.09252797477842835
2688,Cc1ncccc1C(=O)N1CC2(CCN(c3ccc(C#N)c(C(F)(F)F)c3)CC2)CC1C(=O)N(C)C,0,0.640708389504053,0.0057291509105863,0.32506585,0.0383834250317755,0.09483675858554638
2689,Cc1ncoc1C(=O)N1CC2(CCN(c3ccc(C#N)c(C(F)(F)F)c3)CC2)CC1C(=O)N(C)C,0,0.655680735320518,0.0038928491053737,-1.8659726,0.0462054424693582,0.08456500918036017
2690,CCC(C)(C)C(=O)N1CC2(CCN(c3ccc(C#N)c(C(F)(F)F)c3)CC2)CC1C(=O)N(C)C,0,0.647669146500771,0.006923626435269,-2.0139594,0.0344805026076887,0.09879271300724139
2691,Cc1cccc(C(=O)N2CC3(CCN(c4ccc(C#N)c(C(F)(F)F)c4)CC3)CC2C(=O)N(C)C)n1,0,0.640708389504053,0.0088895195976003,4.379793,0.0403837778849793,0.08376633902447715
2692,CN(C)C(=O)C1CC2(CCN(c3ccc(C#N)c(C(F)(F)F)c3)CC2)CN1C(=O)c1cncn1C,0,0.66346313983728,0.0046610558516769,6.928016,0.0473326144938497,0.07219059616587906
2693,CCCNC(=O)N1CC2(CCN(c3ccc(C#N)c(C(F)(F)F)c3)CC2)CC1C(=O)N(C)C,0,0.73891678787203,0.0080261339131052,-3.5569549,0.0296293164256075,0.08782635367621842
2694,COCCCNC(=O)N1CC2(CCN(c3ccc(C#N)c(C(F)(F)F)c3)CC2)CC1C(=O)N(C)C,0,0.613158800462204,0.0185561795166582,-2.0444481,0.0334992178263939,0.08299122306431694
2695,COCC(=O)N1CC2(CCN(c3ccc(C#N)c(C(F)(F)F)c3)CC2)CC1C(=O)N1CCCC1,0,0.665092975986213,0.005476505482175,-8.248769,0.0154345117663597,0.08835668373812806
2696,N#Cc1ccc(N2CCC3(CC2)CC(C(=O)N2CCCC2)N(C(=O)C2CCC2)C3)cc1C(F)(F)F,0,0.640154685129956,0.0194300869561324,-9.24803,0.0269948131705935,0.08220491716068161
2697,N#Cc1ccc(N2CCC3(CC2)CC(C(=O)N2CCCC2)N(Cc2ccccc2)C3)cc1C(F)(F)F,0,0.593884591844645,0.0128759165268392,-10.413614,0.0202468264402387,0.06135540332318769
2698,CCC(=O)N1CC2(CCN(c3ccc(C#N)c(C(F)(F)F)c3)CC2)CC1C(=O)N1CCCC1,0,0.68551575480075,0.0047707880178149,-9.16563,0.022830584453654,0.09543531796563501
2699,CC(=O)N1CC2(CCN(c3ccc(C#N)c(C(F)(F)F)c3)CC2)CC1C(=O)N1CCCC1,0,0.695608949681371,0.0061009126689363,-10.967971,0.0269195441509895,0.09878252308551369
2700,Cc1cccc(C(=O)N2CCC3(CC2)CC(C(N)=O)N(c2ccc(C#N)c(C(F)(F)F)c2)C3)c1,0,0.737469905219454,0.003676496053721,-1.3066952,0.0451165739175348,0.11993522919714354
2701,Cc1cncc(C(=O)N2CCC3(CC2)CC(C(=O)N(C)C)N(c2ccc(C#N)c(C(F)(F)F)c2)C3)c1,0,0.640708389504054,0.0060807535786214,-3.6453085,0.0294551867625631,0.08633521551094407
2702,CN(C)C(=O)C1CC2(CCN(C(=O)c3ccco3)CC2)CN1c1ccc(C#N)c(C(F)(F)F)c1,0,0.676895642801228,0.0028144427965374,-3.4863768,0.0300609633383373,0.07141389437902243
2703,CN(C)C(=O)C1CC2(CCN(S(C)(=O)=O)CC2)CN1c1ccc(C#N)c(C(F)(F)F)c1,0,0.694034414915846,0.003198610391123,3.7177634,0.0489718867122769,0.111759184902677
2704,CN(C)C(=O)C1CC2(CCN(Cc3ccccc3)CC2)CN1c1ccc(C#N)c(C(F)(F)F)c1,0,0.659189766102756,0.0030528231716372,-0.57280433,0.0542991432287077,0.09652647888992229
2705,CNC(=O)N1CCC2(CC1)CC(C(=O)N(C)C)N(c1ccc(C#N)c(C(F)(F)F)c1)C2,0,0.771692424931187,0.0035411845913516,0.7421874,0.0510228154361454,0.10108000949216314
2706,COCCNC(=O)N1CCC2(CC1)CC(C(=O)N(C)C)N(c1ccc(C#N)c(C(F)(F)F)c1)C2,0,0.653680304199956,0.0036355475038038,-10.375413,0.0494440784054666,0.09867385327483513
2707,Cc1ccc(C(=O)N2CCC3(CC2)CC(C(=O)N(C)C)N(c2ccc(C#N)c(C(F)(F)F)c2)C3)cc1,0,0.626244409920948,0.0085484870463263,-1.9749101,0.0398322656590196,0.09653699533667828
2708,CN(C)C(=O)C1CC2(CCN(C(=O)C(C)(C)C)CC2)CN1c1ccc(C#N)c(C(F)(F)F)c1,0,0.665957501347755,0.0030199768093263,-7.4640136,0.0382644508667503,0.11326338629409524
2709,CN(C)C(=O)C1CC2(CCN(C3CCCC3)CC2)CN1c1ccc(C#N)c(C(F)(F)F)c1,0,0.69316012191287,0.0041958108305002,3.6245723,0.0476463398685345,0.07634389761594265
2710,N#Cc1ccc(N2CCC([C@@H]3CN(C(=O)C4CCCCC4)C[C@H]3C(N)=O)CC2)cc1C(F)(F)F,0,0.712979148296719,0.0020925803642777,-0.8810618,0.0176356966159363,0.10878254984139735
2711,COCCOCC(=O)N1C[C@@H](C(N)=O)[C@H](C2CCN(c3ccc(C#N)c(C(F)(F)F)c3)CC2)C1,0,0.56818187895922,0.0013636633602805,2.4226274,0.0116958633862911,0.13610019806044565
2712,Cc1ccc(CC(=O)N2C[C@@H](C(N)=O)[C@H](C3CCN(c4ccc(C#N)c(C(F)(F)F)c4)CC3)C2)cc1,0,0.677082370578283,0.0046022170136405,2.5148482,0.0176397981743114,0.09642749984947176
2713,Cc1cc(C)cc(C(=O)N2C[C@@H](C(N)=O)[C@H](C3CCN(c4ccc(C#N)c(C(F)(F)F)c4)CC3)C2)c1,0,0.681305689263998,0.0053707706570804,-1.4056754,0.0552542365676653,0.08996700572411417
2714,Cc1ccsc1C(=O)N1C[C@@H](C(N)=O)[C@H](C2CCN(c3ccc(C#N)c(C(F)(F)F)c3)CC2)C1,0,0.700610810971691,0.0024809446189718,-5.924715,0.0249807594086232,0.09358442019938147
2715,Cc1ccc(C(=O)N2C[C@@H](C(N)=O)[C@H](C3CCN(c4ccc(C#N)c(C(F)(F)F)c4)CC3)C2)c(C)c1,0,0.681305689263998,0.0029565460535294,-2.662582,0.062191393977556,0.0937509500936297
2716,N#Cc1ccc(N2CCC([C@@H]3CN(C(=O)c4cnccn4)C[C@H]3C(N)=O)CC2)cc1C(F)(F)F,0,0.730885492778145,0.0027965978022481,-2.7728157,0.0138494235577558,0.09920387956285291
2717,Cc1ccc(C(=O)N2C[C@@H](C(N)=O)[C@H](C3CCN(c4ccc(C#N)c(C(F)(F)F)c4)CC3)C2)cn1,0,0.715374346013512,0.0103235857652777,-5.767254,0.0371049676061921,0.11808218931976626
2718,CC(C)(C)CC(=O)N1C[C@@H](C(N)=O)[C@H](C2CCN(c3ccc(C#N)c(C(F)(F)F)c3)CC2)C1,0,0.734169086191937,0.0022955922273494,-0.4685824,0.0045018941489797,0.10132799716349486
2719,CN(C)C(=O)C1CC2(CCN(C(=O)C3CCCCC3)CC2)CN1c1ccc(C#N)c(C(F)(F)F)c1,0,0.628710214388836,0.0085484870463263,3.599588,0.0347947627623717,0.10630401050049376
2720,Cc1cc(C(=O)N2CCC3(CC2)CC(C(=O)N(C)C)N(c2ccc(C#N)c(C(F)(F)F)c2)C3)no1,0,0.655680735320519,0.0082971664254378,4.4986286,0.0347029149696778,0.07891558410937188
2721,CN(C)C(=O)C1CC2(CCN(C(=O)c3cccs3)CC2)CN1c1ccc(C#N)c(C(F)(F)F)c1,0,0.646058148666076,0.0046553941251787,0.6611122,0.0218921608540623,0.069623791944629
2722,CN(C)C(=O)C1CC2(CCN(C(=O)C3CC3)CC2)CN1c1ccc(C#N)c(C(F)(F)F)c1,0,0.712043071447816,0.0030939023801007,-6.451898,0.0367985532887569,0.07574708985535208
2723,Cc1ccc(CN2CCC3(CC2)CC(C(=O)N(C)C)N(c2ccc(C#N)c(C(F)(F)F)c2)C3)nc1,0,0.64875132862418,0.0059929684593937,-3.3220875,0.0548479415246475,0.09674765289163811
2724,Cc1ccc(C(=O)N2CCC3(CC2)CC(C(=O)N(C)C)N(c2ccc(C#N)c(C(F)(F)F)c2)C3)cn1,0,0.640708389504054,0.0060807535786214,0.14481509,0.0398197651353529,0.09287289688708247
2725,CN(C)C(=O)C1CC2(CCN(C(=O)CC(C)(C)C)CC2)CN1c1ccc(C#N)c(C(F)(F)F)c1,0,0.650191040555143,0.0133757317657382,-0.15728831,0.0304674679218328,0.10612472556962202
2726,CN(C)C(=O)C1CC2(CCN(CC3CCCCC3)CC2)CN1c1ccc(C#N)c(C(F)(F)F)c1,0,0.619970209908758,0.0123195610642967,0.7246815,0.0531771643892825,0.10453317877110217
2727,CNC(=O)C1CC2(CCN(C(=O)NCc3ccccc3)CC2)CN1c1ccc(C#N)c(C(F)(F)F)c1,0,0.668230051025424,0.0331872905008144,-2.1642132,0.0446851637381388,0.08760537218328393
2728,CNC(=O)C1CC2(CCN(C(=O)c3ccco3)CC2)CN1c1ccc(C#N)c(C(F)(F)F)c1,0,0.758373377402477,0.0047993354172409,-1.8965944,0.0303476382779859,0.06678489920279378
2729,CNC(=O)C1CC2(CCN(S(C)(=O)=O)CC2)CN1c1ccc(C#N)c(C(F)(F)F)c1,0,0.769274502461064,0.002663481916471,5.3323283,0.0269152936417096,0.10957490497356256
2730,CNC(=O)C1CC2(CCN(C(=O)CCc3ccccc3)CC2)CN1c1ccc(C#N)c(C(F)(F)F)c1,0,0.672393654038656,0.0058540912546196,-0.44097424,0.0385474948727992,0.08514507342770235
2731,CCC(=O)N1CCC2(CC1)CC(C(=O)NC)N(c1ccc(C#N)c(C(F)(F)F)c1)C2,0,0.812802507932797,0.0026563361311379,0.121145606,0.0261054811306823,0.11806124183926343
2732,CNC(=O)C1CC2(CCN(C(C)=O)CC2)CN1c1ccc(C#N)c(C(F)(F)F)c1,0,0.816070097375911,0.0023406805773695,-3.0848317,0.0214000825381491,0.13362607512417737
2733,CNC(=O)C1CC2(CCN(C(=O)Nc3ccccc3C)CC2)CN1c1ccc(C#N)c(C(F)(F)F)c1,0,0.649942737389359,0.0164000486803955,1.9681381,0.0410994057007172,0.09005743268981295
2734,CNC(=O)C1CC2(CCN(C(=O)Cc3cccc(C)c3)CC2)CN1c1ccc(C#N)c(C(F)(F)F)c1,0,0.689968105738027,0.0042843000530036,-0.38544905,0.0429908068408549,0.08184060168564063
2735,CNC(=O)C1CC2(CCN(C(=O)c3ccc(C)cc3)CC2)CN1c1ccc(C#N)c(C(F)(F)F)c1,0,0.710903726317055,0.0061465756360114,-0.37079358,0.0449488656549981,0.0867111929319935
2736,CNC(=O)C1CC2(CCN(C(=O)C(C)(C)C)CC2)CN1c1ccc(C#N)c(C(F)(F)F)c1,0,0.747720937680562,0.0044621282028514,-5.6793475,0.0427327475527142,0.10422287426899868
2737,COCC(=O)N1CCC2(CC1)CC(C(=O)NC1CC1)N(c1ccc(C#N)c(C(F)(F)F)c1)C2,0,0.724421182910491,0.0018443526046243,-2.9169974,0.0298235473967615,0.08790586709390671
2738,CCCS(=O)(=O)N1CCC2(CC1)CC(C(=O)NC1CC1)N(c1ccc(C#N)c(C(F)(F)F)c1)C2,0,0.650028248292389,0.002680616396394,8.031281,0.0453993301998364,0.07778360388686428
2739,CCS(=O)(=O)N1CCC2(CC1)CC(C(=O)NC1CC1)N(c1ccc(C#N)c(C(F)(F)F)c1)C2,0,0.693873958410277,0.0029886843513509,9.800314,0.0458941543760032,0.0904939046300907
2740,CC(C)CC(=O)N1CCC2(CC1)CC(C(=O)NC1CC1)N(c1ccc(C#N)c(C(F)(F)F)c1)C2,0,0.694700299033595,0.0052135730064808,-5.288483,0.0305711924939919,0.06842962319204006
2741,CC(C)(C)CC(=O)N1CCC2(CC1)CC(C(=O)NC1CC1)N(c1ccc(C#N)c(C(F)(F)F)c1)C2,0,0.675392124504647,0.0085170579344741,1.8131338,0.0339238908540394,0.07680311784141133
2742,N#Cc1ccc(N2CC3(CCN(C4CCOCC4)CC3)CC2C(=O)NC2CC2)cc1C(F)(F)F,0,0.71800470588178,0.003730659052691,5.954697,0.0518360920816227,0.07432147171763348
2743,N#Cc1ccc(N2CC3(CCN(Cc4cccnc4)CC3)CC2C(=O)NC2CC2)cc1C(F)(F)F,0,0.693141475667951,0.0033690090194921,3.1534615,0.0416959618708718,0.07022516706957574
2744,CC(C)NC(=O)N1CCC2(CC1)CC(C(=O)NC1CC1)N(c1ccc(C#N)c(C(F)(F)F)c1)C2,0,0.693299847256072,0.006337787773737,2.3891768,0.0484922628269249,0.08232264888402083
2745,CN(C)S(=O)(=O)N1CCC2(CC1)CC(C(=O)NC1CC1)N(c1ccc(C#N)c(C(F)(F)F)c1)C2,0,0.670945820342027,0.0031182030385656,12.066501,0.038048430123661,0.07641536183415185
2746,CCC(C)(C)C(=O)N1CCC2(CC1)CC(C(=O)NC1CC1)N(c1ccc(C#N)c(C(F)(F)F)c1)C2,0,0.66048430539347,0.0073572973832224,4.0195193,0.0622205693230618,0.07808759963835625
2747,N#Cc1ccc(N2CC3(CCN(C(=O)CC4CC4)CC3)CC2C(=O)NC2CC2)cc1C(F)(F)F,0,0.703660872656509,0.0046205971131548,3.852808,0.0442749031273984,0.07059656640666186
2748,CS(=O)(=O)N1CCC2(CC1)CC(C(=O)NC1CC1)N(c1ccc(C#N)c(C(F)(F)F)c1)C2,0,0.729918594982893,0.0031873473393722,5.41692,0.041205659394986,0.08318517982721035
2749,CCCC(=O)N1CCC2(CC1)CC(C(=O)NC1CC1)N(c1ccc(C#N)c(C(F)(F)F)c1)C2,0,0.721473508496198,0.0036737067763111,-0.13257027,0.0444968264629715,0.08542922121813937
2750,CC(=O)N1CCC2(CC1)CC(C(=O)NC1CC1)N(c1ccc(C#N)c(C(F)(F)F)c1)C2,0,0.79350190145501,0.0016426011542666,-2.369955,0.041180465549247,0.09447974187792404
2751,CNC(=O)N1CCC2(CC1)CC(C(=O)NC1CC1)N(c1ccc(C#N)c(C(F)(F)F)c1)C2,0,0.742953315197566,0.0077033402859476,2.800909,0.0401232066807738,0.08521858378027522
2752,COCCNC(=O)N1CCC2(CC1)CC(C(=O)NC1CC1)N(c1ccc(C#N)c(C(F)(F)F)c1)C2,0,0.594343368570783,0.009753484060145,-7.628854,0.0408008831635517,0.07801371365110765
2753,CNC(=O)[C@@H]1CN(C(=O)C(C)(C)C)C[C@H]1C1CCN(c2ccc(C#N)c(C(F)(F)F)c2)CC1,0,0.740887007358185,0.0018914259464942,-15.987824,0.0078413845109431,0.0886100228299602
2754,CC1(C(=O)N2C[C@@H](C(=O)NC3CC3)[C@H](C3CCN(c4ccc(C#N)c(C(F)(F)F)c4)CC3)C2)CC1,0,0.681215019980989,0.0056026482735676,-16.901407,0.0265587433205185,0.05483520112678945
2755,CC(C)NC(=O)N1C[C@@H](C(=O)NC2CC2)[C@H](C2CCN(c3ccc(C#N)c(C(F)(F)F)c3)CC2)C1,0,0.657019264432334,0.0420936131865843,-2.2253392,0.0192249549600495,0.06943844171204996
2756,CCCC(=O)N1C[C@@H](C(=O)NC2CC2)[C@H](C2CCN(c3ccc(C#N)c(C(F)(F)F)c3)CC2)C1,0,0.674784734374017,0.0029154594458932,-8.423465,0.0150282693870987,0.05480019351209453
2757,N#Cc1ccc(N2CCC([C@@H]3CN(C4CCCC4)C[C@H]3C(=O)NC3CC3)CC2)cc1C(F)(F)F,0,0.679727110930044,0.003256919032786,-0.8531667,0.0420714209151818,0.05568014610430855
2758,CN(C)C(=O)[C@@H]1CN(C(=O)c2ccoc2)C[C@H]1C1CCN(c2ccc(C#N)c(C(F)(F)F)c2)CC1,0,0.653028307094438,0.0096267123807961,0.6622437,0.0210830869721603,0.06652752387178909
2759,CCS(=O)(=O)N1C[C@@H](C(=O)N(C)C)[C@H](C2CCN(c3ccc(C#N)c(C(F)(F)F)c3)CC2)C1,0,0.639163944580756,0.0015599237799328,5.9402237,0.0199116495286792,0.13629348208767042
2760,CC(=O)NCC(=O)N1C[C@@H](C(=O)N(C)C)[C@H](C2CCN(c3ccc(C#N)c(C(F)(F)F)c3)CC2)C1,0,0.677819939422935,0.0060730530769865,1.1421865,0.0297768948577096,0.10391930238324654
2761,CN(C)C(=O)[C@@H]1CN(C(=O)C2CC2)C[C@H]1C1CCN(c2ccc(C#N)c(C(F)(F)F)c2)CC1,0,0.688315960116865,0.0054732024149733,-7.6019897,0.0121953940954826,0.06593401055034606
2762,CCOCC(=O)N1C[C@@H](C(=O)N(C)C)[C@H](C2CCN(c3ccc(C#N)c(C(F)(F)F)c3)CC2)C1,0,0.625835121028536,0.0021529889121732,-4.6832895,0.0248830356288769,0.08954087751016097
2763,CCNC(=O)N1C[C@@H](C(=O)N(C)C)[C@H](C2CCN(c3ccc(C#N)c(C(F)(F)F)c3)CC2)C1,0,0.741034190544748,0.0090057655918199,-0.016950727,0.012899402315541,0.09494743091173409
2764,CN(C)C(=O)[C@@H]1CN(C2CCOCC2)C[C@H]1C1CCN(c2ccc(C#N)c(C(F)(F)F)c2)CC1,0,0.661915837512424,0.0031555471023271,7.5593543,0.0219081962597215,0.07851932678846167
2765,CN(C)C(=O)[C@@H]1CN(Cc2ccncc2)C[C@H]1C1CCN(c2ccc(C#N)c(C(F)(F)F)c2)CC1,0,0.640205375329198,0.0242493250593682,-0.47287977,0.0135483857048583,0.0679300050755976
2766,CN(C)C(=O)[C@@H]1CN(C(=O)CC2CC2)C[C@H]1C1CCN(c2ccc(C#N)c(C(F)(F)F)c2)CC1,0,0.649245812124817,0.0019094266534824,0.08820951,0.0081771194322831,0.058848306770944284
2767,CN(C)C(=O)[C@@H]1CN(C(=O)c2ccncc2)C[C@H]1C1CCN(c2ccc(C#N)c(C(F)(F)F)c2)CC1,0,0.641561107007468,0.0108225077564898,-2.0270853,0.0159814730570672,0.08217308422547251
2768,CN(C)C(=O)[C@@H]1CN(Cc2ccccc2)C[C@H]1C1CCN(c2ccc(C#N)c(C(F)(F)F)c2)CC1,0,0.621135507514024,0.003853558324805,-2.9106984,0.0138096273300101,0.06958010365185949
2769,CCC(=O)N1C[C@@H](C(=O)N(C)C)[C@H](C2CCN(c3ccc(C#N)c(C(F)(F)F)c3)CC2)C1,0,0.705609830293548,0.0031511972521768,-2.6460328,0.0162843581070438,0.09018069994229432
2770,CNC(=O)N1C[C@@H](C(=O)N(C)C)[C@H](C2CCN(c3ccc(C#N)c(C(F)(F)F)c3)CC2)C1,0,0.766644390505001,0.0028748075269465,2.3935685,0.0228641518035805,0.09505540649605172
2771,CCNC(=O)[C@@H]1CN(C(=O)COC)C[C@H]1C1CCN(c2ccc(C#N)c(C(F)(F)F)c2)CC1,0,0.696887539389181,0.001796700068112,-3.8059225,0.0086282627978605,0.08693777546333367
2772,CCNC(=O)[C@@H]1CN(C(=O)C2(C)CC2)C[C@H]1C1CCN(c2ccc(C#N)c(C(F)(F)F)c2)CC1,0,0.701473008677668,0.0039606690959976,-13.42236,0.0215020886604669,0.058435812324524626
2773,CCNC(=O)[C@@H]1CN(C(=O)CC(C)C)C[C@H]1C1CCN(c2ccc(C#N)c(C(F)(F)F)c2)CC1,0,0.669412594724979,0.0048757425722124,-8.498344,0.0104974422679224,0.0785749474522222
2774,CCNC(=O)[C@@H]1CN(C(=O)C2CCC2)C[C@H]1C1CCN(c2ccc(C#N)c(C(F)(F)F)c2)CC1,0,0.701473008677668,0.0028820971641484,-6.1757717,0.0117029577776437,0.053271246693928756
2775,CCNC(=O)[C@@H]1CN(C(=O)NCC)C[C@H]1C1CCN(c2ccc(C#N)c(C(F)(F)F)c2)CC1,0,0.699145727379295,0.0312237921133762,-0.044395685,0.0091932634711839,0.09515099383134532
2776,CCNC(=O)[C@@H]1CN(C(=O)C2CC=CC2)C[C@H]1C1CCN(c2ccc(C#N)c(C(F)(F)F)c2)CC1,0,0.636731277785075,0.0206132301183999,0.576285,0.02282524593959,0.056027966984362354
2777,CCNC(=O)[C@@H]1CN(C(=O)CSC)C[C@H]1C1CCN(c2ccc(C#N)c(C(F)(F)F)c2)CC1,0,0.673013324719156,0.0014193313713865,-3.8489475,0.0093964335764529,0.08204400605614118
2778,CCNC(=O)[C@@H]1CN(C(=O)c2ccccn2)C[C@H]1C1CCN(c2ccc(C#N)c(C(F)(F)F)c2)CC1,0,0.677656348618471,0.004938365239424,-0.6662629,0.0181134983030432,0.07848794356793247
2779,CCNC(=O)[C@@H]1CNC[C@H]1C1CCN(c2ccc(C#N)c(C(F)(F)F)c2)CC1,0,0.824178702375652,0.0057146304302376,-7.222448,0.0034290642169567,0.0791105282592354
2780,CCNC(=O)[C@@H]1CN(C(=O)C(C)(C)C)C[C@H]1C1CCN(c2ccc(C#N)c(C(F)(F)F)c2)CC1,0,0.708525835449888,0.0025022465577191,-11.479006,0.0064678490029122,0.08502129930071857
2781,N#Cc1ccc(N2CCC([C@@H]3CN(C(=O)C4CCCC4)C[C@H]3C(N)=O)CC2)cc1C(F)(F)F,0,0.741139343502318,0.0068363037688372,-0.768905,0.0088752173066688,0.0885990210425104
2782,N#Cc1ccc(N2CCC([C@@H]3CN(C(=O)C4CCOCC4)C[C@H]3C(N)=O)CC2)cc1C(F)(F)F,0,0.717562522239059,0.0031935452955875,-0.5179678,0.0136545188075765,0.1324814995319324
2783,Cc1ncccc1C(=O)N1C[C@@H](C(N)=O)[C@H](C2CCN(c3ccc(C#N)c(C(F)(F)F)c3)CC2)C1,0,0.715374346013512,0.0016490963585879,0.9093925,0.0454004046691796,0.1255195991384603
2784,Cn1cnc(C(=O)N2C[C@@H](C(N)=O)[C@H](C3CCN(c4ccc(C#N)c(C(F)(F)F)c4)CC3)C2)c1,0,0.732247562271702,0.0059186466602944,9.47247,0.0148273700913799,0.07598742015550224
2785,N#Cc1ccc(N2CCC([C@@H]3CN(C(=O)Cc4ccncc4)C[C@H]3C(N)=O)CC2)cc1C(F)(F)F,0,0.70148234139344,0.0025947697851303,2.1090436,0.0171755313843779,0.11232701209965809
2786,N#Cc1ccc(N2CCC([C@@H]3CN(C(=O)c4cscn4)C[C@H]3C(N)=O)CC2)cc1C(F)(F)F,0,0.728926259883664,0.0017903618676695,-6.0115027,0.0163366013669254,0.08956242201930657
2787,Cc1cccc(C(=O)N2C[C@@H](C(N)=O)[C@H](C3CCN(c4ccc(C#N)c(C(F)(F)F)c4)CC3)C2)n1,0,0.715374346013512,0.0034230955551409,3.478692,0.0294187512987319,0.09933681389496926
2788,Cc1cncc(C(=O)N2C[C@@H](C(N)=O)[C@H](C3CCN(c4ccc(C#N)c(C(F)(F)F)c4)CC3)C2)c1,0,0.715374346013512,0.0063339356139798,-9.058143,0.0258445995869022,0.0955289530387428
2789,Cc1ccccc1CC(=O)N1C[C@@H](C(N)=O)[C@H](C2CCN(c3ccc(C#N)c(C(F)(F)F)c3)CC2)C1,0,0.677082370578283,0.0026903095640504,4.09345,0.0409625428385352,0.0937869385615973
2790,CCC(=O)N1C[C@@H](C(N)=O)[C@H](C2CCN(c3ccc(C#N)c(C(F)(F)F)c3)CC2)C1,0,0.807960041434248,0.0018556848635684,-4.504058,0.0220468121469586,0.1230679765934393
2791,Cc1cc(C(=O)N2C[C@@H](C(N)=O)[C@H](C3CCN(c4ccc(C#N)c(C(F)(F)F)c4)CC3)C2)[nH]n1,0,0.70632671585153,0.0279499234552804,-3.6085548,0.0187515778150161,0.08339058315316769
2792,CCCC(=O)N1C[C@@H](C(N)=O)[C@H](C2CCN(c3ccc(C#N)c(C(F)(F)F)c3)CC2)C1,0,0.767823181706015,0.0031613903736385,-5.6246595,0.0132821138059045,0.12381755573172437
2793,CCn1nccc1C(=O)N1C[C@@H](C(N)=O)[C@H](C2CCN(c3ccc(C#N)c(C(F)(F)F)c3)CC2)C1,0,0.6964069986104,0.00168036883048,3.306736,0.0526774304233572,0.08802482853456868
2794,Cc1cccc(CC(=O)N2C[C@@H](C(N)=O)[C@H](C3CCN(c4ccc(C#N)c(C(F)(F)F)c4)CC3)C2)c1,0,0.677082370578283,0.0049376794676877,0.50279653,0.0224293281774734,0.0931107991854309
2795,CCCS(=O)(=O)N1C[C@@H](C(=O)NC)[C@H](C2CCN(c3ccc(C#N)c(C(F)(F)F)c3)CC2)C1,0,0.667579270606338,0.0016356082131948,1.0966657,0.0112245505853732,0.11606020131045906
2796,CCS(=O)(=O)N1C[C@@H](C(=O)NC)[C@H](C2CCN(c3ccc(C#N)c(C(F)(F)F)c3)CC2)C1,0,0.710658922448745,0.0016956308535809,2.325283,0.0137623786975158,0.1260686208986161
2797,CNC(=O)[C@@H]1CN(C(=O)Nc2ccccc2)C[C@H]1C1CCN(c2ccc(C#N)c(C(F)(F)F)c2)CC1,0,0.656035255210429,0.0116141633840181,-0.56247854,0.0173405184512997,0.08374426403328165
2798,CNC(=O)[C@@H]1CN(C(=O)c2cccc(C)c2)C[C@H]1C1CCN(c2ccc(C#N)c(C(F)(F)F)c2)CC1,0,0.684504739737217,0.0229275347741872,-7.5083995,0.0165399841484975,0.07818361379978676
2799,CNC(=O)[C@@H]1CN(C(=O)C2CC2)C[C@H]1C1CCN(c2ccc(C#N)c(C(F)(F)F)c2)CC1,0,0.768433749016776,0.0064586724878357,-11.422745,0.0099103084029426,0.05763294558494257
2800,CNC(=O)[C@@H]1CN(C(=O)CCOC)C[C@H]1C1CCN(c2ccc(C#N)c(C(F)(F)F)c2)CC1,0,0.696887539389181,0.0018768862047942,-8.335858,0.0122397972072007,0.08799407192534728
2801,CCOCC(=O)N1C[C@@H](C(=O)NC)[C@H](C2CCN(c3ccc(C#N)c(C(F)(F)F)c3)CC2)C1,0,0.696887539389181,0.0024124880698993,-7.998137,0.0207914945246464,0.09145716739077013
2802,CNC(=O)[C@@H]1CN(C(=O)c2ccc(C)nc2)C[C@H]1C1CCN(c2ccc(C#N)c(C(F)(F)F)c2)CC1,0,0.694169810889978,0.0112030984375747,-7.004268,0.0248080017363484,0.08591350168044588
2803,CNC(=O)[C@@H]1CN(C(=O)CC(C)(C)C)C[C@H]1C1CCN(c2ccc(C#N)c(C(F)(F)F)c2)CC1,0,0.708525835449888,0.0046875405202351,-5.6588087,0.0099656569439455,0.08650942109373677
2804,CNC(=O)[C@@H]1CN(C(=O)c2cccnc2C)C[C@H]1C1CCN(c2ccc(C#N)c(C(F)(F)F)c2)CC1,0,0.694169810889978,0.0051527831506248,-0.81047714,0.0210928179209438,0.0912176257208611
2805,CNC(=O)[C@@H]1CN(C(=O)c2ocnc2C)C[C@H]1C1CCN(c2ccc(C#N)c(C(F)(F)F)c2)CC1,0,0.707699997781793,0.0051583440118247,-4.963254,0.0282791827020553,0.07148762449195864
2806,CNC(=O)[C@@H]1CN(C(=O)c2cn[nH]c2)C[C@H]1C1CCN(c2ccc(C#N)c(C(F)(F)F)c2)CC1,0,0.709053435121328,0.0275185865016095,-5.007059,0.0142501856489078,0.07155771432140437
2807,CNC(=O)[C@@H]1CN(C(=O)c2cncc(C)c2)C[C@H]1C1CCN(c2ccc(C#N)c(C(F)(F)F)c2)CC1,0,0.694169810889978,0.0063265036710047,-10.844718,0.0223350029924184,0.08283948090487223
2808,CNC(=O)[C@@H]1CN(C(=O)c2ccncn2)C[C@H]1C1CCN(c2ccc(C#N)c(C(F)(F)F)c2)CC1,0,0.713212862542753,0.0045491760756092,-1.9083521,0.023369496760594,0.08709934678368544
2809,CNC(=O)[C@@H]1CN(C(=O)Cn2cnnn2)C[C@H]1C1CCN(c2ccc(C#N)c(C(F)(F)F)c2)CC1,0,0.67091266527319,0.0047075939209879,-1.8124301,0.0140434955825192,0.07203330474933242
2810,CNC(=O)[C@@H]1CN(C(=O)c2ccco2)C[C@H]1C1CCN(c2ccc(C#N)c(C(F)(F)F)c2)CC1,0,0.732602839247343,0.0049053806558914,-8.755848,0.0125046685739851,0.059372277998711434
2811,CNC(=O)[C@@H]1CN(C(=O)N2CCCC2)C[C@H]1C1CCN(c2ccc(C#N)c(C(F)(F)F)c2)CC1,0,0.724686087515819,0.0046938746746029,-2.5961518,0.0075798630391875,0.06869502109113511
2812,CCCNC(=O)N1C[C@@H](C(=O)NC)[C@H](C2CCN(c3ccc(C#N)c(C(F)(F)F)c3)CC2)C1,0,0.699145727379295,0.016301316337074,-5.813051,0.00697529759525,0.08814031934629014
2813,CNC(=O)[C@@H]1CN(C(=O)c2cc(C)n[nH]2)C[C@H]1C1CCN(c2ccc(C#N)c(C(F)(F)F)c2)CC1,0,0.688682244388857,0.0212039227143361,-5.7016373,0.0195846637650259,0.07241565488334717
2814,CNC(=O)[C@@H]1CN(C(=O)c2ccccc2)C[C@H]1C1CCN(c2ccc(C#N)c(C(F)(F)F)c2)CC1,0,0.713753328345709,0.012484172175343,-6.615611,0.0154347343894358,0.07918680055839131
2815,CNC(=O)[C@@H]1CN(C(=O)Cc2ccccc2)C[C@H]1C1CCN(c2ccc(C#N)c(C(F)(F)F)c2)CC1,0,0.679540736792251,0.0100973195053968,-4.506648,0.0161784426849664,0.0771026202119526
2816,CNC(=O)[C@@H]1CN(C(=O)NCCC(C)C)C[C@H]1C1CCN(c2ccc(C#N)c(C(F)(F)F)c2)CC1,0,0.630369004775879,0.0317622952844716,-10.400994,0.0127158437768169,0.07713759783630045
2817,CNC(=O)[C@@H]1CN(c2ccc(C#N)c(C(F)(F)F)c2)C[C@H]1C1CCN(Cc2scnc2C)CC1,0,0.683339455865856,0.0176529761693861,8.023208,0.0426536417231331,0.06031354361129861
2818,CNC(=O)[C@@H]1CN(c2ccc(C#N)c(C(F)(F)F)c2)C[C@H]1C1CCN(C(=O)CCOC)CC1,0,0.696887539389181,0.0030545687267392,5.7737117,0.0175176365872297,0.08362519997782389
2819,CNC(=O)[C@@H]1CN(c2ccc(C#N)c(C(F)(F)F)c2)C[C@H]1C1CCN(C(=O)c2ccc(C)nc2)CC1,0,0.694169810889978,0.0128305580972073,3.7162385,0.0297835494875243,0.08035629312421924
2820,CNC(=O)[C@@H]1CN(c2ccc(C#N)c(C(F)(F)F)c2)C[C@H]1C1CCN(C(=O)Cc2cccnc2)CC1,0,0.682436034286192,0.0058192860758791,4.661148,0.0254339159435903,0.075991669159019
2821,CNC(=O)[C@@H]1CN(c2ccc(C#N)c(C(F)(F)F)c2)C[C@H]1C1CCN(C(=O)c2cc[nH]n2)CC1,0,0.709053435121328,0.0307756294630921,4.1953883,0.0282112444595489,0.06872968821529765
2822,CNC(=O)[C@@H]1CN(c2ccc(C#N)c(C(F)(F)F)c2)C[C@H]1C1CCN(C(=O)Cn2ccnc2)CC1,0,0.69820995587566,0.0045474935963029,6.733352,0.0284959727493645,0.060311855977928555
2823,CNC(=O)[C@@H]1CN(c2ccc(C#N)c(C(F)(F)F)c2)C[C@H]1C1CCN(C(=O)c2ocnc2C)CC1,0,0.707699997781793,0.0059129410554893,8.144486,0.0287883854394363,0.06359289753383453
2824,CNC(=O)[C@@H]1CN(c2ccc(C#N)c(C(F)(F)F)c2)C[C@H]1C1CCN(CC2CCCCC2)CC1,0,0.67123754432696,0.0022771850507635,0.022013426,0.042906674237201,0.0774925120196629
2825,CNC(=O)[C@@H]1CN(c2ccc(C#N)c(C(F)(F)F)c2)C[C@H]1C1CCN(Cc2ccncc2)CC1,0,0.720447417129662,0.0028089793729969,3.429257,0.0456109651276093,0.0737182235643318
2826,CCC(C)(C)C(=O)N1CCC([C@@H]2CN(c3ccc(C#N)c(C(F)(F)F)c3)C[C@H]2C(=O)NC)CC1,0,0.692886661394921,0.015195461500528,6.032436,0.0173012353854974,0.07754513148271724
2827,CNC(=O)[C@@H]1CN(c2ccc(C#N)c(C(F)(F)F)c2)C[C@H]1C1CCN(C(=O)CC2CCCC2)CC1,0,0.671549310032282,0.0096349902260795,4.614992,0.0210999617781852,0.055566942819792776
2828,CNC(=O)[C@@H]1CN(c2ccc(C#N)c(C(F)(F)F)c2)C[C@H]1C1CCN(C(=O)CC2CC2)CC1,0,0.7277485071415,0.0079381210799868,6.6042027,0.0116866064522213,0.05258861159559116
2829,CNC(=O)[C@@H]1CN(c2ccc(C#N)c(C(F)(F)F)c2)C[C@H]1C1CCN(C(=O)c2cncn2C)CC1,0,0.714360584693203,0.021153076129262,12.421667,0.0333458768536102,0.06477681759413931
2830,CNC(=O)[C@@H]1CN(c2ccc(C#N)c(C(F)(F)F)c2)C[C@H]1C1CCN(C(=O)c2cncnc2)CC1,0,0.713212862542753,0.008910064376838,-2.9024305,0.0252916276429941,0.08103273276105431
2831,CNC(=O)[C@@H]1CN(c2ccc(C#N)c(C(F)(F)F)c2)C[C@H]1C1CCN(S(C)(=O)=O)CC1,0,0.74555154226943,0.0023966202895605,1.2924577,0.0186404170473872,0.09340210505526174
2832,N#Cc1ccc(N2C[C@@H](C(=O)NC3CC3)[C@H](C3CCN(C(=O)CC4CC4)CC3)C2)cc1C(F)(F)F,0,0.658136372798769,0.012460973292949,5.9178724,0.0322514867581541,0.051074288777633606
2833,CN(C)C(=O)[C@@H]1CN(c2ccc(C#N)c(C(F)(F)F)c2)C[C@H]1C1CCN(C(=O)c2ccoc2)CC1,0,0.653028307094438,0.0130188709518873,9.723059,0.0261772651595479,0.06208129964980473
2834,Cc1ccc(CN2CCC([C@@H]3CN(c4ccc(C#N)c(C(F)(F)F)c4)C[C@H]3C(=O)N(C)C)CC2)nc1,0,0.612853856708421,0.0328904937995938,2.005506,0.0410717546174449,0.07513965912811277
2835,CNC(=O)[C@@H]1CN(c2ccc(C#N)c(C(F)(F)F)c2)C[C@H]1C1CCNCC1,0,0.8449745903394,0.004069767361485,10.152561,0.0143049658488478,0.10274016139226541
2836,CCCNC(=O)N1CCC([C@@H]2CN(c3ccc(C#N)c(C(F)(F)F)c3)C[C@H]2C(=O)NC)CC1,0,0.699145727379295,0.0216428781602445,4.0990415,0.0117996300173031,0.08619778930908305
2837,CNC(=O)[C@@H]1CN(c2ccc(C#N)c(C(F)(F)F)c2)C[C@H]1C1CCN(C(=O)c2cc(C)n[nH]2)CC1,0,0.688682244388857,0.0276022058111248,5.4180465,0.0262359163867189,0.0693681111570845
2838,CNC(=O)[C@@H]1CN(c2ccc(C#N)c(C(F)(F)F)c2)C[C@H]1C1CCN(C(=O)c2ccnn2C)CC1,0,0.714360584693203,0.0063068392634037,7.406426,0.033731819732785,0.07316781095983896
2839,CCn1cc(CN2CCC([C@@H]3CN(c4ccc(C#N)c(C(F)(F)F)c4)C[C@H]3C(=O)NC)CC2)cn1,0,0.673654934161321,0.006326453269918,9.545712,0.0342245908616977,0.05863839906502503
2840,CNC(=O)[C@@H]1CN(c2ccc(C#N)c(C(F)(F)F)c2)C[C@H]1C1CCN(Cc2c(C)noc2C)CC1,0,0.686047562194184,0.016143352303224,8.4384985,0.0421419414112031,0.06163699563776013
2841,CNC(=O)[C@@H]1CN(c2ccc(C#N)c(C(F)(F)F)c2)C[C@H]1C1CCN(C(=O)c2nccn2C)CC1,0,0.714360584693203,0.010066624692797,7.9617114,0.0285869122050595,0.059327753290627096
2842,CCS(=O)(=O)N1CCC([C@@H]2CN(c3ccc(C#N)c(C(F)(F)F)c3)C[C@H]2C(=O)NC2CC2)CC1,0,0.651075047862719,0.0052995188048227,3.9337583,0.0386337005327799,0.06767017314821298
2843,CC(C)N1CCC([C@@H]2CN(c3ccc(C#N)c(C(F)(F)F)c3)C[C@H]2C(=O)NC2CC2)CC1,0,0.73909476210018,0.0107295390762808,-0.34536755,0.0256625193748688,0.05821022930011299
2844,N#Cc1ccc(N2C[C@@H](C(=O)NC3CC3)[C@H](C3CCN(C(=O)C4CCC4)CC3)C2)cc1C(F)(F)F,0,0.681215019980989,0.0196534221554734,2.8888168,0.029912068438858,0.052944819701360536
2845,CCNC(=O)N1CCC([C@@H]2CN(c3ccc(C#N)c(C(F)(F)F)c3)C[C@H]2C(=O)NC2CC2)CC1,0,0.680968830819788,0.0193225377847736,2.035438,0.0420939657532163,0.06093606294003957
2846,N#Cc1ccc(N2C[C@@H](C(=O)NC3CC3)[C@H](C3CCN(C4CCOCC4)CC3)C2)cc1C(F)(F)F,0,0.680247962631821,0.0030127159536065,7.6478286,0.0434105011643333,0.05759652355102919
2847,N#Cc1ccc(N2C[C@@H](C(N)=O)[C@H](C3CCN(C(=O)C4CCCCC4)CC3)C2)cc1C(F)(F)F,0,0.712979148296719,0.0069343340602159,11.873121,0.0250293378712669,0.09356044093188746
2848,N#Cc1ccc(N2C[C@@H](C(N)=O)[C@H](C3CCN(C(=O)c4ccc(O)nc4)CC3)C2)cc1C(F)(F)F,0,0.683720449276414,0.012601427556713,8.792246,0.0474570807628573,0.1268874360490031
2849,N#Cc1ccc(N2C[C@@H](C(N)=O)[C@H](C3CCN(C(=O)N4CCOCC4)CC3)C2)cc1C(F)(F)F,0,0.716706801309836,0.005302474802818,9.80272,0.0314835796808137,0.12384906585222129
2850,CC(C)N1CCC([C@@H]2CN(c3ccc(C#N)c(C(F)(F)F)c3)C[C@H]2C(N)=O)CC1,0,0.830230684019587,0.0046310100347239,5.2339277,0.0322785024901597,0.11030717547801212
2851,N#Cc1ccc(N2C[C@@H](C(N)=O)[C@H](C3CCN(C(=O)c4ccccc4F)CC3)C2)cc1C(F)(F)F,0,0.663191294147802,0.0023653932806763,10.02962,0.0440974991764227,0.11225077086408959
2852,CCC(CC)C(=O)N1CCC([C@@H]2CN(c3ccc(C#N)c(C(F)(F)F)c3)C[C@H]2C(N)=O)CC1,0,0.693640243397124,0.0046516847428308,8.23456,0.0392725697158701,0.1080595266392345
2853,Cc1ccc(CN2CCC([C@@H]3CN(c4ccc(C#N)c(C(F)(F)F)c4)C[C@H]3C(N)=O)CC2)nc1,0,0.718288224269551,0.0032786528785954,-0.5266775,0.0512469324769418,0.09593561981108892
2854,Cc1cc(C)cc(C(=O)N2CCC([C@@H]3CN(c4ccc(C#N)c(C(F)(F)F)c4)C[C@H]3C(N)=O)CC2)c1,0,0.681305689263998,0.0131213839884793,7.217357,0.0564805540272063,0.09250142634892089
2855,Cc1ccc(C(=O)N2CCC([C@@H]3CN(c4ccc(C#N)c(C(F)(F)F)c4)C[C@H]3C(N)=O)CC2)c(C)c1,0,0.681305689263998,0.0029196587796354,6.7354636,0.0891539017325153,0.08894039765715965
2856,Cc1ccc(C)c(C(=O)N2CCC([C@@H]3CN(c4ccc(C#N)c(C(F)(F)F)c4)C[C@H]3C(N)=O)CC2)c1,0,0.681305689263998,0.0068137128253635,4.8789387,0.0777480008920877,0.09090128890125218
2857,N#Cc1ccc(N2C[C@@H](C(N)=O)[C@H](C3CCN(C(=O)NCc4ccccc4)CC3)C2)cc1C(F)(F)F,0,0.654403962212915,0.0192754417983933,3.7046475,0.0271916388126634,0.10388202794740972
2858,N#Cc1ccc(N2C[C@@H](C(N)=O)[C@H](C3CCN(Cc4cccnc4)CC3)C2)cc1C(F)(F)F,0,0.743681261100747,0.002328239174723,2.4547296,0.0324082466333899,0.09245204214648253
2859,N#Cc1ccc(N2C[C@@H](C(N)=O)[C@H](C3CCN(Cc4ccncc4F)CC3)C2)cc1C(F)(F)F,0,0.668725884206515,0.0029914577754402,6.6497626,0.0392332612898506,0.09699276064489251
2860,CCN(CC)C(=O)N1CCC([C@@H]2CN(c3ccc(C#N)c(C(F)(F)F)c3)C[C@H]2C(N)=O)CC1,0,0.722216959842944,0.0185843553783618,11.684028,0.0241761525445718,0.1270792326142983
2861,N#Cc1ccc(N2C[C@@H](C(N)=O)[C@H](C3CCN(C(=O)c4cscn4)CC3)C2)cc1C(F)(F)F,0,0.728926259883664,0.0033352024001907,5.4105353,0.0258856183240271,0.07887164136795048
2862,N#Cc1ccc(N2C[C@@H](C(N)=O)[C@H](C3CCN(C(=O)Cn4cnnn4)CC3)C2)cc1C(F)(F)F,0,0.68145840376755,0.009915538516829,9.093707,0.0206840557000495,0.0968319169620821
2863,N#Cc1ccc(N2C[C@@H](C(N)=O)[C@H](C3CCN(C(=O)c4ccco4)CC3)C2)cc1C(F)(F)F,0,0.754467331845912,0.0031359696360984,8.199803,0.0157971537304236,0.08819777412822849
2864,CCCNC(=O)N1CCC([C@@H]2CN(c3ccc(C#N)c(C(F)(F)F)c3)C[C@H]2C(N)=O)CC1,0,0.718551916111219,0.0291029060027432,6.580706,0.0119222570257251,0.1132531053459576
2865,N#Cc1ccc(N2C[C@@H](C(N)=O)[C@H](C3CCN(C(=O)c4ccccc4)CC3)C2)cc1C(F)(F)F,0,0.73846507776099,0.0026592555306705,5.2248874,0.0293017673633452,0.10455152375953329
2866,Cc1cc(C(=O)N2CCC([C@@H]3CN(c4ccc(C#N)c(C(F)(F)F)c4)C[C@H]3C(N)=O)CC2)nn1C,0,0.712091680425229,0.0038399385679106,7.7922854,0.0366600623754178,0.0903636924292695
2867,Cc1cc(C(=O)N2CCC([C@@H]3CN(c4ccc(C#N)c(C(F)(F)F)c4)C[C@H]3C(N)=O)CC2)n(C)n1,0,0.712091680425229,0.0029306590086778,9.831115,0.0446773255947239,0.08084546421542382
2868,Cn1cc(C(=O)N2CCC([C@@H]3CN(c4ccc(C#N)c(C(F)(F)F)c4)C[C@H]3C(N)=O)CC2)cn1,0,0.732247562271702,0.0358265452763655,7.7232575,0.0304226969427489,0.08689482317255623
2869,CC(C)n1cc(CN2CCC([C@@H]3CN(c4ccc(C#N)c(C(F)(F)F)c4)C[C@H]3C(N)=O)CC2)cn1,0,0.66794675327363,0.0028570672332013,9.015901,0.0349467000268787,0.07120316944117838
2870,Cc1ccccc1C(=O)N1CCC([C@@H]2CN(c3ccc(C#N)c(C(F)(F)F)c3)C[C@H]2C(N)=O)CC1,0,0.711049619714205,0.0029454200544458,7.1138835,0.0566340514141941,0.09213612661297658
2871,CNC(=O)[C@@H]1CN(c2ccc(C#N)c(C(F)(F)F)c2)C[C@H]1C1CCN(C(=O)C2CCCCC2)CC1,0,0.686706877829798,0.0115900369523338,8.466933,0.0248906163550864,0.07306367735641427
2872,CNC(=O)[C@@H]1CN(c2ccc(C#N)c(C(F)(F)F)c2)C[C@H]1C1CCN(C(=O)COC)CC1,0,0.74094520475306,0.001841911302783,5.8122144,0.013276419106812,0.08069630483136019
2873,CCS(=O)(=O)N1CCC([C@@H]2CN(c3ccc(C#N)c(C(F)(F)F)c3)C[C@H]2C(=O)NC)CC1,0,0.710658922448745,0.0023582720307051,7.383734,0.0158730752945476,0.09286742749673131
2874,COCCOCC(=O)N1CCN(c2ccc(C#N)c(C(F)(F)F)c2)CC1COC,0,0.604129346786854,0.0013331354977198,0.008846283,0.0087613336905622,0.09443881592477073
2875,COCC1CN(c2ccc(C#N)c(C(F)(F)F)c2)CCN1C(=O)c1cncnc1,0,0.776752465527242,0.0020013945660838,-15.992023,0.0061724485492202,0.07515782663589018
2876,COCC1CN(c2ccc(C#N)c(C(F)(F)F)c2)CCN1C(=O)CCc1ccccc1,0,0.696859087331175,0.0047724972198885,-0.1287229,0.0027485272855506,0.06793475403733101
2877,COCC1CN(c2ccc(C#N)c(C(F)(F)F)c2)CCN1C(=O)c1cccn1C,0,0.783539821169547,0.0026530239306576,-3.9083948,0.0039320087389462,0.07460627126786205
2878,COCC1CN(c2ccc(C#N)c(C(F)(F)F)c2)CCN1C(=O)Cn1nc(C)cc1C,0,0.72219742880555,0.0017237981781431,-2.8919835,0.0163939068626003,0.07256446934812931
2879,COCC1CN(c2ccc(C#N)c(C(F)(F)F)c2)CCN1C(=O)CCn1nc(C)cc1C,0,0.677526850865019,0.0035284566517761,-3.4749463,0.0095446295945639,0.07239607658418702
2880,COCC1CN(c2ccc(C#N)c(C(F)(F)F)c2)CCN1C(=O)Nc1cccc(OC)c1,0,0.749524494774178,0.0038213557954099,-4.534642,0.0058092183948819,0.07693810635593037
2881,CCOc1ccccc1NC(=O)N1CCN(c2ccc(C#N)c(C(F)(F)F)c2)CC1COC,0,0.691001447244897,0.0129259955084017,-2.1029272,0.0060706502658301,0.0755400326936786
2882,COCCCNC(=O)N1CCN(c2ccc(C#N)c(C(F)(F)F)c2)CC1COC,0,0.693903955659357,0.0084618246319702,-8.351342,0.0079476227371151,0.08125749794967996
2883,COCC1CN(c2ccc(C#N)c(C(F)(F)F)c2)CCN1C(=O)NC1CCCC1,0,0.826559339111676,0.0033667612147392,-3.018951,0.0031839789948101,0.05419292885665463
2884,COCCNC(=O)N1CCN(c2ccc(C#N)c(C(F)(F)F)c2)CC1COC,0,0.740103760566498,0.0127082184867711,-14.127218,0.0169711246929086,0.09101799973734633
2885,COCC1CN(c2ccc(C#N)c(C(F)(F)F)c2)CCN1C(=O)COCc1ccccc1,0,0.650597728540304,0.000976509962897,-2.6742716,0.0025214220710252,0.0790114961119803
2886,COCC1CN(c2ccc(C#N)c(C(F)(F)F)c2)CCN1C(=O)CCn1cccn1,0,0.716756844246298,0.0019271530562745,3.255838,0.0063371291631389,0.07063568780495694
2887,COCC1CN(c2ccc(C#N)c(C(F)(F)F)c2)CCN1S(=O)(=O)c1ccc(F)cc1,0,0.64493496247407,0.0059385563644726,-5.4595437,0.0089287801576714,0.1282809726916716
2888,COCC1CN(c2ccc(C#N)c(C(F)(F)F)c2)CCN1C(=O)Nc1ccccc1,0,0.816645832582089,0.0024901637986027,-1.864014,0.0038656250761459,0.07291580448511865
2889,COCC1CN(c2ccc(C#N)c(C(F)(F)F)c2)CCN1C(=O)c1cccc(F)c1,0,0.706978004786994,0.0036711563784281,-9.844004,0.0043992798640145,0.09369129170675763
2890,COCC1CN(c2ccc(C#N)c(C(F)(F)F)c2)CCN1C(=O)Cc1cccc(F)c1,0,0.673601253071238,0.0037747625646356,-7.7008367,0.0044141511218705,0.08573842046089211
2891,COCC1CN(c2ccc(C#N)c(C(F)(F)F)c2)CCN1C(=O)Nc1ccccc1F,0,0.733670201151069,0.005750315573807,-6.383201,0.0085450895713556,0.08300369323357482
2892,COCC1CN(c2ccc(C#N)c(C(F)(F)F)c2)CCN1C(=O)c1cnccn1,0,0.776752465527242,0.002981073501094,-6.8357253,0.0083231126735345,0.08322397578627971
2893,COCC1CN(c2ccc(C#N)c(C(F)(F)F)c2)CCN1C(=O)c1cccc(OC)c1,0,0.721554264673837,0.0020432890875156,-5.8315644,0.004681745348139,0.08090309123338099
2894,COCC1CN(c2ccc(C#N)c(C(F)(F)F)c2)CCN1S(=O)(=O)c1ccccc1Cl,0,0.660839317883066,0.0010074956641364,-11.989324,0.0044365253587557,0.08666269891662395
2895,COCC1CN(c2ccc(C#N)c(C(F)(F)F)c2)CCN1S(=O)(=O)c1ccc(C)cc1C,0,0.670286276721099,0.0017357326290397,-6.459297,0.0047181457923073,0.08487965265748318
2896,COCC1CN(c2ccc(C#N)c(C(F)(F)F)c2)CCN1C(=O)c1ccc(C)nc1,0,0.762503527331085,0.0035976828934615,-7.4443088,0.0032930153268359,0.0796224990973727
2897,COCC1CN(c2ccc(C#N)c(C(F)(F)F)c2)CCN1S(=O)(=O)c1cc(F)ccc1C,0,0.623997571746326,0.0017357326290397,-3.6967616,0.0062502305151906,0.09574197739954185
2898,COCC1CN(c2ccc(C#N)c(C(F)(F)F)c2)CCN1C(=O)C1CCCC1,0,0.783897627592055,0.0026701816516338,-4.384058,0.0008598712681674,0.05723084554952015
2899,COCC1CN(c2ccc(C#N)c(C(F)(F)F)c2)CCN1C(=O)NCc1ccccc1,0,0.783742998978636,0.0419278930661308,-5.459466,0.0032288351541995,0.0664568948582848
2900,COCC1CN(c2ccc(C#N)c(C(F)(F)F)c2)CCN1C(=O)c1sc(C)nc1C,0,0.729319820904441,0.0020090700379042,-6.332643,0.0056382320729112,0.08242452348229781
2901,COCC1CN(c2ccc(C#N)c(C(F)(F)F)c2)CCN1C(=O)c1ocnc1C,0,0.77385861967975,0.0018833531611575,-5.3337326,0.0043817670190734,0.07963055178795818
2902,COCC1CN(c2ccc(C#N)c(C(F)(F)F)c2)CCN1S(=O)(=O)N(C)C,0,0.741172335147225,0.0021228051350843,3.0597048,0.0121437537357864,0.08226578677904053
2903,CN(C)C(=O)[C@@H]1CN(c2ccc(C#N)c(C(F)(F)F)c2)C[C@H]1C1CCN(C2CCOCC2)CC1,0,0.661915837512424,0.0023102415186503,13.541809,0.0405488947214005,0.08512043031760896
2904,CN(C)C(=O)[C@@H]1CN(c2ccc(C#N)c(C(F)(F)F)c2)C[C@H]1C1CCN(Cc2cccnc2)CC1,0,0.640205375329198,0.0078319422626029,4.121326,0.0349558475564947,0.07167509289522601
2905,CN(C)C(=O)[C@@H]1CN(c2ccc(C#N)c(C(F)(F)F)c2)C[C@H]1C1CCN(C(=O)c2ccccn2)CC1,0,0.641561107007468,0.0079153963700659,9.614653,0.0237687608310146,0.08407722324765447
2906,CN(C)C(=O)[C@@H]1CN(c2ccc(C#N)c(C(F)(F)F)c2)C[C@H]1C1CCN(Cc2ccccc2)CC1,0,0.621135507514024,0.0105935397107628,3.6507506,0.0244596408814132,0.07405822616535498
2907,CN(C)C(=O)[C@@H]1CN(c2ccc(C#N)c(C(F)(F)F)c2)C[C@H]1C1CCN(Cc2cccs2)CC1,0,0.610279163599298,0.0101905385469237,8.833097,0.029175466618525,0.05881568282519363
2908,CCNC(=O)[C@@H]1CN(c2ccc(C#N)c(C(F)(F)F)c2)C[C@H]1C1CCN(C(=O)c2ccoc2)CC1,0,0.68947449767565,0.0120118654205007,8.336455,0.0361230513120971,0.060704769374646604
2909,CCNC(=O)[C@@H]1CN(c2ccc(C#N)c(C(F)(F)F)c2)C[C@H]1C1CCN(C(=O)COC)CC1,0,0.696887539389181,0.0010796277615518,7.097861,0.0137988775572122,0.07897692163099027
2910,CCNC(=O)[C@@H]1CN(c2ccc(C#N)c(C(F)(F)F)c2)C[C@H]1C1CCN(S(=O)(=O)CC)CC1,0,0.667579270606338,0.0070208256350575,9.411944,0.0162538779758667,0.0880842772067626
2911,CCNC(=O)[C@@H]1CN(c2ccc(C#N)c(C(F)(F)F)c2)C[C@H]1C1CCN(C(=O)CC(C)C)CC1,0,0.669412594724978,0.0077178939109926,-0.53273845,0.0143415029052301,0.07329764806751513
2912,CCNC(=O)[C@@H]1CN(c2ccc(C#N)c(C(F)(F)F)c2)C[C@H]1C1CCN(C(=O)CCOC)CC1,0,0.648571120257325,0.0038189678368194,7.0719476,0.0112649109828991,0.07598670032000923
2913,CCNC(=O)[C@@H]1CN(c2ccc(C#N)c(C(F)(F)F)c2)C[C@H]1C1CCN(C(=O)CC(C)(C)C)CC1,0,0.659464040285736,0.0044962557918337,6.8622375,0.0331574620282853,0.08159119294111741
2914,CCNC(=O)[C@@H]1CN(c2ccc(C#N)c(C(F)(F)F)c2)C[C@H]1C1CCN(C2CCOCC2)CC1,0,0.699803921045613,0.0025806725145886,11.919147,0.0347413283834918,0.07714994788819612
2915,CCNC(=O)[C@@H]1CN(c2ccc(C#N)c(C(F)(F)F)c2)C[C@H]1C1CCN(C(=O)c2cn[nH]c2)CC1,0,0.673298781796338,0.0205841480558115,8.293764,0.0365660464087944,0.0655974568248976
2916,CCNC(=O)[C@@H]1CN(c2ccc(C#N)c(C(F)(F)F)c2)C[C@H]1C1CCN(C(=O)NC(C)C)CC1,0,0.67566571640142,0.0153207640279023,8.0040455,0.0156034720420566,0.09454587681627583
2917,CCNC(=O)[C@@H]1CN(c2ccc(C#N)c(C(F)(F)F)c2)C[C@H]1C1CCN(C(=O)N(CC)CC)CC1,0,0.651218258869016,0.0082676228021894,10.584095,0.0578188312385751,0.08588361393205131
2918,CCNC(=O)[C@@H]1CN(c2ccc(C#N)c(C(F)(F)F)c2)C[C@H]1C1CCN(C(=O)c2ccccn2)CC1,0,0.677656348618471,0.0051792241928292,8.388917,0.0385367605150844,0.07518865134959207
2919,CCNC(=O)[C@@H]1CN(c2ccc(C#N)c(C(F)(F)F)c2)C[C@H]1C1CCN(C(=O)CC)CC1,0,0.746033116148159,0.0048336238118287,6.49793,0.0205370529258333,0.0877264289044849
2920,CCNC(=O)[C@@H]1CN(c2ccc(C#N)c(C(F)(F)F)c2)C[C@H]1C1CCN(C(C)=O)CC1,0,0.787372124476694,0.002181386909446,6.0757685,0.0207110272987119,0.09531067192230885
2921,CCNC(=O)[C@@H]1CN(c2ccc(C#N)c(C(F)(F)F)c2)C[C@H]1C1CCN(C(=O)c2ccccc2)CC1,0,0.66645304331604,0.0117608263846688,4.434193,0.0374362886228617,0.07516171352931687
2922,N#Cc1ccc(N2CCN(C(=O)C3CCCCC3)C(CO)C2)cc1C(F)(F)F,0,0.853793813273004,0.0030996314876313,-8.784306,0.0045175491861548,0.09098560594834745
2923,CCc1ccc(C(=O)N2CCN(c3ccc(C#N)c(C(F)(F)F)c3)CC2CO)cc1,0,0.827480408260836,0.002299759146915,-9.841716,0.0100640601103448,0.09886231408006269
2924,COc1cccc(C(=O)N2CCN(c3ccc(C#N)c(C(F)(F)F)c3)CC2CO)c1OC,0,0.755707382879111,0.0036195446954042,-8.757211,0.0168310591810936,0.09437339701253676
2925,Cc1cccc(-c2ocnc2C(=O)N2CCN(c3ccc(C#N)c(C(F)(F)F)c3)CC2CO)c1,0,0.622502000796925,0.0049524686544736,-7.6994386,0.025968563818269,0.07372452046515843
2926,N#Cc1ccc(N2CCN(C(=O)c3cnccn3)C(CO)C2)cc1C(F)(F)F,0,0.856032462053845,0.0035575361768312,-11.024031,0.0140668776020728,0.09385860080243921
2927,N#Cc1ccc(N2CCN(C(=O)COc3ccc(F)cc3)C(CO)C2)cc1C(F)(F)F,0,0.728481523366638,0.0021056518759267,-10.813722,0.0195963376471171,0.09659572685948495
2928,COCCC(=O)N1CCN(c2ccc(C#N)c(C(F)(F)F)c2)CC1CO,0,0.851317298838716,0.0014567980556843,-14.096521,0.0332371714246054,0.0974032438179682
2929,CCOCC(=O)N1CCN(c2ccc(C#N)c(C(F)(F)F)c2)CC1CO,0,0.851317298838716,0.0010494712630293,-10.562592,0.0205225280170458,0.08995907306036988
2930,Cc1ccc(C(=O)N2CCN(c3ccc(C#N)c(C(F)(F)F)c3)CC2CO)cn1,0,0.850763534138006,0.0023921286317816,-12.135918,0.0147298460990156,0.11051622666340184
2931,Cc1ncoc1C(=O)N1CCN(c2ccc(C#N)c(C(F)(F)F)c2)CC1CO,0,0.857955730663515,0.0027320573050917,-10.971592,0.0184095032969347,0.0889106146230437
2932,N#Cc1ccc(N2CCN(C(=O)N3CCOCC3)C(COCc3ccccc3)C2)cc1C(F)(F)F,0,0.641668793769528,0.0033019495954571,-5.79544,0.0044712992275013,0.09905473292476799
2933,N#Cc1ccc(N2CCN(C(=O)c3cc[nH]n3)C(COCc3ccccc3)C2)cc1C(F)(F)F,0,0.592964915408736,0.0019005494112838,-9.749652,0.0028747028636555,0.07552260486558479
2934,N#Cc1ccc(N2CCN(C(=O)c3cncnc3)C(COCc3ccccc3)C2)cc1C(F)(F)F,0,0.531040598030697,0.0028445447854583,-14.80346,0.0027639378418545,0.07474154984582425
2935,CS(=O)(=O)N1CCN(c2ccc(C#N)c(C(F)(F)F)c2)CC1COCc1ccccc1,0,0.671534157211103,0.0017285340239817,-10.69286,0.0039712866542255,0.11632901458321965
2936,Cn1cc(C(=O)N2CCN(c3ccc(C#N)c(C(F)(F)F)c3)CC2COCc2ccccc2)cn1,0,0.532504373727848,0.0049234276794028,-8.359144,0.0044551915642072,0.06642874242049802
2937,CCOc1ccccc1C(=O)N1CCN(c2ccc(C#N)c(C(F)(F)F)c2)C(CO)C1,0,0.783197538550282,0.0029354529565107,8.597456,0.0092094609643221,0.08348099842026539
2938,CCc1ccc(C(=O)N2CCN(c3ccc(C#N)c(C(F)(F)F)c3)C(CO)C2)cc1,0,0.827480408260836,0.0066497697360157,2.0315256,0.0127478209494326,0.09929333738447496
2939,Cc1ccc(C(=O)N2CCN(c3ccc(C#N)c(C(F)(F)F)c3)C(CO)C2)cc1C,0,0.830016936162976,0.0050242448369233,2.723846,0.0154188161727682,0.09559749089645832
2940,COc1cccc(CC(=O)N2CCN(c3ccc(C#N)c(C(F)(F)F)c3)C(CO)C2)c1,0,0.784931037617597,0.0015200348591986,0.16692698,0.017438613895629,0.09329798023795415
2941,COc1ccc(CC(=O)N2CCN(c3ccc(C#N)c(C(F)(F)F)c3)C(CO)C2)cc1,0,0.784931037617597,0.0020009685628208,2.7802997,0.0148559051906256,0.09582664038452854
2942,N#Cc1ccc(N2CCN(C(=O)c3cccs3)CC2CO)cc1C(F)(F)F,0,0.86783253575848,0.0021102833510104,3.1552691,0.0065847764511943,0.0761653190491407
2943,N#Cc1ccc(N2CCN(C(=O)c3ccc(F)cc3)CC2CO)cc1C(F)(F)F,0,0.794706927119659,0.0026076404434992,-3.41906,0.0142710066654771,0.12630844766402763
2944,COc1ccccc1C(=O)N1CCN(c2ccc(C#N)c(C(F)(F)F)c2)C(CO)C1,0,0.824862855688865,0.0036723622795379,7.617932,0.0113061578775514,0.09393152045435695
2945,N#Cc1ccc(N2CCN(C(=O)C3CC3)CC2CO)cc1C(F)(F)F,0,0.902557132456408,0.00072453919782,-5.5090528,0.0092820719088408,0.0905351686665014
2946,CCOc1ccc(C(=O)N2CCN(c3ccc(C#N)c(C(F)(F)F)c3)C(CO)C2)cc1,0,0.783197538550282,0.0023218151694686,2.7120342,0.012850318625657,0.0858826880242098
2947,N#Cc1ccc(N2CCN(C(=O)c3ccsc3)CC2CO)cc1C(F)(F)F,0,0.86783253575848,0.003167637838055,-5.448255,0.0086404939309112,0.07924261805546887
2948,N#Cc1ccc(N2CCN(C(=O)C3CCCC3)CC2CO)cc1C(F)(F)F,0,0.874385330574507,0.0016029707978318,5.75144,0.0042215225334428,0.07043178809030728
2949,COc1ccc(C(=O)N2CCN(c3ccc(C#N)c(C(F)(F)F)c3)C(CO)C2)cn1,0,0.816648104285865,0.0030744427031543,-2.0122542,0.0125605050846014,0.09863897913744298
2950,N#Cc1ccc(N2CCN(C(=O)c3cc[nH]n3)C(COc3ccccc3)C2)cc1C(F)(F)F,0,0.634147698595589,0.0015601771072451,-5.74208,0.0038252147353891,0.06301806068215786
2951,N#Cc1ccc(N2CCN(C(=O)C3CCOCC3)C(COc3ccccc3)C2)cc1C(F)(F)F,0,0.654396106425798,0.0094712831947105,-4.28278,0.0040106831098904,0.0696257718847775
2952,Cc1ncoc1C(=O)N1CCN(c2ccc(C#N)c(C(F)(F)F)c2)CC1COc1ccccc1,0,0.553629802310285,0.0026452806575236,-3.0284622,0.0071070203508846,0.06513163278230945
2953,N#Cc1ccc(N2CCN(C(=O)c3ccncn3)C(COc3ccccc3)C2)cc1C(F)(F)F,0,0.568219950890819,0.0018706622842432,-0.33926272,0.0033264133635096,0.07165465787639749
2954,CCn1cc(C(=O)N2CCN(c3ccc(C#N)c(C(F)(F)F)c3)CC2COc2ccccc2)cn1,0,0.525441576920872,0.0053399757778593,3.4383454,0.006154322117129,0.06294404399562406
2955,COCC(=O)N1CCN(c2ccc(C#N)c(C(F)(F)F)c2)CC1COc1cccnc1,0,0.695866442158016,0.0024563469864192,-1.9308903,0.0041148202758286,0.07029974867851166
2956,Cc1ccc(C(=O)N2CCN(c3ccc(C#N)c(C(F)(F)F)c3)CC2COc2cccnc2)cc1C,0,0.49949237709797,0.0491073258460093,0.39502692,0.0272912445844283,0.06841071817430078
2957,N#Cc1ccc(N2CCN(C(=O)Nc3ccccc3F)C(COc3cccnc3)C2)cc1C(F)(F)F,0,0.504718189773696,0.0180689049951338,-2.2677884,0.0143954031927817,0.08280249358915644
2958,CCNC(=O)N1CCN(c2ccc(C#N)c(C(F)(F)F)c2)CC1COc1cccnc1,0,0.782897867836613,0.0042323388339037,-3.4219701,0.0057130483672298,0.0687740281353508
2959,COc1ccc(CC(=O)N2CCN(c3ccc(C#N)c(C(F)(F)F)c3)C(CO)C2)cc1OC,0,0.709313543817679,0.0036554060433588,-0.64320576,0.0212297379145417,0.10641493531332398
2960,Cc1ccc(C(=O)N2CCN(c3ccc(C#N)c(C(F)(F)F)c3)C(CO)C2)cc1F,0,0.772355970737534,0.0052223552579599,3.0322194,0.0158642542908035,0.11872469333610176
2961,CCOc1ccc(CC(=O)N2CCN(c3ccc(C#N)c(C(F)(F)F)c3)C(CO)C2)cc1,0,0.736001774049829,0.0049145127636553,2.4291615,0.0162828224150735,0.09492217994429511
2962,Cc1cccc(OCC(=O)N2CCN(c3ccc(C#N)c(C(F)(F)F)c3)C(CO)C2)c1,0,0.784760330486132,0.0021514914434858,-1.6479424,0.0109450931970909,0.08018160482894617
2963,Cn1nccc1C(=O)N1CCN(c2ccc(C#N)c(C(F)(F)F)c2)C(CO)C1,0,0.856962620832037,0.0067367264436462,4.4692817,0.0171751027416518,0.10209202444417842
2964,CCn1ncc(C(=O)N2CCN(c3ccc(C#N)c(C(F)(F)F)c3)C(CO)C2)c1C,0,0.819732694193147,0.0058731339616731,7.723825,0.0309838596365959,0.0989547254700504
2965,COCC1CN(C(=O)c2ccoc2)CCN1c1ccc(C#N)c(C(F)(F)F)c1,0,0.798291000956382,0.0022659420300204,10.06132,0.0029072917787516,0.08827718714803309
2966,COCC1CN(C(=O)c2ccccc2F)CCN1c1ccc(C#N)c(C(F)(F)F)c1,0,0.706978004786994,0.0012971946570029,10.307681,0.0060852312153354,0.09317480444612078
2967,COCC1CN(C(=O)Cc2ccc(C)cc2)CCN1c1ccc(C#N)c(C(F)(F)F)c1,0,0.722963810737291,0.001359884744945,6.876491,0.0039038072654514,0.08266205393238257
2968,COCC1CN(C(=O)c2ccccc2OC)CCN1c1ccc(C#N)c(C(F)(F)F)c1,0,0.721554264673837,0.0023249675944,11.96699,0.0040291832297756,0.08514622097681572
2969,COCC1CN(C(=O)c2sccc2C)CCN1c1ccc(C#N)c(C(F)(F)F)c1,0,0.748020281735107,0.0024790251434013,4.902904,0.0020066296217318,0.07039931034723
2970,COCC1CN(C(=O)c2ccc(Cl)cc2OC)CCN1c1ccc(C#N)c(C(F)(F)F)c1,0,0.658554277601362,0.0043704784766661,7.4554925,0.0052346493509966,0.09380489344359752
2971,COCC1CN(C(=O)c2cccc(OC)c2)CCN1c1ccc(C#N)c(C(F)(F)F)c1,0,0.721554264673837,0.0014316292286586,5.5908656,0.0041355365107076,0.07939946330737582
2972,COCC1CN(S(=O)(=O)c2ccccc2F)CCN1c1ccc(C#N)c(C(F)(F)F)c1,0,0.64493496247407,0.00126847686148,1.1865679,0.0068025508802247,0.08477328399932113
2973,COCC1CN(S(=O)(=O)c2ccccc2Cl)CCN1c1ccc(C#N)c(C(F)(F)F)c1,0,0.660839317883066,0.0014095447168667,-2.1819544,0.0048211949345159,0.08767679073950732
2974,COCC1CN(S(=O)(=O)c2ccc(C)c(F)c2)CCN1c1ccc(C#N)c(C(F)(F)F)c1,0,0.623997571746326,0.0015859173598264,2.5960135,0.0078999949946084,0.09431361792563148
2975,COCC1CN(S(=O)(=O)c2ccc(Cl)cc2C)CCN1c1ccc(C#N)c(C(F)(F)F)c1,0,0.635482321251529,0.0036513770339111,2.2648044,0.005107695827718,0.08912689045630816
2976,COCC1CN(C(=O)Cc2cccnc2)CCN1c1ccc(C#N)c(C(F)(F)F)c1,0,0.747014457839845,0.0025241860893254,7.9468894,0.0044521046734644,0.08960881596066696
2977,COCC1CN(C(=O)C2CCOCC2)CCN1c1ccc(C#N)c(C(F)(F)F)c1,0,0.762319108780192,0.0019502306880421,5.3790107,0.0046117255799663,0.09052348568275444
2978,COCC1CN(C(=O)c2ccc(OC)nc2)CCN1c1ccc(C#N)c(C(F)(F)F)c1,0,0.720196249439084,0.0026086386609342,4.734386,0.0059271820419211,0.08262529300144394
2979,COCC1CN(C(=O)c2ccoc2C)CCN1c1ccc(C#N)c(C(F)(F)F)c1,0,0.776542819019099,0.0017680640155437,12.723099,0.0034703181012463,0.08189223904119805
2980,CCN(CC)C(=O)N1CCN(c2ccc(C#N)c(C(F)(F)F)c2)C(COC)C1,0,0.764511760829886,0.00174460354923,9.650731,0.0058506282005534,0.09407432116256374
2981,COCC1CN(C(=O)c2ccccn2)CCN1c1ccc(C#N)c(C(F)(F)F)c1,0,0.783841128030012,0.0023386687958655,8.900559,0.0039095000297564,0.09134832118809846
2982,COCC1CN(C(=O)COc2ccc(Cl)cc2)CCN1c1ccc(C#N)c(C(F)(F)F)c1,0,0.642823399055151,0.0050807506164831,3.3308425,0.0050206365718644,0.08349415351614206
2983,COCC1CN(S(=O)(=O)c2cc(C)ccc2C)CCN1c1ccc(C#N)c(C(F)(F)F)c1,0,0.670286276721099,0.0023657648651176,6.6823335,0.0053945268255492,0.08573547933212666
2984,COCC1CN(C(=O)Cn2c(C)cc(C)nc2=O)CCN1c1ccc(C#N)c(C(F)(F)F)c1,0,0.674772798586539,0.0015413975203559,12.786337,0.0432709311513798,0.09786975741043563
2985,COCC1CN(C(=O)Cc2ccccc2)CCN1c1ccc(C#N)c(C(F)(F)F)c1,0,0.747584028874567,0.0027377610121209,5.513993,0.0038901812956234,0.0901205865351176
2986,CCOc1ccc(S(=O)(=O)N2CCN(c3ccc(C#N)c(C(F)(F)F)c3)C(COC)C2)cc1,0,0.599657237756107,0.0014933653296578,4.9012427,0.0077151757417907,0.11097076880493917
2987,COCC1CN(S(=O)(=O)c2cc(C)c(C)cc2C)CCN1c1ccc(C#N)c(C(F)(F)F)c1,0,0.644905642138867,0.0028562534709674,12.463081,0.0090716045089889,0.0937114643467001
2988,CCc1ccccc1S(=O)(=O)N1CCN(c2ccc(C#N)c(C(F)(F)F)c2)C(COC)C1,0,0.648364250757824,0.0032868768025347,1.7128099,0.0040677762140738,0.08975055118107045
2989,COCC1CN(C(=O)Cc2cccc(C)c2)CCN1c1ccc(C#N)c(C(F)(F)F)c1,0,0.722963810737291,0.001159567846199,5.115918,0.0039378302275838,0.08159699657065245
2990,N#Cc1ccc(N2CCC3(CC2)CN(C(=O)C2CCCCC2)CC3CO)cc1C(F)(F)F,0,0.751378300193725,0.0032897036780766,3.9577637,0.0271017245913698,0.1175500682528011
2991,COCC(=O)N1CC(CO)C2(CCN(c3ccc(C#N)c(C(F)(F)F)c3)CC2)C1,0,0.822650452669876,0.0011315074831504,-4.800483,0.0181878350127406,0.1068767626867205
2992,CC1(C(=O)N2CC(CO)C3(CCN(c4ccc(C#N)c(C(F)(F)F)c4)CC3)C2)CC1,0,0.812321024390333,0.0019882527406968,-10.915367,0.016431445755298,0.08631020230784288
2993,COCCOCC(=O)N1CC(CO)C2(CCN(c3ccc(C#N)c(C(F)(F)F)c3)CC2)C1,0,0.635301625155771,0.0020775322791611,-2.7157526,0.0113657853547699,0.13194547186379013
2994,CC(C)CC(=O)N1CC(CO)C2(CCN(c3ccc(C#N)c(C(F)(F)F)c3)CC2)C1,0,0.802709643687385,0.0019254506752992,-9.077752,0.0109639146853045,0.11120631631674494
2995,N#Cc1ccc(N2CCC3(CC2)CN(C(=O)C2CCC2)CC3CO)cc1C(F)(F)F,0,0.812321024390333,0.0037938680280522,-1.8886623,0.0186742948586991,0.08949533939574436
2996,N#Cc1ccc(N2CCC3(CC2)CN(C(=O)c2cccc(F)c2)CC3CO)cc1C(F)(F)F,0,0.700318856399629,0.0077662264736489,-3.522024,0.0437465607760258,0.12037343612153228
2997,N#Cc1ccc(N2CCC3(CC2)CN(C(=O)Cc2cccc(F)c2)CC3CO)cc1C(F)(F)F,0,0.679389217537724,0.0145010666906851,-4.011194,0.0345810836718794,0.11460082423417814
2998,CCOc1ccc(C(=O)N2CC(CO)C3(CCN(c4ccc(C#N)c(C(F)(F)F)c4)CC3)C2)cc1,0,0.679701089013933,0.002713856504477,2.6391668,0.0775023760394546,0.08984967214856882
2999,COc1cccc(CN2CC(CO)C3(CCN(c4ccc(C#N)c(C(F)(F)F)c4)CC3)C2)c1,0,0.722788011207474,0.0070113734778199,0.26441276,0.0219195053220487,0.06611752561235616
3000,COc1ccc(C(=O)N2CC(CO)C3(CCN(c4ccc(C#N)c(C(F)(F)F)c4)CC3)C2)cc1F,0,0.652840060616799,0.0124663741874936,-0.811203,0.0539378954464425,0.12523854344509902
3001,Cn1cccc1CN1CC(CO)C2(CCN(c3ccc(C#N)c(C(F)(F)F)c3)CC2)C1,0,0.801908475066886,0.0237894309943405,-2.1655273,0.0308848066033474,0.07630076573797316
3002,N#Cc1ccc(N2CCC3(CC2)CN(C(=O)c2ccc(=O)[nH]n2)CC3CO)cc1C(F)(F)F,0,0.723192604799716,0.0098030790571601,5.6516676,0.0388640685235867,0.11351610488066306
3003,Cc1ccc(C(=O)N2CC(CO)C3(CCN(c4ccc(C#N)c(C(F)(F)F)c4)CC3)C2)cc1F,0,0.669690617038857,0.0092733387712441,3.619779,0.0560740379346399,0.09638747264991368
3004,N#Cc1ccc(N2CCC3(CC2)CN(C(=O)c2ccc(Cl)s2)CC3CO)cc1C(F)(F)F,0,0.690125807466281,0.0080547515323574,3.9639091,0.035563173970821,0.07548544497304298
3005,N#Cc1ccc(N2CCC3(CC2)CN(C(=O)COc2ccccc2)CC3CO)cc1C(F)(F)F,0,0.716951693647522,0.0011978192931076,0.049891233,0.0126670840176169,0.07539691825833214
3006,N#Cc1ccc(N2CCC3(CC2)CN(C(=O)CC2CC2)CC3CO)cc1C(F)(F)F,0,0.809170277250074,0.0016883496556383,1.5836905,0.0102262270344586,0.0868528537998237
3007,N#Cc1ccc(N2CCC3(CC2)CN(C(=O)c2ccncc2)CC3CO)cc1C(F)(F)F,0,0.78576246210747,0.0032491006252768,0.9408654,0.0274204944901723,0.11281739557681891
3008,N#Cc1ccc(N2CCC3(CC2)CN(Cc2ccccc2)CC3CO)cc1C(F)(F)F,0,0.788033012119579,0.0049898873800331,2.6740022,0.0279237417360788,0.10886954288210333
3009,CCC(=O)N1CC(CO)C2(CCN(c3ccc(C#N)c(C(F)(F)F)c3)CC2)C1,0,0.854427079687433,0.002398963535345,-1.3546642,0.0155708198204663,0.13760536335289092
3010,Cc1noc(C)c1CCC(=O)N1CC(CO)C2(CCN(c3ccc(C#N)c(C(F)(F)F)c3)CC2)C1,0,0.684467216324842,0.0103377951036148,1.5756401,0.0414793896783636,0.11004786647295646
3011,CCn1cc(CN2CC(CO)C3(CCN(c4ccc(C#N)c(C(F)(F)F)c4)CC3)C2)cn1,0,0.759977455380606,0.0028743014202366,9.583375,0.0197346268248519,0.07955169630646325
3012,CCn1ccc(C(=O)N2CC(CO)C3(CCN(c4ccc(C#N)c(C(F)(F)F)c4)CC3)C2)n1,0,0.756305980821522,0.0025642958678458,5.172405,0.0348214093253415,0.08368872307986955
3013,Cc1cc(C(=O)N2CC(CO)C3(CCN(c4ccc(C#N)c(C(F)(F)F)c4)CC3)C2)nn1C,0,0.759838903399046,0.0031304790491954,2.6299987,0.0507730706950159,0.09584360530698985
3014,N#Cc1ccc(N2CCC3(CC2)CN(C(=O)COCc2ccccc2)CC3CO)cc1C(F)(F)F,0,0.670403820743388,0.001783408140905,-4.190605,0.0126909872808226,0.09606300331700686
3015,Cc1cc(C(=O)N2CC(CO)C3(CCN(c4ccc(C#N)c(C(F)(F)F)c4)CC3)C2)n(C)n1,0,0.759838903399046,0.0037798727297311,5.411593,0.055574979114,0.07923377769402648
3016,Cn1ccc(C(=O)N2CC(CO)C3(CCN(c4ccc(C#N)c(C(F)(F)F)c4)CC3)C2)n1,0,0.782150322826177,0.0022631267946207,1.1955079,0.0287373880686928,0.08180335579132347
3017,N#Cc1ccc(N2CCC3(CC2)CN(C(=O)CCn2cccn2)CC3CO)cc1C(F)(F)F,0,0.740293177816473,0.0018151584373384,6.429329,0.0121503072095363,0.08493133403170429
3018,Cc1cnn(CCC(=O)N2CC(CO)C3(CCN(c4ccc(C#N)c(C(F)(F)F)c4)CC3)C2)c1,0,0.718010233973653,0.005315261006506,5.4042525,0.0166865607556747,0.08212731719116004
3019,N#Cc1ccc(N2CCC3(CC2)CN(C(=O)Cn2cccn2)CC3CO)cc1C(F)(F)F,0,0.778690373504966,0.0024511292609947,6.135303,0.0145661277605506,0.09731908366218618
3020,N#Cc1ccc(N2CCC3(CC2)CN(C(=O)CCn2cnnn2)CC3CO)cc1C(F)(F)F,0,0.718395858282999,0.0039854580644447,7.656423,0.0165117373686307,0.09128223942071395
3021,Cc1ccc(C(=O)N2CC(CO)C3(CCN(c4ccc(C#N)c(C(F)(F)F)c4)CC3)C2)cc1,0,0.748988072978612,0.003769954522668,-1.9575025,0.0393308261862668,0.10386030033018054
3022,CC(C)(C)C(=O)N1CC(CO)C2(CCN(c3ccc(C#N)c(C(F)(F)F)c3)CC2)C1,0,0.788456463047953,0.0020094080135811,-6.892753,0.0178053098776722,0.13254580518358217
3023,N#Cc1ccc(N2CCC3(CC2)CN(C2CCCC2)CC3CO)cc1C(F)(F)F,0,0.82204941014482,0.0027694486170741,5.8498697,0.009828878222728,0.07564466314029332
3024,COCC1CN(C(=O)C2CCCCC2)CC12CCN(c1ccc(C#N)c(C(F)(F)F)c1)CC2,0,0.640747349863854,0.0039859703613351,5.4350343,0.0236743841788179,0.0801144668132607
3025,N#Cc1ccc(N2CCC3(CC2)CN(Cc2ccsc2)CC3CO)cc1C(F)(F)F,0,0.775940660182109,0.0049319851620827,-0.5727701,0.0146728289262406,0.08441661176769241
3026,N#Cc1ccc(N2CCC3(CC2)CN(C(=O)c2n[nH]c4ccccc24)CC3CO)cc1C(F)(F)F,0,0.590876667147212,0.0056246295222613,9.538936,0.0518147139409384,0.06906896856994135
3027,N#Cc1ccc(N2CCC3(CC2)CN(C(=O)c2cnccn2)CC3CO)cc1C(F)(F)F,0,0.781087803990733,0.0035030605535221,1.9038681,0.0308967783675661,0.09528138977789163
3028,N#Cc1ccc(N2CCC3(CC2)CN(C(=O)Cc2ccc(F)cc2)CC3CO)cc1C(F)(F)F,0,0.679389217537724,0.0093503010388704,-0.84171957,0.0449940643622595,0.11707449518765245
3029,N#Cc1ccc(N2CCC3(CC2)CN(C(=O)Cc2ccccc2F)CC3CO)cc1C(F)(F)F,0,0.679389217537724,0.0139176462183472,-1.189744,0.0462403423444418,0.11377007765636263
3030,CN(C)c1ccc(C(=O)N2CC(CO)C3(CCN(c4ccc(C#N)c(C(F)(F)F)c4)CC3)C2)cc1,0,0.707784351624546,0.0030446406087768,-2.8472452,0.0503544701898546,0.11908177655559823
3031,Cc1ccc(C)c(C(=O)N2CC(CO)C3(CCN(c4ccc(C#N)c(C(F)(F)F)c4)CC3)C2)c1,0,0.713640555258023,0.0048414746526979,-1.2955346,0.0373977587059304,0.0931641960241572
3032,COc1ccc(C(=O)N2CC(CO)C3(CCN(c4ccc(C#N)c(C(F)(F)F)c4)CC3)C2)c(C)c1,0,0.698146856559455,0.0030509589958835,0.63860214,0.0619697387329511,0.07923322377276118
3033,CC(C)(C)CC(=O)N1CC(CO)C2(CCN(c3ccc(C#N)c(C(F)(F)F)c3)CC2)C1,0,0.774813385123897,0.002856197654991,-0.5053197,0.0094257111859599,0.10228558657452276
3034,N#Cc1ccc(N2CCC3(CC2)CN(C(=O)Cc2cccnc2)CC3CO)cc1C(F)(F)F,0,0.76099594204169,0.0032942105798516,1.8403164,0.0136674035340513,0.10018964672492851
3035,N#Cc1ccc(N2CCC3(CC2)CN(C(=O)C2CCCC2)CC3CO)cc1C(F)(F)F,0,0.784292164464123,0.0028223410097311,3.904859,0.0105123639499099,0.08516013381000095
3036,N#Cc1ccc(N2CCC3(CC2)CN(C(=O)C2CCCCCC2)CC3CO)cc1C(F)(F)F,0,0.666424374673799,0.0047022866902847,4.04059,0.0371794273670811,0.11285095890436429
3037,Cc1ccncc1C(=O)N1CC(CO)C2(CCN(c3ccc(C#N)c(C(F)(F)F)c3)CC2)C1,0,0.759939329473866,0.0034220038923067,4.0952916,0.0306953714474489,0.10331104625737926
3038,CC(C)C(=O)N1CC(COCC2CC2)C2(CCN(c3ccc(C#N)c(C(F)(F)F)c3)CC2)C1,0,0.613525043320286,0.0024325467500188,-2.8916135,0.016107729610032,0.06421642819743749
3039,COCCOCC1CN(C(=O)c2ccoc2)CC12CCN(c1ccc(C#N)c(C(F)(F)F)c1)CC2,0,0.540754217541107,0.0104485202754277,3.7276006,0.0114622209994416,0.057055285439609874
3040,COCCOCC1CN(C(=O)C2(C)CC2)CC12CCN(c1ccc(C#N)c(C(F)(F)F)c1)CC2,0,0.551593661485688,0.0033298724870187,-6.8841553,0.0224273950193704,0.056281549207649106
3041,COCCOCC1CN(C(=O)CNC(C)=O)CC12CCN(c1ccc(C#N)c(C(F)(F)F)c1)CC2,0,0.555874987071147,0.0030058355772552,2.7428603,0.0260009188985242,0.12513063621604184
3042,COCCOCC1CN(C(=O)CC(C)C)CC12CCN(c1ccc(C#N)c(C(F)(F)F)c1)CC2,0,0.517363749929409,0.0073859908360272,-5.2562256,0.0148216986483019,0.08065175365030701
3043,COCCOCC1CN(C(=O)c2cn[nH]c2)CC12CCN(c1ccc(C#N)c(C(F)(F)F)c1)CC2,0,0.597539900396279,0.0050817299060915,2.8789897,0.0183978985240096,0.056696111782471206
3044,CCC(C)(C)C(=O)N1CC(COCCOC)C2(CCN(c3ccc(C#N)c(C(F)(F)F)c3)CC2)C1,0,0.488492977725496,0.0043287442636574,3.86338,0.0246765685795418,0.07575131676470401
3045,N#Cc1ccc(N2CC(CO)C3(CCN(C(=O)C4CCCCC4)CC3)C2)cc1C(F)(F)F,0,0.751378300193725,0.0081917679729351,4.0264745,0.0403392407993547,0.10778300425526144
3046,CC(C)CN1CCC2(CC1)CN(c1ccc(C#N)c(C(F)(F)F)c1)CC2CO,0,0.843834568209951,0.0022926046003459,-7.9414496,0.007771053934918,0.09094048677942687
3047,Cc1ccc(C(=O)N2CCC3(CC2)CN(c2ccc(C#N)c(C(F)(F)F)c2)CC3CO)cc1C,0,0.713640555258023,0.0070282222403598,1.6799916,0.0968897548114651,0.09099100602440226
3048,N#Cc1ccc(N2CC(CO)C3(CCN(C(=O)c4ccccc4F)CC3)C2)cc1C(F)(F)F,0,0.700318856399629,0.001958684245868,5.424479,0.0526881269875132,0.11760282606526937
3049,Cc1cccc(C(=O)N2CCC3(CC2)CN(c2ccc(C#N)c(C(F)(F)F)c2)CC3CO)c1,0,0.748988072978612,0.0139279733407572,-1.1255143,0.0560574606664156,0.09199833615846446
3050,CCC(CC)C(=O)N1CCC2(CC1)CN(c1ccc(C#N)c(C(F)(F)F)c1)CC2CO,0,0.754772125282237,0.0034468272044981,1.7100455,0.0293366724598195,0.13471292412738178
3051,COc1ccc(C(=O)N2CCC3(CC2)CN(c2ccc(C#N)c(C(F)(F)F)c2)CC3CO)cc1,0,0.728227504549186,0.0035493499051496,1.7336031,0.0515630880196867,0.08470432550995324
3052,COc1ccccc1C(=O)N1CCC2(CC1)CN(c1ccc(C#N)c(C(F)(F)F)c1)CC2CO,0,0.728227504549186,0.0019756679913534,7.237512,0.0414392793902189,0.08279443180748168
3053,N#Cc1ccc(N2CC(CO)C3(CCN(Cc4cccc(F)c4)CC3)C2)cc1C(F)(F)F,0,0.705109690297588,0.0098081565700877,-2.0524573,0.0742178536042743,0.10480165793683001
3054,N#Cc1ccc(N2CC(CO)C3(CCN(C(=O)c4ccc(F)c(F)c4)CC3)C2)cc1C(F)(F)F,0,0.670392788329745,0.0149113422824864,2.474997,0.0779028498278508,0.14594415178802478
3055,Cc1ccc(C(=O)N2CCC3(CC2)CN(c2ccc(C#N)c(C(F)(F)F)c2)CC3CO)s1,0,0.737264920583859,0.0050544789582077,5.1967072,0.0506166361244134,0.07605622231591516
3056,N#Cc1ccc(N2CC(CO)C3(CCN(C(=O)c4ccc(F)cc4F)CC3)C2)cc1C(F)(F)F,0,0.670392788329745,0.0121327973970778,6.6756845,0.0635092535650371,0.11983587467390547
3057,COc1ccc(C(=O)N2CCC3(CC2)CN(c2ccc(C#N)c(C(F)(F)F)c2)CC3CO)c(C)c1,0,0.698146856559455,0.0030859568843168,0.3496443,0.0690058475352196,0.08262468531237284
3058,N#Cc1ccc(N2CC(CO)C3(CCN(C(=O)COc4ccc(F)cc4)CC3)C2)cc1C(F)(F)F,0,0.643794904713032,0.0050905413222304,-2.6370423,0.0620707229056677,0.11772935519790365
3059,N#Cc1ccc(N2CC(CO)C3(CCN(C(=O)c4ccc5c(c4)OCO5)CC3)C2)cc1C(F)(F)F,0,0.711522672656701,0.0035587328077629,1.3597432,0.0376357042620178,0.08396135048899185
3060,CN(C)c1cccc(C(=O)N2CCC3(CC2)CN(c2ccc(C#N)c(C(F)(F)F)c2)CC3CO)c1,0,0.707784351624546,0.006780579690051,-1.4945465,0.0729569338979601,0.09904827808766938
3061,N#Cc1ccc(N2CC(CO)C3(CCN(C(=O)Cc4cccnc4)CC3)C2)cc1C(F)(F)F,0,0.76099594204169,0.0039709911966768,1.2118496,0.042658816675499,0.0996192690528314
3062,N#Cc1ccc(N2CC(CO)C3(CCN(C(=O)C4CCCC4)CC3)C2)cc1C(F)(F)F,0,0.784292164464123,0.002172200920471,3.992598,0.0308977951375339,0.0813207277568472
3063,N#Cc1ccc(N2CC(CO)C3(CCN(C(=O)C4CC=CC4)CC3)C2)cc1C(F)(F)F,0,0.74033250943316,0.0027631904892655,2.6637125,0.0331885254760145,0.07605318873444179
3064,N#Cc1ccc(N2CC(CO)C3(CCN(C(=O)C4CCOCC4)CC3)C2)cc1C(F)(F)F,0,0.764658718337691,0.0038070519620091,-1.1475744,0.0402768212525814,0.11885273777062863
3065,COCCOCC1CN(C(=O)c2ccco2)CC12CCN(c1ccc(C#N)c(C(F)(F)F)c1)CC2,0,0.540754217541107,0.0052925174176566,-1.973632,0.0122393000832053,0.05951897068734331
3066,COCCOCC1CN(C(C)=O)CC12CCN(c1ccc(C#N)c(C(F)(F)F)c1)CC2,0,0.63668314023774,0.0007927661224338,0.6214372,0.0084524887308505,0.08169431412660813
3067,COCCOCC1CN(C(=O)C(C)(C)C)CC12CCN(c1ccc(C#N)c(C(F)(F)F)c1)CC2,0,0.566151530402703,0.0020262993645139,-3.0795517,0.0164272014166688,0.07864570934365464
3068,CCS(=O)(=O)N1CC(COC)C2(CCN(c3ccc(C#N)c(C(F)(F)F)c3)CC2)C1,0,0.696506889599637,0.0011517350463923,5.9858556,0.0102073512305498,0.11382449081665136
3069,COCC1CN(C(=O)c2ccc(OC)cc2)CC12CCN(c1ccc(C#N)c(C(F)(F)F)c1)CC2,0,0.617363138208504,0.0065590482238245,2.5755734,0.0219300939961926,0.07212436965389392
3070,COCC1CN(C(=O)c2cc(C)cc(C)c2)CC12CCN(c1ccc(C#N)c(C(F)(F)F)c1)CC2,0,0.597548502031523,0.0142323577063887,3.057878,0.0310891692882738,0.07164951159169089
3071,COCC1CN(C(=O)c2ccc(F)cc2F)CC12CCN(c1ccc(C#N)c(C(F)(F)F)c1)CC2,0,0.571269323127775,0.0052955908369931,7.2607207,0.0333621216193351,0.08995838641044984
3072,COCC1CN(C(=O)c2cccc(OC)c2)CC12CCN(c1ccc(C#N)c(C(F)(F)F)c1)CC2,0,0.617363138208504,0.0039365002059281,1.058978,0.0162329315372892,0.06643235633442662
3073,COCC1CN(C(=O)Cc2ccc(F)cc2)CC12CCN(c1ccc(C#N)c(C(F)(F)F)c1)CC2,0,0.574143133923109,0.0125161572472245,1.6657864,0.0201212455212518,0.09406076954929414
3074,COCC1CN(S(=O)(=O)c2cn(C)cn2)CC12CCN(c1ccc(C#N)c(C(F)(F)F)c1)CC2,0,0.631088526571699,0.0022942474002396,6.473388,0.0170552256967793,0.06228584679735283
3075,COCC1CN(C(=O)C2CCOCC2)CC12CCN(c1ccc(C#N)c(C(F)(F)F)c1)CC2,0,0.678679792007733,0.0020023162293883,2.2395163,0.0221120957895951,0.08878020542630335
3076,COCC1CN(C(=O)CC2CCCC2)CC12CCN(c1ccc(C#N)c(C(F)(F)F)c1)CC2,0,0.626604239156512,0.0019894009794303,2.569045,0.0181519509354959,0.05631801476858239
3077,COCC1CN(C(=O)c2ccco2)CC12CCN(c1ccc(C#N)c(C(F)(F)F)c1)CC2,0,0.703614920213658,0.0048268568085808,-1.8289639,0.0146966299477139,0.051632440961329254
3078,CCCNC(=O)N1CC(COC)C2(CCN(c3ccc(C#N)c(C(F)(F)F)c3)CC2)C1,0,0.758126326678096,0.0019733096161872,-1.239531,0.0058654854925873,0.07563929807424287
3079,CCC(=O)N1CC(COC)C2(CCN(c3ccc(C#N)c(C(F)(F)F)c3)CC2)C1,0,0.761399140687352,0.0011090359106369,0.00039851665,0.0077280443234247,0.10936024984414876
3080,COCC1CN(C(C)=O)CC12CCN(c1ccc(C#N)c(C(F)(F)F)c1)CC2,0,0.788230035455363,0.0011306719214956,0.76701915,0.0080656025052035,0.09389322973280093
3081,COCC1CN(C(=O)Cc2ccccc2)CC12CCN(c1ccc(C#N)c(C(F)(F)F)c1)CC2,0,0.644009798053053,0.0054327276461736,1.210678,0.0101159119114019,0.07723369419565293
3082,COCC1CN(C(=O)Cc2cccc(C)c2)CC12CCN(c1ccc(C#N)c(C(F)(F)F)c1)CC2,0,0.609528444215437,0.0035800031808969,0.96979964,0.0179668181262575,0.07058851706793812
3083,COCC1CN(C(=O)c2ccccc2C)CC12CCN(c1ccc(C#N)c(C(F)(F)F)c1)CC2,0,0.637248656195089,0.0087538465946846,2.971188,0.0147542784490031,0.0708938486243311
3084,CCS(=O)(=O)N1CC(COCC2CC2)C2(CCN(c3ccc(C#N)c(C(F)(F)F)c3)CC2)C1,0,0.586311327462985,0.0019882739195532,4.0388136,0.0308505465482848,0.08091295790232203
3085,CC(C)CC(=O)N1CC(COCC2CC2)C2(CCN(c3ccc(C#N)c(C(F)(F)F)c3)CC2)C1,0,0.548717554386989,0.026554938886825,-6.3959093,0.0245836589779674,0.05857349363531086
3086,CCNC(=O)N1CC(COCC2CC2)C2(CCN(c3ccc(C#N)c(C(F)(F)F)c3)CC2)C1,0,0.683521196897567,0.0042807598303318,-0.90102625,0.0188320855871509,0.05340960214101827
3087,N#Cc1ccc(N2CCC3(CC2)CN(C(=O)C2CC=CC2)CC3COCC2CC2)cc1C(F)(F)F,0,0.529348268419323,0.0223772261525519,2.2773714,0.0369365478136991,0.06984577550096002
3088,COCC1CN(c2ccc(C#N)c(C(F)(F)F)c2)CC12CCN(C(=O)Nc1ccccc1C)CC2,0,0.638410921723545,0.0206228556516805,2.2728505,0.0356498177805171,0.07224041481704062
3089,COCC1CN(c2ccc(C#N)c(C(F)(F)F)c2)CC12CCN(C(=O)c1ccnn1C)CC2,0,0.698577747507107,0.0029431952999661,6.206486,0.0311447739368731,0.054984843917399454
3090,CCn1nccc1C(=O)N1CCC2(CC1)CN(c1ccc(C#N)c(C(F)(F)F)c1)CC2COC,0,0.657849867120619,0.0022807044715416,9.449104,0.0251404236197837,0.055057522896036756
3091,COCC1CN(c2ccc(C#N)c(C(F)(F)F)c2)CC12CCN(C(=O)c1cnn(C)c1)CC2,0,0.698577747507107,0.003014667722048,4.1922436,0.0284499249974426,0.05444701839721492
3092,COCC1CN(c2ccc(C#N)c(C(F)(F)F)c2)CC12CCN(C(=O)c1ccn(C)n1)CC2,0,0.698577747507107,0.0034385812306533,2.4899988,0.0272507864460777,0.05469254479234827
3093,COCC1CN(c2ccc(C#N)c(C(F)(F)F)c2)CC12CCN(C(=O)c1ccc(C)cc1)CC2,0,0.637248656195088,0.0067719076144162,2.232388,0.0247525317429192,0.06973796227303246
3094,COCC(=O)N1CCC2(CC1)CN(c1ccc(C#N)c(C(F)(F)F)c1)CC2COCC1CC1,0,0.614595638728785,0.0009744647533613,-3.25958,0.0204231067223205,0.06049913518310529
3095,N#Cc1ccc(N2CC(COCC3CC3)C3(CCN(C(=O)C4CC4)CC3)C2)cc1C(F)(F)F,0,0.627872910737111,0.0029181268789772,-5.9116683,0.0338344528753217,0.07208113736808715
3096,COCCC(=O)N1CCC2(CC1)CN(c1ccc(C#N)c(C(F)(F)F)c1)CC2COCC1CC1,0,0.562174083023981,0.0016505503950496,-1.7231722,0.0247142086713163,0.05565715715608004
3097,CCOCC(=O)N1CCC2(CC1)CN(c1ccc(C#N)c(C(F)(F)F)c1)CC2COCC1CC1,0,0.562174083023981,0.0041861373267654,-0.9434322,0.0348825529968443,0.06557337241711939
3098,N#Cc1ccc(N2CC(COCC3CC3)C3(CCN(C(=O)c4cn[nH]c4)CC3)C2)cc1C(F)(F)F,0,0.663711060561729,0.0052984819465991,3.0154357,0.0319362638279986,0.05284538323582884
3099,N#Cc1ccc(N2CC(COCC3CC3)C3(CCN(C(=O)c4cncnc4)CC3)C2)cc1C(F)(F)F,0,0.594010247669587,0.0035248835673121,-8.794186,0.0256185148609903,0.0536041208727938
3100,CC(C)C(=O)N1CCC2(CC1)CN(c1ccc(C#N)c(C(F)(F)F)c1)CC2COCC1CC1,0,0.613525043320286,0.0028986697009461,-4.2028546,0.0230885336321121,0.06435406937656303
3101,N#Cc1ccc(N2CC(COCC3CC3)C3(CCN(C(=O)c4cccnc4)CC3)C2)cc1C(F)(F)F,0,0.574693076387259,0.0070379735653933,-1.5767684,0.0256780389088563,0.05432442185407874
3102,N#Cc1ccc(N2CC(COCC3CC3)C3(CCN(C(=O)c4ccccc4)CC3)C2)cc1C(F)(F)F,0,0.539132423048734,0.0187168130292737,2.3085685,0.0338849683737819,0.054709120178335825
3103,Cn1nc(C(=O)N2CCC3(CC2)CN(c2ccc(C#N)c(C(F)(F)F)c2)CC3CO)c2ccccc21,0,0.594943651072295,0.0052490636634702,7.7071033,0.1071397315228855,0.07103937652856035
3104,N#Cc1ccc(N2CC(CO)C3(CCN(C(=O)CCC4CCCC4)CC3)C2)cc1C(F)(F)F,0,0.693975633459684,0.001905068307565,-0.19515705,0.0222584982316915,0.08030947465844568
3105,N#Cc1ccc(N2CC(CO)C3(CCN(C(=O)C4CCCCCC4)CC3)C2)cc1C(F)(F)F,0,0.666424374673798,0.0101387435254247,4.1097074,0.0517107971446937,0.09787415880463605
3106,Cc1occc1C(=O)N1CCC2(CC1)CN(c1ccc(C#N)c(C(F)(F)F)c1)CC2CO,0,0.773689504362699,0.0098613453456704,7.7013736,0.0427480700335846,0.06717642510809077
3107,Cc1ccncc1C(=O)N1CCC2(CC1)CN(c1ccc(C#N)c(C(F)(F)F)c1)CC2CO,0,0.759939329473866,0.002060507564804,3.7901092,0.0547092823007684,0.08652368293718515
3108,N#Cc1ccc(N2CC(CO)C3(CCN(Cc4ccncc4F)CC3)C2)cc1C(F)(F)F,0,0.720920797830847,0.0098539556560601,6.1573176,0.0457821401243332,0.09805751229522583
3109,Cn1cccc1CN1CCC2(CC1)CN(c1ccc(C#N)c(C(F)(F)F)c1)CC2CO,0,0.801908475066886,0.0025441928976321,-2.7789745,0.0240481766411629,0.07394885737078875
3110,COc1cccc(CN2CCC3(CC2)CN(c2ccc(C#N)c(C(F)(F)F)c2)CC3CO)n1,0,0.733935471115197,0.0072712258734539,5.973409,0.0403364876351844,0.07380655685759281
3111,N#Cc1ccc(N2CC(CO)C3(CCN(C(=O)c4cscn4)CC3)C2)cc1C(F)(F)F,0,0.775602139862008,0.0024971359123718,-0.7270711,0.0530459310677521,0.0771599349824609
3112,CCC(C)(C)C(=O)N1CCC2(CC1)CN(c1ccc(C#N)c(C(F)(F)F)c1)CC2CO,0,0.771808118752457,0.0029237583745228,3.1669106,0.021687960903004,0.10080734198231153
3113,N#Cc1ccc(N2CC(CO)C3(CCN(C(=O)CC4CCCC4)CC3)C2)cc1C(F)(F)F,0,0.748463931416474,0.0021018590197397,1.5633303,0.017596059356904,0.0781958010161232
3114,N#Cc1ccc(N2CC(CO)C3(CCN(C(=O)CC4CC4)CC3)C2)cc1C(F)(F)F,0,0.809170277250074,0.002060637355585,2.1442437,0.0159354956662784,0.07998585306396835
3115,Cc1cccnc1C(=O)N1CCC2(CC1)CN(c1ccc(C#N)c(C(F)(F)F)c1)CC2CO,0,0.759939329473866,0.0012928701726481,7.352629,0.0557915673310858,0.10412132637521258
3116,Cc1cncc(C(=O)N2CCC3(CC2)CN(c2ccc(C#N)c(C(F)(F)F)c2)CC3CO)c1,0,0.759939329473866,0.0054302859338397,-4.0032716,0.0525738604196389,0.08724041955566729
3117,Cn1cncc1C(=O)N1CCC2(CC1)CN(c1ccc(C#N)c(C(F)(F)F)c1)CC2CO,0,0.782150322826178,0.004534474446764,11.163373,0.0512683679573913,0.06761804193733509
3118,N#Cc1ccc(N2CC(CO)C3(CCN(C(=O)c4ccncc4)CC3)C2)cc1C(F)(F)F,0,0.78576246210747,0.0047318904617241,0.68544734,0.0494002136362686,0.10698762371571022
3119,CC(C)C(=O)N1CCC2(CC1)CN(c1ccc(C#N)c(C(F)(F)F)c1)CC2CO,0,0.832182176832202,0.0012498340757248,-4.074394,0.0173250191416111,0.12824242354600765
3120,Cc1ccccc1CC(=O)N1CCC2(CC1)CN(c1ccc(C#N)c(C(F)(F)F)c1)CC2CO,0,0.727171892239752,0.0022999517662936,4.497064,0.0547579765159276,0.09880514644304719
3121,CCCC(=O)N1CCC2(CC1)CN(c1ccc(C#N)c(C(F)(F)F)c1)CC2CO,0,0.827647768552546,0.0013228686606499,-1.5047287,0.0172701042404737,0.11925040030208138
3122,Cc1cc(C)n(CCC(=O)N2CCC3(CC2)CN(c2ccc(C#N)c(C(F)(F)F)c2)CC3CO)n1,0,0.69487391516079,0.0041584507048556,0.6830467,0.0497704013081984,0.10540949575193606
3123,CC(=O)N1CCC2(CC1)CN(c1ccc(C#N)c(C(F)(F)F)c1)CC2CO,0,0.855314199056178,0.0015974590926839,-5.234253,0.0245884229940966,0.12578049534493502
3124,N#Cc1ccc(N2CC(CO)C3(CCN(C(=O)c4ccccc4)CC3)C2)cc1C(F)(F)F,0,0.780815509798051,0.003051610626183,-0.522663,0.0471742378693592,0.11056737750606971
3125,CCn1ncc(C(=O)N2CCC3(CC2)CN(c2ccc(C#N)c(C(F)(F)F)c2)CC3CO)c1C,0,0.732306641299713,0.0025615420581164,7.4718604,0.0675986357618739,0.07849522910312744
3126,CCn1ccc(C(=O)N2CCC3(CC2)CN(c2ccc(C#N)c(C(F)(F)F)c2)CC3CO)n1,0,0.756305980821523,0.0025815466138666,4.8687086,0.0566823699343579,0.07555302530708598
3127,Cc1cccc(CC(=O)N2CCC3(CC2)CN(c2ccc(C#N)c(C(F)(F)F)c2)CC3CO)c1,0,0.727171892239752,0.0032220688963017,0.6016208,0.0415355089030521,0.09818799538117677
3128,Cc1cc(C(=O)N2CCC3(CC2)CN(c2ccc(C#N)c(C(F)(F)F)c2)CC3CO)n(C)n1,0,0.759838903399047,0.0015446096677963,5.1015477,0.0629333752786458,0.07148948820996665
3129,Cc1cnn(CCC(=O)N2CCC3(CC2)CN(c2ccc(C#N)c(C(F)(F)F)c2)CC3CO)c1,0,0.718010233973654,0.0047652611487442,5.6716714,0.0485340454591128,0.08248598830870726
3130,Cc1cnn(CC(=O)N2CCC3(CC2)CN(c2ccc(C#N)c(C(F)(F)F)c2)CC3CO)c1,0,0.75705172924809,0.0038233795715223,5.8884964,0.0472411617646385,0.08151094409960107
3131,N#Cc1ccc(N2CC(CO)C3(CCN(C(=O)Cn4cccn4)CC3)C2)cc1C(F)(F)F,0,0.778690373504965,0.0025533682293739,5.885039,0.0251485231753335,0.09106928533665833
3132,Cc1nccn1CC(=O)N1CCC2(CC1)CN(c1ccc(C#N)c(C(F)(F)F)c1)CC2CO,0,0.75705172924809,0.0126060063898409,1.1348008,0.0449128057220645,0.06310300129588423
3133,Cc1nn(C)cc1C(=O)N1CCC2(CC1)CN(c1ccc(C#N)c(C(F)(F)F)c1)CC2CO,0,0.759838903399047,0.0022539459804691,6.184073,0.0613586234652466,0.07646795794414898
3134,COCc1c(C(=O)N2CCC3(CC2)CN(c2ccc(C#N)c(C(F)(F)F)c2)CC3CO)noc1C,0,0.682758341755474,0.0057328511113005,3.5133214,0.0432703389745965,0.07034075930024453
3135,Cc1ccccc1C(=O)N1CCC2(CC1)CN(c1ccc(C#N)c(C(F)(F)F)c1)CC2CO,0,0.748988072978612,0.0028134551016611,1.7423133,0.0525560149542806,0.10542656555021195
3136,CC(C)(C)C(=O)N1CCC2(CC1)CN(c1ccc(C#N)c(C(F)(F)F)c1)CC2CO,0,0.788456463047953,0.0020094080135811,-7.159798,0.0185042040998438,0.11941926484488716
3137,COCC1CN(c2ccc(C#N)c(C(F)(F)F)c2)CC12CCN(S(=O)(=O)c1ccccc1)CC2,0,0.626379229385674,0.0029486366967553,7.7364974,0.0219662722771555,0.09039419987436755
3138,COCC1CN(c2ccc(C#N)c(C(F)(F)F)c2)CC12CCN(C(=O)C1(C)CC1)CC2,0,0.715611412817352,0.0021675277090379,-7.0941358,0.0220357661839907,0.051843211834561954
3139,COCC1CN(c2ccc(C#N)c(C(F)(F)F)c2)CC12CCN(C(=O)Nc1ccccc1)CC2,0,0.682085165845877,0.0077126439372233,2.426949,0.0317532435232543,0.07379989553218888
3140,COCC1CN(c2ccc(C#N)c(C(F)(F)F)c2)CC12CCN(C(=O)c1cccc(C)c1)CC2,0,0.637248656195088,0.0095084434871604,1.2949048,0.0216729001923156,0.06827894129532633
3141,COCC1CN(c2ccc(C#N)c(C(F)(F)F)c2)CC12CCN(C(=O)c1ccc(OC)cc1)CC2,0,0.617363138208504,0.0055556091756591,2.9633594,0.0347741290272008,0.0747692914927042
3142,COCC1CN(c2ccc(C#N)c(C(F)(F)F)c2)CC12CCN(C(=O)c1ccc(F)cc1)CC2,0,0.600824053146765,0.0051584757204682,2.3843722,0.0397397100423316,0.08603187076842762
3143,COCC1CN(c2ccc(C#N)c(C(F)(F)F)c2)CC12CCN(C(=O)c1ccccc1OC)CC2,0,0.617363138208504,0.0030516040793384,7.744351,0.028978853463683,0.07106420559086213
3144,COCC1CN(c2ccc(C#N)c(C(F)(F)F)c2)CC12CCN(C(=O)Nc1ccccc1F)CC2,0,0.604967919127782,0.0150959312144615,1.187992,0.0408586636381132,0.08188096259851466
3145,COCC1CN(c2ccc(C#N)c(C(F)(F)F)c2)CC12CCN(C(=O)c1c(F)cccc1F)CC2,0,0.571269323127775,0.0045258733645075,6.8767486,0.0489444783289691,0.08867553538690727
3146,COCC1CN(c2ccc(C#N)c(C(F)(F)F)c2)CC12CCN(C(=O)c1ccc(C)s1)CC2,0,0.625261928760447,0.0124652563735306,5.9288564,0.0210003364838724,0.05287490609799195
3147,COCC1CN(c2ccc(C#N)c(C(F)(F)F)c2)CC12CCN(C(=O)c1ccc(F)cc1F)CC2,0,0.571269323127775,0.0052955908369931,7.1746936,0.0507916806191741,0.09147872732445629
3148,COCC1CN(c2ccc(C#N)c(C(F)(F)F)c2)CC12CCN(C(=O)c1cc(F)ccc1F)CC2,0,0.571269323127775,0.0061263583517386,4.572565,0.0500735043525594,0.08809377002020939
3149,COCC1CN(c2ccc(C#N)c(C(F)(F)F)c2)CC12CCN(C(=O)Cc1ccccc1F)CC2,0,0.574143133923109,0.0041614127783999,2.5762162,0.0294482694173468,0.09280702223809364
3150,COCC1CN(c2ccc(C#N)c(C(F)(F)F)c2)CC12CCN(C(=O)c1ccc(OC)nc1)CC2,0,0.633602866223862,0.005045574840411,0.035116434,0.0343237841057511,0.07579491758324233
3151,COCC1CN(c2ccc(C#N)c(C(F)(F)F)c2)CC12CCN(C(=O)COc1ccccc1)CC2,0,0.606418352151489,0.0025174941877062,1.2799491,0.01741274834646,0.06625727890584777
3152,COCC1CN(c2ccc(C#N)c(C(F)(F)F)c2)CC12CCN(C(=O)c1ccco1)CC2,0,0.703614920213658,0.0017033753781246,-1.3683676,0.0227477234019505,0.0547046012752231
3153,COCC1CN(c2ccc(C#N)c(C(F)(F)F)c2)CC12CCN(C(=O)c1ccncc1)CC2,0,0.693464178156914,0.0042405840800166,1.7325095,0.0296939976732966,0.07077626625772235
3154,COCC1CN(c2ccc(C#N)c(C(F)(F)F)c2)CC12CCN(C(=O)CCc1ccccc1)CC2,0,0.584106654219604,0.0104423248881636,3.19035,0.021025039077428,0.06983151920753651
3155,COCC1CN(c2ccc(C#N)c(C(F)(F)F)c2)CC12CCN(C(=O)C1(c3ccccc3)CC1)CC2,0,0.58355003940538,0.0444971715204696,4.5425844,0.0350435233488043,0.05352240211297281
3156,COCCOCC1CN(c2ccc(C#N)c(C(F)(F)F)c2)CC12CCN(Cc1ccsc1)CC2,0,0.483578737480442,0.0284185136883226,4.2940254,0.0399604788315206,0.06127067810143161
3157,CCOCC(=O)N1CCC2(CC1)CN(c1ccc(C#N)c(C(F)(F)F)c1)CC2COCCOC,0,0.501972738098999,0.0014884309931546,0.5879482,0.0369415251663088,0.08288775255306094
3158,CCNC(=O)N1CCC2(CC1)CN(c1ccc(C#N)c(C(F)(F)F)c1)CC2COCCOC,0,0.620257722441998,0.0035754019579075,-0.47561824,0.0140047179258717,0.08408410062295885
3159,COCCOCC1CN(c2ccc(C#N)c(C(F)(F)F)c2)CC12CCN(C(=O)C1CCCC1)CC2,0,0.524507581739085,0.0078034569120828,4.0150723,0.0258894992380488,0.06132729954135233
3160,COCCOCC1CN(c2ccc(C#N)c(C(F)(F)F)c2)CC12CCN(C1CCOCC1)CC2,0,0.550277931129554,0.0066161883282277,8.399483,0.0406562620301606,0.08893336602799855
3161,COCCOCC1CN(c2ccc(C#N)c(C(F)(F)F)c2)CC12CCN(Cc1cccnc1)CC2,0,0.515097795041904,0.0079356830621275,4.5966277,0.0374391361101108,0.0796955063705532
3162,COCCOCC1CN(c2ccc(C#N)c(C(F)(F)F)c2)CC12CCN(Cc1ccncc1)CC2,0,0.515097795041904,0.0073149477841206,8.342616,0.0554000528895871,0.07998983658599551
3163,COCCOCC1CN(c2ccc(C#N)c(C(F)(F)F)c2)CC12CCN(C(=O)c1cn[nH]c1)CC2,0,0.597539900396279,0.010061160131132,3.6598392,0.0307595182483981,0.0649680072972469
3164,COCCOCC1CN(c2ccc(C#N)c(C(F)(F)F)c2)CC12CCN(C(=O)NC(C)C)CC2,0,0.597233881562119,0.0070745366841106,0.71971476,0.0268379702223127,0.08850749487555769
3165,CCC(C)(C)C(=O)N1CCC2(CC1)CN(c1ccc(C#N)c(C(F)(F)F)c1)CC2COCCOC,0,0.488492977725496,0.0040580342255039,4.4286113,0.031442998526187,0.07505362815712822
3166,COCCOCC1CN(c2ccc(C#N)c(C(F)(F)F)c2)CC12CCN(C(=O)CC1CC1)CC2,0,0.525891570275429,0.0018038798695007,4.1669393,0.0242352122789912,0.059463892795370996
3167,COCCOCC1CN(c2ccc(C#N)c(C(F)(F)F)c2)CC12CCN(Cc1ccccc1)CC2,0,0.492971743569486,0.0583433895083123,6.8789535,0.0417630915247702,0.08050673089528679
3168,CCC(=O)N1CCC2(CC1)CN(c1ccc(C#N)c(C(F)(F)F)c1)CC2COCCOC,0,0.589412711635095,0.0011717469096803,0.5715786,0.0123850995371771,0.07330480491383037
3169,CCCC(=O)N1CCC2(CC1)CN(c1ccc(C#N)c(C(F)(F)F)c1)CC2COCCOC,0,0.539215827918669,0.0020423872327384,-0.80311805,0.0193144753499724,0.07894892868891396
3170,COCCOCC1CN(c2ccc(C#N)c(C(F)(F)F)c2)CC12CCN(C(C)=O)CC2,0,0.63668314023774,0.0012518143233879,-0.7912698,0.0124203021165376,0.07895835864701789
3171,CNC(=O)N1CCC2(CC1)CN(c1ccc(C#N)c(C(F)(F)F)c1)CC2COCCOC,0,0.668782168224885,0.0034908447534889,1.2316478,0.0168177087905766,0.07926683242402356
3172,COCCOCC1CN(c2ccc(C#N)c(C(F)(F)F)c2)CC12CCN(Cc1cnn(C)c1)CC2,0,0.525083128404236,0.0043350014029437,4.3213105,0.0343017054997787,0.06246156391709483
3173,COCCOCC1CN(c2ccc(C#N)c(C(F)(F)F)c2)CC12CCN(Cc1cccs1)CC2,0,0.483578737480442,0.0261123791477423,7.8364816,0.0251314800280076,0.06062537594719121
3174,COCCOCC1CN(c2ccc(C#N)c(C(F)(F)F)c2)CC12CCN(C1CCCC1)CC2,0,0.546563705031324,0.0054724643638423,6.659456,0.0447371931667286,0.06542193201423889
3175,COC[C@H]1CN(c2ccc(C#N)c(C(F)(F)F)c2)C[C@@H]1C(=O)Nc1cc(C)cc(C)c1,0,0.755501239563963,0.0043043535190095,4.299106,0.0085254333747328,0.07306789264226368
3176,CCC(C)(C)NC(=O)[C@H]1CN(c2ccc(C#N)c(C(F)(F)F)c2)C[C@@H]1COC,0,0.796944446866832,0.0008791446575966,4.109868,0.0022569793365886,0.08072676278933667
3177,COC[C@H]1CN(c2ccc(C#N)c(C(F)(F)F)c2)C[C@@H]1C(=O)Nc1cccc(OC)c1,0,0.74752910109725,0.0019928588217409,-2.0762682,0.0079147533255197,0.07559349796159104
3178,COC[C@H]1CN(c2ccc(C#N)c(C(F)(F)F)c2)C[C@@H]1C(=O)Nc1cc(OC)cc(OC)c1,0,0.670049854045571,0.0014944104962348,6.9145827,0.0255232673434167,0.09557153610349826
3179,COC[C@H]1CN(c2ccc(C#N)c(C(F)(F)F)c2)C[C@@H]1C(=O)Nc1cc(F)cc(F)c1,0,0.709955330697765,0.0017787683703317,-7.3963566,0.0194052891862375,0.0896198039643153
3180,N#Cc1ccc(N2CCC3(CC2)CN(C(=O)CN2CCCC2=O)CC3C(N)=O)cc1C(F)(F)F,0,0.710264429187346,0.0016339492187709,7.7186923,0.0460105758708908,0.1066460480687329
3181,CC(=O)NCC(=O)N1CC2(CCN(c3ccc(C#N)c(C(F)(F)F)c3)CC2)CC1C(=O)N(C)C,0,0.712672404300233,0.0033674286201679,-1.6105185,0.0203970564112424,0.10898591750417201
3182,CNC(=O)[C@@H]1CN(C(=O)CNC(C)=O)C[C@H]1C1CCN(c2ccc(C#N)c(C(F)(F)F)c2)CC1,0,0.66963465277353,0.0114360732279327,-1.7734991,0.0120933775319767,0.11300322716197284
3183,N#Cc1ccc(N2C[C@@H](Oc3ccccc3)C[C@H]2C(=O)NCc2cccnc2)cc1C(F)(F)F,0,0.585752692177999,0.0040106302246223,5.1024356,0.0079446001619884,0.08052163068996146
3184,COCCCNC(=O)[C@@H]1C[C@H](Oc2ccccc2)CN1c1ccc(C#N)c(C(F)(F)F)c1,0,0.624160173675152,0.0040161616741412,5.511719,0.0062846526460094,0.07221638683670954
3185,N#Cc1ccc(N2C[C@@H](Oc3ccccc3)C[C@H]2C(=O)NCCc2ccncc2)cc1C(F)(F)F,0,0.543925751070169,0.0110249657274527,7.560636,0.0066623852749703,0.08373131693864459
3186,COCCNC(=O)[C@@H]1C[C@H](Oc2ccccc2)CN1c1ccc(C#N)c(C(F)(F)F)c1,0,0.678142729033994,0.004568750082421,0.0038677454,0.0065808343699835,0.07456593318472468
3187,N#Cc1ccc(N2C[C@@H](Oc3ccccc3)C[C@H]2C(=O)N2CCOCC2)cc1C(F)(F)F,0,0.721350007598336,0.0044316369679596,0.37149215,0.0086503887409516,0.06960557955410804
3188,CNC(=O)CN(C)C(=O)[C@@H]1C[C@H](Oc2ccccc2)CN1c1ccc(C#N)c(C(F)(F)F)c1,0,0.716759532221166,0.0043264494274151,5.8862133,0.0213018926822725,0.09379663795942143
3189,Cc1nccn1CCNC(=O)[C@@H]1C[C@H](Oc2ccccc2)CN1c1ccc(C#N)c(C(F)(F)F)c1,0,0.550861447078921,0.0085759277628742,4.5124755,0.0106989817485644,0.061631297655153294
3190,N#Cc1ccc(N2C[C@@H](Oc3ccccc3)C[C@H]2C(=O)NCCn2cccn2)cc1C(F)(F)F,0,0.571703870623815,0.0011500134884945,10.730287,0.0082704050542655,0.05542569551909051
3191,N#Cc1ccc(N2C[C@@H]3CCN(C(=O)C4CCCCC4)C[C@]3(CO)C2)cc1C(F)(F)F,0,0.784292164464123,0.0019781259525014,10.319491,0.0387429290826779,0.10723606178824537
3192,N#Cc1ccc(N2C[C@@H]3CCN(C(=O)c4ccoc4)C[C@]3(CO)C2)cc1C(F)(F)F,0,0.826955996559204,0.003759288949382,9.57763,0.0428447516401627,0.08216662535534718
3193,Cc1cc(C(=O)N2CC[C@H]3CN(c4ccc(C#N)c(C(F)(F)F)c4)C[C@@]3(CO)C2)no1,0,0.798675955473891,0.0030231294950866,10.328618,0.0419448670559735,0.08128063566724489
3194,Cc1ccc(C(=O)N2CC[C@H]3CN(c4ccc(C#N)c(C(F)(F)F)c4)C[C@@]3(CO)C2)cc1C,0,0.751959229922424,0.0145517427819017,7.671602,0.1423178612137173,0.09615359009240738
3195,N#Cc1ccc(N2C[C@@H]3CCN(C(=O)c4ccccc4F)C[C@]3(CO)C2)cc1C(F)(F)F,0,0.729480561663736,0.002068623388781,10.342246,0.0665369789366194,0.1073474676920165
3196,COc1ccc(CC(=O)N2CC[C@H]3CN(c4ccc(C#N)c(C(F)(F)F)c4)C[C@@]3(CO)C2)cc1,0,0.719823800102957,0.005908784964556,6.934282,0.0442252300942803,0.07672810735088227
3197,N#Cc1ccc(N2C[C@@H]3CCN(C(=O)c4ccc(F)cc4)C[C@]3(CO)C2)cc1C(F)(F)F,0,0.729480561663736,0.0050967386493448,3.6437392,0.0622985577910832,0.1101823135581262
3198,N#Cc1ccc(N2C[C@@H]3CCN(C(=O)C4CC4)C[C@]3(CO)C2)cc1C(F)(F)F,0,0.857450967590646,0.0019949910641461,0.49141085,0.0198956159265765,0.08198281639140162
3199,COc1cccc(C(=O)N2CC[C@H]3CN(c4ccc(C#N)c(C(F)(F)F)c4)C[C@@]3(CO)C2)c1OC,0,0.69156430443344,0.0055859833938047,11.33671,0.0516042034675316,0.0884890077952058
3200,CC(C)c1ccc(C(=O)N2CC[C@H]3CN(c4ccc(C#N)c(C(F)(F)F)c4)C[C@@]3(CO)C2)cc1,0,0.704391088788492,0.0181131730569843,6.072033,0.0593235862368154,0.08354929116149078
3201,N#Cc1ccc(N2C[C@@H]3CCN(C(=O)Cc4cccc(F)c4)C[C@]3(CO)C2)cc1C(F)(F)F,0,0.706961967380629,0.0065909896791243,2.9050603,0.0545322546596692,0.11352708148516044
3202,N#Cc1ccc(N2C[C@@H]3CCN(C(=O)c4ccc(F)c(Cl)c4)C[C@]3(CO)C2)cc1C(F)(F)F,0,0.662606837728102,0.0091748710947241,1.7987496,0.0683032624927324,0.11695293125000064
3203,COc1ccc(C(=O)N2CC[C@H]3CN(c4ccc(C#N)c(C(F)(F)F)c4)C[C@@]3(CO)C2)c(OC)c1,0,0.69156430443344,0.0034679822543777,11.23112,0.068092525196621,0.08721226096958463
3204,COC[C@@]12CN(C(C)=O)CC[C@@H]1CN(c1ccc(C#N)c(C(F)(F)F)c1)C2,0,0.80799345239818,0.0015673094055544,1.9327649,0.0152115327215182,0.09230604072148987
3205,COCCCNC(=O)N1CC[C@@H]2CN(c3ccc(C#N)c(C(F)(F)F)c3)C[C@]2(COC)C1,0,0.641019221901443,0.0072072749103704,0.8685349,0.0129802809931735,0.0700233843553987
3206,CCn1nccc1C(=O)N1CC[C@@H]2CN(c3ccc(C#N)c(C(F)(F)F)c3)C[C@]2(COC)C1,0,0.682432030285381,0.0017858936813024,9.482854,0.0310852062425841,0.05521068764870635
3207,CCn1ccc(C(=O)N2CC[C@@H]3CN(c4ccc(C#N)c(C(F)(F)F)c4)C[C@]3(COC)C2)n1,0,0.682432030285381,0.0051510068704924,6.5558257,0.0273327354191769,0.05284032348394672
3208,COC[C@@]12CN(C(=O)c3ccccc3C)CC[C@@H]1CN(c1ccc(C#N)c(C(F)(F)F)c1)C2,0,0.67852985239426,0.002096467180368,2.4697442,0.0230213044950047,0.06937459911504268
3209,COC[C@@]12CN(C(=O)C(C)(C)C)CC[C@@H]1CN(c1ccc(C#N)c(C(F)(F)F)c1)C2,0,0.739474871348803,0.0017799132215117,-7.195455,0.0081613596672,0.08905857339090895
3210,N#Cc1ccc(N2C[C@@H]3CCN(C(=O)C4CCCCC4)C[C@]3(COCC3CC3)C2)cc1C(F)(F)F,0,0.548576414631371,0.0679352787039778,1.0413343,0.0210559625563931,0.05804357215598238
3211,CC1(C(=O)N2CC[C@H]3CN(c4ccc(C#N)c(C(F)(F)F)c4)C[C@@]3(COCC3CC3)C2)CC1,0,0.62787291073711,0.0025380258862675,-9.8661995,0.0306694764150474,0.055502065870744265
3212,N#Cc1ccc(N2C[C@@H]3CCN(C(=O)c4cncnc4)C[C@]3(COCC3CC3)C2)cc1C(F)(F)F,0,0.619828507218319,0.0025427485017833,-11.156597,0.0295908323300037,0.05203681454076543
3213,CS(=O)(=O)N1CC[C@H]2CN(c3ccc(C#N)c(C(F)(F)F)c3)C[C@@]2(COCC2CC2)C1,0,0.656505972373383,0.0009165976262856,-2.8090339,0.0219225137692503,0.07587079762280953
3214,CCCNC(=O)N1CC[C@H]2CN(c3ccc(C#N)c(C(F)(F)F)c3)C[C@@]2(COCC2CC2)C1,0,0.655146393857033,0.0057023396587403,-5.152503,0.0323130849299095,0.05551197315051717
3215,CCC(=O)N1CC[C@H]2CN(c3ccc(C#N)c(C(F)(F)F)c3)C[C@@]2(COCC2CC2)C1,0,0.676107022074501,0.0035506368592853,-4.5822873,0.0230835539008952,0.07379786257330283
3216,CC(=O)N1CC[C@H]2CN(c3ccc(C#N)c(C(F)(F)F)c3)C[C@@]2(COCC2CC2)C1,0,0.727969637025414,0.0007608002305821,-2.1562965,0.0135297810172522,0.0748775874529036
3217,Cc1ccccc1C(=O)N1CC[C@H]2CN(c3ccc(C#N)c(C(F)(F)F)c3)C[C@@]2(COCC2CC2)C1,0,0.5449989702468,0.0138768068420012,-0.12651181,0.0319462950664876,0.05503757165392775
3218,COCCOC[C@@]12CN(C(=O)c3ccoc3)CC[C@@H]1CN(c1ccc(C#N)c(C(F)(F)F)c1)C2,0,0.564812454769017,0.0037811871471839,3.7085567,0.0175625497939913,0.06018382550528045
3219,CCS(=O)(=O)N1CC[C@@H]2CN(c3ccc(C#N)c(C(F)(F)F)c3)C[C@]2(COCCOC)C1,0,0.538015767893958,0.0016849341619613,3.3200173,0.0294676200369521,0.10365425900052672
3220,COCCOC[C@@]12CN(C(=O)C3CCC3)CC[C@@H]1CN(c1ccc(C#N)c(C(F)(F)F)c1)C2,0,0.574929857664256,0.0021074557397864,-2.8560185,0.0108688994578467,0.05699845309463394
3221,COCCOC[C@@]12CN(Cc3cccc(F)c3)CC[C@@H]1CN(c1ccc(C#N)c(C(F)(F)F)c1)C2,0,0.395632066646119,0.0074957701191443,1.3189992,0.02241264156333,0.07938741830767838
3222,COCCOC[C@]12CN(c3ccc(C#N)c(C(F)(F)F)c3)C[C@H]1CCN(S(=O)(=O)C(C)C)C2,0,0.522187130137978,0.0042689495091344,0.5811509,0.030472299889096,0.08482402242065067
3223,COCCOC[C@@]12CN(Cc3ccncc3)CC[C@@H]1CN(c1ccc(C#N)c(C(F)(F)F)c1)C2,0,0.540038270995197,0.0045215966953699,6.8466144,0.0174299049292023,0.0712047060853893
3224,COCCOC[C@@]12CN(C(=O)c3ccccn3)CC[C@@H]1CN(c1ccc(C#N)c(C(F)(F)F)c1)C2,0,0.554520056364606,0.0096853194235174,3.8846111,0.0173403108896866,0.07114137623648269
3225,COCCOC[C@@]12CN(C(=O)c3cncn3C)CC[C@@H]1CN(c1ccc(C#N)c(C(F)(F)F)c1)C2,0,0.554208043048259,0.0021007059242881,10.3434305,0.0252784145208124,0.061267744740627295
3226,COCCOC[C@@]12CN(C(=O)N(C)C)CC[C@@H]1CN(c1ccc(C#N)c(C(F)(F)F)c1)C2,0,0.618394951348509,0.0029109565420333,7.329271,0.0268829123486869,0.07613786705055184
3227,CCC(=O)N1CC[C@@H]2CN(c3ccc(C#N)c(C(F)(F)F)c3)C[C@]2(COCCOC)C1,0,0.610252710888257,0.0023312360885415,-2.206946,0.0108164611896534,0.072745660303294
3228,COCCOC[C@@]12CN(C(C)=O)CC[C@@H]1CN(c1ccc(C#N)c(C(F)(F)F)c1)C2,0,0.656082610455338,0.0010707152322741,-0.32217598,0.0118635360224534,0.0767743030560339
3229,N#Cc1ccc(N2C[C@@H]3CCN(C(=O)c4cccs4)C[C@]3(COCC3CC3)C2)cc1C(F)(F)F,0,0.571018104318842,0.0187483517775834,-0.049652815,0.0136205453771563,0.05023177053267684
3230,Cc1cccc(C(=O)N2CC[C@H]3CN(c4ccc(C#N)c(C(F)(F)F)c4)C[C@@]3(COCC3CC3)C2)c1,0,0.5449989702468,0.0448458584087474,-1.5639644,0.029794055790332,0.054008105312499444
3231,CCC(CC)C(=O)N1CC[C@H]2CN(c3ccc(C#N)c(C(F)(F)F)c3)C[C@@]2(COCC2CC2)C1,0,0.523149478434958,0.0091722802473946,-1.5155251,0.0392792690876369,0.05892846764933764
3232,N#Cc1ccc(N2C[C@@H]3CCN(C(=O)C4CCC4)C[C@]3(COCC3CC3)C2)cc1C(F)(F)F,0,0.62787291073711,0.0046860377232213,-5.079988,0.0269984202615316,0.06375667842029054
3233,COCCC(=O)N1CC[C@H]2CN(c3ccc(C#N)c(C(F)(F)F)c3)C[C@@]2(COCC2CC2)C1,0,0.585957903622315,0.0025559469115039,-5.8414216,0.0174659413932963,0.05317501385666255
3234,Cc1cnc(C(=O)N2CC[C@H]3CN(c4ccc(C#N)c(C(F)(F)F)c4)C[C@@]3(COCC3CC3)C2)cn1,0,0.596108611525617,0.0198293433510608,0.45334566,0.0330378907085148,0.05331015440538776
3235,N#Cc1ccc(N2C[C@@H]3CCN(C(=O)c4ccccn4)C[C@]3(COCC3CC3)C2)cc1C(F)(F)F,0,0.609295842556647,0.0048389578330047,0.739637,0.0129290384814128,0.04811990039903477
3236,N#Cc1ccc(N2C[C@@H]3CCN(C(=O)CC4CC4)C[C@]3(COCC3CC3)C2)cc1C(F)(F)F,0,0.601808217707082,0.0027648305481321,-0.49951887,0.0309164045903783,0.0666851371644647
3237,N#Cc1ccc(N2C[C@@H]3CCN(C(=O)c4cnccn4)C[C@]3(CO)C2)cc1C(F)(F)F,0,0.801989307655545,0.0051050843414668,8.007938,0.0503803962142207,0.08710747958467195
3238,COc1cc(Cl)ccc1C(=O)N1CC[C@H]2CN(c3ccc(C#N)c(C(F)(F)F)c3)C[C@@]2(CO)C1,0,0.690533389471396,0.0054689199732849,7.1596503,0.0622396370446565,0.086948963417727
3239,COc1cccc(C(=O)N2CC[C@H]3CN(c4ccc(C#N)c(C(F)(F)F)c4)C[C@@]3(CO)C2)c1,0,0.757006201898088,0.0040851662372352,4.9990296,0.0382986290456534,0.0786699141198253
3240,Cc1ccc(C)c(C(=O)N2CC[C@H]3CN(c4ccc(C#N)c(C(F)(F)F)c4)C[C@@]3(CO)C2)c1,0,0.751959229922424,0.0087983146758308,5.1707044,0.0546428207725782,0.09152350973210806
3241,N#Cc1ccc(N2C[C@@H]3CCN(C(=O)c4ccsc4)C[C@]3(CO)C2)cc1C(F)(F)F,0,0.800165312966556,0.0040578724341345,0.2406702,0.0399049151716761,0.07933754039336977
3242,Cn1cnc(C(=O)N2CC[C@H]3CN(c4ccc(C#N)c(C(F)(F)F)c4)C[C@@]3(CO)C2)c1,0,0.802894289886302,0.0130040164690549,18.70603,0.045945588444581,0.06653122257544145
3243,COc1ccc(C(=O)N2CC[C@H]3CN(c4ccc(C#N)c(C(F)(F)F)c4)C[C@@]3(CO)C2)cc1OC,0,0.69156430443344,0.0130686646285744,5.5766234,0.0581054075852558,0.08997548058094294
3244,Cc1ccc(C(=O)N2CC[C@H]3CN(c4ccc(C#N)c(C(F)(F)F)c4)C[C@@]3(CO)C2)cc1F,0,0.702506710716651,0.0172405786107061,8.512961,0.0648073022591981,0.09735761036409571
3245,Cc1cccc(C(=O)N2CC[C@H]3CN(c4ccc(C#N)c(C(F)(F)F)c4)C[C@@]3(CO)C2)n1,0,0.786365621667899,0.0032044945038526,13.152648,0.0522064851178006,0.09589559962286723
3246,N#Cc1ccc(N2C[C@@H]3CCN(C(=O)c4ccccn4)C[C@]3(CO)C2)cc1C(F)(F)F,0,0.810086824812347,0.0017243941080972,9.2421465,0.0521847903774902,0.099609181996439
3247,N#Cc1ccc(N2C[C@@H]3CCN(C(=O)c4ccco4)C[C@]3(CO)C2)cc1C(F)(F)F,0,0.826955996559204,0.0018094341953514,3.2700086,0.0376595092940581,0.07931767806181945
3248,COc1cccc(CCC(=O)N2CC[C@H]3CN(c4ccc(C#N)c(C(F)(F)F)c4)C[C@@]3(CO)C2)c1,0,0.669733292688547,0.0072566208266266,7.064429,0.0422731730408794,0.07554425016257343
3249,Cn1cccc1C(=O)N1CC[C@H]2CN(c3ccc(C#N)c(C(F)(F)F)c3)C[C@@]2(CO)C1,0,0.809790325583155,0.0025706599848009,9.091922,0.055358171637284,0.0785694928769766
3250,N#Cc1ccc(N2C[C@@H]3CCN(C(=O)c4ccccc4)C[C@]3(CO)C2)cc1C(F)(F)F,0,0.810681836121621,0.0022752304156891,6.3225427,0.0455320527086937,0.10321929274997013
3251,COC[C@]12CN(c3ccc(C#N)c(C(F)(F)F)c3)C[C@H]1CCN(S(=O)(=O)Cc1ccccc1)C2,0,0.610788078811372,0.0022134169441045,3.5629392,0.0264993677846885,0.08409358299049643
3252,COC[C@]12CN(c3ccc(C#N)c(C(F)(F)F)c3)C[C@H]1CCN(S(=O)(=O)c1ccc(F)cc1)C2,0,0.586627832842047,0.0051255580400482,-0.6568244,0.0353034368729249,0.10358187000867898
3253,COC[C@@]12CN(C(=O)c3cccs3)CC[C@@H]1CN(c1ccc(C#N)c(C(F)(F)F)c1)C2,0,0.700302013959393,0.0068930561344079,1.450728,0.0189495946870842,0.050545324492229704
3254,COC[C@@]12CN(C(=O)Cc3ccc(C)cc3)CC[C@@H]1CN(c1ccc(C#N)c(C(F)(F)F)c1)C2,0,0.647603544214015,0.0146850502720114,0.75506556,0.0244249104878989,0.07189948675557388
3255,COC[C@@]12CN(C(=O)c3ccc(OC)cc3)CC[C@@H]1CN(c1ccc(C#N)c(C(F)(F)F)c1)C2,0,0.651394045773903,0.0079835229457511,3.6668987,0.0230186538909855,0.07234991524403883
3256,COC[C@@]12CN(C(=O)C3CC3)CC[C@@H]1CN(c1ccc(C#N)c(C(F)(F)F)c1)C2,0,0.768745271005263,0.0022885517936479,-5.936513,0.0102894235715715,0.06089228826453469
3257,COC[C@@]12CN(C(=O)c3ccc(F)c(F)c3)CC[C@@H]1CN(c1ccc(C#N)c(C(F)(F)F)c1)C2,0,0.607679560829152,0.0127482729422513,1.4604934,0.056405455063675,0.1109567585095063
3258,COC[C@@]12CN(C(=O)Nc3ccccc3F)CC[C@@H]1CN(c1ccc(C#N)c(C(F)(F)F)c1)C2,0,0.648673549348406,0.0033236429456949,3.9041457,0.0507025170124301,0.0733407058588266
3259,COC[C@@]12CN(C(=O)c3cc(C)ccc3C)CC[C@@H]1CN(c1ccc(C#N)c(C(F)(F)F)c1)C2,0,0.642409685690961,0.0038879899137477,-0.22881114,0.026392526453382,0.07188456023031133
3260,CCNC(=O)N1CC[C@@H]2CN(c3ccc(C#N)c(C(F)(F)F)c3)C[C@]2(COC)C1,0,0.828461283938673,0.0024325722261733,1.7633582,0.0123668824990738,0.07093944383867823
3261,COC[C@@]12CN(C(=O)CC(C)(C)C)CC[C@@H]1CN(c1ccc(C#N)c(C(F)(F)F)c1)C2,0,0.704305798518503,0.0028603244135443,1.0505265,0.0088352880691734,0.08574786730434483
3262,COC[C@@]12CN(C(=O)c3ccc(OC)nc3)CC[C@@H]1CN(c1ccc(C#N)c(C(F)(F)F)c1)C2,0,0.659193841210647,0.003673544882846,0.33454907,0.0256047365108434,0.07369815479291321
3263,COC[C@@]12CN(C(=O)c3ccc(C)c(F)c3)CC[C@@H]1CN(c1ccc(C#N)c(C(F)(F)F)c1)C2,0,0.605006218956864,0.0176221109123645,5.061372,0.0371093226214864,0.07648799453714708
3264,CCC(C)(C)C(=O)N1CC[C@@H]2CN(c3ccc(C#N)c(C(F)(F)F)c3)C[C@]2(COC)C1,0,0.688759772643582,0.0052218671260019,3.0245938,0.0219111578177241,0.08019571980038555
3265,COC[C@@]12CN(C(=O)c3ncccc3C)CC[C@@H]1CN(c1ccc(C#N)c(C(F)(F)F)c1)C2,0,0.695355415396149,0.0049904496414981,8.750807,0.0236295489849477,0.06861750036357492
3266,COC[C@@]12CN(C(=O)c3cncc(C)c3)CC[C@@H]1CN(c1ccc(C#N)c(C(F)(F)F)c1)C2,0,0.695355415396148,0.0081527410921564,-1.7026931,0.0302848592173595,0.06893683860319111
3267,COC[C@@]12CN(C(=O)c3ccncn3)CC[C@@H]1CN(c1ccc(C#N)c(C(F)(F)F)c1)C2,0,0.719826896143627,0.0092885463771129,7.7995334,0.0327705209695472,0.07102320277683327
3268,COC[C@@]12CN(C(=O)c3cncnc3)CC[C@@H]1CN(c1ccc(C#N)c(C(F)(F)F)c1)C2,0,0.719826896143627,0.0041945891802049,-7.428921,0.0336559991774234,0.07604257817495311
3269,CCCCS(=O)(=O)N1CC[C@@H]2CN(c3ccc(C#N)c(C(F)(F)F)c3)C[C@]2(COC)C1,0,0.624274098010246,0.0016367288469441,3.6027904,0.0185486602485949,0.09945580016811227
3270,COC[C@@]12CN(C(=O)C(C)C)CC[C@@H]1CN(c1ccc(C#N)c(C(F)(F)F)c1)C2,0,0.763496143023484,0.0036203597580728,-3.0683177,0.0136605285907729,0.07301346775836617
3271,COC[C@@]12CN(C(=O)COc3cccc(C)c3)CC[C@@H]1CN(c1ccc(C#N)c(C(F)(F)F)c1)C2,0,0.609198611982911,0.0096063254696832,0.8157784,0.0197458189845833,0.062404190734963116
3272,COc1ccc(C(=O)N2C[C@H]3CCN(c4ccc(C#N)c(C(F)(F)F)c4)C[C@@]3(CO)C2)cc1F,0,0.680292452748743,0.0058785067119066,1.6604594,0.0616915550523814,0.09691779061187164
3273,N#Cc1ccc(N2CC[C@@H]3CN(C(=O)Cc4ccccc4F)C[C@]3(CO)C2)cc1C(F)(F)F,0,0.706961967380629,0.0034529705894501,1.2430185,0.0543918401400209,0.10772619999411173
3274,COc1ccc(CCC(=O)N2C[C@H]3CCN(c4ccc(C#N)c(C(F)(F)F)c4)C[C@@]3(CO)C2)cc1,0,0.669733292688547,0.0057695138980322,3.3869047,0.0384412080270407,0.07191836074027971
3275,Cc1cnc(C(=O)N2C[C@H]3CCN(c4ccc(C#N)c(C(F)(F)F)c4)C[C@@]3(CO)C2)cn1,0,0.780946991200586,0.0028821945181358,4.4510694,0.0483551346909468,0.08809600843524829
3276,N#Cc1ccc(N2CC[C@@H]3CN(C(=O)C4CCCCCC4)C[C@]3(CO)C2)cc1C(F)(F)F,0,0.702884615445542,0.0020203801524059,7.2589583,0.0364079008205084,0.0956706710746446
3277,Cc1nc(C)c(C(=O)N2C[C@H]3CCN(c4ccc(C#N)c(C(F)(F)F)c4)C[C@@]3(CO)C2)s1,0,0.750789317735221,0.0019249411631611,2.8439717,0.0555023872092204,0.0671601993005664
3278,COc1ccc(C(=O)N2C[C@H]3CCN(c4ccc(C#N)c(C(F)(F)F)c4)C[C@@]3(CO)C2)cc1OC,0,0.69156430443344,0.005633795307995,2.5214195,0.0535652185019971,0.08903354243626047
3279,COc1cc(OC)cc(C(=O)N2C[C@H]3CCN(c4ccc(C#N)c(C(F)(F)F)c4)C[C@@]3(CO)C2)c1,0,0.69156430443344,0.0022933038661041,6.7894664,0.0570041589956751,0.08122589460138505
3280,N#Cc1ccc(N2CC[C@@H]3CN(C(=O)c4cscn4)C[C@]3(CO)C2)cc1C(F)(F)F,0,0.800298147951221,0.001792545715888,2.0268044,0.0441576738717285,0.0703018197666459
3281,COCCOC[C@@]12CN(C(=O)C(C)(C)C)CC[C@@H]1CN(c1ccc(C#N)c(C(F)(F)F)c1)C2,0,0.593259411207264,0.0054905915686579,-6.564777,0.0172506578324375,0.08118154074006194
3282,CCOC[C@]12CN(C(=O)c3cc(C)on3)CC[C@H]1CN(c1ccc(C#N)c(C(F)(F)F)c1)C2,0,0.670885355529845,0.0072242304752612,6.4395804,0.0188224970632493,0.06008420881694672
3283,CCOC[C@]12CN(C(=O)c3ccc(C)c(C)c3)CC[C@H]1CN(c1ccc(C#N)c(C(F)(F)F)c1)C2,0,0.584358912376515,0.0194087329122046,1.8243994,0.0383604411272832,0.0753342569687063
3284,CCOC[C@]12CN(C(=O)Nc3ccccc3)CC[C@H]1CN(c1ccc(C#N)c(C(F)(F)F)c1)C2,0,0.667029612335677,0.005968014072572,4.587425,0.0324579838246446,0.06855729245519479
3285,CCOC[C@]12CN(C(=O)c3cccs3)CC[C@H]1CN(c1ccc(C#N)c(C(F)(F)F)c1)C2,0,0.648202705454459,0.0074517899126916,1.1847962,0.0187196622940811,0.05186093870955579
3286,CCOC[C@]12CN(C(=O)c3cccc(C)c3)CC[C@H]1CN(c1ccc(C#N)c(C(F)(F)F)c1)C2,0,0.62318277157678,0.0322039005089501,-1.0557458,0.0227438106592917,0.07320378727692807
3287,CCOC[C@]12CN(C(=O)c3cc(F)cc(F)c3)CC[C@H]1CN(c1ccc(C#N)c(C(F)(F)F)c1)C2,0,0.558659789459908,0.0039309058466423,1.0966514,0.0682163451682337,0.0918894575353697
3288,CCOC[C@]12CN(C(=O)c3ccc(C)s3)CC[C@H]1CN(c1ccc(C#N)c(C(F)(F)F)c1)C2,0,0.611460625202307,0.0091611020207679,5.073011,0.0208389723818315,0.052425886052798853
3289,CCOC[C@]12CN(C(=O)Cc3ccccc3F)CC[C@H]1CN(c1ccc(C#N)c(C(F)(F)F)c1)C2,0,0.55469193799928,0.0044636863277161,1.6714336,0.0340499799203751,0.09462785473454582
3290,CCOC[C@]12CN(C(=O)CC(C)(C)C)CC[C@H]1CN(c1ccc(C#N)c(C(F)(F)F)c1)C2,0,0.651009824319159,0.0030619826205936,1.3437876,0.0197204769026865,0.08262124153177748
3291,CCOC[C@@]12CN(c3ccc(C#N)c(C(F)(F)F)c3)C[C@@H]1CCN(S(=O)(=O)c1cn(C)cn1)C2,0,0.60970809745858,0.0019097115604163,5.293341,0.0303157321031501,0.060761311266922066
3292,CCOC[C@]12CN(C(=O)C3CCCC3)CC[C@H]1CN(c1ccc(C#N)c(C(F)(F)F)c1)C2,0,0.666202884042155,0.0070418643318124,4.8562083,0.0173126704803716,0.05803156087985195
3293,CCOC[C@]12CN(C(=O)c3ccc(C)c(F)c3)CC[C@H]1CN(c1ccc(C#N)c(C(F)(F)F)c1)C2,0,0.553208612246472,0.0598684038465226,5.164394,0.0437555283405824,0.07975785909241775
3294,CCOC[C@]12CN(C(=O)CC3CCCC3)CC[C@H]1CN(c1ccc(C#N)c(C(F)(F)F)c1)C2,0,0.605375731660038,0.0035415223111497,2.7621627,0.0199656498383537,0.0584653168048991
3295,CCOC[C@]12CN(C(=O)COc3ccccc3)CC[C@H]1CN(c1ccc(C#N)c(C(F)(F)F)c1)C2,0,0.581244295544957,0.0045203843702219,2.024633,0.0132278398600174,0.06814987399955227
3296,CCOC[C@@]12CN(c3ccc(C#N)c(C(F)(F)F)c3)C[C@@H]1CCN(S(C)(=O)=O)C2,0,0.716854436515776,0.0013312401491003,-1.0402961,0.0158950123678199,0.10190176662446668
3297,CCOC[C@]12CN(C(=O)C(C)C)CC[C@H]1CN(c1ccc(C#N)c(C(F)(F)F)c1)C2,0,0.720347674622962,0.0061906246104286,-2.5039723,0.0137136051543224,0.08922256953016847
3298,CCOC[C@]12CN(C(=O)CCc3ccccc3)CC[C@H]1CN(c1ccc(C#N)c(C(F)(F)F)c1)C2,0,0.559858816195891,0.0134997271923489,1.1676186,0.0180135694067115,0.07265601412716025
3299,CCOC[C@]12CN(C(=O)N(C)C)CC[C@H]1CN(c1ccc(C#N)c(C(F)(F)F)c1)C2,0,0.743269764672375,0.0016343917986409,8.534751,0.0179861794956733,0.0733978140724034
3300,CCOC[C@]12CN(C(C)=O)CC[C@H]1CN(c1ccc(C#N)c(C(F)(F)F)c1)C2,0,0.785172729962204,0.0011219228423208,2.0788517,0.0146689457627461,0.10452616007207076
3301,CCOC[C@]12CN(C(=O)c3ccc(C)cc3)CC[C@H]1CN(c1ccc(C#N)c(C(F)(F)F)c1)C2,0,0.62318277157678,0.0053309072657833,-0.12508833,0.0239361620042278,0.0708008281751381
3302,N#Cc1ccc(N2CC[C@@H]3CN(C(=O)C4(c5ccccc5)CCCC4)C[C@]3(CO)C2)cc1C(F)(F)F,0,0.663028390135545,0.0167460149484303,2.8462262,0.0436859945828542,0.07673800609061697
3303,COc1cccc(CC(=O)N2C[C@H]3CCN(c4ccc(C#N)c(C(F)(F)F)c4)C[C@@]3(CO)C2)c1,0,0.719823800102957,0.0024604721010819,0.69832504,0.0419645528946654,0.08087236839640898
3304,Cc1cccc(C(=O)N2C[C@H]3CCN(c4ccc(C#N)c(C(F)(F)F)c4)C[C@@]3(CO)C2)c1,0,0.782787470596669,0.0072386859423015,0.11205447,0.0454235585291737,0.08938552581204637
3305,N#Cc1ccc(N2CC[C@@H]3CN(C(=O)Cc4cccc(F)c4)C[C@]3(CO)C2)cc1C(F)(F)F,0,0.706961967380629,0.0045066611597814,-0.9936667,0.0471654078256145,0.1191935129819988
3306,N#Cc1ccc(N2CC[C@@H]3CN(C(=O)c4ccc(F)c(Cl)c4)C[C@]3(CO)C2)cc1C(F)(F)F,0,0.662606837728102,0.0033593484229811,-1.61067,0.0596996671030238,0.10058122421003277
3307,CCOc1ccccc1C(=O)N1C[C@H]2CN(c3ccc(C#N)c(C(F)(F)F)c3)CC[C@@]2(CO)C1,0,0.712153458797519,0.001936193275333,5.7475915,0.0361542623734885,0.0972986906847254
3308,Cc1ccc(C(=O)N2C[C@H]3CN(c4ccc(C#N)c(C(F)(F)F)c4)CC[C@@]3(CO)C2)cc1C,0,0.751959229922424,0.0054798293601498,-1.2498162,0.1018648502844929,0.10532403581120375
3309,N#Cc1ccc(N2CC[C@@]3(CO)CN(C(=O)c4ccccc4F)C[C@H]3C2)cc1C(F)(F)F,0,0.729480561663736,0.0019912428376214,2.455564,0.0541311009310174,0.11821590685343489
3310,COc1cccc(CC(=O)N2C[C@H]3CN(c4ccc(C#N)c(C(F)(F)F)c4)CC[C@@]3(CO)C2)c1,0,0.719823800102957,0.0025913223805543,-5.020578,0.0470076803891615,0.08875563516248985
3311,Cc1cccc(C(=O)N2C[C@H]3CN(c4ccc(C#N)c(C(F)(F)F)c4)CC[C@@]3(CO)C2)c1,0,0.782787470596669,0.0090186062516424,-5.9538903,0.049297192496074,0.09714524134528782
3312,Cc1ccc(CC(=O)N2C[C@H]3CN(c4ccc(C#N)c(C(F)(F)F)c4)CC[C@@]3(CO)C2)cc1,0,0.759100307972908,0.0045066611597814,-2.9423828,0.0591139970282922,0.11468555269764333
3313,COc1ccc(C(=O)N2C[C@H]3CN(c4ccc(C#N)c(C(F)(F)F)c4)CC[C@@]3(CO)C2)cc1,0,0.757006201898088,0.0018058884343157,-1.3785408,0.0406146137119716,0.08405488682788748
3314,N#Cc1ccc(N2CC[C@@]3(CO)CN(C(=O)C4CCC4)C[C@H]3C2)cc1C(F)(F)F,0,0.836550674601459,0.0017917502041085,-6.663524,0.0182418980911814,0.0826632527215031
3315,Cc1ccsc1C(=O)N1C[C@H]2CN(c3ccc(C#N)c(C(F)(F)F)c3)CC[C@@]2(CO)C1,0,0.771770196184623,0.0036596962270945,-5.412819,0.0415361896944756,0.08070256514638818
3316,N#Cc1ccc(N2CC[C@@]3(CO)CN(C(=O)c4c(F)cccc4F)C[C@H]3C2)cc1C(F)(F)F,0,0.700484655755755,0.0018176033419963,2.9039617,0.0588183793650953,0.12280972419506239
3317,COC[C@@]12CCN(c3ccc(C#N)c(C(F)(F)F)c3)C[C@@H]1CN(C(=O)Nc1ccc(C)c(C)c1)C2,0,0.645103545369961,0.0177916883619609,-4.5661526,0.0432063641145836,0.0723103920624097
3318,COC[C@@]12CCN(c3ccc(C#N)c(C(F)(F)F)c3)C[C@@H]1CN(C(=O)Cc1ccccc1)C2,0,0.677950352304417,0.0051325444098829,-5.1645947,0.0166161048612758,0.0909009962517854
3319,COC[C@@]12CCN(c3ccc(C#N)c(C(F)(F)F)c3)C[C@@H]1CN(C(=O)NCc1ccc(C)cc1)C2,0,0.672466601972954,0.0104399651438046,-2.4469118,0.0268185164644727,0.06330437231440789
3320,COC[C@@]12CCN(c3ccc(C#N)c(C(F)(F)F)c3)C[C@@H]1CN(C(=O)c1ccnn1C)C2,0,0.720711478684343,0.0027559386313268,-2.454095,0.027679854590052,0.06144402089085841
3321,COC[C@@]12CCN(c3ccc(C#N)c(C(F)(F)F)c3)C[C@@H]1CN(C(=O)COCc1ccccc1)C2,0,0.588663582170737,0.0018493373214771,-8.007189,0.0096085508029519,0.08960285872533544
3322,COC[C@@]12CCN(c3ccc(C#N)c(C(F)(F)F)c3)C[C@@H]1CN(C(=O)c1ccccc1C)C2,0,0.67852985239426,0.0026961310434459,-4.990203,0.015913770435199,0.0727140305433866
3323,Cc1ccc(C)c(C(=O)N2C[C@H]3CN(c4ccc(C#N)c(C(F)(F)F)c4)CC[C@@]3(CO)C2)c1,0,0.751959229922424,0.0034210050748837,-4.1662803,0.0636681625655802,0.10282541236520344
3324,COc1ccc(C(=O)N2C[C@H]3CN(c4ccc(C#N)c(C(F)(F)F)c4)CC[C@@]3(CO)C2)c(C)c1,0,0.730091841771453,0.0018503172253596,-2.3108356,0.0474601330782585,0.08627616415944503
3325,COCCC(=O)N1C[C@H]2CN(c3ccc(C#N)c(C(F)(F)F)c3)CC[C@@]2(CO)C1,0,0.804492224738028,0.0020149801371243,-9.156639,0.0153149971385573,0.10597639270390573
3326,N#Cc1ccc(N2CC[C@@]3(CO)CN(C(=O)Cc4cccnc4)C[C@H]3C2)cc1C(F)(F)F,0,0.78462663902193,0.0018508581574452,-1.539926,0.0472058360530096,0.10920002906428117
3327,N#Cc1ccc(N2CC[C@@]3(CO)CN(C(=O)C4CC=CC4)C[C@H]3C2)cc1C(F)(F)F,0,0.764536246587137,0.0036176661774169,-0.31963527,0.0330814368937341,0.07830381259489183
3328,N#Cc1ccc(N2CC[C@@]3(CO)CN(C(=O)c4c[nH]c5ccccc45)C[C@H]3C2)cc1C(F)(F)F,0,0.608420580520956,0.0056388895379148,5.2498226,0.0948768592683829,0.06315751979334354
3329,N#Cc1ccc(N2CC[C@@]3(CO)CN(C(=O)CC4CCCCC4)C[C@H]3C2)cc1C(F)(F)F,0,0.748463931416474,0.002553372745483,-1.9998854,0.0350213288414303,0.11312280063694975
3330,N#Cc1ccc(N2CC[C@@]3(CO)CN(C(=O)Cc4ccncc4)C[C@H]3C2)cc1C(F)(F)F,0,0.78462663902193,0.0085309872067457,-2.5159383,0.0474992169617892,0.11065617949337922
3331,COc1ccc(C(=O)N2C[C@H]3CN(c4ccc(C#N)c(C(F)(F)F)c4)CC[C@@]3(CO)C2)cc1OC,0,0.69156430443344,0.0047950417280955,-2.952064,0.0716232279600221,0.09056563572354125
3332,N#Cc1ccc(N2CC[C@@]3(CO)CN(C(=O)c4cscn4)C[C@H]3C2)cc1C(F)(F)F,0,0.800298147951221,0.0039006585318409,-4.563562,0.0473168518041606,0.07519607666688352
3333,N#Cc1ccc(N2CC[C@@]3(CO)CN(C(=O)CC4CCCC4)C[C@H]3C2)cc1C(F)(F)F,0,0.78125013277946,0.0009954585719777,-3.0140646,0.0372888844027896,0.08231304963467372
3334,N#Cc1ccc(N2CC[C@@]3(CO)CN(C(=O)c4ccccn4)C[C@H]3C2)cc1C(F)(F)F,0,0.810086824812347,0.0016414971541565,0.9174737,0.037803343192071,0.09934813749528273
3335,N#Cc1ccc(N2CC[C@@]3(CO)CN(C(=O)CC4CC4)C[C@H]3C2)cc1C(F)(F)F,0,0.833305947989021,0.0019646703252719,-2.4833312,0.0121812835913668,0.09569211358866969
3336,N#Cc1ccc(N2CC[C@@]3(CO)CN(C(=O)c4ccco4)C[C@H]3C2)cc1C(F)(F)F,0,0.826955996559204,0.0018720132716625,-7.6477623,0.0359541528421379,0.07869687896322511
3337,CC(C)C(=O)N1C[C@H]2CN(c3ccc(C#N)c(C(F)(F)F)c3)CC[C@@]2(CO)C1,0,0.854726610030414,0.0019798097540325,-6.8645024,0.0189901310878125,0.1090811849705754
3338,CCOc1ccc(CC(=O)N2C[C@H]3CN(c4ccc(C#N)c(C(F)(F)F)c4)CC[C@@]3(CO)C2)cc1,0,0.669733292688547,0.0122288851774061,-2.1905885,0.0614200006243641,0.119333115912899
3339,N#Cc1ccc(N2CC[C@@]3(CO)CN(C(=O)COc4ccc(Cl)cc4)C[C@H]3C2)cc1C(F)(F)F,0,0.682113443075636,0.0027992308353896,-6.8122287,0.0468847689582753,0.07809821340565941
3340,CCC(=O)N1C[C@H]2CN(c3ccc(C#N)c(C(F)(F)F)c3)CC[C@@]2(CO)C1,0,0.874166615908114,0.0019481040379286,-5.4742785,0.0213457942050508,0.13267271771080202
3341,Cc1noc(C)c1CCC(=O)N1C[C@H]2CN(c3ccc(C#N)c(C(F)(F)F)c3)CC[C@@]2(CO)C1,0,0.710568181023623,0.0045453112543614,-1.5804472,0.0590955556141404,0.09316389164710086
3342,CCn1ncc(C(=O)N2C[C@H]3CN(c4ccc(C#N)c(C(F)(F)F)c4)CC[C@@]3(CO)C2)c1C,0,0.756637135109295,0.0023563100691337,4.723825,0.0701898001848645,0.09203657799606335
3343,CCn1cc(C(=O)N2C[C@H]3CN(c4ccc(C#N)c(C(F)(F)F)c4)CC[C@@]3(CO)C2)cn1,0,0.779240773078802,0.0026876254004495,4.792174,0.0455001263946031,0.08286534268080516
3344,CCn1ccc(C(=O)N2C[C@H]3CN(c4ccc(C#N)c(C(F)(F)F)c4)CC[C@@]3(CO)C2)n1,0,0.779240773078802,0.0024688663730142,1.6691443,0.0554233238293566,0.08577394807151488
3345,Cc1cc(C(=O)N2C[C@H]3CN(c4ccc(C#N)c(C(F)(F)F)c4)CC[C@@]3(CO)C2)nn1C,0,0.781952496813668,0.0015268707767738,-1.071619,0.0612805462686926,0.08320337383946505
3346,Cc1cccc(CC(=O)N2C[C@H]3CN(c4ccc(C#N)c(C(F)(F)F)c4)CC[C@@]3(CO)C2)c1,0,0.759100307972908,0.0045066611597814,-5.271923,0.0435287111374555,0.10886869266285878
3347,Cn1cc(C(=O)N2C[C@H]3CN(c4ccc(C#N)c(C(F)(F)F)c4)CC[C@@]3(CO)C2)cn1,0,0.802894289886302,0.0054949789479798,-1.1495681,0.0442293641292486,0.07605235849968205
3348,Cn1ccnc1C(=O)N1C[C@H]2CN(c3ccc(C#N)c(C(F)(F)F)c3)CC[C@@]2(CO)C1,0,0.802894289886302,0.0022427313655247,1.147323,0.0459683300606989,0.07187163996931109
3349,Cc1nccn1CC(=O)N1C[C@H]2CN(c3ccc(C#N)c(C(F)(F)F)c3)CC[C@@]2(CO)C1,0,0.778344614288584,0.0028560081007942,-1.7719147,0.0473414913505166,0.07139176833821592
3350,Cc1nn(C)cc1C(=O)N1C[C@H]2CN(c3ccc(C#N)c(C(F)(F)F)c3)CC[C@@]2(CO)C1,0,0.781952496813668,0.0013638807817796,3.048781,0.0644422061353178,0.08203689092949325
3351,COCc1c(C(=O)N2C[C@H]3CN(c4ccc(C#N)c(C(F)(F)F)c4)CC[C@@]3(CO)C2)noc1C,0,0.704873535444595,0.0048413585085003,0.45577157,0.0573291142091858,0.08324270739842556
3352,N#Cc1ccc(N2CC[C@@]3(CO)CN(C(=O)CCn4ccnc4)C[C@H]3C2)cc1C(F)(F)F,0,0.761502469159263,0.0021001082449634,0.5320114,0.0148097036029819,0.06240830385429991
3353,Cc1ccc(C(=O)N2C[C@H]3CN(c4ccc(C#N)c(C(F)(F)F)c4)CC[C@@]3(CO)C2)cc1,0,0.782787470596669,0.0029613208440095,-4.0443325,0.055781146158832,0.10354950556601068
3354,CCOc1ccccc1C(=O)N1C[C@H]2CN(c3ccc(C#N)c(C(F)(F)F)c3)CC[C@@]2(COC)C1,0,0.596447706763055,0.0026875383956142,1.831554,0.0125720914867956,0.07966599435664519
3355,COC[C@@]12CCN(c3ccc(C#N)c(C(F)(F)F)c3)C[C@@H]1CN(C(=O)C1(C)CC1)C2,0,0.744400670402867,0.0020074474168999,-16.387999,0.0191737004640551,0.053802625866715234
3356,COC[C@@]12CCN(c3ccc(C#N)c(C(F)(F)F)c3)C[C@@H]1CN(C(=O)c1cccc(C)c1)C2,0,0.67852985239426,0.0038879899137477,-7.1231723,0.0231174614132487,0.07076495230933458
3357,COC[C@@]12CCN(c3ccc(C#N)c(C(F)(F)F)c3)C[C@@H]1CN(C(=O)Cc1ccc(C)cc1)C2,0,0.647603544214015,0.0081827689903442,-2.6568828,0.0221042960868694,0.07804508940833567
3358,COC[C@@]12CCN(c3ccc(C#N)c(C(F)(F)F)c3)C[C@@H]1CN(C(=O)C1CC1)C2,0,0.768745271005263,0.0026965404204848,-14.228963,0.0080198281143169,0.0671966732692188
3359,COC[C@@]12CCN(c3ccc(C#N)c(C(F)(F)F)c3)C[C@@H]1CN(C(=O)C1CCC1)C2,0,0.744400670402867,0.0089973445222866,-10.092847,0.0188368302933577,0.060821287610937656
3360,COC[C@@]12CCN(c3ccc(C#N)c(C(F)(F)F)c3)C[C@@H]1CN(C(=O)c1ccc(C)s1)C2,0,0.667103440979072,0.0049010136472813,-2.608715,0.0200475941689658,0.050842693208930936
3361,COC[C@@]12CCN(c3ccc(C#N)c(C(F)(F)F)c3)C[C@@H]1CN(C(=O)c1cnccn1)C2,0,0.719826896143627,0.0038376393090341,-4.124549,0.021671911629168,0.07372224561781301
3362,COC[C@@]12CCN(c3ccc(C#N)c(C(F)(F)F)c3)C[C@@H]1CN(C(=O)c1ccc3ccccc3n1)C2,0,0.524185081406002,0.0041490119775183,5.822461,0.036283904468988,0.06586833724912583
3363,COC[C@@]12CCN(c3ccc(C#N)c(C(F)(F)F)c3)C[C@@H]1CN(C(=O)Cc1cccnc1)C2,0,0.685990913259723,0.0022206277588086,-5.6263742,0.0181570248401216,0.09007325855560182
3364,COC[C@@]12CCN(c3ccc(C#N)c(C(F)(F)F)c3)C[C@@H]1CN(C(=O)c1sc(C)nc1C)C2,0,0.656757589348133,0.0039911244388643,-8.015296,0.0374113869598143,0.05973204777970433
3365,COC[C@@]12CCN(c3ccc(C#N)c(C(F)(F)F)c3)C[C@@H]1CN(C(=O)c1cccc(OC)c1C)C2,0,0.62112523146486,0.003484775331544,2.5280867,0.0344663518085226,0.06777365992994697
3366,COC[C@@]12CCN(c3ccc(C#N)c(C(F)(F)F)c3)C[C@@H]1CN(C(=O)Cc1ccncc1)C2,0,0.685990913259723,0.0034837465505825,-3.1299157,0.0202732774737904,0.09105609233384215
3367,COC[C@@]12CCN(c3ccc(C#N)c(C(F)(F)F)c3)C[C@@H]1CN(C(=O)c1ccc(Cl)s1)C2,0,0.619932996516791,0.0125629150519155,-2.265378,0.0213179915869252,0.055953759308281614
3368,COC[C@@]12CCN(c3ccc(C#N)c(C(F)(F)F)c3)C[C@@H]1CN(C(=O)c1ncccn1)C2,0,0.719826896143627,0.0022254189293495,-10.237787,0.0178181504282068,0.07147153983529518
3369,CCCNC(=O)N1C[C@H]2CN(c3ccc(C#N)c(C(F)(F)F)c3)CC[C@@]2(COC)C1,0,0.786045626119868,0.0138163312523471,-10.990461,0.0114915578448363,0.07982380441807721
3370,COC[C@@]12CCN(c3ccc(C#N)c(C(F)(F)F)c3)C[C@@H]1CN(C(=O)c1cccnc1)C2,0,0.721102740757289,0.0040681698093708,-10.038098,0.017426442601848,0.07339992248378235
3371,COc1ccc(C(=O)N2CC[C@@]3(CO)CN(c4ccc(C#N)c(C(F)(F)F)c4)C[C@H]3C2)c(OC)c1,0,0.69156430443344,0.0042484127671317,7.0779347,0.0654347440318059,0.08965365837806027
3372,N#Cc1ccc(N2C[C@H]3CN(C(=O)Cc4ccc(F)cc4)CC[C@@]3(CO)C2)cc1C(F)(F)F,0,0.706961967380629,0.0045066611597814,-0.14759004,0.0525748928053462,0.11297013179233797
3373,COc1ccc(CCC(=O)N2CC[C@@]3(CO)CN(c4ccc(C#N)c(C(F)(F)F)c4)C[C@H]3C2)cc1,0,0.669733292688547,0.0076984241187441,1.2855009,0.0448548848317786,0.07689947705123092
3374,N#Cc1ccc(N2C[C@H]3CN(C(=O)c4ccc5c(c4)OCO5)CC[C@@]3(CO)C2)cc1C(F)(F)F,0,0.736759941834269,0.0027357559589786,1.5627135,0.0414849193317959,0.08458459264082042
3375,CCOCC(=O)N1CC[C@@]2(CO)CN(c3ccc(C#N)c(C(F)(F)F)c3)C[C@H]2C1,0,0.804492224738028,0.0015122513186385,-3.6841092,0.0230474441706116,0.11766215055289433
3376,CC(=O)N1CCC(C(=O)N2CC[C@@]3(CO)CN(c4ccc(C#N)c(C(F)(F)F)c4)C[C@H]3C2)CC1,0,0.72143454667931,0.0018179160603271,-4.2959704,0.0599469703558794,0.14688937555248743
3377,Cc1ccc(C(=O)N2CC[C@@]3(CO)CN(c4ccc(C#N)c(C(F)(F)F)c4)C[C@H]3C2)cn1,0,0.786365621667899,0.0039175606811157,0.37488663,0.0636706013114567,0.11311727069036179
3378,N#Cc1ccc(N2C[C@H]3CN(C(=O)C4CCCC4)CC[C@@]3(CO)C2)cc1C(F)(F)F,0,0.812321024390333,0.0019646395530163,4.2326255,0.035492969443664,0.08222579285103507
3379,N#Cc1ccc(N2C[C@H]3CN(C(=O)Cn4ccnc4)CC[C@@]3(CO)C2)cc1C(F)(F)F,0,0.798598427010473,0.0011936484911217,1.9412304,0.042081198054536,0.06965495584560547
3380,Cc1ncccc1C(=O)N1CC[C@@]2(CO)CN(c3ccc(C#N)c(C(F)(F)F)c3)C[C@H]2C1,0,0.786365621667899,0.0021805294718336,6.4830947,0.0604051944802164,0.11504186774239297
3381,Cc1nc(C)c(C(=O)N2CC[C@@]3(CO)CN(c4ccc(C#N)c(C(F)(F)F)c4)C[C@H]3C2)s1,0,0.750789317735221,0.0041592535154234,0.7401906,0.0568558608362448,0.06988053663683289
3382,N#Cc1ccc(N2C[C@H]3CN(C(=O)Cc4ccncc4)CC[C@@]3(CO)C2)cc1C(F)(F)F,0,0.78462663902193,0.0034876795798559,1.0200027,0.0486724489701556,0.10790391528557093
3383,COc1ccc(C(=O)N2CC[C@@]3(CO)CN(c4ccc(C#N)c(C(F)(F)F)c4)C[C@H]3C2)cc1OC,0,0.69156430443344,0.0055859833938047,0.5330738,0.0695042649923713,0.09428554718373151
3384,COC[C@@]12CCN(C(=O)c3ccc(O)nc3)C[C@@H]1CN(c1ccc(C#N)c(C(F)(F)F)c1)C2,0,0.753347887732534,0.0023354954974139,-3.6526608,0.0448253423848048,0.10255043113817952
3385,CCc1ccc(C(=O)N2CC[C@@]3(COC)CN(c4ccc(C#N)c(C(F)(F)F)c4)C[C@H]3C2)cc1,0,0.63142599333215,0.0032802853857426,-2.5387745,0.028335125640287,0.06951729555391395
3386,COC[C@@]12CCN(C(=O)Cc3ccc(OC)cc3)C[C@@H]1CN(c1ccc(C#N)c(C(F)(F)F)c1)C2,0,0.613244138523222,0.0057732685957543,-0.4047221,0.0260891700118672,0.0727586827891483
3387,COC[C@@]12CCN(C(=O)c3cccs3)C[C@@H]1CN(c1ccc(C#N)c(C(F)(F)F)c1)C2,0,0.700302013959393,0.0031333721625055,-2.3679352,0.0191000388903619,0.05118660925332376
3388,COC[C@@]12CCN(C(=O)c3cccc(C)c3)C[C@@H]1CN(c1ccc(C#N)c(C(F)(F)F)c1)C2,0,0.67852985239426,0.0086102914057394,-3.6650896,0.024262780409576,0.06749596370024726
3389,COC[C@@]12CCN(C(=O)c3cnccn3)C[C@@H]1CN(c1ccc(C#N)c(C(F)(F)F)c1)C2,0,0.719826896143627,0.0038376393090341,-0.6099496,0.0356789570731695,0.0781616108571416
3390,COC[C@@]12CCN(C(=O)c3ccc4ccccc4n3)C[C@@H]1CN(c1ccc(C#N)c(C(F)(F)F)c1)C2,0,0.524185081406002,0.0041490119775183,8.448419,0.0440903541635062,0.0679569815471406
3391,COC[C@@]12CCN(C(=O)c3ccc(C)nc3)C[C@@H]1CN(c1ccc(C#N)c(C(F)(F)F)c1)C2,0,0.695355415396148,0.0077379226694748,-2.9050527,0.0323051958462289,0.07151835331864775
3392,COC[C@@]12CCN(C(=O)c3ccc4[nH]ccc4c3)C[C@@H]1CN(c1ccc(C#N)c(C(F)(F)F)c1)C2,0,0.586611801707564,0.0042149869894583,3.656901,0.0822630297444389,0.05421826184724815
3393,COC[C@@]12CCN(C(=O)c3ccsc3)C[C@@H]1CN(c1ccc(C#N)c(C(F)(F)F)c1)C2,0,0.700302013959393,0.0076767420806918,-8.457496,0.0200393642679575,0.05400752551530884
3394,COC[C@@]12CCN(S(=O)(=O)C(C)C)C[C@@H]1CN(c1ccc(C#N)c(C(F)(F)F)c1)C2,0,0.696512559726196,0.0019498250279519,0.108141184,0.0175440544687114,0.10810320280459125
3395,COC[C@@]12CCN(C(=O)C3CC=CC3)C[C@@H]1CN(c1ccc(C#N)c(C(F)(F)F)c1)C2,0,0.677335640377229,0.0067621259673619,-1.7494297,0.0257247309366056,0.06263579690420032
3396,COC[C@@]12CCN(C(=O)c3cc[nH]n3)C[C@@H]1CN(c1ccc(C#N)c(C(F)(F)F)c1)C2,0,0.801596188259975,0.0079675521977048,-2.8279312,0.0353607533728597,0.05933830699419825
3397,COC[C@@]12CCN(C(=O)c3ccnc(O)c3)C[C@@H]1CN(c1ccc(C#N)c(C(F)(F)F)c1)C2,0,0.753347887732534,0.0075635583340542,-2.3195922,0.0443924083816503,0.09218220758913706
3398,COC[C@@]12CCN(C(=O)C3CCOCC3)C[C@@H]1CN(c1ccc(C#N)c(C(F)(F)F)c1)C2,0,0.702962713231238,0.0036799014298974,-5.0921516,0.0215024793021376,0.07847450601526135
3399,COC[C@@]12CCN(C(=O)Cc3ccccc3Cl)C[C@@H]1CN(c1ccc(C#N)c(C(F)(F)F)c1)C2,0,0.604074123830854,0.0124478509085505,-0.7306453,0.023351293110191,0.07981801423197968
3400,COC[C@@]12CCN(C(=O)c3ccc(OC)nc3)C[C@@H]1CN(c1ccc(C#N)c(C(F)(F)F)c1)C2,0,0.659193841210647,0.003673544882846,-4.732071,0.0236451434637779,0.07646935698930403
3401,COC[C@@]12CCN(C(=O)c3cn(C)cn3)C[C@@H]1CN(c1ccc(C#N)c(C(F)(F)F)c1)C2,0,0.720711478684343,0.0019589102044646,12.3006935,0.0333391102093508,0.05940242039983164
3402,COC[C@@]12CCN(C(=O)CC3CCCCC3)C[C@@H]1CN(c1ccc(C#N)c(C(F)(F)F)c1)C2,0,0.626604239156512,0.0027622067860426,-1.9158182,0.020541790470446,0.07533272086307251
3403,COC[C@@]12CCN(C(=O)Cc3ccncc3)C[C@@H]1CN(c1ccc(C#N)c(C(F)(F)F)c1)C2,0,0.685990913259723,0.0034837465505825,0.8714479,0.0286885250868262,0.08637012234925734
3404,COC[C@@]12CCN(C(=O)CC3CC3)C[C@@H]1CN(c1ccc(C#N)c(C(F)(F)F)c1)C2,0,0.727969637025415,0.0017517987340052,-1.777827,0.0228172180970484,0.05496088242482514
3405,COC[C@@]12CCN(C(=O)c3cncn3C)C[C@@H]1CN(c1ccc(C#N)c(C(F)(F)F)c1)C2,0,0.720711478684343,0.0025573449463995,8.463588,0.0370439344045407,0.06174021118523332
3406,COC[C@@]12CCN(C(=O)C(C)C)C[C@@H]1CN(c1ccc(C#N)c(C(F)(F)F)c1)C2,0,0.763496143023484,0.0024913735772176,-7.23062,0.0135000934969909,0.0843528081004889
3407,COC[C@@]12CCN(C(=O)C3(c4ccccc4)CC3)C[C@@H]1CN(c1ccc(C#N)c(C(F)(F)F)c1)C2,0,0.623438708760745,0.0121921044706714,-2.3008733,0.0180182932184439,0.04982094943483101
3408,N#Cc1ccc(N2C[C@H]3CN(C(=O)c4ccccn4)CC[C@@]3(CO)C2)cc1C(F)(F)F,0,0.810086824812347,0.0043423368838966,4.288344,0.0508237697765893,0.10926209588980706
3409,N#Cc1ccc(N2C[C@H]3CN(C(=O)COc4ccccc4)CC[C@@]3(CO)C2)cc1C(F)(F)F,0,0.74269484955819,0.0012740567383858,0.09435809,0.0334121244268885,0.07347543991190741
3410,Cn1cncc1C(=O)N1CC[C@@]2(CO)CN(c3ccc(C#N)c(C(F)(F)F)c3)C[C@H]2C1,0,0.802894289886302,0.0031503242258921,11.404576,0.049940756678135,0.07265651819113635
3411,CC(=O)Nc1cccc(C(=O)N2CC[C@@]3(CO)CN(c4ccc(C#N)c(C(F)(F)F)c4)C[C@H]3C2)c1,0,0.689828711462177,0.0084494136034292,0.45765483,0.0687457999355263,0.11351443226122508
3412,CN1C(=O)Cc2cc(C(=O)N3CC[C@@]4(CO)CN(c5ccc(C#N)c(C(F)(F)F)c5)C[C@H]4C3)ccc21,0,0.703107806823645,0.0063410373065383,3.2089257,0.0862521037454358,0.10385298894275155
3413,Cc1noc(C)c1CCC(=O)N1CC[C@@]2(CO)CN(c3ccc(C#N)c(C(F)(F)F)c3)C[C@H]2C1,0,0.710568181023623,0.0115286198230049,1.9790968,0.0658218394754334,0.09307221822361304
3414,Cc1cc(C)n(CCC(=O)N2CC[C@@]3(CO)CN(c4ccc(C#N)c(C(F)(F)F)c4)C[C@H]3C2)n1,0,0.7184059605685,0.0041202330305132,0.6700741,0.0623548067917641,0.09215558154775386
3415,Cn1nccc1C(=O)N1CC[C@@]2(CO)CN(c3ccc(C#N)c(C(F)(F)F)c3)C[C@H]2C1,0,0.802894289886302,0.0021936732047927,4.800283,0.0613030232703451,0.08270314524118562
3416,CCn1nccc1C(=O)N1CC[C@@]2(CO)CN(c3ccc(C#N)c(C(F)(F)F)c3)C[C@H]2C1,0,0.779240773078802,0.0022114932896006,8.851599,0.062261589234431,0.08420866950521372
3417,Cc1cc(C(=O)N2CC[C@@]3(CO)CN(c4ccc(C#N)c(C(F)(F)F)c4)C[C@H]3C2)n(C)n1,0,0.781952496813668,0.0033294756347947,5.3805337,0.0727220142244345,0.07341607601840705
3418,Cn1ccc(C(=O)N2CC[C@@]3(CO)CN(c4ccc(C#N)c(C(F)(F)F)c4)C[C@H]3C2)n1,0,0.802894289886302,0.0016011366517937,0.9992417,0.054122063499121,0.07799462440533854
3419,Cc1ccn(CC(=O)N2CC[C@@]3(CO)CN(c4ccc(C#N)c(C(F)(F)F)c4)C[C@H]3C2)n1,0,0.778344614288584,0.0017436522466503,-5.3918676,0.0554207631670581,0.08540780134793095
3420,CCCS(=O)(=O)N1C[C@H]2CN(c3ccc(C#N)c(C(F)(F)F)c3)CC[C@@]2(COCC)C1,0,0.624274098010246,0.0018645512499403,-3.106627,0.0151706340596628,0.1324313285038751
3421,CCOC[C@@]12CCN(c3ccc(C#N)c(C(F)(F)F)c3)C[C@@H]1CN(C(=O)c1ccc(C)c(C)c1)C2,0,0.584358912376515,0.0207165772341593,-2.9494166,0.045964440719575,0.08240873121546784
3422,CCOC[C@@]12CCN(c3ccc(C#N)c(C(F)(F)F)c3)C[C@@H]1CN(C(=O)c1ccccc1F)C2,0,0.58756216279155,0.0035476945059795,0.47564614,0.0274878410729405,0.09873956822234228
3423,CCOC[C@@]12CCN(c3ccc(C#N)c(C(F)(F)F)c3)C[C@@H]1CN(C(=O)c1cccc(C)c1)C2,0,0.62318277157678,0.0102050546434039,-4.395891,0.0177969655980723,0.07574342715429543
3424,CCOC[C@@]12CCN(c3ccc(C#N)c(C(F)(F)F)c3)C[C@@H]1CN(C(=O)c1ccc(OC)cc1)C2,0,0.596447706763055,0.0047867911768057,-3.703711,0.0179035267408723,0.08108329769218153
3425,CCOC[C@@]12CCN(c3ccc(C#N)c(C(F)(F)F)c3)C[C@@H]1CN(C(=O)c1ccc(F)cc1)C2,0,0.58756216279155,0.004563920625141,-3.8810854,0.0337698025973746,0.11257548546152625
3426,CCOC[C@@]12CCN(c3ccc(C#N)c(C(F)(F)F)c3)C[C@@H]1CN(C(=O)C1CC1)C2,0,0.727969637025414,0.0033539927602711,-11.894486,0.0227788766082717,0.08388941137007405
3427,CCOC[C@@]12CCN(c3ccc(C#N)c(C(F)(F)F)c3)C[C@@H]1CN(C(=O)C1CCC1)C2,0,0.699815839980315,0.0039872238269207,-8.338184,0.0177281281592845,0.076244259884033
3428,CCOC[C@@]12CCN(c3ccc(C#N)c(C(F)(F)F)c3)C[C@@H]1CN(C(=O)Nc1ccccc1F)C2,0,0.591614561901361,0.0155572495154784,-1.3538458,0.0507600130422212,0.0841108909515641
3429,CCOC[C@@]12CCN(c3ccc(C#N)c(C(F)(F)F)c3)C[C@@H]1CN(C(=O)c1ccc(C)cc1C)C2,0,0.584358912376515,0.0158665585145009,-3.9390411,0.020934067409734,0.0831778626388697
3430,CCOC[C@@]12CCN(c3ccc(C#N)c(C(F)(F)F)c3)C[C@@H]1CN(C(=O)c1c(F)cccc1F)C2,0,0.558659789459908,0.0038518022921403,0.41595173,0.0412586299697969,0.10999343599666793
3431,CCOC[C@@]12CCN(c3ccc(C#N)c(C(F)(F)F)c3)C[C@@H]1CN(C(=O)c1cc(F)ccc1F)C2,0,0.558659789459908,0.004898241100391,-3.027947,0.0530123764468061,0.10515921470944997
3432,CCOC[C@@]12CCN(c3ccc(C#N)c(C(F)(F)F)c3)C[C@@H]1CN(C(=O)c1cc(C)ccc1C)C2,0,0.584358912376515,0.0195787227253065,-5.019991,0.0269738184807551,0.08831265527937647
3433,CCOC[C@@]12CCN(c3ccc(C#N)c(C(F)(F)F)c3)C[C@@H]1CN(C(=O)CC(C)(C)C)C2,0,0.651009824319159,0.0037775421804594,-5.14496,0.0173573340472377,0.086120978605796
3434,CCOC[C@@]12CCN(c3ccc(C#N)c(C(F)(F)F)c3)C[C@@H]1CN(C(=O)c1cscn1)C2,0,0.668198624983227,0.0024570380080095,-8.020724,0.0270506734100833,0.05266064091650955
3435,CCOC[C@@]12CCN(c3ccc(C#N)c(C(F)(F)F)c3)C[C@@H]1CN(C(=O)CC1CCCC1)C2,0,0.605375731660038,0.001757465866192,-5.05427,0.0192926586527014,0.06856651512194964
3436,CCOC[C@@]12CCN(c3ccc(C#N)c(C(F)(F)F)c3)C[C@@H]1CN(C(=O)c1ncccc1C)C2,0,0.649674128718179,0.0024600286111039,0.78163826,0.0196487109418699,0.08648875105154388
3437,CCOC[C@@]12CCN(c3ccc(C#N)c(C(F)(F)F)c3)C[C@@H]1CN(C(=O)c1ccco1)C2,0,0.688084143981757,0.0027702384126407,-9.239779,0.0240101130292368,0.056924920947947225
3438,CCOC[C@@]12CCN(c3ccc(C#N)c(C(F)(F)F)c3)C[C@@H]1CN(C(=O)c1ccncc1)C2,0,0.678157457582365,0.0031782276952074,-6.0413284,0.0166317779110071,0.08732593846942172
3439,CCOC[C@@]12CCN(c3ccc(C#N)c(C(F)(F)F)c3)C[C@@H]1CN(C(=O)C1(c3ccccc3)CC1)C2,0,0.563780150196267,0.0258693439285662,-1.0609844,0.0331698099384154,0.07097850933707975
3440,CCOC[C@@]12CCN(c3ccc(C#N)c(C(F)(F)F)c3)C[C@@H]1CN(C(=O)c1cnn(CC)c1C)C2,0,0.610777184391038,0.0032348768829853,0.9320415,0.0421118709744549,0.08407917317468919
3441,CCOC[C@@]12CCN(c3ccc(C#N)c(C(F)(F)F)c3)C[C@@H]1CN(C(=O)c1cnn(CC)c1)C2,0,0.635562799841082,0.0038163071662226,1.6573821,0.028600389462142,0.06554407755760647
3442,CCOC[C@@]12CCN(c3ccc(C#N)c(C(F)(F)F)c3)C[C@@H]1CN(C(=O)c1ccnn1CC)C2,0,0.635562799841082,0.0044580982424859,2.084362,0.033301841842501,0.06973365291804437
3443,CCOC[C@@]12CCN(c3ccc(C#N)c(C(F)(F)F)c3)C[C@@H]1CN(C(=O)CCn1cccn1)C2,0,0.612417678039706,0.0020830910499666,-0.39649844,0.0218666010709041,0.07706392075215532
3444,CCOC[C@@]12CCN(c3ccc(C#N)c(C(F)(F)F)c3)C[C@@H]1CN(C(=O)CCn1cc(C)cn1)C2,0,0.590580469687065,0.007721954293703,-0.5632236,0.0230310340887222,0.059970624349867316
3445,CCOC[C@@]12CCN(c3ccc(C#N)c(C(F)(F)F)c3)C[C@@H]1CN(C(=O)c1cn(C)nc1C)C2,0,0.660506182512023,0.0026225419735146,-0.8386567,0.0376201942633731,0.06999911194090662
3446,CCOC[C@@]12CCN(c3ccc(C#N)c(C(F)(F)F)c3)C[C@@H]1CN(C(=O)c1c(C)nn(C)c1C)C2,0,0.636386455552481,0.0027048421562122,-6.3399057,0.0569373040483677,0.08867183422753112
3447,CCOC[C@@]12CCN(c3ccc(C#N)c(C(F)(F)F)c3)C[C@@H]1CN(C(=O)CCn1cnnn1)C2,0,0.603522415044601,0.0034961766574832,1.0105323,0.0255854332346936,0.07371415373014505
3448,N#Cc1ccc(N2C[C@H]3CN(C(=O)C4CCCCC4)CC[C@@]3(CO)C2)cc1C(F)(F)F,0,0.784292164464123,0.0021344689435678,4.9190173,0.0370640111328651,0.11227187184697252
3449,N#Cc1ccc(N2C[C@H]3CN(C(=O)c4ccc(O)nc4)CC[C@@]3(CO)C2)cc1C(F)(F)F,0,0.752034817561346,0.0169369751351985,1.175898,0.0481131892618125,0.1272980445642315
3450,CC1(C(=O)N2CC[C@@]3(CO)CN(c4ccc(C#N)c(C(F)(F)F)c4)C[C@H]3C2)CC1,0,0.836550674601459,0.0011265539789455,-13.025523,0.0183272754121988,0.08473053543174194
3451,Cc1ccc(C(=O)N2CC[C@@]3(CO)CN(c4ccc(C#N)c(C(F)(F)F)c4)C[C@H]3C2)c(O)n1,0,0.730693150867462,0.0091581675446531,1.0102261,0.0608358545559668,0.11515877820226168
3452,CCC(CC)C(=O)N1CC[C@@]2(CO)CN(c3ccc(C#N)c(C(F)(F)F)c3)C[C@H]2C1,0,0.784991565947486,0.0014754184153211,2.8599715,0.0219149843458187,0.12855487834859972
3453,CC(C)CC(=O)N1CC[C@@]2(CO)CN(c3ccc(C#N)c(C(F)(F)F)c3)C[C@H]2C1,0,0.828954394299063,0.0025301084233388,-8.692336,0.0140951540684631,0.11287075875477952
3454,COc1ccccc1C(=O)N1CC[C@@]2(CO)CN(c3ccc(C#N)c(C(F)(F)F)c3)C[C@H]2C1,0,0.757006201898088,0.0012592627992798,7.4818006,0.037894697390758,0.08205780447809381
3455,N#Cc1ccc(N2C[C@H]3CN(C(=O)Cc4cccc(F)c4)CC[C@@]3(CO)C2)cc1C(F)(F)F,0,0.706961967380629,0.0045066611597814,-2.8536673,0.0547162695856038,0.1167052322036241
3456,N#Cc1ccc(N2C[C@H]3CN(C(=O)c4cc(F)cc(F)c4)CC[C@@]3(CO)C2)cc1C(F)(F)F,0,0.700484655755755,0.0032252087656587,-0.123101234,0.0693290307251458,0.13236424638935104
3457,CCCS(=O)(=O)N1CC[C@@]2(COCC)CN(c3ccc(C#N)c(C(F)(F)F)c3)C[C@H]2C1,0,0.624274098010246,0.0018645512499403,2.0333939,0.0252651023619006,0.11153425280719867
3458,CCOC[C@@]12CCN(C(=O)c3ccccc3F)C[C@@H]1CN(c1ccc(C#N)c(C(F)(F)F)c1)C2,0,0.58756216279155,0.0035476945059795,2.6609745,0.0399839056033794,0.08722083316396993
3459,CCOC[C@@]12CCN(C(=O)c3ccc(OC)cc3)C[C@@H]1CN(c1ccc(C#N)c(C(F)(F)F)c1)C2,0,0.596447706763055,0.0047867911768057,0.044918418,0.0331105910110964,0.07995993660771401
3460,CCOC[C@@]12CCN(C(=O)c3ccc(F)cc3)C[C@@H]1CN(c1ccc(C#N)c(C(F)(F)F)c1)C2,0,0.58756216279155,0.004563920625141,-0.59100074,0.0494419853693268,0.10006253823054793
3461,CCOC[C@@]12CCN(C(=O)c3ccccc3OC)C[C@@H]1CN(c1ccc(C#N)c(C(F)(F)F)c1)C2,0,0.596447706763055,0.0023340643976663,4.7827964,0.0240264778593529,0.0728436697885684
3462,CCOC[C@@]12CCN(C(=O)c3sccc3C)C[C@@H]1CN(c1ccc(C#N)c(C(F)(F)F)c1)C2,0,0.611460625202307,0.0127315005083473,-5.427511,0.0261332966524213,0.05018317782634098
3463,CCOC[C@@]12CCN(C(=O)c3cccc(F)c3)C[C@@H]1CN(c1ccc(C#N)c(C(F)(F)F)c1)C2,0,0.58756216279155,0.0074383269056089,-3.3708081,0.0384271301763341,0.08442336707608518
3464,CCOC[C@@]12CCN(C(=O)c3cccnc3)C[C@@H]1CN(c1ccc(C#N)c(C(F)(F)F)c1)C2,0,0.678157457582365,0.0067265778196801,-5.3194084,0.0287464162487525,0.07521165100499841
3465,CCOC[C@@]12CCN(C(=O)c3ccccc3Cl)C[C@@H]1CN(c1ccc(C#N)c(C(F)(F)F)c1)C2,0,0.574013392788099,0.0154848453322193,3.4403415,0.0261102255262307,0.08335796975615507
3466,CCOC[C@@]12CCN(C(=O)CN3CCCC3=O)C[C@@H]1CN(c1ccc(C#N)c(C(F)(F)F)c1)C2,0,0.628611292411978,0.0010807804253481,0.35085845,0.032517072830604,0.08752863150352935
3467,CCOC[C@@]12CCN(C(=O)c3cc(F)ccc3F)C[C@@H]1CN(c1ccc(C#N)c(C(F)(F)F)c1)C2,0,0.558659789459908,0.0052841560902433,0.2562337,0.0586564371365779,0.09144263106314
3468,CCOC[C@@]12CCN(C(=O)C3CCOCC3)C[C@@H]1CN(c1ccc(C#N)c(C(F)(F)F)c1)C2,0,0.663699404753317,0.0027011521243239,-1.8300853,0.0256352837878192,0.09776225577273598
3469,COC[C@@]12CCN(C(=O)c3cccnc3)C[C@@H]1CN(c1ccc(C#N)c(C(F)(F)F)c1)C2,0,0.721102740757289,0.0036875337952202,-5.89715,0.0317567577063763,0.07359556984351483
3470,COC[C@@]12CCN(C(=O)Nc3ccc(C)cc3)C[C@@H]1CN(c1ccc(C#N)c(C(F)(F)F)c1)C2,0,0.687983953132596,0.0151241439279493,0.85455024,0.0398456862573978,0.0708367463703726
3471,COC[C@@]12CCN(C(=O)Nc3ccccc3C)C[C@@H]1CN(c1ccc(C#N)c(C(F)(F)F)c1)C2,0,0.687983953132596,0.0118245124776372,0.72390854,0.0342248573815226,0.06710743674759817
3472,CCn1ncc(C(=O)N2CC[C@@]3(COC)CN(c4ccc(C#N)c(C(F)(F)F)c4)C[C@H]3C2)c1C,0,0.659192981192372,0.0021112936731467,3.8138041,0.0340961729486881,0.0675363633228986
3473,CCn1ccc(C(=O)N2CC[C@@]3(COC)CN(c4ccc(C#N)c(C(F)(F)F)c4)C[C@H]3C2)n1,0,0.682432030285381,0.0019420655643788,1.7865671,0.0300322833821758,0.0579829726685568
3474,CCn1cc(S(=O)(=O)N2CC[C@@]3(COC)CN(c4ccc(C#N)c(C(F)(F)F)c4)C[C@H]3C2)cn1,0,0.609613222036774,0.0023942902995656,2.3861098,0.0277511963992076,0.075345022292754
3475,COC[C@@]12CCN(C(=O)c3ccn(C)n3)C[C@@H]1CN(c1ccc(C#N)c(C(F)(F)F)c1)C2,0,0.720711478684343,0.0017234400703093,-2.0027802,0.035276257575842,0.05874392763503271
3476,COC[C@@]12CCN(C(=O)CCn3cccn3)C[C@@H]1CN(c1ccc(C#N)c(C(F)(F)F)c1)C2,0,0.660848961331842,0.002007482631291,2.475222,0.0275031824798101,0.058749730290335436
3477,COC[C@@]12CCN(C(=O)Cn3ccc(C)n3)C[C@@H]1CN(c1ccc(C#N)c(C(F)(F)F)c1)C2,0,0.684346268607309,0.0019706261267288,-9.419316,0.0323846843773964,0.056345435531572355
3478,COC[C@@]12CCN(C(=O)Cn3ccnc3C)C[C@@H]1CN(c1ccc(C#N)c(C(F)(F)F)c1)C2,0,0.684346268607309,0.0034457254607708,-2.240274,0.0324843555092674,0.05546184989560835
3479,COC[C@@]12CCN(C(=O)CCn3cnnn3)C[C@@H]1CN(c1ccc(C#N)c(C(F)(F)F)c1)C2,0,0.645637432582086,0.0010803779402913,4.5577536,0.0280283263254946,0.07058688180406789
3480,Cc1nn(C)c(C)c1C(=O)N1CC(C(N)=O)C2(CCN(c3ccc(C#N)c(C(F)(F)F)c3)CC2)C1,0,0.714917959542234,0.0076950551211963,3.4489932,0.1055343540168125,0.10654636218974982
3481,N#Cc1ccc(N2CCC3(CC2)CN(C(=O)CN2C(=O)CCC2=O)CC3C(N)=O)cc1C(F)(F)F,0,0.631930133432071,0.0097115410395303,4.8410916,0.0495042871681084,0.12033831100916723
3482,CCc1ccc(C(=O)N2CC(C(=O)NC)C3(CCN(c4ccc(C#N)c(C(F)(F)F)c4)CC3)C2)cc1,0,0.684223985321436,0.0153402406126804,2.605104,0.038411892933552,0.0955016693354268
3483,CCCS(=O)(=O)N1CC(C(=O)NC)C2(CCN(c3ccc(C#N)c(C(F)(F)F)c3)CC2)C1,0,0.711153981092082,0.0017852981775058,6.0426097,0.0199294268779423,0.13280484818410612
3484,CNC(=O)C1CN(C(=O)c2cc(C)oc2C)CC12CCN(c1ccc(C#N)c(C(F)(F)F)c1)CC2,0,0.708212240573349,0.0115045206441003,9.563924,0.0537516082905337,0.07114889639732316
3485,CNC(=O)C1CN(C(=O)c2ocnc2C)CC12CCN(c1ccc(C#N)c(C(F)(F)F)c1)CC2,0,0.732450156129995,0.0049186793870593,5.056358,0.0355733957277525,0.08334164699805227
3486,CNC(=O)C1CN(S(=O)(=O)N(C)C)CC12CCN(c1ccc(C#N)c(C(F)(F)F)c1)CC2,0,0.717471937241667,0.0031826242478165,8.033559,0.0189909617422362,0.09299560182666711
3487,CCN(CC)C(=O)N1CC(C(=O)NC)C2(CCN(c3ccc(C#N)c(C(F)(F)F)c3)CC2)C1,0,0.74016142251103,0.0164809437087625,2.2936935,0.0307654066571026,0.11075427642870597
3488,CNC(=O)C1CN(C(=O)CC(F)(F)F)CC12CCN(c1ccc(C#N)c(C(F)(F)F)c1)CC2,0,0.679655757885637,0.0058398121508725,7.6572375,0.0412121571357058,0.17898850968994956
3489,CNC(=O)C1CN(C(=O)CC2CC2)CC12CCN(c1ccc(C#N)c(C(F)(F)F)c1)CC2,0,0.767856648613289,0.0034653519407678,3.5896525,0.0104174015607016,0.08399401187343418
3490,CNC(=O)C1CN(C(=O)Cn2cnnn2)CC12CCN(c1ccc(C#N)c(C(F)(F)F)c1)CC2,0,0.700581897392587,0.0054464346942262,5.8789954,0.0406602241419419,0.08886017780795978
3491,CNC(=O)C1CN(C(=O)c2cncnc2)CC12CCN(c1ccc(C#N)c(C(F)(F)F)c1)CC2,0,0.736571146189117,0.0051965548310484,-6.4669366,0.0269127758288986,0.08742945639895615
3492,CNC(=O)C1CN(C(=O)CCc2ccccc2)CC12CCN(c1ccc(C#N)c(C(F)(F)F)c1)CC2,0,0.67631849692755,0.01133146959417,0.49620998,0.0357272683468089,0.10113299252959704
3493,CCC(=O)N1CC(C(=O)NC)C2(CCN(c3ccc(C#N)c(C(F)(F)F)c3)CC2)C1,0,0.812873792627494,0.003086566737635,0.8613087,0.017838112048502,0.12833447131487832
3494,CNC(=O)C1CN(C(=O)Nc2ccc(C)cc2)CC12CCN(c1ccc(C#N)c(C(F)(F)F)c1)CC2,0,0.65616226953999,0.010115710855447,2.3316875,0.0452078282040091,0.09262635036436076
3495,CNC(=O)C1CN(C(=O)NC2CCCC2)CC12CCN(c1ccc(C#N)c(C(F)(F)F)c1)CC2,0,0.697728393149513,0.0130457567070321,4.35895,0.0319827554824243,0.07653990915278017
3496,CNC(=O)C1CN(C(=O)NC)CC12CCN(c1ccc(C#N)c(C(F)(F)F)c1)CC2,0,0.763368918682927,0.0159156959212044,5.415711,0.0153777625619003,0.14246901476677437
3497,CNC(=O)C1CN(C(=O)NCCOC)CC12CCN(c1ccc(C#N)c(C(F)(F)F)c1)CC2,0,0.647471416087449,0.0694803069250424,-1.7356703,0.0235408369518237,0.10280018099978092
3498,CNC(=O)C1CN(C(=O)c2ccnn2C)CC12CCN(c1ccc(C#N)c(C(F)(F)F)c1)CC2,0,0.737583748408487,0.0038636842549137,6.346264,0.0370947099487332,0.08606549837008307
3499,CCn1nccc1C(=O)N1CC(C(=O)NC)C2(CCN(c3ccc(C#N)c(C(F)(F)F)c3)CC2)C1,0,0.71445173067618,0.0037327027762488,9.625183,0.0485462769930007,0.086334898112742
3500,CNC(=O)C1CN(C(=O)c2cnn(C)c2)CC12CCN(c1ccc(C#N)c(C(F)(F)F)c1)CC2,0,0.737583748408487,0.0341196209974944,4.4481034,0.0372842740404441,0.08120222043710992
3501,CNC(=O)C1CN(C(=O)c2nccn2C)CC12CCN(c1ccc(C#N)c(C(F)(F)F)c1)CC2,0,0.737583748408487,0.0077546806210768,6.3502283,0.0347395564506132,0.0719560278591619
3502,CNC(=O)C1CN(C(=O)CCn2cccn2)CC12CCN(c1ccc(C#N)c(C(F)(F)F)c1)CC2,0,0.69858121386466,0.0199187686535515,7.805762,0.0408976537726546,0.08324445136647109
3503,CNC(=O)C1CN(Cc2cnn(C)c2)CC12CCN(c1ccc(C#N)c(C(F)(F)F)c1)CC2,0,0.759495030785944,0.0183808381551445,2.2649975,0.0222080044164657,0.0628325535110832
3504,CNC(=O)C1CN(C(=O)Cn2cccn2)CC12CCN(c1ccc(C#N)c(C(F)(F)F)c1)CC2,0,0.733895742661586,0.0027191588629016,6.976764,0.0476034617939453,0.10242832886300553
3505,CNC(=O)C1CN(C2CCCC2)CC12CCN(c1ccc(C#N)c(C(F)(F)F)c1)CC2,0,0.786675317008607,0.0034839812113284,5.1238747,0.0205758505339609,0.07036716442918785
3506,N#Cc1ccc(N2CCC3(CC2)CN(C(=O)c2ccoc2)CC3C(=O)NC2CC2)cc1C(F)(F)F,0,0.710159978921738,0.0035702216274933,6.7150655,0.0266937234114229,0.06676672367899321
3507,CC(C)CC(=O)N1CC(C(=O)NC2CC2)C2(CCN(c3ccc(C#N)c(C(F)(F)F)c3)CC2)C1,0,0.698447184061064,0.027431620184764,-3.2117383,0.028826362300945,0.07688033767243352
3508,CCS(=O)(=O)N1CC(C(=O)NC)C2(CCN(c3ccc(C#N)c(C(F)(F)F)c3)CC2)C1,0,0.74674816323442,0.0019657744145625,6.7283454,0.0214505891307973,0.127465125369378
3509,CNC(=O)C1CN(C(=O)Nc2ccccc2)CC12CCN(c1ccc(C#N)c(C(F)(F)F)c1)CC2,0,0.686121372791346,0.010694103776407,2.5143723,0.0414334378815677,0.09109758460958237
3510,CNC(=O)C1CN(C(=O)c2cccc(C)c2)CC12CCN(c1ccc(C#N)c(C(F)(F)F)c1)CC2,0,0.714990423185659,0.0134732308554276,0.43661892,0.0298549039703155,0.08636405958370111
3511,CNC(=O)C1CN(C(=O)c2ccc(F)cc2)CC12CCN(c1ccc(C#N)c(C(F)(F)F)c1)CC2,0,0.666948987549406,0.0228488403803865,-0.6481331,0.0348657948911998,0.11844442489413405
3512,CNC(=O)C1CN(C(=O)C2CCC2)CC12CCN(c1ccc(C#N)c(C(F)(F)F)c1)CC2,0,0.770846528750718,0.0089562140805249,0.6761478,0.0216080115865899,0.08803718706192007
3513,CNC(=O)C1CN(C(=O)c2sccc2C)CC12CCN(c1ccc(C#N)c(C(F)(F)F)c1)CC2,0,0.704458386865447,0.0146240336294253,0.42758894,0.0331449749886593,0.06922971994996939
3514,CNC(=O)C1CN(C(=O)C2CCCC2)CC12CCN(c1ccc(C#N)c(C(F)(F)F)c1)CC2,0,0.745451233251399,0.0076416069412928,6.1633725,0.0185929171745712,0.06735921348223092
3515,CNC(=O)C1CN(C2CCOCC2)CC12CCN(c1ccc(C#N)c(C(F)(F)F)c1)CC2,0,0.766945315466224,0.0047001590527439,10.485515,0.02435839063365,0.08923489233783526
3516,CNC(=O)C1CN(C(=O)c2ccoc2C)CC12CCN(c1ccc(C#N)c(C(F)(F)F)c1)CC2,0,0.734667376206906,0.0061212461304025,8.898027,0.0365860092228362,0.07474061124937885
3517,CNC(=O)C1CN(C(=O)c2cnccc2C)CC12CCN(c1ccc(C#N)c(C(F)(F)F)c1)CC2,0,0.720169010393864,0.0062942289242104,4.9841156,0.0292514018852696,0.09124690342680528
3518,COCCOCC(=O)N1CC(C(N)=O)C2(CCN(c3ccc(C#N)c(C(F)(F)F)c3)CC2)C1,0,0.611312157383565,0.0018376588453367,2.5115237,0.0195085580269417,0.14081531183522572
3519,N#Cc1ccc(N2CCC3(CC2)CN(C(=O)c2ccccc2F)CC3C(N)=O)cc1C(F)(F)F,0,0.689214837844617,0.0032111487003628,6.3665977,0.0449352614626198,0.12486913966479296
3520,Cc1ccsc1C(=O)N1CC(C(N)=O)C2(CCN(c3ccc(C#N)c(C(F)(F)F)c3)CC2)C1,0,0.729931049337628,0.003191819817361,-0.11458266,0.0514409649592198,0.0925207027972836
3521,Cc1ccc(C(=O)N2CC(C(N)=O)C3(CCN(c4ccc(C#N)c(C(F)(F)F)c4)CC3)C2)s1,0,0.729931049337629,0.0036852554185111,6.0829277,0.0541604641124243,0.09399801066680209
3522,N#Cc1ccc(N2CCC3(CC2)CN(C(=O)c2ccc(F)cc2F)CC3C(N)=O)cc1C(F)(F)F,0,0.662082799362757,0.0051020523811057,6.8766093,0.0538876808132296,0.12874079422406298
3523,N#Cc1ccc(N2CCC3(CC2)CN(C(=O)c2cnccn2)CC3C(N)=O)cc1C(F)(F)F,0,0.754033058601882,0.0054295736543183,3.8763738,0.0358990880547463,0.1168657793220997
3524,N#Cc1ccc(N2CCC3(CC2)CN(S(=O)(=O)c2cccs2)CC3C(N)=O)cc1C(F)(F)F,0,0.69739351207403,0.0040565596664586,-0.92716235,0.0315601846034817,0.08504471579227979
3525,Cn1cnc(S(=O)(=O)N2CC(C(N)=O)C3(CCN(c4ccc(C#N)c(C(F)(F)F)c4)CC3)C2)c1,0,0.687014784318328,0.0085680616989812,5.9771867,0.0489744727445755,0.08539447765447347
3526,N#Cc1ccc(N2CCC3(CC2)CN(C(=O)C2CCCC2)CC3C(N)=O)cc1C(F)(F)F,0,0.768361188346102,0.00358562852701,5.815541,0.0337651082093308,0.09892101455762631
3527,Cc1ncccc1C(=O)N1CC(C(N)=O)C2(CCN(c3ccc(C#N)c(C(F)(F)F)c3)CC2)C1,0,0.741011363709534,0.002558555499729,6.9052997,0.0445812243947507,0.12522527981648682
3528,N#Cc1ccc(N2CCC3(CC2)CN(C(=O)CC2CCCCC2)CC3C(N)=O)cc1C(F)(F)F,0,0.709181065682814,0.0019652648604749,3.1273093,0.0523847657606324,0.10782696906478624
3529,N#Cc1ccc(N2CCC3(CC2)CN(C(=O)c2ccc(=O)[nH]n2)CC3C(N)=O)cc1C(F)(F)F,0,0.692111162422007,0.0525434244025931,6.882116,0.0436255366200315,0.1346273546151078
3530,N#Cc1ccc(N2CCC3(CC2)CN(C(=O)c2ccccn2)CC3C(N)=O)cc1C(F)(F)F,0,0.763585990101041,0.0050069420941738,4.258868,0.03504294290263,0.12050659390025356
3531,Cc1cccnc1C(=O)N1CC(C(N)=O)C2(CCN(c3ccc(C#N)c(C(F)(F)F)c3)CC2)C1,0,0.741011363709534,0.0024111794849623,8.8673525,0.0501407268473341,0.10887130184706299
3532,N#Cc1ccc(N2CCC3(CC2)CN(C(=O)c2cccnc2)CC3C(N)=O)cc1C(F)(F)F,0,0.763585990101041,0.0059368118068147,-0.86876875,0.0340053255630822,0.11860577670191404
3533,CN(C)C(=O)C1CN(C(=O)c2ncccn2)CC12CCN(c1ccc(C#N)c(C(F)(F)F)c1)CC2,0,0.662572571697341,0.0041373431269858,0.7808193,0.0299443043421932,0.09597630150995425
3534,CN(C)C(=O)C1CN(C(=O)c2cncnc2)CC12CCN(c1ccc(C#N)c(C(F)(F)F)c1)CC2,0,0.662572571697341,0.0046239770628567,-4.077401,0.0297702364774704,0.09236736268177001
3535,CN(C)C(=O)C1CN(C(=O)c2cccn2C)CC12CCN(c1ccc(C#N)c(C(F)(F)F)c1)CC2,0,0.665800180131271,0.0061319432408602,7.51016,0.0475593535436165,0.07542474078553513
3536,CCCNC(=O)N1CC(C(=O)N(C)C)C2(CCN(c3ccc(C#N)c(C(F)(F)F)c3)CC2)C1,0,0.74016142251103,0.0065778395741804,2.3979144,0.0186810442664467,0.10075322393030024
3537,CN(C)C(=O)C1CN(C(=O)N(C)C)CC12CCN(c1ccc(C#N)c(C(F)(F)F)c1)CC2,0,0.693483683594574,0.0059456290534637,7.1187587,0.0193485227740783,0.09934115748180213
3538,CN(C)C(=O)C1CN(C(=O)NC2CCCC2)CC12CCN(c1ccc(C#N)c(C(F)(F)F)c1)CC2,0,0.69706820637611,0.013649224830648,7.3477044,0.0375992846787646,0.06570449127788439
3539,CC(C)CNC(=O)N1CC(C(=O)N(C)C)C2(CCN(c3ccc(C#N)c(C(F)(F)F)c3)CC2)C1,0,0.716497614179542,0.0115275986329881,1.4455253,0.0337580870801284,0.09404374504283848
3540,CNC(=O)N1CC(C(=O)N(C)C)C2(CCN(c3ccc(C#N)c(C(F)(F)F)c3)CC2)C1,0,0.771306566404559,0.0037042017162383,7.6599784,0.0163901599369325,0.11057215114408211
3541,COCCNC(=O)N1CC(C(=O)N(C)C)C2(CCN(c3ccc(C#N)c(C(F)(F)F)c3)CC2)C1,0,0.653377595380217,0.0567586077566445,-1.5924815,0.0435303341765394,0.09724883503183648
3542,Cc1nc(C)c(C(=O)N2CCC3(CC2)CN(c2ccc(C#N)c(C(F)(F)F)c2)CC3C(N)=O)s1,0,0.708056356643239,0.0142370105271667,4.7659006,0.0807316696807289,0.07352193414237604
3543,N#Cc1ccc(N2CC(C(N)=O)C3(CCN(C(=O)c4cn[nH]c4)CC3)C2)cc1C(F)(F)F,0,0.748880762222418,0.0173386762740091,6.7922797,0.0509684286191147,0.10407564770482905
3544,Cc1ccc(C(=O)N2CCC3(CC2)CN(c2ccc(C#N)c(C(F)(F)F)c2)CC3C(N)=O)cc1F,0,0.664590251417689,0.0285629883267826,7.2563043,0.1004606846079714,0.11923214264772071
3545,Cn1cncc1C(=O)N1CCC2(CC1)CN(c1ccc(C#N)c(C(F)(F)F)c1)CC2C(N)=O,0,0.755287534452446,0.007084214579528,13.115581,0.0534678037765342,0.07711628514252436
3546,N#Cc1ccc(N2CC(C(N)=O)C3(CCN(C(=O)N4CCCC4)CC3)C2)cc1C(F)(F)F,0,0.751452328797514,0.0050709952562966,8.204431,0.0480653399461235,0.10781557112422094
3547,CCCC(=O)N1CCC2(CC1)CN(c1ccc(C#N)c(C(F)(F)F)c1)CC2C(N)=O,0,0.807915897848768,0.0037805789331108,2.8780322,0.0297327815988869,0.12236534948132069
3548,Cc1ccc(NC(=O)N2CCC3(CC2)CN(c2ccc(C#N)c(C(F)(F)F)c2)CC3C(N)=O)cc1,0,0.682745186449444,0.0156801086652454,2.3330145,0.0702315007040838,0.1198636587633947
3549,CNC(=O)N1CCC2(CC1)CN(c1ccc(C#N)c(C(F)(F)F)c1)CC2C(N)=O,0,0.779044532100676,0.0114575707921135,5.713759,0.0315707180123026,0.12391928207361898
3550,Cn1nccc1C(=O)N1CCC2(CC1)CN(c1ccc(C#N)c(C(F)(F)F)c1)CC2C(N)=O,0,0.755287534452446,0.0043943684076123,7.929193,0.0596028178945193,0.10777007048367378
3551,CCn1ncc(C(=O)N2CCC3(CC2)CN(c2ccc(C#N)c(C(F)(F)F)c2)CC3C(N)=O)c1C,0,0.712047955553285,0.0034449130282716,10.3455515,0.0685344489994399,0.1136733988835688
3552,Cc1ccccc1C(=O)N1CCC2(CC1)CN(c1ccc(C#N)c(C(F)(F)F)c1)CC2C(N)=O,0,0.740298999799863,0.0016758754563381,6.53375,0.0539611617256451,0.11607877694125908
3553,Cc1ccc(C(=O)N2CCC3(CC2)CN(c2ccc(C#N)c(C(F)(F)F)c2)CC3C(N)=O)c(O)n1,0,0.68639292172201,0.0282835844138626,4.272202,0.0739600296147833,0.11715406799504369
3554,Cc1ccc(CC(=O)N2CCC3(CC2)CN(c2ccc(C#N)c(C(F)(F)F)c2)CC3C(N)=O)cc1,0,0.717337041672422,0.0036895910122422,4.2036057,0.0722260863032241,0.12176740468344043
3555,CC(C)CC(=O)N1CCC2(CC1)CN(c1ccc(C#N)c(C(F)(F)F)c1)CC2C(N)=O,0,0.785153751121169,0.0041094874966122,-2.3500957,0.0244334127277494,0.12107176772910169
3556,COc1ccccc1C(=O)N1CCC2(CC1)CN(c1ccc(C#N)c(C(F)(F)F)c1)CC2C(N)=O,0,0.714001099042771,0.0026688049127685,10.034732,0.0504048023338195,0.09195947416291542
3557,N#Cc1ccc(N2CC(C(N)=O)C3(CCN(C(=O)c4cc(F)cc(F)c4)CC3)C2)cc1C(F)(F)F,0,0.662082799362757,0.0063960948552804,3.5526247,0.0784161423299694,0.13452205126325864
3558,Cc1ccc(C(=O)N2CCC3(CC2)CN(c2ccc(C#N)c(C(F)(F)F)c2)CC3C(N)=O)c(C)c1,0,0.712167672586162,0.0051944791819413,5.532678,0.0772385921406438,0.10895857064877061
3559,N#Cc1ccc(N2CC(C(N)=O)C3(CCN(C(=O)Cc4ccsc4)CC3)C2)cc1C(F)(F)F,0,0.732394022356824,0.0032561289206395,0.7414535,0.0547930508815519,0.0885250903703241
3560,COCCC(=O)N1CCC2(CC1)CN(c1ccc(C#N)c(C(F)(F)F)c1)CC2C(N)=O,0,0.759476247136503,0.0014870957999737,2.8986082,0.0297500997774735,0.12049798522523344
3561,CCOCC(=O)N1CCC2(CC1)CN(c1ccc(C#N)c(C(F)(F)F)c1)CC2C(N)=O,0,0.759476247136503,0.0013716265558514,3.2402272,0.0386966719487973,0.12598148726717545
3562,Cc1ccc(C(=O)N2CCC3(CC2)CN(c2ccc(C#N)c(C(F)(F)F)c2)CC3C(N)=O)cn1,0,0.741011363709534,0.0089311189588934,3.6529508,0.0664677135581425,0.1094386972504163
3563,N#Cc1ccc(N2CC(C(N)=O)C3(CCN(C(=O)C4CCCC4)CC3)C2)cc1C(F)(F)F,0,0.768361188346101,0.0037221497331879,7.6540694,0.0459971437955785,0.0929556951058036
3564,N#Cc1ccc(N2CC(C(N)=O)C3(CCN(C(=O)NCc4ccccc4)CC3)C2)cc1C(F)(F)F,0,0.692154410582536,0.0125478882227865,0.8087872,0.0545772056610384,0.11033913708456808
3565,N#Cc1ccc(N2CCC3(CC2)CN(C(=O)C2CCCC2)CC3C(=O)NC2CC2)cc1C(F)(F)F,0,0.692807424265653,0.0036502836175572,6.9372153,0.0271320436570974,0.07114123038418238
3566,N#Cc1ccc(N2CCC3(CC2)CN(Cc2cccc(O)c2)CC3C(=O)NC2CC2)cc1C(F)(F)F,0,0.64353636659265,0.0101283344698951,0.10119796,0.0341682755640323,0.059644902802331
3567,CC(C)(C)C(=O)N1CC(C(=O)NC2CC2)C2(CCN(c3ccc(C#N)c(C(F)(F)F)c3)CC2)C1,0,0.716992862991919,0.0062672029245657,-0.3282708,0.0239457973478534,0.0790061464014923
3568,N#Cc1ccc(N2CCC3(CC2)CN(C2CCCC2)CC3C(=O)NC2CC2)cc1C(F)(F)F,0,0.727341034571018,0.0020583269098281,7.0630374,0.0415779407823747,0.06599327725706887
3569,COCCNC(=O)C1CN(C(=O)C2CCC2)CC12CCN(c1ccc(C#N)c(C(F)(F)F)c1)CC2,0,0.61690826974168,0.0060982259692543,-3.4016042,0.0213589374097228,0.06069277555436335
3570,COCCNC(=O)C1CN(C(=O)CCOC)CC12CCN(c1ccc(C#N)c(C(F)(F)F)c1)CC2,0,0.555874987071147,0.0074363780907989,-3.153801,0.029753896865635,0.10717216684642565
3571,CCOCC(=O)N1CC(C(=O)NCCOC)C2(CCN(c3ccc(C#N)c(C(F)(F)F)c3)CC2)C1,0,0.555874987071147,0.0053947531451619,-2.596785,0.0334277726990316,0.10607889179732913
3572,COCCNC(=O)C1CN(C2CCOCC2)CC12CCN(c1ccc(C#N)c(C(F)(F)F)c1)CC2,0,0.613009415693734,0.0060008520726631,5.584134,0.023674931348176,0.08499651154121603
3573,COCCNC(=O)C1CN(C(=O)NC(C)C)CC12CCN(c1ccc(C#N)c(C(F)(F)F)c1)CC2,0,0.591758235216805,0.0487166006327214,1.3974913,0.0499435632883723,0.10955568078612918
3574,COCCNC(=O)C1CN(C(C)=O)CC12CCN(c1ccc(C#N)c(C(F)(F)F)c1)CC2,0,0.693884296521493,0.004789907422943,-2.0531466,0.0149800316442278,0.09755237222926871
3575,CNC(=O)N1CC(C(=O)NCCOC)C2(CCN(c3ccc(C#N)c(C(F)(F)F)c3)CC2)C1,0,0.647471416087449,0.0140338873174297,1.2644013,0.0266235455470678,0.09940397515746338
3576,CCS(=O)(=O)N1CC(C(=O)N2CCCC2)C2(CCN(c3ccc(C#N)c(C(F)(F)F)c3)CC2)C1,0,0.637208638995149,0.0027753282911606,0.5607265,0.0403899331771067,0.09743178527077401
3577,N#Cc1ccc(N2CCC3(CC2)CN(C2CCOCC2)CC3C(=O)N2CCCC2)cc1C(F)(F)F,0,0.64347760992334,0.0107709383757798,4.5339365,0.0372634305478902,0.06705850559932473
3578,N#Cc1ccc(N2CCC3(CC2)CN(Cc2cccnc2)CC3C(=O)N2CCCC2)cc1C(F)(F)F,0,0.630015861649282,0.005465281230633,-5.4322805,0.0221848411146075,0.06290034147476739
3579,CS(=O)(=O)N1CC(C(=O)N2CCCC2)C2(CCN(c3ccc(C#N)c(C(F)(F)F)c3)CC2)C1,0,0.658796069201378,0.0040646926542179,-2.693099,0.0388771672231723,0.09931899317460201
3580,CCC(=O)N1CC(C(=O)N2CCCC2)C2(CCN(c3ccc(C#N)c(C(F)(F)F)c3)CC2)C1,0,0.68783065183887,0.0070615078211659,-4.9717045,0.0189541410211415,0.09704469607892642
3581,COCC(=O)N1CC(C(=O)N(C)C)C2(CCN(c3ccc(C#N)c(C(F)(F)F)c3)CC2)C1,0,0.701174694596017,0.003339275081556,0.14055574,0.0174261620401938,0.11896276799805088
3582,CN(C)C(=O)C1CN(C(=O)C2(C)CC2)CC12CCN(c1ccc(C#N)c(C(F)(F)F)c1)CC2,0,0.689640919728428,0.0026829177124394,-4.066137,0.030554623396199,0.0703017435568726
3583,CCS(=O)(=O)N1CC(C(=O)N(C)C)C2(CCN(c3ccc(C#N)c(C(F)(F)F)c3)CC2)C1,0,0.672537786514669,0.0025310385998072,7.744353,0.0216853098350376,0.12693790402002791
3584,CCC(CC)C(=O)N1CC(C(=O)N(C)C)C2(CCN(c3ccc(C#N)c(C(F)(F)F)c3)CC2)C1,0,0.637896959162365,0.0065792953544505,6.905578,0.0423399553483277,0.11095449396416845
3585,CN(C)C(=O)C1CN(C(=O)C2CCC2)CC12CCN(c1ccc(C#N)c(C(F)(F)F)c1)CC2,0,0.689640919728428,0.0038371944717771,3.4696107,0.0230586948315412,0.09186040838471954
3586,CN(C)C(=O)C1CN(C(=O)c2cnccn2)CC12CCN(c1ccc(C#N)c(C(F)(F)F)c1)CC2,0,0.662572571697341,0.0053745858427303,6.215979,0.028868493029164,0.09328140047762143
3587,Cc1ccc(C(=O)N2CC(C(=O)N(C)C)C3(CCN(c4ccc(C#N)c(C(F)(F)F)c4)CC3)C2)cn1,0,0.643157718982875,0.0105945906606132,3.9880958,0.0376466086481508,0.09646726314607992
3588,CN(C)C(=O)C1CN(C(=O)C2CC=CC2)CC12CCN(c1ccc(C#N)c(C(F)(F)F)c1)CC2,0,0.62725920757419,0.0069643861429941,6.9143043,0.0240699831518722,0.08652250520074464
3589,Cc1occc1C(=O)N1CC(C(=O)N(C)C)C2(CCN(c3ccc(C#N)c(C(F)(F)F)c3)CC2)C1,0,0.65429494175624,0.0169381693233566,10.541193,0.0428849920350025,0.07609333421455322
3590,Cc1ncoc1C(=O)N1CC(C(=O)N(C)C)C2(CCN(c3ccc(C#N)c(C(F)(F)F)c3)CC2)C1,0,0.656829754380846,0.0157341273932204,6.1880174,0.0412617725622309,0.08777412966502067
3591,CN(C)C(=O)C1CN(C(=O)c2cn[nH]c2)CC12CCN(c1ccc(C#N)c(C(F)(F)F)c1)CC2,0,0.738174367072939,0.0042091090011329,6.7636,0.0300925190449302,0.08342107270365798
3592,Cc1cccc(C(=O)N2CC(C(=O)N(C)C)C3(CCN(c4ccc(C#N)c(C(F)(F)F)c4)CC3)C2)n1,0,0.643157718982875,0.0056192194142755,10.705645,0.0413524599161888,0.09010840616593754
3593,CN(C)C(=O)C1CN(C(=O)CC2CCCC2)CC12CCN(c1ccc(C#N)c(C(F)(F)F)c1)CC2,0,0.631648431770423,0.0093390231218714,5.7432814,0.0371676200644109,0.06439263337786656
3594,CC(C)NC(=O)N1CCC2(CC1)CN(c1ccc(C#N)c(C(F)(F)F)c1)CC2C(=O)NCC1CC1,0,0.656993866355824,0.0151850737164126,4.7795434,0.0412265364745452,0.06857298978108974
3595,CNC(=O)N1CCC2(CC1)CN(c1ccc(C#N)c(C(F)(F)F)c1)CC2C(=O)NCC1CC1,0,0.718811521848239,0.0169752650585955,5.352494,0.0365097666020416,0.06742950060455566
3596,COCCNC(=O)C1CN(c2ccc(C#N)c(C(F)(F)F)c2)CC12CCN(C(=O)COC)CC2,0,0.598046014817837,0.0034809138225302,-1.9702141,0.0387775550453468,0.10549196731291988
3597,COCCNC(=O)C1CN(c2ccc(C#N)c(C(F)(F)F)c2)CC12CCN(C(=O)C1CC1)CC2,0,0.635938558223637,0.0901490379158353,-6.105925,0.037505523779755,0.06566935587549552
3598,COCCNC(=O)C1CN(c2ccc(C#N)c(C(F)(F)F)c2)CC12CCN(C(=O)C1CCC1)CC2,0,0.61690826974168,0.147183615449369,-3.1555343,0.0335637750812535,0.06430573835117724
3599,CCOCC(=O)N1CCC2(CC1)CN(c1ccc(C#N)c(C(F)(F)F)c1)CC2C(=O)NCCOC,0,0.555874987071147,0.0035721443356961,-2.2646854,0.0474536544113261,0.10105276785290611
3600,CCCC(=O)N1CCC2(CC1)CN(c1ccc(C#N)c(C(F)(F)F)c1)CC2C(=O)NCCOC,0,0.606226892892945,0.006428520421418,-3.7965584,0.0385895048568907,0.09045368600839433
3601,COCCNC(=O)C1CN(c2ccc(C#N)c(C(F)(F)F)c2)CC12CCN(C(C)=O)CC2,0,0.693884296521493,0.0034576573461233,-4.0744596,0.0221255161050741,0.09702648987069255
3602,CNC(=O)N1CCC2(CC1)CN(c1ccc(C#N)c(C(F)(F)F)c1)CC2C(=O)NCCOC,0,0.647471416087449,0.0219973105729507,0.009933114,0.0521523883850771,0.09693129839281406
3603,CN(C)C(=O)C1CN(c2ccc(C#N)c(C(F)(F)F)c2)CC12CCN(C(=O)N1CCOCC1)CC2,0,0.633064537681413,0.0047622722481445,6.9240355,0.0496484070576465,0.11054882275873583
3604,CN(C)C(=O)C1CN(c2ccc(C#N)c(C(F)(F)F)c2)CC12CCN(C(=O)c1cnccn1)CC2,0,0.662572571697341,0.0054291569438188,8.715932,0.0426824665930458,0.09333463513855342
3605,Cc1ccc(C(=O)N2CCC3(CC2)CN(c2ccc(C#N)c(C(F)(F)F)c2)CC3C(=O)N(C)C)cn1,0,0.643157718982875,0.0105945906606132,6.8158545,0.0485085681091401,0.09162714051739322
3606,CN(C)C(=O)C1CN(c2ccc(C#N)c(C(F)(F)F)c2)CC12CCN(C(=O)CC(C)(C)C)CC2,0,0.65483486436918,0.0145588324726286,6.366453,0.040997242225706,0.09767176367504396
3607,CN(C)C(=O)C1CN(c2ccc(C#N)c(C(F)(F)F)c2)CC12CCN(C(=O)c1cc[nH]n1)CC2,0,0.738174367072939,0.0075829718070831,7.5443196,0.0466860610311289,0.08268506324347034
3608,CN(C)C(=O)C1CN(c2ccc(C#N)c(C(F)(F)F)c2)CC12CCN(C(=O)Cc1ccncc1)CC2,0,0.644790720158192,0.0050434872744908,6.8032775,0.0507032583992849,0.09729427445972569
3609,CN(C)C(=O)C1CN(c2ccc(C#N)c(C(F)(F)F)c2)CC12CCN(C(=O)c1cscn1)CC2,0,0.656935170258295,0.0052707431098485,6.5905375,0.0442907747720217,0.07698895673509645
3610,CCC(C)(C)C(=O)N1CCC2(CC1)CN(c1ccc(C#N)c(C(F)(F)F)c1)CC2C(=O)N(C)C,0,0.652294958329199,0.0119575562168683,8.452954,0.047133610813643,0.10948026997041746
3611,CN(C)C(=O)C1CN(c2ccc(C#N)c(C(F)(F)F)c2)CC12CCN(C(=O)CC1CC1)CC2,0,0.686966011545088,0.0015664693889052,8.467321,0.0366437500122052,0.0675208376303406
3612,CCC(=O)N1CCC2(CC1)CN(c1ccc(C#N)c(C(F)(F)F)c1)CC2C(=O)N(C)C,0,0.730347399036118,0.0032319416292798,6.072633,0.0244272915520575,0.12858179737158293
3613,CN(C)C(=O)C1CN(c2ccc(C#N)c(C(F)(F)F)c2)CC12CCN(C(=O)c1cccnc1)CC2,0,0.665770403146486,0.0054477551254218,4.9594674,0.0383286699325687,0.0940433743947918
3614,CN(C)C(=O)C1CN(c2ccc(C#N)c(C(F)(F)F)c2)CC12CCN(C(=O)c1ccccc1)CC2,0,0.66010754903449,0.0084506562759799,5.9344096,0.0398755545959632,0.09338383009633636
3615,CN(C)C(=O)C1CN(c2ccc(C#N)c(C(F)(F)F)c2)CC12CCN(C(=O)c1ccnn1C)CC2,0,0.66348841659163,0.0077235640247961,10.463385,0.0531402465769537,0.08183365347649375
3616,CCn1cc(CN2CCC3(CC2)CN(c2ccc(C#N)c(C(F)(F)F)c2)CC3C(=O)N(C)C)cn1,0,0.643515991289007,0.0047192407817788,14.237866,0.0398149430328126,0.07131699676937842
3617,Cc1ccc(C(=O)N2CCC3(CC2)CN(c2ccc(C#N)c(C(F)(F)F)c2)CC3C(=O)N(C)C)cc1,0,0.631899800284753,0.0044933961394727,5.955003,0.0491516529071069,0.092825219606574
3618,CN(C)C(=O)C1CN(c2ccc(C#N)c(C(F)(F)F)c2)CC12CCN(C(=O)C(C)(C)C)CC2,0,0.668627635922242,0.0024370669565375,0.2876402,0.040759037279959,0.1070665555609116
3619,COCCC(=O)N1CCC2(CC1)CN(c1ccc(C#N)c(C(F)(F)F)c1)CC2C(=O)N1CCCC1,0,0.630716213962464,0.0035780824543432,-3.5874295,0.0383318628273903,0.08744145622421647
3620,N#Cc1ccc(N2CC(C(=O)N3CCCC3)C3(CCNCC3)C2)cc1C(F)(F)F,0,0.820456424677984,0.0035500966196659,1.2280182,0.0117368894301314,0.08122600310991182
3621,CC(C)C(=O)N1CCC2(CC1)CN(c1ccc(C#N)c(C(F)(F)F)c1)CC2C(=O)N1CCCC1,0,0.663790054317109,0.0076849398641724,-4.526671,0.0337736597540355,0.09696845480834125
3622,CCCC(=O)N1CCC2(CC1)CN(c1ccc(C#N)c(C(F)(F)F)c1)CC2C(=O)N1CCCC1,0,0.657863761980449,0.0040704377079435,-2.5153587,0.0336276208436376,0.08615456150993896
3623,CNC(=O)C1CN(c2ccc(C#N)c(C(F)(F)F)c2)CC12CCN(C(=O)CNC(C)=O)CC2,0,0.701405154855488,0.0084037008761306,7.7485538,0.050935763572477,0.14535447876109728
3624,CNC(=O)C1CN(c2ccc(C#N)c(C(F)(F)F)c2)CC12CCN(C(=O)C1CC1)CC2,0,0.793929378768056,0.0244257336223683,-1.3592055,0.0398346360014847,0.08375297090618992
3625,CNC(=O)C1CN(c2ccc(C#N)c(C(F)(F)F)c2)CC12CCN(C(=O)C1CCC1)CC2,0,0.770846528750717,0.0073578926170959,2.809813,0.0388020986985732,0.07811092698906194
3626,CNC(=O)C1CN(c2ccc(C#N)c(C(F)(F)F)c2)CC12CCN(C(=O)c1ccc(C)s1)CC2,0,0.704458386865447,0.0288632418217904,8.986108,0.0457897679994276,0.06839750438888942
3627,CNC(=O)C1CN(c2ccc(C#N)c(C(F)(F)F)c2)CC12CCN(Cc1cccc(OC)c1)CC2,0,0.690833988844264,0.0067408548798784,4.2914977,0.0471243822357271,0.07334111546817418
3628,CNC(=O)C1CN(c2ccc(C#N)c(C(F)(F)F)c2)CC12CCN(C(=O)c1cc(C)ccc1C)CC2,0,0.684888944389519,0.0183215337242662,4.310534,0.0547570880022412,0.08899225503923244
3629,CCNC(=O)N1CCC2(CC1)CN(c1ccc(C#N)c(C(F)(F)F)c1)CC2C(=O)NC,0,0.760945793731758,0.0165286517835185,3.2952976,0.0242812641303637,0.11838760003422108
3630,CNC(=O)C1CN(c2ccc(C#N)c(C(F)(F)F)c2)CC12CCN(C(=O)c1ccsc1)CC2,0,0.732400174423739,0.0149537475235657,-0.35828745,0.0406337753228486,0.07713315603594624
3631,CNC(=O)C1CN(c2ccc(C#N)c(C(F)(F)F)c2)CC12CCN(C(=O)Cc1cccnc1)CC2,0,0.719413274833053,0.004724658284409,6.1405625,0.0467994001472944,0.09920937789486252
3632,CNC(=O)C1CN(c2ccc(C#N)c(C(F)(F)F)c2)CC12CCN(C(=O)NCc1ccccc1)CC2,0,0.670886986965285,0.29526295365717,1.7061948,0.0456062433012438,0.09118680067192583
3633,CNC(=O)C1CN(c2ccc(C#N)c(C(F)(F)F)c2)CC12CCN(C(=O)c1cnc(C)cn1)CC2,0,0.716037228747844,0.0072687192103363,6.014623,0.0497613043811733,0.10258742729678942
3634,CNC(=O)C1CN(c2ccc(C#N)c(C(F)(F)F)c2)CC12CCN(C(=O)CC1CCCCC1)CC2,0,0.681459710893234,0.0156170038836201,5.520342,0.0443859334304431,0.08411878961419512
3635,CNC(=O)C1CN(c2ccc(C#N)c(C(F)(F)F)c2)CC12CCN(C(=O)C1(C)CCCCC1)CC2,0,0.684113178643676,0.0134931566095698,-5.372876,0.0505927382679524,0.0914405145705465
3636,CNC(=O)C1CN(c2ccc(C#N)c(C(F)(F)F)c2)CC12CCN(C(=O)c1cccc(C)n1)CC2,0,0.720169010393864,0.0044811132505428,11.246498,0.0427364575275651,0.08614573412508164
3637,CNC(=O)C1CN(c2ccc(C#N)c(C(F)(F)F)c2)CC12CCN(C(=O)c1cncn1C)CC2,0,0.737583748408487,0.0089874157552115,13.700278,0.0500453071638041,0.07240986262840551
3638,CNC(=O)C1CN(c2ccc(C#N)c(C(F)(F)F)c2)CC12CCN(C(=O)c1ccncc1)CC2,0,0.743401981750085,0.0061912687642009,5.470073,0.0344761079103074,0.0940913753240705
3639,CNC(=O)C1CN(c2ccc(C#N)c(C(F)(F)F)c2)CC12CCN(C(=O)CCc1ccccc1)CC2,0,0.67631849692755,0.0172355086939398,2.9155102,0.0519111098690542,0.09138642658375719
3640,CNC(=O)C1CN(c2ccc(C#N)c(C(F)(F)F)c2)CC12CCN(C(=O)c1cccn1C)CC2,0,0.743315352412697,0.0061153794155951,6.6480556,0.0535395261706511,0.0732485135990513
3641,CNC(=O)C1CN(c2ccc(C#N)c(C(F)(F)F)c2)CC12CCN(C(=O)N1CCCC1)CC2,0,0.73133914762692,0.0043371188991502,7.149737,0.0400047820204537,0.09423372378566382
3642,CNC(=O)C1CN(c2ccc(C#N)c(C(F)(F)F)c2)CC12CCN(C(=O)c1cccnc1)CC2,0,0.743401981750085,0.0063299966383928,2.8177557,0.0355015555685783,0.09580829403456162
3643,CNC(=O)C1CN(c2ccc(C#N)c(C(F)(F)F)c2)CC12CCN(C(=O)NCCOC)CC2,0,0.647471416087449,0.0767221624772069,-2.0879788,0.0503247832282906,0.10596420023845714
3644,CNC(=O)C1CN(c2ccc(C#N)c(C(F)(F)F)c2)CC12CCN(C(=O)CCn1cccn1)CC2,0,0.69858121386466,0.0059677330930419,10.374036,0.0491363446812326,0.07713647461237993
3645,CNC(=O)C1CN(c2ccc(C#N)c(C(F)(F)F)c2)CC12CCN(C1CCCC1)CC2,0,0.786675317008607,0.0031852856845061,7.334869,0.0382984342355056,0.07349053683440612
3646,CCC(CC)C(=O)N1CCC2(CC1)CN(c1ccc(C#N)c(C(F)(F)F)c1)CC2C(=O)NC1CC1,0,0.643900580470165,0.0093388640790466,6.6967883,0.0469160987819546,0.07153253464645197
3647,N#Cc1ccc(N2CC(C(=O)NC3CC3)C3(CCN(C(=O)C4CCC4)CC3)C2)cc1C(F)(F)F,0,0.722173455078385,0.0077149436935242,4.2875137,0.0349187595246702,0.07351036876832404
3648,CCC(C)(C)C(=O)N1CCC2(CC1)CN(c1ccc(C#N)c(C(F)(F)F)c1)CC2C(=O)NC1CC1,0,0.666480025903189,0.0074578599824036,7.803555,0.0474237446913978,0.07080957247375606
3649,N#Cc1ccc(N2CC(C(=O)NC3CC3)C3(CCN(C(=O)c4ccncn4)CC3)C2)cc1C(F)(F)F,0,0.695556677207014,0.0075385869190088,10.947587,0.0486228496730707,0.07069840759471153
3650,CS(=O)(=O)N1CCC2(CC1)CN(c1ccc(C#N)c(C(F)(F)F)c1)CC2C(=O)NC1CC1,0,0.729247334449701,0.0036659087361285,9.540745,0.037055847467016,0.07628712611163418
3651,N#Cc1ccc(N2CC(C(=O)NC3CC3)C3(CCN(Cc4cccc(O)c4)CC3)C2)cc1C(F)(F)F,0,0.64353636659265,0.0090966701444419,5.006183,0.0713274110001081,0.06271952015777536
3652,CCC(=O)N1CCC2(CC1)CN(c1ccc(C#N)c(C(F)(F)F)c1)CC2C(=O)NC1CC1,0,0.766941264934235,0.0027892406139017,5.065442,0.046565017560348,0.08164272553110283
3653,N#Cc1ccc(N2CC(C(=O)NC3CC3)C3(CCN(C(=O)c4ccccc4)CC3)C2)cc1C(F)(F)F,0,0.688105988493358,0.0077886580167288,5.807482,0.0420008883658861,0.0654690547068014
3654,CC1(C(=O)N2CCC3(CC2)CN(c2ccc(C#N)c(C(F)(F)F)c2)CC3C(=O)NCC2CC2)CC1,0,0.681178065885938,0.0041706124080838,-2.2222257,0.0421995669462094,0.05399807552200205
3655,CCS(=O)(=O)N1CCC2(CC1)CN(c1ccc(C#N)c(C(F)(F)F)c1)CC2C(=O)NCC1CC1,0,0.651072177101187,0.002051669674141,13.502865,0.035073344551139,0.07955770556580076
3656,CNC(=O)C1CC2(CCN(c3ccc(C#N)c(C(F)(F)F)c3)CC2)CN1C(=O)c1ccc(C)s1,0,0.700065309502299,0.004830214026287,4.5387893,0.0396678828330598,0.06164167445509104
3657,CNC(=O)C1CC2(CCN(c3ccc(C#N)c(C(F)(F)F)c3)CC2)CN1C(=O)c1ccc(C)nc1,0,0.718716786759012,0.0069833224982546,-1.3453752,0.0274080106985568,0.08258321760876357
3658,CNC(=O)C1CC2(CCN(c3ccc(C#N)c(C(F)(F)F)c3)CC2)CN1C(=O)c1ccsc1,0,0.729536939839876,0.0091260984069158,-5.6278753,0.0310404208596639,0.06507134765216234
3659,CNC(=O)C1CC2(CCN(c3ccc(C#N)c(C(F)(F)F)c3)CC2)CN1C(=O)c1cscn1,0,0.733073614514458,0.0163347457888204,-3.7380333,0.0281925817631034,0.06766118912411714
3660,CNC(=O)C1CC2(CCN(c3ccc(C#N)c(C(F)(F)F)c3)CC2)CN1C(=O)c1cn(C)nc1C,0,0.717260616011536,0.0031634227695752,1.2769202,0.0507282812420475,0.08304590924303419
3661,CNC(=O)C1CC2(CCN(c3ccc(C#N)c(C(F)(F)F)c3)CC2)CN1C(=O)c1ccccc1C,0,0.710903726317055,0.0067898603807014,-0.14640391,0.0242515969205998,0.08811254032898773
3662,CC1(C(=O)N2CC3(CCN(c4ccc(C#N)c(C(F)(F)F)c4)CC3)CC2C(=O)NC2CC2)CC1,0,0.719543231888235,0.0056178307082727,-10.49905,0.072527300997418,0.07653623587781443
3663,N#Cc1ccc(N2CCC3(CC2)CC(C(=O)NC2CC2)N(C(=O)C2CC2)C3)cc1C(F)(F)F,0,0.746901850994973,0.0072865888534306,-7.976442,0.0609710510522159,0.07940979598468056
3664,N#Cc1ccc(N2CCC3(CC2)CC(C(=O)NC2CC2)N(C(=O)C2CCC2)C3)cc1C(F)(F)F,0,0.719543231888235,0.0046212411403322,-3.5744143,0.038226319712078,0.08172004807527887
3665,COCCC(=O)N1CC2(CCN(c3ccc(C#N)c(C(F)(F)F)c3)CC2)CC1C(=O)NC1CC1,0,0.679389430947126,0.0045002009837798,-5.417635,0.0318152771162178,0.08583809647639674
3666,CCNC(=O)N1CC2(CCN(c3ccc(C#N)c(C(F)(F)F)c3)CC2)CC1C(=O)NC1CC1,0,0.717702998940477,0.0185139070987269,1.5264233,0.0272968926877859,0.10372243278195525
3667,CC(C)NC(=O)N1CC2(CCN(c3ccc(C#N)c(C(F)(F)F)c3)CC2)CC1C(=O)NC1CC1,0,0.693299847256072,0.011228116875768,4.074937,0.031116298741242,0.10068534749267384
3668,CN(C)S(=O)(=O)N1CC2(CCN(c3ccc(C#N)c(C(F)(F)F)c3)CC2)CC1C(=O)NC1CC1,0,0.670945820342027,0.0057631219573875,7.032352,0.0337633928004001,0.07186967077955142
3669,N#Cc1ccc(N2CCC3(CC2)CC(C(=O)NC2CC2)N(C(=O)c2ccncn2)C3)cc1C(F)(F)F,0,0.695081289591904,0.0049857253203652,3.2406301,0.022503755341994,0.0676488406736009
3670,Cn1cccc1C(=O)N1CC2(CCN(c3ccc(C#N)c(C(F)(F)F)c3)CC2)CC1C(=O)NC1CC1,0,0.695897687202433,0.0035365207891294,2.8359332,0.0260856289595248,0.06442562158844907
3671,CCCC(=O)N1CC2(CCN(c3ccc(C#N)c(C(F)(F)F)c3)CC2)CC1C(=O)NC1CC1,0,0.721473508496198,0.003124591597958,-3.5616393,0.0258609806953187,0.09424872594791542
3672,N#Cc1ccc(N2CCC3(CC2)CC(C(=O)NC2CC2)N(C(=O)c2cccnc2)C3)cc1C(F)(F)F,0,0.695180192451488,0.0019055049429277,-1.8337696,0.0346548354343367,0.06437272795323509
3673,CNC(=O)N1CC2(CCN(c3ccc(C#N)c(C(F)(F)F)c3)CC2)CC1C(=O)NC1CC1,0,0.742953315197566,0.0055025166463692,1.465227,0.0173989248237796,0.10057525610148121
3674,COCCNC(=O)N1CC2(CCN(c3ccc(C#N)c(C(F)(F)F)c3)CC2)CC1C(=O)NC1CC1,0,0.594343368570783,0.0086092247806576,-4.977812,0.0181493464364718,0.0725756247883389
3675,CNC(=O)C1CC2(CCN(c3ccc(C#N)c(C(F)(F)F)c3)CC2)CN1C(=O)c1cccnc1,0,0.742734009973324,0.0040205450222073,-3.3051083,0.0214656459171678,0.08624568403763605
3676,CCn1cc(C(=O)N2CC3(CCN(c4ccc(C#N)c(C(F)(F)F)c4)CC3)CC2C(=O)NC)cn1,0,0.714171998298246,0.0067668824405283,6.302921,0.0385635492247805,0.07558828742815878
3677,COCC(=O)N1CC2(CCN(c3ccc(C#N)c(C(F)(F)F)c3)CC2)CC1C(N)=O,0,0.795928230524614,0.002510031467889,-9.696652,0.0114253284011276,0.11509200792149854
3678,CC1(C(=O)N2CC3(CCN(c4ccc(C#N)c(C(F)(F)F)c4)CC3)CC2C(N)=O)CC1,0,0.791830155006245,0.0022460852578197,-15.708545,0.0427709775398179,0.08853966369881734
3679,COCCOCC(=O)N1CC2(CCN(c3ccc(C#N)c(C(F)(F)F)c3)CC2)CC1C(N)=O,0,0.612736643143818,0.0017911554648339,-3.63449,0.0152468082672197,0.12784182790953968
3680,N#Cc1ccc(N2CCC3(CC2)CC(C(N)=O)N(C(=O)NC2CCCCC2)C3)cc1C(F)(F)F,0,0.691921272865779,0.0057192767484305,0.899269,0.0420718800701412,0.1017329385844937
3681,Cc1cccc(C(=O)N2CC3(CCN(c4ccc(C#N)c(C(F)(F)F)c4)CC3)CC2C(N)=O)c1,0,0.737469905219454,0.0036965605155424,-4.6578617,0.0550852812754166,0.10740435826667763
3682,Cc1ccc(CC(=O)N2CC3(CCN(c4ccc(C#N)c(C(F)(F)F)c4)CC3)CC2C(N)=O)cc1,0,0.714906017683712,0.0035442714922283,-3.0801187,0.0453635942704007,0.11097999631788572
3683,CCC(CC)C(=O)N1CC2(CCN(c3ccc(C#N)c(C(F)(F)F)c3)CC2)CC1C(N)=O,0,0.740940491865845,0.0053717437327602,-1.104528,0.0385859608751815,0.13482221194494698
3684,N#Cc1ccc(N2CCC3(CC2)CC(C(N)=O)N(C(=O)C2CCC2)C3)cc1C(F)(F)F,0,0.791830155006245,0.0037078165904035,-9.561604,0.023802053655353,0.09677269017582608
3685,N#Cc1ccc(N2CCC3(CC2)CC(C(N)=O)N(C(=O)c2ccc(F)c(F)c2)C3)cc1C(F)(F)F,0,0.659677108453421,0.01011031917813,-4.1892796,0.091334261756382,0.12063383812553945
3686,N#Cc1ccc(N2CCC3(CC2)CC(C(N)=O)N(C(=O)Cc2cccs2)C3)cc1C(F)(F)F,0,0.730833581546565,0.0033155508276826,-5.3154216,0.0360918884380836,0.08427500381162933
3687,N#Cc1ccc(N2CCC3(CC2)CC(C(N)=O)N(C(=O)Nc2ccccc2F)C3)cc1C(F)(F)F,0,0.634179957405526,0.0162348077670999,-1.2506976,0.0595484577792169,0.1126260785212669
3688,COc1cccc(C(=O)N2CC3(CCN(c4ccc(C#N)c(C(F)(F)F)c4)CC3)CC2C(N)=O)c1,0,0.712421970416846,0.0020969988598509,-5.792704,0.0747482669087782,0.10089564404687687
3689,CN(C)c1ccc(C(=O)N2CC3(CCN(c4ccc(C#N)c(C(F)(F)F)c4)CC3)CC2C(N)=O)cc1,0,0.6936188310017,0.0030866326911404,-7.302705,0.1182594845269557,0.11994267155166627
3690,Cc1ccc(C(=O)N2CC3(CCN(c4ccc(C#N)c(C(F)(F)F)c4)CC3)CC2C(N)=O)cn1,0,0.740234318473002,0.0042625680005341,-6.814598,0.0295275650895846,0.10653184029483136
3691,N#Cc1ccc(N2CCC3(CC2)CC(C(N)=O)N(C(=O)c2ccsc2)C3)cc1C(F)(F)F,0,0.754427357850669,0.0020592002485855,-8.675542,0.0282870566613049,0.08981314836729826
3692,N#Cc1ccc(N2CCC3(CC2)CC(C(N)=O)N(C(=O)CCC2CCCC2)C3)cc1C(F)(F)F,0,0.689044216689692,0.0286162766440892,-6.6787915,0.0377853900714534,0.08018415140032842
3693,Cn1cnc(C(=O)N2CC3(CCN(c4ccc(C#N)c(C(F)(F)F)c4)CC3)CC2C(N)=O)c1,0,0.756291845397924,0.0039231626506415,7.5052953,0.0410859926179114,0.08713772851785112
3694,CC(C)NC(=O)N1CC2(CCN(c3ccc(C#N)c(C(F)(F)F)c3)CC2)CC1C(N)=O,0,0.759087377166246,0.0078552884872491,-2.1874523,0.0151634547294859,0.12924179024518617
3695,N#Cc1ccc(N2CCC3(CC2)CC(C(N)=O)N(C(=O)CC2CCCCC2)C3)cc1C(F)(F)F,0,0.704596662763173,0.0021903641757186,-2.9612155,0.047043492460427,0.11071701673077139
3696,Cc1ccc(C(=O)N2CC3(CCN(c4ccc(C#N)c(C(F)(F)F)c4)CC3)CC2C(N)=O)cc1F,0,0.661420086024892,0.0095223702617869,-1.8701683,0.1045094116617313,0.1240361739137547
3697,Cc1cccc(C(=O)N2CC3(CCN(c4ccc(C#N)c(C(F)(F)F)c4)CC3)CC2C(N)=O)n1,0,0.740234318473002,0.0047775012832749,0.9542321,0.0489767337924474,0.10599653011434877
3698,Cc1cccnc1C(=O)N1CC2(CCN(c3ccc(C#N)c(C(F)(F)F)c3)CC2)CC1C(N)=O,0,0.740234318473002,0.0021638602698095,-0.2011044,0.0308213799331588,0.12130692015082685
3699,Cc1cncc(C(=O)N2CC3(CCN(c4ccc(C#N)c(C(F)(F)F)c4)CC3)CC2C(N)=O)c1,0,0.740234318473002,0.0047935688166214,-10.251746,0.0385073887540292,0.10112931632591449
3700,CS(=O)(=O)N1CC2(CCN(c3ccc(C#N)c(C(F)(F)F)c3)CC2)CC1C(N)=O,0,0.785207719466007,0.0029984680139569,-0.48663127,0.0173499005678984,0.11152799442063696
3701,N#Cc1ccc(N2CCC3(CC2)CC(C(N)=O)N(C(=O)CCc2ccccc2)C3)cc1C(F)(F)F,0,0.697488526834386,0.0079920506664451,-3.141654,0.0423553537670956,0.10255554612752697
3702,CCCC(=O)N1CC2(CCN(c3ccc(C#N)c(C(F)(F)F)c3)CC2)CC1C(N)=O,0,0.807579923437373,0.001732055894469,-9.9100685,0.0147548223068128,0.12989039514605435
3703,N#Cc1ccc(N2CCC3(CC2)CC(C(N)=O)N(C(=O)c2ccccc2)C3)cc1C(F)(F)F,0,0.76478562833118,0.0020476568519518,-4.236704,0.032336584377429,0.11768611222618182
3704,Cc1ccc(NC(=O)N2CC3(CCN(c4ccc(C#N)c(C(F)(F)F)c4)CC3)CC2C(N)=O)cc1C,0,0.64575968477261,0.0130208917238176,-0.2694863,0.0846486795831073,0.10266936287604116
3705,CCc1ccccc1NC(=O)N1CC2(CCN(c3ccc(C#N)c(C(F)(F)F)c3)CC2)CC1C(N)=O,0,0.645850718854435,0.0168013860119841,-1.1044252,0.0470255271326244,0.10264314900719154
3706,N#Cc1ccc(N2CCC3(CC2)CC(C(N)=O)N(C(=O)Cc2ccccc2)C3)cc1C(F)(F)F,0,0.740811275917908,0.0054741755761516,-5.210442,0.0424301318881396,0.10425727407381427
3707,CCn1ncc(C(=O)N2CC3(CCN(c4ccc(C#N)c(C(F)(F)F)c4)CC3)CC2C(N)=O)c1C,0,0.711677990144206,0.0029920441878379,-2.5418632,0.0535688585478672,0.12195904373758257
3708,Cn1ccnc1C(=O)N1CC2(CCN(c3ccc(C#N)c(C(F)(F)F)c3)CC2)CC1C(N)=O,0,0.756291845397924,0.003274397027518,-9.021356,0.0302207752591525,0.09614334159988061
3709,Cc1ccccc1C(=O)N1CC2(CCN(c3ccc(C#N)c(C(F)(F)F)c3)CC2)CC1C(N)=O,0,0.737469905219454,0.0037557126215494,-5.888745,0.0443693807416318,0.12075658736718346
3710,CC(C)(C)C(=O)N1CC2(CCN(c3ccc(C#N)c(C(F)(F)F)c3)CC2)CC1C(N)=O,0,0.770330798756536,0.0022145979329559,-11.239921,0.0184850120786572,0.12269795211550583
3711,CNC(=O)C1CC2(CCN(c3ccc(C#N)c(C(F)(F)F)c3)CC2)CN1C(=O)c1ccccc1F,0,0.663995079398453,0.0042649432868123,1.0402979,0.0430828975572258,0.1010805732246661
3712,CC(C)CC(=O)N1CCC2(CC1)CC(C(N)=O)N(c1ccc(C#N)c(C(F)(F)F)c1)C2,0,0.7842563159428,0.0077622527461577,-8.702565,0.0188357095191351,0.12911206376886736
3713,N#Cc1ccc(N2CC3(CCN(C(=O)C4CCC4)CC3)CC2C(N)=O)cc1C(F)(F)F,0,0.791830155006245,0.0021161626064331,-2.9545388,0.0383153774659631,0.1052795990259873
3714,COCCC(=O)N1CCC2(CC1)CC(C(N)=O)N(c1ccc(C#N)c(C(F)(F)F)c1)C2,0,0.760505483464819,0.0020876417770207,-5.402452,0.0207363253629582,0.11782290234420734
3715,CCOCC(=O)N1CCC2(CC1)CC(C(N)=O)N(c1ccc(C#N)c(C(F)(F)F)c1)C2,0,0.760505483464819,0.0019750268153456,-4.6788206,0.0235881235789109,0.12522821643357665
3716,CNC(=O)C1CC2(CCN(C(=O)c3ccoc3)CC2)CN1c1ccc(C#N)c(C(F)(F)F)c1,0,0.758373377402477,0.0066503811785849,4.8229337,0.0296140771609873,0.07479620182814575
3717,CCS(=O)(=O)N1CCC2(CC1)CC(C(=O)NC)N(c1ccc(C#N)c(C(F)(F)F)c1)C2,0,0.747677394006606,0.0030705374700461,9.821081,0.0354917229653886,0.1191921221262124
3718,CNC(=O)C1CC2(CCN(C(=O)NC3CCCCC3)CC2)CN1c1ccc(C#N)c(C(F)(F)F)c1,0,0.668506004715278,0.0167069552864837,0.9450983,0.036678470617476,0.10311061378630956
3719,CNC(=O)C1CC2(CCN(C(=O)c3cccc(C)c3)CC2)CN1c1ccc(C#N)c(C(F)(F)F)c1,0,0.710903726317055,0.0129938709668285,-0.7913507,0.0373373914123192,0.08523635940815266
3720,CNC(=O)C1CC2(CCN(C(=O)CC(C)C)CC2)CN1c1ccc(C#N)c(C(F)(F)F)c1,0,0.761237729148601,0.003494039702578,-6.261104,0.0415322361629178,0.09039747106470979
3721,CNC(=O)C1CC2(CCN(C(=O)C3CCC3)CC2)CN1c1ccc(C#N)c(C(F)(F)F)c1,0,0.76992758075079,0.0071579432598047,-0.38879526,0.035592108244639,0.06879263705438524
3722,CNC(=O)C1CC2(CCN(Cc3ccc(C)cn3)CC2)CN1c1ccc(C#N)c(C(F)(F)F)c1,0,0.732761094273171,0.0086292409411157,-0.36994398,0.0497120445723212,0.09408553676023639
3723,Cc1cc(C(=O)N2CC3(CCN(c4ccc(C#N)c(C(F)(F)F)c4)CC3)CC2C(=O)N(C)C)no1,0,0.655680735320518,0.0065971041563833,-0.8924593,0.0389261466660529,0.09194763277643137
3724,CN(C)C(=O)C1CC2(CCN(c3ccc(C#N)c(C(F)(F)F)c3)CC2)CN1C(=O)c1cccs1,0,0.646058148666076,0.0050669108785536,-1.7210548,0.0202181125716298,0.0670494606256247
3725,CN(C)C(=O)C1CC2(CCN(c3ccc(C#N)c(C(F)(F)F)c3)CC2)CN1C(=O)C1CC=CC1,0,0.625066842158253,0.0143759381106309,-2.5157986,0.0235212671876037,0.08360367632301036
3726,CN(C)C(=O)C1CC2(CCN(c3ccc(C#N)c(C(F)(F)F)c3)CC2)CN1C(=O)C1CCOCC1,0,0.647473119776775,0.0082391924307908,-5.9858794,0.0338986394475724,0.11487911175243937
3727,CN(C)C(=O)C1CC2(CCN(c3ccc(C#N)c(C(F)(F)F)c3)CC2)CN1C(=O)Cc1ccncc1,0,0.643591251531595,0.0040896628894913,-1.814335,0.0287529711370073,0.08680680286556745
3728,CN(C)C(=O)C1CC2(CCN(c3ccc(C#N)c(C(F)(F)F)c3)CC2)CN1S(=O)(=O)N(C)C,0,0.649506021307765,0.0021125747271325,9.510978,0.0317697986743963,0.0923224664002525
3729,CN(C)C(=O)C1CC2(CCN(c3ccc(C#N)c(C(F)(F)F)c3)CC2)CN1C(=O)CC1CCCC1,0,0.626271637950999,0.0045912909714905,-0.27481496,0.0285446876952627,0.06485481091079179
3730,CN(C)C(=O)C1CC2(CCN(c3ccc(C#N)c(C(F)(F)F)c3)CC2)CN1C(=O)CC1CC1,0,0.685185551655615,0.0015664693889052,-0.45647216,0.0274560979853087,0.06937448228094256
3731,CN(C)C(=O)C1CC2(CCN(c3ccc(C#N)c(C(F)(F)F)c3)CC2)CN1C(=O)c1ncccn1,0,0.662455811661772,0.00850837567886,-5.957868,0.029634811218971,0.0890612448614455
3732,CC(C)C(=O)N1CC2(CCN(c3ccc(C#N)c(C(F)(F)F)c3)CC2)CC1C(=O)N(C)C,0,0.70698592725817,0.0047182357774244,-6.623833,0.0169319585831638,0.10506393649743562
3733,CCC(=O)N1CC2(CCN(c3ccc(C#N)c(C(F)(F)F)c3)CC2)CC1C(=O)N(C)C,0,0.729591674756775,0.0026100017335988,-7.036196,0.0159199501471389,0.12172615538768057
3734,CC(C)CCNC(=O)N1CC2(CCN(c3ccc(C#N)c(C(F)(F)F)c3)CC2)CC1C(=O)N(C)C,0,0.670477577707822,0.014910495437146,-6.774023,0.0356663421535076,0.08015043224213526
3735,CN(C)C(=O)C1CC2(CCN(c3ccc(C#N)c(C(F)(F)F)c3)CC2)CN1C(=O)c1ccnn1C,0,0.66346313983728,0.0098388380838718,-0.11773908,0.0549316269513249,0.07721815848722328
3736,CN(C)C(=O)C1CC2(CCN(c3ccc(C#N)c(C(F)(F)F)c3)CC2)CN1C(=O)c1nccn1C,0,0.66346313983728,0.0030705891294396,-5.543808,0.0456019936752553,0.07214463685454078
3737,CN(C)C(=O)C1CC2(CCN(c3ccc(C#N)c(C(F)(F)F)c3)CC2)CN1C(=O)c1ccn(C)n1,0,0.66346313983728,0.0031165874117351,-4.557605,0.0465914607521012,0.07353840609679359
3738,Cc1ccc(C(=O)N2CC3(CCN(c4ccc(C#N)c(C(F)(F)F)c4)CC3)CC2C(=O)N(C)C)cc1,0,0.626244409920948,0.0108283181170544,-2.6538165,0.0477903381788884,0.08513902207505013
3739,CC(C)CC(=O)N1CC2(CCN(c3ccc(C#N)c(C(F)(F)F)c3)CC2)CC1C(=O)N1CCCC1,0,0.626271637950999,0.0065650703933626,-11.605575,0.0235371697380419,0.09300587287606923
3740,CCNC(=O)N1CC2(CCN(c3ccc(C#N)c(C(F)(F)F)c3)CC2)CC1C(=O)N1CCCC1,0,0.721793539961696,0.0047299752572519,-4.3294806,0.027442720311267,0.08857329297222341
3741,CCCC(=O)N1CC2(CCN(c3ccc(C#N)c(C(F)(F)F)c3)CC2)CC1C(=O)N1CCCC1,0,0.653802402277513,0.0039806571202157,-8.7889805,0.0233386036632736,0.08777562843379287
3742,N#Cc1ccc(N2CC3(CCN(C(=O)c4ccoc4)CC3)CC2C(N)=O)cc1C(F)(F)F,0,0.780217952099059,0.0030022816857133,2.6572304,0.0380997835076595,0.104800717713243
3743,CCc1ccc(C(=O)N2CCC3(CC2)CC(C(N)=O)N(c2ccc(C#N)c(C(F)(F)F)c2)C3)cc1,0,0.706823841964367,0.0046830225055868,-0.71996963,0.0700183790043552,0.14964204726651328
3744,N#Cc1ccc(N2CC3(CCN(C(=O)c4ccccc4F)CC3)CC2C(N)=O)cc1C(F)(F)F,0,0.687253737096957,0.0028590979439441,5.1165986,0.0553006521978617,0.1351028544329273
3745,CN(C)C(=O)C1CC2(CCN(Cc3ccncc3)CC2)CN1c1ccc(C#N)c(C(F)(F)F)c1,0,0.676522937434811,0.0037874420441882,1.4137145,0.0634371609820763,0.09206053300069753
3746,CCN(CC)C(=O)N1CCC2(CC1)CC(C(=O)N(C)C)N(c1ccc(C#N)c(C(F)(F)F)c1)C2,0,0.659027989990829,0.0063190261039426,6.5332313,0.0489281434179425,0.1334591218541811
3747,CN(C)C(=O)C1CC2(CCN(C(=O)CC3CCCC3)CC2)CN1c1ccc(C#N)c(C(F)(F)F)c1,0,0.626271637950999,0.0058014317503475,1.2409433,0.0310564777011706,0.06944725154465506
3748,CN(C)C(=O)C1CC2(CCN(C(=O)c3cncn3C)CC2)CN1c1ccc(C#N)c(C(F)(F)F)c1,0,0.66346313983728,0.0046114654743369,10.615092,0.0408654808522294,0.07461752545081314
3749,CC(C)C(=O)N1CCC2(CC1)CC(C(=O)N(C)C)N(c1ccc(C#N)c(C(F)(F)F)c1)C2,0,0.70698592725817,0.0031014967732842,-4.420585,0.0382036139465941,0.111154504562695
3750,CN(C)C(=O)C1CC2(CCN(C(=O)c3cccn3C)CC2)CN1c1ccc(C#N)c(C(F)(F)F)c1,0,0.66452145356349,0.0036944937663641,1.8373245,0.0361551254373278,0.07331154940742667
3751,CC(=O)N1CCC2(CC1)CC(C(=O)N(C)C)N(c1ccc(C#N)c(C(F)(F)F)c1)C2,0,0.735199102643457,0.002416719747416,-4.8753343,0.0247386085942749,0.11828528887114804
3752,CN(C)C(=O)C1CC2(CCN(C(=O)c3ccccc3)CC2)CN1c1ccc(C#N)c(C(F)(F)F)c1,0,0.656148178149833,0.0070507321798489,-0.7425564,0.0310259676050859,0.09388996339090472
3753,CN(C)C(=O)C1CC2(CCN(C(=O)Cc3ccccc3)CC2)CN1c1ccc(C#N)c(C(F)(F)F)c1,0,0.636918227132566,0.0087453451122648,-2.686448,0.0358021643820085,0.09151375069081666
3754,CN(C)C(=O)C1CC2(CCN(C(=O)NC3CCCC3)CC2)CN1c1ccc(C#N)c(C(F)(F)F)c1,0,0.693907903115096,0.0061162827537069,-0.86892736,0.0278395168265733,0.07232353478823055
3755,Cc1noc(C)c1CN1CCC2(CC1)CC(C(=O)N(C)C)N(c1ccc(C#N)c(C(F)(F)F)c1)C2,0,0.642939984847153,0.0052769625824329,1.1906708,0.047180065888947,0.075989288980044
3756,CN(C)C(=O)C1CC2(CCN(C(=O)c3ccn(C)n3)CC2)CN1c1ccc(C#N)c(C(F)(F)F)c1,0,0.66346313983728,0.0036033083244474,0.88236606,0.0391808077787559,0.07680975497407701
3757,Cc1ccccc1C(=O)N1CCC2(CC1)CC(C(=O)N(C)C)N(c1ccc(C#N)c(C(F)(F)F)c1)C2,0,0.626244409920948,0.0078564416838124,1.6366166,0.0334494683765565,0.09508251381294161
3758,COCC(=O)N1C[C@@H](C(N)=O)[C@H](C2CCN(c3ccc(C#N)c(C(F)(F)F)c3)CC2)C1,0,0.758168625816255,0.0013931276301297,-2.411891,0.0120502115674373,0.12407998588311045
3759,CC1(C(=O)N2C[C@@H](C(N)=O)[C@H](C3CCN(c4ccc(C#N)c(C(F)(F)F)c4)CC3)C2)CC1,0,0.766268733389079,0.0025564624236617,-13.636873,0.0098584246823804,0.08713204688536476
3760,Cc1ccc(C(=O)N2C[C@@H](C(N)=O)[C@H](C3CCN(c4ccc(C#N)c(C(F)(F)F)c4)CC3)C2)cc1C,0,0.681305689263998,0.0080520168354609,-1.7577171,0.0717882832692039,0.09899986677212243
3761,N#Cc1ccc(N2CCC([C@@H]3CN(C(=O)C4CCC4)C[C@H]3C(N)=O)CC2)cc1C(F)(F)F,0,0.766268733389079,0.0061982807670966,-6.4391346,0.0126963457179147,0.08929645857298785
3762,N#Cc1ccc(N2CCC([C@@H]3CN(C(=O)c4cccc(F)c4)C[C@H]3C(N)=O)CC2)cc1C(F)(F)F,0,0.663191294147802,0.003053697377648,-6.051647,0.0431565970033392,0.12999629472263213
3763,Cc1ccc(C(=O)N2C[C@@H](C(N)=O)[C@H](C3CCN(c4ccc(C#N)c(C(F)(F)F)c4)CC3)C2)s1,0,0.700610810971691,0.0063000826770666,0.63596594,0.0156801584722021,0.07777712180232713
3764,COCC(=O)N1CCC2(CC1)CC(C(=O)N(C)C)N(c1ccc(C#N)c(C(F)(F)F)c1)C2,0,0.701784146447561,0.0015844804137111,-5.3667555,0.0303388007112721,0.09724148258033864
3765,CCS(=O)(=O)N1CCC2(CC1)CC(C(=O)N(C)C)N(c1ccc(C#N)c(C(F)(F)F)c1)C2,0,0.672858815033221,0.0024283648426641,8.816884,0.0380798748137131,0.1250268878312127
3766,CC(C)CC(=O)N1CCC2(CC1)CC(C(=O)N(C)C)N(c1ccc(C#N)c(C(F)(F)F)c1)C2,0,0.677996228924673,0.0059758257052225,-7.9987493,0.0377243286874924,0.1018488260807678
3767,CN(C)C(=O)C1CC2(CCN(Cc3cccc(F)c3)CC2)CN1c1ccc(C#N)c(C(F)(F)F)c1,0,0.587570626602771,0.0072781093637205,-2.9193673,0.1064444829683849,0.09753307440473286
3768,CCOCC(=O)N1CCC2(CC1)CC(C(=O)N(C)C)N(c1ccc(C#N)c(C(F)(F)F)c1)C2,0,0.66714006199292,0.0013641084704911,-3.8847713,0.0323136957247463,0.11862357882349499
3769,CN(C)C(=O)C1CC2(CCN(C(=O)Cc3cccnc3)CC2)CN1c1ccc(C#N)c(C(F)(F)F)c1,0,0.643591251531595,0.0032324970748922,1.0874051,0.0371151634115161,0.09480390281369824
3770,CN(C)C(=O)C1CC2(CCN(C(=O)c3cc[nH]n3)CC2)CN1c1ccc(C#N)c(C(F)(F)F)c1,0,0.738164664632568,0.003469157260238,0.42472565,0.0444260300057384,0.08132552586405632
3771,CN(C)C(=O)C1CC2(CCN(C3CCOCC3)CC2)CN1c1ccc(C#N)c(C(F)(F)F)c1,0,0.6854201574035,0.00351285970196,3.605486,0.0470948623326593,0.10265997248948992
3772,Cc1ncoc1C(=O)N1CCC2(CC1)CC(C(=O)N(C)C)N(c1ccc(C#N)c(C(F)(F)F)c1)C2,0,0.655680735320519,0.0044396999350109,1.8906273,0.0345283388042069,0.08676282176163298
3773,CNC(=O)C1CC2(CCN(C(=O)CC(C)(C)C)CC2)CN1c1ccc(C#N)c(C(F)(F)F)c1,0,0.735152218117505,0.0150958455156167,1.183638,0.0330115387145684,0.09932363385512175
3774,CNC(=O)C1CC2(CCN(C(=O)C3CCCC3)CC2)CN1c1ccc(C#N)c(C(F)(F)F)c1,0,0.743337905278989,0.0075455006083399,5.0069995,0.0310619049552535,0.06706835284910904
3775,CNC(=O)C1CC2(CCN(CC3CCCCC3)CC2)CN1c1ccc(C#N)c(C(F)(F)F)c1,0,0.7125786196412,0.0061998581384597,3.0496101,0.0578246588204178,0.10144153982892445
3776,CNC(=O)C1CC2(CCN(Cc3ccccc3)CC2)CN1c1ccc(C#N)c(C(F)(F)F)c1,0,0.749935205976964,0.0040513619840841,1.9509922,0.0539450918078982,0.09209129390232215
3777,CNC(=O)C1CC2(CCN(C(=O)c3ccccc3)CC2)CN1c1ccc(C#N)c(C(F)(F)F)c1,0,0.740092923614784,0.0128432931543475,0.59323776,0.0379296030754774,0.09054890379791776
3778,CNC(=O)C1CC2(CCN(C(=O)NC3CCCC3)CC2)CN1c1ccc(C#N)c(C(F)(F)F)c1,0,0.69597703261633,0.0064940588217967,0.8593031,0.0308959959418138,0.07394993244309245
3779,CNC(=O)C1CC2(CCN(C(=O)NCCOC)CC2)CN1c1ccc(C#N)c(C(F)(F)F)c1,0,0.648267648712282,0.0092158649479519,-8.603898,0.0448632195533231,0.1113657412879614
3780,CNC(=O)C1CC2(CCN(C(=O)c3ccccc3C)CC2)CN1c1ccc(C#N)c(C(F)(F)F)c1,0,0.710903726317055,0.008536700165279,2.9039469,0.0359667281927755,0.08457223721121813
3781,N#Cc1ccc(N2CC3(CCN(C(=O)c4ccoc4)CC3)CC2C(=O)NC2CC2)cc1C(F)(F)F,0,0.707081082420563,0.0050821696209628,5.1543612,0.0330881030557291,0.06569919304116933
3782,CC(=O)NCC(=O)N1CCC2(CC1)CC(C(=O)NC1CC1)N(c1ccc(C#N)c(C(F)(F)F)c1)C2,0,0.657070028381418,0.0152929607974655,3.854332,0.0383510224908845,0.12323309669738125
3783,CCC(CC)C(=O)N1CCC2(CC1)CC(C(=O)NC1CC1)N(c1ccc(C#N)c(C(F)(F)F)c1)C2,0,0.638107986894217,0.0060136094917633,2.5963473,0.0664201374027176,0.07450149365968273
3784,N#Cc1ccc(N2CC3(CCN(C(=O)C4CC4)CC3)CC2C(=O)NC2CC2)cc1C(F)(F)F,0,0.746901850994974,0.0038155027391021,-3.6789122,0.0479835643869972,0.08382397394678531
3785,Cc1ccc(CN2CCC3(CC2)CC(C(=O)NC2CC2)N(c2ccc(C#N)c(C(F)(F)F)c2)C3)nc1,0,0.662317256411573,0.0122868144286253,0.47151935,0.0429816883284644,0.06887048246466751
3786,N#Cc1ccc(N2CC3(CCN(C(=O)c4cnccn4)CC3)CC2C(=O)NC2CC2)cc1C(F)(F)F,0,0.695081289591904,0.0072691668790514,4.1357093,0.0333035780480231,0.07171369518075245
3787,N#Cc1ccc(N2CC3(CCN(C(=O)c4ccncn4)CC3)CC2C(=O)NC2CC2)cc1C(F)(F)F,0,0.695081289591904,0.0037101262686808,7.3997293,0.0340937529792497,0.07314451963261567
3788,N#Cc1ccc(N2CC3(CCN(C(=O)c4ncccn4)CC3)CC2C(=O)NC2CC2)cc1C(F)(F)F,0,0.695081289591904,0.0031636241091088,-1.4810735,0.033012677279557,0.07512657506825508
3789,N#Cc1ccc(N2CC3(CCN(C(=O)c4ccco4)CC3)CC2C(=O)NC2CC2)cc1C(F)(F)F,0,0.707081082420563,0.0051566708420738,-1.2902677,0.0404678985970847,0.062466379813386944
3790,CC(C)C(=O)N1CCC2(CC1)CC(C(=O)NC1CC1)N(c1ccc(C#N)c(C(F)(F)F)c1)C2,0,0.74048147316246,0.0042266185922775,-1.9924612,0.0461470051792705,0.09204012495796864
3791,Cn1cccc1C(=O)N1CCC2(CC1)CC(C(=O)NC1CC1)N(c1ccc(C#N)c(C(F)(F)F)c1)C2,0,0.695897687202434,0.0032798600159487,4.049493,0.0442250898049633,0.06308990887290174
3792,CN1CCC2(CC1)CC(C(=O)NC1CC1)N(c1ccc(C#N)c(C(F)(F)F)c1)C2,0,0.837973407837021,0.0023064700135973,2.9298396,0.0468466183284201,0.08125466202931861
3793,N#Cc1ccc(N2CC3(CCN(C(=O)c4cccnc4)CC3)CC2C(=O)NC2CC2)cc1C(F)(F)F,0,0.695180192451488,0.0034880921306567,0.3726164,0.0400160464304889,0.07263915151002101
3794,N#Cc1ccc(N2CC3(CCN(C(=O)c4ccccc4)CC3)CC2C(=O)NC2CC2)cc1C(F)(F)F,0,0.682776557880044,0.0063846607565433,1.4822842,0.049724833636454,0.06921723726914424
3795,CC(C)(C)C(=O)N1CCC2(CC1)CC(C(=O)NC1CC1)N(c1ccc(C#N)c(C(F)(F)F)c1)C2,0,0.713146487941015,0.0050497422098134,-4.836961,0.0441624705843896,0.07911372921845079
3796,CNC(=O)[C@@H]1CN(C(=O)c2cnn(C)c2)C[C@H]1C1CCN(c2ccc(C#N)c(C(F)(F)F)c2)CC1,0,0.714360584693203,0.0107961924187584,-5.0468197,0.0242306838788271,0.07666428171839147
3797,CC(C)CN1C[C@@H](C(=O)NC2CC2)[C@H](C2CCN(c3ccc(C#N)c(C(F)(F)F)c3)CC2)C1,0,0.685857775592211,0.005543801997381,-16.088793,0.0045979237783243,0.055684619727485486
3798,N#Cc1ccc(N2CCC([C@@H]3CN(C(=O)C4CC4)C[C@H]3C(=O)NC3CC3)CC2)cc1C(F)(F)F,0,0.708260539342867,0.0062568968695372,-12.411089,0.0258018657684006,0.053652408048863974
3799,N#Cc1ccc(N2CCC([C@@H]3CN(C(=O)C4CCC4)C[C@H]3C(=O)NC3CC3)CC2)cc1C(F)(F)F,0,0.681215019980989,0.0072015586034873,-9.055263,0.0234945872356203,0.053601867717915384
3800,COCCC(=O)N1C[C@@H](C(=O)NC2CC2)[C@H](C2CCN(c3ccc(C#N)c(C(F)(F)F)c3)CC2)C1,0,0.632101015509004,0.0037510681894211,-8.780231,0.0087039691144819,0.05574863064682173
3801,CCOCC(=O)N1C[C@@H](C(=O)NC2CC2)[C@H](C2CCN(c3ccc(C#N)c(C(F)(F)F)c3)CC2)C1,0,0.632101015509004,0.0032785164720135,-8.985882,0.0197801945552188,0.05394185749940285
3802,Cn1cccc1CN1C[C@@H](C(=O)NC2CC2)[C@H](C2CCN(c3ccc(C#N)c(C(F)(F)F)c3)CC2)C1,0,0.648548406523852,0.0078014604323779,-7.9277377,0.0383823290464523,0.04549350291144325
3803,N#Cc1ccc(N2CCC([C@@H]3CN(Cc4ccncc4)C[C@H]3C(=O)NC3CC3)CC2)cc1C(F)(F)F,0,0.647377555262076,0.0030407597121156,-0.9483275,0.0354734011054361,0.04839010017517992
3804,CC(C)(C)C(=O)N1C[C@@H](C(=O)NC2CC2)[C@H](C2CCN(c3ccc(C#N)c(C(F)(F)F)c3)CC2)C1,0,0.68675996399008,0.0100074436605072,-15.261571,0.0228445698426797,0.06455692397482686
3805,CC(C)CC(=O)N1C[C@@H](C(=O)N(C)C)[C@H](C2CCN(c3ccc(C#N)c(C(F)(F)F)c3)CC2)C1,0,0.641674954221196,0.0091491878821492,-9.510935,0.0129076071813229,0.09250793640320351
3806,COCCC(=O)N1C[C@@H](C(=O)N(C)C)[C@H](C2CCN(c3ccc(C#N)c(C(F)(F)F)c3)CC2)C1,0,0.625835121028536,0.0045850961211956,-4.233532,0.0149572134019365,0.09092202820355026
3807,CN(C)C(=O)[C@@H]1CN(C(=O)C2CCCC2)C[C@H]1C1CCN(c2ccc(C#N)c(C(F)(F)F)c2)CC1,0,0.63621560598413,0.0098828867552456,1.4704195,0.016421048964331,0.06062158110016822
3808,CC(C)NC(=O)N1C[C@@H](C(=O)N(C)C)[C@H](C2CCN(c3ccc(C#N)c(C(F)(F)F)c3)CC2)C1,0,0.71651715904134,0.0129755042066823,1.8956097,0.0126023193918883,0.11072735365664492
3809,CSCC(=O)N1C[C@@H](C(=O)N(C)C)[C@H](C2CCN(c3ccc(C#N)c(C(F)(F)F)c3)CC2)C1,0,0.644285690205349,0.0055138699035634,-2.8661475,0.0094979388487407,0.08879580913747023
3810,CN(C)C(=O)[C@@H]1CN(C(=O)c2ccco2)C[C@H]1C1CCN(c2ccc(C#N)c(C(F)(F)F)c2)CC1,0,0.653028307094438,0.0027932597750238,-4.9863105,0.0194878401734757,0.06457870570886495
3811,CN(C)C(=O)[C@@H]1CN(S(C)(=O)=O)C[C@H]1C1CCN(c2ccc(C#N)c(C(F)(F)F)c2)CC1,0,0.67199756363457,0.0017582972379936,6.0808997,0.0197814387173415,0.11127090680715605
3812,CCCNC(=O)N1C[C@@H](C(=O)N(C)C)[C@H](C2CCN(c3ccc(C#N)c(C(F)(F)F)c3)CC2)C1,0,0.700682480365815,0.010758637528033,-1.7949625,0.0115930844143496,0.09061130189537292
3813,CN(C)C(=O)[C@@H]1CN(C(=O)c2cccnc2)C[C@H]1C1CCN(c2ccc(C#N)c(C(F)(F)F)c2)CC1,0,0.641561107007468,0.0037733609524126,-5.2953315,0.0189559666537514,0.08141334817876271
3814,CC(=O)N1C[C@@H](C(=O)N(C)C)[C@H](C2CCN(c3ccc(C#N)c(C(F)(F)F)c3)CC2)C1,0,0.730794808545295,0.0012011362233536,-5.230399,0.0212470914708958,0.10917998850265218
3815,CN(C)C(=O)[C@@H]1CN(Cc2cccs2)C[C@H]1C1CCN(c2ccc(C#N)c(C(F)(F)F)c2)CC1,0,0.610279163599298,0.0093698114268638,-0.026203275,0.0055351551064922,0.05346220356403538
3816,CCNC(=O)[C@@H]1CN(C(=O)CCOC)C[C@H]1C1CCN(c2ccc(C#N)c(C(F)(F)F)c2)CC1,0,0.648571120257325,0.0065815614285691,-3.7101007,0.0094485329788116,0.0801028693156792
3817,CCNC(=O)[C@@H]1CN(C(=O)CC2CC2)C[C@H]1C1CCN(c2ccc(C#N)c(C(F)(F)F)c2)CC1,0,0.677708048128833,0.0016808614647016,-0.71991444,0.0166389266680683,0.05480493279432863
3818,CCNC(=O)[C@@H]1CN(C(=O)c2ccco2)C[C@H]1C1CCN(c2ccc(C#N)c(C(F)(F)F)c2)CC1,0,0.68947449767565,0.0065282738561655,-5.0687933,0.0203653676471478,0.057887904819416525
3819,CCNC(=O)[C@@H]1CN(C(=O)C(C)C)C[C@H]1C1CCN(c2ccc(C#N)c(C(F)(F)F)c2)CC1,0,0.72172328443747,0.0035581431555612,-9.900331,0.0072680318205082,0.08381591420616288
3820,CCNC(=O)[C@@H]1CN(C(=O)N2CCCC2)C[C@H]1C1CCN(c2ccc(C#N)c(C(F)(F)F)c2)CC1,0,0.696871083222075,0.0015861247864984,-0.82766134,0.0218857312531569,0.06873836733318006
3821,CCCNC(=O)N1C[C@@H](C(=O)NCC)[C@H](C2CCN(c3ccc(C#N)c(C(F)(F)F)c3)CC2)C1,0,0.652755547873338,0.0096095683213757,-3.0961251,0.0079609356323032,0.08595417689445053
3822,CCNC(=O)[C@@H]1CN(C(=O)CC)C[C@H]1C1CCN(c2ccc(C#N)c(C(F)(F)F)c2)CC1,0,0.746033116148159,0.0021452707026803,-4.3366017,0.0093000472920042,0.07879983846037038
3823,CCNC(=O)[C@@H]1CN(C(C)=O)C[C@H]1C1CCN(c2ccc(C#N)c(C(F)(F)F)c2)CC1,0,0.787372124476694,0.0019937828300649,-5.7686615,0.0182714640474787,0.1021678222234845
3824,CCNC(=O)[C@@H]1CN(C(=O)c2ccccc2)C[C@H]1C1CCN(c2ccc(C#N)c(C(F)(F)F)c2)CC1,0,0.66645304331604,0.0046760223426342,-2.7346673,0.0157274672259132,0.07874829815145802
3825,Cc1ccncc1C(=O)N1C[C@@H](C(N)=O)[C@H](C2CCN(c3ccc(C#N)c(C(F)(F)F)c3)CC2)C1,0,0.715374346013512,0.0020833140092925,-2.1963828,0.0411142136889479,0.10278664364409354
3826,CSCC(=O)N1C[C@@H](C(N)=O)[C@H](C2CCN(c3ccc(C#N)c(C(F)(F)F)c3)CC2)C1,0,0.738957894606941,0.0063607606962826,-3.5454726,0.011590134106593,0.12529925376220188
3827,N#Cc1ccc(N2CCC([C@@H]3CN(C(=O)c4ccccn4)C[C@H]3C(N)=O)CC2)cc1C(F)(F)F,0,0.7383742670223,0.0031561577297672,-1.7637485,0.0162451407837429,0.11705148935798555
3828,N#Cc1ccc(N2CCC([C@@H]3CN(C(=O)CC4CC4)C[C@H]3C(N)=O)CC2)cc1C(F)(F)F,0,0.749355009859517,0.0012694504217495,-1.3140887,0.0103733424654107,0.08446924838283912
3829,Cn1cncc1C(=O)N1C[C@@H](C(N)=O)[C@H](C2CCN(c3ccc(C#N)c(C(F)(F)F)c3)CC2)C1,0,0.732247562271702,0.0101471639584361,5.270622,0.0196412756567636,0.08108180293263557
3830,N#Cc1ccc(N2CCC([C@@H]3CN(C(=O)c4ccncn4)C[C@H]3C(N)=O)CC2)cc1C(F)(F)F,0,0.730885492778145,0.0043468663498967,0.23414016,0.0177573569947038,0.1000978232854749
3831,Cn1cccc1C(=O)N1C[C@@H](C(N)=O)[C@H](C2CCN(c3ccc(C#N)c(C(F)(F)F)c3)CC2)C1,0,0.738644226761603,0.0029841408566411,-1.5196092,0.0195677142101073,0.08656673723445243
3832,N#Cc1ccc(N2CCC([C@@H]3CN(C(=O)CN4CCOCC4)C[C@H]3C(N)=O)CC2)cc1C(F)(F)F,0,0.669843079002266,0.0029847719212803,0.1655842,0.0147498647945591,0.1220749834345427
3833,N#Cc1ccc(N2CCC([C@@H]3CN(C(=O)c4ccccc4)C[C@H]3C(N)=O)CC2)cc1C(F)(F)F,0,0.73846507776099,0.0015107830815492,-2.575553,0.0166578348783841,0.10558676053733404
3834,Cc1cc(C(=O)N2C[C@@H](C(N)=O)[C@H](C3CCN(c4ccc(C#N)c(C(F)(F)F)c4)CC3)C2)n(C)n1,0,0.712091680425229,0.0022180962178378,-0.42513192,0.0501218377290289,0.08885746396701535
3835,Cn1ccnc1C(=O)N1C[C@@H](C(N)=O)[C@H](C2CCN(c3ccc(C#N)c(C(F)(F)F)c3)CC2)C1,0,0.732247562271702,0.0033094267366301,-1.2495543,0.0168903622760564,0.08111470448694057
3836,Cc1cnn(CC(=O)N2C[C@@H](C(N)=O)[C@H](C3CCN(c4ccc(C#N)c(C(F)(F)F)c4)CC3)C2)c1,0,0.696070596427937,0.0028310373703308,2.84652,0.0201635009622092,0.0860041549095995
3837,Cc1nn(C)cc1C(=O)N1C[C@@H](C(N)=O)[C@H](C2CCN(c3ccc(C#N)c(C(F)(F)F)c3)CC2)C1,0,0.712091680425229,0.0041703006082848,0.71131074,0.0496663704290116,0.09053749085734442
3838,Cc1ccccc1C(=O)N1C[C@@H](C(N)=O)[C@H](C2CCN(c3ccc(C#N)c(C(F)(F)F)c3)CC2)C1,0,0.711049619714205,0.002776439235337,-1.2158651,0.0382169957762378,0.0970729459485566
3839,CC(C)(C)C(=O)N1C[C@@H](C(N)=O)[C@H](C2CCN(c3ccc(C#N)c(C(F)(F)F)c3)CC2)C1,0,0.764327323527215,0.0017396368398993,-10.392193,0.0103968340906846,0.11553093780032316
3840,CNC(=O)[C@@H]1CN(C(=O)c2ccoc2)C[C@H]1C1CCN(c2ccc(C#N)c(C(F)(F)F)c2)CC1,0,0.732602839247343,0.0068272021444829,-3.874856,0.0124962026401932,0.06694716886662275
3841,CNC(=O)[C@@H]1CN(C(=O)COC)C[C@H]1C1CCN(c2ccc(C#N)c(C(F)(F)F)c2)CC1,0,0.74094520475306,0.0015549410701092,-8.761075,0.0091670647903653,0.08497954831950655
3842,CNC(=O)[C@@H]1CN(C(=O)C2(C)CC2)C[C@H]1C1CCN(c2ccc(C#N)c(C(F)(F)F)c2)CC1,0,0.744174549387017,0.002535736200845,-17.699825,0.0084951938180506,0.05996780111302423
3843,CNC(=O)[C@@H]1CN(CC(C)C)C[C@H]1C1CCN(c2ccc(C#N)c(C(F)(F)F)c2)CC1,0,0.764026268945911,0.0032472797700794,-17.213596,0.0035874134264278,0.07984550251789847
3844,CCNC(=O)N1C[C@@H](C(=O)NC)[C@H](C2CCN(c3ccc(C#N)c(C(F)(F)F)c3)CC2)C1,0,0.737026374814903,0.0142227302829545,-4.0426598,0.0084561729750728,0.09503908205811831
3845,CNC(=O)[C@@H]1CN(S(=O)(=O)C(C)C)C[C@H]1C1CCN(c2ccc(C#N)c(C(F)(F)F)c2)CC1,0,0.690989292068799,0.002773604238086,-1.4693527,0.0106053763344462,0.09419288726133443
3846,CNC(=O)[C@@H]1CN(C(=O)c2cnccc2C)C[C@H]1C1CCN(c2ccc(C#N)c(C(F)(F)F)c2)CC1,0,0.694169810889978,0.0053665878033168,-3.4078484,0.0202286714430175,0.08424069908314298
3847,CNC(=O)[C@@H]1CN(Cc2ccncc2F)C[C@H]1C1CCN(c2ccc(C#N)c(C(F)(F)F)c2)CC1,0,0.646958558779381,0.0101111900468394,-3.8721237,0.0295734338412608,0.08350361360399926
3848,CNC(=O)[C@@H]1CN(Cc2cccn2C)C[C@H]1C1CCN(c2ccc(C#N)c(C(F)(F)F)c2)CC1,0,0.720605293303557,0.0095862535673747,-6.6020665,0.0163757767089053,0.0583709918202747
3849,CNC(=O)[C@@H]1CN(Cc2ccncc2)C[C@H]1C1CCN(c2ccc(C#N)c(C(F)(F)F)c2)CC1,0,0.720447417129662,0.0026039944200332,-1.765166,0.0088553297670178,0.07034121946823346
3850,CNC(=O)[C@@H]1CN(C(=O)c2cscn2)C[C@H]1C1CCN(c2ccc(C#N)c(C(F)(F)F)c2)CC1,0,0.70847061507078,0.0063903800710301,-8.0986395,0.0169606368649923,0.06392019998078283
3851,CCC(C)(C)C(=O)N1C[C@@H](C(=O)NC)[C@H](C2CCN(c3ccc(C#N)c(C(F)(F)F)c3)CC2)C1,0,0.692886661394921,0.0051536405012455,-9.092684,0.0132100289524064,0.08410310883814796
3852,CNC(=O)[C@@H]1CN(C(=O)c2ccccn2)C[C@H]1C1CCN(c2ccc(C#N)c(C(F)(F)F)c2)CC1,0,0.717879019981682,0.0040328522524629,-3.1382542,0.0168892982497,0.0810133713150767
3853,CNC(=O)[C@@H]1CN(C(=O)c2ccncc2)C[C@H]1C1CCN(c2ccc(C#N)c(C(F)(F)F)c2)CC1,0,0.717879019981682,0.0110026408146758,-6.3401866,0.0186558150858201,0.08174158176667892
3854,CNC(=O)[C@@H]1CN(C(C)=O)C[C@H]1C1CCN(c2ccc(C#N)c(C(F)(F)F)c2)CC1,0,0.812669130534323,0.0025994892100938,-9.630963,0.0178637919347006,0.1107139176144224
3855,CNC(=O)[C@@H]1CN(C(=O)NC)C[C@H]1C1CCN(c2ccc(C#N)c(C(F)(F)F)c2)CC1,0,0.760398556808359,0.0099601484677408,-1.7564284,0.0110468214894371,0.10154471936724
3856,CNC(=O)[C@@H]1CN(c2ccc(C#N)c(C(F)(F)F)c2)C[C@H]1C1CCN(C(=O)C2CCC2)CC1,0,0.744174549387017,0.0115485844073898,4.1548476,0.020798161990585,0.05395917476086076
3857,CNC(=O)[C@@H]1CN(c2ccc(C#N)c(C(F)(F)F)c2)C[C@H]1C1CCN(Cc2cccc(F)c2)CC1,0,0.633202744544954,0.0219207491528311,-3.2370973,0.0674652076157785,0.08539848254782287
3858,CNC(=O)[C@@H]1CN(c2ccc(C#N)c(C(F)(F)F)c2)C[C@H]1C1CCN(Cc2ccsc2)CC1,0,0.697280325368665,0.0136422884158337,0.7247819,0.0322379179492478,0.058602810374488404
3859,CCOCC(=O)N1CCC([C@@H]2CN(c3ccc(C#N)c(C(F)(F)F)c3)C[C@H]2C(=O)NC)CC1,0,0.696887539389181,0.0021972049293438,5.42589,0.0139464998688282,0.08185117838239175
3860,CNC(=O)[C@@H]1CN(c2ccc(C#N)c(C(F)(F)F)c2)C[C@H]1C1CCN(C(=O)c2ccsc2)CC1,0,0.703386039624109,0.0258559795575618,-3.3326359,0.0212077037446519,0.062441473875206245
3861,CNC(=O)[C@@H]1CN(c2ccc(C#N)c(C(F)(F)F)c2)C[C@H]1C1CCN(C(=O)c2ccoc2C)CC1,0,0.706769124507784,0.0131081882102607,9.782608,0.0311831111231494,0.06057710295472686
3862,CNC(=O)[C@@H]1CN(c2ccc(C#N)c(C(F)(F)F)c2)C[C@H]1C1CCN(C(=O)c2cnccc2C)CC1,0,0.694169810889978,0.0038138302970176,6.700888,0.0288961514026753,0.07861348327641493
3863,CNC(=O)[C@@H]1CN(c2ccc(C#N)c(C(F)(F)F)c2)C[C@H]1C1CCN(C(=O)c2cccnc2C)CC1,0,0.694169810889978,0.0055601353216875,8.699314,0.0309362796537811,0.08526578532897514
3864,CCN(CC)C(=O)N1CCC([C@@H]2CN(c3ccc(C#N)c(C(F)(F)F)c3)C[C@H]2C(=O)NC)CC1,0,0.700682480365815,0.0163766611429763,8.964909,0.0184829599362405,0.08730212030980944
3865,CNC(=O)[C@@H]1CN(c2ccc(C#N)c(C(F)(F)F)c2)C[C@H]1C1CCN(C(=O)c2cncc(C)c2)CC1,0,0.694169810889978,0.0106140304646739,-0.28698885,0.0207929296830413,0.0772569930251218
3866,CNC(=O)[C@@H]1CN(c2ccc(C#N)c(C(F)(F)F)c2)C[C@H]1C1CCN(C(=O)c2ccncn2)CC1,0,0.713212862542753,0.007005488923484,8.635499,0.0293443028183236,0.08402648049237327
3867,CNC(=O)[C@@H]1CN(c2ccc(C#N)c(C(F)(F)F)c2)C[C@H]1C1CCN(C(=O)c2ccco2)CC1,0,0.732602839247343,0.0035856358902412,4.147604,0.0224700281732717,0.058803908224038956
3868,CCC(=O)N1CCC([C@@H]2CN(c3ccc(C#N)c(C(F)(F)F)c3)C[C@H]2C(=O)NC2CC2)CC1,0,0.726189612220414,0.0066130120494093,2.3687458,0.0369513839075118,0.05570019353557495
3869,N#Cc1ccc(N2C[C@@H](C(=O)NC3CC3)[C@H](C3CCN(C4CCCC4)CC3)C2)cc1C(F)(F)F,0,0.679727110930043,0.0038127365609752,2.6189647,0.0462714191636997,0.061091871715509186
3870,CN(C)C(=O)[C@@H]1CN(c2ccc(C#N)c(C(F)(F)F)c2)C[C@H]1C1CCN(C(=O)C2(C)CC2)CC1,0,0.663899966730473,0.0024185046519358,0.2860639,0.0296764111773469,0.055703244442995035
3871,CC(C)CC(=O)N1CCC([C@@H]2CN(c3ccc(C#N)c(C(F)(F)F)c3)C[C@H]2C(=O)N(C)C)CC1,0,0.641674954221195,0.0242056415362826,1.1982211,0.0157708484354795,0.08187777181834191
3872,CN(C)C(=O)[C@@H]1CN(c2ccc(C#N)c(C(F)(F)F)c2)C[C@H]1C1CCN(Cc2ccsc2)CC1,0,0.610279163599298,0.0347309041540391,1.5186714,0.0329768178697829,0.056120611185698256
3873,CCOCC(=O)N1CCC([C@@H]2CN(c3ccc(C#N)c(C(F)(F)F)c3)C[C@H]2C(=O)N(C)C)CC1,0,0.625835121028536,0.003398087608748,7.996389,0.0281517737003316,0.08468879101504821
3874,CNC(=O)[C@@H]1CN(c2ccc(C#N)c(C(F)(F)F)c2)C[C@H]1C1CCN(Cc2cccc(O)c2)CC1,0,0.668250174032837,0.0246875819639132,-1.1985753,0.0649417281272922,0.07659296772349068
3875,CNC(=O)[C@@H]1CN(c2ccc(C#N)c(C(F)(F)F)c2)C[C@H]1C1CCN(C(=O)C(C)C)CC1,0,0.764075350608646,0.006746950335997,1.1540626,0.017466783340594,0.07925990036157758
3876,CCC(=O)N1CCC([C@@H]2CN(c3ccc(C#N)c(C(F)(F)F)c3)C[C@H]2C(=O)NC)CC1,0,0.787372124476694,0.0069409175443955,4.6279345,0.019886401249697,0.09080526016833385
3877,CNC(=O)[C@@H]1CN(c2ccc(C#N)c(C(F)(F)F)c2)C[C@H]1C1CCN(C(=O)c2cccnc2)CC1,0,0.717879019981682,0.0087925702104594,1.2775823,0.0244724228577887,0.0805415101654964
3878,CNC(=O)[C@@H]1CN(c2ccc(C#N)c(C(F)(F)F)c2)C[C@H]1C1CCN(C(=O)c2ccccc2)CC1,0,0.713753328345709,0.0086214407343996,2.0488796,0.0267181086195417,0.07711689531837916
3879,CNC(=O)[C@@H]1CN(c2ccc(C#N)c(C(F)(F)F)c2)C[C@H]1C1CCN(C(=O)NCCCOC)CC1,0,0.567320406764733,0.0813034781616424,4.8155594,0.0127236281163318,0.09304583375615284
3880,CNC(=O)[C@@H]1CN(c2ccc(C#N)c(C(F)(F)F)c2)C[C@H]1C1CCN(C(=O)c2ccn(C)n2)CC1,0,0.714360584693203,0.0086267659702047,4.6000004,0.025342738670428,0.06802610024461302
3881,CNC(=O)[C@@H]1CN(c2ccc(C#N)c(C(F)(F)F)c2)C[C@H]1C1CCN(Cc2cccs2)CC1,0,0.697280325368665,0.0085132368120656,4.576069,0.025592511906918,0.059353287840909874
3882,CCOCC(=O)N1CCC([C@@H]2CN(c3ccc(C#N)c(C(F)(F)F)c3)C[C@H]2C(=O)NC2CC2)CC1,0,0.632101015509004,0.0034100992333625,1.5274831,0.0389967071541738,0.05361804703158982
3883,Cn1cccc1CN1CCC([C@@H]2CN(c3ccc(C#N)c(C(F)(F)F)c3)C[C@H]2C(=O)NC2CC2)CC1,0,0.648548406523852,0.0088970535521024,-2.797828,0.0515911254030411,0.04855184616614143
3884,N#Cc1ccc(N2C[C@@H](C(=O)NC3CC3)[C@H](C3CCN(Cc4ccncc4)CC3)C2)cc1C(F)(F)F,0,0.647377555262076,0.0056954986145399,2.9048772,0.0476083364124194,0.053577587117028425
3885,Cc1ccc(CC(=O)N2CCC([C@@H]3CN(c4ccc(C#N)c(C(F)(F)F)c4)C[C@H]3C(N)=O)CC2)cc1,0,0.677082370578283,0.0066339085293525,6.3096504,0.0392572608362683,0.10254669591867463
3886,N#Cc1ccc(N2C[C@@H](C(N)=O)[C@H](C3CCN(C(=O)C4CC4)CC3)C2)cc1C(F)(F)F,0,0.789130144904623,0.006181191422744,6.1174107,0.0205069066628598,0.08443012461978742
3887,N#Cc1ccc(N2C[C@@H](C(N)=O)[C@H](C3CCN(Cc4ccsc4)CC3)C2)cc1C(F)(F)F,0,0.726589113231532,0.0043797959604392,6.4389596,0.0339718027020132,0.08352799645383961
3888,Cc1ccc(C(=O)N2CCC([C@@H]3CN(c4ccc(C#N)c(C(F)(F)F)c4)C[C@H]3C(N)=O)CC2)cn1,0,0.715374346013512,0.0054937872928448,5.8769727,0.0430433458710962,0.10739070613080164
3889,CC(C)(C)CC(=O)N1CCC([C@@H]2CN(c3ccc(C#N)c(C(F)(F)F)c3)C[C@H]2C(N)=O)CC1,0,0.734169086191937,0.0019535570190918,8.936349,0.0070586361081146,0.09662360914688171
3890,N#Cc1ccc(N2C[C@@H](C(N)=O)[C@H](C3CCN(C(=O)C4CCCC4)CC3)C2)cc1C(F)(F)F,0,0.741139343502318,0.0070178537494937,12.1998005,0.010812084469102,0.07984548991864719
3891,N#Cc1ccc(N2C[C@@H](C(N)=O)[C@H](C3CCN(C(=O)c4cc[nH]n4)CC3)C2)cc1C(F)(F)F,0,0.726282333841554,0.0199140272626189,6.421367,0.0154495245934949,0.08661842158799661
3892,N#Cc1ccc(N2C[C@@H](C(N)=O)[C@H](C3CCN(C4CCOCC4)CC3)C2)cc1C(F)(F)F,0,0.762722748005802,0.0022228201117359,12.635645,0.0352924666157511,0.11342553617376597
3893,N#Cc1ccc(N2C[C@@H](C(N)=O)[C@H](C3CCN(C(=O)CCC4CCCC4)CC3)C2)cc1C(F)(F)F,0,0.642992610437407,0.0055684702083603,8.227677,0.0189411570577142,0.07087331754118852
3894,Cc1occc1C(=O)N1CCC([C@@H]2CN(c3ccc(C#N)c(C(F)(F)F)c3)C[C@H]2C(N)=O)CC1,0,0.729830129121848,0.0037025851563394,12.852772,0.0489957621407569,0.07469163332443075
3895,N#Cc1ccc(N2C[C@@H](C(N)=O)[C@H](C3CCN(C(=O)c4cn[nH]c4)CC3)C2)cc1C(F)(F)F,0,0.726282333841554,0.0143792264438162,9.515296,0.0175127336837369,0.08188754434589111
3896,CCC(C)(C)C(=O)N1CCC([C@@H]2CN(c3ccc(C#N)c(C(F)(F)F)c3)C[C@H]2C(N)=O)CC1,0,0.717963892887389,0.0023975615268238,9.799769,0.0249690217674747,0.09319204391161776
3897,Cc1cccc(C(=O)N2CCC([C@@H]3CN(c4ccc(C#N)c(C(F)(F)F)c4)C[C@H]3C(N)=O)CC2)n1,0,0.715374346013512,0.0037709991049499,11.560189,0.0260576265950562,0.10098005338224461
3898,N#Cc1ccc(N2C[C@@H](C(N)=O)[C@H](C3CCN(C(=O)c4ccccn4)CC3)C2)cc1C(F)(F)F,0,0.7383742670223,0.0041995010993654,8.823934,0.0277953075031489,0.11006872691904415
3899,N#Cc1ccc(N2C[C@@H](C(N)=O)[C@H](C3CCN(C(=O)CC4CC4)CC3)C2)cc1C(F)(F)F,0,0.749355009859517,0.0015692112330796,10.411799,0.012778448571887,0.07790873133332991
3900,Cc1cncc(C(=O)N2CCC([C@@H]3CN(c4ccc(C#N)c(C(F)(F)F)c4)C[C@H]3C(N)=O)CC2)c1,0,0.715374346013512,0.010268069476697,2.5149536,0.0225026061045363,0.08866154489478381
3901,Cn1cncc1C(=O)N1CCC([C@@H]2CN(c3ccc(C#N)c(C(F)(F)F)c3)C[C@H]2C(N)=O)CC1,0,0.732247562271702,0.0057519714001943,14.011842,0.0429906209813618,0.07361118506230033
3902,N#Cc1ccc(N2C[C@@H](C(N)=O)[C@H](C3CCN(C(=O)c4ncccn4)CC3)C2)cc1C(F)(F)F,0,0.730885492778145,0.0052421645615424,4.7360835,0.0236990925060281,0.08853070634150012
3903,Cc1ccccc1CC(=O)N1CCC([C@@H]2CN(c3ccc(C#N)c(C(F)(F)F)c3)C[C@H]2C(N)=O)CC1,0,0.677082370578283,0.0063057983999534,7.734672,0.0537818118740776,0.09494726196655733
3904,N#Cc1ccc(N2C[C@@H](C(N)=O)[C@H](C3CCN(C(=O)CCc4ccccc4)CC3)C2)cc1C(F)(F)F,0,0.652340074675646,0.0067568280669865,4.637877,0.0353847589804862,0.10394908589823737
3905,Cn1cccc1C(=O)N1CCC([C@@H]2CN(c3ccc(C#N)c(C(F)(F)F)c3)C[C@H]2C(N)=O)CC1,0,0.738644226761603,0.0046221647695298,7.3678975,0.0458918468014869,0.08712960527239898
3906,N#Cc1ccc(N2C[C@@H](C(N)=O)[C@H](C3CCN(C(=O)c4cccnc4)CC3)C2)cc1C(F)(F)F,0,0.7383742670223,0.0046946386793985,3.8007398,0.0273392912381607,0.10382692295182205
3907,CNC(=O)N1CCC([C@@H]2CN(c3ccc(C#N)c(C(F)(F)F)c3)C[C@H]2C(N)=O)CC1,0,0.777807964039535,0.0091041523407896,10.153042,0.0201736108689391,0.11784615595146455
3908,CCn1cc(C(=O)N2CCC([C@@H]3CN(c4ccc(C#N)c(C(F)(F)F)c4)C[C@H]3C(N)=O)CC2)cn1,0,0.6964069986104,0.004039419821634,11.792134,0.0271412085960434,0.08675501620283164
3909,Cc1noc(C)c1CN1CCC([C@@H]2CN(c3ccc(C#N)c(C(F)(F)F)c3)C[C@H]2C(N)=O)CC1,0,0.709093428944402,0.0027365140211676,11.789403,0.0595160867153109,0.08077936617610648
3910,CCn1ccc(C(=O)N2CCC([C@@H]3CN(c4ccc(C#N)c(C(F)(F)F)c4)C[C@H]3C(N)=O)CC2)n1,0,0.6964069986104,0.0042370076690633,9.527589,0.0278023624290742,0.07976176278014377
3911,N#Cc1ccc(N2C[C@@H](C(N)=O)[C@H](C3CCN(C(=O)CN4CCCC4=O)CC3)C2)cc1C(F)(F)F,0,0.677316292962004,0.0020228534559492,12.952395,0.0224038767646244,0.09917147638181747
3912,N#Cc1ccc(N2C[C@@H](C(N)=O)[C@H](C3CCN(C(=O)Cn4cccn4)CC3)C2)cc1C(F)(F)F,0,0.715253413517331,0.0016336776816729,10.626158,0.0157677947095865,0.09502416034721643
3913,N#Cc1ccc(N2C[C@@H](C(N)=O)[C@H](C3CCN(Cc4cccs4)CC3)C2)cc1C(F)(F)F,0,0.726589113231532,0.0113644656957035,7.2684035,0.0351294760388554,0.07998805256111127
3914,Cc1ccc(C(=O)N2CCC([C@@H]3CN(c4ccc(C#N)c(C(F)(F)F)c4)C[C@H]3C(N)=O)CC2)cc1,0,0.711049619714205,0.0073522032872075,4.1263576,0.0474434178066398,0.09113693367947108
3915,CNC(=O)[C@@H]1CN(c2ccc(C#N)c(C(F)(F)F)c2)C[C@H]1C1CCN(C(=O)COCCOC)CC1,0,0.555287703205125,0.0032690831862658,5.5041013,0.0174147995376446,0.10068811393620795
3916,CNC(=O)[C@@H]1CN(c2ccc(C#N)c(C(F)(F)F)c2)C[C@H]1C1CCN(C(=O)c2cc(C)on2)CC1,0,0.707699997781793,0.0164990063997461,7.8051734,0.0206171453364914,0.05940356542354756
3917,CCC(CC)C(=O)N1CCC([C@@H]2CN(c3ccc(C#N)c(C(F)(F)F)c3)C[C@H]2C(=O)NC)CC1,0,0.669412594724979,0.0045299437134916,4.1884837,0.0246557166565381,0.08057535618084055
3918,CNC(=O)[C@@H]1CN(c2ccc(C#N)c(C(F)(F)F)c2)C[C@H]1C1CCN(C(=O)C2CC2)CC1,0,0.768433749016776,0.013718172960559,1.3365678,0.0138599787273788,0.055167996591905376
3919,COCC1CN(c2ccc(C#N)c(C(F)(F)F)c2)CCN1C(=O)CCn1c(=O)oc2ccccc21,0,0.529223337948419,0.0046681083397674,2.9813542,0.0183894671681359,0.08193212415489089
3920,COCC1CN(c2ccc(C#N)c(C(F)(F)F)c2)CCN1C(=O)c1ccoc1,0,0.798291000956382,0.003399455653637,-2.4310858,0.0020596350595571,0.08482616240026127
3921,COCC1CN(c2ccc(C#N)c(C(F)(F)F)c2)CCN1C(=O)c1ccncn1,0,0.776752465527242,0.0023549117215343,-2.9409928,0.0065480250853359,0.08250588118205844
3922,COCC1CN(c2ccc(C#N)c(C(F)(F)F)c2)CCN1C(=O)c1cccnc1,0,0.783841128030012,0.0026850220878442,-9.704942,0.001607091239313,0.08202885625714337
3923,COCC1CN(c2ccc(C#N)c(C(F)(F)F)c2)CCN1C(=O)Nc1ccc(C)cc1,0,0.784264739347911,0.0024885068669946,-1.8804857,0.0049052013965044,0.07254502672670846
3924,COCCn1c(C)cc(C(=O)N2CCN(c3ccc(C#N)c(C(F)(F)F)c3)CC2COC)c1C,0,0.60812585744532,0.0039297633457158,0.9041873,0.0207784519286798,0.08486990822865996
3925,COCC1CN(c2ccc(C#N)c(C(F)(F)F)c2)CCN1C(=O)Nc1cc(C)ccc1OC,0,0.718500942574807,0.0044489556965808,-1.9285572,0.0122401268728496,0.07497168388883602
3926,COCC1CN(c2ccc(C#N)c(C(F)(F)F)c2)CCN1C(=O)NCCc1ccccc1,0,0.735446923191431,0.0390528544783542,-6.797315,0.0022761992680817,0.07638268146498944
3927,COCC1CN(c2ccc(C#N)c(C(F)(F)F)c2)CCN1C(=O)Nc1ccc(F)cc1F,0,0.702782699703973,0.0120697507621573,-0.47132325,0.018078447453972,0.10145448172558062
3928,COCC1CN(c2ccc(C#N)c(C(F)(F)F)c2)CCN1C(=O)c1ccnn1C,0,0.777620872539885,0.0019979028152121,-3.692967,0.008942715055441,0.08236001891126848
3929,CCn1ncc(C(=O)N2CCN(c3ccc(C#N)c(C(F)(F)F)c3)CC2COC)c1C,0,0.721767085269794,0.0017960521172037,-2.4213996,0.0110627623340152,0.08477860884325203
3930,CCn1cc(C(=O)N2CCN(c3ccc(C#N)c(C(F)(F)F)c3)CC2COC)cn1,0,0.742368756026041,0.0024392286764086,1.8230273,0.0058114291300416,0.08066257824829555
3931,CCn1ccc(C(=O)N2CCN(c3ccc(C#N)c(C(F)(F)F)c3)CC2COC)n1,0,0.742368756026041,0.0020487526433108,-3.4028368,0.0056555510507495,0.07784319684763286
3932,COCC1CN(c2ccc(C#N)c(C(F)(F)F)c2)CCN1C(=O)c1cnn(C)c1,0,0.777620872539885,0.0028081179223257,-5.1083856,0.0071046697576647,0.08833467897113603
3933,COCC1CN(c2ccc(C#N)c(C(F)(F)F)c2)CCN1C(=O)CCn1cc(C)cn1,0,0.697747586784205,0.002681416753461,2.0067205,0.0044219848599825,0.07452027413371905
3934,COCC1CN(c2ccc(C#N)c(C(F)(F)F)c2)CCN1C(=O)c1cn(C)nc1C,0,0.758846322723146,0.0027928161564605,-4.55723,0.0110775110971203,0.0883317148323898
3935,COCC1CN(c2ccc(C#N)c(C(F)(F)F)c2)CCN1C(=O)Cc1ccc(OC)cc1,0,0.678431617744319,0.0028507757847121,-0.82889557,0.0043160726884697,0.07690222170665788
3936,COCC1CN(c2ccc(C#N)c(C(F)(F)F)c2)CCN1C(=O)c1cccs1,0,0.774187095252038,0.0014173248645657,-4.2364945,0.0012190057843939,0.0636756366335435
3937,COCC1CN(c2ccc(C#N)c(C(F)(F)F)c2)CCN1C(=O)c1cccc(OC)c1OC,0,0.652237553185905,0.0020866468184306,-2.5846267,0.0089257959069729,0.08453192349833978
3938,COCC1CN(c2ccc(C#N)c(C(F)(F)F)c2)CCN1C(=O)c1ccc(C)s1,0,0.748020281735107,0.0026514968290848,-2.1918225,0.0020294451187133,0.06418277628803847
3939,COCC1CN(c2ccc(C#N)c(C(F)(F)F)c2)CCN1C(=O)c1ccc(OC)cc1C,0,0.696349431281072,0.0046322535088005,-9.359167,0.0047397568439256,0.07993792038458213
3940,COCC1CN(c2ccc(C#N)c(C(F)(F)F)c2)CCN1S(=O)(=O)c1ccc(F)c(C)c1,0,0.623997571746326,0.0021442632944729,-8.694841,0.0106337820781681,0.09034905810803225
3941,COCC1CN(c2ccc(C#N)c(C(F)(F)F)c2)CCN1S(=O)(=O)c1cccnc1,0,0.710248184114704,0.0029747694616139,-8.577136,0.0037673610050483,0.07776445693493064
3942,COCC1CN(c2ccc(C#N)c(C(F)(F)F)c2)CCN1C(=O)C1CCOCC1,0,0.762319108780192,0.0021625220686156,-7.9940095,0.0039038728866553,0.08556696375052761
3943,COCC1CN(c2ccc(C#N)c(C(F)(F)F)c2)CCN1C(=O)Nc1ccc(OC)c(OC)c1,0,0.676468092159942,0.0071095608684856,-5.505636,0.0202569054734862,0.08846037988143152
3944,COCC1CN(c2ccc(C#N)c(C(F)(F)F)c2)CCN1C(=O)Nc1ccc(OC)cc1,0,0.749524494774178,0.0022275389196783,-3.3719103,0.0105663911020562,0.07481838707493052
3945,COCC1CN(c2ccc(C#N)c(C(F)(F)F)c2)CCN1C(=O)Nc1cccc(C)c1,0,0.784264739347911,0.0023031046874515,-3.1873016,0.0052005650204626,0.07155714369035515
3946,COCC1CN(c2ccc(C#N)c(C(F)(F)F)c2)CCN1C(=O)c1cscn1,0,0.775166296392504,0.0029499428649887,-10.290152,0.003183871393855,0.07187265179666864
3947,CN(C)C(=O)[C@@H]1CN(c2ccc(C#N)c(C(F)(F)F)c2)C[C@H]1C1CCN(Cc2ccncc2)CC1,0,0.640205375329198,0.0181349570144487,5.4746504,0.0390529593613895,0.07143620983279783
3948,CCN(CC)C(=O)N1CCC([C@@H]2CN(c3ccc(C#N)c(C(F)(F)F)c3)C[C@H]2C(=O)N(C)C)CC1,0,0.624136697906066,0.0277549917255768,12.0893545,0.0427935545865564,0.09644197042784455
3949,CCC(C)(C)C(=O)N1CCC([C@@H]2CN(c3ccc(C#N)c(C(F)(F)F)c3)C[C@H]2C(=O)N(C)C)CC1,0,0.611478948335646,0.0127399024484592,9.427892,0.0363637142056863,0.08167470085954595
3950,CN(C)C(=O)[C@@H]1CN(c2ccc(C#N)c(C(F)(F)F)c2)C[C@H]1C1CCN(C(=O)CC2CC2)CC1,0,0.649245812124816,0.0048002642313584,10.022333,0.0218027591209612,0.054920576791050016
3951,CN(C)C(=O)[C@@H]1CN(c2ccc(C#N)c(C(F)(F)F)c2)C[C@H]1C1CCN(C(=O)c2ccncc2)CC1,0,0.641561107007468,0.0064433840004355,7.0757356,0.0237888254136294,0.07849948768783914
3952,CN(C)C(=O)[C@@H]1CN(c2ccc(C#N)c(C(F)(F)F)c2)C[C@H]1C1CCN(C(=O)c2ccccc2)CC1,0,0.631637954940186,0.0124800332848582,5.7239833,0.0219744833798092,0.07690903923250711
3953,CNC(=O)N1CCC([C@@H]2CN(c3ccc(C#N)c(C(F)(F)F)c3)C[C@H]2C(=O)N(C)C)CC1,0,0.766644390505001,0.0035520541212772,10.270127,0.0306858912661281,0.08621273986009403
3954,CCNC(=O)[C@@H]1CN(c2ccc(C#N)c(C(F)(F)F)c2)C[C@H]1C1CCN(C(=O)C2CCCC2)CC1,0,0.671549310032282,0.0072398106873486,10.262797,0.0380715174446463,0.05562432822224782
3955,CCNC(=O)[C@@H]1CN(c2ccc(C#N)c(C(F)(F)F)c2)C[C@H]1C1CCN(Cc2cccn2C)CC1,0,0.668802035837198,0.0057750713706049,4.045039,0.0593609329926575,0.061471658020003206
3956,CCNC(=O)[C@@H]1CN(c2ccc(C#N)c(C(F)(F)F)c2)C[C@H]1C1CCN(Cc2ccncc2)CC1,0,0.667951484672194,0.0043388370732484,6.7748504,0.0573358671828801,0.07367027750102603
3957,CCNC(=O)[C@@H]1CN(c2ccc(C#N)c(C(F)(F)F)c2)C[C@H]1C1CCN(S(C)(=O)=O)CC1,0,0.710658922448745,0.0056287041033748,5.1002197,0.0136960271854046,0.08417734996542939
3958,CCNC(=O)[C@@H]1CN(c2ccc(C#N)c(C(F)(F)F)c2)C[C@H]1C1CCNCC1,0,0.824178702375652,0.00368349043904,11.751186,0.014921049337163,0.08732784940710966
3959,CCNC(=O)[C@@H]1CN(c2ccc(C#N)c(C(F)(F)F)c2)C[C@H]1C1CCN(C(=O)C(C)C)CC1,0,0.72172328443747,0.0045361185899723,3.2617493,0.0120604956641667,0.07814863983199441
3960,CCNC(=O)[C@@H]1CN(c2ccc(C#N)c(C(F)(F)F)c2)C[C@H]1C1CCN(C(=O)NC)CC1,0,0.737026374814903,0.0120621466294308,9.090629,0.018323527139409,0.08407934105480538
3961,CCNC(=O)[C@@H]1CN(c2ccc(C#N)c(C(F)(F)F)c2)C[C@H]1C1CCN(C(=O)C(C)(C)C)CC1,0,0.708525835449888,0.0075215136224543,-0.33442497,0.0296671432864071,0.08236131026760228
3962,COc1ccc(CC(=O)N2CCN(c3ccc(C#N)c(C(F)(F)F)c3)CC2CO)cc1,0,0.784931037617597,0.0018578178616071,-5.6225286,0.0148798053257664,0.08525865633390929
3963,COc1ccc(CCC(=O)N2CCN(c3ccc(C#N)c(C(F)(F)F)c3)CC2CO)cc1,0,0.736001774049829,0.0039641308374589,-6.3978133,0.0095605268461792,0.07556034288455733
3964,N#Cc1ccc(N2CCN(C(=O)c3nccc4ccccc34)C(CO)C2)cc1C(F)(F)F,0,0.674978859414308,0.0027484046334323,-3.4526954,0.037512537452685,0.08118196441442266
3965,N#Cc1ccc(N2CCN(C(=O)c3ccsc3)C(CO)C2)cc1C(F)(F)F,0,0.86783253575848,0.0028463002325043,-16.57525,0.0069220454375055,0.078552437157515
3966,CCS(=O)(=O)N1CCN(c2ccc(C#N)c(C(F)(F)F)c2)CC1COCc1ccccc1,0,0.621849235075235,0.0012679884953737,-8.056617,0.0041101423769469,0.1223366833485813
3967,N#Cc1ccc(N2CCN(C(=O)C3CCOCC3)C(COCc3ccccc3)C2)cc1C(F)(F)F,0,0.610093238758337,0.0100031892281858,-7.2186193,0.0036557803250999,0.09290546823351298
3968,CC(=O)N1CCN(c2ccc(C#N)c(C(F)(F)F)c2)CC1COCc1ccccc1,0,0.742111652753261,0.0013962747131111,-9.197023,0.0020220635632726,0.08181035032209645
3969,CCn1cc(C(=O)N2CCN(c3ccc(C#N)c(C(F)(F)F)c3)CC2COCc2ccccc2)cn1,0,0.485613204129883,0.0033775512069604,-2.7369356,0.004890398298254,0.07005942347341261
3970,Cn1ccnc1C(=O)N1CCN(c2ccc(C#N)c(C(F)(F)F)c2)CC1COCc1ccccc1,0,0.532504373727848,0.0046297448132722,-11.80465,0.0083960887864301,0.06965192565177705
3971,N#Cc1ccc(N2CCN(C(=O)C3CCCCC3)CC2CO)cc1C(F)(F)F,0,0.853793813273004,0.0037714552408364,5.635735,0.0049103265384544,0.0930088547330337
3972,Cc1ccc(CC(=O)N2CCN(c3ccc(C#N)c(C(F)(F)F)c3)C(CO)C2)cc1,0,0.830162380934979,0.0034902187631243,0.9219674,0.0115706850239407,0.10356453160089307
3973,COc1cccc(C(=O)N2CCN(c3ccc(C#N)c(C(F)(F)F)c3)C(CO)C2)c1OC,0,0.755707382879111,0.003738650989021,6.050583,0.0172647919267648,0.09716024687461146
3974,N#Cc1ccc(N2CCN(C(=O)Cc3cccc(F)c3)CC2CO)cc1C(F)(F)F,0,0.771300039753129,0.0031949626649026,-4.660419,0.0184252416657497,0.11398230508568137
3975,COc1ccc(C(=O)N2CCN(c3ccc(C#N)c(C(F)(F)F)c3)C(CO)C2)cc1F,0,0.744564706928625,0.0082094189602143,-0.10287702,0.0240724179963724,0.1192756389774045
3976,COc1ccc(C(=O)N2CCN(c3ccc(C#N)c(C(F)(F)F)c3)C(CO)C2)c(OC)c1,0,0.755707382879111,0.0017266775525796,6.314488,0.0190763835383524,0.09809636551262482
3977,N#Cc1ccc(N2CCN(C(=O)Cc3ccc(Br)cc3)CC2CO)cc1C(F)(F)F,0,0.72384664553273,0.0068993300606625,4.8378043,0.0114093930395812,0.10450016154827786
3978,N#Cc1ccc(N2CCN(C(=O)C3CCOCC3)CC2CO)cc1C(F)(F)F,0,0.844560443666672,0.0032431701950043,0.8079895,0.0123825499927243,0.11777392026159902
3979,Cc1occc1C(=O)N1CCN(c2ccc(C#N)c(C(F)(F)F)c2)C(CO)C1,0,0.867477358314476,0.0045146885928759,8.142964,0.0171012751607549,0.0961887476180731
3980,N#Cc1ccc(N2CCN(C(=O)CC3CCCCC3)CC2CO)cc1C(F)(F)F,0,0.825873783717415,0.002368002945202,2.883535,0.005215332028047,0.09513424964941916
3981,N#Cc1ccc(N2CCN(C(=O)c3cnccn3)C(COc3ccccc3)C2)cc1C(F)(F)F,0,0.568219950890819,0.002964775414538,-3.6154714,0.0028627896221879,0.06446831279349377
3982,N#Cc1ccc(N2CCN(C(=O)Cc3ccncc3)C(COc3ccccc3)C2)cc1C(F)(F)F,0,0.526027092388509,0.0026750691078434,1.6346034,0.0039606879330417,0.06885389727978099
3983,Cn1cncc1C(=O)N1CCN(c2ccc(C#N)c(C(F)(F)F)c2)CC1COc1ccccc1,0,0.569583237514958,0.0029902191783173,5.1953297,0.0048726603950752,0.06467954356650542
3984,Cn1nccc1C(=O)N1CCN(c2ccc(C#N)c(C(F)(F)F)c2)CC1COc1ccccc1,0,0.569583237514958,0.0027366775726597,-1.3488128,0.0066109940391558,0.0653791304022068
3985,Cc1cc(C(=O)N2CCN(c3ccc(C#N)c(C(F)(F)F)c3)CC2COc2ccccc2)n(C)n1,0,0.548011114778693,0.0044576195642202,-0.37770033,0.007779676259263,0.06164779447061371
3986,N#Cc1ccc(N2CCN(C(=O)c3ccoc3)C(COc3cccnc3)C2)cc1C(F)(F)F,0,0.577860352270299,0.0083967166400433,2.1090941,0.0031982488416745,0.07220443251695081
3987,N#Cc1ccc(N2CCN(C(=O)c3cccs3)C(COc3cccnc3)C2)cc1C(F)(F)F,0,0.549152764960046,0.003936395856247,-0.8548273,0.0030986210660153,0.05464894892408434
3988,COc1ccc(C(=O)N2CCN(c3ccc(C#N)c(C(F)(F)F)c3)CC2COc2cccnc2)cc1,0,0.503847815202345,0.0109544257084541,-0.1371063,0.0102887322480658,0.07951953006035413
3989,COc1ccccc1C(=O)N1CCN(c2ccc(C#N)c(C(F)(F)F)c2)CC1COc1cccnc1,0,0.503847815202345,0.0062042966105192,2.3375845,0.0124357036659052,0.07762394843887258
3990,Cc1occc1C(=O)N1CCN(c2ccc(C#N)c(C(F)(F)F)c2)CC1COc1cccnc1,0,0.553629802310285,0.0048235191805926,2.0359235,0.0084611310925511,0.07245168363855937
3991,CCCNC(=O)N1CCN(c2ccc(C#N)c(C(F)(F)F)c2)CC1COc1cccnc1,0,0.731062995856189,0.0033607613976362,-5.27794,0.0035491052516182,0.06410384964487478
3992,COCC1CN(C(=O)c2ccc(C)cc2)CCN1c1ccc(C#N)c(C(F)(F)F)c1,0,0.758161316213544,0.0024176630734627,5.859803,0.0026286820489206,0.07858430738629897
3993,COc1cc(OC)cc(C(=O)N2CCN(c3ccc(C#N)c(C(F)(F)F)c3)C(CO)C2)c1,0,0.755707382879111,0.0020708220867986,4.682186,0.0221026816522225,0.10402105789924727
3994,N#Cc1ccc(N2CCN(C(=O)CC3CCCC3)CC2CO)cc1C(F)(F)F,0,0.850482205749906,0.002222757699742,2.9312,0.0026626831704415,0.06529593225216564
3995,N#Cc1ccc(N2CCN(C(=O)COc3ccccc3)CC2CO)cc1C(F)(F)F,0,0.806574470556903,0.0018566348561575,1.4439634,0.0087737175841767,0.07998185843007924
3996,COc1ccccc1CCC(=O)N1CCN(c2ccc(C#N)c(C(F)(F)F)c2)C(CO)C1,0,0.736001774049829,0.0052684724781093,4.931738,0.0072745719578237,0.08270202615241684
3997,COc1cc(CC(=O)N2CCN(c3ccc(C#N)c(C(F)(F)F)c3)C(CO)C2)cc(OC)c1,0,0.709313543817679,0.0049828760304438,6.7507186,0.0266551993718494,0.10836519356412196
3998,N#Cc1ccc(N2CCN(C(=O)CCc3ccccc3)CC2CO)cc1C(F)(F)F,0,0.811376824628801,0.0016032194488325,0.4971317,0.0075746661218612,0.09272707765369168
3999,N#Cc1ccc(N2CCN(C(=O)c3ccccc3)CC2CO)cc1C(F)(F)F,0,0.876706799927068,0.0023898115301101,1.781968,0.0100702079170139,0.095273582827479
4000,Cc1cc(C(=O)N2CCN(c3ccc(C#N)c(C(F)(F)F)c3)C(CO)C2)nn1C,0,0.840707670775687,0.0035931279178546,2.2177181,0.0399787355608493,0.09251109161970915
4001,Cc1cc(C(=O)N2CCN(c3ccc(C#N)c(C(F)(F)F)c3)C(CO)C2)n(C)n1,0,0.840707670775687,0.003317322408434,5.711397,0.0298901924132862,0.10274454125349805
4002,CCCS(=O)(=O)N1CCN(c2ccc(C#N)c(C(F)(F)F)c2)C(COC)C1,0,0.726976170250626,0.0008950017337248,7.879684,0.0090669700986313,0.10539790764466558
4003,COCC1CN(C(=O)c2ccc(F)cc2)CCN1c1ccc(C#N)c(C(F)(F)F)c1,0,0.706978004786994,0.0017419113936284,3.8888988,0.0049586739629709,0.09199373573691245
4004,COCC1CN(C(=O)Cc2cccc(F)c2)CCN1c1ccc(C#N)c(C(F)(F)F)c1,0,0.673601253071238,0.0024611380644415,2.36157,0.0036976671015741,0.09764895716135394
4005,COCC1CN(C(=O)c2ccc(F)c(Cl)c2)CCN1c1ccc(C#N)c(C(F)(F)F)c1,0,0.64326747747183,0.0045963376741123,2.009986,0.0061514199554337,0.10533373032381946
4006,COCC1CN(C(=O)c2ccc(OC)cc2OC)CCN1c1ccc(C#N)c(C(F)(F)F)c1,0,0.652237553185905,0.0025300968732376,11.186465,0.0082423133444237,0.09085431433420657
4007,COCC1CN(C(=O)Cc2ccccc2F)CCN1c1ccc(C#N)c(C(F)(F)F)c1,0,0.673601253071238,0.0029735643417312,5.646155,0.0066438610457678,0.0952143357181015
4008,COCC1CN(S(=O)(=O)c2c(C)cc(C)cc2C)CCN1c1ccc(C#N)c(C(F)(F)F)c1,0,0.644905642138867,0.0029766485905861,7.334995,0.008730420624639,0.08546339517087767
4009,COCC1CN(S(=O)(=O)c2ccc(C)cc2C)CCN1c1ccc(C#N)c(C(F)(F)F)c1,0,0.670286276721099,0.0016293467085771,6.4229994,0.0052508880264137,0.08732137280610157
4010,COCC1CN(C(=O)c2ccsc2)CCN1c1ccc(C#N)c(C(F)(F)F)c1,0,0.774187095252038,0.0017545723254443,1.1814946,0.0017186449931015,0.06994999281676015
4011,COCC1CN(S(=O)(=O)c2cccc(OC)c2)CCN1c1ccc(C#N)c(C(F)(F)F)c1,0,0.646737081147416,0.0011350486333063,4.535187,0.0077270298207868,0.08717884532893119
4012,COCC1CN(C(=O)c2cnc(C)cn2)CCN1c1ccc(C#N)c(C(F)(F)F)c1,0,0.757957918246205,0.0059229674496204,8.075234,0.0069834874007139,0.09495915293784686
4013,COCC1CN(C(=O)c2sc(C)nc2C)CCN1c1ccc(C#N)c(C(F)(F)F)c1,0,0.729319820904442,0.0017671750348624,7.084642,0.0072020424423344,0.07923685406746173
4014,COCC1CN(C(=O)c2ccc(OC)c(OC)c2)CCN1c1ccc(C#N)c(C(F)(F)F)c1,0,0.652237553185905,0.0040792110782278,6.373502,0.0089967649115872,0.09793501573263497
4015,COCC1CN(S(=O)(=O)c2ccc(C)c(Cl)c2)CCN1c1ccc(C#N)c(C(F)(F)F)c1,0,0.635482321251529,0.0027930654212655,4.963346,0.0073503419508265,0.08951376927626335
4016,CCOc1ccccc1C(=O)N1CC(CO)C2(CCN(c3ccc(C#N)c(C(F)(F)F)c3)CC2)C1,0,0.679701089013933,0.0029940733227764,7.9851584,0.0309512939177408,0.08902596072766249
4017,CCc1ccc(C(=O)N2CC(CO)C3(CCN(c4ccc(C#N)c(C(F)(F)F)c4)CC3)C2)cc1,0,0.713657598701425,0.0026992184383219,0.19684756,0.0480181950683307,0.1274125082730323
4018,CC(=O)NCC(=O)N1CC(CO)C2(CCN(c3ccc(C#N)c(C(F)(F)F)c3)CC2)C1,0,0.74682608715513,0.00426260697363,1.8597053,0.0183872587401,0.14186452571246608
4019,N#Cc1ccc(N2CCC3(CC2)CN(C(=O)c2ccccc2F)CC3CO)cc1C(F)(F)F,0,0.700318856399629,0.0032531193505534,5.562041,0.037496263330003,0.12756955333719874
4020,COc1cccc(CC(=O)N2CC(CO)C3(CCN(c4ccc(C#N)c(C(F)(F)F)c4)CC3)C2)c1,0,0.693218605166287,0.0064034883094707,-1.6309075,0.0312107863340426,0.07849872709351921
4021,COc1ccc(CC(=O)N2CC(CO)C3(CCN(c4ccc(C#N)c(C(F)(F)F)c4)CC3)C2)cc1,0,0.693218605166287,0.0100786336808563,0.0627352,0.0436575405995231,0.0881184821349134
4022,N#Cc1ccc(N2CCC3(CC2)CN(C(=O)c2cccs2)CC3CO)cc1C(F)(F)F,0,0.769630767197576,0.0034212316270301,0.93664515,0.0180735736683745,0.07369946491230947
4023,CCC(CC)C(=O)N1CC(CO)C2(CCN(c3ccc(C#N)c(C(F)(F)F)c3)CC2)C1,0,0.754772125282237,0.0023761513743241,2.1630707,0.0263794768940718,0.13769969777083985
4024,COc1ccc(C(=O)N2CC(CO)C3(CCN(c4ccc(C#N)c(C(F)(F)F)c4)CC3)C2)cc1,0,0.728227504549186,0.0031660551144419,2.0089073,0.0333922015649222,0.08391087765811994
4025,N#Cc1ccc(N2CCC3(CC2)CN(C(=O)c2ccc(F)cc2)CC3CO)cc1C(F)(F)F,0,0.700318856399629,0.0063340512691908,-2.8207421,0.0397427896884098,0.13195633426605974
4026,N#Cc1ccc(N2CCC3(CC2)CN(C(=O)C2CC2)CC3CO)cc1C(F)(F)F,0,0.836550674601459,0.0035795825593998,-7.0585103,0.0163552058796282,0.09576226249432071
4027,Cc1ccc(CN2CC(CO)C3(CCN(c4ccc(C#N)c(C(F)(F)F)c4)CC3)C2)nc1,0,0.772734917503841,0.0060490467138761,-3.0908394,0.0205658901281304,0.10582998056242503
4028,N#Cc1ccc(N2CCC3(CC2)CN(Cc2cccc(F)c2)CC3CO)cc1C(F)(F)F,0,0.705109690297588,0.0091167787976041,-0.9610401,0.0262810885447446,0.11001023328888407
4029,N#Cc1ccc(N2CCC3(CC2)CN(C(=O)c2cc4ccccc4[nH]2)CC3CO)cc1C(F)(F)F,0,0.579487505313205,0.0103038862960465,6.9005914,0.0626511894373142,0.06063541291596234
4030,Cc1ncsc1CN1CC(CO)C2(CCN(c3ccc(C#N)c(C(F)(F)F)c3)CC2)C1,0,0.761490580543597,0.0040159932458777,5.782228,0.0231913826295576,0.06015404729519104
4031,N#Cc1ccc(N2CCC3(CC2)CN(C(=O)c2ccc4ncccc4c2)CC3CO)cc1C(F)(F)F,0,0.581059796965982,0.0037738212725321,5.1633697,0.0771135592471587,0.11439126762810667
4032,N#Cc1ccc(N2CCC3(CC2)CN(C(=O)CC2CCCCC2)CC3CO)cc1C(F)(F)F,0,0.70963938674905,0.0026819752071242,1.0356022,0.0236598537440393,0.10288549752635238
4033,CSCC(=O)N1CC(CO)C2(CCN(c3ccc(C#N)c(C(F)(F)F)c3)CC2)C1,0,0.800352327330445,0.0013038297088768,-5.5479765,0.0198424280786423,0.11013549765028623
4034,N#Cc1ccc(N2CCC3(CC2)CN(C(=O)Cc2ccncc2)CC3CO)cc1C(F)(F)F,0,0.76099594204169,0.0050925435950685,0.3752104,0.0133514722028876,0.10534532061704575
4035,N#Cc1ccc(N2CCC3(CC2)CN(C(=O)C2=NNC(=O)CC2)CC3CO)cc1C(F)(F)F,0,0.711679210286766,0.0104716842848691,5.785627,0.0328021667288785,0.13510016158435906
4036,N#Cc1ccc(N2CCC3(CC2)CN(C(=O)c2ccccn2)CC3CO)cc1C(F)(F)F,0,0.78576246210747,0.0068763832689731,4.3931203,0.0274416830768455,0.123001234633797
4037,Cc1cncc(C(=O)N2CC(CO)C3(CCN(c4ccc(C#N)c(C(F)(F)F)c4)CC3)C2)c1,0,0.759939329473866,0.0054302859338397,-3.6272655,0.0291215188742707,0.098351518250953
4038,Cn1cncc1C(=O)N1CC(CO)C2(CCN(c3ccc(C#N)c(C(F)(F)F)c3)CC2)C1,0,0.782150322826177,0.0051982845552567,11.203156,0.0357061243801615,0.06272608466749237
4039,N#Cc1ccc(N2CCC3(CC2)CN(C(=O)c2ccncn2)CC3CO)cc1C(F)(F)F,0,0.781087803990733,0.0030508772108922,6.00496,0.0389535085243601,0.09328447030755929
4040,N#Cc1ccc(N2CCC3(CC2)CN(C(=O)c2ncccn2)CC3CO)cc1C(F)(F)F,0,0.781087803990733,0.0033956282161918,-4.5659313,0.0311965050869614,0.11176610581107253
4041,N#Cc1ccc(N2CCC3(CC2)CN(C(=O)c2cncnc2)CC3CO)cc1C(F)(F)F,0,0.781087803990733,0.0041473518280231,-10.228019,0.0282922380022599,0.0862464223534746
4042,CC(C)C(=O)N1CC(CO)C2(CCN(c3ccc(C#N)c(C(F)(F)F)c3)CC2)C1,0,0.832182176832202,0.0036329642513333,-3.437576,0.0185889269678212,0.13755850804223976
4043,N#Cc1ccc(N2CCC3(CC2)CN(C(=O)CCc2ccccc2)CC3CO)cc1C(F)(F)F,0,0.708271297547049,0.0061659235625435,-1.343368,0.0148986766902573,0.10291975765133561
4044,N#Cc1ccc(N2CCC3(CC2)CN(C(=O)CN2CCOCC2)CC3CO)cc1C(F)(F)F,0,0.730930407669118,0.0018129882086334,1.3508724,0.0190349968710936,0.11270464945360359
4045,Cc1cc(C(=O)N2CC(CO)C3(CCN(c4ccc(C#N)c(C(F)(F)F)c4)CC3)C2)[nH]n1,0,0.754361540616693,0.0104543524973931,2.3460321,0.0272622485619758,0.06816974035629617
4046,N#Cc1ccc(N2CCC3(CC2)CN(C(=O)c2ccccc2)CC3CO)cc1C(F)(F)F,0,0.780815509798051,0.0015158984926551,-0.8595596,0.0293937446268234,0.12006830808220008
4047,Cn1nccc1C(=O)N1CC(CO)C2(CCN(c3ccc(C#N)c(C(F)(F)F)c3)CC2)C1,0,0.782150322826177,0.0040779893516351,4.913108,0.0432378770639653,0.09355940319718056
4048,CCn1cc(C(=O)N2CC(CO)C3(CCN(c4ccc(C#N)c(C(F)(F)F)c4)CC3)C2)cn1,0,0.756305980821522,0.0070115655226669,8.40775,0.0290791344273614,0.07832086552916848
4049,Cc1cccc(CC(=O)N2CC(CO)C3(CCN(c4ccc(C#N)c(C(F)(F)F)c4)CC3)C2)c1,0,0.727171892239751,0.0088341418679456,-1.8996353,0.0262047120782744,0.10595591744956316
4050,Cc1noc(C)c1C(=O)N1CC(CO)C2(CCN(c3ccc(C#N)c(C(F)(F)F)c3)CC2)C1,0,0.750226979765633,0.0023449539803171,-2.7864468,0.048861726644637,0.08497649062957077
4051,Cn1ccnc1C(=O)N1CC(CO)C2(CCN(c3ccc(C#N)c(C(F)(F)F)c3)CC2)C1,0,0.782150322826177,0.0017614268031621,4.845886,0.0274425071554184,0.06283494257343832
4052,N#Cc1ccc(N2CCC3(CC2)CN(C(=O)CN2CCCCCC2)CC3CO)cc1C(F)(F)F,0,0.717586396618194,0.0030565741775189,-1.9285057,0.0412672095211398,0.11418410095931741
4053,N#Cc1ccc(N2CCC3(CC2)CN(C(=O)CN2CCCC2=O)CC3CO)cc1C(F)(F)F,0,0.738633822482191,0.0009961156676449,4.161597,0.0386117032993704,0.09949143749582032
4054,CC(C)n1cc(CN2CC(CO)C3(CCN(c4ccc(C#N)c(C(F)(F)F)c4)CC3)C2)cn1,0,0.727316296372919,0.0159815450330425,7.0481963,0.0241078150254382,0.06351761419013659
4055,N#Cc1ccc(N2CCC3(CC2)CN(C(=O)c2cc(C4CC4)[nH]n2)CC3CO)cc1C(F)(F)F,0,0.708444121687357,0.0406841247672536,10.516049,0.0245275870782023,0.053526762047358525
4056,Cc1nn(C)cc1C(=O)N1CC(CO)C2(CCN(c3ccc(C#N)c(C(F)(F)F)c3)CC2)C1,0,0.759838903399046,0.0022459646986544,6.4343467,0.0503860456690489,0.07946344425962686
4057,Cc1nn(C)c(C)c1C(=O)N1CC(CO)C2(CCN(c3ccc(C#N)c(C(F)(F)F)c3)CC2)C1,0,0.73664550181661,0.0014811764462766,2.51197,0.0849254326381307,0.09006891863630352
4058,Cc1ccccc1C(=O)N1CC(CO)C2(CCN(c3ccc(C#N)c(C(F)(F)F)c3)CC2)C1,0,0.748988072978612,0.0028134551016611,1.4773248,0.0364117626141644,0.10943922122714105
4059,COc1cccc(C(=O)N2CC(CO)C3(CCN(c4ccc(C#N)c(C(F)(F)F)c4)CC3)C2)c1,0,0.728227504549186,0.0026589239541925,-0.33081853,0.0331886838019723,0.07598702411318745
4060,N#Cc1ccc(N2CCC3(CC2)CN(C(=O)Cc2ccsc2)CC3CO)cc1C(F)(F)F,0,0.746566299651618,0.0068888222587552,-3.5525358,0.010813567373381,0.07634008707695153
4061,N#Cc1ccc(N2CCC3(CC2)CN(C(=O)c2ccc4ccccc4n2)CC3CO)cc1C(F)(F)F,0,0.581059796965982,0.0049792706883244,10.943517,0.0744504353731492,0.10258275001090304
4062,N#Cc1ccc(N2CCC3(CC2)CN(C(=O)c2nccc4ccccc24)CC3CO)cc1C(F)(F)F,0,0.581059796965982,0.0035216697057189,7.9229198,0.0657017355999311,0.09789217730333757
4063,N#Cc1ccc(N2CCC3(CC2)CN(C(=O)c2ccc4cc[nH]c4c2)CC3CO)cc1C(F)(F)F,0,0.579487505313205,0.0123629272345511,5.6956325,0.0745539926182613,0.0801521245143656
4064,N#Cc1ccc(N2CCC3(CC2)CN(C(=O)c2cccc4[nH]ccc24)CC3CO)cc1C(F)(F)F,0,0.579487505313205,0.0093708765431985,10.933504,0.0617750381007111,0.08282336040210954
4065,N#Cc1ccc(N2CCC3(CC2)CN(C(=O)c2ccsc2)CC3CO)cc1C(F)(F)F,0,0.769630767197576,0.0099163012061828,-7.690996,0.0166504384538194,0.07404101715597625
4066,N#Cc1ccc(N2CCC3(CC2)CN(C(=O)C2CCOCC2)CC3CO)cc1C(F)(F)F,0,0.764658718337692,0.0039189013935511,0.6344174,0.0279385320415718,0.11738164128323732
4067,N#Cc1ccc(N2CCC3(CC2)CN(Cc2cccnc2)CC3CO)cc1C(F)(F)F,0,0.801859281296679,0.0031766808735965,-0.32741296,0.0143495712641139,0.11008579617156027
4068,COc1ccc(C(=O)N2CC(CO)C3(CCN(c4ccc(C#N)c(C(F)(F)F)c4)CC3)C2)cn1,0,0.73139219651028,0.006867765433821,-2.3016968,0.0340515481667245,0.08709724870215267
4069,N#Cc1ccc(N2CCC3(CC2)CN(C(=O)CCC2CCCC2)CC3CO)cc1C(F)(F)F,0,0.693975633459684,0.0052113373385952,-0.64788955,0.0190202768559865,0.07616450961807858
4070,Cc1cnc(C(=O)N2CC(CO)C3(CCN(c4ccc(C#N)c(C(F)(F)F)c4)CC3)C2)cn1,0,0.75862958055632,0.0044270765513191,1.5855135,0.0376559363428709,0.09018226453290912
4071,Cc1occc1C(=O)N1CC(CO)C2(CCN(c3ccc(C#N)c(C(F)(F)F)c3)CC2)C1,0,0.773689504362699,0.0044217063807132,7.884112,0.0336545608215509,0.06830208767845343
4072,N#Cc1ccc(N2CCC3(CC2)CN(C(=O)c2cccnc2O)CC3CO)cc1C(F)(F)F,0,0.730509187747002,0.0101791710270651,7.120053,0.0319726466868496,0.1334334577687733
4073,N#Cc1ccc(N2CCC3(CC2)CN(C(=O)CC2CC2)CC3COCC2CC2)cc1C(F)(F)F,0,0.565915158386839,0.0020711416976793,1.848796,0.0341704236421447,0.07069902603396663
4074,CCCNC(=O)N1CC(COCC2CC2)C2(CCN(c3ccc(C#N)c(C(F)(F)F)c3)CC2)C1,0,0.619986094140509,0.0039957325984,-3.4259515,0.0215226796068067,0.051420568874836294
4075,CCC(=O)N1CC(COCC2CC2)C2(CCN(c3ccc(C#N)c(C(F)(F)F)c3)CC2)C1,0,0.643632827802034,0.001645601239888,-1.6329067,0.0091817677731906,0.07726341695873228
4076,CNC(=O)N1CC(COCC2CC2)C2(CCN(c3ccc(C#N)c(C(F)(F)F)c3)CC2)C1,0,0.739828615519897,0.0069428005392731,2.6464815,0.01291042463996,0.05221008837613759
4077,COCCOCC1CN(C(=O)C2CCC2)CC12CCN(c1ccc(C#N)c(C(F)(F)F)c1)CC2,0,0.551593661485688,0.0051522123543739,-0.76986337,0.0170318316127718,0.054644415998522974
4078,CCOCC(=O)N1CC(COCCOC)C2(CCN(c3ccc(C#N)c(C(F)(F)F)c3)CC2)C1,0,0.501972738098999,0.003107593387659,-0.4496361,0.0274099276314609,0.08766915111970533
4079,COCCOCC1CN(C(=O)C2CCCC2)CC12CCN(c1ccc(C#N)c(C(F)(F)F)c1)CC2,0,0.524507581739085,0.0070620403495889,3.9770737,0.020341966875531,0.056080806792935534
4080,COCCOCC1CN(Cc2cccn2C)CC12CCN(c1ccc(C#N)c(C(F)(F)F)c1)CC2,0,0.516880241501698,0.049022190287522,3.9242792,0.0283102591258204,0.05631641781322162
4081,CCOc1ccccc1C(=O)N1CCC2(CC1)CN(c1ccc(C#N)c(C(F)(F)F)c1)CC2CO,0,0.679701089013934,0.0027801885384299,7.7659745,0.0508350028484178,0.0804494147694904
4082,N#Cc1ccc(N2CC(CO)C3(CCN(C(=O)c4ccoc4)CC3)C2)cc1C(F)(F)F,0,0.801281795851433,0.0051538186170099,3.864613,0.0379567645553837,0.07741907018160607
4083,CC1(C(=O)N2CCC3(CC2)CN(c2ccc(C#N)c(C(F)(F)F)c2)CC3CO)CC1,0,0.812321024390333,0.002044694963728,-9.651671,0.0162502181567578,0.07329346947720718
4084,Cc1cc(C(=O)N2CCC3(CC2)CN(c2ccc(C#N)c(C(F)(F)F)c2)CC3CO)c(C)o1,0,0.743329845366031,0.0042456001362999,8.425777,0.0503805145058574,0.06371518648041982
4085,COc1ccc(CC(=O)N2CCC3(CC2)CN(c2ccc(C#N)c(C(F)(F)F)c2)CC3CO)cc1,0,0.693218605166287,0.0100786336808563,1.215886,0.0540091999251016,0.08260755033214236
4086,Cc1ccc(CC(=O)N2CCC3(CC2)CN(c2ccc(C#N)c(C(F)(F)F)c2)CC3CO)cc1,0,0.727171892239751,0.0029016968786316,2.6569695,0.0503295323210961,0.10554504138800476
4087,N#Cc1ccc(N2CC(CO)C3(CCN(C(=O)c4ccc(F)cc4)CC3)C2)cc1C(F)(F)F,0,0.700318856399629,0.0085397686828278,-1.1145986,0.0522649938419424,0.13199790028428066
4088,N#Cc1ccc(N2CC(CO)C3(CCN(C(=O)CSc4ccncc4)CC3)C2)cc1C(F)(F)F,0,0.642601407640555,0.0024591088452009,-1.4044431,0.0443042629294535,0.1010419460273918
4089,Cc1cc(C)cc(C(=O)N2CCC3(CC2)CN(c2ccc(C#N)c(C(F)(F)F)c2)CC3CO)c1,0,0.713640555258023,0.0036486375952261,2.627009,0.0484451118711815,0.08583356896391241
4090,CC(C)c1ccc(C(=O)N2CCC3(CC2)CN(c2ccc(C#N)c(C(F)(F)F)c2)CC3CO)cc1,0,0.658151715251273,0.0664416708929579,0.6648935,0.0549924364587207,0.0896741975576337
4091,N#Cc1ccc(N2CC(CO)C3(CCN(C(=O)Cc4cccc(F)c4)CC3)C2)cc1C(F)(F)F,0,0.679389217537724,0.0034027381442754,-2.3762178,0.0509951956646376,0.10829320692174638
4092,N#Cc1ccc(N2CC(CO)C3(CCN(C(=O)Cc4cccs4)CC3)C2)cc1C(F)(F)F,0,0.746566299651618,0.0038809637194991,1.1278352,0.0251909607899407,0.07638506571098307
4093,N#Cc1ccc(N2CC(CO)C3(CCN(C(=O)c4ccc(F)c(Cl)c4)CC3)C2)cc1C(F)(F)F,0,0.625646405932261,0.0042050754842703,-1.0158433,0.0531667607982523,0.10908794881503522
4094,N#Cc1ccc(N2CC(CO)C3(CCN(C(=O)Cc4c[nH]c5ccccc45)CC3)C2)cc1C(F)(F)F,0,0.563138886931215,0.0069280957380365,3.9107804,0.0845012608091509,0.08045693770641342
4095,COc1cccc(C(=O)N2CCC3(CC2)CN(c2ccc(C#N)c(C(F)(F)F)c2)CC3CO)c1,0,0.728227504549186,0.0030882155942441,0.17536497,0.0506468932974862,0.07825064095976628
4096,N#Cc1ccc(N2CC(CO)C3(CCN(C(=O)Cc4ccc(F)cc4)CC3)C2)cc1C(F)(F)F,0,0.679389217537724,0.0101334765321296,0.70113814,0.053407711760298,0.10655806768806197
4097,N#Cc1ccc(N2CC(CO)C3(CCN(C(=O)Cc4ccccc4F)CC3)C2)cc1C(F)(F)F,0,0.679389217537724,0.0116217348890528,-0.72361594,0.0541064118099525,0.10960448235892528
4098,Cc1ccc(C)c(C(=O)N2CCC3(CC2)CN(c2ccc(C#N)c(C(F)(F)F)c2)CC3CO)c1,0,0.713640555258023,0.006462837082343,-0.33430207,0.0474745697315371,0.08985624904651761
4099,CC(=O)N1CCC(C(=O)N2CCC3(CC2)CN(c2ccc(C#N)c(C(F)(F)F)c2)CC3CO)CC1,0,0.701315538139352,0.0044198709954927,-4.456826,0.0613900019656535,0.13561385357694247
4100,N#Cc1ccc(N2CC(CO)C3(CCN(C(=O)Cc4ccccc4Cl)CC3)C2)cc1C(F)(F)F,0,0.683033581987973,0.0032902215089853,0.5639199,0.0635209651285186,0.10844694805129429
4101,COCCOCC1CN(C(=O)CC2CC2)CC12CCN(c1ccc(C#N)c(C(F)(F)F)c1)CC2,0,0.525891570275429,0.0034386671139967,2.2372828,0.0177975259765403,0.05776304438176384
4102,COCCOCC1CN(C(=O)C(C)C)CC12CCN(c1ccc(C#N)c(C(F)(F)F)c1)CC2,0,0.56863161762697,0.0063978804974894,-2.4116178,0.0127472385228889,0.07803485347843776
4103,CCC(=O)N1CC(COCCOC)C2(CCN(c3ccc(C#N)c(C(F)(F)F)c3)CC2)C1,0,0.589412711635095,0.0035890252284594,-1.163182,0.0082529573331237,0.07623217607889354
4104,COCCOCC1CN(Cc2cccs2)CC12CCN(c1ccc(C#N)c(C(F)(F)F)c1)CC2,0,0.483578737480442,0.0165548994905504,8.770285,0.0139867603664673,0.05382983725021313
4105,CCc1ccc(C(=O)N2CC(COC)C3(CCN(c4ccc(C#N)c(C(F)(F)F)c4)CC3)C2)cc1,0,0.588288845913885,0.0106034581109824,1.282935,0.0286317754033508,0.07604326247546801
4106,COCC1CN(C(=O)NC2CCCCC2)CC12CCN(c1ccc(C#N)c(C(F)(F)F)c1)CC2,0,0.676141506807025,0.0085993659232426,3.2345977,0.0209607268380973,0.07346903209049452
4107,COCC1CN(C(=O)Cc2ccc(C)cc2)CC12CCN(c1ccc(C#N)c(C(F)(F)F)c1)CC2,0,0.609528444215437,0.0039495836300482,3.0106215,0.0207335896963409,0.07574526118255524
4108,COCC1CN(C(=O)C2CC2)CC12CCN(c1ccc(C#N)c(C(F)(F)F)c1)CC2,0,0.744400670402867,0.001937813151207,-4.911161,0.0059179060560286,0.0766780570519451
4109,COCC1CN(C(=O)Cc2cccc(F)c2)CC12CCN(c1ccc(C#N)c(C(F)(F)F)c1)CC2,0,0.574143133923109,0.0118291816131823,-1.1546493,0.0154747236922573,0.0972776348263005
4110,COCC1CN(C(=O)c2cc(F)ccc2F)CC12CCN(c1ccc(C#N)c(C(F)(F)F)c1)CC2,0,0.571269323127775,0.0059719754332087,4.2042227,0.032927615307399,0.08904641712726764
4111,COCC1CN(C(=O)Cc2ccccc2F)CC12CCN(c1ccc(C#N)c(C(F)(F)F)c1)CC2,0,0.574143133923109,0.0096962138133697,0.9996518,0.0228000942951363,0.09393079323816174
4112,COCC1CN(C(=O)c2ccc(C)nc2)CC12CCN(c1ccc(C#N)c(C(F)(F)F)c1)CC2,0,0.664337950875728,0.0041432419695917,0.52393234,0.0177669886284494,0.07203543112440174
4113,COCC1CN(C(=O)NCc2ccccc2)CC12CCN(c1ccc(C#N)c(C(F)(F)F)c1)CC2,0,0.668127334174142,0.0077864232874681,1.2913643,0.0148679223178236,0.06341237754014681
4114,CCN(CC)C(=O)N1CC(COC)C2(CCN(c3ccc(C#N)c(C(F)(F)F)c3)CC2)C1,0,0.671869630020474,0.0036306275453524,1.0213412,0.0161343325778224,0.08375318752632364
4115,COCC1CN(C(=O)C(C)C)CC12CCN(c1ccc(C#N)c(C(F)(F)F)c1)CC2,0,0.736606672365594,0.0020254473855522,-1.2444344,0.0070298521771543,0.08421020498639958
4116,COCC1CN(C(=O)Cc2ccccc2C)CC12CCN(c1ccc(C#N)c(C(F)(F)F)c1)CC2,0,0.609528444215437,0.0031896532569284,4.736534,0.0244901666135212,0.07253666676107365
4117,COCC1CN(C(=O)c2cccnc2)CC12CCN(c1ccc(C#N)c(C(F)(F)F)c1)CC2,0,0.693464178156914,0.0076558839596605,-0.82621723,0.015299084307097,0.06762614635922051
4118,COCC1CN(C(=O)c2ccccc2)CC12CCN(c1ccc(C#N)c(C(F)(F)F)c1)CC2,0,0.674457694298121,0.0034302317978537,-0.11148894,0.0138047115673991,0.0701292830196381
4119,COCC1CN(C(=O)Nc2ccc(C)cc2)CC12CCN(c1ccc(C#N)c(C(F)(F)F)c1)CC2,0,0.638410921723545,0.0235233892784,3.5980754,0.0207812645997945,0.07425201838371862
4120,COCC1CN(C(=O)Nc2ccccc2C)CC12CCN(c1ccc(C#N)c(C(F)(F)F)c1)CC2,0,0.638410921723545,0.02271479194156,3.7729545,0.0324086437107099,0.06979443763799517
4121,COCC1CN(C(=O)c2ccccc2Cl)CC12CCN(c1ccc(C#N)c(C(F)(F)F)c1)CC2,0,0.586969473284182,0.0179314074950222,4.018967,0.013285969386525,0.07689160500276307
4122,COCC1CN(C(=O)c2ccc(C)cc2)CC12CCN(c1ccc(C#N)c(C(F)(F)F)c1)CC2,0,0.637248656195089,0.0165790676095053,0.44213498,0.0156574169969059,0.07010367658121727
4123,N#Cc1ccc(N2CCC3(CC2)CN(C(=O)C2CCC2)CC3COCC2CC2)cc1C(F)(F)F,0,0.590425300406155,0.0113368648597252,-1.2975241,0.0304416267331556,0.0724261452477027
4124,N#Cc1ccc(N2CCC3(CC2)CN(C(=O)c2cn[nH]c2)CC3COCC2CC2)cc1C(F)(F)F,0,0.663711060561728,0.0052535006770483,2.6587138,0.0215577473512687,0.05087949858821796
4125,COCC1CN(c2ccc(C#N)c(C(F)(F)F)c2)CC12CCN(C(=O)c1ccccc1Cl)CC2,0,0.586969473284182,0.0179314074950222,5.2591367,0.0240668135614948,0.08038029184044437
4126,COCC1CN(c2ccc(C#N)c(C(F)(F)F)c2)CC12CCN(C(=O)Nc1ccc(F)cc1)CC2,0,0.604967919127782,0.0151370320814747,2.2632656,0.0505591429633729,0.08181588020089572
4127,CCn1ccc(C(=O)N2CCC3(CC2)CN(c2ccc(C#N)c(C(F)(F)F)c2)CC3COC)n1,0,0.657849867120619,0.0013385679496488,6.0334296,0.027431982408561,0.05813932674075243
4128,COCC1CN(c2ccc(C#N)c(C(F)(F)F)c2)CC12CCN(C(=O)c1nccn1C)CC2,0,0.698577747507107,0.0021312377697557,6.117584,0.0288888449409011,0.05474217410398806
4129,COCC1CN(c2ccc(C#N)c(C(F)(F)F)c2)CC12CCN(C(=O)c1ccccc1C)CC2,0,0.637248656195088,0.0087538465946846,3.425242,0.0228175144751002,0.07179276306303232
4130,N#Cc1ccc(N2CC(COCC3CC3)C3(CCN(C(=O)c4ccoc4)CC3)C2)cc1C(F)(F)F,0,0.576479542594111,0.0137888167955128,3.6583123,0.0219590998616955,0.05035294923021851
4131,CCS(=O)(=O)N1CCC2(CC1)CN(c1ccc(C#N)c(C(F)(F)F)c1)CC2COCC1CC1,0,0.586311327462985,0.0023253188426932,8.733012,0.0348470956421345,0.07718230462159545
4132,CC(C)CC(=O)N1CCC2(CC1)CN(c1ccc(C#N)c(C(F)(F)F)c1)CC2COCC1CC1,0,0.548717554386989,0.0185919246858726,-4.1421266,0.0303587716854899,0.059004365738709354
4133,CCNC(=O)N1CCC2(CC1)CN(c1ccc(C#N)c(C(F)(F)F)c1)CC2COCC1CC1,0,0.683521196897567,0.0020036468650627,-2.280899,0.0428412138084618,0.055064669443556855
4134,N#Cc1ccc(N2CC(COCC3CC3)C3(CCN(C(=O)C4CCCC4)CC3)C2)cc1C(F)(F)F,0,0.548576414631371,0.0214809490417814,3.902493,0.0426183214225914,0.057125380431394535
4135,N#Cc1ccc(N2CC(COCC3CC3)C3(CCN(C(=O)c4ccccn4)CC3)C2)cc1C(F)(F)F,0,0.574693076387259,0.004347917869967,3.824298,0.0254613730572688,0.05431492319520418
4136,N#Cc1ccc(N2CC(COCC3CC3)C3(CCN(C(=O)CC4CC4)CC3)C2)cc1C(F)(F)F,0,0.565915158386839,0.0020616592053161,3.012445,0.0395857450821135,0.06698192662385312
4137,N#Cc1ccc(N2CC(COCC3CC3)C3(CCN(C(=O)c4ncccn4)CC3)C2)cc1C(F)(F)F,0,0.594010247669587,0.0025910230816308,-1.7493564,0.0235605828242259,0.054041053261742744
4138,N#Cc1ccc(N2CC(COCC3CC3)C3(CCN(C(=O)c4ccco4)CC3)C2)cc1C(F)(F)F,0,0.576479542594111,0.0093959250161392,-1.5305293,0.0295420911500458,0.05180540744444264
4139,N#Cc1ccc(N2CC(COCC3CC3)C3(CCN(C(=O)c4ccncc4)CC3)C2)cc1C(F)(F)F,0,0.574693076387259,0.0059495437967629,0.70302355,0.0279620787887209,0.0549350018127448
4140,CCC(=O)N1CCC2(CC1)CN(c1ccc(C#N)c(C(F)(F)F)c1)CC2COCC1CC1,0,0.643632827802034,0.0017028400286809,-1.0120212,0.021915417374162,0.07228224343689012
4141,CCCC(=O)N1CCC2(CC1)CN(c1ccc(C#N)c(C(F)(F)F)c1)CC2COCC1CC1,0,0.580244957033971,0.0016686739641687,-1.8801179,0.0211302282707356,0.061434972586791634
4142,CC(=O)N1CCC2(CC1)CN(c1ccc(C#N)c(C(F)(F)F)c1)CC2COCC1CC1,0,0.699815839980315,0.0013186991552293,-2.6363945,0.0129790521972902,0.07274527357515839
4143,COCCOCC1CN(c2ccc(C#N)c(C(F)(F)F)c2)CC12CCN(C(=O)c1ccoc1)CC2,0,0.540754217541107,0.0104485202754277,5.45606,0.0193313443404192,0.06312951942771174
4144,COCCOCC1CN(c2ccc(C#N)c(C(F)(F)F)c2)CC12CCN(C(=O)COC)CC2,0,0.545370561634189,0.0016563819307248,-0.006475091,0.0283704549886733,0.09392074522459093
4145,COCCOCC1CN(c2ccc(C#N)c(C(F)(F)F)c2)CC12CCN(C(=O)C1(C)CC1)CC2,0,0.551593661485688,0.0036386356367158,-4.021683,0.0248813866276679,0.05000001905434938
4146,COc1ccc(C(=O)N2CCC3(CC2)CN(c2ccc(C#N)c(C(F)(F)F)c2)CC3CO)cn1,0,0.73139219651028,0.0051131203640009,-1.8325474,0.0476238695090882,0.08280088890619976
4147,N#Cc1ccc(N2CC(CO)C3(CCN(C(=O)Cn4ccnc4)CC3)C2)cc1C(F)(F)F,0,0.778690373504965,0.0015603457519662,1.5918611,0.0203697125607955,0.06519423744614475
4148,N#Cc1ccc(N2CC(CO)C3(CCN(Cc4ccncc4)CC3)C2)cc1C(F)(F)F,0,0.801859281296679,0.0034657611872856,4.158941,0.0385717987849113,0.09884448719066027
4149,COc1cccc(C(=O)N2CCC3(CC2)CN(c2ccc(C#N)c(C(F)(F)F)c2)CC3CO)c1C,0,0.698146856559456,0.0040096842825999,8.359759,0.0604722563557673,0.07590534383121246
4150,N#Cc1ccc(N2CC(CO)C3(CCN(C(=O)CC4CCCCC4)CC3)C2)cc1C(F)(F)F,0,0.70963938674905,0.0039589548906709,1.580882,0.0517975889546999,0.10447273422287681
4151,N#Cc1ccc(N2CC(CO)C3(CCN(C(=O)Cc4ccncc4)CC3)C2)cc1C(F)(F)F,0,0.76099594204169,0.0040408450667847,2.6954684,0.0483710011413936,0.09819959389293657
4152,N#Cc1ccc(N2CC(CO)C3(CCN(C(=O)c4ccccn4)CC3)C2)cc1C(F)(F)F,0,0.78576246210747,0.0027821222484805,4.0980363,0.0528620000150258,0.11995537282969244
4153,N#Cc1ccc(N2CC(CO)C3(CCN(C(=O)COc4ccccc4)CC3)C2)cc1C(F)(F)F,0,0.716951693647522,0.0012096418579238,-0.19588101,0.0357557028892644,0.079334574047127
4154,N#Cc1ccc(N2CC(CO)C3(CCN(C(=O)c4ccncn4)CC3)C2)cc1C(F)(F)F,0,0.781087803990733,0.0076035752909385,6.432833,0.0545410663030769,0.09286721979204365
4155,N#Cc1ccc(N2CC(CO)C3(CCN(C(=O)c4ccco4)CC3)C2)cc1C(F)(F)F,0,0.801281795851433,0.0021767306845632,-3.4865036,0.0323878494347188,0.07627768379518875
4156,Cn1cccc1C(=O)N1CCC2(CC1)CN(c1ccc(C#N)c(C(F)(F)F)c1)CC2CO,0,0.785743744317581,0.0027722976019662,1.9166514,0.0547068255205606,0.08054597856954993
4157,Cc1cccc(OCC(=O)N2CCC3(CC2)CN(c2ccc(C#N)c(C(F)(F)F)c2)CC3CO)c1,0,0.690089982790246,0.0037261939325733,-1.3986126,0.0458436126883754,0.07698252220568877
4158,N#Cc1ccc(N2CC(CO)C3(CCN(C(=O)CN4CCOCC4)CC3)C2)cc1C(F)(F)F,0,0.730930407669118,0.0016778298010453,2.1813273,0.0378324810833724,0.11444038414191493
4159,Cc1cc(C)n(CC(=O)N2CCC3(CC2)CN(c2ccc(C#N)c(C(F)(F)F)c2)CC3CO)n1,0,0.734621131801322,0.0017577817103543,0.9770521,0.0620659202496907,0.08713598090670911
4160,Cc1noc(C)c1CCC(=O)N1CCC2(CC1)CN(c1ccc(C#N)c(C(F)(F)F)c1)CC2CO,0,0.684467216324843,0.0285141907760467,1.3131322,0.0690467910058994,0.09947838050335554
4161,N#Cc1ccc(N2CC(CO)C3(CCN(C(=O)c4cccnc4)CC3)C2)cc1C(F)(F)F,0,0.78576246210747,0.004597775387144,-2.4653277,0.0484749866999772,0.10097410156340483
4162,N#Cc1ccc(N2CC(CO)C3(CCN(C(=O)c4ccccc4Cl)CC3)C2)cc1C(F)(F)F,0,0.702260937630361,0.004147912681689,2.977981,0.0582431061666619,0.09905613132063937
4163,N#Cc1ccc(N2CC(CO)C3(CCN(C(=O)Cc4ccccc4)CC3)C2)cc1C(F)(F)F,0,0.757395098548012,0.0038223109648224,0.86832774,0.046000604565522,0.10706231414338745
4164,Cc1noc(C)c1CC(=O)N1CCC2(CC1)CN(c1ccc(C#N)c(C(F)(F)F)c1)CC2CO,0,0.7266064454038,0.0045863891740737,-5.30943,0.0592481471562326,0.0858099035234878
4165,CCn1nccc1C(=O)N1CCC2(CC1)CN(c1ccc(C#N)c(C(F)(F)F)c1)CC2CO,0,0.756305980821523,0.0025622562786985,8.557607,0.0629628446213552,0.0717797944965232
4166,Cc1cc(C(=O)N2CCC3(CC2)CN(c2ccc(C#N)c(C(F)(F)F)c2)CC3CO)nn1C,0,0.759838903399047,0.0025630568121814,2.3093996,0.0552540324047246,0.08255859597001139
4167,N#Cc1ccc(N2CC(CO)C3(CCN(C(=O)CCN4CCCCC4)CC3)C2)cc1C(F)(F)F,0,0.701747230289047,0.0031998389757892,-5.1133423,0.0503749385552425,0.12501037884885896
4168,Cn1ccc(C(=O)N2CCC3(CC2)CN(c2ccc(C#N)c(C(F)(F)F)c2)CC3CO)n1,0,0.782150322826177,0.0021296241577962,0.87950027,0.0495682833043873,0.07247978860373258
4169,Cc1ccn(CC(=O)N2CCC3(CC2)CN(c2ccc(C#N)c(C(F)(F)F)c2)CC3CO)n1,0,0.75705172924809,0.0018265249874435,-5.6262975,0.0511497556314019,0.08139167534193008
4170,N#Cc1ccc(N2CC(CO)C3(CCN(C(=O)c4cc(C5CC5)[nH]n4)CC3)C2)cc1C(F)(F)F,0,0.708444121687357,0.0162157604574151,10.408824,0.0450369863209626,0.05801451098118795
4171,COCC1CN(c2ccc(C#N)c(C(F)(F)F)c2)CC12CCN(C(=O)c1cc(C)oc1C)CC2,0,0.63597699422136,0.0045738039715582,8.83757,0.0254422190976546,0.048815821150441675
4172,COCC1CN(c2ccc(C#N)c(C(F)(F)F)c2)CC12CCN(C(=O)NC1CCCCC1)CC2,0,0.676141506807025,0.0030885078325269,0.8846029,0.0365422178203211,0.07766516291891151
4173,COCC1CN(c2ccc(C#N)c(C(F)(F)F)c2)CC12CCN(C(=O)c1ccc(C)c(C)c1)CC2,0,0.597548502031523,0.0294086188927704,2.6028523,0.0501158399341502,0.07138259090359898
4174,COCC1CN(c2ccc(C#N)c(C(F)(F)F)c2)CC12CCN(C(=O)c1ccccc1F)CC2,0,0.600824053146765,0.0033658732674605,7.148315,0.0328122755208849,0.08174522258082106
4175,COCC1CN(c2ccc(C#N)c(C(F)(F)F)c2)CC12CCN(C(=O)c1cccs1)CC2,0,0.662833316055469,0.0035256913076926,2.749981,0.0190477423740065,0.05224998087149454
4176,COCC1CN(c2ccc(C#N)c(C(F)(F)F)c2)CC12CCN(C(=O)Cc1ccc(C)cc1)CC2,0,0.609528444215437,0.0039387380275089,4.800105,0.0287363252840549,0.07470975800711883
4177,COCC1CN(c2ccc(C#N)c(C(F)(F)F)c2)CC12CCN(C(=O)CC(C)C)CC2,0,0.688759772643582,0.0023238737019549,-5.264597,0.0081273756250768,0.07797501964344757
4178,COCC1CN(c2ccc(C#N)c(C(F)(F)F)c2)CC12CCN(C(=O)c1sccc1C)CC2,0,0.625261928760448,0.0346675357954847,-0.20542383,0.0217909015777056,0.05345269841232199
4179,COCC1CN(c2ccc(C#N)c(C(F)(F)F)c2)CC12CCN(C(=O)Cc1cccc(F)c1)CC2,0,0.574143133923109,0.0045160931194971,0.6162268,0.0274445892887691,0.09440330957746691
4180,COCC1CN(c2ccc(C#N)c(C(F)(F)F)c2)CC12CCN(C(=O)Cc1cccs1)CC2,0,0.633092756962756,0.0036091012481146,3.3368654,0.0193966006151561,0.062107227988981016
4181,COCC1CN(c2ccc(C#N)c(C(F)(F)F)c2)CC12CCN(C(=O)c1cnccn1)CC2,0,0.697430119836601,0.0049311728743664,3.9384809,0.0407326926429099,0.07628768223932593
4182,COCC1CN(c2ccc(C#N)c(C(F)(F)F)c2)CC12CCN(C(=O)c1ccc3cc[nH]c3c1)CC2,0,0.547980402321899,0.0266583844516094,6.2326097,0.0741710180584103,0.05364005895988637
4183,COCC1CN(c2ccc(C#N)c(C(F)(F)F)c2)CC12CCN(C(=O)c1cccc3[nH]ccc13)CC2,0,0.547980402321899,0.0253586492447613,11.267301,0.0782298925855351,0.05184123360075923
4184,COCC1CN(c2ccc(C#N)c(C(F)(F)F)c2)CC12CCN(C(=O)Cc1cccnc1)CC2,0,0.660244999885298,0.0032814407308461,3.0537028,0.0211676117645137,0.08345847713545984
4185,COCC1CN(c2ccc(C#N)c(C(F)(F)F)c2)CC12CCN(C(=O)Nc1cccc(C)c1)CC2,0,0.638410921723545,0.0170071768695254,1.3319806,0.0409001779051678,0.07305501611067447
4186,COCC1CN(c2ccc(C#N)c(C(F)(F)F)c2)CC12CCN(C(=O)c1ccc(C)c(F)c1)CC2,0,0.565695107163566,0.0450463109131472,6.076384,0.0431868725482779,0.0793364267284556
4187,COCC1CN(c2ccc(C#N)c(C(F)(F)F)c2)CC12CCN(C(=O)c1cccc(C)n1)CC2,0,0.664337950875728,0.004824280841092,8.322862,0.0269389987017126,0.06854682058638283
4188,CCCCS(=O)(=O)N1CCC2(CC1)CN(c1ccc(C#N)c(C(F)(F)F)c1)CC2COC,0,0.601157184395402,0.0028342804329184,10.054229,0.0199944266686444,0.09428713524713998
4189,COCC1CN(c2ccc(C#N)c(C(F)(F)F)c2)CC12CCN(C(=O)c1cccn1C)CC2,0,0.694074161300934,0.0056439266852548,3.046949,0.0302374663135037,0.053682480071200654
4190,COCC1CN(c2ccc(C#N)c(C(F)(F)F)c2)CC12CCN(C(=O)c1ccccc1)CC2,0,0.674457694298121,0.0023158317696136,1.7413164,0.0229629038246513,0.07228484841981149
4191,COCCOCC1CN(c2ccc(C#N)c(C(F)(F)F)c2)CC12CCN(C(=O)C1CC1)CC2,0,0.574929857664256,0.0022334335296809,-4.3452125,0.0146513987886115,0.05673480800606066
4192,COCCOCC1CN(c2ccc(C#N)c(C(F)(F)F)c2)CC12CCN(C(=O)CCOC)CC2,0,0.501972738098999,0.0016066503827173,0.41062522,0.0326017411509325,0.09111283760539639
4193,COCCOCC1CN(c2ccc(C#N)c(C(F)(F)F)c2)CC12CCN(C(=O)CC(C)(C)C)CC2,0,0.512367273832764,0.0040067343499409,3.1489878,0.0286913713062527,0.08276666325952643
4194,COCCOCC1CN(c2ccc(C#N)c(C(F)(F)F)c2)CC12CCN(C(=O)c1cc[nH]n1)CC2,0,0.597539900396279,0.0064086896402707,1.0202881,0.0273002082243716,0.06799699242294313
4195,COCCOCC1CN(c2ccc(C#N)c(C(F)(F)F)c2)CC12CCN(C(=O)c1ccco1)CC2,0,0.540754217541107,0.0062427429426522,0.3614453,0.0221199160037525,0.06415179803802878
4196,COC[C@H]1CN(c2ccc(C#N)c(C(F)(F)F)c2)C[C@@H]1C(=O)NCCc1ccccc1,0,0.727215740891835,0.002754389096071,0.9332036,0.0026502892475702,0.06906552746726928
4197,COC[C@H]1CN(c2ccc(C#N)c(C(F)(F)F)c2)C[C@@H]1C(=O)Nc1ccc(C)cc1,0,0.791145381115403,0.0023178068309436,0.4009347,0.0070153538359979,0.07288912124853332
4198,COC[C@H]1CN(c2ccc(C#N)c(C(F)(F)F)c2)C[C@@H]1C(=O)Nc1cccc2c1CCCC2,0,0.701082548616475,0.0026190516301402,-1.8993492,0.0101912350267756,0.07323251959327323
4199,COC[C@H]1CN(c2ccc(C#N)c(C(F)(F)F)c2)C[C@@H]1C(=O)N1CCc2ccccc21,0,0.740702636254633,0.003538166903838,7.3253407,0.0090790799328048,0.05947006082922479
4200,CCOc1ccc(NC(=O)[C@H]2CN(c3ccc(C#N)c(C(F)(F)F)c3)C[C@@H]2COC)cc1,0,0.684665239367267,0.0033021531248243,-1.3983519,0.0126132581698401,0.08295087638749551
4201,COC[C@H]1CN(c2ccc(C#N)c(C(F)(F)F)c2)C[C@@H]1C(=O)Nc1ccc(C)cc1C,0,0.755501239563963,0.0022425538429166,-2.2194037,0.008501213629245,0.07612258719428625
4202,COC[C@H]1CN(c2ccc(C#N)c(C(F)(F)F)c2)C[C@@H]1C(=O)Nc1ccc(C)c(C)c1,0,0.755501239563963,0.0034325024628147,-2.0268521,0.0097275091668777,0.07280478665586006
4203,COC[C@H]1CN(c2ccc(C#N)c(C(F)(F)F)c2)C[C@@H]1C(=O)N(Cc1ccccc1)C(C)C,0,0.601719907122934,0.0046840703383932,1.3244246,0.0058744280354362,0.07419220447912751
4204,CCc1cccc(NC(=O)[C@H]2CN(c3ccc(C#N)c(C(F)(F)F)c3)C[C@@H]2COC)c1,0,0.732722897017315,0.0020837027724644,1.9567636,0.0057754972490299,0.07453775551449018
4205,COC[C@H]1CN(c2ccc(C#N)c(C(F)(F)F)c2)C[C@@H]1C(=O)Nc1ccc(C)c(F)c1,0,0.709112587312153,0.0024638905854251,-1.1354167,0.0080498620316695,0.07751329403873167
4206,COC[C@H]1CN(c2ccc(C#N)c(C(F)(F)F)c2)C[C@@H]1C(=O)NCc1ccc(Cl)cc1,0,0.712907437411026,0.0056103293371048,2.1032405,0.0065158290345081,0.06871022418619904
4207,COC[C@H]1CN(c2ccc(C#N)c(C(F)(F)F)c2)C[C@@H]1C(=O)Nc1ccc(Cl)cc1F,0,0.663252241905454,0.0033973502405136,-1.4707828,0.016252051614619,0.07957238122001209
4208,COC[C@H]1CN(c2ccc(C#N)c(C(F)(F)F)c2)C[C@@H]1C(=O)NCc1ccccc1C,0,0.753580350167676,0.0038503960560345,1.8565859,0.0057975708913197,0.0681141208159288
4209,N#Cc1ccc(N2CCN(C(=O)CC3CCCC3)CC2C(N)=O)cc1C(F)(F)F,0,0.82939951469572,0.0022434068553388,0.3497181,0.0067868675618126,0.08815379921880058
4210,COc1ccccc1CCC(=O)N1CCN(c2ccc(C#N)c(C(F)(F)F)c2)C(C(N)=O)C1,0,0.714749691748659,0.003469990836777,2.7979817,0.0202052493933968,0.09857679088842834
4211,N#Cc1ccc(N2CCN(C(=O)NCCc3ccccc3)CC2C(N)=O)cc1C(F)(F)F,0,0.73829510560335,0.107821708714688,-3.9012923,0.0134339030300433,0.12206588630923579
4212,CC(CS(=O)(=O)C1=CC=C(C=C1)F)(C(=O)NC2=CC(=C(C=C2)C#N)C(F)(F)F)O,1,0.560412076086855,0.934016705742694,-12.522288,0.0199656130246892,0.11778014327234754
4213,C[C@@H]1CC2=C(CCC(=O)C2)[C@@H]3[C@@H]1[C@@H]4CC[C@]([C@]4(CC3)C)(C#C)O,1,0.544216997216785,0.999654930131212,10.571446,0.9991458366207212,0.8812283209483281
4214,CC(C)(C(=O)NC1=CC(=C(C=C1)[N+](=O)[O-])C(F)(F)F)O,1,0.660191216769706,0.990465082157184,-1.5062115,0.912232774021988,0.7418473215209532
4215,CC(=O)[C@]1(CC[C@@H]2[C@@]1(CC[C@H]3[C@H]2C=C(C4=CC(=O)[C@@H]5C[C@@H]5[C@]34C)Cl)C)O,1,0.7532215562878,0.999753563134243,4.2257,0.9388284691444928,0.3411554865566942
4216,CCC(=O)O[C@@]1(CC[C@@H]2[C@@]1(CC[C@H]3[C@H]2CCC4=CC(=O)CC[C@]34C)C)C(=O)CO,1,0.724146959959367,0.999789527287861,12.018094,0.97754704458569,0.9029988006595795
4217,CC1=C(C2=C(CCC(O2)(C)C)C(=C1O)C)C,1,0.725578187065541,0.394030835957997,12.313111,0.1181621019494268,0.2666830037264677
4218,C[C@@H](CN1C=CC(=N1)C2=CC(=C(C=C2)C#N)Cl)NC(=O)C3=NNC(=C3)C(C)O,1,0.58922341156434,0.965446300810464,-12.416627,0.9949809039395142,0.0586757362901549
4219,C[C@]12CC[C@@H](CC1=CC[C@@H]3[C@@H]2CC[C@]4([C@H]3CC=C4N5C=NC6=CC=CC=C65)C)O,1,0.626022416083117,0.329649950503001,1.0758718,0.1108361693940879,0.24973468664601164
4220,C[C@]12CCC(=O)C=C1C=C[C@@H]3[C@@H]2CC[C@]4([C@H]3CC[C@]4(CCC(=O)O)O)C,1,0.802495934425863,0.999572680901304,-2.1904507,0.9675476497475782,0.8950603123206596
4221,C1CC(CCC1NC(=O)C2=NN=C(C=C2)N3CCC(CC3)CN4CCN(CC4)C5=C(C=C6C(=C5)C(=O)N(C6=O)C7CCC(=O)NC7=O)F)OC8=CC(=C(C=C8)C#N)Cl,1,0.299873842923362,0.619169956448701,7.347447,0.6875668085293364,0.1094816661750384
4222,C1CC2(C1)C(=O)N(C(=S)N2C3=CN=C(C=C3)OC4CCNCC4)C5=CC(=C(N=C5)C#N)C(F)(F)F,1,0.634764744527197,0.0042246476900708,6.504144,0.3173536616092897,0.07988003910787303
4223,CC(=O)N1CCN(CC1)CCOC2=CC=C(C=C2)C3CCN(CC3)C4=NN5C(=NN=C5C(F)(F)F)CC4,1,0.604787331484559,0.0919823503408407,-6.0967193,0.0626582932272029,0.2597779348946508
4224,CNC(=O)C1=C(C=C(C=C1)N2C(=S)N(C(=O)[C@]23CCOC3)C4=CC(=C(C=C4)C#N)C(F)(F)F)F,1,0.522597412884943,0.139734580932939,-1.2391212,0.6930323839065676,0.1003763136143854
4225,CCS(=O)(=O)N[C@@H]1C[C@@]2([C@@H]3[C@H]([C@]1(O2)C)C(=O)N(C3=O)C4=CC(=C(C=C4)C#N)C(F)(F)F)C,1,0.67124854494246,0.0073848264607987,6.9539275,0.2720340475487434,0.1321144034991249
4226,CC1(C(=O)N(C(=S)N1C2=CN=C(C=C2)CCCC3=NC=CO3)C4=C(C(=C(C=C4)C#N)C(F)(F)F)F)C,1,0.328552251805656,0.521543587880186,7.119827,0.5994363052645851,0.12431487762459756
4227,CC(=O)OC[C@H](COC1=CC=C(C=C1)C(C)(C)C2=CC=C(C=C2)OC[C@@H](CCl)OC(=O)C)OC(=O)C,1,0.217165749218576,0.985753489309254,-4.0550017,0.6810151773938192,0.7132411923153743
4228,CC1(C(=O)N(C(=S)N1C2=CC=C(C=C2)OC[C@H](CO)O)C3=CC(=C(C=C3)C#N)C(F)(F)F)C,1,0.614368660894438,0.1622622131486,-1.2218403,0.6958579789200089,0.14117965416785513
4229,[2H]C([2H])([2H])NC(=O)C1=C(C=C(C=C1)N2C(=S)N(C(=O)C2(C)C)C3=CC(=C(C=C3)C#N)C(F)(F)F)F,1,0.543687318432802,0.344960725687545,-3.3181262,0.9357135746485088,0.11506271170626844
4230,CCOC(=O)NC1=C(C=C2CC3C(=O)N(C(=S)N3CC2=C1)C4=CC(=C(N=C4)C#N)C(F)(F)F)F,1,0.513918898692851,0.0041094583815186,10.9148855,0.7589496869371102,0.1095917646729889
4231,CC1(C(=O)N(C(=S)N1C2=CC(=C(C=C2)C(=O)NC)F)C3=C(C(=C(C=C3)C#N)C(F)(F)F)F)C,1,0.526092855540344,0.187987220115025,4.776773,0.9215971239148456,0.13509462565131108
4232,C1=CC(=CC(=C1)Cl)N2C(=C(C=N2)C3=C(C(=NO3)C4=C(C=CC=C4Cl)F)C5=NC=CS5)C(F)(F)F,1,0.225010324770452,0.223736869039549,0.8358344,0.0548616603673553,0.15701418303641645
4233,C1CC(CCC1NC(=O)C2=CN=C(C=N2)N3CCN(CC3)CC4[C@H]5[C@@H]4CN(C5)C6=C(C=C7C(=C6)C(=O)N(C7=O)C8CCC(=O)NC8=O)F)OC9=CC(=C(C=C9)C#N)Cl,1,0.302174530714583,0.625820805505091,6.989737,0.7442975560745241,0.10605180864050259
4234,CC1(C(=O)N(C(=S)N1C2=CC(=C(C=C2)OCC(CO)O)F)C3=CC(=C(C=C3)C#N)C(F)(F)F)C,1,0.466734905807368,0.18566886631147,-1.1997209,0.636958729892776,0.14047177621045193
4235,CC1=C2C[C@]3([C@@H](CC[C@@H]4[C@@H]3CC[C@]5([C@H]4CC[C@@H]5O)C)CC2=NN1C6=CC=C(C=C6)F)C,1,0.645947065101796,0.186264431146177,10.844595,0.777171557801943,0.14763376365869077
4236,CC1(C(C(C1OC2=CC(=C(C=C2)C#N)Cl)(C)C)NC(=O)C3=CC=C(C=C3)N4CCC(CC4)CN5CCN(CC5)C6=CC7=C(C=C6)C(=O)N(N=C7)C8CCC(=O)NC8=O)C,1,0.205842322329496,0.930718639757067,3.0933437,0.5698152738523289,0.0670383090830452
4237,C1CC(=O)NC(=O)C1N2C(=O)C3=C(C2=O)C=C4CNCC4=C3,1,0.693642950562854,0.99973612633313,-0.056508422,0.8783530384548689,0.7190413387247
4238,C1CC(=O)NC(=O)C1N2C(=O)C3=C(C2=O)C=C4CNCCC4=C3,1,0.696175822788062,0.999225880754475,3.7360811,0.8451991368821448,0.7646817786461013
4239,CCCCCCCCCCCCC/C=C/CCC(=O)OC1=CC=C(C=C1)CCC(=O)O,1,0.105918704479008,0.950376199611093,12.04677,0.8460902615641448,0.7714528663572409
