Unnamed: 0,SMILES,labels,QED,DBPP_SCORE,MolSkill,HADES,HADES_scs
0,CC(=O)c1cc2cc(Cl)ccc2o1,0,0.652476545433327,0.994044444422668,4.0704784,0.0149158901350624,0.16610330145832355
1,CC(C)NC(=O)c1cn(-c2cccc(F)c2)nn1,0,0.895971079615631,0.0029627040733867,-11.1735525,0.0333706158958245,0.2672898681872014
2,CC(=O)Nc1c(C(C)=O)oc2ccccc12,0,0.786307036640891,0.998700309730021,9.321279,0.3569723240161689,0.42551509468315646
3,CCOC(=O)c1oc2ccccc2c1NC(C)=O,0,0.846164738478586,0.709750267158494,9.33413,0.4585142138617936,0.45315137362916447
4,O=C(CCC[C@@H]1[C@H]2CCCN3CCC[C@@H](CN1C(=O)c1cccnc1)[C@@H]23)NC1CCCCC1,0,0.708138969348829,0.0078785055143104,10.217332,0.026732388308707,0.1883076281043639
5,N#Cc1ccc(C(=O)N2CCCCC2CCn2cc(C(=O)NC3CC3)nn2)cc1,0,0.810923472017774,0.0047412651932955,0.4660586,0.0016762881593565,0.03929830711207649
6,Cc1ccc(C(=O)NCCC23CC4CC(CC(C4)C2)C3)cc1NC1=NC2CS(=O)(=O)CC2S1,0,0.655243875489948,0.108707638312909,15.053603,0.0255632984505961,0.10292440527495805
7,Cc1ccc(C(=O)N2CCCCC2CCn2cc(C(=O)NCC3CC3)nn2)cn1,0,0.774483845207655,0.0036617955091842,-4.8976817,0.0212168360712052,0.07689468350671116
8,Cc1ccc(C(=O)N2CCC(CCNS(=O)(=O)c3ccc(C4CCCCC4)cc3)CC2)cc1,0,0.602435277484568,0.133756311748602,-1.9172813,0.0388352859769194,0.2937715700440252
9,COc1ccccc1C(=O)N(CCC(=O)Nc1nnc(-c2ccc(C)cc2)s1)C1CCCCC1,0,0.473286785492397,0.0530132683256392,2.0110612,0.0235293526427581,0.12023492411092618
10,Cc1ccc(-n2nc(C)c3c(C)c(CCC(=O)NC(C)C45CC6CC(CC(C6)C4)C5)c(C)nc32)cc1,0,0.446081427795331,0.166530179992561,6.1178584,0.0423936844867537,0.17224264829961689
11,COc1cc(OC)cc(C(=O)N(CCC(=O)Nc2nnc(-c3ccc(Cl)cc3)s2)C2CCCCC2)c1,0,0.38382306559338,0.188862795033046,1.0839056,0.0346293793424409,0.10165302064899948
12,CCc1cc(N(C)C2CCCCC2)nc(SCc2ccc(C(=O)NCC3CCCO3)cc2)n1,0,0.412209648924559,0.03034767815531,-3.1396918,0.0219914761250321,0.12005660707317083
13,CCc1ccc(C(=O)COC(=O)C(Cc2c[nH]c3ccccc23)NC(=O)C23CC4CC(CC(C4)C2)C3)cc1,0,0.296829238694586,0.961457401651331,7.4893947,0.017201389737476,0.15676085198816928
14,CCNC(=O)NC1CCC(Nc2nc(C3CCCCC3)nc3c2c(C)nn3-c2ccccc2)CC1,0,0.454500269918177,0.0663166728605635,0.8418411,0.0352270860251908,0.12266034739683769
15,CC(C)c1ccc(OCc2nc(C(=O)NC3CCCCC3NC(=O)CCC3CCCC3)cs2)cc1,0,0.42354965433351,0.280906094667675,-10.312246,0.014039030554707,0.1116836608388782
16,CC(C)NC(=O)[C@H]1C[C@H](NC(=O)CCC2CCCCC2)[C@H](c2nc(-c3ccccc3)no2)C1,0,0.610036584211449,0.0316636858037621,-12.944991,0.0121000597956588,0.08819994306525056
17,CC(C)N(CC(=O)N(CCc1c[nH]c2ccccc12)Cc1ccc(C(C)(C)C)cc1)C(=O)C1CCCC1,0,0.365582452185394,0.845684445818552,4.019961,0.0341418007751952,0.12004882367687222
18,NCCc1nnc(SCc2ccccc2)o1,0,0.801288557297691,0.140893327377624,-17.048368,0.2097898268574886,0.3394640861455957
19,O=C(O)c1ccc(CSc2ccccn2)cc1,0,0.840928205858077,0.483239822070272,-0.809819,0.5748103768414375,0.5279292709293711
20,Cc1cc(C)c(C#N)c(Nc2ccc3c(c2)OCCO3)n1,0,0.91582406523444,0.0047977748734928,-5.9498982,0.0099138656549715,0.0625996879150172
21,Cc1onc(-c2ccccc2)c1C(=O)NCC1CCCO1,0,0.937822876598444,0.0038286940170735,-9.82552,0.066854124724529,0.08296354252739739
22,CC(C)OC(=O)Cn1cnc2ccc(Br)cc2c1=O,0,0.811152861886298,0.0017652762879976,-6.57972,0.1426621425903578,0.7177031512086601
23,Cc1onc(-c2ccccc2)c1C(=O)NCc1cccnc1,0,0.802657367674858,0.004428078942026,-3.2072778,0.0212954433353497,0.14142735824716227
24,Cc1cccc(NC(=O)c2c(-c3ccccc3)noc2C)n1,0,0.80069933640584,0.0068925248265389,-5.675735,0.0231007345924953,0.11405729880021998
25,COc1ccc(Cl)cc1NC(=O)Cn1c(=O)n(Cc2ccc(F)cc2)c(=O)c2cccnc21,0,0.469052778474963,0.0025313168211102,-2.2785919,0.057973546209988,0.3049198206122349
26,CCc1nonc1NC(=O)c1oc2ccc(F)cc2c1C,0,0.800931738909426,0.0040656652813809,-6.013847,0.0239725673552699,0.18283538193426258
27,COc1ccc(Cc2nnc(NC(=O)c3c(-c4ccccc4)noc3C)s2)cc1,0,0.511840586119519,0.0030566845418975,3.430407,0.0125815369286642,0.0991571016854873
28,Cc1nn2c(N3CCOCC3)cc(C(C)(C)C)nc2c1-c1ccc(Cl)cc1,0,0.652351363132222,0.0774731091210781,-15.935632,0.0306811373160731,0.14082621866429101
29,Cc1onc(-c2ccccc2)c1C(=O)NCc1ccco1,0,0.797651390848323,0.0122042653478133,-0.09353125,0.0542547635888623,0.0918507731554249
30,CCOC(=O)c1nc(-c2ccc(OC)c(OC)c2)no1,0,0.772408315510331,0.0284201381670894,0.26990628,0.0568992247134513,0.21305212879325136
31,Cc1cc(C)n(-c2cccc(Cl)c2)c(=O)c1C#N,0,0.789398346751485,0.64063529984444,-0.38714147,0.0192801837406328,0.1389787477524505
32,CC(C)c1cc(CN2CCOCC2)cc(C(C)C)c1O,0,0.914399086272295,0.0118779888357171,-1.0392338,0.9341995612479996,0.5669564638659041
33,Cc1nn2c(-c3cccc(NC(=O)c4ccc(Cl)cc4)c3)nnc2c2ccccc12,0,0.443177766545787,0.038353401365787,-2.6165261,0.0234899393729615,0.09843380113808284
34,Nc1nnc(SCC(=O)N2CCCCC2)s1,0,0.825450918254877,0.13278257850614,2.9695582,0.1912660921588561,0.339600433188392
35,Cc1cccc(CCNC(=O)c2cccc3c2C(=O)N(C2CCCCC2)C3)c1,0,0.847759089448705,0.0080839181399965,2.7225666,0.0423949563882689,0.4146021573744195
36,O=S(=O)(c1ccccc1)N1CCC(Oc2ccc(-n3cnnn3)cc2)CC1,0,0.666239462876716,0.0006223287364326,-6.5816855,0.0165161266642825,0.16050997198632028
37,Cc1onc(-c2ccccc2)c1C(=O)N1CCCCCC1,0,0.845014873419466,0.0694374180392458,-11.067098,0.043923908590929,0.20767319661624395
38,Cc1ccc2nc(N(Cc3cccnc3)C(=O)C3CCCCC3)sc2c1,0,0.64502044762528,0.0287897527641434,-3.2111201,0.0061940741761245,0.13428813421603786
39,Cc1onc(-c2ccccc2Cl)c1C(=O)N1CCCCC1C,0,0.828155754614486,0.0084618622626932,-10.971665,0.0414206894866974,0.21106071928808134
40,Fc1ccc(-c2nn(-c3ccccc3Cl)c3c2cnc2ccccc23)cc1,0,0.377779074541134,0.263439151489031,-6.2442136,0.0297435481217917,0.17724549814713275
41,COc1ccccc1-c1nc2ccccc2s1,0,0.676889366431037,0.741041561375948,1.5104355,0.0232289483270601,0.2036236838866486
42,CCOC(=O)Cn1nc(-c2ccccc2)c2ccccc2c1=O,0,0.69516186547525,0.0022499736649808,-1.260104,0.0780153035283757,0.21964787494257304
43,Cc1ccccc1Cn1c(=O)n(Cc2ccc(Cl)cc2)c(=O)c2cccnc21,0,0.533593566638752,0.0079194853132646,-0.041875362,0.0143121635229837,0.24591121274699934
44,O=C(NC1CCCCC1)c1ccc(CSc2nc3cccnc3n2Cc2cccc(F)c2)cc1,0,0.335183085336176,0.0692407057416253,-1.8324733,0.0182936740194549,0.11857823639293881
45,Cc1ccc(Cn2c(SCc3ccc(C(=O)NC4CCCCC4)cc3)nc3ccncc32)cc1,0,0.329527430612542,0.113322570567838,3.902532,0.0175650511593052,0.1125331648263341
46,CC(C)c1ccc(NC(=O)CSC2=Nc3ccccc3C3=NC(CCC(=O)NC4CCCCC4)C(=O)N23)cc1,0,0.465485048855441,0.63757363119972,5.9345584,0.0467976114504441,0.14296732177877128
47,CSc1nc(-c2ccccc2)cc(C)c1C#N,0,0.751717327817591,0.0419511658472804,6.7318835,0.0122551573496931,0.076758249948627
48,CCOC(=O)c1cnc2c(C(F)(F)F)cccc2c1O,0,0.86109389736923,0.0060403290215049,6.835876,0.2430315851376864,0.5813797444157757
49,O=C(NC1CCCCC1)c1ccc(Cn2c(SCc3ccccc3F)nc3cccnc32)cc1,0,0.335183085336176,0.0361306490036283,1.4417771,0.0133322256526421,0.11982198961050013
50,O=C(NC1CCCCC1)c1ccc(CSc2nc3ccncc3n2Cc2ccccc2F)cc1,0,0.335183085336176,0.0998711952340105,7.0848193,0.0124169212062573,0.1220503259180303
51,CCc1nonc1NC(=O)c1oc2ccc(Br)cc2c1C,0,0.778952444832222,0.0025547537621224,-1.1443436,0.01316149253273,0.15011963385841848
52,Cc1onc(-c2c(F)cccc2Cl)c1C(=O)Nc1c(C)n(C)n(-c2ccccc2)c1=O,0,0.506481717326983,0.0405991145764386,-0.20903945,0.6214900984600865,0.19122079427960942
53,Cc1ccc(NC(=O)N2CC=C(c3c[nH]c4ccccc34)CC2)cc1Cl,0,0.622769089183237,0.0336302476521635,6.355099,0.0108712232650664,0.15008913671812604
54,Cc1ccc(NC(=O)N(C)CCc2noc(-c3ccc(C(=O)NC4CCCCCC4)cc3)n2)cc1,0,0.457366580391115,0.102504311307763,1.9341086,0.0257929946971665,0.12786539189128882
55,CCc1cccc(NC(=O)C2=C(C)C(=O)OC23CCC(C)CC3)c1,0,0.853493533689278,0.0025854753292693,-0.417148,0.1323457628993175,0.5385786183570863
56,O=C(Cc1csc(NC(=O)NC2CCCCC2)n1)NC1CCCCCC1,0,0.677814153302849,0.0062852937116762,9.104556,0.0259239514723691,0.13901901460776564
57,CCC(C(=O)Nc1nnc(CC2CCCC2)s1)c1ccccc1,0,0.854167853256456,0.0079272138954407,3.3888168,0.0103274325419314,0.07785413992426803
58,O=C(CCC1CCCCC1)Nc1ccccc1C(=O)NCC1CCCO1,0,0.776802393107874,0.004652315252584,-10.861943,0.0404073694533785,0.2708579819793712
59,CCC(Oc1ccc2c(c1)C(c1cccc(F)c1)N(C(=O)C(C)(C)C)CC2)C(=O)NCC1CCCO1,0,0.598132059873036,0.0343726676398342,-8.55168,0.0273687955752392,0.13506401377036772
60,CC1CCCC(C)N1C(=O)c1ccccc1NC(=O)C1CCCC1,0,0.902961338494031,0.0036739805029676,1.4074651,0.2221774188981473,0.20228020402147182
61,O=C(NC1C[C@@H]1c1ccccc1)c1cncn1-c1cccc(-c2ccc(Oc3ccccc3)cc2)c1,0,0.29029329106663,0.16429839360499,9.627902,0.0115804247258049,0.06573980544780887
62,O=C(Cc1csc(NC(=O)NC2CCCCC2)n1)NCC1CCCCC1,0,0.703220724203653,0.0048085411010843,4.0909157,0.0138075266006138,0.12614846588615275
63,CC1CC(NC(=O)c2cccc(C(=O)NC3CC(C)CC(C)(C)C3)c2)CC(C)(C)C1,0,0.678484728859611,0.782397680663644,9.130513,0.1462265282045342,0.3948055594858335
64,O=C(O)c1c2c(nc3ccc(OC(F)(F)F)cc13)CCCC2,0,0.918228358171189,0.0029831150054151,5.4944687,0.8859187879027965,0.6648446099762662
65,O=C(O)CC1(CNC(=O)CCn2c(=O)[nH]c3ccccc3c2=O)CCCCC1,0,0.666514489978966,0.128072606386518,3.24748,0.1075302169176101,0.6070925916164442
66,CN(CCc1noc(-c2ccc(C(=O)NC3CCCCC3)cc2)n1)C(=O)Nc1ccc(Cl)cc1,0,0.485158519051567,0.107013880274196,2.0004444,0.0302618983824771,0.14849854727955974
67,Nc1c(C(=O)O)cnn1-c1ccc(Cl)cc1F,0,0.859301143653438,0.982628219684587,-19.959797,0.760405137950184,0.7619632049857217
68,Oc1c(C2CCCCC2)cccc1C1CCCCC1,0,0.743553447487824,0.999628610483419,9.257294,0.8886648989583666,0.6622365177440857
69,CCn1cc(C(=O)N2CCC3(CC2)CCC3(C)O)cn1,0,0.894312034900186,0.0856665360268299,-12.391255,0.0467669475932762,0.0781409048580301
70,CC(C)c1nc2ccc(C(=O)NC3CCCCCCC3)cc2o1,0,0.88551323923266,0.0056340999521837,-2.1801333,0.0185887609529922,0.3371149788003627
71,CC1CCCCN1CCN1C(=O)c2cc3ccccc3n2CC1(C)C(=O)NC1CCCCCCC1,0,0.660889065641287,0.0097590414077458,2.066135,0.0604421350680919,0.2892819926890825
72,Nc1c(C(=O)O)cnn1-c1cc(F)ccc1Cl,0,0.859301143653438,0.690420720614447,-18.45198,0.6323420200906495,0.7430576804554121
73,O=C(NC1CCCCCC1)c1cccc2c1C(=O)N(C1CCCCC1)C2,0,0.816582083977207,0.0042404672545789,8.578895,0.0483657605627742,0.5914632128481874
74,O=C(CNC(=O)c1ccc(-c2noc(C3CCCC3)n2)cc1)NC1CCCCCCC1,0,0.718340400928918,0.0439624714166246,-13.998906,0.0178660325865913,0.08806956062812367
75,Cc1ccc(C(=O)N2CCCC(c3cccc(C(=O)NC4CCCCCC4)c3)C2)cc1,0,0.669721077741742,0.0265031783535708,-3.7281713,0.0269285988601774,0.26096305096647565
76,CN1C(=O)c2cc(C(=O)NC3CCCCCC3)nn2CC1(C)C(=O)NC1CCCCC1,0,0.719351753838602,0.0071808327585847,9.949786,0.0639569719110248,0.2776191745848697
77,CC(C)c1nc2ccc(C(=O)NC3CCCCC3)cc2o1,0,0.92698339430226,0.0021549188682742,-1.7895019,0.0118743625639735,0.29689274344961014
78,CCN1CCC2(CC1)OC(=O)C(C)=C2C(=O)Nc1ccc(C)c(C)c1,0,0.858186495264612,0.0079515745068594,-10.324186,0.3589159777272669,0.6902661363090588
79,CC(CC(=O)NC1CCCCCC1)S(=O)(=O)c1ccc2c(c1)CCN2C(=O)C1CC1,0,0.698752646981853,0.0703816271556643,3.8788686,0.0346226367056269,0.13012515142310788
80,CC(C)c1nc2ccc(C(=O)NC3CCCCCC3)cc2o1,0,0.854504283717032,0.0056340999521837,-1.8237928,0.0165523467542695,0.31891205290527547
81,O=C(Cc1ccc(-n2c(=O)c3ccccc3n(Cc3ccccc3Cl)c2=O)cc1)NC1CCCCC1,0,0.410408448610409,0.0061300434188514,4.631087,0.059636094379851,0.15655353763428065
82,Cc1ccc(Cn2c(=O)n(-c3ccc(CC(=O)NCCC(C)C)cc3)c(=O)c3ccccc32)cc1,0,0.42009898764111,0.0078787272401751,1.1167308,0.033538627681357,0.1404489194637516
83,O=C(O)c1ccc(-c2ccc(Cl)cc2Cl)o1,0,0.885449922183431,0.220159631679375,1.0732974,0.9188602990410376,0.6524098730427663
84,COC(=O)c1ccc(C2OCC(C)(C)CO2)cc1,0,0.756582083208507,0.92147648270025,3.6019216,0.1778322246123155,0.30144551652798207
85,O=C(O)c1csc2c1CCNC2,0,0.684904067412124,0.993164325985749,-4.4268804,0.160313357142267,0.4196710625981613
86,NC1CCN(CC(=O)O)CC1,0,0.567955878827705,0.999018755083052,9.349584,0.0914530437148644,0.24262370003384554
87,O=C(O)CCCn1cncn1,0,0.671217051997113,0.998871121043211,11.693372,0.1871552616708509,0.34681701657723285
88,O=C(O)CCC1CCCCN1,0,0.642028843511695,0.998847019335797,12.046836,0.0491273532247302,0.2512838007095322
89,CCCNC(=O)c1cc(C)no1,0,0.735418201450057,0.0868715049348159,13.410075,0.0153070433369354,0.14320180601597968
90,O=C(O)C1CCN(S(=O)(=O)c2c[nH]cn2)CC1,0,0.788233058248862,0.131626321733811,5.440092,0.1349803948217972,0.4490387930460214
91,O=C(O)C1CCCN(S(=O)(=O)c2c[nH]cn2)C1,0,0.788233058248862,0.0101096321925424,18.247257,0.1896876772549668,0.376260280615593
92,Nc1nc2c(cc1C(=O)O)CCCC2,0,0.70144912689586,0.529928507016509,10.753848,0.717452875329248,0.44198691349448316
93,Cc1ccc(S(=O)(=O)N2CCC(N)C2)cc1,0,0.828044838750167,0.0623349666450613,1.1515502,0.1422572983634172,0.35332226970223524
94,NCCCN1CCCC1=O,0,0.600578530174075,0.999017809152942,10.161365,0.0333932853961546,0.2333194100213823
95,CC(C)C(N)CC(=O)O,0,0.583947230181202,0.999618368784737,8.366933,0.6186657231173784,0.5165302230344808
96,OC1(c2cccc(F)c2)CCNCC1,0,0.709532989510107,0.189194355376375,16.633678,0.5068662842070287,0.17367215580182319
97,OC1(c2cccs2)CCNCC1,0,0.687951683162688,0.281012033578513,20.073673,0.0571812394931798,0.13376990081265291
98,Cc1nn(C)cc1C(C)N,0,0.6235360125955,0.971007495761348,6.035577,0.0543211083266512,0.22056951541659986
99,O=C(O)CCC(=O)N1CCCCC1,0,0.709165316695163,0.996287915882354,8.571838,0.1523848078076541,0.35187697403195706
100,CNC(=O)C1CCNCC1,0,0.528991760992696,0.997184154158504,13.569572,0.0085379466914912,0.12573867406437647
101,CCc1cccc(-n2nnnc2N2CCNCC2)c1,0,0.874986985935427,0.0261805515714745,-12.696486,0.2355557304043745,0.11911733768068364
102,O=C(NCC1CCOCC1)c1ccsc1,0,0.852965251877302,0.0012592997957374,3.3885589,0.037719517011591,0.09304071845211857
103,CCc1cccc(NC(=O)N(C)CC2CCOC2)c1,0,0.906179794270295,0.0008384836477397,-4.909663,0.0653046883245009,0.20882351625810108
104,O=c1[nH]nc2n1CCCC2,0,0.545661119135889,0.885407528457565,9.066581,0.5317012726003881,0.26254788663267903
105,Cc1cnc(-c2ccccc2)n1C1CCCNC1,0,0.875864341691671,0.220435342450266,-7.4489675,0.5218937362070445,0.2335709909216348
106,Cc1cnc(-c2ccccc2)n1C1CCNCC1,0,0.875864341691671,0.828557517444122,5.388576,0.6003224297897262,0.2282934176303404
107,CCC(=O)N1CCC(c2nc(-c3cccn3C)no2)CC1,0,0.868151635377719,0.0065554772305504,-12.503036,0.0176069152391665,0.14415147724700922
108,CCn1nccc1C(=O)N1CCC2(CCC2O)CC1,0,0.874149563320537,0.0045587739990608,10.611187,0.04170170676374,0.09447472244094576
109,COc1ccc(C(=O)N2CCC3(CC2)CCC3(C)O)cn1,0,0.902756636635442,0.0709514613047004,-21.13507,0.03907589334983,0.10242558271360294
110,Cc1cc(C)n(CC(=O)N2CCC3(CC2)CCC3(C)O)n1,0,0.901186406630541,0.0055589774318183,-20.562126,0.0837101694549538,0.09784035510374062
111,COCc1cnc(C)nc1C1CCNCC1,0,0.837766818720383,0.0056099575631713,16.760273,0.0451792827469178,0.12121654309601806
112,CCC1(C(N)=O)CCCNC1,0,0.601906027326896,0.90851639551382,20.121044,0.0349921305478782,0.15060790398865448
113,Cc1noc(C2CCCCN2C(=O)c2ccoc2)n1,0,0.829194141035667,0.0011408947834182,-5.3981166,0.0202332053798316,0.10594276649343262
114,CC(C)c1sc(N)nc1C(=O)O,0,0.734208546037801,0.768308358234925,13.3580675,0.2115828235465487,0.5339704652979954
115,CCCc1sc(N)nc1C(=O)O,0,0.747170187782478,0.170010279398984,15.677783,0.1733112571114785,0.3605539295836393
116,C1CCCC(Nc2nc3nonc3nc2NC2CCCCCC2)CC1,0,0.80003034556823,0.855393651350982,1.496344,0.0253778695401474,0.18146813346246626
117,CC(C)(CNC(=O)C1CC2CCC1C2)CNC(=O)C1CC2CCC1C2,0,0.776222834204341,0.123204504547461,0.34194005,0.038579536856389,0.1785796794568859
118,O=S1(=O)C[C@H](N2CCc3ccccc3C2)[C@@H](S(=O)(=O)c2ccccc2)C1,0,0.796175081845384,0.0029501276079185,5.527262,0.1262633127643008,0.19040803194048947
119,CC(C)CCN1C(=O)c2cc3occc3n2CC1(C)C(=O)NC1CCCCCC1,0,0.760954865205178,0.0066308135906278,7.7709155,0.0131511524772304,0.12202826480268876
120,CCCC1CCc2c(sc(NC(=O)CCC3CCCC3)c2C(N)=O)C1,0,0.740161156613533,0.0129896354477881,0.92009914,0.029326993289926,0.10291669034167376
121,O=C(NC[C@@]12CCC[C@H]1N(CC1CCCCC1)C(=O)CC2)c1cnccn1,0,0.864596407085861,0.0008652146986329,-12.789233,0.0130533677993013,0.10827873023970998
122,Oc1cc(C2CCCCC2)c(C2CCCCC2)cc1C1CCCCC1,0,0.602390975423922,0.993044271191462,10.053172,0.8774132372451878,0.7911652294407863
123,O=C(Nc1ccc(NC(=O)C2CC3CCC2C3)cc1)C1CC2CCC1C2,0,0.841696217696286,0.886986777400186,-7.0732703,0.1272031039675554,0.16935657310942004
124,COc1ccc(S(=O)(=O)[C@H]2CS(=O)(=O)C[C@@H]2N2CCc3ccccc3C2)cc1,0,0.747476290508691,0.0029911960521727,5.457201,0.1448758119809113,0.17931752308085266
125,Clc1cccc(-c2noc(CSc3ccc(-c4ccc(C5CCCCC5)cc4)nn3)n2)c1,0,0.282399401106578,0.262982997831276,6.732491,0.0255394057519821,0.3273303495715084
126,CC1CCC(NC(=O)C2(C)Cn3c(nc4ccccc43)C(=O)N2CCCN2CC(C)CC(C)C2)CC1,0,0.650934588780901,0.0072442113933074,1.9879073,0.0299538704808721,0.13634310415006698
127,CCn1cc(S(=O)(=O)N2CCCCC2CCn2cc(C(=O)NC3CC3)nn2)cn1,0,0.680471533867001,0.003192536996612,0.82557213,0.0257617215483649,0.07808137944965356
128,Cc1cc(N2CCC(C)CC2)n2nc(Cc3ccc(Cl)cc3)nc2n1,0,0.714156450612239,0.0020858548349934,-9.078033,0.0203716615141869,0.21023169295327962
129,CC(C)Oc1ccccc1-c1cc(C(=O)NC(C)C2CC3CCC2C3)c2ccccc2n1,0,0.505246461044719,0.0790981720924056,-1.9691538,0.0136687183412519,0.07792705553771492
130,Cc1ccn2cc(-c3ccc(NS(=O)(=O)c4ccc(-c5ccccc5)cc4)cc3)nc2n1,0,0.408917175134801,0.0717928268980512,0.39207208,0.0305691288387591,0.1908211680639175
131,Cn1cc(CN2CCC(OCCc3noc(C4CCOCC4)n3)CC2)c2ccccc21,0,0.576506358892728,0.157916180192908,5.43878,0.0345717568128662,0.1555060207044199
132,COc1cc(F)ccc1-c1ccc(=O)n(CC(=O)c2ccc3c(c2)CCN3S(C)(=O)=O)n1,0,0.526877813055129,0.0025767170724896,4.4196305,0.0408570399884192,0.4632286537786429
133,CC(C)c1ccc(CN(C(=O)Cc2coc3ccc(C(C)C)cc23)C2CCS(=O)(=O)C2)cc1,0,0.464119839472577,0.0361197214423844,8.105676,0.0913355145326598,0.12428463212313794
134,CCC(C(=O)Nc1cccc(Cl)c1)N1C(=O)CN=C(c2ccccc2)c2ccccc21,0,0.621416051280678,0.0304074564786809,8.937961,0.6972537058731237,0.25157388145762943
135,CN(CCc1noc(-c2nn(CC3CC3)c3c2COCC3)n1)C(=O)CCC1CCCC1,0,0.609720186351677,0.0033845150808581,-6.0168986,0.0108862158169165,0.07493621851170254
136,Cc1ccc(Cc2nc3nc4c(c(N5CCN(c6cc(Cl)ccc6C)CC5)n3n2)CCC4)cc1,0,0.426692131310055,0.0068911154269459,3.5871081,0.0252117160134805,0.08207991933649995
137,Cn1cccc1-c1noc(C2CCN(C(=O)C3(c4ccccc4)CC3)CC2)n1,0,0.698924117035068,0.014412431642362,-7.640631,0.0246335107742608,0.07162678392111346
138,COc1ccc(-c2cc3nc(C)cc(N4CCCCCC4)n3n2)cc1OC,0,0.695670169076675,0.0057303166110026,-13.720226,0.0160121247603017,0.15496297282886182
139,CCN1CCC(N(Cc2cccs2)C(=O)c2nn(CC3CC3)c3c2COCC3)CC1,0,0.676742328204901,0.007391296123407,-10.505399,0.0284646644257895,0.09433339301044782
140,O=C(CN1C(=O)CCCc2cc(S(=O)(=O)N3CCCCC3)ccc21)NC1CCCCCC1,0,0.681372983501837,0.0047239795196286,-2.4989827,0.046421250348792,0.5299199140321873
141,O=C(NC1CC1)c1cccc(Nc2c(Oc3ccc4c(c3)CCC4)cnn(-c3cccc(Cl)c3)c2=O)c1,0,0.326555122374435,0.333685989460917,4.9740934,0.0333155296790498,0.07995907127230786
142,Clc1ccc(Cc2nc3nc4c(c(N5CCC(Cc6ccccc6)CC5)n3n2)CCC4)cc1,0,0.406789861988016,0.117913064921163,3.5184226,0.0227593941790692,0.09544559699130492
143,COc1ccc(S(=O)(=O)N2CCC(c3nc(-c4ccncc4)no3)CC2)cc1,0,0.649213403839349,0.0135477308300216,-12.285907,0.0167287592852519,0.1607580555941161
144,COc1ccc(-n2c(=O)c3c4c(sc3n(Cc3ccc(Cl)cc3)c2=O)CCCC4)c(OC)c1,0,0.409216318215138,0.0027825006616061,5.159014,0.0310768599127792,0.20819386716793548
145,Cc1nn(-c2ccc(F)cc2)c2nc(CC3CCCCC3)nc(N3CCCN(C(=O)NC4CCCCC4)CC3)c12,0,0.427730444915533,0.242367076696546,-6.9266515,0.0652929065644842,0.10534632993754171
146,Cc1c(C(=O)O)nn(-c2ccc(F)cc2)c1Oc1ccc(NC(=O)C2CCC2)cc1S(=O)(=O)NC1CC1,0,0.3815381269691,0.22557219798614,0.09594667,0.42152730049881,0.24301262965695355
147,COc1cc(OC)cc(C(=O)N2CCC[C@H]2Cn2cc(C(=O)NC3CCCC3)nn2)c1,0,0.727911259088669,0.0012087662009237,6.5845904,0.0130058757942173,0.07369039084274061
148,O=C(NC1CCCCCC1)C1CCC(CNS(=O)(=O)c2cccc3nsnc23)CC1,0,0.654828788433235,0.0072768895041377,2.7753854,0.0437212592642515,0.1617092301180311
149,CC(C)c1cc(N(C)C2CCCCC2)nc(SCc2ccc(C(=O)NCc3ccco3)cc2)n1,0,0.292268668688567,0.134196355312273,2.6762547,0.0168030017582886,0.1427585509001345
150,Cc1c(C(=O)O)nn(-c2ccccc2)c1Oc1ccc(NC(=O)C2CCC2)cc1S(=O)(=O)N1CCOCC1,0,0.442936215502283,0.078397773648415,-6.7275987,0.3132636681377802,0.3310513276904799
151,Cn1nc(-c2cccc(Cl)c2)cc1C(=O)NC1CCS(=O)(=O)C1,0,0.909440287297903,0.0007365231744732,-8.241304,0.1335897057744883,0.08332695163607386
152,Cc1cc(N2CCN(c3cccc(C)c3C)CC2)n2nc(Cc3cccc(F)c3)nc2n1,0,0.487814079737724,0.0367750227615786,-1.4660112,0.0292380233791793,0.14129325478746704
153,Cc1onc(-c2ccccc2)c1C(=O)NC(C)C1CCCO1,0,0.942568690652579,0.0007813928445753,-15.193934,0.0520574923485832,0.07370954203382957
154,COCCn1c(SCC(=O)c2c[nH]c3ccccc23)nc2cc(C(=O)NC3CCCCC3)ccc2c1=O,0,0.191148603502448,0.174788898791434,13.681642,0.0296224523670464,0.1587466688923902
155,CCC(C)C(=O)Nc1ccc(Oc2c(C)c(C(=O)O)nn2-c2ccccc2)c(S(=O)(=O)N2CCOCC2)c1,0,0.417385971763525,0.286551447459385,-5.1100683,0.3351369074370254,0.3075736514605782
156,Cc1c(C(=O)O)nn(-c2ccc(F)cc2)c1Oc1ccc(NC(=O)C2CCC2)cc1S(=O)(=O)NC(C)C,0,0.376018690052723,0.340201869689021,-1.3297818,0.7469235895244979,0.3305702591052833
157,Cc1noc([C@]23C[C@H](NC(=O)CCC4CCCC4)C[C@H]2CN(Cc2ccccc2)C3)n1,0,0.730319205824842,0.0062384811521793,0.64815176,0.0168147947510425,0.07829849767226094
158,O=C(CC(c1ccc(C(F)(F)F)cc1)c1cn(Cc2ccccc2)c2ccccc12)NCCc1ccccn1,0,0.224745437341061,0.57119860252167,8.068061,0.0333674493627734,0.21365702242313853
159,O=C(CCN(C(=O)c1ccccc1F)C1CCCCC1)Nc1nnc(-c2cccc(Cl)c2)s1,0,0.457524495230755,0.0459994859812277,2.3067102,0.0353381446976356,0.14684177470389476
160,Cc1cc2c(cc1S(=O)(=O)N1CCN(C(=O)Cc3ccc(Cl)cc3)CC1)OC(C)C(=O)N2,0,0.729268921931103,0.0023344703025687,-0.5113728,0.0398624731777839,0.47756946618282614
161,CC1CCN(S(=O)(=O)c2ccc3ncn(CC(=O)NC4CCCCCC4)c(=O)c3c2)CC1,0,0.691495183102419,0.0061156688473969,-10.454848,0.0310365088570533,0.2811264374593067
162,Cc1c(C(=O)O)nn(-c2ccc(F)cc2)c1Oc1ccc(NC(=O)C2CC2)cc1S(=O)(=O)NC(C)C,0,0.392509838372777,0.289307657194571,-3.747045,0.8190282177690896,0.28092814421896517
163,CCC(C)C(=O)Nc1ccc(Oc2c(C)c(C(=O)O)nn2-c2ccc(C)cc2)c(S(=O)(=O)N2CCOCC2)c1,0,0.403321724786798,0.479937603111355,-5.1856723,0.7159115951822786,0.38781510094732813
164,CC(C)c1cc(C2CCCN2C(=O)c2c(F)cccc2F)no1,0,0.856765022831056,0.0013926597692694,-7.5685353,0.0364373240339531,0.2178629468276724
165,CCc1cc(N(C)C2CCCCC2)nc(SCc2ccc(C(=O)N3CCN(C)CC3)cc2)n1,0,0.441832942529894,0.0193642592834177,0.9116293,0.0398702694151085,0.21261502946448987
166,Cc1ccc(-n2nc(C(=O)O)c(C)c2Oc2ccc(NC(=O)CC(C)C)cc2S(=O)(=O)N2CCOCC2)cc1,0,0.403321724786798,0.473916639537958,-6.48097,0.6337140183219555,0.2601588951045813
167,CC1CC(C)CN(C(=O)c2cc(N(C)C3CCCCC3)nc3ccccc23)C1,0,0.742367284819663,0.0629959765668413,3.7858834,0.0212013352192667,0.20099247965685002
168,CCC(Oc1ccc2c(c1)C(c1ccc(C)cc1)N(C(=O)C1CC1)CC2)C(=O)NCC1CC1,0,0.646603093486944,0.0426283687765855,-3.4435334,0.0203560934723887,0.10488456020747043
169,CCN(CC)C(=O)c1sc2c(c1C)c(=O)n(-c1ccc(OC)cc1OC)c(=O)n2Cc1ccc(Cl)cc1,0,0.322125617486673,0.0163975227623424,6.3415723,0.0525418097599244,0.26114726603539073
170,COc1ccc(C#N)cc1,0,0.582096863873456,0.999371460939529,6.7040114,0.044138359030552,0.07014706249295154
171,CCc1ccc(C(=O)COC(=O)C(Cc2ccccc2)NC(=O)C23CC4CC(CC(C4)C2)C3)cc1,0,0.414536096252292,0.646377254111226,3.214437,0.0911657633607087,0.47271597366887647
172,CC(=O)NC(Cc1ccccc1)C(=O)O,0,0.767673550136586,0.986040048476285,3.9448628,0.8627216869013736,0.561122982661151
173,CSc1snc(-c2ccccc2)c1C#N,0,0.74450220243269,0.0399176746469891,9.256126,0.0117215764704014,0.09415021496133158
174,Cc1ccc(CC(C(=O)NCCC23CC4CC(CC(C4)C2)C3)C(C)C(=O)O)cc1,0,0.673766036393535,0.0875517019075426,16.675327,0.3255980303764902,0.6711379418401688
175,COc1ccccc1-c1noc(N)c1C#N,0,0.825066477491913,0.0898244293292259,10.410062,0.0164720864791766,0.07319680808542908
176,Nc1nc(-c2ccc3c(c2)CCCO3)cs1,0,0.822008217333551,0.0443227721645068,-5.8114467,0.1704827728448438,0.20498025638465261
177,COc1ccc(-c2cc(C#N)c(C#N)c([O-])n2)cc1,0,0.806057044324304,0.0125654462890489,-3.8433528,0.3017776080307486,0.07814829363339079
178,CN(C1CCCCC1)S(=O)(=O)c1ccc2c(c1)c(=O)c(C(=O)NC1CCCCCCC1)cn2C,0,0.679731210444202,0.0437131506514388,4.70007,0.0299613463946709,0.25848542245099504
179,NC(CC(=O)O)c1ccc(OCc2ccccc2)cc1,0,0.846953139182182,0.234509729064416,-6.4919906,0.9075663521909084,0.6758799933819486
180,N#Cc1cncnc1O,0,0.526234134236853,0.594624675728166,16.389412,0.3751320484099043,0.14887731085563055
181,O=C(Cc1ccc(Cl)cc1)Nc1nc(C(=O)NC2CCCCC2)cs1,0,0.825510846685437,0.0033005109223346,-10.652934,0.0132545585555742,0.15054673462166007
182,COc1ccc2sc(N(Cc3cccnc3)C(=O)c3ccco3)nc2c1,0,0.5316003199527,0.0017476516491771,-8.117598,0.0043924117043408,0.08738790085142416
183,CCC1CCCCN1S(=O)(=O)c1cc(-c2nc(-c3ccccc3)no2)sc1C,0,0.599914657095759,0.0030321771052229,-12.149019,0.010834257582411,0.09626312787659055
184,CCC(C)NC(=O)c1ccc(-c2nc(CCN(C)C(=O)Nc3ccc(Cl)cc3)no2)cc1,0,0.515590778320119,0.0104772924827157,0.9752258,0.0344069909301869,0.16056727754679967
185,O=C(C1CCCCC1)N(Cc1cccnc1)c1nc2ccc(Cl)cc2s1,0,0.59873182069693,0.0146607224015427,-1.2263709,0.0075614133660803,0.1477197722572035
186,CCn1cc(C(=O)Nc2ccc3cc[nH]c3c2)c(=O)c2ccc(C)nc21,0,0.596083422635459,0.449351272473574,3.2869081,0.0968398720346136,0.1714123496463526
187,Cc1ccccc1NC(=O)N(C)CCc1noc(-c2ccc(C(=O)NCC3CCCO3)cc2)n1,0,0.52765625809958,0.068981080119751,2.6389823,0.0270093146606553,0.07025856377048098
188,CCN(c1cccc(C)c1)S(=O)(=O)c1cc(-c2nc(-c3ccccc3)no2)sc1C,0,0.407555201563234,0.0167710790502622,-4.0261283,0.0151096849847246,0.11319038011579623
189,Cc1c(C(=O)NC2CCCCCC2)sc2ncnc(N(C)C3CCCCC3)c12,0,0.714842981309426,0.0950413106348787,13.102827,0.0270460611382793,0.14895850370520897
190,COc1cccc(Cn2c(=O)n(Cc3ccc(F)cc3)c(=O)c3nccnc32)c1,0,0.520306822106186,0.0149292300190348,-11.975467,0.032362896848763,0.20802728653393499
191,COc1cccc(-c2nn(C(C)C(=O)Nc3ccc(F)cc3)c(=O)c3noc(C)c23)c1,0,0.526447173879374,0.0031978162248027,4.493878,0.4094131971948402,0.25691819646313035
192,CCOc1ccccc1N1CCN(S(=O)(=O)c2nn(CC)cc2C(=O)NC2CCCCC2)CC1,0,0.612551967973188,0.0060083847086423,-1.0709836,0.0280095496624995,0.1623812453954881
193,CCn1nc(C)c2c1c(=O)n(Cc1ccc(F)cc1)c(=O)n2CC(=O)Nc1cc(Cl)ccc1OC,0,0.420768699018663,0.0016667928512709,3.785274,0.1433718431418001,0.3112104948624898
194,CCn1nc(C)c2c1c(=O)n(Cc1ccc(F)cc1)c(=O)n2Cc1cccc(Cl)c1,0,0.489776294504424,0.003427707409034,5.812984,0.0448194730611313,0.32780849341846985
195,Cc1ccc(Cl)cc1N1CCN(S(=O)(=O)c2nn(C)cc2C(=O)NC2CCC(C)CC2)CC1,0,0.69067214500131,0.0083676700356829,-10.49878,0.0148501263401312,0.23107840020171305
196,CCCCc1ccc(NC(=O)Cn2nc3c(N4CC(C)CC(C)C4)nccn3c2=O)cc1,0,0.613974496717229,0.0049465542420448,-2.5416148,0.0129008997564312,0.1067620737610154
197,CCn1nc(C)c2c1c(=O)n(Cc1ccc(F)cc1)c(=O)n2CC(=O)Nc1cccc(SC)c1,0,0.409469305370645,0.0018573488905725,8.949341,0.0566481036795195,0.2808258906142008
198,CC1CCC(NS(=O)(=O)c2ccc3c(c2)CCN3C(=O)CCC(=O)N2CCCCC2)CC1,0,0.704699045145282,0.0010447965378684,-6.587891,0.1045768843449155,0.6149877230867502
199,CCn1nc(C)c2c1c(=O)n(Cc1ccc(F)cc1)c(=O)n2CC(=O)Nc1ccc(OC)c(Cl)c1,0,0.420768699018663,0.0068997008308355,6.3641806,0.1941648944963801,0.3431516824519731
200,CCCN(C(=O)c1c(C)oc2ncnc(N3CCCCC3)c12)c1ccc(Cl)c(Cl)c1,0,0.488523030828106,0.0390305288388446,-0.74708223,0.0366817535361964,0.22702690427393643
201,O=C(NCC1CC1)c1coc(CN(CCc2c[nH]c3ccccc23)Cc2ccc(C(F)(F)F)cc2)n1,0,0.301565040392699,0.312258719913963,6.0941787,0.0429779314684964,0.07452645079979499
202,CCCc1nc(SC)ncc1C(=O)Nc1ccc(Br)c(C)c1,0,0.614170606458553,0.0036870806050147,-3.149745,0.017768853573537,0.15519625197426148
203,CCCNC(=O)c1nsc(C(=O)O)c1N,0,0.699302340781311,0.102916658253365,4.0017543,0.3171429083682962,0.5055280512000371
204,CN(C)CCCN(C(=O)c1ccc(Cl)s1)c1nc2c(F)cc(F)cc2s1,0,0.574855063621167,0.100228746906241,6.00225,0.1900788003431664,0.20311356243089712
205,Clc1cccc2nc(N3CCNCC3)oc12,0,0.822597058894519,0.0859828526348365,-16.1809,0.2201038280988838,0.18179752477451125
206,Nc1c(-c2ccc(C(F)(F)F)cc2)ncnc1N1CCCCC1,0,0.915045715203776,0.0038594577585354,2.5491214,0.0327605511759913,0.2336503717618233
207,CN(C)c1nc(N2CCCC2)nc2c1CN(C(=O)c1ccccc1Cl)CC2,0,0.81251759230171,0.0030065347112285,-3.5704818,0.0212666411949052,0.12147689023591161
208,CCOc1ccc2ncc3c(-c4ccc(F)cc4)n[nH]c3c2c1,0,0.613146105860444,0.0216849806434369,-5.315126,0.0193571407847642,0.1304424438626567
209,Fc1ccccc1CSc1nc2ccccc2o1,0,0.657246920148264,0.0732776882948612,7.7271485,0.02423616079567,0.21173330935106116
210,O=C(Nc1nc(C23CC4CC(CC(C4)C2)C3)cs1)c1c(O)c2cccc3c2n(c1=O)CCC3,0,0.585160385881383,0.0442044608309474,10.283177,0.0394955033970819,0.12840235905044747
211,COC(=O)c1cc(-c2ccc(Br)cc2)no1,0,0.79460493794841,0.232251081685376,8.344406,0.0553453072063315,0.24321796033155088
212,Cc1ccc(-c2nc3ccc(Br)cn3c2NC(C)(C)C)cc1,0,0.6751155305226,0.0670691604929573,-2.9096808,0.0595471798157115,0.1832078836816128
213,Cc1nc(C)c(C(=O)O)c(-c2ccc(F)cc2)c1C(=O)O,0,0.906696659227649,0.989971628795886,-2.9373922,0.8875834533642003,0.7054893941037854
214,CC(C)c1c(C(=O)N2CCOCC2)nnn1-c1ccc(Br)cc1,0,0.822855087638708,0.0183327418945949,-14.277441,0.0740673491085342,0.27471916563007476
215,O=c1c(-c2cccc(C(F)(F)F)c2)coc2ccc(F)cc12,0,0.614128484967918,0.218229922854731,-7.916392,0.3648547975882112,0.6494094952585134
216,Nc1nnc(SCc2cc(Cl)ccc2Cl)s1,0,0.875944487804075,0.0831385977401409,-8.070295,0.2675356011146919,0.20661692789480712
217,COC(=O)c1sc2ccccc2c1C(=O)OC,0,0.768222711932904,0.998144466958888,2.2124877,0.1341090272308787,0.45601050783858066
218,Cc1ccc(Cn2c(=O)c3c(cnn3C)n3c(SCC(=O)Nc4cc(F)ccc4F)nnc23)cc1,0,0.363595218939943,0.0085372116004884,8.064048,0.0883816744623813,0.16104844434718785
219,Clc1ccc(-c2nn3c(-c4ccco4)nnc3c3ccccc23)cc1,0,0.457851238804247,0.0495555486538258,-4.8044806,0.0174701614082114,0.11974361861044658
220,CC(C)(O)c1cn(-c2cccc(F)c2)nn1,0,0.838159930624835,0.0074249430268322,-10.391329,0.0378362361800656,0.2240857220552089
221,Cn1cc(C(=O)c2cc(Cl)ccc2O)c(C(F)F)n1,0,0.882724528648941,0.0060123449252577,-15.105018,0.3144524366802816,0.4018542020359158
222,O=C(CSc1ccnc2cc(Cl)ccc12)NCc1cc2oc(=O)[nH]c2cc1Cl,0,0.455352748878748,0.0290509072593707,4.3208714,0.0359719288801991,0.20059492606086354
223,CC1(C)COC(c2ccc(O)cc2)OC1,0,0.770092715271276,0.995807596792841,12.801417,0.1806303507511795,0.20013015885438828
224,OCc1nnn(-c2ccc(F)cc2)c1CO,0,0.78925474060577,0.272409854691953,4.129818,0.453444338272674,0.48290364649364614
225,FC(F)(F)Oc1ccc(-n2cc(Br)cn2)cc1,0,0.848422925010245,0.568956223113179,-18.548073,0.1023674084757385,0.3013471231186503
226,OCc1cc(-c2ccc3c(c2)OCO3)no1,0,0.829864097202028,0.0295743960053998,-2.772903,0.117320968765003,0.203954017327312
227,Oc1c2c(nn1-c1ccc(F)cc1)CCCC2,0,0.82025836553437,0.198723033524166,-2.3098013,0.2689989532704721,0.3762438653558273
228,COc1c(C(F)(F)F)nc2c(C)cccn12,0,0.752458667193638,0.137766396961502,6.430839,0.0213048481775381,0.1560179601943768
229,CNC(=O)Cc1coc2ccc(F)cc12,0,0.816221954753531,0.002947414174968,-5.24756,0.0926955757522973,0.5846436225405364
230,Cc1nc2sc(-c3ccon3)c(N)c2c(C)c1Cl,0,0.735611161382193,0.0044821916077729,-2.1030045,0.0101964425063922,0.09161089711233154
231,Nc1nonc1C(=O)OCc1ccccc1Cl,0,0.836723138574286,0.0019900021245714,-3.2193322,0.1662160760172955,0.3358101616533876
232,O=C(O)c1cnc(-c2ccc(F)cc2)nc1,0,0.83660172420937,0.996392277883247,-17.903542,0.8890613867658052,0.5397316964351847
233,Nn1c(SCc2cccc(Br)c2)nnc1-c1ccccc1,0,0.568564407169427,0.0061904611517552,-6.7282004,0.0116395290318634,0.15932568173130834
234,Nc1nc2cccc(Cl)c2o1,0,0.655288547832693,0.989535695294622,5.1142325,0.2039378249547444,0.1728965492166538
235,Clc1ccc2oc(Cl)nc2c1,0,0.63407696231369,0.99603527638332,7.5518546,0.0922713588851434,0.25831815745040926
236,COCCN1CCC(=O)C(C)C1C,0,0.654882436835913,0.318441925171878,8.914888,0.0088505210235366,0.252977917837392
237,COc1ccc(-c2nnc3sc(C(F)(F)F)nn23)cc1,0,0.730000337847691,0.0021900340632878,-4.26632,0.0862331606462625,0.3493061466575303
238,Clc1ccccc1CSc1nc(-c2ccccc2)nc2c1CCCC2,0,0.419999382235568,0.37873733891914,5.713988,0.0187759170884475,0.21364306399650457
239,COCc1cc(C)nc2sc(C(=O)OCc3ccccc3)c(N)c12,0,0.715847256172583,0.000667499930735,-9.551103,0.0243913842612405,0.18042377624058978
240,O=C1C=C(NCC23CC4CC(CC(C4)C2)C3)C2(CCCCC2)O1,0,0.801849128015282,0.06896665891616,16.542343,0.258509063038713,0.5367322516618049
241,COC(=O)c1nc2ncccn2c1F,0,0.626846617283344,0.168092985861188,6.9354873,0.045982987153049,0.2483163280220093
242,Clc1nc2ccccc2nc1Cl,0,0.651241091915693,0.999424840577506,11.506106,0.0467988955976693,0.20096435230622714
243,Cc1sc(N)nc1-c1cc(Cl)ccc1Cl,0,0.839899629309045,0.171412311141347,-1.3496388,0.0734516430574808,0.1667939777068009
244,N#CCC(=O)c1c[nH]c2ccccc12,0,0.727566319643814,0.982891668310784,14.103916,0.0470885049153782,0.08849794911593797
245,COCc1nn2c(C(F)(F)F)cc(-c3cccnc3)nc2c1-c1ccc(OC)cc1,0,0.476498049305029,0.0066542417272004,-10.954378,0.0497850529784468,0.24804066823355994
246,Cc1ccc(-c2ccnc3c(C(=O)NC4CC4)cnn23)cc1C,0,0.809155805548463,0.0067742654983887,-2.217894,0.0210749388007319,0.07523588267814985
247,CCOc1ncc(Cl)cc1C(=O)O,0,0.810746023636011,0.776510402682726,-14.308875,0.033000179789021,0.30180621686806913
248,O=c1[nH][nH]c2c1cnc1ccc(F)cc12,0,0.581790841052592,0.424852575756499,9.086649,0.2619747425306826,0.39860023783745735
249,Fc1ccc(Br)cc1-c1nnc2sc(-c3n[nH]cc3Br)nn12,0,0.509427650818987,0.0144313554035742,-2.9599314,0.0317021287889919,0.1085032355310334
250,COC(=O)Cc1cc(O)n(-c2ccc(Cl)cc2)n1,0,0.862656024535538,0.201373248093561,-5.3943715,0.4843928049142376,0.42698033159171034
251,O=C(c1cccs1)N(Cc1cccnc1)c1nc2c(F)cc(F)cc2s1,0,0.501459010631116,0.0021440275638238,2.5767837,0.0118815085732343,0.09538707690711812
252,Cc1nc2cc(Br)cc(Br)c2o1,0,0.739968408474021,0.624107492469252,-3.7746902,0.0425885668333534,0.13058367621620176
253,CCc1c2c(nc3sc(C(=O)OCc4ccccc4)c(N)c13)CCCCCC2,0,0.597080122107323,0.0332150895371123,1.0331153,0.0293142503122159,0.23066237401225015
254,Fc1ccc(F)c(-c2nnc3sc(-c4ccc5c(c4)OCO5)nn23)c1,0,0.548600683012636,0.0282527791666478,-11.157294,0.0275570735722806,0.11659794799475032
255,N#Cc1c(N)nc(SCc2ccc(Cl)c(Cl)c2)c(C#N)c1-c1cccs1,0,0.547673432559038,0.0298204870380387,2.069304,0.0036956163790472,0.05408737267433966
256,Cc1cc(C)cc(NC(=O)C23CC4CC(C2)CC(n2nnc(C)n2)(C4)C3)c1,0,0.902971460463203,0.0018630213050987,3.0382419,0.0341586875759941,0.13818843539246917
257,COc1ccc2sc(N(CCCN(C)C)C(=O)c3ccc(Br)s3)nc2c1,0,0.518142162801868,0.0049715217947256,2.7467675,0.1060158267806655,0.12962192371119496
258,COc1ccc(-c2cnn(-c3ccc(Br)cc3)c2N)cc1OC,0,0.752517928698587,0.186901553274164,1.9113616,0.0186148676968208,0.24107358893106784
259,Fc1ccc(CNc2nnc(NC3CCCCC3)c3ccccc23)cc1,0,0.669976378016746,0.126821438013412,-10.841093,0.0160712618175394,0.12683918170391276
260,CC(C)Sc1ccc(Cl)nn1,0,0.667802473069289,0.814069891078309,5.4657884,0.0200565370858176,0.27906135069139504
261,CC1=C(c2ccc(C)c(C)c2)S(=O)(=O)N=C1Nc1ccc(Br)c(C)c1,0,0.748800443739401,0.131765686921928,10.994346,0.0398408544742077,0.1736889726508582
262,Cc1cccc2c1Oc1nc(-c3ccc(Cl)cc3)nc(SCc3nc4ccccc4s3)c1C2,0,0.188111941080269,0.0513598709712826,5.9424367,0.0260970596941718,0.15840511169202748
263,O=c1oc(-c2ccc(-c3ccccc3)cc2)nc2ccccc12,0,0.546224144737413,0.829787946139807,1.2078003,0.1131000739967619,0.2783711493446149
264,Cc1ccc(NC(=O)CSc2ccc(C(=O)O)cn2)c(Br)c1,0,0.774391133508914,0.0056118358149194,1.3224055,0.0834280854547975,0.5919763363822957
265,Cc1nc2ccc(F)cc2c(=O)n1N,0,0.621602059618766,0.486936177797175,4.8566794,0.079290225970579,0.1951097860705418
266,CCOc1ccnc2c1c(=O)n(Cc1ccc(Br)cc1)c(=O)n2C,0,0.685972361323438,0.0064331227077458,-5.871494,0.0299068074802348,0.35392761366213243
267,CNC(=O)c1cn(-c2ccc(SCC(=O)NCc3ccc(C(F)(F)F)cc3)nn2)cn1,0,0.536501527113791,0.0079754233504595,5.7964463,0.0636085385849578,0.166971224658725
268,COc1ccccc1-c1ccc(=O)n(Cc2cccc(OC(F)(F)F)c2)n1,0,0.678515196565878,0.0021570235047081,-1.4387231,0.0365728450769268,0.20979209796380532
269,Nc1c(C(=O)OCc2ccccc2)sc2nc3c(c(-c4cccs4)c12)CCCC3,0,0.421107934881457,0.041769875807857,6.1671395,0.0129605273149625,0.1259085443192384
270,Nc1nccc(-c2ccc(Br)s2)n1,0,0.852519253014639,0.588976165630182,-4.3577914,0.0641296437810402,0.2517101832430261
271,Cc1ccccc1NC(=O)N(CCOC1CC2CCC1(C)C2(C)C)C1CCCCC1,0,0.58775482867942,0.542826099868826,7.980148,0.1486134883623532,0.137114450710977
272,CN(C)S(=O)(=O)c1c(C(N)=O)nn(-c2c(Cl)cc(C(F)(F)F)cc2Cl)c1N,0,0.744897671761205,0.0071098917556183,8.305934,0.4716435818785574,0.5521687179588287
273,CCc1nonc1NC(=O)c1oc2ccc(Cl)cc2c1C,0,0.799336548613897,0.0031875885089676,-7.1894503,0.0182889386787945,0.16090337197794286
274,Cc1nn2c(CN(C(=O)c3ccco3)c3ccccc3)nnc2c2ccccc12,0,0.468341636848546,0.0206582292977691,-14.655061,0.0247734542204592,0.08057058985080937
275,c1ccc(-c2nn3c(-c4ccncc4)nnc3c3ccccc23)cc1,0,0.492449439319164,0.0160152219691098,-1.7055937,0.0092550191354794,0.11255360587649796
276,CCC(CC)C(=O)Nc1ccc2nc(SCc3cc(=O)c4cccc(Cl)c4[nH]3)sc2c1,0,0.303196454160684,0.0863465824756211,-7.2528095,0.0257957563596315,0.11628144123201192
277,Brc1ccc(-c2cc[nH]n2)s1,0,0.799628782067628,0.738564087375982,6.1440268,0.0273838336196602,0.13934431014275844
278,Cc1cc(C)cc(Nc2cc(C)nc3nc(C45CC6CC(CC(C6)C4)C5)nn23)c1,0,0.665831150300759,0.0321313753638895,2.2453394,0.0168210001448368,0.16960281283148682
279,Cc1cc(Nc2ccc(Br)c(C)c2)n2nc(C34CC5CC(CC(C5)C3)C4)nc2n1,0,0.552831593553543,0.12123244914308,2.1299,0.0211828235675282,0.15753817790392538
280,CC(C)(C)c1ccc(-c2ccc(C(C)(C)C)cc2)cc1,0,0.598123684146534,0.999809587607505,7.757993,0.9336463952622928,0.23906035447409782
281,N#Cc1cc2c(nc1SCc1ccc(Cl)cc1)CCC2,0,0.788956810186948,0.018181176903827,6.4006357,0.0049333552504958,0.10142087995477285
282,Cc1cc(NC(=O)CCc2nc(CSc3nnc(-c4ccc(Cl)cc4)[nH]3)no2)no1,0,0.388968206586705,0.231867339261149,3.8765416,0.0250536335995162,0.11789880727057447
283,CNC(=O)c1cn(-c2ccc(SCC(=O)NCc3cccc(C(F)(F)F)c3)nn2)cn1,0,0.536501527113791,0.0128210450824163,5.787029,0.0706134033782835,0.20781814462017842
284,N#Cc1cc2c(nc1SCc1ccccc1Cl)CCC2,0,0.788956810186948,0.050255093300395,3.298532,0.0032689768819961,0.0915425854365694
285,Cc1c(C(=O)Nc2onc3c2CC(C)CC3)oc2ccc(Br)cc12,0,0.679206384208212,0.0063125440155828,1.0292848,0.0176682772978811,0.12114665185469409
286,Cc1cc(N2CCCCC2)n2nc(C(F)(F)F)c(-c3ccccc3Cl)c2n1,0,0.585748202844672,0.0929323774844382,-14.954581,0.0481631877241995,0.34017994964955356
287,Cc1cc(N2CCCC2)n2ncc(-c3ccc(F)cc3)c2n1,0,0.726068361945905,0.263066528451648,-14.798205,0.0265299955698475,0.07732449392026239
288,O=C(c1cccc(C(F)(F)F)c1)N1CCCC1c1cccs1,0,0.780500700702763,0.0213607514783624,-10.720885,0.0357002194898775,0.11642942912811553
289,c1cncc(C2CCCCN2)c1,0,0.681814978597389,0.998111194689061,14.873748,0.0728351883808385,0.18703311459932453
290,CS(=O)(=O)c1ccc(Cl)cc1,0,0.6763012329231,0.999669778165398,4.2477465,0.0254421758088204,0.2726251154799084
291,CS(=O)(=O)c1cccc(Cl)c1,0,0.6763012329231,0.99967949484715,0.47785938,0.0313460571488808,0.30029538420954804
292,Clc1ccc2nnc(-c3ccccc3)n2n1,0,0.64499596873284,0.207019051423859,0.0052593946,0.127244425667633,0.35480893479099196
293,CC1CCCCC1NC(=O)C1(C)Cn2c(cc3occc32)C(=O)N1CCN(C)C1CCCCC1,0,0.68184900061513,0.0047143613334469,12.718755,0.0336008735748151,0.14354643067515377
294,CC(C)NC(=O)N1CCCC1c1ccco1,0,0.835351935425852,0.057439949965742,13.7550745,0.0429183125611367,0.09294706340719633
295,Clc1ncnc2c1[nH]c1ccccc12,0,0.571140473495049,0.880331917060239,6.9435363,0.2465859156830855,0.20362501401218025
296,Cc1cc(C)nc(N2CCNCC2)n1,0,0.703350607473479,0.996196325581501,13.318526,0.0331994147114662,0.21905253905815109
297,Nc1nnc(-c2ccc(F)cc2)o1,0,0.719166817057103,0.900091796543129,-0.14038885,0.1532438913508891,0.3422222428548933
298,Nc1nonc1OCc1ccc2c(c1)OCO2,0,0.846225845414458,0.0266031711760406,8.654565,0.0575473855714355,0.2961673937649488
299,Nc1nnc(SCC(=O)N2CCCC2)s1,0,0.797506709825611,0.117071075443237,-0.3286953,0.3419612208619415,0.13740364069188618
300,CC(C)(C)c1nnc2sc(/C=C/c3ccco3)nn12,0,0.719494625519656,0.0023290289774443,-4.231523,0.0146834536022068,0.10158497861259434
301,CN(C)S(=O)(=O)N1CCC(Oc2ccc(-n3cnnn3)cc2)CC1,0,0.768858151795938,0.0005280314346119,-3.913494,0.0301129234115407,0.19675728237731396
302,COc1ccc(-c2nn3c(-c4ccccc4)nnc3c3ccccc23)cc1,0,0.475345002332004,0.0410399959420162,-1.1887798,0.0090168023046882,0.09792500510970131
303,CC1(C(=O)NC2CCCCCCC2)Cn2c(cc3occc32)C(=O)N1C1CCCCC1,0,0.751522991726913,0.0323632887932494,10.872952,0.0184786170215776,0.13672493871174196
304,COc1ccc(-c2nnc3c4ccccc4c(-c4ccc(C)cc4)nn23)cc1,0,0.454312500943524,0.175334311024552,-1.0321665,0.0084821936913302,0.10180663511536898
305,Cn1c2c(c(SCc3ccc(F)cc3)nc1=O)CCC2,0,0.643761094630378,0.0090589628477687,-11.29546,0.2019467450349673,0.48282528698827676
306,Cn1c2c(c(SCc3ccc(Cl)cc3)nc1=O)CCC2,0,0.644949481434954,0.0286458826598131,-10.714961,0.0994305711215476,0.33629756865993754
307,Cc1noc(C)c1C(=O)O,0,0.632938858714718,0.998868855204742,9.326521,0.2731990980210176,0.5598984352621492
308,CCn1c2c(c(SCc3ccc(Cl)cc3)nc1=O)CCC2,0,0.636205809916447,0.0062455156728643,-8.6068325,0.0834540600695118,0.2575432717518422
309,Cc1nnc(-c2ccc3c(c2)OCO3)o1,0,0.708079722896099,0.645518823600239,-1.886209,0.0439113648377029,0.2232182134793709
310,N#Cc1c(N)nc2c(c1-c1ccc(Br)s1)CCCC2,0,0.860060363062764,0.254719563597988,5.6352506,0.010764988119114,0.12018850218996
311,CC(C)(C)C1CCC(C(=O)O)CC1,0,0.679964114351426,0.998573233624725,12.218042,0.3602240309321446,0.3900728540079891
312,CCCc1nnc(-c2ccsc2)o1,0,0.753717248255279,0.167132749264332,-14.746332,0.0128927870093565,0.08763049411206086
313,COc1ccc2c(c1OC)CN1CCc3cc4c(cc3C1C2)OCO4,0,0.840834514015771,0.999030694139392,14.327495,0.0768154509233212,0.5024250520839308
314,c1ccc(-c2nc3ccccc3o2)c(-c2nc3ccccc3o2)c1,0,0.443439678523738,0.999667593781536,-9.081836,0.0251756532765151,0.20405161441925262
315,c1ccc2oc(CCCc3nc4ccccc4o3)nc2c1,0,0.562553385446135,0.607239214235773,20.885427,0.0452491723459991,0.15013031162154727
316,CC1N=C(c2ccccc2)c2ccccc2N(Cc2c(F)cccc2Cl)C1=O,0,0.598631346308912,0.114134628284958,4.4756575,0.5369219770564787,0.3162477810712643
317,Cc1onc(-c2ccccc2Cl)c1C(=O)Nc1nc(-c2cccc3ccccc23)cs1,0,0.328793323040176,0.0461581153107217,2.1352935,0.0179688788184859,0.07505072962897238
318,CC(=O)NCCc1c[nH]c2ccc(OCc3ccccc3)cc12,0,0.732833950744834,0.998350055797147,-5.9541936,0.0173379314459561,0.298493294969395
319,Cc1onc(-c2ccccc2)c1C(=O)Nc1ccn(Cc2ccc(Cl)cc2)n1,0,0.529072180395418,0.0167230885608262,-0.85460556,0.0158104832030732,0.10093136202679605
320,COc1ccc(-c2nnc(-c3ccccc3)n2-c2ccccc2)cc1,0,0.549365555374293,0.669218720501071,-6.7247415,0.0126895891978764,0.11988169486095679
321,CCCN(CCC)C(=O)c1c2c(nc3ccccc13)C(=O)N(C1CCCCC1)C2,0,0.709242762731536,0.0079536895582088,4.4022717,0.0304052130624013,0.32724361466478236
322,CC(C)(C)c1cc(-c2ccccc2)cc(C(C)(C)C)c1O,0,0.715789103510526,0.999706808807362,9.363913,0.9315351592903864,0.6746891429513184
323,O=C(Nc1nn2c(-c3ccccc3)nnc2s1)c1ccco1,0,0.628491402867721,0.0010395499737305,-8.629483,0.0152846252331848,0.0760495394476444
324,CSc1ncc(C(=O)NC2CCN(Cc3ccccc3)CC2)c(-c2ccccc2)n1,0,0.478795427442702,0.0146860647598221,-6.241562,0.0372273828407845,0.26916837985401837
325,COc1ccc(-c2nnc3sc(NC(=O)c4ccccc4)nn23)cc1,0,0.610851307805923,0.000914428802431,-1.52695,0.0157232822552852,0.11587102791542388
326,O=C(CSc1nc2sc3c(c2c(=O)n1C1CCCCC1)CCCCC3)c1ccccc1,0,0.199913955044412,0.157390304439107,5.680162,0.0186351388297357,0.19534245196370753
327,CCOC(=O)C1CCCN(C(=O)c2c3c(nc4ccccc24)C(=O)N(C2CCCCC2)C3)C1,0,0.660846876578981,0.0088857876011624,3.7150965,0.0268718805484172,0.21802301942532512
328,CN(C)CCCN(C(=O)c1cccc(Br)c1)c1nc2c(F)cc(F)cc2s1,0,0.529927336228758,0.0791870458597548,8.128934,0.3157789677076187,0.26087197884896685
329,O=C(Nc1nc2c(s1)CN(Cc1ccccc1)CC2)c1cccc(Cl)c1,0,0.715255699341511,0.001663351975381,-6.4691343,0.0097152544338272,0.11410812086446584
330,Cc1ccc(C(=O)Nc2nc3c(s2)CN(Cc2ccccc2)CC3)cc1,0,0.7531481610162,0.001904203468693,-7.0347786,0.0082247599225182,0.09330597536984322
331,Cc1c(C(=O)Nc2nc3c(s2)CCCC3)oc2ccc(F)cc12,0,0.754144197414491,0.0059230411207134,1.0510696,0.0110042550056643,0.12593214755997367
332,Cc1c(C(=O)Nc2nc3c(s2)CCCC3)oc2ccc(Br)cc12,0,0.662063616425238,0.0259406238047717,6.6054835,0.0118150135398134,0.09034936392068108
333,O=C(c1c2c(nc3ccccc13)C(=O)N(C1CCCCC1)C2)N1CCCc2ccccc21,0,0.572877392590891,0.0284518077046097,9.695877,0.0171716099248394,0.13322594346954825
334,O=C(c1ccccc1)c1ccc(Cl)cc1,0,0.701802970435038,0.999685901757319,10.61091,0.8851384285562066,0.2887134613162675
335,COC(=O)C(CCSC)NC(=O)c1c2c(nc3ccccc13)C(=O)N(C1CCCCC1)C2,0,0.642621813428993,0.0112698646916362,2.1084428,0.0281405403828898,0.16500546603102503
336,Cc1cccc(S(=O)(=O)Nc2ccc(-c3cn4ccc(C)nc4n3)cc2)c1,0,0.585738312070724,0.001533261724537,-7.368381,0.0514480382877431,0.22909967197221653
337,CC(C)COC(=O)Cn1cnc2ccc(Br)cc2c1=O,0,0.802618810227847,0.0010581413759916,-17.045294,0.0622650777865029,0.36515433648393386
338,CCOc1ccc(-c2n[nH]c3c2cnc2ccc(F)cc23)cc1,0,0.613146105860444,0.0205298783780284,-5.1422462,0.0200401424761023,0.12052015384896449
339,COc1ccc(C(=O)Nc2ccc(-n3nncc3-c3ccccc3)cc2)cc1,0,0.571731330075818,0.0028359420891304,1.4723345,0.011522273799884,0.12073799179406
340,CC(=O)Nc1c(-c2ccccc2)nc2ccc(Cl)cn12,0,0.781626837329276,0.615858494211154,-5.5503817,0.2593539536951763,0.26445635488735164
341,Cc1ccc(-c2nc3ccccn3c2CCC(=O)Nc2cccc(Cl)c2C)cc1,0,0.45443437741345,0.0184229789397947,9.1735525,0.0222749990287745,0.1712347346891117
342,COc1ccc(-n2nc3c(C)nnc(C)c3c2C)cc1,0,0.716807921626986,0.155995187916675,-10.382637,0.0831197028000219,0.19827255145634165
343,Cc1ccc(C)c(N2CCN(c3cc(C)nc4nc(Cc5cccc(F)c5)nn34)CC2)c1,0,0.487814079737724,0.019626888396951,-1.3184087,0.0262003856870035,0.13244203422437828
344,c1ccc2c(c1)cnn1c(-c3ccc4c(c3)OCO4)nnc21,0,0.539112027377973,0.0090426322075367,2.8168073,0.0071479200967786,0.11709379056435568
345,Cn1c(=O)n(Cc2ccc(F)cc2)c(=O)c2cnc(-c3ccc(Cl)cc3)nc21,0,0.533511121885898,0.0324627790407787,-12.295404,0.0584002743603285,0.45355141778780717
346,CCNC(=O)c1cn(-c2ccc(SCC(=O)Nc3cccc(C(F)(F)F)c3)nn2)cn1,0,0.536484075539191,0.007676495226988,3.19736,0.0899718514754945,0.3418646687763526
347,CCCn1c(=O)c2cc(Cl)ccc2n2c(SCC#N)nnc12,0,0.686048308953455,0.0018903489973287,-9.163954,0.0107704546776405,0.0912267706448329
348,CCc1nnc2sc(-c3cc(-c4ccccc4)nc4ccccc34)nn12,0,0.472283356056062,0.0063806732440032,1.8505756,0.0055853712279401,0.1902893481009842
349,CCOc1ccccc1CNC(=O)Cc1nnc(-c2cnccn2)o1,0,0.69959044658169,0.0022526591037376,-13.990356,0.0264843137714307,0.12227616646820912
350,O=C(CSc1nc2ccccc2c(=O)n1Cc1ccc(C(=O)NC2CCCC2)cc1)Nc1ccc(F)cc1,0,0.247447605495855,0.338075321673696,5.6375093,0.0296088713393709,0.11817532426841096
351,O=C(O)c1cc(NS(=O)(=O)c2ccc(C3CCCCC3)cc2)cnc1N1CCCCCC1,0,0.632583672967702,0.407284566050377,-0.50465333,0.1476203697517441,0.40486719877178007
352,Cc1ccc(C)c(N2CCN(c3c4c(nc5nc(Cc6ccc(Cl)cc6)nn35)CCC4)CC2)c1,0,0.426692131310055,0.0140753580593306,2.8591375,0.0297975527313092,0.08320194654865255
353,CCOC(=O)C1CCN(c2nc3c(S(=O)(=O)c4ccc(C(C)C)cc4)nnn3c3ccccc23)CC1,0,0.360439025910066,0.194852939799893,-0.63604975,0.0413595624032296,0.11737930018957651
354,COc1ccccc1-c1nn(CCC(=O)Nc2ccc(F)cc2)c2nc(C)cc(C)c12,0,0.48398330802201,0.0149389828169484,0.9059447,0.1181371813645551,0.17102603526859494
355,COc1ccc(-c2nnc(NC(=O)CCc3ccc(-c4ccc(C)cc4)o3)o2)cc1,0,0.472677171461462,0.01589652857857,-0.20941186,0.0150146654604981,0.10759035764118796
356,CC(=O)Nc1nn2c(-c3ccccc3)nnc2s1,0,0.761465051132126,0.556214149440831,-13.552716,0.0899775226037594,0.17454585444875276
357,Cc1cccc(-c2nnc(SCc3noc(CCC(=O)Nc4cc(F)ccc4C)n3)[nH]2)c1,0,0.379520869525812,0.063905516996735,4.3241706,0.0332102727135404,0.14920332779402554
358,O=C(Cc1ccc(-n2c(=O)c3ccccc3n(Cc3ccccc3F)c2=O)cc1)NC1CC1,0,0.497637197488169,0.090864400857448,9.736045,0.0896399788212117,0.2705318107769781
359,Cc1ccc(Cl)cc1N1CCN(C(=O)Cn2ncc3ccccc32)CC1,0,0.711555074824455,0.0025200100312392,1.4208158,0.0317446936900482,0.12947794873117366
360,Cc1ccc(-c2nnc(SCc3noc(CCC(=O)Nc4nccs4)n3)o2)cc1,0,0.418276761298728,0.0111673383913581,-3.1435716,0.0108401516722398,0.08650285648122905
361,Cc1ccc(-c2nnc(SCc3noc(CCC(=O)Nc4ccc(C)cc4C)n3)o2)cc1,0,0.378250571526905,0.0107037341914054,2.7992535,0.0147180239649366,0.14485718938554965
362,Cc1cccc(-c2nnc(SCc3noc(CCC(=O)Nc4cc(C)ccc4C)n3)o2)c1,0,0.378250571526905,0.0149043167282025,6.177066,0.0173699782462254,0.14517642755748394
363,Cc1cc(NC(=O)CCc2nc(CSc3nnc(-c4ccccc4C)o3)no2)no1,0,0.416604810873164,0.0100643961170644,3.0261102,0.02344024419947,0.13385449867879087
364,Cc1cc(NC(=O)CCc2nc(CSc3nnc(-c4ccccc4)o3)no2)no1,0,0.429701562641775,0.0200175289608947,1.6234564,0.020808702440365,0.13330726287699413
365,O=C(CCc1nc(CSc2nnc(-c3ccccc3Cl)o2)no1)Nc1ccccc1F,0,0.37511331517341,0.0049713200309681,3.1535149,0.0269900373718512,0.16659729629319237
366,CN(C)c1nc(N2CCN(c3ccccc3F)CC2)nc2c1CN(Cc1cccs1)CC2,0,0.588786346383661,0.0439270581484418,2.0626006,0.0661885450321208,0.0943125474059806
367,CC(C)COCC(O)CN(Cc1ccco1)Cc1ccccc1F,0,0.722227028408691,0.0013356874420406,2.6958246,0.1200497598798539,0.20421522419727708
368,Cc1cc(-c2ccc(C)c(S(=O)(=O)N(CCCN3CCOCC3)Cc3ccco3)c2)on1,0,0.484038725075919,0.0082801524959423,4.2363896,0.0317596840906434,0.11981023565297669
369,O=C(CC1CCCC1)Nc1ccc2c(c1)CCC(=O)N2,0,0.887969433851059,0.0021988187326046,-6.541845,0.4139549178462068,0.12354409592748235
370,CCCc1c(C(=O)NC(C)C)nnn1-c1ccc(Cl)cc1,0,0.923449846185077,0.0060782195166984,-8.005054,0.0533538933010146,0.18898869725415188
371,c1cncc(CNc2cccc(-c3nc4ccccc4s3)c2)c1,0,0.57722143235204,0.053298590462269,-1.287794,0.0018070171307829,0.18314884339579754
372,COc1ccc(NC(C)=O)cc1NC(=O)c1cccn(Cc2cc(C)ccc2C)c1=O,0,0.637096880740715,0.0128413270275657,-8.877308,0.1062541500823921,0.20453333902744736
373,CCCn1nnc2cc(S(=O)(=O)N3CCCC(C(=O)NCCN4CCCCCC4)C3)ccc21,0,0.627163029183835,0.0019649646785442,-3.2719374,0.078806557019392,0.31003328670995367
374,O=C(NC1CCN(Cc2ccccc2)CC1)c1nc(CCS(=O)(=O)c2ccc(F)cc2)no1,0,0.502575714871383,0.0160749683171207,4.0492353,0.1645243056179526,0.18496214948586814
375,Cc1ccc(C2Cn3nnc(C(=O)N4CCC(C(=O)NCC5CCCCC5)CC4)c3CO2)cc1,0,0.731040573984639,0.0019943334190504,-11.112335,0.0206647393958653,0.11946796508047845
376,Cc1ccc(NC(=O)N2CCCCC2CCn2cc(C(=O)NCC3CC3)nn2)cc1C,0,0.711405317005571,0.0339239530684612,-6.296091,0.0197456019179538,0.08020008900822145
377,Cc1nc2c(c(SCc3ccccc3C#N)n1)CCC2,0,0.63853336682321,0.0037580477593185,0.21682608,0.0103689044812445,0.05778591612713824
378,CC(Nc1nc(N2CCCC2)nc2ccccc12)C12CC3CC(CC(C3)C1)C2,0,0.791438889113992,0.212338728541588,4.4074297,0.015224891635241,0.12263130238707323
379,O=C(Nc1cccc(CCc2nc3ccccc3n2-c2ccccc2)c1)NC1CCCCC1,0,0.37294210799855,0.0868047552643173,4.9258456,0.0366055303058267,0.11496059867459292
380,CCOC(=O)CC(NC(=O)c1cccc2c1C(=O)N(C1CCCCC1)C2)c1ccc(OC(C)C)cc1,0,0.487347530240251,0.1326619375118,1.2750825,0.2582490438704917,0.36501946505098604
381,Cc1cc(C(=O)N2CCCCC2)c2c(=O)n(Cc3ccc(Br)cc3F)c(=O)n(C)c2n1,0,0.567191374832201,0.011872679107774,3.8355284,0.0448984403806605,0.709239350839465
382,COc1ccc(NC(=O)c2ccco2)cc1NC(=O)Cc1ccc(Cl)cc1,0,0.66066466819371,0.0048980554792486,-0.97996074,0.0312843313255968,0.21159138589663834
383,COc1ccc(C(=O)Cn2c(=O)n(Cc3cccs3)c(=O)c3ccc(Cl)cc32)cc1,0,0.427264610613485,0.0014793108592258,0.16074347,0.0332454251278001,0.11303216206044539
384,Cc1ccc(-n2nc(C(=O)NCc3ccc(F)cc3)c(=O)n(Cc3ccc(C(F)(F)F)cc3)c2=O)cc1Cl,0,0.361108032980915,0.0573004055647489,1.7985934,0.076978210004229,0.25617275372881265
385,Cc1nn2c(N)c(C#N)cnc2c1-c1cccc2ccccc12,0,0.584449840746649,0.0053435688191013,-2.6802773,0.0248069098249967,0.06814136432053133
386,COc1ccc(C(=O)Nc2cc(-c3nnc(C)o3)sc2C)cn1,0,0.790415131223416,0.001469304886836,-4.827245,0.016790787989361,0.091972756767072
387,COc1cccc(COc2ccc(-c3nc(C(=O)N(C)Cc4ccccc4)cs3)cc2)c1,0,0.351358235666545,0.017317313351339,5.85167,0.005718085484252,0.14244127873495094
388,Cc1ccc(C(C)C)c(OCc2nc(C(=O)NC3CCC(NC(=O)c4ccccc4Br)CC3)cs2)c1,0,0.329189988664228,0.518363076522742,-1.4609077,0.0491877052598486,0.13489456790823062
389,Cc1ccc(C(C)C)c(OCc2nc(C(=O)NC3CCC(NC(=O)c4cccc(F)c4)CC3)cs2)c1,0,0.40438489972934,0.766427261133376,-0.0590744,0.0605564785056669,0.1152378509472731
390,COCC(=O)NC1CCC(NC(=O)c2csc(COc3cc(C)ccc3C(C)C)n2)CC1,0,0.592527347215847,0.0352400860655159,3.0020947,0.0238069010257901,0.1685355866785039
391,Cc1cc(C(=O)N2CCCCC2)c2c(=O)n(Cc3ccc(F)cc3)c(=O)n(C)c2n1,0,0.663471859877463,0.0029525928316205,-4.5223446,0.0630204208988041,0.7516574916145724
392,O=C(CN1C(=O)CN=C(c2ccccc2)c2ccccc21)Nc1ccc(Br)cc1F,0,0.619530773326991,0.168438460756409,10.3140335,0.1663250760426627,0.2872536798729341
393,CCOC(=O)c1sc2nc(C)cc(COC)c2c1N,0,0.870939380815135,0.0008602886424953,-6.5584507,0.0279224702898893,0.42930789568044603
394,COc1cccc(NS(=O)(=O)c2ccc3[nH]cc(C(=O)N(C)Cc4ccco4)c(=O)c3c2)c1,0,0.430482067034903,0.0087116480818764,4.7846327,0.0614007217295168,0.2643709018009954
395,O=C(NCc1ccco1)c1nn(-c2ccccc2F)c(=O)n(Cc2ccc(C(F)(F)F)cc2)c1=O,0,0.420789706971441,0.0022503013174771,6.9717374,0.0916801208075249,0.2538709577910241
396,NC(=O)c1c2c(nc3ccccc13)CCN(Cc1ccccc1)C2,0,0.807843861055832,0.0082573958990718,-9.822732,0.7606734832605307,0.4722694451612665
397,Cc1ccccc1NC(=O)C1CCCN(C(=O)c2nn(C)c3c2CN(C(=O)C2CCCCC2)CC3)C1,0,0.706802437718361,0.0365839946907555,-3.3882136,0.0234281265805316,0.1834455837217455
398,CN(CCNC(=O)c1c2c(nc3ccccc13)C(=O)N(C1CCCCC1)C2)C1CCCCC1,0,0.705781131596274,0.0819250747934299,6.2372355,0.0446611527481198,0.2869672889616654
399,Cc1nnc(-c2ccc(S(=O)(=O)Nc3ccc(F)cc3)s2)o1,0,0.789483953003849,0.0094776194487564,-11.127207,0.0285687940135948,0.16085598133308165
400,COC(=O)c1cccc(NC(=O)Nc2ccc(-c3nnc(-c4ccccc4)o3)cc2)c1,0,0.452981363968669,0.167600099658809,-5.8358345,0.019613163493235,0.12195175344474798
401,COc1ccccc1-n1c(=O)n(Cc2ccc(F)cc2)c(=O)c2c(C(=O)N3CCCC3)cc(C)nc21,0,0.430423957015226,0.0023485512415237,-3.4330378,0.064035863765166,0.2509578722777128
402,COc1ccc(Cn2c(SCc3ccc(C(=O)NC(C)c4ccccc4)cc3)nc3cccnc32)cc1,0,0.237683768360618,0.365008647366981,0.40052998,0.0124945923194823,0.10623606507073628
403,Cc1ccc(CNC(=O)c2ccc(Cn3c(SCc4ccc(F)cc4Cl)nc4ccncc43)cc2)o1,0,0.239734198254112,0.42759195753281,0.7808758,0.0197597892561829,0.09322646393631212
404,CC(=O)Nc1ccc(S(=O)(=O)Nc2cncc(C(=O)NCc3ccc(C)cc3)c2)cc1,0,0.524046288782942,0.599176601852451,-4.084319,0.0525539702832759,0.2389879165026728
405,COc1ccc(-n2nc(C(=O)N(C)Cc3ccccc3)c(=O)n(Cc3ccc(C(F)(F)F)cc3)c2=O)cc1,0,0.367799264038927,0.0214057319759608,5.6661544,0.0627565067877605,0.2616927513181567
406,CCCc1noc(-c2ccc(-n3ncc(C(=O)Nc4ccc(F)c(C)c4)c3C)nc2)n1,0,0.499924195137027,0.0197920948854398,-9.343411,0.0766515259288643,0.10158167446318708
407,Cc1ccc(CNC(=O)c2ccc(Cn3c(=O)c4ccccc4n(Cc4ccc(F)cc4)c3=O)cc2)cc1,0,0.34899184629562,0.830172077012765,0.5143012,0.029873710996524,0.13846631167731047
408,O=C(Cn1c(=O)n(Cc2ccc(F)cc2)c(=O)c2sc3ncccc3c21)Nc1ccc(F)cc1F,0,0.400337011734416,0.0094356124532786,13.762933,0.0755011050034848,0.40234234042708056
409,CC(=O)Nc1ccc(NC(=O)c2cccn(Cc3ccc(C(F)(F)F)cc3)c2=O)cc1,0,0.640256840788344,0.181132693871321,-7.6118565,0.0912424933357454,0.24193726364801343
410,COc1cc2c(=O)n(Cc3ccc(C(=O)NC(C)C)cc3)c(=O)n(Cc3ccc(Cl)cc3)c2cc1OC,0,0.377251429376689,0.0676371501292742,-3.5483541,0.1072634866808223,0.18812083084025943
411,COc1ccccc1-n1c(=O)n(Cc2ccc(C)cc2)c(=O)c2c(C(=O)N3CCCC3)cc(C)nc21,0,0.433116720032629,0.0022728094771576,-2.740333,0.038057021879493,0.13370969478049058
412,Cc1ccc(C)c(NC(=O)Cn2c(=O)n(Cc3ccc(F)cc3)c(=O)c3sc4ncccc4c32)c1,0,0.401533999730525,0.0069377090233613,12.709609,0.0283846571562443,0.14511367464186942
413,Cc1ccc(C(=O)NCCc2csc(-c3ccc(C(F)(F)F)cc3)n2)cc1C,0,0.617122641312828,0.25423919106699,-1.0526171,0.0302199522277005,0.17396508662888488
414,CC(=O)Nc1cccc(NC(=O)c2c(O)c3sccc3n(Cc3ccccc3)c2=O)c1,0,0.442394311685248,0.0163380841048902,-7.4705434,0.0319162230779216,0.14891700755088763
415,CCN1CCCC1CNC(=O)c1c2c(nc3ccccc13)C(=O)N(C1CCCCC1)C2,0,0.800362231094805,0.0081610826509891,3.94179,0.0464984819308719,0.10312045627577668
416,CCC(C)NC(=O)c1ccc(Cn2c(=O)c3cc(OC)c(OC)cc3n(Cc3ccc(Cl)cc3)c2=O)cc1,0,0.341558351877399,0.0519416893107975,-3.1838322,0.0568678616389563,0.19375597453327634
417,CCCNC(=O)c1ccc(Cn2c(=O)c3cc(OC)c(OC)cc3n(Cc3ccc(Cl)cc3)c2=O)cc1,0,0.358334157889309,0.0450562464280365,-3.8061237,0.0475777760825594,0.18733350073571184
418,CCOC(=O)C1CCN(C(=O)c2cccc3c2C(=O)N(C2CCCCC2)C3)CC1,0,0.729407182050119,0.004484270572976,-3.9522462,0.0795683468718535,0.6039431298072584
419,O=C(CCc1nc(CSc2nnc(-c3ccc(F)cc3)[nH]2)no1)Nc1ccc(Cl)cc1,0,0.373590221154106,0.0339207230612772,5.076489,0.0271026487661107,0.1420472991568532
420,COc1ccc(-c2nc3cnccn3c2Nc2ccc(C(=O)NC3CCCCC3)cc2)cc1OC,0,0.384147149823262,0.0528240813685214,-3.242258,0.0371475880809039,0.10183055935910072
421,Cc1ccc(-c2nnc(SCc3noc(CCC(=O)Nc4ccccc4)n3)[nH]2)cc1,0,0.41421429928106,0.0300891566434047,5.763745,0.0150967098808973,0.12659824596087016
422,COc1ccccc1-c1nc(COc2ccccc2-c2nnc(-c3ccccc3)o2)c(C)o1,0,0.30954409798022,0.130056918985468,4.5590215,0.0210616995126369,0.10777662034170446
423,CC1CCN(S(=O)(=O)c2ccc3nc(-c4ccccn4)cc(C(=O)NC4CCCCC4)c3c2)CC1,0,0.553376270150308,0.0127419123015124,-3.5772939,0.0222685562155871,0.13667763999883925
424,COc1cc(NC(=O)c2oc3ccc(Cl)cc3c2C)ccc1NC(=O)c1ccco1,0,0.440799025617699,0.0473095110561871,-4.2745037,0.1394600603036108,0.22885510199222064
425,O=C(c1c2c(nc3ccccc13)C(=O)N(C1CCCCC1)C2)N1CCC(c2ccccc2)C1,0,0.566918588715015,0.0320033985447908,7.8241296,0.0185728096579043,0.08710665484285207
426,Cc1cccc(-c2nnc(SCc3noc(CCC(=O)Nc4cccc(Br)c4)n3)[nH]2)c1,0,0.335678515043149,0.0405162176620795,2.298779,0.019571415702281,0.11702430874068223
427,Cc1ccc(-c2nnc(SCc3noc(CCC(=O)Nc4cc(C)cc(C)c4)n3)o2)cc1,0,0.378250571526905,0.0135196490002571,7.3403487,0.0142561072228996,0.12522175567004984
428,Cc1cc(C)cc(NC(=O)CCc2nc(CSc3nnc(-c4ccccc4)o3)no2)c1,0,0.400229603241651,0.0031690573686928,7.0775657,0.0154426011016045,0.12221588977367456
429,Clc1cccc(-c2noc3ncnc(NCc4ccccc4)c23)c1,0,0.591955550597567,0.0033889451079657,-0.9167463,0.0060024154884375,0.1351446002864472
430,O=C(c1ccco1)N1CCN(C(=O)c2c3c(nc4ccccc24)C(=O)N(C2CCCCC2)C3)CC1,0,0.580010169685732,0.0018971407915193,3.6148572,0.0680821616359719,0.12814814038365308
431,COc1ccccc1N1CCN(C(=O)c2c3c(nc4ccccc24)C(=O)N(C2CCCCC2)C3)CC1,0,0.545842565796796,0.0094240603414077,7.4945865,0.0269574636717704,0.12199235872555644
432,CCN(C(=O)c1c2c(nc3ccccc13)C(=O)N(C1CCCCC1)C2)c1cc(C)ccc1C,0,0.513584884020347,0.0377973681154299,3.1126742,0.0222496464355067,0.17097890827844803
433,O=C(c1c2c(nc3ccccc13)C(=O)N(C1CCCCC1)C2)N1CCN(c2ccccc2F)CC1,0,0.558080804971943,0.0063850875486128,5.124526,0.042703263180878,0.15169403681473165
434,CCOc1ccccc1N(CC)C(=O)c1c2c(nc3ccccc13)C(=O)N(C1CCCCC1)C2,0,0.484150085973583,0.0441553217287258,5.8653626,0.0250777407814978,0.1498699847721162
435,COC(=O)CN1C(=O)CN=C(c2ccccc2)c2cc(Br)ccc21,0,0.76153698977641,0.0042173359262535,5.861074,0.3488639505518855,0.6159799120270648
436,Clc1cccc(CSc2nnc(-c3ccc(Cl)cc3Cl)o2)c1,0,0.528027927273024,0.210980537881881,1.7926944,0.0377108722379167,0.17786658904076505
437,COc1ccccc1NC(=O)c1c(-c2ccccc2)noc1C,0,0.793342606348123,0.0074408645603597,-0.43820858,0.0153676920674717,0.10356566404921712
438,COc1cc2c(cc1NC(=O)c1c(-c3ccccc3Cl)noc1C)oc1ccccc12,0,0.352133952102471,0.150291742217787,0.07792938,0.019522489724685,0.09103047763751647
439,Cc1onc(-c2ccccc2Cl)c1C(=O)Nc1c(C)n(C)n(-c2ccccc2)c1=O,0,0.52958282617282,0.0390151319198635,-4.8086314,0.4331932007125221,0.1437665516310994
440,COc1cc2c(cc1NC(=O)c1c(-c3c(F)cccc3Cl)noc1C)oc1ccccc12,0,0.333379371478152,0.0812382474238341,2.722715,0.0389101124586847,0.11645144122790174
441,Cc1ccn2c(Nc3ccc(C(C)C)cc3)c(-c3cccnc3)nc2c1,0,0.526877606707756,0.0230911337649083,3.4741464,0.0160861727171024,0.11283561043779114
442,CC1CCCC(C)N1CCNC(=O)CCCc1nnc2n3nc(-c4ccccc4)nc3c3ccccc3n12,0,0.334750179354394,0.607883298441676,11.491965,0.0293536364874019,0.10375472439506772
443,CNC(=O)c1ccc(Cn2c(SCc3ccc(C)cc3)nc3ccncc32)cc1,0,0.484528543620435,0.0078498863690912,-0.4826138,0.0079056941911044,0.116040210233784
444,Cc1ccc(CSc2nc3ccncc3n2Cc2ccc(C(=O)NCCN3CCCC3)cc2)cc1,0,0.341583128401748,0.0640419244910452,0.37355435,0.0410685778566604,0.07482473601830907
445,CCNC(=O)c1ccc(Cn2c(SCc3cccc(C)c3)nc3ccncc32)cc1,0,0.438497238584569,0.0126785971310112,-1.1190646,0.0136432460675671,0.12247677808388487
446,CCOc1ccccc1-c1nn2c(-c3ccccc3Cl)nnc2s1,0,0.53706306163081,0.0405027327576263,-1.2882524,0.0127329947629474,0.12021244123748334
447,Cc1cc(N2CCc3ccccc3C2)n2nc(Cc3ccccc3)nc2n1,0,0.563431701309912,0.0153749348962745,-10.834452,0.0134861409275945,0.11069742427535807
448,CCN1CCOC(=O)C1CC(=O)Nc1cc(OC)cc(OC)c1,0,0.795168361955092,0.0007266679324748,11.760489,0.1999591846787854,0.5170398852991731
449,CCn1nc(C)c2c1c(=O)n(Cc1ccc(F)cc1)c(=O)n2Cc1ccc(Cl)cc1,0,0.489776294504424,0.0190859683783884,1.7254983,0.048570902998535,0.3832727564537598
450,CCn1nc(C)c2c1c(=O)n(Cc1ccc(F)cc1)c(=O)n2Cc1cccc(OC)c1,0,0.47909559858758,0.0021302143711623,4.858542,0.0569282578936552,0.25001594693915574
451,CCn1nc(C)c2c1c(=O)n(Cc1ccc(F)cc1)c(=O)n2CC(N)=O,0,0.709981038708246,0.0034718443030827,2.1529117,0.4082882786780127,0.7262772798309036
452,COc1ccc(-c2nn(CC(=O)Nc3cccc(C(F)(F)F)c3)c(=O)c3noc(C)c23)cc1,0,0.484992200675141,0.0020196021453262,5.772658,0.1014232576577408,0.3321455978711758
453,COc1ccc(-c2nn(CC(=O)Nc3cccc(Cl)c3)c(=O)c3noc(C)c23)cc1,0,0.524515771398184,0.0020499708640258,3.3451161,0.0579937420012964,0.12175662331345513
454,COc1ccc(-c2nn(CC(=O)Nc3ccc(F)cc3)c(=O)c3noc(C)c23)cc1,0,0.544675449451118,0.0020451493868957,3.7816567,0.2029110680799642,0.30515722980852217
455,Cc1ccc(NC(=O)COc2ccccc2-c2nnc(-c3ccccc3)o2)cc1C,0,0.491554315022287,0.0262513139108669,-0.4671154,0.0107309319093607,0.09525309680235375
456,CCc1ccc(NC(=O)COc2ccccc2-c2nnc(-c3ccccc3)o2)cc1,0,0.474016098450754,0.0281427859318003,1.2007216,0.0098238749141608,0.09968592885997939
457,CCc1ccccc1Nc1c2c(nc3nc(Cc4ccc(C)cc4)nn13)CCCC2,0,0.502303393131984,0.0351001914942835,0.57018507,0.0115351367249779,0.12988815519472693
458,Cc1ccc(CNC(=O)c2c(-c3cccc(F)c3)noc2C)o1,0,0.798337599517438,0.0031081970124993,-7.1239104,0.027867909201204,0.11870823961500836
459,Cc1ccc(-c2nnc(SCc3noc(CCC(=O)Nc4ccccc4)n3)o2)cc1,0,0.419913451581494,0.0035561338915068,4.0826283,0.010633300812532,0.12926331239288485
460,Cc1cc(C)c2c(=O)n(Cc3ccc(Cl)cc3)c(=O)n(C)c2n1,0,0.725199241558952,0.0131003308140043,-14.17036,0.049524561034908,0.37093033289801325
461,CN(CCc1noc(C(=O)NCc2ccc(F)cc2)n1)C(=O)Nc1ccccc1Cl,0,0.595972317620868,0.0747421962319932,8.471381,0.0352972595246544,0.19246068561246854
462,Cc1cccc(NC(=O)N(C)CCc2noc(C(=O)NCc3ccc(F)cc3)n2)c1C,0,0.603831941448517,0.0907851856927189,13.44824,0.0408103925855583,0.15547820457497946
463,Cc1ccc(CNC(=O)c2nc(CCN(C)C(=O)Nc3ccc(C)c(Cl)c3)no2)cc1,0,0.577259705152577,0.0055585598153253,10.20487,0.0287626380212139,0.19740345081966695
464,Cc1ccc(CNC(=O)c2nc(CCN(C)C(=O)Nc3ccc(C)cc3Cl)no2)cc1,0,0.577259705152577,0.0085968902280218,11.7929945,0.0286352324621131,0.16546867606475194
465,CCC(C)NC(=O)Cn1c(=O)n(Cc2ccc(F)cc2)c(=O)c2nscc21,0,0.69447190482511,0.0008269993454187,-3.3988776,0.0531417111549927,0.352753042728093
466,COc1ccc(-c2cccc(-n3cncc3C(=O)NCc3c(-c4ccccc4)noc3C)c2)cc1OC,0,0.308467942438711,0.154166163522782,3.3725958,0.0430133146557748,0.1007232225632172
467,Cc1ccccc1-n1c(C)nnc1SCc1cc(F)ccc1F,0,0.661633650643735,0.0539143261498708,0.71207273,0.0511740164936768,0.3847529856852103
468,CCCc1[nH]nc(-c2cc(OC)ccc2OC)c1NC(=O)c1ccc(Cl)cc1,0,0.588792523716361,0.0316008836956898,0.5851525,0.0298008608702533,0.11393222926117766
469,COc1cc(OC)cc(-c2onc(C)c2C(=O)NCc2ccc(C(F)(F)F)cc2)c1,0,0.630239553518435,0.0076017675678323,-2.812435,0.0686921103737278,0.17455324811792702
470,CCOC(=O)Cn1cnc2c1c(=O)n(Cc1ccccc1)c(=O)n2-c1ccccc1OC,0,0.412732315373866,0.0027125133953529,-3.0217552,0.1745104701673138,0.398453944470475
471,COc1ccccc1-n1c(=O)n(Cc2ccccc2)c(=O)c2c1ncn2Cc1ccccc1F,0,0.391591135060273,0.002747746373148,0.2785399,0.0345774117183894,0.2151334688425152
472,COC(=O)c1ccccc1Cn1cnc2c1c(=O)n(Cc1ccccc1)c(=O)n2-c1ccccc1OC,0,0.321086728011794,0.0079191133937347,0.9667257,0.0669387546086058,0.346197183749445
473,CCn1cnc2c1c(=O)n(Cc1ccccc1)c(=O)n2-c1ccccc1OC,0,0.536347918992736,0.0020723527408344,2.3508987,0.0460605010585275,0.1988256701992745
474,COc1ccccc1Cc1nnc(NC(=O)c2c(-c3ccccc3)noc2C)s1,0,0.511840586119519,0.0090756290024423,4.5328794,0.0144759233298443,0.09548901123797934
475,COc1cc(C(=O)Nc2ccc(-n3nncc3-c3ccccc3)cc2)cc(OC)c1OC,0,0.472566534174035,0.0095917654272602,-0.18774068,0.0462801119901704,0.142289931904826
476,COc1cc(C(=O)NCCc2csc(-c3ccc(C(F)(F)F)cc3)n2)cc(OC)c1OC,0,0.515237993707578,0.0168827332504072,1.0382589,0.066152111602811,0.22235449698524704
477,COc1ccc(-c2nc(COc3ccccc3-c3nnc(-c4ccccc4)o3)c(C)o2)cc1OC,0,0.274688295895497,0.0909796940070032,2.8837805,0.0248768197248095,0.10182430026212812
478,COc1ccc(C(=O)c2oc3ccccc3c2N)cc1,0,0.739614689328614,0.13698136485961,11.262162,0.0742020037119656,0.3617436660858392
479,O=c1cc(-c2ccccc2)oc2cc(OCc3ccccc3F)cc(O)c12,0,0.561841392060888,0.999091855070378,-4.9993215,0.0457596410144395,0.2506609391908302
480,CC(C)CC(NC(=O)c1ccc(C23CC4CC(CC(C4)C2)C3)cc1)C(=O)NC1CCCC(C)C1C,0,0.487266949448445,0.69082182094058,-5.0152025,0.2902527129539398,0.41091939918058973
481,O=c1cc(-c2ccccc2)oc2cc(OCc3c(Cl)cccc3Cl)cc(O)c12,0,0.442491630116081,0.999549791293515,-7.2437835,0.1496707816346309,0.5637987284202994
482,O=C(c1c2c(nc3ccccc13)C(=O)N(C1CCCCC1)C2)N1CCN(Cc2ccccc2)CC1,0,0.566559575833895,0.0083055581272076,3.593194,0.0325005880997613,0.21573282826318346
483,Cc1ccc(N2CCN(C(=O)c3c4c(nc5ccccc35)C(=O)N(C3CCCCC3)C4)CC2)c(C)c1,0,0.521085202768125,0.0309716898690178,1.8528374,0.0273950375890841,0.19185291305622995
484,O=c1cc(-c2ccccc2)oc2cc(OCc3c(F)cccc3Cl)cc(O)c12,0,0.491892801081893,0.785258688776929,-10.35656,0.0912704588614695,0.22091316126085853
485,O=C(O)COc1cc(O)c2c(=O)cc(-c3ccccc3)oc2c1,0,0.768385047659389,0.998869742658418,0.8873869,0.930264108577984,0.8742311984119956
486,CCOC(=O)c1ccc2c(=O)c(C(=O)OCC)c[nH]c2c1,0,0.868510957437803,0.0132505124213828,-1.579638,0.7433735610613671,0.6470685688277433
487,CC1CCCN(C(=O)c2c3c(nc4ccccc24)C(=O)N(C2CCCCC2)C3)C1,0,0.762615754885689,0.0068366740779532,3.0736365,0.0242909895544034,0.18491628470570104
488,O=C(c1c2c(nc3ccccc13)C(=O)N(C1CCCCC1)C2)N1CCN(c2ccc(Cl)cc2)CC1,0,0.511970479016531,0.0662025473588876,-3.8097258,0.0456925405046124,0.15652158725276732
489,CCOc1ccc(-c2csc(C)n2)cc1S(=O)(=O)N1CCc2ccccc21,0,0.641749125527921,0.005324346103083,-6.093633,0.0211728453430767,0.10390754632390872
490,Cn1c(=O)n(C)c2cc(SC3CCCCC3)c(NS(=O)(=O)c3ccc(C4CCCCC4)cc3)cc21,0,0.429016326412717,0.645220511577479,9.401564,0.0384088838164652,0.20943872854302556
491,O=C(NC1CC1)c1cc(-c2cccc(F)c2)ns1,0,0.923791325514752,0.001739189399514,-17.585503,0.0215134576515846,0.13867125028750257
492,CCCNC(=O)c1cc(C)nc2ccc(Cl)cc12,0,0.921847358160831,0.001787182062418,-11.30742,0.1214564322715783,0.40765035238812874
493,O=C(NC1CC1)c1ccnc(-c2cccs2)c1,0,0.901603556707924,0.0014756681350421,-6.191155,0.036873707504738,0.09763354792907711
494,NC(=O)CC(c1ccccc1)c1cc(Br)ccc1O,0,0.908760342256905,0.232038257932396,3.6170754,0.307569458685349,0.8227125989888686
495,Cc1cc(N)n(-c2ccc(OC(F)(F)F)cc2)n1,0,0.899368303833537,0.0924809557556597,-3.653233,0.4804668486326582,0.4173880963289939
496,COc1ccccc1-c1noc(C)c1C(=O)O,0,0.880427192606181,0.22266628926997,-4.460832,0.2421566778672074,0.3720554985629214
497,CCC(CC)NC(=O)c1ccc(Br)cc1,0,0.892507313331942,0.39488571821369,6.049296,0.0983502773335873,0.3285163306627882
498,Cc1cc(CN(C)C(=O)c2ccc(F)c(F)c2)no1,0,0.857220397221653,0.0280867007119461,-4.4747043,0.0280120406006696,0.27078466981809235
499,Cc1ccccc1C(=O)N1CCCCC1CO,0,0.848212162924449,0.0409646540237446,-0.81275403,0.5923472333492459,0.3448511328696758
500,N#Cc1ccc(CSc2nnc(N)s2)cc1,0,0.843271541763153,0.0040030428963245,-6.0767965,0.0143706018663049,0.0839612105434095
501,COc1ccccc1-c1nc(C(F)(F)F)c(OC)o1,0,0.859544235881079,0.0766561523218443,-6.76606,0.0796856405167729,0.3469222520982897
502,N#CCC(=O)c1c[nH]c2ccc(Br)cc12,0,0.846383793007913,0.0051892618120765,12.824567,0.0136188215777302,0.07696480579413786
503,CN1C(=O)C(Cc2ccco2)c2cc(Br)ccc21,0,0.852359023936416,0.0098650524705075,-12.89815,0.0407288713747812,0.24783261898289716
504,COC(=O)c1nnn(-c2cccc(Cl)c2)c1O,0,0.819145498293899,0.0372462806693708,-5.0797324,0.1066260675823272,0.2774165296689045
505,CCOC(=O)c1c(C)[nH]c2ccc(OC)cc12,0,0.829032128501643,0.0414225066591018,-2.7667189,0.052321018043573,0.309190574344428
506,Brc1ccc(-c2noc(C3CCCCC3)n2)o1,0,0.835582819540745,0.00445514185946,-3.7024746,0.0154881886039914,0.1265186299315044
507,CN(C(=O)c1ccc(Br)cc1)c1ccccc1,0,0.825017199379879,0.748912489883183,-2.2508082,0.1239050683917544,0.4065289452849229
508,CN1C(=O)C(Cc2cccs2)c2cc(Br)ccc21,0,0.823160958904379,0.0027568150773512,-8.248519,0.0305978719616264,0.10649545487975745
509,Cc1onc(-c2ccccn2)c1C(=O)NCc1ccc(F)cc1,0,0.803604188851002,0.0195961706896136,-4.930009,0.0284504259938623,0.18820028523789412
510,CN(Cc1cccs1)C(=O)c1ccc(F)c(F)c1,0,0.835233814498509,0.0091757637675168,2.1608887,0.0478485471277205,0.1267568395720046
511,Cc1cc(C)c(C#N)c(SCc2ccccn2)n1,0,0.789833160685828,0.0012813934363743,-5.5367165,0.0124883062013862,0.07046139368236695
512,CCSc1nnc(-c2ccc(Cl)cc2Cl)o1,0,0.788429907642153,0.247653356506399,-2.3904457,0.0782177961841819,0.23153746723159158
513,Cc1cc(C)c(C#N)c(SCc2ccccc2Cl)n1,0,0.779475870195702,0.135605000104259,-0.3030175,0.0043798180300007,0.06790914505230097
514,CCCc1c(C(=O)Nc2ccccc2F)nnn1-c1ccc(C)cc1,0,0.766903420508035,0.0016953067828976,-4.7000937,0.0223618733023658,0.20123321834552152
515,CCn1c(=O)c2ccccc2n(CC(=O)N2CCc3ccccc32)c1=O,0,0.723898844186792,0.0037017127973185,1.4816183,0.3445924013411841,0.30115633095263816
516,COc1ccc(OC)c(-c2cnn3cnnc3n2)c1,0,0.701580010533685,0.0099590223300004,-3.5973039,0.0467435996560785,0.21686492406353972
517,COC(=O)c1c(-c2ccccc2)noc1NCc1ccccc1,0,0.727382048508193,0.0454738008499453,-0.62284994,0.0173290398713454,0.1832281998303113
518,Cc1ccc(-c2nc3ccc(C)cn3c2NC(C)(C)C)cc1,0,0.733079656060212,0.581014717736098,-1.5821962,0.0771659644890141,0.20767970766310576
519,COc1ccc(NC(=O)CC(c2ccc(F)cc2)n2cccc2)cc1,0,0.72988612659678,0.0115784336867475,0.8313335,0.0161760027603818,0.11264012287053404
520,Clc1ccc(-c2cnc(-c3ccncc3)o2)cc1,0,0.694098606911686,0.842883310181181,-9.459672,0.0169366169633224,0.3386719236340078
521,c1ccc(COc2c3c(nc4ccccc24)CCCC3)cc1,0,0.697391394912032,0.631978419098654,-1.7418295,0.0948703316657608,0.3218040952907164
522,CC(C)OC(=O)c1c(-c2ccccc2)c(-c2ccccc2)nn(C)c1=O,0,0.674940116173438,0.003838543157863,-4.383474,0.4423628854053368,0.5245653201323972
523,O=C(c1ccccc1)c1ccc(C(=O)c2ccccc2)cc1,0,0.675165107498654,0.999628707126997,8.840243,0.7130432996109316,0.765181618995094
524,O=c1c2ccccc2n(Cc2ccc(F)cc2)c(=O)n1Cc1ccccc1,0,0.559873637697279,0.197529987618231,-3.2713456,0.0380111306376146,0.29592762625128427
525,COc1ccccc1-n1c(=O)n(Cc2cccc(C)c2)c(=O)c2c(C)cc(C)nc21,0,0.524740083492917,0.0442715287345453,-8.89721,0.0384074775811764,0.20653900778560058
526,COC(=O)c1c(SC)nc2ccccc2c1OCc1ccccc1,0,0.511595314573224,0.0018680682402555,-5.2526665,0.0634442757012211,0.3341824874719704
527,CCNc1nnc(-c2ccc(Cl)cc2)s1,0,0.893324776400992,0.779482141117105,-13.88212,0.0514723432283311,0.13250154479920767
528,O=C(c1ccc(-c2cccnc2)nc1)N1CCCCC1,0,0.840170084887075,0.128620588882459,-8.8698635,0.0374673913989121,0.22839687183426333
529,CN(Cc1cccn1C)C(=O)c1ccccc1F,0,0.816206502083204,0.0224979939492476,-5.3717146,0.0641853956966149,0.19833680721924166
530,CC(C(=O)N1CCOCC1)N(c1cccc(F)c1)S(C)(=O)=O,0,0.820401942086618,0.0035324560613548,-16.817944,0.2762944718175487,0.3230386359468943
531,COc1ccc(-n2c(=O)[nH]c3ccc(Br)cc3c2=O)cc1,0,0.774586603745966,0.0053178110732364,11.468531,0.6938590508874684,0.5402440600063164
532,Oc1ccccc1-c1nnc(-c2ccc(Cl)cc2Cl)o1,0,0.761262417449726,0.921130257347851,-4.283046,0.0891783630712093,0.31038813872417814
533,COC(=O)[C@H](Cc1ccccc1)NC(=O)c1cc(C)nc2onc(C)c12,0,0.707742886141625,0.0725745573433423,-13.436179,0.047662300544762,0.34724730166598305
534,COc1ccc(-c2nnc(-c3cccc(Cl)c3)o2)cc1,0,0.728147275570162,0.157626595919807,-7.4686513,0.0233705085827111,0.3103051513355707
535,O=C(Cn1c(=O)n(Cc2ccc(Cl)cc2)c(=O)c2ncccc21)c1ccc(Cl)cc1,0,0.442893145808064,0.0086080120814944,-5.7944517,0.0572465815040687,0.355907584872446
536,O=c1c2c(nc(SCc3ccccc3)n1CC1CCCC1)-c1ccccc1CC21CCCCC1,0,0.293268586771141,0.256504799414004,6.4709897,0.0216546444161219,0.09931567217859458
537,c1ccc(-c2nnc3sc(-c4cccs4)nn23)cc1,0,0.564812120889529,0.0069014475763031,-6.0098805,0.0108240495789684,0.08202697879304542
538,O=C(c1ccc(F)cc1)N(Cc1ccco1)c1ccccn1,0,0.737813811850776,0.0028939416346911,-7.37402,0.0535479280996028,0.2004322914786562
539,CS(=O)(=O)Nc1ccc(Cl)cc1,0,0.799253291067581,0.999385474798261,-0.8694902,0.0644024035290137,0.3307734314048411
540,N#Cc1c(-c2ccccc2Cl)cc(-c2cccs2)[nH]c1=O,0,0.766845872811471,0.0345904912776392,-5.3981414,0.0064129448748951,0.06935424897311891
541,O=C(c1ccc(Cl)cc1)N(Cc1cccs1)c1ccccn1,0,0.698467891003267,0.406382845553954,1.0027229,0.0361442754658962,0.11346028458407416
542,COc1ccccc1-n1c(C)nc(=O)c(-c2ccccc2)c1C,0,0.743361146783464,0.0175785597754917,-2.0673797,0.2324178644241879,0.2788730633635841
543,CCCN(CCC)S(=O)(=O)c1ccc(Br)cc1,0,0.806668405120218,0.996019315823996,7.186029,0.0684686154234393,0.6540991932696184
544,CCCSc1nc(-c2cccs2)cc(C(F)(F)F)c1C#N,0,0.723601282812356,0.0167753840966145,-0.020324826,0.0058267439260215,0.09301325248389705
545,CCc1nnc(SCc2ccccn2)c2cc3sc(C)cc3n12,0,0.512990175413377,0.0066009648623175,1.3488249,0.0140685629178121,0.07917528446161592
546,Cc1ccc(-c2ncccc2C(=O)Nc2ccc(Cl)cc2)s1,0,0.732754493583905,0.94212995341833,6.0452123,0.0209002017041264,0.1151979650672448
547,CCOC(=O)c1cn(-c2ccc(F)cc2)c(C(=O)OCC)c1N,0,0.856012060314436,0.127518039747887,-2.4701052,0.1426487957147333,0.5597171844072175
548,Clc1cnc2ccc(Br)cc2n1,0,0.710611297782576,0.782405031299031,-10.648926,0.0306448157904829,0.1426023419131515
549,Cc1ccc(-c2cc3nc4c(c(C(F)(F)F)n3n2)CCC4)cc1,0,0.672755530359761,0.0178836765898662,-7.647947,0.0318346195656578,0.20789607916210592
550,CC1(C)CC(=O)c2cc(C#N)c(SCc3ccccc3Cl)nc2C1,0,0.721550445348676,0.0260151890244029,0.6284846,0.004700737985201,0.08092008526849537
551,CCOC(=O)c1c(-c2ccc(OC)cc2)c(-c2ccc(OC)cc2)n(C)c1C,0,0.573979797653793,0.0378041604365265,-3.1415682,0.180062724036869,0.32267174265111076
552,Cc1ccc(Cn2c(=O)c3cccnc3n(Cc3ccc(Cl)cc3)c2=O)cc1,0,0.533593566638752,0.0391632348885367,-1.7508106,0.0181134611051511,0.2460036496450829
553,c1ccc(CSc2nc(-c3ccccc3)c3ccccc3n2)cc1,0,0.36064895182838,0.919993386926602,-0.50940895,0.0115834539099987,0.23293108306094226
554,COC(=O)c1cc(C)nc2c1c(=O)n(Cc1ccc(Cl)cc1)c(=O)n2C,0,0.654582831470253,0.0022646129067988,-10.864149,0.0427590112642822,0.517686268847786
555,CCOC(=O)c1nc2ccccc2nc1C,0,0.721321438136644,0.182494089061797,6.445209,0.1559468247483294,0.29625415453880566
556,Cc1ccc(C)c(-c2ccc3ccccc3n2)c1,0,0.601918134514123,0.885928390778998,11.34908,0.0906262846676037,0.2672250143903701
557,Clc1ccnc2ccccc12,0,0.582150457072132,0.995433882096117,3.8877912,0.0201651719938784,0.12979070040474747
558,Cc1ccc(-c2ccc3ccccc3n2)c(C)c1,0,0.601918134514123,0.852162272951657,8.730334,0.1237223306446547,0.27169108764427713
559,COc1ncccc1CNC(=O)c1ccc(C)nc1,0,0.90547691903709,0.0046189017222672,-10.253716,0.0222764377725968,0.12141983141138668
560,Cc1cccc(-c2nnc(-c3ccc(Br)cc3)o2)c1,0,0.69995713877043,0.499032915651798,-3.2932673,0.0286062145850845,0.23293557803379294
561,Clc1ccc(-c2nnc(-c3ccccc3)o2)cc1,0,0.694098606911686,0.999262043267486,-6.754696,0.0555818820309549,0.34564626563120254
562,CCOc1cccc(OCC)c1C(C)=O,0,0.697747213794375,0.997597734085994,4.569863,0.047860431900209,0.3281796004616117
563,Nc1nc2cccc(Cl)c2s1,0,0.683602031328969,0.995533040504686,10.358706,0.0864227764450248,0.14203275521382897
564,COC(=O)c1ccc(F)cc1,0,0.574230491117171,0.998850843765518,3.2069516,0.0174557112620763,0.2126257503085199
565,CCOC(=O)c1nc(-c2cccc(OC)c2)no1,0,0.769362317377981,0.0037515821382242,-8.736672,0.0327885843534717,0.15432164240965623
566,c1ccc(-c2nn3c(-c4ccccc4)nnc3c3ccccc23)cc1,0,0.476441574676966,0.352877812234302,1.1341683,0.0137077317989072,0.11039478945615441
567,Clc1ccc(-n2nc(-c3ccccc3)c3cnc4ccccc4c32)cc1,0,0.394755631751224,0.769043688434942,-0.47239554,0.0269539041554006,0.1419138096744338
568,O=C(c1ccc(F)cc1)N1CCCC1c1cccs1,0,0.814550553040946,0.0104781485612361,0.38610756,0.0645482334195146,0.11553162886502381
569,COc1ccccc1-c1csc(-c2ccccn2)n1,0,0.722717378375574,0.0255369714328235,1.9366065,0.0102383816003404,0.16729270629349788
570,COc1cccc2c(N)ccnc12,0,0.716981983138943,0.969570295601194,-3.0908437,0.0069867367042082,0.1358915957220605
571,COC(=O)c1c(-c2cccc(Cl)c2)noc1NCc1ccccc1,0,0.696353718181252,0.0026543336292323,-1.8738588,0.020034427365802,0.18315010860682324
572,COc1ccc2[nH]cc(C#N)c2c1,0,0.715147351516096,0.99065360744107,8.339868,0.0187466592775112,0.06124677396842
573,CSc1nc(-c2cccs2)cc(C(F)(F)F)c1C#N,0,0.770194014277119,0.0072202234160658,5.6424766,0.0079477753692382,0.08961781294622127
574,CN(C)C(=O)c1ccc(Cl)c(Cl)c1,0,0.709067352836448,0.995166936747532,1.3230785,0.0223555669459685,0.1651719216971203
575,N#CCC(N)=O,0,0.45995083692028,0.997858504627858,31.20969,0.1510124518134865,0.28572047388446775
576,CCn1c(=O)c2ccccc2n(Cc2ccc(Br)cc2)c1=O,0,0.721759319660986,0.0316814857584446,2.1282005,0.0948622673855833,0.46479174442790383
577,Cc1cccc(-c2c(C#N)cnc3cc(C)nn23)c1,0,0.664999729534284,0.0052713837470243,10.350842,0.030289027598959,0.06042925824928795
578,CCOC(=O)c1cncnc1O,0,0.645196282031131,0.933388993846071,11.252913,0.0578342035308911,0.28318264306755825
579,c1ccc(-c2nnc(-c3ccncc3)o2)cc1,0,0.669903214090007,0.992875644243305,-10.4155245,0.0297152854741682,0.16828663264614457
580,CC(=O)C(C)(C)N,0,0.516312855090452,0.998219490638819,19.378193,0.0325876364173533,0.20924890531837667
581,COC(=O)c1c(-c2ccccc2)c(-c2ccccc2)nn(C)c1=O,0,0.696251436355595,0.0591105465671526,-3.5314703,0.3171465932553926,0.5484486987637271
582,CCOC(=O)c1cnn2cc(Cl)cnc12,0,0.728190003354421,0.290801237843888,-9.365386,0.0303811518466832,0.3679453492066961
583,O=C1O/C(=C\c2ccc3ccc(Cl)cc3n2)c2ccccc21,0,0.618778825261603,0.871569311358805,12.039039,0.0649604443980785,0.23988219795528082
584,Cn1ncnc1-c1ccnc(Cl)n1,0,0.635500239019664,0.606852423469373,-18.957344,0.2584911842924061,0.44941019839821666
585,COc1ncccc1C#N,0,0.574294831688292,0.117952279105718,12.214458,0.0387583290225181,0.08399770524488885
586,Cc1c(-c2csc(N)n2)c2ccccc2n1C,0,0.712977240308519,0.101821911738495,-6.1451707,0.0412323512264882,0.13536108280036582
587,COc1cccc2[nH]ccc12,0,0.656605303145058,0.998748443196273,8.273758,0.0024547760016991,0.09290658639602603
588,Cc1nc2cc(-c3ccccc3)nn2c(C(C)(C)C)c1C,0,0.664122281932892,0.0303653910908413,-2.8862395,0.0497474531852369,0.27633523759869705
589,O=C(c1cccc(Br)c1)c1cccs1,0,0.757339214784889,0.172911988965614,7.913033,0.0960769231060492,0.15298544168944447
590,Nc1oncc1-c1ccc(Cl)cc1,0,0.759308980923969,0.997548773476141,0.3177123,0.1237667096884724,0.15963547017640922
591,CC(=O)CC(C)(C)N,0,0.575392364334459,0.999289515239852,18.022764,0.0855211569244176,0.33111084751558867
592,O=C1c2ccccc2-c2c(-c3ccccc3)sc(=O)n21,0,0.536297675981035,0.962178861025784,-2.910318,0.1538362781259765,0.1874405078239419
593,COc1ccccc1CN(C)S(=O)(=O)c1cccs1,0,0.851913396717842,0.0080441470667569,-3.330947,0.0357910593114023,0.11169732860109989
594,COC(=O)C1CC(O)CN1,0,0.458887246793335,0.95900382790729,3.7763124,0.0987116105865557,0.20380422464014206
595,O=C1CCc2cccc3cccc1c23,0,0.611786251345093,0.995713443887291,18.731112,0.1600366948374928,0.2306329566609798
596,COc1cc2nc(N)[nH]c(=O)c2cc1OC,0,0.771185540189723,0.876378892572004,0.96107614,0.2035675179277311,0.3904675646843693
597,CCOC(=O)c1cc2ccccc2c(=O)s1,0,0.74946277551536,0.654609259552936,11.932526,0.3165556488773245,0.6436960846225228
598,C=Cn1cccc1-c1ccc(OC)cc1,0,0.739625210052227,0.0736851926324448,4.7050214,0.018892191374556,0.18159697135291306
599,Cc1nnc(CN)o1,0,0.549048678667504,0.994488240847666,6.3768706,0.1161874247815613,0.2719665734220701
600,O=c1ccc2c([nH]1)CCCC2,0,0.591360206756194,0.99848788649643,0.18528378,0.1236713610882663,0.24974832026433208
601,Cn1c(=O)c2c(-c3ccccc3Cl)ccnc2n(C)c1=O,0,0.690141410675042,0.0991691978081764,-17.740742,0.4892290828697231,0.5951251877137945
602,CCOC(=O)c1[nH]c(C)cc1C,0,0.682348965145464,0.996501087887886,14.71679,0.0230124339232943,0.19603468507068994
603,CCOC(=O)c1c(C)n(CC)c2ccc(OC)cc12,0,0.793701649006458,0.0250944723059626,-6.297797,0.0587142383885785,0.22796099139635592
604,CCOC(=O)c1c(C)[nH]c(C)c1-c1cccc2ccccc12,0,0.715391686136795,0.0394225291610445,5.2647715,0.1557534703595704,0.3010966558101972
605,CCOC(=O)c1c(C)n(C)c2ccc(OCC#N)cc12,0,0.80230637926732,0.0006331227095716,-1.6146307,0.0196307646046049,0.06746856725832037
606,CCSc1c(-c2ccccc2)nc2ccccc2c1C(=O)O,0,0.70894408611777,0.110499105519579,1.1804413,0.8543867580048472,0.5972096705356338
607,CCOC(=O)c1nnn(-c2ccc(Br)cc2)c1C,0,0.817495264204507,0.025280002378382,-3.4632277,0.0386333529567001,0.3318249872465503
608,CCOC(=O)c1sc2nc(C)c(Cl)c(C)c2c1N,0,0.859254887281631,0.0347447208424752,1.2645081,0.0238720517516859,0.2881917332157749
609,CC1CCN(S(=O)(=O)c2ccc3nc(-c4cccnc4)cc(C(=O)NC4CCCCC4C)c3c2)CC1,0,0.524231283672388,0.283905861768788,-1.4626942,0.0165772173763533,0.13619847859195294
610,CC1CCN(S(=O)(=O)c2ccc3nc(-c4ccccn4)cc(C(=O)NC4CCCC(C)C4C)c3c2)CC1,0,0.494676182934508,0.256140956749062,-0.87581825,0.0164487156448388,0.12504448354491365
611,CC(C)CCNC(=O)c1cc(-c2ccccn2)nc2ccc(S(=O)(=O)N3CCC(C)CC3)cc12,0,0.537769692705977,0.07313353265159,-6.565992,0.0260258470009478,0.12256188981732903
612,Cc1nn2c(-c3cccc(NS(=O)(=O)c4ccc(F)cc4)c3)nnc2c2ccccc12,0,0.459021364965773,0.0070784830694471,1.0521485,0.0282867540123843,0.141494834121779
613,OCc1nnn(-c2ccc(Br)cc2)c1CO,0,0.882238358828917,0.142047519161869,6.2681613,0.1290557288570309,0.40223945090406116
614,CC(C)c1cc(CN(Cc2cc(C(C)C)c(O)c(C(C)C)c2)C2CCCCC2)cc(C(C)C)c1O,0,0.377115522222304,0.79014199495254,4.070022,0.8901213271919931,0.7571957104716116
615,O=C(CN1C(=O)CN=C(c2ccccc2)c2cc(Br)ccc21)Nc1cccc(F)c1,0,0.619530773326991,0.0164992766892501,5.328952,0.1160842061306108,0.2670870188013444
616,COc1ccc(-c2nnc3n(Cc4ccccc4)c(=O)c4ccccc4n23)cc1,0,0.474737171430884,0.0044605659573661,-5.5913696,0.0135701960137805,0.16853696882912644
617,Cc1cc(C)c2c(CC(=O)Nc3nc(C)c(C(=O)OCC(C)C)s3)coc2c1,0,0.600698782557555,0.0906983346091081,0.34284937,0.0281980104456384,0.07685141792392627
618,CN(CCN1C(=O)c2cc3sccc3n2CC1(C)C(=O)NC1CCCCCCC1)C1CCCCC1,0,0.579290319627356,0.041182088052572,11.753975,0.0567053883720095,0.13121722045220524
619,COC(=O)c1nnn(-c2ccc(Br)cc2)c1C(=O)OC,0,0.789586942279962,0.318708729792072,-2.4370842,0.0750884875116927,0.48144993450679435
620,CCOC(=O)c1nnn(-c2cc(Cl)ccc2OC)c1C(=O)OCC,0,0.735289106799703,0.0018792348379264,-6.435146,0.1461862643309497,0.42533808485879965
621,CCOC(=O)c1nnn(-c2ccc(Br)cc2)c1C(=O)OCC,0,0.753975852240472,0.0088566528284406,4.5340853,0.0589389219712104,0.4298756652941315
622,Cc1ccc(Cn2c(=O)c3ccccc3n3c(CCC(=O)NCCc4c[nH]c5ccccc45)nnc23)cc1,0,0.325107670390732,0.148673031257626,10.4278,0.0267688898692889,0.0937905270524391
623,CCc1c(CN(CC)Cc2ccccc2)csc1C,0,0.740783585026701,0.176259573928517,0.86015093,0.8747978183046777,0.57745278765548
624,O=C(NCc1nc(-c2ccc(Cl)cc2)no1)N1CCOCC1,0,0.93358742280955,0.174184105400477,-18.135511,0.0627563972919762,0.1830804151646797
625,COc1ccc2sc(N(CCN(C)C)C(=O)COc3ccccc3)nc2c1,0,0.595633632531607,0.0009081006474416,-1.2547296,0.076516540605163,0.14103465377104488
626,CN(C)CCN(C(=O)Cc1ccccc1)c1nc2c(F)cc(F)cc2s1,0,0.659006249515411,0.0052904265137308,-5.6193013,0.0789606069121898,0.14762377585660505
627,CN(C)CCN(C(=O)c1ccc(F)cc1)c1nc2c(F)cc(F)cc2s1,0,0.674204226797155,0.0073226170162628,-6.4771514,0.6294338075815329,0.18652232259748897
628,CCOC(=O)C1CCC(CNC(=O)Nc2nnc(N3CCCCC3C)s2)CC1,0,0.699137691681593,0.0328059870708366,-1.9176683,0.0203856745880543,0.10363160493496441
629,CC(C)CCNC(=O)c1c2c(nc3ccccc13)C(=O)N(C1CCCCC1)C2,0,0.842433659600825,0.0082774308605574,-3.0263834,0.0163174620471323,0.13910833755721447
630,O=C(NC1CCCC1)c1c2c(nc3ccccc13)C(=O)N(C1CCCCC1)C2,0,0.872082140682254,0.0019531531711755,0.68391454,0.016532293321859,0.0963338249652689
631,CC1CCCCN1CCNC(=O)c1c2c(nc3ccccc13)C(=O)N(C1CCCCC1)C2,0,0.768582116309902,0.0189457820394704,4.0535235,0.0540092034384795,0.22194797354310053
632,CN(C)CCN(Cc1ccco1)C(=O)c1c2c(nc3ccccc13)C(=O)N(C1CCCCC1)C2,0,0.525225687397921,0.0120606931789755,4.779823,0.0324463225955128,0.1700812276680557
633,O=C(c1c2c(nc3ccccc13)C(=O)N(C1CCCCC1)C2)N1CCN(c2ccccc2)CC1,0,0.58537857415346,0.0077654947947687,0.36950552,0.0265734122305272,0.15068664230552917
634,O=C(NCCN1CCOCC1)c1c2c(nc3ccccc13)C(=O)N(C1CCCCC1)C2,0,0.801753490910314,0.0088979971638127,1.1433176,0.035841798468284,0.14752831575151798
635,CCCCN(CC)C(=O)c1c2c(nc3ccccc13)C(=O)N(C1CCCCC1)C2,0,0.709242762731536,0.0086699669579335,2.68356,0.0234237128457475,0.2253872244748832
636,O=C(c1c2c(nc3ccccc13)C(=O)N(C1CCCCC1)C2)N1CCN(c2ccccn2)CC1,0,0.599541872477167,0.0029095686980204,1.1712245,0.0281797774840321,0.12917683175154618
637,O=C(c1c2c(nc3ccccc13)C(=O)N(C1CCCCC1)C2)N1CCN(c2ccc(F)cc2)CC1,0,0.558080804971943,0.0085615962497079,0.97323143,0.0480146153364702,0.18679274876461022
638,CCCN(C(=O)c1c2c(nc3ccccc13)C(=O)N(C1CCCCC1)C2)c1ccccc1C,0,0.496130175502941,0.0349742735604915,0.8700007,0.0191164799121005,0.19500190835161826
639,CC1CCN(CCNC(=O)c2c3c(nc4ccccc24)C(=O)N(C2CCCCC2)C3)CC1,0,0.772966547981756,0.0190358923380559,4.0350842,0.0418851349412703,0.22456434775944079
640,Cc1ccccc1-c1nc(COc2ccccc2-c2nnc(-c3ccccc3)o2)c(C)o1,0,0.321107072281346,0.127370917211456,1.908192,0.0177011905376577,0.12083874902057797
641,Cc1ccc(-c2nc(COc3ccccc3-c3nnc(-c4ccccc4)o3)c(C)o2)cc1,0,0.321107072281346,0.103230871772889,2.4268064,0.0148685120283813,0.10604850960479228
642,Cc1oc(-c2ccc(Cl)cc2)nc1COc1ccccc1-c1nnc(-c2ccccc2)o1,0,0.294088646139388,0.102418597545259,2.8446898,0.038836241505404,0.15766171692566172
643,CCC(Oc1ccccc1-c1nnc(-c2ccccc2)o1)C(=O)N1CCCc2ccccc21,0,0.394517017607263,0.0390456976287482,-5.6758056,0.0225367091098479,0.10021959196767864
644,CCOc1ccc(-c2nc(COc3ccccc3-c3nnc(-c4ccccc4)o3)c(C)o2)cc1,0,0.270805772435723,0.0510393846982512,1.3214868,0.0211885295312613,0.11323991187484209
645,CCOc1ccc(-c2nc(COc3ccccc3-c3nnc(-c4ccccc4)o3)c(C)o2)cc1OC,0,0.239309367235122,0.113823011770642,2.5930734,0.0280687261419628,0.10024699900837983
646,COc1ccc(-c2oc(=O)n(Cc3ccc(C)cc3)c2-c2ccc(OC)cc2)cc1,0,0.448390087323494,0.0498625446485438,0.46962225,0.0333112605375422,0.18051758632104278
647,COc1ccc(-c2oc(=O)n(Cc3cccc(Cl)c3)c2-c2ccc(OC)cc2)cc1,0,0.412537919765111,0.0260523353381487,1.936961,0.0513113670990668,0.3025525239757953
648,Cc1oc(-c2cccc(Br)c2)nc1COc1ccccc1-c1nnc(-c2ccccc2)o1,0,0.264610543423766,0.0661810473519608,5.357248,0.0180377962306713,0.19022841683370598
649,O=C1Nc2ccc(Br)cc2C1Cc1cccs1,0,0.898347907608687,0.0141290442713707,2.7231183,0.0339343389722998,0.11905852525352775
650,O=C1Nc2ccc(Cl)cc2C1Cc1cccs1,0,0.87988550505044,0.0121444506548492,7.422788,0.0799914642834846,0.12101414821884222
651,O=C(CSc1nc2ccc(NC(=O)C3CCCCC3)cc2s1)Nc1nccs1,0,0.535473365954403,0.09642374050156,2.6329803,0.0111864929041897,0.07574846163272997
652,CC(C)C(NC(=O)CN1C(=O)C2CCCCN2c2ccc(C(=O)N3CCCC3)cc21)c1cccs1,0,0.653265489895723,0.108821300792022,-16.665316,0.0236588030179267,0.1300176750020916
653,Cc1nnc2sc(SCC(=O)N(C)c3ccccc3)nn2c1=O,0,0.66717400951222,0.002221131210193,-15.020378,0.033963819398305,0.3515292251344283
654,COC(=O)c1c(-c2ccc(Cl)cc2)noc1NC1CC1,0,0.875490770984094,0.011562214205085,-10.182521,0.0478442537436815,0.09632980020889359
655,CC1CCC(NC(=O)C2(C)Cn3c(cc4occc43)C(=O)N2CCN(C)C2CCCCC2)CC1,0,0.68184900061513,0.0030276300992478,8.715129,0.0403344408124047,0.15130028601915924
656,CCC(C)Nc1onc(-c2cccc(Cl)c2)c1C(=O)OC,0,0.845990302764486,0.0012666547357985,-7.0746017,0.0622032489720517,0.2036996326519561
657,CCOC(=O)C1CCN(C(=O)CCc2nc3sc4c(c3c(=O)[nH]2)CCC(C(C)(C)C)C4)CC1,0,0.665744838062016,0.0143358923458959,-1.9052728,0.0297923184646609,0.25228440579545225
658,CCC1CCCCN1C(=O)c1c(-c2ccccc2Cl)noc1C,0,0.817427698272811,0.0117873890934353,-14.319505,0.0302953754224713,0.1624054763818241
659,O=C(c1ccc(-c2noc(C3CC3)n2)cc1)N1CCCc2ccccc21,0,0.713442315070045,0.0063482279872703,-14.424409,0.0174879642411714,0.07403722210362182
660,Cc1ccccc1-c1nnc(SCc2noc(CCC(=O)Nc3nccs3)n2)o1,0,0.418276761298728,0.0033515252584989,-1.529756,0.0139022974882873,0.089865199404893
661,CCCn1c(=O)c2ccc(C(=O)NC3CCCCC3)cc2n2c(SCc3ccccc3)nnc12,0,0.388113828897568,0.0073369679870755,8.36596,0.0153157483851796,0.12025123304138499
662,COC(=O)c1cc(C)nc2c1c(=O)n(Cc1cccc(OC)c1)c(=O)n2-c1ccccc1OC,0,0.407006639229131,0.0083953419574572,-2.7849548,0.0602330211510271,0.496921239202496
663,C=Cc1ccc(Cn2c(=O)c3c(C(=O)OC)cc(C)nc3n(-c3ccccc3OC)c2=O)cc1,0,0.412540050446132,0.0014225380879066,-0.80638164,0.0337347148512363,0.2508902189767997
664,COC(=O)c1cc(C)nc2c1c(=O)n(Cc1cccnc1)c(=O)n2-c1ccccc1OC,0,0.444775768404038,0.0142622864208677,-2.7442372,0.0777882821891742,0.7009935260925875
665,COC(=O)c1cc(C)nc2c1c(=O)n(CCc1c(C)noc1C)c(=O)n2-c1ccccc1OC,0,0.399511195728567,0.0355102010862781,2.0695176,0.1222005322761004,0.37383691712594647
666,COC(=O)c1cc(C2CC2)nc2c1c(=O)n(Cc1ccc(C)cc1)c(=O)n2-c1ccccc1OC,0,0.399349092954678,0.0043814907741397,4.291423,0.0392017775180708,0.15829253295494006
667,COC(=O)c1cc(C2CC2)nc2c1c(=O)n(Cc1cccc(C)c1)c(=O)n2-c1ccccc1OC,0,0.399349092954678,0.0024613079896145,3.765849,0.0377698241060646,0.14238525775125513
668,COC(=O)c1cc(C2CC2)nc2c1c(=O)n(Cc1ccccc1Cl)c(=O)n2-c1ccccc1OC,0,0.379484706487219,0.0046498498941216,3.652728,0.0595147555885644,0.15498560087728186
669,Cc1cc(C(=O)NCCC(C)C)c2cccc(-c3ccccc3)c2n1,0,0.715256803241198,0.127440351014157,-4.6763988,0.0179446488385412,0.22408996756575134
670,O=C(Nc1ccc(F)cc1)c1nnc(C2CCCN(C(=O)Nc3ccc(F)c(Cl)c3)C2)s1,0,0.544778788469144,0.0217669707444351,-3.4434133,0.055382173605649,0.19304129807895082
671,CC(C)Cc1nnc(C(=O)Nc2ccc(C(=O)NCCN(C)C3CCCCC3)cc2)s1,0,0.612022170111885,0.0068227468296173,-4.5155616,0.0248118219834701,0.16439627619752753
672,CCN(CC)CCSc1ccc(C(=O)NCc2cccs2)cn1,0,0.703846420781234,0.172886074553745,4.599665,0.1353291801087485,0.1353851859212979
673,CCN(CC)CCSc1ccc(C(=O)NCc2ccco2)cn1,0,0.714886090225695,0.0704233084679801,5.463654,0.1293321508102134,0.23235742479836313
674,O=C(c1ccccc1)N1CCC(CCNS(=O)(=O)c2ccc(C3CCCCC3)cc2)CC1,0,0.643317204310314,0.0794731647331089,-2.4608274,0.0375494957579225,0.3055460036207013
675,CCn1c(=O)n(Cc2ccc(Cl)cc2)c(=O)c2cnc(-c3ccc(OC)cc3)nc21,0,0.492479517565011,0.0045645669731864,-8.260395,0.0502643776479206,0.41148737346043535
676,Cc1ccc(-c2ncc3c(=O)n(Cc4ccc(F)cc4)c(=O)n(C)c3n2)cc1,0,0.551224485672476,0.013564907541514,-6.2826047,0.0449226187318552,0.4297085851365936
677,CCOC(=O)c1cc(C)nc2c1c(=O)n(Cc1ccc(F)cc1)c(=O)n2C,0,0.652930365833447,0.003968816264896,-2.2771559,0.1042143666250194,0.7242108253987688
678,O=C(c1cccc(Br)c1)N1CCc2nc(-c3ccc(Cl)cc3)ncc2C1,0,0.591147980028703,0.0226061447577788,-4.6915064,0.0133370218341005,0.17108454064662199
679,COC(=O)c1nc(-c2ccc(F)cc2)nc(O)c1O,0,0.797973206580155,0.272742205210898,3.2924356,0.1486500284401239,0.7010584010684378
680,COC(=O)c1cn(-c2ccc(SCC(=O)Nc3ccccc3C(F)(F)F)nn2)cn1,0,0.467056692186581,0.0012010163023793,4.8884187,0.0988376814247313,0.2984767271499165
681,CCCNC(=O)c1c2c(nc3c(C)cccc13)CCC2,0,0.928660328816879,0.0016882225750544,7.0618596,0.1850129171343948,0.19663541394439302
682,Cc1cc(C(=O)NCC(C)C)c2cc(Cl)ccc2n1,0,0.930909075130533,0.0015272459920847,-15.293801,0.056440373928502,0.3989661072503409
683,CCC(C)NC(=O)c1cc(C)nc2ccc(F)cc12,0,0.920332133677775,0.0021327396354351,-5.060563,0.088085677787223,0.43851305315362854
684,CCCc1c(C(=O)O)nnn1-c1ccc(C)cc1F,0,0.919040425977461,0.0073432867726961,-8.031683,0.0807254807568104,0.5678503105845039
685,COCc1c(C(=O)O)nnn1-c1ccc(C(F)(F)F)cc1,0,0.935755334876918,0.0009267007879282,-7.315212,0.7540803558753094,0.6388886899212463
686,CCn1c(=O)c2ccccc2n(CC(=O)N2CCCc3ccccc32)c1=O,0,0.716329000638323,0.0024623776723066,2.0267038,0.2212390670016557,0.23036502734352254
687,COC(=O)c1cc(-c2ccc(Br)cc2)nc2ccccc12,0,0.646082177537906,0.454678166004649,1.7004713,0.0575385074403304,0.3596374790385894
688,COC(=O)c1cc(-c2ccccc2)nc2ccccc12,0,0.661838893243,0.942677668105855,0.19645762,0.0776950863042628,0.24364986823417442
689,COC(=O)c1cc(-c2ccccc2OC(C)C)nc2ccccc12,0,0.664982072256732,0.0705313457834846,0.29683745,0.0740410452578805,0.2234670879492759
690,CC(C)(C)NC(=O)c1cc(-c2ccccc2Cl)nc2ccccc12,0,0.707279507021446,0.133990941156869,-8.688698,0.0522002803487703,0.21124558443676364
691,Cc1onc(-c2ccccc2)c1C(=O)N1CCCCC1,0,0.840969448444497,0.0583848180601002,-10.743421,0.1376841381588729,0.17003228631468242
692,CCC(C)(C)C1CCc2c(sc(NC(=O)CCC(=O)O)c2C(=O)NC2CCCC2)C1,0,0.549336790217336,0.0674339768034294,1.3543228,0.0824836011886526,0.20948212711684047
693,CC(C)(C)C1CCc2c(sc(NC(=O)CCCC(=O)O)c2C(=O)NC2CCCCC2)C1,0,0.537095414612804,0.416103435112374,4.039291,0.0927181479323148,0.40959080337325526
694,CC(C)(C)C1CCc2c(sc(NC(=O)CCCC(=O)O)c2C(=O)NC2CCCC2)C1,0,0.576184728243653,0.0859277716833886,4.1044593,0.0694290114712041,0.19715654937760183
695,O=C(O)Cn1nnc(-c2ccc(OCc3ccccc3)cc2)n1,0,0.74868719281733,0.0038888693031107,-11.691303,0.3028723219517858,0.3263264152279087
696,COC(=O)c1c(C)[nH]c(-c2cc3ccccc3o2)c1O,0,0.701526189457244,0.142383518142615,11.6612835,0.1518697473420242,0.3176142529738022
697,COC(=O)c1nnn(-c2ccc(Cl)cc2C)c1N,0,0.834938614157418,0.212740031969841,-16.82967,0.0269748219523328,0.2588373430553309
698,COC(=O)c1cn(C)c2ccc(Br)cc12,0,0.744483775972338,0.0200883607516834,-7.452953,0.0229149603119378,0.1686867907535919
699,CC1CCCN(c2cc(C(=O)N(C)C3CCCCC3)c3ccccc3n2)C1,0,0.777997478788106,0.0030165228874632,-5.7970414,0.0258190131973327,0.16064403442516628
700,CC1CCCN(c2cc(C(=O)NC(Cc3ccccc3)c3ccccc3)c3ccccc3n2)C1,0,0.38198813516022,0.271358965900349,-1.6314824,0.0108341957561156,0.09090079181689192
701,CC1CCC(NC(=O)c2cc(N3CCCC(C)C3)nc3ccccc23)CC1,0,0.851265563768984,0.0036749974541513,-10.391204,0.0174713298725129,0.1692057528210708
702,CC1CCCN(c2cc(C(=O)NCC3CCCCC3)c3ccccc3n2)C1,0,0.847837458431235,0.0052432764321201,-9.502952,0.0135114519322693,0.15315673648288128
703,CCC(C)NC(=O)c1csc(CN(CCC(c2ccccc2)c2ccccc2)Cc2ccc(C)cc2)n1,0,0.218648847877428,0.363558210466345,11.27902,0.1861697658850107,0.1404858051655935
704,COc1ccc(CN(CCc2c[nH]c3ccccc23)Cc2nc(C(=O)NCC3CCCO3)co2)c(OC)c1,0,0.287897536718333,0.212567460250391,4.378326,0.023434925662732,0.09334396898466
705,Cc1ccc(CN(CCC(C)C)Cc2nc(C(=O)NC3CCCCC3)cs2)s1,0,0.573276582304882,0.126251314397674,-2.3596356,0.0138814245895199,0.08748092179848806
706,Cc1ccc(CN(CCc2c[nH]c3ccccc23)Cc2nc(C(=O)NCC3CCCO3)co2)c(C)c1,0,0.332239507395173,0.0907411568527319,1.2649573,0.016360130216316,0.08494254373618232
707,Cc1cccc(-n2nc(C(=O)NCCN(C)C)c(=O)n(Cc3ccc(C(F)(F)F)cc3)c2=O)c1,0,0.565296917991449,0.032966457043658,8.043899,0.3032599332101328,0.21993876044737815
708,COCCN(Cc1cccc(OC)c1OC)CC(C)(C)O,0,0.754524435079165,0.0547784990787379,0.57041633,0.8513409250529195,0.6431718676271365
709,Cc1c(C(=O)O)nn(-c2ccc(F)cc2)c1Oc1ccc(NC(=O)C2CCC2)cc1S(=O)(=O)NC(C)(C)C,0,0.375767459148774,0.139694706151679,3.9819274,0.8449977631406496,0.33550127244280026
710,Cc1c(C(=O)O)nn(-c2ccccc2)c1Oc1ccc(NC(=O)C2CCCC2)cc1S(=O)(=O)N1CCN(C)CC1,0,0.420601888707544,0.170631431820047,1.4727823,0.1745715295767963,0.23339239031354903
711,CCN(C)Cc1cncc(-c2ccc3ccccc3c2)c1,0,0.703833713841725,0.0126074084099829,9.795169,0.3490558292558309,0.5128123980189684
712,CC(C)(O)c1cn(-c2cccc(C(F)(F)F)c2)nn1,0,0.912672864777535,0.0163917240661393,-10.875672,0.2587899107562116,0.2693544460155643
713,Cc1nc(-c2ccc(Cl)cc2)sc1C(=O)O,0,0.891595549377947,0.72430355106575,2.6444507,0.8274229754308706,0.5471791544661663
714,O=C1Nc2ccc(Br)cc2C12NCCc1c2[nH]c2ccccc12,0,0.570575878366474,0.33347161661428,2.4903684,0.0362323135366666,0.14969551399389777
715,COC(=O)Nc1c(-c2ccccc2)nc2cc(C)ccn12,0,0.781948537706342,0.0053751167145383,5.693485,0.0801804514176886,0.15850773695342985
716,CCn1nc(C)c(-c2cc(C(=O)NCCc3noc(-c4ccccc4)n3)no2)c1C,0,0.501435934732059,0.0020837771854693,-6.227049,0.0501933338451412,0.10744159214196806
717,CC1(C)CC(=O)c2c(noc2-c2ccccc2)C1,0,0.767062455521131,0.281462919694463,-16.691284,0.1313193186399862,0.14289029207503318
718,Clc1ccc(OCc2nc3ccccc3s2)cc1,0,0.70059316531885,0.745460314981283,-2.5858216,0.0404871795887375,0.20837711829811356
719,Cc1nc2nc(-c3ccccc3)cn2nc1C,0,0.637144048447099,0.098352009621934,-11.857118,0.0639888360666252,0.1520294946413497
720,Cc1ccc2[nH]cc(CCN)c2c1,0,0.717809077329203,0.989533837689443,3.8670435,0.0128034262801136,0.23646963513225253
721,c1ccc(-c2nc3ccccc3[nH]2)cc1,0,0.632617312327291,0.996991413121654,-0.24212468,0.0715312017092274,0.11733726400641611
722,O=C(O)CCC(=O)N1CCCC1,0,0.671256938597236,0.995140757656337,7.967315,0.1516364501384929,0.36641214999073907
723,COC(=O)c1oc2ccc(Br)cc2c1NC(C)=O,0,0.865761104414775,0.427296440763648,4.7542353,0.131863175762585,0.5178392987463655
724,Cn1c(=O)n(Cc2ccc(Cl)cc2)c2ccccc21,0,0.704372396502152,0.50854122247081,3.6550765,0.092651278368669,0.21747956347943234
725,CC(C)c1ccc(NC(=O)Cn2ncc3ccccc32)cc1,0,0.795042713605997,0.0008995644739073,6.9136767,0.0125340234799205,0.10153372391704582
726,Cc1sc2nc(-c3ccccc3)oc(=O)c2c1C,0,0.669406772154705,0.664940415392612,-8.27194,0.0749217747058545,0.44826422323231424
727,c1ccc(OCc2nnc(-c3ccccc3)o2)cc1,0,0.714307063790241,0.0274962942039978,-9.866845,0.0252084816576319,0.10820187574008144
728,O=C(Nc1ccccn1)c1ccc(Br)o1,0,0.909564889906789,0.0881970611201271,1.7306169,0.124561156938784,0.24797286439740698
729,Cc1cc(C(=O)NC2CCC(C)CC2)c(C)o1,0,0.854907271304625,0.0398012280431178,3.2264829,0.1049276833682456,0.27877468580641046
730,Cc1cc(C(=O)Nc2ccccn2)no1,0,0.804934587242396,0.0645914907099444,-1.0720128,0.1395486206097976,0.24624103238506048
731,COc1cccc(-c2cc(C(=O)NC3CCCC3)no2)c1,0,0.937955968267144,0.0015118073839279,-4.982732,0.011853843855452,0.07056769523326722
732,O=c1oc(-c2ccc(Cl)cc2)nc2ccccc12,0,0.669979526502405,0.918204464927143,-0.44488275,0.392228828334188,0.4901050291178892
733,Cc1ccccc1C(=O)N1CCc2ccccc2C1,0,0.761898464923242,0.100976377421049,-0.052394986,0.4517339290331252,0.311585037063721
734,O=c1cc(-c2ccccc2)sc2ccc(Cl)cc12,0,0.633546205559357,0.922438858586763,-2.9005613,0.1165318511578425,0.5872587381872446
735,Brc1ccc(-c2cn3cc(Cc4ccccc4)sc3n2)cc1,0,0.471628529143101,0.123528081381081,2.746262,0.0122963925186946,0.11104073547218662
736,O=c1c2ccccc2n(Cc2c(F)cccc2Cl)c(=O)n1Cc1ccccc1,0,0.523788106557823,0.0133134181570225,-3.9763975,0.0264411187621629,0.3702256027382279
737,Cc1nn2c(-c3cccc(NC(=O)c4ccc(F)cc4)c3)nnc2c2ccccc12,0,0.481235630996094,0.0104177878474276,-4.6534815,0.0316388108296125,0.10432679465310805
738,CN(C(=O)CSc1nnc(-c2ccccc2Cl)o1)c1ccccc1,0,0.640443706926589,0.0084419811834811,-8.6264515,0.0099622560303404,0.22413025786884763
739,c1ccc(CSc2nnc(SCc3ccccn3)s2)nc1,0,0.637909112058322,0.302894294515967,-9.707229,0.0265209076614045,0.3306912208983265
740,Clc1ccc(-c2nnc(-c3ccc(Br)o3)o2)c(Cl)c1,0,0.640765442746056,0.429293036734511,-0.7448155,0.0439448982495202,0.1876362949664829
741,Cc1ccccc1-c1nnc(SCC(=O)N2CCCC2)o1,0,0.812857016660199,0.0035644803840084,-12.699387,0.0258038248368404,0.09737356755421686
742,c1ccc(CSc2nc3ccccc3[nH]2)cc1,0,0.704241029020567,0.252276415771381,-6.1970215,0.0197886937309015,0.17722836710485826
743,c1ccc(CSc2nnc(-c3cccnc3)o2)cc1,0,0.679139496256692,0.0084296278167244,-6.2071137,0.0111990502566547,0.18459774457206388
744,O=C(O)c1ccc(CSCc2ccco2)cc1,0,0.880511748672025,0.10962808235102,2.686748,0.8688030113584512,0.4230705612882998
745,O=C(O)C1C2CCC(C2)C1C(=O)Nc1ccc(F)c(Cl)c1,0,0.900769608678271,0.0067262866341986,-2.1809099,0.5158780828517188,0.37248886982298113
746,Cc1cc(C)c(C#N)c(SCc2ccc(Br)cc2)n1,0,0.768908572107652,0.0061647483767584,4.4052606,0.0185446409770331,0.06603837182295491
747,O=C(NC1CCCCC1)c1ccc(CSc2nc3ccncc3n2Cc2ccccc2)cc1,0,0.355301568648789,0.0536076934156997,2.3485723,0.0098730773211585,0.13308985017103098
748,COc1ccc(C(=O)NCCn2cc(SCc3ccc(C(F)(F)F)cc3)c3ccccc32)cc1OC,0,0.26277757110117,0.526154602922157,9.313626,0.0225591556558031,0.1323051420904519
749,COc1ccc2sc(N(Cc3cccnc3)C(=O)C3CCCCC3)nc2c1,0,0.636121040676471,0.0030273436593623,1.3541955,0.0057246495049822,0.14848439471740996
750,O=C(NCc1cc(-c2cccc(Cl)c2)no1)c1cc(-c2cccc(Cl)c2)no1,0,0.483554109486801,0.105688808563776,3.2486868,0.034323472590399,0.1150034481703777
751,Cc1ccc(NC(=O)C2CCCN2S(=O)(=O)c2ccc3[nH]c(-c4ccccc4)nc3c2)cc1C,0,0.440570733904429,0.0239272908773704,-0.2830124,0.0105761715300361,0.10059155833520125
752,CC(C)c1ccc(NC(=O)c2cc3n(n2)CC(C)(C(=O)NC2CCCCCC2)N(C)C3=O)cc1,0,0.653896652160852,0.0058455299735769,3.5690188,0.0201360010526849,0.2565021854132505
753,COc1ccc(C(=O)N2CCn3cnnc3C2)c(OC)c1,0,0.840814517227354,0.0192356763708534,7.665938,0.1048838135195447,0.21667163298437941
754,COc1ccc(S(=O)(=O)N(C)CC(=O)Nc2cc(Cl)ccc2Oc2ccccc2)cc1Cl,0,0.472782259208899,0.0244164975434011,8.894345,0.0244689791001242,0.4315636142877913
755,O=C(CSc1nnnn1-c1ccccc1)Nc1cccc(NC(=O)C23CC4CC(CC(C4)C2)C3)c1,0,0.473350438751637,0.0106174260991239,5.110631,0.0135255148773501,0.12396832494438896
756,O=C(CSc1nnnn1-c1ccc(OC(F)(F)F)cc1)Nc1sc2c(c1C(=O)O)CCCC2,0,0.469604624895657,0.0921556896400431,7.791122,0.1077086504237356,0.20402578825684853
757,CCC(C(=O)Nc1ccc(C(C)C)cc1)N1C(=O)CN=C(c2ccccc2)c2ccccc21,0,0.558091776221407,0.0511637907322784,8.149783,0.3759108416059755,0.1745361832064355
758,Cc1cccc(CSc2nc3ccncc3n2Cc2ccc(C(=O)NCCC(C)C)cc2)c1,0,0.319393642966993,0.0566963191380737,-2.6437516,0.0112778766287328,0.10849608060480456
759,CCOc1ccc(-c2cc(NC(=O)COCc3cc(-c4ccc5c(c4)OCO5)on3)on2)cc1,0,0.387894968147775,0.0199780840748319,-0.45826733,0.0222015977674101,0.08788859106974997
760,CC(=O)N1CCC(N(Cc2ccco2)C(=O)NC23CC4CC(CC(C4)C2)C3)CC1,0,0.8380899151469,0.0023094677656025,-5.44698,0.0205167533443602,0.17428194456685725
761,CC(C)(C)C1CCc2c(sc3nc(CCC(=O)NC4CCN(Cc5ccccc5)CC4)[nH]c(=O)c23)C1,0,0.501089976556161,0.598430454264802,4.7945237,0.0306136240868486,0.17599941203273134
762,CC(=O)Nc1cccc(NC(=O)c2cc3cccnc3n(Cc3ccccc3F)c2=O)c1,0,0.503802468161249,0.0108446275180247,1.1753381,0.0570125039150853,0.25807540767370496
763,O=C(CC1(CC2=Nc3ccccc3S(=O)(=O)N2)CCCC1)NC1CCCCCC1,0,0.704365670755033,0.0496330063361846,7.033914,0.0373088406636368,0.10045486953204805
764,CCCCN(C)C(=O)c1c[nH]c2ccc(S(=O)(=O)N(C)c3ccc(C)c(C)c3)cc2c1=O,0,0.586016039838208,0.0139166628647767,-0.59504664,0.0493598572950624,0.32308975860943917
765,O=C(NC1CCN(Cc2ccccc2)CC1)c1ccc(SCCN2CCOCC2)nc1,0,0.637302450908387,0.0861930428296172,1.8310641,0.0287777293639017,0.28010530661239824
766,CCc1noc(NC(C)=O)c1-c1ccc(OC)c(S(=O)(=O)NC(C)C)c1,0,0.76250464713651,0.0030138969022933,-8.043952,0.7484626205390973,0.3550703599782722
767,CCS(=O)(=O)N(CC(=O)N(Cc1ccc(OC)cc1)C1CCN(C(=O)C(C)(C)C)CC1)CC1CCCCC1,0,0.43453339346512,0.134572990835078,-1.6737951,0.0498241389997396,0.3587811122002237
768,CCS(=O)(=O)N(CC(=O)N(Cc1ccc(OC)cc1)C1CCN(C(=O)c2ccco2)CC1)CC1CCCCC1,0,0.410063961950356,0.199061499872474,5.5317044,0.0375723025961593,0.3891199536314097
769,CCS(=O)(=O)N(CC(=O)N(Cc1ccc(OC)cc1)C1CCN(C(=O)C2CC2)CC1)CC1CCCCC1,0,0.433350837457301,0.139485727634703,2.1007152,0.028959984880991,0.13448755937114928
770,CCS(=O)(=O)N(CC(=O)N(Cc1ccc(OC)cc1)C1CCN(C(=O)C2CCCC2)CC1)CC1CCCCC1,0,0.398811708319395,0.606020454389082,8.966943,0.0434453867007791,0.1368865443018147
771,CC(C)CNC(=O)c1coc(CN(Cc2ccccc2)Cc2ccc(C(C)(C)C)cc2)n1,0,0.479886537068044,0.0212651123658171,1.8483633,0.0633952704904205,0.40372778702098105
772,CCc1nnc(NC(=O)c2ccccc2NC(=O)c2c(-c3ccccc3)noc2C)s1,0,0.460920752273822,0.0227819950523494,-0.33222723,0.0282675842192778,0.1435841668356292
773,CCS(=O)(=O)N1CCC(C(=O)Nc2cc(Cl)ccc2Oc2ccccc2)CC1,0,0.758809771983068,0.0019858583514736,-3.289721,0.030550333377764,0.317339732164358
774,Cc1onc(-c2ccccc2Cl)c1C(=O)NC1CCN(C(C)C)CC1,0,0.896597949149693,0.0029398601246847,-17.33394,0.1100672401439109,0.19373998528323405
775,N#CCCn1nc(-c2ccccc2)cc1O,0,0.849401804931942,0.0118836369616227,12.485403,0.0515929041000327,0.05751830497902501
776,CCOc1ccc2c(n1)CCN(C(=O)c1ccc(C)cc1)C2,0,0.874188514265726,0.0008325598831369,-11.518054,0.0524678073457542,0.36599548975430746
777,CCOC(=O)c1nc(-c2ccncc2)no1,0,0.723951271256166,0.0282095601143394,-15.340125,0.017720285871619,0.2839637986747897
778,Cc1onc(-c2ccccc2)c1C(=O)Nc1sc(C)c(C)c1C#N,0,0.765422559375688,0.0032967187929202,-3.650485,0.0054391727091564,0.055952951479094445
779,O=C(Cc1ccccc1)Nc1ccc(Br)cc1C(=O)c1ccccc1Cl,0,0.544292689225493,0.133533459914672,8.394081,0.0778221861106056,0.40065172144783795
780,CCOC(=O)c1[nH]c2ccccc2c1-c1ccccc1,0,0.726859847773527,0.81717475982642,1.0289613,0.3499010232919821,0.2757564975185751
781,Cc1ccc(-c2cnc(-c3ccc(Br)cc3)o2)cc1,0,0.659092649315553,0.78019672271264,-1.3061075,0.042539886169742,0.26517364639529745
782,CC(C)CCn1c(=O)c2cccnc2n(Cc2ccc(F)cc2)c1=O,0,0.7169508942966,0.0194818649003021,-6.945003,0.0215287210487654,0.32544479647327657
783,CC(C)C(=O)Nc1cc(-c2ccccc2)no1,0,0.881498530398473,0.804517920015996,-2.0368748,0.0533257560088571,0.14103434484801883
784,Cc1ccn2c(NC(C)(C)C)c(-c3ccccc3F)nc2c1,0,0.7451742224427,0.0123404918861828,11.389124,0.0300846501103849,0.19713548872702225
785,Cc1ccc(-c2nc3c(s2)CN(C(=O)c2ccccc2C)CC3)cc1,0,0.676605932164922,0.0652766788346204,2.0336394,0.0176495174603687,0.21905319708280682
786,CCOC(=O)c1cc(-c2ccccc2)no1,0,0.741070918682539,0.0717210527407965,2.748755,0.0712580627492069,0.2653634550568969
787,O=C(c1ccc(O)cc1)c1ccc(F)cc1,0,0.78352254505921,0.998837100851924,11.671445,0.7801781932516242,0.37087771872110115
788,CCCNC(=O)c1nnn(-c2ccc(OC)cc2)c1-c1cccnc1,0,0.747104107281532,0.0013213588940083,-10.627332,0.0377361764971998,0.16598192930326652
789,NC(=O)c1cc(-c2ccc(Br)cc2)no1,0,0.906280063900803,0.943465795331554,7.1742854,0.2410580358370802,0.35343257264160355
790,O=C(Nc1cccc(-c2nc3ncccc3o2)c1)C1CCC1,0,0.800346806528545,0.0013523942170955,-15.482761,0.022985293634182,0.09331461009381462
791,COc1ccc(S(=O)(=O)c2nnn(-c3ccc(Br)cc3)c2C)cc1,0,0.663163203191232,0.0385143102182302,3.417871,0.0427160305825589,0.33084713836941126
792,COC(=O)c1cc(-c2ccc(Cl)cc2)nc2ccccc12,0,0.660453732154812,0.687241462885129,-0.8400465,0.0942953417807935,0.4454870905652804
793,Cc1ccc2nc(-c3ccccc3F)c(NC(C)(C)C)n2c1,0,0.7451742224427,0.0146056435689213,4.9737473,0.0316471180945071,0.2100338641784683
794,Cc1onc(-c2ccccc2)c1C(=O)Nc1ccc(Br)cc1,0,0.741499229861134,0.0796657777412545,3.5218878,0.0242464280401968,0.13566117940779393
795,CCCNC(=O)c1cc(-c2cccc(C)c2)nc2ccccc12,0,0.778305794409124,0.006441327468274,-8.807286,0.0190248550625362,0.28123195832277414
796,CCOc1ccc(C(=O)c2oc3ccccc3c2N)cc1,0,0.741297172417312,0.0318163505301096,10.522036,0.0876686482228739,0.3120746751463696
797,O=c1c(-c2cccc(C(F)(F)F)c2)coc2cc(Cl)ccc12,0,0.620707994582099,0.842896517193477,2.075583,0.2156034739184944,0.49567833806608325
798,Nc1c(C(=O)O)cnn1-c1ccccc1F,0,0.80015877137656,0.961163353050758,-14.8662195,0.7739084696325239,0.7695566334128423
799,COc1ccc2oc(C)c(C(=O)Nc3ccccc3OC)c2c1,0,0.790546690061787,0.489544749978314,-3.785771,0.0234759636538755,0.2324472016179886
800,O=C(CSc1ccc(C(=O)O)cn1)Nc1cccc(Cl)c1,0,0.826538321773851,0.0027734661239359,-0.7035818,0.3992078446128631,0.5756273981418271
801,Cc1oc2c(c1C(=O)O)C(=O)CC(C)(C)C2,0,0.791959502872673,0.462067264437892,-14.70469,0.1176325832536197,0.33500803486862285
802,Cc1cccc(-c2nc3ccc(Cl)cc3c(=O)o2)c1,0,0.675705089739081,0.0402633307154823,-1.8251364,0.1782199046378149,0.4968699780400237
803,COc1ccc(C(=O)NCc2ccc(-c3nc(C)cs3)cc2)cn1,0,0.773129282940756,0.0097845796789321,-16.416199,0.0100763631951166,0.1169506251121547
804,Cc1onc(-c2ccccc2)c1C(=O)NC1CCCCC1,0,0.934339972243022,0.007100582023953,-2.0881934,0.0221783954852949,0.15810939143834551
805,CCCc1nc(SC)ncc1C(=O)Nc1ccc(F)cc1F,0,0.673473420720051,0.0028914866559208,-4.1339517,0.0386018011579522,0.3590288935158729
806,COc1ccc(C(=O)c2cn(Cc3ccc(C)cc3)c3nc(C)ccc3c2=O)cc1,0,0.470390670446141,0.191345330067709,-4.254007,0.0302866340116013,0.17953840960782153
807,Cc1onc(-c2ccccc2)c1C(=O)Nc1ccccc1Cl,0,0.771226288535439,0.0108497061468416,-1.7734504,0.0319458095334946,0.141074413558959
808,c1ccc(-c2noc(-c3ccccn3)n2)cc1,0,0.669903214090007,0.215189492224771,-11.343146,0.0345599182502463,0.1400858486539173
809,Cc1onc(-c2ccccc2)c1C(=O)Nc1ccc(F)cc1,0,0.793206158430723,0.0237777218467316,-2.3765864,0.0685913898761216,0.1651901158454984
810,O=C(Nc1ccccn1)c1cc(-c2ccccc2)on1,0,0.790046555991305,0.0435711782729532,3.58913,0.0393610111788375,0.14457012383901235
811,Cc1nc(-c2ccc(F)cc2)sc1C(=O)O,0,0.873131018536579,0.510230111555061,10.134129,0.8274224527451276,0.666377115919756
812,O=C(O)c1ccc(-c2ccc(Cl)cc2)o1,0,0.848287676639827,0.998580311642857,3.843069,0.915683208191018,0.6537865578134994
813,O=C(c1ccc(Br)cc1)c1ccco1,0,0.766469388929553,0.793740337253171,7.800863,0.3859708488517706,0.21000395468495556
814,COc1ccc(-c2cc[nH]n2)cc1OC,0,0.832302342722902,0.303969108054762,0.36197507,0.0558936271721822,0.17508802516890384
815,Cc1cc(NCc2ccccc2)n2ncc(-c3ccccc3)c2n1,0,0.609889477121308,0.0083240014947163,-1.6233159,0.0050039407171894,0.10412065351741288
816,COc1ccc2nc(NS(C)(=O)=O)sc2c1,0,0.909040752084005,0.152794874053358,-1.0031074,0.8677013231279752,0.3431241165562546
817,CCOC(=O)c1cnc2c(F)cc(F)cc2c1O,0,0.83468681130773,0.0201168441999641,-2.6160622,0.0444345361146593,0.5799538152783367
818,CSc1nc(-c2ccccc2)nc(SC)c1C(C)=O,0,0.486707075473745,0.511530092968791,7.4651923,0.0662327578457858,0.3540349718220473
819,COc1ccc(C(=O)N2CCc3nc(-c4ccccc4)sc3C2)cc1,0,0.71648135006051,0.0045771535482088,-0.02573359,0.005808116377557,0.17746233174381668
820,CCOC(=O)c1cc(Cl)c2ccccc2n1,0,0.751329595592448,0.361864567182623,5.8434777,0.3314604707072461,0.34077013648878535
821,COc1ccc(-c2csc3c(=O)n(C)cnc23)cc1,0,0.720116016676618,0.0488251667468119,-6.8011117,0.033582519168343,0.29255995230464066
822,Cc1cccc(-c2nc3ccccc3s2)c1,0,0.602315204291661,0.687047295160971,2.5133471,0.0329196442792694,0.2739803653919824
823,c1ccc2c(c1)cnn1c(-c3ccncc3)nnc21,0,0.517755392508277,0.0710535959518706,5.3269167,0.0172226675693909,0.14847061203535658
824,CN(C)C(=O)c1cc(Cl)ccc1Cl,0,0.709067352836448,0.994045813100763,4.719902,0.0267497060879915,0.24649661546208015
825,COc1ccc(-n2nc(C)c(Cc3ccc(Cl)cc3)c2O)cc1,0,0.782663953064862,0.0087396498215493,2.8135524,0.0275613970861525,0.25472936331103624
826,Cc1cc(C)cc(NC(=O)c2nnn(-c3ccc(Cl)cc3)c2C)c1,0,0.780516533553765,0.0427002513826622,1.2868296,0.0311263411436147,0.12935521026459956
827,CC(=O)N(Cc1cccnc1)c1nc2c(F)cc(F)cc2s1,0,0.741824549673818,0.0015049751362659,-6.0998077,0.0321582505490905,0.22928818172138996
828,COc1cc2nc(-c3ccc(C)cc3)oc(=O)c2cc1OC,0,0.742715855983214,0.32145057316359,-2.277585,0.0551773050437054,0.33742471429564347
829,COc1ccc2oc(C)c(C(=O)Nc3ccccc3Cl)c2c1,0,0.764705325256846,0.571834192724324,-7.1021447,0.0418307595713865,0.28799810227053924
830,Cc1onc(-c2ccc(Br)s2)c1C(=O)Nc1cccc(F)c1,0,0.704721523227315,0.0066080672484923,-6.6683307,0.0200969454396334,0.1139997968734497
831,CCOC(=O)c1nc(-c2ccc(F)cc2)no1,0,0.762855236199705,0.054769735720013,-11.940099,0.0275957251189485,0.3231394832530566
832,CCn1c(=O)c2ccccc2n(Cc2ccc(Cl)cc2)c1=O,0,0.74587587107752,0.0984248995263057,-5.20463,0.2973083037459788,0.5046217426450562
833,c1ccc(-c2nn3cnnc3s2)cc1,0,0.604498110517584,0.302644574627863,-13.250632,0.055534080054309,0.1969358398482297
834,Nc1c(C(=O)c2ccc(F)cc2)oc2ccc(Cl)cc12,0,0.72443613982193,0.624527132484902,4.186837,0.1327462227050715,0.2852197174266487
835,Cc1ccc(-c2csc(Cc3csc(-c4ccc(C)cc4)n3)n2)cc1,0,0.435533101684722,0.434844186692988,4.40395,0.0180006155934484,0.08968202702200334
836,Cc1ccccc1-c1ccc2ccccc2n1,0,0.597085848859768,0.797251950790845,13.125616,0.066460732852913,0.1905694897841465
837,COC(=O)c1cc(=O)c2ccccc2[nH]1,0,0.710764418355887,0.696571828151449,3.5923905,0.4379833884257655,0.49623019310302696
838,Cc1nn(-c2ccc(F)cc2)c(O)c1Cc1cccc(Cl)c1,0,0.783321332673443,0.0039224090333191,7.9566026,0.1030298997100444,0.43097954904661273
839,CCOc1c(OC)cccc1-c1nc2ccccc2s1,0,0.712956761567953,0.0478118262514509,-4.066529,0.0321161412257108,0.20895521000245704
840,COC(=O)c1cc(-c2ccccc2C)no1,0,0.724773541803755,0.0293222593032761,11.922829,0.0501854372377387,0.23634251561093542
841,Cc1cccc(-c2noc(-c3ccc(Cl)c(Cl)c3)n2)c1,0,0.667085162840252,0.280690682661506,-6.2603374,0.0214451730350545,0.25210786574053756
842,O=C(c1ccc(Cl)c(Cl)c1)N1CCc2ccccc2C1,0,0.773303067385435,0.0107964367263453,-3.665802,0.0878601443391189,0.5117956016918994
843,Nc1c(C(=O)c2ccccc2)oc2ccc(Cl)cc12,0,0.719306158783947,0.909992540992868,5.3348737,0.2689570274308242,0.4138384999340957
844,Cc1cc(SCc2ccccc2)nc2ccccc12,0,0.628695321333186,0.793948105453755,1.6064883,0.0318225832184703,0.20167710610375797
845,Cc1ccc(-c2cc3nc(C)cc(C(F)(F)F)n3n2)cc1,0,0.677261106539099,0.117808209926598,-13.494021,0.069100591895036,0.4011283113678319
846,Cc1nc(-c2ccc(-c3ccccc3)cc2)cs1,0,0.638078244305792,0.545042813770924,10.437837,0.0378534988196805,0.2886693357167899
847,CC(=O)Nc1ccc2oc(C(=O)c3ccc(Cl)cc3)c(C)c2c1,0,0.715960189850476,0.420369496466629,0.24073458,0.3170057126630406,0.5003202782314241
848,COc1ccc(-c2cc3c(=O)[nH]ccn3n2)cc1,0,0.742451677711484,0.0195785953693443,1.6395282,0.1209056097388179,0.18960453444687758
849,CCCNC(=O)c1c(-c2ccccc2)nnc2ccccc12,0,0.80083825617942,0.0021607660215989,-4.2934356,0.0544707458305413,0.17103021745034477
850,CCOC(=O)c1cnn2c(-c3ccc(C)c(C)c3)ccnc12,0,0.696297133040714,0.0927269846454191,3.2556872,0.0335928039067346,0.22345634341946682
851,COC(=O)c1cc(Cl)c(C(=O)OC)cc1Cl,0,0.769248363114822,0.999755935617357,1.5699369,0.3468842167223872,0.496892092566428
852,CCOc1ccc(-c2csc(-c3ccccn3)n2)cc1,0,0.716442293808111,0.0130181660139441,-1.8357143,0.0132572182109265,0.16521959403415987
853,Clc1ccccc1-c1noc(-c2cccs2)n1,0,0.697335486535342,0.519877297500775,-9.939641,0.0238508831475071,0.08380202422934233
854,O=C(N[C@@H](Cc1ccccc1)C(=O)O)c1cccnc1,0,0.862708305565191,0.997973987594702,-9.674251,0.7681418858135928,0.626885268059622
855,CCOc1ccccc1-c1nn2c(-c3ccccc3Br)nnc2s1,0,0.498365520801637,0.0217407346085994,-0.628942,0.0135383354795966,0.12385338683605292
856,Brc1ccc(-n2nc(-c3ccccc3)c3cnc4ccccc4c32)cc1,0,0.363761993737243,0.734043831025587,2.7357054,0.0225481321064065,0.14767364003304845
857,CC1=C(c2cccc(Br)c2)S(=O)(=O)N=C1Nc1ccc(Br)c(C)c1,0,0.664598879376862,0.154878176003192,11.912732,0.0582209250569377,0.1548225680180218
858,Cc1c(C(=O)Nc2ccc(F)cc2F)nnn1-c1ccc(Cl)cc1,0,0.783650047753588,0.0196146200882349,-3.3842025,0.0997681684408505,0.43176604192218776
859,COc1ccc2oc(C)c(C(=O)Nc3ccc(C(C)=O)cc3)c2c1,0,0.730462647553121,0.136283595647294,-8.929353,0.0527205610799033,0.27709767350097964
860,Cc1cc(C)cc(-n2cnc3cc(C(=O)O)ccc32)c1,0,0.773570626645408,0.884165308461514,10.3564,0.8898912546378224,0.38242158046166586
861,Cc1ccc(-c2cc3c(=O)[nH]ccn3n2)cc1,0,0.688228871307522,0.427383225148694,0.19699728,0.1975234420481336,0.24246785999047155
862,CC1=C(c2ccccc2)S(=O)(=O)N=C1Nc1ccc(Br)c(C)c1,0,0.82861572646424,0.0274478346665614,12.05269,0.0320422756251191,0.15185457299786181
863,Cc1cccc(-c2noc(Cc3nc(-c4ccccc4)cs3)n2)c1,0,0.540166720780785,0.0119985213584349,-3.340508,0.0046998458334233,0.08782679598706002
864,Clc1ccccc1-c1nnc(-c2cccs2)o1,0,0.697335486535342,0.918781326516839,-4.5078797,0.0261353037690694,0.08649600774700324
865,O=C(c1ccc(F)cc1)c1cc2ccccc2o1,0,0.6375328314283,0.50345280338486,9.119861,0.2321679245745975,0.21329678987190076
866,COc1ccc(-c2noc(CN)n2)cc1,0,0.814540847312205,0.116762225431758,0.921888,0.0418769595845789,0.18224044568867778
867,Clc1ccccc1-c1nc(-c2ccncc2)no1,0,0.705512801200918,0.886422972209785,-12.658371,0.0179209595001308,0.36228340578764423
868,CN(C(=O)CSc1ncc(-c2cccc(Br)c2)o1)c1ccccc1,0,0.571213988008689,0.0044438223807359,-4.3060136,0.0082693681744379,0.22080889178346594
869,CC(C)CCn1c(=O)c2cccnc2n(Cc2ccc(Cl)cc2)c1=O,0,0.703552008910972,0.0514508916415315,-8.275395,0.0133146315896953,0.30134370392615345
870,Cc1nc2sc(C(=O)c3ccc(Cl)cc3)c(N)c2c(C)c1C,0,0.693460287476963,0.0257176903708622,2.802009,0.0374653467478461,0.39571659519880054
871,Fc1ccccc1-c1ccc(SCc2nc(-c3cccc(Cl)c3)no2)nn1,0,0.42606407108002,0.0594953532983975,6.474899,0.010452304037238,0.19693451832598297
872,O=C(OCc1ccncc1)c1cn(-c2ccc(F)cc2)c(=O)c2ccccc12,0,0.508767693332477,0.0021544784224289,-1.4405776,0.0287779414392021,0.33231745009562236
873,COC(=O)c1c(-c2cccc(Cl)c2)noc1NCc1ccc(C)cc1,0,0.670984181945966,0.0016378389354613,0.39657187,0.0214857622620092,0.17150335283205287
874,Cc1ccc2oc(C(=O)Nc3ccc4c(c3)NC(=O)C(C)O4)c(C)c2c1,0,0.731343944592868,0.009297665489778,2.0547867,0.0826007979062078,0.22668275882551314
875,COC(=O)c1c(-c2ccc(F)cc2)noc1NCc1ccc(C)cc1,0,0.705726297316946,0.0023523040899795,-2.6150336,0.0246819602052409,0.1963337681082173
876,O=C(Nc1nnc(-c2ccc(Cl)cc2Cl)s1)c1ccccc1F,0,0.715268445969776,0.0852523876690434,-6.0795274,0.0699438264447898,0.19868293812275284
877,Cc1c(C(=O)Nc2ccc3c(c2)NC(=O)C(C)O3)oc2ccc(Cl)cc12,0,0.701646356960689,0.0090044461482594,-3.7135806,0.1150246377578288,0.32278683944508785
878,Cc1cc2oc(C(=O)Nc3ccc4c(c3)NC(=O)C(C)O4)c(C)c2cc1Cl,0,0.672093276222922,0.0214187699607829,-0.63984823,0.1009610040508408,0.3337648724388021
879,Cc1cc(C)cc(NC(=O)c2nnn(-c3ccc(F)cc3)c2C)c1,0,0.800826071300504,0.0136654853195222,-0.8558529,0.0739694824481162,0.15693986032638169
880,Cc1c(C(=O)Nc2ccc3c(c2)NC(=O)C(C)O3)oc2ccc(F)cc12,0,0.73240065502875,0.0137761717207298,2.052113,0.237669093437294,0.31376401939765436
881,Cc1c(C(=O)Nc2ccc3c(c2)NC(=O)CO3)oc2ccc(Br)cc12,0,0.678162118914785,0.0340125899392062,-8.187053,0.0265532904163953,0.2084937433079935
882,COC(=O)c1c(-c2ccc(Cl)cc2)noc1NCc1ccccc1,0,0.696353718181252,0.0042740316668192,-3.2904038,0.0226055724572756,0.1799559138968412
883,CC(=O)n1c2ccccc2c2cc(Br)ccc21,0,0.606839401490495,0.931087125655868,14.586244,0.0623665696365349,0.17259278790585184
884,CC(C)OC(=O)c1cnn2c(C(F)(F)F)cc(-c3ccccc3)nc12,0,0.67133223154934,0.0042479420534223,2.7253442,0.0409471844762909,0.39288177137974517
885,COC(=O)c1c(-c2ccccc2)noc1NCc1ccccc1C,0,0.717981648524182,0.0069213860787985,0.81399,0.0121329144070511,0.19394238332794256
886,O=C(c1ccc(F)cc1)N1CCCC1c1ccco1,0,0.827832149078276,0.0053494363280396,1.8697315,0.124863525110136,0.09172878144198551
887,CCc1ccc(-c2nc3ccccc3c(=O)o2)cc1,0,0.700537015605066,0.161246924724911,1.6114057,0.1025826081845575,0.2740510616670154
888,COc1ccccc1C(=O)N1CCCC1c1ccco1,0,0.860114994231973,0.001454687309585,3.8663907,0.2482663622585691,0.09978772215245596
889,Cc1c(Cl)cccc1-n1ncnc1-c1ccccc1Cl,0,0.695131401760325,0.536760699098953,0.17950559,0.0642792161035183,0.37645050600536767
890,CCCn1c2ccccc2c2ccccc21,0,0.595654381199878,0.995999014451142,11.635777,0.0968626230640388,0.17737600299594264
891,CCc1ccc(NC(=O)CSc2nc3ccc(NC(=O)CCc4ccccc4)cc3s2)cc1,0,0.284439253154343,0.109956277368814,9.62302,0.0090417479545319,0.18708750204504834
892,Cc1ccccc1NC(=O)c1c(-c2ccc(Br)cc2)noc1C,0,0.707079234318153,0.0276266732927101,4.3574023,0.0144297801737424,0.12932457239747752
893,Cc1onc(-c2cccc(Cl)c2)c1C(=O)NCCC(C)C,0,0.905257020095194,0.0019680119824971,-5.143152,0.0174236565951165,0.16507185719019743
894,COC(=O)c1cc2c([nH]c3ccccc32)c(CCc2ccccc2)n1,0,0.568012970027,0.006128973443966,-1.6820709,0.0121689124976606,0.17462769031675102
895,Cc1onc(-c2ccc(F)cc2)c1C(=O)Nc1ccc(F)cc1,0,0.788748993138642,0.0226769770809508,-3.5293224,0.2385834685698985,0.3354483474778975
896,COc1ccc(NC(=O)Cc2ccc(Br)cc2)cc1,0,0.933931493092218,0.102616589168049,6.7605987,0.0550990671486221,0.3014327818670945
897,Cc1onc(-c2c(F)cccc2Cl)c1C(=O)NC(C)(C)C,0,0.912767317195599,0.0029146326257685,-7.6169324,0.0424682256567977,0.2900009336517567
898,O=C(Nc1nc2c(s1)CCCCCC2)NC12CC3CC(CC(C3)C1)C2,0,0.789515917328887,0.153276237774642,18.020332,0.0227114410259552,0.13014089165498785
899,CCC(=O)Nc1ccc(-c2nnc3c4ccccc4c(C)nn23)cc1,0,0.622398851223856,0.000800742689002,-4.089974,0.0306499500680526,0.10526040255069384
900,O=C(NCCO)c1cccnc1Oc1ccc(Cl)cc1,0,0.88648051687964,0.0027233445286954,4.9349236,0.1586726507761276,0.31076236493315507
901,COc1ccc2c(c1OC)C(=O)O[C@@H]2[C@H]1c2c(c(-c3cncc4ccccc34)c3c(c2OC)OCO3)CCN1C,0,0.321020163964692,0.974214807118848,11.730457,0.3296231647888434,0.17360473858254397
902,CCC(C)(C)C1CCC(NC(=O)c2cc3c(s2)CCCCCC3)CC1,0,0.686224585238144,0.426242340771916,2.1462865,0.0910380701246234,0.2470028405592391
903,Cc1nn2c(-c3cccc(NC(=O)c4ccco4)c3)nnc2c2ccccc12,0,0.517468521333549,0.0017310538824438,-9.831359,0.0213868441750623,0.08028177071595076
904,Cc1ccc2[nH]c3c(c2c1)CCNC31C(=O)Nc2ccc(Br)cc21,0,0.556826730995055,0.0189777343547777,2.3020349,0.0348696155290262,0.14600885975501293
905,Clc1nn2c(-c3ccccc3)nnc2c2ccccc12,0,0.534959318873948,0.0800599066076126,-0.62146705,0.0310557569793564,0.201963977068774
906,CC1CCC(OC(=O)CCC(=O)NCC23CC4CC(CC(C4)C2)C3)CC1,0,0.720715827565417,0.0550691294403199,12.378516,0.5284412732954643,0.6326969060787812
907,Cc1ccc(-c2nn3c(C)nnc3c3ccccc23)cc1S(=O)(=O)NCc1ccco1,0,0.45404227681687,0.0106540997226189,0.93960416,0.0251126850006624,0.10953125573714007
908,O=C(NC1CCCC1)c1cncn1-c1cccc(-c2cccc3c2sc2ccccc23)c1,0,0.345156998266867,0.197653876841153,13.699212,0.009012376405711,0.07348046322485094
909,CC1(C)CC(=O)c2c(nc3cc(Cl)ccc3c2N)C1,0,0.798075051757045,0.0144078301476025,-7.944837,0.0393686768925765,0.19408904588248194
910,Cc1nc(-c2ccccc2Cl)sc1C(=O)O,0,0.891595549377947,0.258678834754227,-6.829165,0.8007126304724553,0.550974308120948
911,Cc1ccc(NS(=O)(=O)c2cccc(-c3ccc4nnc(C)n4n3)c2)cc1,0,0.588048492092438,0.004438320071928,-7.703849,0.0627437103257298,0.15936190436944137
912,CCSc1ccccc1C(=O)Nc1nc(-c2ccccn2)cs1,0,0.690773543723331,0.0040214771630976,-5.878143,0.0072843666210705,0.10654694171519878
913,O=C(Cn1c(=O)n(Cc2ccc(Cl)cc2)c(=O)c2cccnc21)Nc1ccccc1F,0,0.51865445857443,0.0030945139116031,-2.2794724,0.0385273348318638,0.38887659257694446
914,c1ccc(-c2nn3c(-c4ccco4)nnc3c3ccccc23)cc1,0,0.489896420742902,0.0080787321180763,-3.723361,0.0097465648345936,0.10521776219525684
915,CCC(=O)Nc1ccc(OCc2nnnn2-c2cccc(C(F)(F)F)c2)cc1,0,0.694266933932795,0.0016363565060541,-3.2889166,0.0470443808997715,0.2514457047076114
916,CCOc1ccc(-c2nn(-c3ccc(F)cc3)c3c2cnc2ccccc23)cc1,0,0.39498011964919,0.0669490922302557,-3.6881022,0.0306933879673357,0.11980845260713871
917,CCOc1ccc(-c2nc3cc(OC)c(OC)cc3c(=O)o2)cc1,0,0.716082076341978,0.0124138880775779,2.4174733,0.1078426207718366,0.4064717447977383
918,Cc1onc(-c2ccccc2)c1C(=O)Nc1c(C)n(C)n(-c2ccccc2)c1=O,0,0.577899672789521,0.406709664859536,-0.27374697,0.4657895056738033,0.15326875542261126
919,CCOC(=O)c1c(C)n(C)c2ccc(OCC(N)=O)cc12,0,0.846329454178284,0.0007879816647228,-6.42504,0.3471810297713972,0.5962860226766187
920,CN(C)S(=O)(=O)N(CC(=O)Nc1cc(Cl)ccc1Oc1ccccc1)c1ccccc1,0,0.541679688815803,0.0040303193973172,10.035179,0.0237078086716776,0.28752421340537326
921,Cn1c(SCc2ccc3c(c2)OCO3)nnc1-c1ccccc1,0,0.687179211773977,0.0031883018036828,-17.162666,0.0071465467825288,0.17836132119806913
922,CCOC(=O)N1CCN(S(=O)(=O)c2ccc(Cl)c(OC)c2)CC1,0,0.816061685990177,0.0028507744154635,-10.374238,0.0417605288616279,0.2575446064162946
923,O=C(Cn1c(=O)n(Cc2ccccc2)c(=O)c2ccccc21)c1ccc(Br)cc1,0,0.43515159376848,0.0057406209628321,-0.2617035,0.0203866163527327,0.2748151347321293
924,O=c1c2ccccc2n(Cc2cccc(F)c2)c(=O)n1Cc1ccccc1Cl,0,0.523788106557823,0.0138871570387806,-6.6569543,0.0401436290605022,0.3930489183201219
925,Fc1ccccc1-c1ccc(SCc2nc(-c3cccs3)no2)nn1,0,0.475095358947943,0.0037097960924132,2.8455634,0.0122388484512976,0.0862858090497731
926,COc1ccccc1-c1cc(C(F)(F)F)n2ncc(C(=O)OCc3ccco3)c2n1,0,0.448830649172211,0.0052308237040478,0.5316502,0.0360552315884215,0.24057070561890437
927,Cc1c(C(=O)Nc2ccc3c(c2)NC(=O)CO3)oc2ccc(F)cc12,0,0.748506597400486,0.0098936791343748,-12.737318,0.2472221462968737,0.2516313511190992
928,Cc1c(C(=O)Nc2ccc3nsnc3c2)oc2ccc(Cl)cc12,0,0.574814260263669,0.0062589665520813,-4.9135323,0.0111819875942555,0.1179906722165758
929,Cc1c(C(=O)Nc2ccc3c(c2)N(C)C(=O)CO3)oc2ccc(Br)cc12,0,0.684047288814488,0.0181690405765833,2.5263782,0.0257318782719305,0.24384164510034564
930,CCN1C(=O)COc2ccc(NC(=O)c3oc4ccc(Cl)cc4c3C)cc21,0,0.726393211673492,0.0047842257316141,-5.7849813,0.0658541569320445,0.3635866587728548
931,O=c1cc(-c2ccccc2)oc2cc(OCc3ccccc3)cc(O)c12,0,0.580546693179859,0.999071230580241,-3.5826178,0.0540069615319253,0.57743499877448
932,NC(=O)COc1cc(O)c2c(=O)cc(-c3ccccc3)oc2c1,0,0.767118452919748,0.995332870562314,0.6606196,0.5968197721229375,0.6425427154932948
933,O=C(COCc1cc(-c2ccc3c(c2)OCO3)on1)Nc1cc(-c2ccccc2Cl)no1,0,0.434281080432359,0.0080346549333638,0.085241914,0.0192303396879989,0.09166886071904941
934,CCOc1ccc(-c2cc(NC(=O)COCc3cc(-c4cccs4)on3)on2)cc1,0,0.417831257281644,0.0082739063334473,-1.0155258,0.0139974306930456,0.0748117836086564
935,CC(C)NC(=O)N1CCCC(c2cccc(C(=O)NCCN3CCCCCC3)c2)C1,0,0.747665559606213,0.961153875874858,-9.0170555,0.0606286684164846,0.3627934723764835
936,Nc1c(-c2nc(-c3ccc4c(c3)OCO4)cs2)nnn1-c1cc(C(F)(F)F)ccc1Cl,0,0.455739860052871,0.0115860166917851,-12.106172,0.0252204106236044,0.09130414062320617
937,O=C(OCc1ccco1)c1cn(-c2cccc(Cl)c2)c(=O)c2ccccc12,0,0.486264076348627,0.0017888399511567,-0.7915105,0.0424128221120205,0.20290014625859665
938,O=c1c2ccccc2nc(SCc2ccccc2F)n1Cc1ccc2c(c1)OCO2,0,0.348783484349547,0.005902559860296,-1.7225692,0.0071393816263615,0.16005760501705316
939,O=c1c2ccccc2nc(SCc2ccccc2Cl)n1Cc1ccc2c(c1)OCO2,0,0.32084042939467,0.0300610576791973,-5.0285916,0.0089308542461546,0.14363029750494521
940,CC(C)CNC(=O)c1cccc(-c2ccc(NCc3ccccc3)nn2)c1,0,0.664400682284535,0.0194710922836479,-10.274447,0.0184463719933159,0.16745971561815093
941,CC(C)NC(=O)c1cccc(-c2ccc(NCc3ccccc3)nn2)c1,0,0.710398864865105,0.0123303477948439,-6.580238,0.0266537054017689,0.1555862202614368
942,O=C(NCCN1CCCCCC1)c1cccc(-c2cc(NC3CCCCC3)ncn2)c1,0,0.689083718532401,0.211598421607279,-6.422984,0.0256820724783401,0.27128038342367455
943,COc1ccc(-c2nc(-c3ccc(-c4csc(C5CC5)n4)cc3)no2)cc1,0,0.466434148799442,0.021938233320886,-13.072228,0.0097162645395159,0.08671417693572726
944,Cn1nc(-c2nc(-c3ccccc3F)no2)c2c1CCN(C(=O)c1ccc(F)cc1)C2,0,0.505113662972509,0.0195256459371909,-14.115925,0.0694752707079798,0.20303434428275285
945,O=C(OCc1ccccn1)c1cn(-c2cccc(F)c2)c(=O)c2ccccc12,0,0.508767693332477,0.0051870746296511,0.5973443,0.0412982651909704,0.3248681169222866
946,CC(=O)N1CCC(Cc2ccc(C(=O)NCC3CCCCC3)cc2)CC1,0,0.872313120842244,0.0391712499928644,-11.167636,0.0512276274158469,0.4286577857037502
947,O=C(c1cccc(OC(F)(F)F)c1)N1CCn2cnnc2C1,0,0.84870328632027,0.0019979424372102,-0.46399045,0.3686500955768375,0.48618200728445193
948,CCN(CC)C(=O)c1nn(-c2ccc(C)cc2)c(=O)n(Cc2ccc(C(F)(F)F)cc2)c1=O,0,0.565991874022926,0.0010356177287596,5.0648713,0.0694436673316748,0.473835478546684
949,Cc1onc(-c2ccccc2)c1C(=O)NC(C)(C)CC(C)(C)C,0,0.897335672147867,0.0039909008123987,-1.9829593,0.0314901483392807,0.20779001902585917
950,CCOc1ccc(NC(=O)CN2C(=O)CN=C(c3ccccc3)c3ccccc32)cc1,0,0.666120204664723,0.0161970433222516,5.5921693,0.2112427338078153,0.1527358421370743
951,O=C(CN1C(=O)CN=C(c2ccccc2)c2cc(Cl)ccc21)NCc1cccc(Cl)c1,0,0.620196150202604,0.127664825691157,8.913465,0.0727839830008476,0.29310710738237494
952,O=C1CN=C(c2ccccc2)c2cc(Cl)ccc2N1Cc1c(F)cccc1Cl,0,0.556949782636163,0.784308573798651,2.1709013,0.3243041637189556,0.3256454477376045
953,COc1cccc(-c2cn3c(n2)sc2cc(C(=O)N4CCN(Cc5ccccc5)CC4)ccc23)c1,0,0.346299282263782,0.116679615342967,-3.4374104,0.0183031432714121,0.07823457528015738
954,COc1ccccc1-n1c(=O)c2c3c(sc2n(Cc2ccccc2Cl)c1=O)CN(C(C)=O)CC3,0,0.43109777514859,0.0073506022442269,2.5221858,0.0389471708632741,0.15595190050219906
955,CN(CCNC(=O)c1cccn1-c1nnc(N2CCCCC2)s1)C1CCCCC1,0,0.75006667589532,0.535940954720481,5.558865,0.031357324601655,0.12788433577621788
956,O=C(OCc1cc(=O)n2c3c(sc2n1)CCCC3)C12C[C@H]3C[C@@H](C1)C[C@@H](C2)C3,0,0.736075244411668,0.0107835714879789,5.9508963,0.0495085971493967,0.23822232602762589
957,CC(C)NC(=O)C1CCC(Cn2c(=O)c3sccc3n(CC(=O)NC3CCCCC3)c2=O)CC1,0,0.625425591029422,0.0243452175680449,-0.013735533,0.0395217594296301,0.12657369043435635
958,Cc1cc2nc(COC(=O)c3ccc(NC(=O)C4CCCCC4)cc3)cc(=O)n2o1,0,0.647445737458673,0.0012189798742967,1.9577795,0.0406764599681671,0.20655248410767565
959,O=C(OCc1cc(=O)n2c3c(sc2n1)CCCC3)c1ccc(NC(=O)C2CCCCC2)cc1,0,0.560142110375899,0.0096987209582573,5.7602553,0.0388335992075935,0.2255423510798757
960,O=C(Nc1cccc(N2CCCS2(=O)=O)c1)C12CC3CC(CC(C3)C1)C2,0,0.881905325288835,0.0013307706514038,-1.2546375,0.0653234060080133,0.16665654889598439
961,CC1CCC(NC(=O)CN2C(=O)CCc3cc(S(=O)(=O)N4CCCCC4)ccc32)CC1,0,0.751983152382849,0.0028707638653646,-8.605149,0.0492244359499483,0.6100229587043545
962,CC1(C)CC(NC(=O)c2[nH]cnc2C(=O)NC2CCCCC2)CC(C)(C)N1,0,0.649714295099474,0.0190538431661454,-2.7617755,0.0563257922826544,0.23307111843403305
963,COc1ccc(NC(C)=O)cc1NC(=O)c1ccc(=O)n(Cc2ccccc2F)c1,0,0.65408149466219,0.0079032261547639,-5.427734,0.084696076577369,0.24883547285647376
964,CC(=O)Nc1cccc(NC(=O)c2ccc(=O)n(Cc3ccc(C(F)(F)F)cc3)c2)c1,0,0.640256840788344,0.0307878604000818,-3.9346638,0.0684834439718219,0.18595520063203927
965,COc1ccc(NC(C)=O)cc1NC(=O)c1cccn(Cc2ccc(C)cc2)c1=O,0,0.657593637369718,0.0157352054794603,-7.1914725,0.0638955465859181,0.18169096049789724
966,CCc1ccccc1NC(=O)c1c(C)oc2ccc(OC)cc12,0,0.768066963761943,0.520396960627324,-7.518015,0.0266701677004576,0.22185951673435608
967,COc1ccc2oc(C)c(C(=O)Nc3c(C)cccc3C)c2c1,0,0.767802436923521,0.434084779572096,5.931289,0.038485003029904,0.36023384676199643
968,COc1ccc2oc(C)c(C(=O)Nc3cccc(C)c3C)c2c1,0,0.767802436923521,0.0644953931853876,0.2958622,0.0322728878971489,0.2623269094254321
969,CCOc1ccccc1NC(=O)c1c(C)oc2ccc(OC)cc12,0,0.755030877907755,0.014817196407963,-3.9443703,0.0242691116640936,0.20839344023443362
970,CCn1nc(C)c2c1c(=O)n(Cc1ccc(F)cc1)c(=O)n2CC(=O)Nc1cccc(OC)c1,0,0.452181611622899,0.0012907484893709,8.05123,0.1817787642866462,0.36005515069926775
971,CCn1nc(C)c2c1c(=O)n(Cc1ccc(F)cc1)c(=O)n2CC(=O)Nc1ccccc1OC,0,0.452181611622899,0.0040361670587332,9.384283,0.120238615515228,0.3478603676466883
972,CCC(Sc1nnc(-c2ccccc2NC(C)=O)c(=O)[nH]1)C(=O)Nc1cccc(OC)c1,0,0.44676470040367,0.0328154887780227,3.181406,0.0479429973209555,0.2252282278906576
973,CCC(Sc1nnc(-c2ccccc2NC(C)=O)c(=O)[nH]1)C(=O)Nc1ccc2c(c1)OCCO2,0,0.438315540439366,0.0695023315867843,-0.46930206,0.063338428529228,0.18214297164958237
974,Cc1cccc(-c2ccc(N3CCCC(C(=O)Nc4ccc5c(c4)OCCO5)C3)nn2)c1,0,0.672247372937863,0.0023131062793682,0.7755927,0.0100840657438041,0.09454340052230646
975,Cc1cc(C)cc(NC(=O)C2CCCN(c3ccc(-c4cccc(C)c4)nn3)C2)c1,0,0.675007427071946,0.01397399989865,7.1800036,0.0104028896026282,0.09566143396083131
976,Cc1cc2c(cc1S(=O)(=O)N1CCCC(C(=O)NC3CCCCC3)C1)OC(C)C(=O)N2,0,0.735115110371235,0.006965826879046,16.096622,0.04351651284088,0.3901457898825896
977,O=C(CCC(=O)N1CCc2cc(S(=O)(=O)NC3CCCCC3)ccc21)N1CCCCCC1,0,0.703705910632139,0.0024937263667179,-5.128706,0.0728128994898705,0.5428346461413125
978,CC1CCN(c2ccc(C(=O)NCc3ccccn3)cc2S(=O)(=O)N2CCC(C)CC2)CC1,0,0.696613723322958,0.0659618220122308,-11.80944,0.0251071187737649,0.1735425543535489
979,CC1CCN(c2ccc(C(=O)NCc3cccs3)cc2S(=O)(=O)N2CCC(C)CC2)CC1,0,0.674980865123661,0.323632882087379,-8.467621,0.0231867514399504,0.11920705253950303
980,COc1ccc(N2CCCS2(=O)=O)cc1NC(=O)C12CC3CC(CC(C3)C1)C2,0,0.834616506244677,0.0044577894209483,4.8568425,0.0359870294768117,0.16943087443011562
981,COc1ccc(OC)c(-c2cc(C(=O)NC(C)C(=O)O)no2)c1,0,0.830493799776401,0.001036412412804,4.6856837,0.7818645050070728,0.597175866196225
982,O=C(O)CCNC(=O)Cn1nc(-c2ccc(F)cc2)ccc1=O,0,0.813467838014367,0.024233798125492,-0.9672888,0.5856971351940544,0.6754117508439789
983,O=C(O)CCNC(=O)Cn1nc(-c2ccc(Cl)cc2)ccc1=O,0,0.824377358170564,0.0219577319797879,0.1040622,0.465939461420601,0.6809319632094196
984,O=C(O)CCNC(=O)Cn1nc(-c2ccccc2)ccc1=O,0,0.808828763019104,0.118500650293773,0.3859843,0.5689165149425507,0.5642296309079403
985,O=C(O)CCNC(=O)Cn1nc(-c2ccc(Br)cc2)ccc1=O,0,0.786046039267719,0.0193284893315597,3.786304,0.1497852310203562,0.653023339968134
986,CSc1ccc(-c2ccc(=O)n(CC(=O)NCCC(=O)O)n2)cc1,0,0.730533208981146,0.0048902048908094,3.2367024,0.2348779559738301,0.518715172561426
987,O=C(Nc1nc2ccc(NC(=O)C34CC5CC(CC(C5)C3)C4)cc2s1)C1CCCCC1,0,0.618897364788788,0.558254606758146,3.501783,0.0199895321593582,0.1277590480256003
988,O=C(COCc1cc(-c2ccc(F)cc2)on1)Nc1cc(-c2cccc(F)c2)no1,0,0.483878008694325,0.0097597321551212,-0.5316787,0.0348306217765697,0.1270275465046227
989,COc1ccc(-c2cn3c(C)c(C(=O)NCCc4ccccc4)sc3n2)cc1,0,0.531533050010575,0.001890514815547,-3.083799,0.0045635624200446,0.0731574948437583
990,COc1cc(-c2cc(NC(=O)COCc3cc(-c4ccc(F)cc4)on3)on2)cc(OC)c1OC,0,0.351797433659719,0.0626513549315654,0.4350816,0.1241398483809976,0.1263537586940769
991,O=C(COCc1cc(-c2cccs2)on1)Nc1cc(-c2cccc(Cl)c2)no1,0,0.462876446949548,0.0045388458601829,0.33501685,0.0105514769889275,0.07066277801184864
992,Brc1cccc(-c2nc3ncccn3c2NCc2ccccc2)c1,0,0.55546976527869,0.0033888646366411,1.5747887,0.0040128196751206,0.2164581489443135
993,CCC(=O)Nc1c(-c2ccccn2)nsc1C(=O)NCC1CC1,0,0.852728865183974,0.0017449869501833,-8.183353,0.0218108193545205,0.08602670597070078
994,O=C(COCc1cc(-c2ccco2)on1)Nc1cc(-c2cccc(Cl)c2)no1,0,0.490798863861701,0.007076209368143,0.4218607,0.0232323335164572,0.08907021460995089
995,Cc1ccn2c(=O)cc(COc3cccc(NC(=O)C45CC6CC(CC(C6)C4)C5)c3)nc2c1,0,0.61840587272283,0.0030129893830176,11.4731455,0.0248183707089993,0.1848377221915917
996,COc1cccc(-c2nnc(SC)o2)c1,0,0.746468117942347,0.043726467735012,-10.328721,0.0243911558018044,0.16892368469237748
997,CCOc1cc(O)c2c(=O)cc(-c3ccccc3)oc2c1,0,0.797517121332174,0.999135128429678,-4.8475056,0.1663898336259216,0.6540342812461061
998,CC1CCC(NC(=O)c2ccc(CNS(=O)(=O)c3ccc4c(c3)C(C)(C)C(=O)N4C)cc2)CC1,0,0.654521993144509,0.0089143836865708,-5.8464503,0.0281568170259585,0.16665000408184363
999,CC(C)OC(=O)c1cnn2c(C(F)(F)F)cc(-c3ccc(Br)cc3)nc12,0,0.565862853181454,0.0118852374285621,7.0310874,0.0471455495274938,0.4660113988081065
1000,O=C(Nc1ccc(Br)cc1)C12CC3CC(C1)CC(n1cncn1)(C3)C2,0,0.846776899739251,0.0040307549682342,0.35111558,0.0205176406109959,0.12627214516232757
1001,CCOC(=O)C1=C(C)N(C2CCCCC2)C(=O)C1(NC(=O)CCC1CCCCC1)C(F)(F)F,0,0.541538080198117,0.0133933626671639,2.9612947,0.3305885457425396,0.6012590700731304
1002,CN(C(=O)Cn1nnc2sc3c(c2c1=O)CCC(C(C)(C)C)C3)C1CCCCC1,0,0.763272073882328,0.0017447660157544,2.5152836,0.015694963501212,0.2812635531563195
1003,CC1(C(=O)NC2CCCCCCC2)Cn2c(cc3sccc32)C(=O)N1CC1CCCO1,0,0.765211708388423,0.0028372274143071,8.890847,0.0145476084418433,0.08133110927790209
1004,Cc1ccc(CNC(=O)C2CCN(c3cc(C)nc4cc(-c5ccc(F)cc5)nn34)CC2)cc1,0,0.47254556205397,0.0693962615149893,-14.29747,0.0293108282948267,0.09348084539956068
1005,O=C(NC1CCN(c2cc(-c3ccc(Cl)cc3)n[nH]2)CC1)c1cccnc1,0,0.724693516432731,0.008466374225078,-15.542045,0.0208583857887734,0.12050091990688763
1006,Cc1ccc(C(=O)NCC2CCOCC2)cn1,0,0.862863628528684,0.0189449801133597,-5.3015246,0.0384697362301639,0.14992706466390174
1007,COc1ccc(C(=O)NCC2(C)CCOCC2)cn1,0,0.897711317280649,0.0055487297474934,-2.8193793,0.0300306082735725,0.15414908416428563
1008,Cc1ccc(NC(=O)N(C)CC2CCOCC2)cc1C,0,0.920833789245343,0.0066558639583427,-9.21127,0.0899095125406297,0.30150488549390964
1009,COc1ccc(C(=O)NCCc2noc(C3CC3)n2)cn1,0,0.86188164769745,0.0033701018787152,-18.070328,0.0194781263899777,0.06895952358901183
1010,O=C(c1cccc(F)c1)N1CCCC1c1nc(C2CCOCC2)no1,0,0.855013881987343,0.0017202722445972,-16.168936,0.0369724810400033,0.10364255567001242
1011,Cc1cn2nc(C(=O)NC(C)CCc3ccccc3)cc2c(N2CCCC2)n1,0,0.71523439381647,0.01903277199855,-1.7496665,0.0242432614037596,0.07600996795375434
1012,CCN(C(=O)Cn1c(C)cc2nc3n(c(=O)c21)CCCCC3)c1cccc(C)c1,0,0.681652768759317,0.0026313371093355,12.2721815,0.0281462249791395,0.15969968900351234
1013,COc1ccc(C(=O)N[C@@H]2CCC[C@@H]2C(=O)NCc2ccc(C)o2)cn1,0,0.826648429713131,0.002429845922156,-11.119917,0.0182268378870284,0.07568903393364862
1014,COc1ccc(C(=O)N[C@@H]2CCC[C@@H]2C(=O)NCCC(C)C)cn1,0,0.801084512266036,0.0023423917228223,-21.983337,0.0176239538649232,0.09407925994816871
1015,CCOC(=O)CSc1nc2c(c(=O)n1CC1CCCCC1)C1(CCCC1)Cc1ccccc1-2,0,0.318943584431567,0.0317680581189303,8.896573,0.0280076877305186,0.11947352763879163
1016,CC1=C(C(=O)Nc2ccc(Cl)cc2)C2(CCCCC2)OC1=O,0,0.842214579679377,0.0569032309388029,-1.6608548,0.2327883946351562,0.5824546866558283
1017,CC1=C(C(=O)Nc2ccc(Br)c(C)c2)C2(CCC(C)CC2)OC1=O,0,0.753465768468709,0.0107833180257379,-0.27519667,0.1055774306178075,0.43060840546063855
1018,CC1=C(C(=O)Nc2cc(C)cc(C)c2)C2(CCN(Cc3ccccc3)CC2)OC1=O,0,0.778052798080253,0.0065838604724099,3.1132398,0.0760106346783101,0.3941885036253745
1019,CCCN(C(=O)c1cccc(NC(=O)[C@H]2[C@@H]3C[C@@H]4[C@H]2C(=O)O[C@@H]4C3)c1)c1ccccc1F,0,0.694379206895341,0.003464190293604,4.0619254,0.0932204554226879,0.17692814945957955
1020,N#Cc1ccccc1S(=O)(=O)N1CCC(Oc2ccc(-n3cnnn3)cc2)CC1,0,0.629518898665712,0.0011017548716945,-9.702493,0.0034872474988374,0.06360345413220389
1021,CCS(=O)(=O)N1CCC(Oc2ccc(-n3cnnn3)cc2)CC1,0,0.803487173592664,0.000654145189176,-9.222025,0.0304490853378885,0.15242611885421703
1022,COc1cc(Nc2ncc3c(n2)CCN(Cc2ccccc2)C3)cc(OC)c1,0,0.706223717678925,0.007043795548368,3.3962264,0.0260844941144038,0.21367999536208285
1023,COc1ccc(OC)c(Nc2ncc3c(n2)CCN(Cc2ccccc2)C3)c1,0,0.706223717678925,0.0018838729607231,-2.939918,0.0284566333082402,0.22420238913435503
1024,Cc1ccc(C2CCCN2C(=O)c2cnn3c(C(F)F)cc(C4CC4)nc23)cc1,0,0.634699725686621,0.0190850915463764,-2.9984012,0.0331284220602424,0.07297584209815725
1025,Cc1cc(C2CCCN2C(=O)c2cccc(C(F)(F)F)c2)no1,0,0.839275070928277,0.0053285300518057,-11.341466,0.0280895226655207,0.14021072704482673
1026,COc1cccc(OC)c1C(=O)N1CCCC1c1cc(C)on1,0,0.86738173701823,0.0022744845556215,-4.397331,0.042586250085025,0.11793916582713013
1027,COc1cccc(OC)c1C(=O)N1CCCC1c1cc(C(C)C)on1,0,0.825457402274218,0.0018092130161527,-10.625915,0.0280755205307003,0.1300878991688025
1028,O=C(NC1CCCCCC1)c1cccc(C2CCCN(C(=O)Nc3ccccc3)C2)c1,0,0.638323808033092,0.0659208042302191,-0.5221226,0.0237896528538256,0.17317168220560225
1029,Cn1nc(-c2nc(-c3ccccc3)no2)c2c1CCN(C(=O)c1ccccc1)C2,0,0.540572649912241,0.0275289920259781,-17.174711,0.0189497557484222,0.11313675366580025
1030,CCOc1ccc(C(=O)N2CCc3c(c(-c4nnc(-c5ccccc5F)o4)nn3C)C2)cc1,0,0.46166085363168,0.0126501598335459,-4.1737723,0.0700323376275056,0.1106129802823883
1031,CC(=O)Nc1cccc(N2CC(C(=O)Nc3ccc(Cl)c(C(F)(F)F)c3)CC2=O)c1,0,0.744813004766708,0.0151167248320638,-7.064401,0.141040439452651,0.450148970898529
1032,CCNC(=O)N1CCCC(c2cccc(C(=O)NCC3CCCCC3)c2)C1,0,0.8243616810485,0.0279841793022717,-6.3550997,0.0388319836945733,0.285423285251522
1033,CC(C)NC(=O)N1CCCC(c2cccc(C(=O)NCC3CCCCC3)c2)C1,0,0.793986360603921,0.168057740606526,-8.080987,0.0418046638312343,0.26889212963772596
1034,O=C(Nc1cccc(N2CC(C(=O)Nc3cccc(C(F)(F)F)c3)CC2=O)c1)C1CCC1,0,0.714592635991312,0.006468403012323,-8.10985,0.0594779861336565,0.21042456044748697
1035,Cn1nc(-c2nc(-c3ccccc3F)no2)c2c1CCN(C(=O)c1ccc(F)c(F)c1)C2,0,0.48601527552041,0.0448885268184731,-14.583779,0.0621383757377307,0.19612994530942535
1036,O=C(c1ccc(F)c(F)c1)N1CCc2nc(-c3ccc(Cl)cc3)ncc2C1,0,0.661332042548823,0.0523042453012548,-10.860393,0.0274178175579157,0.314653243891122
1037,O=C(c1ccccc1Cl)N1CCc2nc(-c3ccc(F)cc3)ncc2C1,0,0.683658466210874,0.0565040268786712,-5.621794,0.0245258463204667,0.3517157089831845
1038,O=C(c1ccc(F)cc1)N1CCc2nc(-c3ccccc3)ncc2C1,0,0.721171821604671,0.0290265976299679,-10.341729,0.0242963206466125,0.14355490680850133
1039,CC(C)c1ccc(C(=O)N2CCCC(COc3cccc(C(=O)NC4CC4)c3)C2)cc1,0,0.710271532030115,0.0066213723305334,-11.943941,0.0245080429764547,0.3848389163440097
1040,Cc1ccc(C(=O)N2CCc3sc(C(=O)NCc4ccccc4F)cc3C2)cc1,0,0.698840148194793,0.0089770579125224,-11.397059,0.0062938573157927,0.09618039252372877
1041,O=C(c1ccc(OC2CCN(C(=O)c3ccoc3)CC2)nc1)N1CCOCC1,0,0.798323086278255,0.0031556501002903,-2.246159,0.0387325399378573,0.24676391072186504
1042,COc1ccc(C(=O)N2CCC(c3noc(N)c3C(C)C)CC2)cn1,0,0.916276222449461,0.0049772439188658,0.80841863,0.0189242443731743,0.16410252971625425
1043,Cc1cc(N)n(-c2ccccc2Cl)n1,0,0.780686574796153,0.100533367957053,-2.0455513,0.1140343370474987,0.13000319205267968
1044,COc1cc(=O)n2c(c1C(=O)Nc1cccc(C(C)C)c1)CCCC2,0,0.925460923301362,0.0008005544568852,-13.838332,0.0512601228257278,0.14515601856731428
1045,COc1ccc(C(=O)N[C@@H]2CCC[C@@H]2C(=O)N2CCOCC2)cn1,0,0.883328602875278,0.0009156911866512,-24.76933,0.0202385178615386,0.08669922836343709
1046,COc1ccc(C(=O)N[C@@H]2CCC[C@@H]2C(=O)NCC(C)C)cn1,0,0.837100139675312,0.0015353987514303,-22.12267,0.0195307910497757,0.08760319057071735
1047,COc1ccc(C(=O)NC2CCN(c3cnn(Cc4ccccc4)c(=O)c3)CC2)cn1,0,0.658216897761611,0.0019228700843101,-10.557152,0.017466416380669,0.12922697116923443
1048,CCc1cccc(NC(=O)N(C)CC2CCOCC2)c1,0,0.917596444075153,0.0012424566855677,-2.9369123,0.0943710985513181,0.37592216971227943
1049,Cc1cc(NC(=O)N(C)CC2CCOC2)ccc1Br,0,0.925809618116745,0.0007182297011705,-13.395991,0.0259283597962097,0.19422289581792912
1050,COCc1nc(CCNC(=O)c2ccc(OC)nc2)no1,0,0.796887335038251,0.0010293923009809,-9.973693,0.0257563475694208,0.16246237154462004
1051,Cc1ccc(C(=O)NCCc2noc(-c3cccnc3)n2)cn1,0,0.772182629742727,0.0118535634589572,-10.3591585,0.0201658137106839,0.14206589354114657
1052,O=C(CCc1nc2ccccc2[nH]1)N1CCCC(Cc2noc(-c3ccccc3)n2)C1,0,0.513712835785954,0.0035884109996053,-7.9146314,0.0193443607577207,0.11891619638801235
1053,Cn1nc(C2CCNCC2)n(Cc2ccccc2)c1=O,0,0.909982673408636,0.180075637942078,-8.793063,0.3349617589516467,0.14248071062841453
1054,Cc1cccc(-c2noc(CCC(=O)NCCc3noc(-c4cccnc4)n3)n2)c1,0,0.475942203021743,0.0201047323280583,-2.486012,0.0162928895687713,0.14217875390878995
1055,Cc1cnc(C2CCNC2)n1C(C)C,0,0.776514731050052,0.648669223227036,-11.34632,0.0105697868631388,0.12508140825858635
1056,COc1ccc(C(=O)N2CC[C@H](CO)[C@H](N(C)C)C2)cn1,0,0.874227522527827,0.002248529236686,-18.452204,0.0432518396732224,0.1789360028713506
1057,COc1ccc(C(=O)NCCc2ncc(C)n2CC2CC2)cn1,0,0.848225040133052,0.0046443525649256,-0.07348955,0.0161728742884221,0.07583824953675294
1058,COc1ccc(C(=O)NCCc2ncc(C)n2Cc2ccccc2)cn1,0,0.711112573188903,0.0031335149971395,-6.4274983,0.0257443411988681,0.1568068198491286
1059,Cc1ccc(C(=O)N2CCc3sc(C(=O)O)cc3C2)cc1,0,0.927505931757682,0.0037389461427705,-14.43764,0.138915054786177,0.39453331192147695
1060,CN1CCC(Cc2ccc(C(=O)NCC3CCCCC3)cc2)CC1,0,0.889406807649568,0.157095479289394,2.6850677,0.2841844424425134,0.6733402708723976
1061,Cc1ncc(C(=O)Nc2ccccc2)c(C2CCN(C(=O)C3CC3)CC2)n1,0,0.90421232219873,0.002170970767904,-7.4126077,0.0462249537567421,0.07571643488314983
1062,C=C(c1ccc(C)cc1)n1c(=O)[nH]c2ccccc21,0,0.745022891356627,0.0561572537790863,-0.4628619,0.6083380927652976,0.20956356377487953
1063,CSc1ncc(C(=O)NC(C)(C)C)c(-c2ccccc2)n1,0,0.697165579622495,0.0210132751477506,-10.941187,0.0484820348482871,0.2369422422469724
1064,Cc1ccc(Cn2c(CCCC(=O)NC3CCCCCCC3)nc3cccnc32)cc1,0,0.563317064797483,0.0372586980016571,2.0290818,0.0154822382936238,0.13746097154782427
1065,O=C(O)Cn1nc(-c2ccccc2)cc1-c1ccccc1,0,0.796278897281298,0.686070281104846,8.326877,0.8106355131537047,0.5909061869802245
1066,O=C1CN=C(c2ccccc2Cl)c2cc(Cl)ccc2N1Cc1cccc(Cl)c1,0,0.500035440843286,0.85338665821664,8.401891,0.305240777253299,0.3958903340360095
1067,CCCc1ccc(C(C)=O)cc1,0,0.624456269460722,0.828162801690696,8.811536,0.0013808729016599,0.2612633957215257
1068,CN(C)c1ccc(C(=O)c2ccccc2)cc1,0,0.748374578055136,0.991497768015424,-2.0382562,0.3257935989299189,0.39888176558538396
1069,COc1cccc(NC(C)=O)c1,0,0.723212925600862,0.99884250412929,2.3103623,0.0190039771406347,0.12569428345160855
1070,COc1cccc(OC)c1OC,0,0.687262559045866,0.994802870738745,15.76757,0.0096777353324663,0.1962721092205205
1071,Brc1ccc(-c2cn3ccsc3n2)cc1,0,0.661481933569501,0.559197695443585,-2.9521432,0.0754551800710592,0.10697853805331936
1072,COc1ccc(OC)c(CN)c1,0,0.73434703910252,0.986935561393214,11.295476,0.004809282985471,0.11141476580847014
1073,CSc1nnc(-c2ccccc2Cl)o1,0,0.737998594531064,0.705518708468069,-2.469258,0.0360765880041108,0.13387951990770644
1074,COC(=O)C(Cc1ccccc1)NC(=O)c1ccc(C)cc1,0,0.862774899094497,0.704596210638998,-7.377458,0.0915949325022843,0.2982259206326857
1075,O=C(c1cccc(Cl)c1)N1CCc2ccccc2C1,0,0.776871533890851,0.075771562660235,-3.3421574,0.158607717553937,0.4277487471111174
1076,Cc1sc(N)nc1-c1ccccc1OC(F)F,0,0.916121362912876,0.0233739059071576,-7.1084576,0.0455878255097236,0.3570468219421425
1077,COC(=O)c1cc(-c2ccc(Cl)cc2)no1,0,0.753963191094971,0.508988523608417,6.8332486,0.0626810997450416,0.35657578097294096
1078,CC(=O)c1c(C)oc2ccc(OCc3ccccc3)cc12,0,0.659364168771416,0.310154516650554,-3.8093896,0.1047639381613795,0.3035123390454566
1079,Oc1nc(-c2ccc(Cl)cc2)c2ccccc2n1,0,0.722769781789418,0.997680096182937,-2.35217,0.7830485156511838,0.5807997349385918
1080,COc1ccc2oc(C(=O)c3ccc(Cl)cc3)c(N)c2c1,0,0.74491051350531,0.12539262772629,6.065247,0.0513636709452676,0.34806377540592515
1081,COC(=O)c1cc(-c2ccc(F)cc2)on1,0,0.729704457478691,0.2887188405118,5.1306133,0.0512778982976655,0.2838614434565313
1082,Cc1nn2c(-c3ccc(NC(=O)c4ccccc4)cc3)nnc2c2ccccc12,0,0.500742966590028,0.00753902656946,-3.6959143,0.0258953313788715,0.09285146432651667
1083,Cc1nn2c(-c3ccc(NC(=O)c4ccccc4Cl)cc3)nnc2c2ccccc12,0,0.443177766545787,0.110248004651451,-2.9342327,0.0360732703352976,0.09371046492965378
1084,Cc1ccccc1C(=O)Nc1ccc(-c2nnc3c4ccccc4c(C)nn23)cc1,0,0.47725180539052,0.0336969852506182,-6.7262497,0.029575768488809,0.09582552991734405
1085,COc1ccc(-c2ccc(-c3noc(C4CCCCC4)n3)c(OC)n2)cc1,0,0.642711929443441,0.019350907398471,-4.0813146,0.010853875272892,0.16369737366801623
1086,Cc1sc(N)nc1-c1ccc(Cl)cc1,0,0.806980034123597,0.996952296638816,3.8094897,0.0360685399628485,0.14267592139617813
1087,CC(=O)OCCn1nc(-c2ccccc2)c2ccccc2c1=O,0,0.69516186547525,0.0026537647668295,-2.701469,0.1020827845406297,0.1847328256576534
1088,Cc1cccc2c(CCN)c[nH]c12,0,0.717809077329203,0.991712157395333,1.9699756,0.0110342271861368,0.2938557735187339
1089,CCCc1cc2c(cc1NC(=O)C13CC4CC(CC(C4)C1)C3)OCO2,0,0.875535908858412,0.0296153180915738,10.598524,0.0779153147348793,0.5933769870610934
1090,OCc1ccc(-c2ccc(F)c(Cl)c2)o1,0,0.853012386935993,0.316869076053648,4.27564,0.187268961935031,0.24256089501720965
1091,COc1ccccc1-n1ccnc1,0,0.694652962323682,0.398642983220922,-0.5440326,0.0094730567435702,0.1570944568066004
1092,COc1ccc2oc(C(=O)O)cc2c1,0,0.791327430735961,0.98759735785381,1.385029,0.2182563576467553,0.4199492308790941
1093,O=C(O)Cc1csc(-c2cccnc2)n1,0,0.85670391793079,0.628358413824569,-10.847468,0.3808793452402912,0.5212226104527325
1094,Cn1nc(-c2ccc(F)cc2)cc1N,0,0.746589152983213,0.982461182649048,4.990639,0.0565678832068374,0.1890132962309865
1095,Cc1nc2ncccn2c1-c1csc(N)n1,0,0.692278314518478,0.0069213185082263,-6.7702246,0.0182052182230746,0.10074145683846829
1096,Oc1ccccc1C1CCNCC1,0,0.685907621656123,0.993753041881388,16.948425,0.0900893013104992,0.25189610115210403
1097,COCc1n[nH]c(N)c1-c1cccc(Cl)c1,0,0.862030925108496,0.0029032851892795,-9.094393,0.0646954692904128,0.2758421332555275
1098,CSc1ccc(C)cc1O,0,0.62676631714392,0.997084109612518,13.770369,0.0259219868355842,0.15720359792558586
1099,O=C(O)CC(CC(=O)O)c1ccccn1,0,0.758058337692639,0.998913983152669,-9.498154,0.2256006032098568,0.3579089367793705
1100,N#Cc1ccccc1-c1ccc(C(=O)O)o1,0,0.831145443081702,0.0789656310489301,5.2834435,0.6362314851480635,0.09749652566480736
1101,Cn1cnnc1-c1ccncc1,0,0.621505545873773,0.775872171434925,-8.265207,0.0453230388534495,0.2163138286726849
1102,COc1ccc(-c2cc(N)[nH]n2)cc1OC,0,0.8232042402424,0.758731374309372,-5.7228484,0.0742783302974208,0.2372398595839101
1103,CCOc1cc(CN)ccc1O,0,0.71191887702391,0.990337578879227,13.6494,0.009908423211577,0.2245047360550645
1104,O=C(O)Cn1ccc(-c2ccccc2)n1,0,0.822584605544286,0.65801384730008,-9.914948,0.8283729245229576,0.5545697656855092
1105,COc1ccc(-c2ccc(=O)n(Cc3ccccc3)n2)cc1,0,0.742306976689689,0.0207653073046862,-0.3482846,0.0150318804812256,0.12219683179457175
1106,CCn1c(=O)[nH]c2ccccc2c1=O,0,0.719566299075559,0.465912252842701,14.994662,0.3288775513519957,0.3060220053793492
1107,CCCNC(=O)c1cc(-c2ccc(OC)cc2)on1,0,0.896623341081889,0.0024091304316893,7.7689433,0.0458451067274292,0.13575112638007822
1108,Nc1nc(-c2cccs2)cc(C(F)(F)F)n1,0,0.840009829263377,0.0148302087472986,8.171504,0.4339005943013749,0.2362010445134352
1109,CCOC(=O)c1nnc(-c2cccc(Cl)c2)o1,0,0.785721137909347,0.0092646139771099,-12.93839,0.0476610216750849,0.34860710990449084
1110,Cc1ccccc1-c1nnc(-c2cccc(Cl)c2)o1,0,0.694167464492445,0.127173963697561,-2.6207237,0.0387982008812157,0.2850783507357618
1111,CC(C)(C)C(=O)Nc1ccccc1C(=O)c1cccc(Cl)c1,0,0.844170059244371,0.514606943763093,-5.4283504,0.2302285205585223,0.5745099819400465
1112,COc1ccc(-c2nc3ccc(Cl)cc3c(=O)o2)cc1,0,0.723502344945409,0.0314520883391773,-7.0883536,0.0725455846101683,0.4165485484617508
1113,Cc1cccc(-c2nn3c(C)nnc3s2)c1,0,0.644660268584942,0.124784029888637,-15.789571,0.0307064803753572,0.3787565083362071
1114,COc1ccccc1CC1C(=O)N(C)c2ccc(Br)cc21,0,0.846998832056548,0.0035795891689385,-10.642552,0.0327125122832252,0.3435615912937813
1115,N#Cc1ccc(-c2ccco2)nc1SCC(N)=O,0,0.844748752534036,0.0015120390403298,-9.298329,0.0667445434901062,0.07698850672478427
1116,CC(C)C(=O)NCC(c1ccccc1Cl)c1c[nH]c2ccccc12,0,0.692812554167531,0.0347176873528957,-10.958778,0.028544650211521,0.2990931699223563
1117,O=C(c1ccccc1F)N1CCCC1c1cccs1,0,0.814550553040946,0.0018924634611262,-1.2252249,0.098491738998286,0.10226587661780613
1118,O=C(c1ccccc1F)N1CCCC1c1ccco1,0,0.827832149078276,0.001820328257984,-0.60488474,0.1282089603658785,0.0788443011163544
1119,O=C(c1ccc(-c2ccccc2)cc1)N1CCCC1c1ccco1,0,0.686462601674073,0.0530326517371909,3.9630132,0.0385192665125084,0.09803840895100162
1120,Cc1ccc2c(C)c(C(=O)Nc3ccc4c(c3)NC(=O)C(C)O4)oc2c1,0,0.731343944592868,0.005751189416941,6.3821073,0.0645070514295182,0.2554585944112353
1121,Cc1c(C(=O)Nc2ccc3c(c2)NC(=O)C(C)O3)oc2cc(Br)ccc12,0,0.647200446523679,0.0284269559294256,4.7451267,0.0489165759818676,0.28018710228694255
1122,Cc1noc(N)c1-c1ccc(Cl)cc1,0,0.784178286839641,0.999029983743624,-2.649457,0.0515372841316449,0.11713186179787653
1123,CC(C)NC(=O)c1cccc(-n2cnc3cccnc32)c1,0,0.801778038837599,0.003378840446431,-3.2236688,0.3257810110320431,0.179919485587059
1124,NCc1ccc2[nH]ccc2c1,0,0.63039903868629,0.945001476431225,12.215123,0.037175937161043,0.15433609528064543
1125,Cc1ccc(C2(O)CCNCC2)cc1,0,0.705858809981837,0.996384697365751,17.42455,0.296692495326916,0.22756774916596015
1126,Cc1cccc(C2(O)CCNCC2)c1,0,0.705858809981837,0.288813131937033,18.17029,0.1987070939118795,0.23610669414122123
1127,CS(=O)(=O)N1CC(C(=O)Nc2cc(Cl)ccc2Oc2ccccc2)Oc2ccccc21,0,0.615832965109185,0.0022814092988136,-5.426803,0.0471153942891708,0.2838340435558268
1128,Cc1ccc(-c2nc3ccc(Cl)cc3nc2-c2ccc(C)cc2)cc1,0,0.430192545380368,0.947798065819138,9.061057,0.3834279892110832,0.35282609550100696
1129,CCn1cnc2c(-c3cccc(Cl)c3)csc2c1=O,0,0.71940562847637,0.0064036163235401,-3.6193194,0.0382032191378723,0.25517488628060525
1130,CCCCN(CC)C(=O)c1ccc(-c2cccc(F)c2)nc1,0,0.802640550380364,0.0017854268446455,-10.36551,0.0454208032255408,0.31270318149698306
1131,COC(=O)c1cc(OCc2ccccc2)c2ccccc2n1,0,0.68956494696176,0.0066857320502449,-0.11266482,0.073609560537849,0.24974671783371666
1132,COC(=O)c1ncoc1-c1ccccc1C(=O)NC(C)c1ccccc1,0,0.710885852598873,0.0011979605970719,-7.2723823,0.0472678988125795,0.258807054843235
1133,CCOc1ccc(-c2csc(C)n2)cc1S(=O)(=O)N1CCCC1,0,0.828286724877592,0.0007529632202155,6.7150407,0.0285932507576242,0.10819897284111704
1134,CC(C)C(=O)NCc1cccnc1-c1ccc(F)cc1,0,0.92856272534309,0.0269173502365356,-8.294167,0.046273623176882,0.5245237074368696
1135,O=C(NC1CCCCC1)c1ccc(-c2ccsc2)nc1,0,0.930236525336624,0.0175338572150085,-1.4226682,0.0074300919333524,0.11006803308947974
1136,CC(C)CCNC(=O)c1ccc(-c2ccsc2)nc1,0,0.905047345702701,0.0086002772266949,-6.4120617,0.020288726057499,0.0923501936984201
1137,O=C(NC1CCCCC1)c1ccc(-c2cccnc2)nc1,0,0.939550315367485,0.0171032953253108,-1.0787103,0.0205077431154956,0.2304203368073317
1138,O=C(NC1CCCC1)c1ccc(-c2cccs2)nc1,0,0.929069950887018,0.0083195791286297,3.6217198,0.0125411606665011,0.09178908213286839
1139,CC(C)CNC(=O)c1ccc(-c2cccs2)nc1,0,0.916918022183338,0.0084558897173327,-9.122995,0.0241668710078647,0.0964295253203167
1140,Cc1cc(C)n(-c2ccc(C(=O)NC3CCCC3)cn2)n1,0,0.9419632570594,0.00200277449373,-7.322796,0.0230859743895917,0.06392324275340777
1141,COC(=O)c1c(-c2ccccc2)csc1N,0,0.811343705265719,0.934222551627483,2.0325532,0.1238821225363254,0.43963055263722933
1142,COc1cc(C(C)=O)cc(OC)c1OC,0,0.711988244924854,0.997048995748666,11.908514,0.0556602867040829,0.15804466743769985
1143,COc1ccc(Br)c(C(=O)O)c1,0,0.847620452934437,0.998778504225604,-1.6155844,0.0065726739322564,0.1604091150492844
1144,CCS(=O)(=O)N(C)Cc1cccnc1OC,0,0.770895223382035,0.0317621187296803,10.352343,0.0429615616376778,0.20142895850765807
1145,c1cc(-c2noc(C3CC3)n2)ccc1OC1CNC1,0,0.906935013784802,0.0060725871994575,-15.1398325,0.0383008186844835,0.09301450599185716
1146,CC(C)(C)c1ccc2oc(-c3ccc(F)cc3F)nc2c1,0,0.624167973647503,0.147729237881158,-4.768567,0.0554540482230186,0.23276905892999414
1147,Cc1ccccc1-n1c(SCc2ccccc2)nnc1-c1ccccc1F,0,0.420882302113385,0.30296482964162,7.1769757,0.0155628979302034,0.23578893466228382
1148,Cc1ccccc1-c1nnc(SCc2ccccc2)n1-c1ccccc1,0,0.439704299191832,0.565884005838964,-2.8509636,0.0121340596312806,0.15492052108612595
1149,Cc1ccccc1-c1cncc(C(=O)NCCC(C)C)c1,0,0.905153707432823,0.0411227809644121,-5.8783083,0.0244871833787674,0.43573555444355677
1150,COc1ccc(-c2cc(C(=O)NC(C)C)n(C)n2)c(F)c1,0,0.940604274143833,0.0007893927509716,-4.683144,0.0458069036131801,0.2625208157680011
1151,COc1ccc2nc(SC)nc(C)c2c1,0,0.575459615232357,0.291324755632311,3.7288084,0.0344120474584634,0.29210584284243774
1152,Clc1ccccc1-c1ccnc2ncnn12,0,0.64499596873284,0.390931905394092,1.7973412,0.2491097978788644,0.41485887025321055
1153,Cc1nc2nccc(-c3cccnc3)n2n1,0,0.611622670738194,0.133628278016986,-0.85703343,0.0709947680630225,0.18899790515656079
1154,N#Cc1cnn(-c2cccc(F)c2)c1N,0,0.760769239416087,0.0065494512451375,-1.8083225,0.0382184048387842,0.0737808843615417
1155,COc1ccc(S(=O)(=O)N2CCCC2)cc1,0,0.804950340384719,0.214948488128106,10.985379,0.0727000816413131,0.13040520441461825
1156,COc1ccc(C(=O)N2CCc3ccccc3C2)cc1,0,0.837011729956438,0.551683610827634,-3.4637027,0.0745631903826536,0.44083800859228717
1157,CCCNC(=O)c1ccccc1Br,0,0.866642287462142,0.193520283060196,6.1479697,0.0011952427908673,0.3024239673806409
1158,CC(C)C(=O)N(C)c1ccccc1,0,0.678445131112435,0.998167032173946,-6.3756323,0.008201565576956,0.23488774079940106
1159,Cc1nc(-c2ccncc2)sc1C(=O)O,0,0.842345065178336,0.228708685900832,2.0681124,0.2670771196655251,0.4440995638430506
1160,O=c1ccc(-c2ccccc2F)n[nH]1,0,0.741482406315273,0.979352949118539,3.4199862,0.6107647822730334,0.35689397593261213
1161,Cc1nc2ccc(F)cc2c(=O)n1CC(=O)O,0,0.841377458354319,0.0214900853874462,-7.806291,0.3864667131726807,0.7710232600610848
1162,Cc1nc(C(=O)O)c(-c2ccc(F)cc2)s1,0,0.873131018536579,0.886963514078202,-0.8430314,0.2919289868451564,0.6553823049831251
1163,Nc1nc(C(=O)O)c(-c2cccc(F)c2)s1,0,0.84067159561254,0.0853337842095059,-3.9625793,0.7003359372286636,0.5393170618389578
1164,Nc1c(C(=O)O)cnn1-c1ccc(F)cc1F,0,0.830141923690899,0.979575907973567,-15.96193,0.8594556016233668,0.7952913513709994
1165,Cc1nn(-c2cccc(F)c2)c(N)c1C#N,0,0.789448655952006,0.0310491990436615,-14.497802,0.0175082532723682,0.07766090029631074
1166,Cc1nn(-c2ccc(Cl)cc2)c(N)c1C#N,0,0.820338271398749,0.948848089278689,-6.716679,0.0169242850859617,0.07174283769997407
1167,CNC(=O)c1cc(-c2ccc(F)cc2)n(C)c1C,0,0.867548533102137,0.132557290402647,-2.9297466,0.2334562312789332,0.6148103392783053
1168,CNC(=O)c1ccc(-c2cccc(OC)c2)o1,0,0.881453538825363,0.0708711998585287,4.0528665,0.0881538100282003,0.3168040533472055
1169,Cc1nc(-c2cccc(F)c2)sc1C(=O)NC(C)C,0,0.934659144855951,0.0021198589728213,-11.151671,0.0255019575003001,0.33385419783111525
1170,CNC(=O)C1(c2cccc(F)c2)CC1,0,0.759089506259846,0.058764501789422,-6.035542,0.0597315643025528,0.1460975892749224
1171,COc1ccc(Br)c(-c2nnc(C)o2)c1,0,0.84061276124375,0.195636109516599,-3.9462533,0.0317158975763708,0.19738060075022398
1172,Cc1nnc(-c2ccccc2F)o1,0,0.671361150318064,0.138281507341087,3.2432976,0.0218019023175882,0.12357584665259536
1173,Cc1nnc(-c2ccc(F)cc2)o1,0,0.671361150318064,0.166377514621409,-4.377227,0.0216995672016126,0.23304277393051284
1174,CCc1nnc(-c2ccc(F)cc2)o1,0,0.733066973007163,0.36784166524182,-9.485036,0.0333788230173141,0.19397127006908915
1175,Cc1ccc(-c2nnc(N)s2)cc1,0,0.750547970310438,0.951013132108726,3.35082,0.0274683865878965,0.19749529850466752
1176,Nc1nc2ccc(F)cc2s1,0,0.653164043651776,0.989381478738821,10.892041,0.1338014716947776,0.17103959315339137
1177,O=c1[nH][nH]c(=O)n1-c1cccc(Cl)c1,0,0.721556072504226,0.999350716018741,-0.74415874,0.9368329888010396,0.6658009423373425
1178,Cc1c(Cc2ccccc2)c(O)nc2[nH]c(=O)sc12,0,0.753237657920941,0.0104292489775534,5.963919,0.127879385053428,0.44360280194070556
1179,Nc1nc2cc(Cl)ccc2s1,0,0.683602031328969,0.994950401553888,13.326923,0.0792636831793455,0.13979103457948644
1180,c1cncc(-c2nnco2)c1,0,0.606298531695113,0.942754272513793,7.3604865,0.0783693442522934,0.2223902847769434
1181,CC(=O)c1sc(NC(C)C)nc1N,0,0.727602636033852,0.103752433752382,9.89424,0.0271002413539758,0.16398548419372155
1182,CC(C)(NC(=O)c1cn(Cc2ccc(Cl)cc2)nn1)c1cn(Cc2ccc(Cl)cc2)nn1,0,0.442077884241351,0.0405647813581153,-0.5013381,0.133257299992397,0.12724894332058406
1183,Nc1n[nH]c2c1cnc1ccccc12,0,0.558301411405395,0.296487173196949,-4.0390987,0.3150247109917102,0.122183578716483
1184,COc1ccc2ncc3c(N)n[nH]c3c2c1,0,0.645980107877611,0.249968620960706,-4.645374,0.0677680836415492,0.211387287748448
1185,NC(=O)Cn1c(=O)n(Cc2ccc(Cl)cc2)c(=O)c2cccnc21,0,0.754174195982439,0.0047728320873506,-12.612037,0.4028869057217168,0.6776456748841094
1186,CC(=O)Nc1cccc(NC(=O)c2cc3cccnc3n(Cc3ccc(F)cc3)c2=O)c1,0,0.503802468161249,0.0100082208330521,-3.2725344,0.0819077682892241,0.2847287112988298
1187,Cc1cc2c(cc1S(=O)(=O)N(C)CC(=O)Nc1ccc(Cl)cn1)OC(C)C(=O)N2,0,0.736948550817675,0.0112723882447516,7.7996287,0.0860767792015654,0.2788916005090274
1188,COC(=O)c1cc(C2CC2)nc2c1c(=O)n(Cc1ccc(F)cc1)c(=O)n2C,0,0.643299526323417,0.0036311073598911,2.749278,0.0514027159010887,0.3048702750131064
1189,CCOC(=O)c1cc(C2CC2)nc2c1c(=O)n(Cc1ccc(F)cc1)c(=O)n2C,0,0.617363138632954,0.0020310654909735,5.782207,0.0523216140600061,0.2953430512235905
1190,Cc1nc(NCC(C)C)sc1C(=O)O,0,0.806328120966802,0.0310272925038363,15.203256,0.0829695224959423,0.428116875148944
1191,Cc1nc(NC(C)C)sc1C(=O)O,0,0.782657615369253,0.184437583425191,13.163393,0.1213666515972532,0.3287537434960286
1192,c1coc(-c2cc[nH]n2)c1,0,0.64408810457698,0.617756018798786,13.94481,0.0758974672916965,0.17648567384332406
1193,O=C(Cn1nc(-c2ccccc2F)ccc1=O)Nc1nc2ccccc2[nH]1,0,0.582788095552836,0.0137386778278879,2.5245175,0.0488623213756891,0.2976152495996075
1194,COc1ccc(-c2ccc(=O)n(CC(=O)Nc3nc4ccccc4[nH]3)n2)cc1OC,0,0.509723459719378,0.0382177722093217,2.1964884,0.076289432959355,0.13590651484276856
1195,CCNC(=O)c1cc(C)n(C)n1,0,0.695959313724215,0.0649963421172988,-4.857982,0.0349323759813601,0.15201168663365106
1196,COc1ccc(C(C)=O)cc1,0,0.60165926338233,0.997537931756896,9.548021,0.0015667412049872,0.11038237548471515
1197,CCOC(=O)c1cc2ccccc2[nH]1,0,0.736575994754879,0.99374030723049,2.6788936,0.0240820672830404,0.41589986190701983
1198,CC(=O)c1oc2ccccc2c1N,0,0.675825005322308,0.994107762412061,14.7888365,0.0102743176654892,0.1532838172317338
1199,Cc1ccn2c(NC(=O)c3ccccc3)c(-c3ccccc3)nc2c1,0,0.59931715038633,0.0042115110516125,5.469848,0.0073331703989745,0.10270889869968121
1200,Cc1ccc(S(=O)(=O)Nc2ccc3c(c2)ncn3-c2ccccc2)cc1,0,0.592727788863881,0.951557605573593,4.476979,0.0777473643599869,0.15484936432582286
1201,CCOC(=O)c1cnn(-c2ccccc2)c1N,0,0.814916279241988,0.0290881234802507,-11.667494,0.142256521787267,0.17137232109694514
1202,CCSc1nc(N)c(C#N)c(-c2ccco2)c1C#N,0,0.86061746130874,0.0008986229134151,10.446327,0.0196887280021851,0.060413221060477015
1203,CCOC(=O)c1c(C)n(C)c2ccc(O)cc12,0,0.810030824874857,0.578385388062532,0.023496985,0.0564315981342656,0.3726787843515699
1204,CC(=O)n1c2ccccc2c2ccccc21,0,0.555433208894514,0.995579495447121,18.304928,0.2125825507010194,0.16453568933386076
1205,Fc1ccc(-c2cn3ccccc3n2)cc1,0,0.605343217607221,0.629775642925179,3.1422935,0.2310647902275266,0.23039903697485636
1206,O=C(O)CCn1ncc2ccccc21,0,0.797664879912545,0.656068910071145,1.6290628,0.596922999911263,0.4791539084979687
1207,CCOC(=O)c1c[nH]c2ccc(Cl)cc2c1=O,0,0.833848689863452,0.0134005788172723,-12.026412,0.1959869158879456,0.5141883395713779
1208,NS(=O)(=O)c1ccc(Br)cc1,0,0.793001579306667,0.999112830227816,7.615147,0.0515336385469559,0.4009530886277897
1209,Oc1ccc(Oc2ccccc2)cc1,0,0.779994126785864,0.998445948371482,13.823773,0.5473103188295282,0.3240476739800531
1210,O=c1cc(-c2ccccc2)ss1,0,0.637899697500754,0.9997684434565,3.3680234,0.0642619642657535,0.16843475026212856
1211,O=C(O)CC(C(=O)O)n1nc(-c2ccccc2)cc1-c1ccccc1,0,0.720207914427321,0.174181013199808,5.102652,0.8645953569247954,0.43276411150846517
1212,CSc1nsc(SC)c1NC(=O)OC1CCCCC1,0,0.830179495796652,0.0055145472407839,6.9276576,0.0365220683351656,0.39697167094012575
1213,Cc1c(N)c(=O)n(-c2ccccc2)n1C,0,0.753246979669376,0.998161972774281,-10.610439,0.5867688126818482,0.4819296628264246
1214,Cc1ccc(-c2nc3ccccc3c(=O)o2)cc1,0,0.65252195565483,0.670133398150175,0.45020998,0.2552661659268283,0.24375839495805107
1215,O=C(c1cc(NC(=O)C23CC4CC(CC(C4)C2)C3)cc(NC(=O)C23CC4CC(CC(C4)C2)C3)c1)N1CCCCC1,0,0.437952106103406,0.738701727943173,9.238426,0.0378927779939542,0.31341909377652877
1216,COc1ccc(-c2nc3ccccc3nc2-c2ccc(OC)cc2)cc1,0,0.524477000734902,0.999221861933501,9.298242,0.0299855114061938,0.2829504680737704
1217,Nc1c2c(nc3ccccc13)CCC2,0,0.68195537660758,0.994794411102463,3.7501154,0.7290828646745212,0.12037423898226732
1218,c1ccc2c(CN3CCCCC3)c[nH]c2c1,0,0.813289341717147,0.996880011709472,-0.11020529,0.4155303278841245,0.5608802091076182
1219,Cc1ccc(C2OCC3(CO2)COC(c2ccc(C)cc2)OC3)cc1,0,0.825350334159156,0.995666673957677,9.209271,0.3274692767456419,0.45540142248365534
1220,c1ccc(C2OCC3(CO2)COC(c2ccccc2)OC3)cc1,0,0.850759075632892,0.99455197988994,12.840793,0.2291839289811697,0.4741575153489368
1221,COc1cc(OC)cc(-c2nc3ccccc3c(=O)o2)c1,0,0.739298182375425,0.430369663066074,7.050508,0.0673234639798178,0.35777118203199565
1222,O=c1oc(-c2ccccc2F)nc2ccccc12,0,0.657357637576501,0.863040621905041,5.8770823,0.6207104632655135,0.42288855898530314
1223,c1ccc(-c2ncc[nH]2)cc1,0,0.651744363987863,0.995256961912901,9.262189,0.0214572034700898,0.11167672807714626
1224,CCOC(=O)c1sc(NC(=O)CSc2nnc(CNC(=O)COc3ccc(Cl)cc3)n2C)c(C(=O)OCC)c1C,0,0.217118003729622,0.335353243324867,-2.1336935,0.4105749664525326,0.13634922368533522
1225,O=C(O)c1ccc(Nc2nc(-c3ccccc3)c3cc(Br)ccc3n2)cc1,0,0.456073878900397,0.104017064013006,4.428711,0.0598659397608309,0.3073877294537035
1226,Cc1onc(-c2c(Cl)cccc2Cl)c1C(=O)N1CCOCC1,0,0.83981228221564,0.0350034072253786,-4.1490226,0.2257125537557636,0.2374934730135898
1227,Clc1ccc2nc(-c3ccccc3)cn2c1,0,0.621497874250676,0.826946465609402,5.551395,0.0709216139415313,0.19680865386488358
1228,O=C(NCc1ccccc1Cl)c1ccc2c(c1)ncn2-c1cccc(F)c1,0,0.55597019940443,0.0107763970665933,-5.883467,0.0132000526847321,0.18316767620261912
1229,Cc1cccc(-n2cnc3cc(C(=O)NC4CCCC4)ccc32)c1,0,0.792756291944584,0.0187835196351444,-1.2571666,0.0275175461579322,0.07686908256244726
1230,CCOC(=O)c1ccccc1NC(=O)c1c(-c2ccccc2)noc1C,0,0.701315389134697,0.0089574172841865,-1.6191212,0.0571836577974758,0.19377817136550796
1231,COc1ccc(-c2nc3cc(F)c(Cl)cc3nc2-c2ccc(OC)cc2)cc1,0,0.440209475023063,0.839122725767698,5.4833555,0.0984719420258302,0.406938251849863
1232,O=C(CSc1cn(CCNC(=O)c2cccs2)c2ccccc12)NC1CCCCC1,0,0.499321558062852,0.0136347986473363,12.21635,0.0086137215820947,0.08266226116371067
1233,COc1ccc(-c2nnc(-c3ccc(F)cc3)o2)cc1,0,0.729852459163765,0.674076952676513,-10.291566,0.0390780081430617,0.1713081824553897
1234,Brc1cccc(-c2nc(-c3ccncc3)no2)c1,0,0.726018349705222,0.468871684311464,-11.888423,0.0089660417102629,0.2639773721167854
1235,Cc1nc(SCc2ccccc2Cl)c(C#N)c(C)c1C,0,0.762381332161419,0.151775426855336,2.1172895,0.0029367816735126,0.09736387576290229
1236,CCOC(=O)c1cc(O)nc2ccccc12,0,0.782533712412269,0.104136749438636,7.6297755,0.4715770153246433,0.6285903357381784
1237,CCN(CC)C(=O)c1cc(-c2ccc(Br)cc2)on1,0,0.863762117541297,0.0842550168307986,0.091019034,0.0363978967791272,0.34679738100215507
1238,CCC(C)NC(=O)c1cc(-c2cccc(OC)c2)on1,0,0.91014627560899,0.0024578666392626,1.5825981,0.0300702622650617,0.15163248123446077
1239,COc1ccccc1-c1cc(C(=O)NC2CCCC2)no1,0,0.937955968267144,0.0021787582357081,-9.292619,0.011168208758469,0.06456782362301258
1240,CN1CCN(C(=O)c2cc(-c3cccc(Cl)c3)on2)CC1,0,0.854587916358289,0.0216903772550164,-5.31731,0.0823270732716295,0.3096332852261606
1241,COc1ccc(OC)c(-c2cc(C(=O)NCc3ccc(Cl)cc3)no2)c1,0,0.708975055404544,0.001386887229999,1.4690515,0.0151055332005602,0.12074171863277319
1242,O=C(c1cc(-c2ccco2)on1)N1CCc2ccccc2C1,0,0.72826173897113,0.0096843272090573,0.69512236,0.0191137488684243,0.11791106214756282
1243,CCc1nc(NCCO)c(C#N)c2c1CCCC2,0,0.848335660217524,0.000814355031864,10.6913595,0.0165697545704923,0.06603212897961105
1244,Cc1ccn2c(Nc3ccccc3C)c(-c3cccnc3)nc2c1,0,0.592776527303141,0.0440172884709097,4.103543,0.0078105953561688,0.12290829273131684
1245,Cc1ccccc1-c1nnc(SCC(=O)N2CCCCC2)o1,0,0.810783605356603,0.0028755615105736,-11.640844,0.033590372793148,0.26318612594250657
1246,CCOc1ccccc1C(=O)Nc1ccc(-n2nncc2-c2ccccc2)cc1,0,0.528050901882917,0.0030946307756452,2.806961,0.0343664192841056,0.09357430568357437
1247,CCC(C)NC(=O)CSC1=Nc2ccccc2C2=NC(c3ccccc3)C(=O)N12,0,0.823372983922327,0.0068539463035562,2.745267,0.0452171721952432,0.1459143413485918
1248,Cc1ccc(S(=O)(=O)n2nc(OC(=O)c3c(-c4ccccc4Cl)noc3C)cc2N)cc1,0,0.433222164056078,0.008331480033076,-4.3980556,0.1452022177322391,0.18170529007041478
1249,Cc1ccn2c(Nc3ccccc3C)c(-c3ccccc3)nc2c1,0,0.551336241675313,0.115607231260232,3.9195952,0.0137031502851594,0.10468826378241565
1250,O=C(O)c1ccc(Nc2nc(-c3ccccc3)c3ccccc3n2)cc1,0,0.560684727493529,0.0916878352576997,1.5282468,0.0890492061892366,0.2933727337479478
1251,Cc1ccccc1NS(=O)(=O)c1ccc2[nH]cc(C(=O)N3CCCCC3)c(=O)c2c1,0,0.670118358411288,0.0303583047134415,-2.1831522,0.0832023036050251,0.3754473310055285
1252,CC(C)CCNC(=O)c1cc(-c2cccnc2)nc2ccc(S(=O)(=O)N3CCC(C)CC3)cc12,0,0.537769692705977,0.0087951352795526,-7.530722,0.0229721552035996,0.1239971882853685
1253,CC(C)OC(=O)c1cc2ccccc2c(=O)s1,0,0.767458329517527,0.942265060879661,11.453709,0.4256242593137207,0.7904221042961636
1254,Cc1cc(C)cc(NS(=O)(=O)c2ccc3[nH]cc(C(=O)N4CCCC4)c(=O)c3c2)c1,0,0.670554304156211,0.0068224316952938,1.2502598,0.257141430820588,0.20843260977980718
1255,COc1cccc(-c2nc3ccccc3c(=O)o2)c1,0,0.704291872691666,0.328968726029194,1.6894764,0.1053218309522562,0.27721506853542466
1256,CCOC(=O)c1cc2c(=O)n(C)c3ccccc3c2s1,0,0.680853497936145,0.012885241263489,12.789876,0.0597279761601446,0.3941692547601843
1257,Cc1ccc(-c2nnc3c4ccccc4c(C)nn23)cc1NC(=O)c1ccccc1Cl,0,0.414243959997897,0.0759712191386566,1.1363786,0.0292194112158354,0.09394906446083852
1258,Cc1ccc(-c2nn3c(-c4ccccc4)nnc3c3ccccc23)cc1,0,0.459407435179427,0.205326491508157,0.63346994,0.0113477225259288,0.10038259911801581
1259,CCCOc1ccc(C(CC(=O)O)NC(=O)C23CC4CC(CC(C4)C2)C3)cc1,0,0.698559213342742,0.0491937533769776,-3.8921747,0.606756578354355,0.6787301785920903
1260,COC(=O)c1c(-c2ccc(Br)cc2)csc1N,0,0.862932015556655,0.741260103596562,4.5098376,0.0581522422502054,0.30568441415707703
1261,Nc1nnc(SCc2cccnc2)s1,0,0.805383525144742,0.145331971347718,-0.06440723,0.0893714133722392,0.2454564123241391
1262,CC(C)c1cc(CN2CCN(CCC#N)CC2)cc(C(C)C)c1O,0,0.864959035433167,0.0014823715243328,6.811912,0.0993571966634595,0.09188479749938494
1263,COC(=O)c1c(-c2ccc(F)cc2)noc1N,0,0.804774653688023,0.632942440951599,-3.3354592,0.051019294963502,0.4266495937279868
1264,Clc1ccc(CNc2ccc3nnc(-c4ccccc4)n3n2)cc1,0,0.610828011753536,0.0020553276546493,-7.6931686,0.0068214290478253,0.10587732906788679
1265,O=C(CSc1nnc(-c2ccccc2)o1)N1CCCCC1,0,0.812871252749871,0.0077518150227895,-13.439148,0.0320973836076109,0.2544581349098397
1266,Nc1nnc(-c2ccc(F)cc2)s1,0,0.755937721693291,0.97880816340986,7.000111,0.1526242998832234,0.40038018525319813
1267,CC(=O)c1ccc(NC(=O)CC23CC4CC(C2)CC(n2nnc(C)n2)(C4)C3)cc1,0,0.785339888716133,0.0025641062761426,-0.73881614,0.0348776705471497,0.11818272744766337
1268,Cc1cc(N2CCC(C(=O)N(CC(C)C)CC(C)C)CC2)n2nc(C)c(-c3ccc(Cl)cc3)c2n1,0,0.401633668931173,0.132859593902552,-22.315962,0.0199475054516243,0.17853711213026613
1269,COc1ccc(CCNC(=O)c2cccc3c2C(=O)N(C2CCCCC2)C3)cc1OC,0,0.73331808333466,0.0315263596081283,1.9297789,0.05101874618205,0.36492922946678347
1270,N#Cc1ccccc1NCc1ccccc1,0,0.840487902036643,0.978512420060146,8.733211,0.0213010811739129,0.07052351922611583
1271,Cc1ccsc1CN(C(=O)c1ccccc1)C1CCS(=O)(=O)C1,0,0.852751283685535,0.0010829440315946,0.30519474,0.2351483447280272,0.09369299313554799
1272,O=C(NC1CCCCC1)c1ccc(CSc2nc3ccncc3n2Cc2ccc(F)cc2)cc1,0,0.335183085336176,0.0464526392845752,3.2913928,0.021855225591722,0.13011984090149514
1273,Cc1ccccc1Cn1c(SCc2ccc(C(=O)NC3CCCCC3)cc2)nc2ccncc21,0,0.329527430612542,0.0963551468545441,8.899974,0.0165813955311398,0.13795246318911264
1274,Clc1ccc(-c2cn3cc(Cc4ccccc4)sc3n2)cc1,0,0.499120902647475,0.151691053273838,-0.7607864,0.017571105303642,0.10790147061929374
1275,O=C(NC1CCCC1)c1ccc(CSc2nc3cccnc3n2Cc2ccc(F)cc2)cc1,0,0.365716741279916,0.0254895370208539,1.019159,0.0134547603530338,0.07178053135847744
1276,Cc1cccc(Cn2c(SCc3ccc(C(=O)NC4CCCCC4)cc3)nc3cccnc32)c1,0,0.329527430612542,0.101354709085057,0.62864244,0.0086633534399395,0.12457318126142447
1277,O=C(NC1CCCCC1)c1ccc(Cn2c(SCc3ccc(F)cc3)nc3cccnc32)cc1,0,0.335183085336176,0.0627894801063984,1.3432156,0.0173338179938458,0.1112958682108284
1278,Cc1cc(-c2ccc(Cl)cc2)n2nc(N)nc2n1,0,0.728221927845652,0.722487984777581,-2.0883636,0.6618594765595217,0.43829717954750125
1279,Cc1ccc(CS(=O)Cc2ccc(C(=O)NC3CCCC(C)C3C)o2)cc1,0,0.788441402712628,0.0180898923386895,-4.16269,0.0371860328913231,0.2859905181725647
1280,C=Cc1ccc(Cn2nc(-c3ccccc3)ccc2=O)cc1,0,0.734908175556574,0.006232927110485,5.0851607,0.0100903754662549,0.10983966059493484
1281,Cc1ccc(C)c(N2CCN(C(=O)c3c4c(nc5ccccc35)C(=O)N(C3CCCCC3)C4)CC2)c1,0,0.521085202768125,0.0309716898690178,5.994191,0.0302719263372768,0.20066850456052002
1282,COc1ccc(OC)c(CCNC(=O)c2c3c(nc4ccccc24)C(=O)N(C2CCCCC2)C3)c1,0,0.546035415506093,0.0085985529843534,5.0353703,0.0191919000329123,0.10947138477299605
1283,CCN(CC)CCNC(=O)c1c2c(nc3ccccc13)C(=O)N(C1CCCCC1)C2,0,0.760313924837557,0.0913620198577546,-0.19498098,0.1279042093296444,0.35865283720159774
1284,Cc1ccc(C(=O)NCC(=O)OCc2cc(=O)n3nc(C4CCCCC4)sc3n2)cc1,0,0.591370771888868,0.002159794790579,-2.3370314,0.0270129399483518,0.3480983098263014
1285,OC1(Cc2ccccc2)CCNCC1,0,0.739158044897857,0.998875636777298,17.643482,0.5029094182047898,0.3885743263637125
1286,COc1ccc(Cn2c(SCc3ccc(C(=O)NCCc4ccccc4)cc3)nc3cccnc32)cc1,0,0.243262097474159,0.404857127893588,2.5842652,0.0089302199584972,0.10604297409765691
1287,CC(C)(C)c1ccc(C(CC(=O)O)NC(=O)C23CC4CC(CC(C4)C2)C3)cc1,0,0.765002578078116,0.38785940948474,-3.027957,0.8581277417557889,0.7343611238263319
1288,CC(=O)c1c(C)nc2ccccc2c1N,0,0.718576971035868,0.986220250989639,7.0350137,0.0626483102953478,0.12058263353098338
1289,CC(=O)c1c(C)nc2cc(Cl)ccc2c1N,0,0.772121145340697,0.892096081964964,5.93565,0.0444406788955975,0.1840135106666237
1290,Cc1ccccc1-c1nnc(-c2ccccc2C)o1,0,0.689141497322142,0.998218509644961,2.5727353,0.048090054634725,0.1675695297714272
1291,COc1ccc(NC(C)=O)cc1NC(=O)c1cccn(Cc2ccccc2)c1=O,0,0.675661868250785,0.0088709739878432,-9.131571,0.0696456721960346,0.21117798514452452
1292,O=C(NCCc1csc(-c2ccc(C(F)(F)F)cc2)n1)c1ccc(F)c(F)c1,0,0.594176044644821,0.250973301414848,-3.754046,0.0445915722205512,0.20864914410581742
1293,O=C(c1ccco1)N(Cc1cccnc1)c1nc2c(F)cc(F)cc2s1,0,0.533169953770119,0.0024791450005412,-5.3359404,0.014060225811318,0.10122135085016266
1294,COCCn1c(SCC(=O)c2c[nH]c3ccccc23)nc2cc(C(=O)NCC(C)C)ccc2c1=O,0,0.197689676491451,0.0064367807000824,8.821437,0.0492005046062925,0.16113893988660136
1295,CCN1CCOC(=O)C1CC(=O)Nc1cc(C)ccc1OC,0,0.836603676250678,0.0016906212963436,7.3678412,0.2206894661560715,0.47740839150603087
1296,CCOC(=O)c1sc(N)nc1C(F)(F)F,0,0.801869065488665,0.0226438527638028,1.6802863,0.3842038682101364,0.5389411631215157
1297,COc1ccc(-c2nc3ccccc3s2)cc1,0,0.676889366431037,0.485941126825881,-3.1598172,0.0161786596116117,0.23365680465995103
1298,CC(C)(C)N1CC(C(=O)O)CC1=O,0,0.654421024852624,0.988567976180564,1.3638257,0.3624144859794659,0.48816704659501464
1299,Cc1cc(S(=O)(=O)NC2CCCCC2)ccc1OCC(=O)NCc1ccccn1,0,0.688266330414656,0.0223608250343653,-14.352898,0.0285274914479993,0.24558061274109172
1300,COC(=O)c1sc2ccccc2c1N,0,0.729651668791012,0.994112580122564,-3.3523974,0.0138005495395438,0.1952243623614881
1301,CCN(Cc1ccccc1)C(=O)c1c(-c2ccccc2Cl)noc1C,0,0.649745996660023,0.0441970446509737,-1.0031686,0.0312797515436642,0.2100606493423888
1302,Cc1cc(C(=O)O)on1,0,0.602068348573606,0.997830141507389,10.859127,0.2036640772966426,0.444573832824375
1303,Cc1ccc2oc(-c3ccccc3Cl)nc2c1,0,0.630836203999922,0.381486453222929,-2.5780725,0.089159809855421,0.1499046622647573
1304,Cc1ccncc1C(=O)O,0,0.629825744383795,0.999783843364641,1.3368131,0.078840359628246,0.4184028498345012
1305,CC(C)(O)c1cn(-c2ccc(Cl)cc2)nn1,0,0.870869934633248,0.665276550119092,-5.9557395,0.1253290620456147,0.19572128323997562
1306,c1cncc(-c2cc[nH]n2)c1,0,0.659774144503794,0.97119313245776,3.7192044,0.0550955195185854,0.14374856293854155
1307,O=C(O)Cn1nc(-c2ccc(Cl)cc2)ccc1=O,0,0.914854953059619,0.97210018375548,-4.5855036,0.9374198425921496,0.8015528858906258
1308,CC(N)C(=O)N1CCCCC1,0,0.595004419973236,0.997343095232773,2.9306111,0.0331788474646309,0.21220987660557594
1309,CCOC(=O)c1sc(N)nc1-c1ccccc1,0,0.847716543998074,0.0180213052569919,-1.9472986,0.1545374811150502,0.2793198749363378
1310,CC(C)C[C@H](CN)CC(=O)O,0,0.630619611055221,0.999884145874402,10.049197,0.9972372579808172,0.7941840251824381
1311,Cc1ccc(Cn2c(=O)c3ccccc3n3c(CCC(=O)NC4CCC(C)CC4)nnc23)cc1,0,0.474036726101846,0.0101359307069847,5.6934986,0.0186052232290955,0.13044596752921833
1312,O=C(COCc1cc(-c2ccc(F)cc2)on1)Nc1cc(-c2cccc(Cl)c2)no1,0,0.448737089037483,0.011608296053497,2.5189018,0.023345161840317,0.10803733326192275
1313,Cc1onc(-c2ccc(F)cc2)c1C(=O)NCc1cccc(Cl)c1,0,0.764106214179121,0.0013434550153339,4.183241,0.0230712688592425,0.17369906237228006
1314,Cc1onc(-c2ccc(F)cc2)c1C(=O)NCc1ccccc1,0,0.798799774654281,0.0087315652627746,-4.0230293,0.0318251768676744,0.20176467184347788
1315,Cc1ccc(CNC(=O)c2c(-c3ccc(F)cc3)noc2C)cc1,0,0.788179025762728,0.0110296147662137,-0.7834559,0.0232260527778949,0.1588362398642895
1316,Cc1onc(-c2ccc(F)cc2)c1C(=O)Nc1cccc(Cl)c1C,0,0.726752929157268,0.0191455783677045,0.014921069,0.0397995952335057,0.2240799309033187
1317,Cc1ccc(C)c(NC(=O)c2c(-c3ccc(F)cc3)noc2C)c1,0,0.762205675872424,0.0081570741029601,1.6533736,0.0341423437763029,0.16862167768428288
1318,CCCNC(=O)c1c(-c2ccccc2F)noc1C,0,0.921250142883286,0.0090562923824256,-5.4639683,0.0387994184638152,0.29409658749749107
1319,Cc1onc(-c2ccc(F)cc2F)c1C(=O)N1CCCCC1,0,0.852077178144701,0.0089235389510004,-16.286451,0.0508050594619269,0.30633314743464335
1320,Cc1onc(-c2ccc(F)cc2F)c1C(=O)NCCC(C)C,0,0.915924219157959,0.0023299021427097,-11.193412,0.0229621366354604,0.21340897265682762
1321,Cc1onc(-c2cccc(Br)c2)c1C(=O)NC(C)C,0,0.939662648734083,0.0012826743378401,-4.4473195,0.0527695558856149,0.2295656496029793
1322,CCCNC(=O)c1c(-c2cccc(Br)c2)noc1C,0,0.935992297374042,0.0017893392043234,-0.73945683,0.0466548344804078,0.1744614500428833
1323,Cc1onc(-c2cccc(F)c2)c1C(=O)NCCC(C)C,0,0.915586176035373,0.0062663010824091,-11.884648,0.0224034643618143,0.1739675619551817
1324,CCCN1CCN(C(=O)c2c(-c3ccc(Br)cc3)noc2C)CC1,0,0.798338218863056,0.0280092733068872,-4.257787,0.0705307272085832,0.19418441185903007
1325,CCCNC(=O)c1c(-c2ccc(Br)cc2)noc1C,0,0.935992297374042,0.0168790080955921,4.511946,0.0452203255801864,0.17216831791427897
1326,Cc1onc(-c2ccc(Br)cc2)c1C(=O)NCCc1ccccc1,0,0.709115431415029,0.0565483314762146,4.7942686,0.0152035642303912,0.11987359814177871
1327,COc1ccccc1NC(=O)CSc1nnc2n(Cc3ccc(C)cc3)c(=O)c3c(cnn3C)n12,0,0.350305189231788,0.0078574621298695,9.751136,0.030643515623987,0.11460970042757938
1328,Cc1ccc(Cn2c(=O)c3c(cnn3C)n3c(SCC(=O)Nc4cccc(C)c4)nnc23)cc1,0,0.380479988890514,0.0036290252567964,6.780597,0.0247612201656555,0.11185422844913562
1329,Cc1ccc(Cn2c(=O)c3c(cnn3C)n3c(SCC(=O)Nc4cccc(C)c4C)nnc23)cc1,0,0.368321577323054,0.0391867595028949,11.499578,0.0289495788925919,0.11400358441238027
1330,O=c1cc(-c2ccccc2F)oc2ccc(Br)cc12,0,0.666916188918863,0.711748644104965,5.3466377,0.0871578958540133,0.27411687890395664
1331,O=c1cc(-c2ccccc2F)oc2ccc(F)cc12,0,0.665220811585025,0.969943762206767,-1.7751862,0.5247836072994095,0.4210312088059796
1332,COc1cccc(C2CCNCC2)c1,0,0.773146364617277,0.243002978218737,10.132768,0.1479153491863351,0.2120997922852828
1333,COc1cccc(N2CCN(CC(=O)NC3CC3)CC2)c1,0,0.881368199548494,0.0015925405062778,-7.656676,0.0596956978749532,0.23774145736509106
1334,COc1ccc(C(=O)N2CCC(n3c(C)cnc3C)CC2)cn1,0,0.872522504647239,0.0035059808022386,-16.86544,0.0197618237645281,0.11338735211506205
1335,O=C(NCC1CC1)c1ccc2nc(-c3ccccc3)cn2c1,0,0.802403116687028,0.0030686803826447,-5.5879226,0.0174680623343457,0.07943548423846175
1336,COc1ccc(C(=O)N2C[C@@H](CO)[C@H](N(C)C)C2)cn1,0,0.845616738508103,0.0013197547155056,-20.21514,0.0606400410652298,0.22982808970048896
1337,Cc1ccc(-c2cnn3c(N4CCCC4)cc(C)nc23)cc1,0,0.723171453558118,0.0090590025687688,-12.223804,0.0152500538697591,0.10601389271430606
1338,CC(C)C[C@@H](C(=O)Nc1ccccc1OCCN1CCCCC1)n1cccc1,0,0.689422199026706,0.0043064724730348,-3.8458648,0.0781885783548914,0.2092502737536112
1339,Cc1cnc(C2CCNC2)n1Cc1ccccc1,0,0.89342084548387,0.125904113697883,-0.322343,0.3008823568087539,0.11457304533531858
1340,Cc1cc(N(C)C)n2ncc(-c3ccccc3Cl)c2n1,0,0.723618429560594,0.0095812862470663,-17.297314,0.0283082765647628,0.2456372531002305
1341,CCN1CCc2nc(NC(=O)c3ccccc3Br)sc2C1,0,0.903995729116382,0.0010583950826371,-15.548253,0.0642306446634704,0.11891471414788564
1342,CCCc1nc(C)cc(N2CCN(CC)CC2)n1,0,0.814164961335589,0.0113326030286933,11.276514,0.0542912434398724,0.18188749439012625
1343,CCCCN(C)c1cc(C)nc2c(-c3ccc(Cl)cc3)c(C)nn12,0,0.660651054599986,0.0698640125353473,-10.840388,0.0326481297727778,0.22356455740988598
1344,Cc1cccc(-c2ccc(N3CCCC(C(=O)Nc4ccccc4)C3)nn2)c1,0,0.741476641863599,0.0009331795617068,3.5215583,0.0081077195104258,0.0980254994623251
1345,CCc1nn2c(N(C)C)cc(C)nc2c1-c1ccc(Cl)cc1,0,0.732747989779645,0.01535567521449,-16.88269,0.0620345640442457,0.2879470321760366
1346,COc1ccccc1-c1c(C)nn2c(N3CCCCC3C)cc(C)nc12,0,0.702038884938456,0.0273683170465027,-8.209375,0.0258929759755074,0.18451749601135975
1347,O=C(Cc1cccnc1)N1CCC(Oc2cccc(F)c2)C1,0,0.87076426688863,0.001434273037781,-12.702909,0.0266690734529916,0.11663151789716711
1348,Brc1cccc(-c2noc(Cn3ccnc3)n2)c1,0,0.746371375994286,0.0258872466713559,-6.825991,0.0184374454426731,0.2778639083468811
1349,CC(C)NC(=O)CCc1c(-c2ccc(Cl)cc2)nc2ccccn12,0,0.758655541850002,0.0041932890156759,1.6810688,0.0471759651657309,0.16458166406373018
1350,CC(C)NC(=O)CCc1c(-c2ccccc2)nc2ccccn12,0,0.784416889983844,0.0268405909869024,2.1259122,0.0934733853233859,0.20167921957022195
1351,CCNC(=O)c1ccc(-n2cccc2)nc1,0,0.845321034251174,0.113729385433249,0.18533683,0.051311673857973,0.16253879360050374
1352,CCc1nn2c(N(C)C)cc(C)nc2c1-c1ccc(F)cc1,0,0.742115482058057,0.0549627831471361,-17.92116,0.0824244067574822,0.21830129115760374
1353,Clc1ccccc1-c1nc(CSc2ccccn2)cs1,0,0.622002082497476,0.555134836821911,-7.1927648,0.0123751275746713,0.18537600334486873
1354,Cc1cccc(-c2nc(CSc3ccccn3)cs2)c1,0,0.646654505255115,0.0119608741611383,-0.5514579,0.0074004322137691,0.12864715334301197
1355,Cc1cc(N2CCCCC2)n2ncc(-c3ccc(F)cc3)c2n1,0,0.720993910608341,0.327670107541607,-14.196371,0.0261263937696442,0.1296435415225389
1356,CCOc1ccc(Br)cc1CNC1CN2CCC1CC2,0,0.892498072591812,0.0107500635090967,11.614023,0.124694059958795,0.3664899785909026
1357,OCCN(Cc1ccccc1)Cc1ccccc1,0,0.840201022122611,0.99841839055537,13.523925,0.8763709201116548,0.8131575364317299
1358,COc1ccc(-n2c(C)nc3ccccc3c2=O)cc1,0,0.716007037728814,0.415403863025208,2.7766347,0.3726703966118361,0.2502563052398136
1359,CN(C)c1ccc(-c2nnc(-c3ccccc3)o2)cc1,0,0.726873389468303,0.427549946592023,-15.46861,0.0324893964162512,0.19775210653689887
1360,COC(=O)CN1CCN(c2cccc(OC)c2)CC1,0,0.758680772471566,0.0140930016314565,3.1070023,0.0899705388086701,0.3970546668410126
1361,CCCCN(C)Cc1nc2nc(C)cc(N3CCCCCC3)n2n1,0,0.814616278928466,0.0029860336076728,-5.897802,0.0232856369285829,0.17705222269756302
1362,c1ccc(-c2c[nH]c(C3CCNCC3)n2)cc1,0,0.827415207268065,0.260462526576074,12.326648,0.1396186028879133,0.1170956312927847
1363,O=C(O)CC(c1cccnc1)N1CCCCC1,0,0.866262967514793,0.118493654061744,-13.028416,0.6275158765840089,0.3605882518549142
1364,CC(c1nc2ccccc2n1CC(=O)N1CCCCCC1)N1CCCCCC1,0,0.78809164126079,0.0043563318672769,-11.340589,0.0349197681321674,0.1727678404093265
1365,O=C(NCc1cccnc1-c1ccc(F)cc1)c1ccc(F)cc1F,0,0.775702009370597,0.0313079140537383,-4.665953,0.0317498877432313,0.37165496243344254
1366,CC(C)(C)NC(=O)CCc1c(-c2ccc(Br)cc2)nc2ccccn12,0,0.695337440199399,0.0159434555627947,3.181416,0.0271627829210095,0.15930063256587212
1367,CN(C)c1ccc(-c2noc(C3CCCC3)n2)cc1,0,0.844104415849679,0.024910739389171,-20.499569,0.0184977264423056,0.09407497769705395
1368,O=C(O)c1ccc(Cl)c(NCc2cccnc2)c1,0,0.888993664817497,0.144143877426398,-4.8960395,0.2783876775300578,0.4466863196926708
1369,Fc1cccc(-c2nc(-c3ccncc3)no2)c1,0,0.691746783235033,0.16698360579529,-16.344284,0.0122949206390708,0.30469788467425435
1370,CC(C)(C)c1ccc(-c2cc(C3CCNCC3)n[nH]2)cc1,0,0.878841151063334,0.0091438990758088,5.5544195,0.2396956550191983,0.19981154755630987
1371,COC(=O)c1ccc(C2CCNCC2)cc1,0,0.772447536890883,0.347358844762281,7.779733,0.6213568572569964,0.3680157142619559
1372,Cc1ccc(-c2cc3nc(C)c(C)c(C(C)(C)C)n3n2)cc1,0,0.655104697843605,0.0572297801409496,-2.6372824,0.0507203307567172,0.3508424083781248
1373,Cc1cccc(-c2ccc(C(=O)NC3CCCCCC3)cn2)c1,0,0.847675124666616,0.0747144092659482,-8.445602,0.0118141933522759,0.3816220268476279
1374,CCCCN1CCN(S(=O)(=O)c2ccccc2)CC1,0,0.82653993501568,0.213007530154424,-1.029621,0.1803586871521104,0.5007762305344106
1375,Cc1nc(N2CCC(N)CC2)cc(C(F)(F)F)n1,0,0.835159874456076,0.0050478339307339,-3.8800974,0.3346334459486218,0.43276272278206057
1376,Brc1c[nH]nc1-c1ccccn1,0,0.806352624748397,0.198463536123684,-4.453731,0.0427458075730437,0.2519754559443697
1377,CC(C)NC(=O)c1c2c(nc3ccc(F)cc13)CCCC2,0,0.919129300466837,0.006173516019853,0.5092286,0.1456344307696059,0.30737004231917514
1378,CCNC(=O)c1c2c(nc3ccc(F)cc13)CCCC2,0,0.912780589145088,0.0026069010920899,-0.1195513,0.2629620150993099,0.3371961004754427
1379,CC(C)(C)C1CCc2nc3ccccc3c(N)c2C1,0,0.772314984249465,0.631286045830551,-2.9722173,0.2227799687525307,0.22384427778929342
1380,CNC(=O)c1c2c(nc3ccc(F)cc13)CCCC2,0,0.853953195498308,0.0033201076199848,-2.6486645,0.4236300333665375,0.5091062499285902
1381,c1cc(-c2nnc(C3CCC3)o2)cs1,0,0.757585629459378,0.0069228958776423,-16.574673,0.020153360685687,0.08237474533681524
1382,c1cc2c(cc1-c1nnc(C3CC3)o1)OCO2,0,0.792056181874928,0.162925931292884,-11.735967,0.0468936165595545,0.10702114958971595
1383,CC(C)c1nnc(-c2ccsc2)o1,0,0.737412940588324,0.383982092139552,-8.913107,0.0114035575841647,0.08925155937974462
1384,CCNCc1cnn(CC)c1,0,0.699360590472848,0.476302230513458,10.687788,0.0336223596638837,0.13362630825339564
1385,CCn1c(=O)c2cc(Br)ccc2n(CC)c1=O,0,0.850327038246919,0.350719019165076,4.428576,0.1076087629607224,0.397829971627686
1386,c1ccc(C2CCCNC2)cc1,0,0.665178650466905,0.995250745431601,13.382547,0.0179494457055271,0.20891677009369536
1387,COc1ccccc1Nc1nc(C)nc2c1CCC2,0,0.91541140649884,0.0295120249414121,-4.6929355,0.0870489857140147,0.12865102313505483
1388,Cc1noc(-c2nn(C)c3c2CN(S(=O)(=O)C(C)C)C3)n1,0,0.83316596197585,0.0080830213614241,-12.963519,0.0475613380823838,0.1252875917865417
1389,C=C(C)c1cc(C(=O)OCC)no1,0,0.667892035359694,0.0970156056285005,4.2750607,0.0121344913107775,0.2020990892822509
1390,CCCc1nnc(-c2ccncc2)o1,0,0.741331308091127,0.500315479359941,-16.40846,0.0136771258706725,0.1354376064434281
1391,Cc1cc(S(=O)(=O)N2CCOCC2)ccc1Cl,0,0.824830375131755,0.446539974534251,-13.393191,0.1130661104762954,0.31228543900909667
1392,COc1ccc(OC)c(S(=O)(=O)NC(C)(C)C)c1,0,0.907899830625318,0.294644524054113,11.451758,0.6482712046521515,0.3824911221059842
1393,CN(C)S(=O)(=O)N1CCN(C(=O)c2cc3c(Cl)cccc3s2)CC1,0,0.810000347682548,0.0021809773835255,-3.048633,0.0230107971185316,0.3224228626353739
1394,COc1ccc(S(=O)(=O)N(C)C)cc1OC,0,0.792330810087579,0.99136412929755,5.6181493,0.4641515625962156,0.2628600252372347
1395,CCCS(=O)(=O)N1Cc2c(-c3nc(C)no3)nn(C)c2C1,0,0.829994229821519,0.0050121998870022,-5.7157235,0.0338652010792613,0.1383329199099061
1396,CC(C)c1cc(C(=O)NC2CC2)on1,0,0.796165698001097,0.0409995845109993,-4.074329,0.013749881007087,0.08760401310626979
1397,O=C(NC1CCCCC1)N1CCCC1Cc1noc(-c2cnccn2)n1,0,0.904166773339359,0.0008688419962428,-3.2138762,0.0169910722605502,0.08394357794023724
1398,COc1ccc(S(=O)(=O)N(C)C)cc1,0,0.753702025933114,0.984860960220802,4.990511,0.067293454370305,0.1743051770605334
1399,CCNS(=O)(=O)c1cc(OC)ccc1OC,0,0.840249924446815,0.200493365074133,5.9498205,0.317726361916715,0.2915868670456727
1400,Cc1ccc(-c2nc(C3CCCNC3)no2)cc1,0,0.880151984404131,0.0110832884980339,-13.516965,0.0717803116279643,0.10363990451751337
1401,CCc1cc(C(=O)NC(C)C)on1,0,0.767769198899984,0.0207727818010494,12.536834,0.0270848923306612,0.2098068896269488
1402,Cc1noc(C)c1C(=O)N1CCCC1c1cccs1,0,0.844874828189071,0.0025953125845099,-12.102754,0.0214942633555217,0.07047545327686291
1403,Cc1cc(C(=O)N2CCCC2c2cccs2)on1,0,0.835389038105723,0.0054002421139348,-12.137557,0.0267823933162138,0.07353475913919534
1404,CCS(=O)(=O)N(C)CCc1noc(-c2ccccc2F)n1,0,0.811045293069729,0.0290299180220426,-3.9071484,0.0323647819271128,0.2578512727294375
1405,CCN(CC)S(=O)(=O)c1ccc(OC)cc1,0,0.790849174096506,0.992029943853589,0.34922814,0.2444023318189578,0.3307653474270487
1406,Cn1nc(COc2ccccn2)c2c1CCN(CC1CCCCC1)C2,0,0.837247532710041,0.125708322839066,-15.365771,0.0169529398455549,0.15509776515338508
1407,CCCS(=O)(=O)N1CCC(c2nc(-c3cccn3C)no2)CC1,0,0.832642912701915,0.0019728177903968,-9.218019,0.023162238210167,0.13370800691531512
1408,CCCNC(=O)c1cn2c3c(cccc3c1=O)CC2C,0,0.929729913882836,0.0107816052062588,-2.5628033,0.1604978240109683,0.2419164654883955
1409,CCN(C(=O)N1CCOCC1)c1ccccc1,0,0.783366253327458,0.722087286268888,-12.391116,0.6379620093615269,0.4527808906651856
1410,O=C(CSc1nnc(-c2ccccc2)o1)N1CCCC1,0,0.809138860026349,0.0045328481003391,-14.381027,0.0357863009974289,0.10140292276328804
1411,Cc1nc(N2CCN(C(=O)c3ccccc3)CC2)cc(C(F)(F)F)n1,0,0.835732009209941,0.0078034603725574,-7.5468955,0.0558437600268666,0.5402951858701248
1412,Cc1cc2nc3n(c(=O)c2n1CC(=O)NC1CCC(C)CC1)CCCCC3,0,0.903114571276632,0.0010923628752504,11.310422,0.0425549748951204,0.18274869637174923
1413,Cc1ccc(NC(=O)N(CCN2CCOCC2)C2CCOCC2)cc1C,0,0.876010477430313,0.0028534885768127,-18.259008,0.1419151483567481,0.4547841923040742
1414,CCCNC(=O)Cc1sc(C)nc1-c1cccs1,0,0.913202123905812,0.0008539688758465,-0.7663766,0.0162565282093191,0.08882062638203156
1415,Cc1ccc(NC(=O)N(CCN2CCCCC2)C2CCOCC2)cc1C,0,0.869572473805911,0.001816259263491,-17.972733,0.1953099564489843,0.5527825313760768
1416,CCNC(=O)N1CCC(c2nc(-c3cccn3C)no2)CC1,0,0.940427480825284,0.0171046923386855,-12.505646,0.0206686436686615,0.13197469321106198
1417,O=C(c1c2c(nc3ccccc13)C(=O)N(C1CCCCC1)C2)N1CCOCC1,0,0.804755726708884,0.0012473741669182,-2.8027306,0.0453756521174856,0.2469365987704104
1418,Cc1nnn(-c2ccccc2)c1C(=O)NC1CC1,0,0.886190679966827,0.0295220047807796,-15.844773,0.3712431446904836,0.09971554279108945
1419,Cc1ccccc1C(=O)N(Cc1sccc1C)C1CCS(=O)(=O)C1,0,0.838170638732025,0.0017458268422944,4.244467,0.1104475994842784,0.09307004047726815
1420,CCOC(=O)c1ncoc1-c1ccccc1C(=O)NC(C)C,0,0.858658315520829,0.0016349044029768,2.5199785,0.1174240245236843,0.40789766393999666
1421,Cc1nc(N2CCC(NC(=O)c3cccnc3)CC2)cc(C(F)(F)F)n1,0,0.905382023338869,0.0059455722330866,-11.95203,0.0592146749241854,0.4168297230540639
1422,COc1ccc(C(=O)NCC23CCC=C2N(C)C(=O)CC3)cn1,0,0.918423784128829,0.0019331650222889,1.7775687,0.0275659574711107,0.15595654732275605
1423,Cc1ccc(-c2nc3ccc(Cl)cn3c2NC(C)(C)C)cc1,0,0.706578938612144,0.0511165251571615,-1.6289989,0.0590631506345737,0.1740954545279411
1424,Cc1ccc(-n2nc(C(=O)NCc3cccnc3)c(=O)n(Cc3ccc(C(F)(F)F)cc3)c2=O)cc1,0,0.44339110095455,0.0031727701538336,3.4529214,0.0736262530033969,0.19423992621073488
1425,O=C(NC1CCCCC1)c1cccc(CN2CCN(c3ccc(Cl)cc3)CC2)c1,0,0.772380750604409,0.031022952743677,-6.701847,0.0778301660041361,0.5299826255438617
1426,O=C(NCCN1CCOCC1)c1nn(-c2ccccc2)c(=O)n(Cc2ccc(C(F)(F)F)cc2)c1=O,0,0.525299462399427,0.0028966314715559,3.7701597,0.2078236876929451,0.232931426637747
1427,Cc1nn(-c2ccc(F)cc2)c(Oc2ccccc2F)c1CCC(=O)NCc1ccccn1,0,0.416555878411216,0.200109626109183,3.0293698,0.0428772231442634,0.16085828638007246
1428,Cc1cccc(-n2nc(C(=O)NCCN3CCOCC3)c(=O)n(Cc3ccc(C(F)(F)F)cc3)c2=O)c1,0,0.513775363322835,0.0301205352107061,5.5753202,0.1971693108695618,0.21242701477764953
1429,Cc1ccc(-n2nc(C(=O)NCc3ccncc3)c(=O)n(Cc3ccc(C(F)(F)F)cc3)c2=O)cc1,0,0.44339110095455,0.0086365613859673,3.2428794,0.0733695500546548,0.19151637752977532
1430,Cc1ccc(-n2nc(C(=O)NCc3cccnc3)c(=O)n(Cc3ccc(C(F)(F)F)cc3)c2=O)cc1C,0,0.42970686095877,0.0366917321543886,4.6770015,0.1521149374516585,0.18205043767211265
1431,CN1CCN(C(=O)c2cccc(CSc3nc(-c4ccccc4)cc(N4CCN(C)CC4)n3)c2)CC1,0,0.377291496759267,0.0038484365886498,-10.438827,0.1199560510259303,0.23051992839472515
1432,CN1CCN(C(=O)c2ccc(Br)cc2)CC1,0,0.784852385522497,0.984140751254835,-12.188674,0.6711241703883882,0.3914769263936152
1433,Cc1occc1C(=O)N1CCN(C)CC1,0,0.689882186788116,0.478403789447027,12.835329,0.0513065712825622,0.2510683059318378
1434,Cc1ccsc1C(=O)N1CCN(C)CC1,0,0.720500377298331,0.29056999974905,-2.2957022,0.0893501549132534,0.19982856153599876
1435,CCN1CCN(C(=O)c2cccc(F)c2)CC1,0,0.778452732017812,0.172817959839804,-14.509244,0.2890494679745771,0.4135288815016077
1436,c1ccc(-c2nc(CSc3ccccn3)cs2)cc1,0,0.659775889344161,0.0675306878966561,-2.1212487,0.0096587486107583,0.1734613376284904
1437,COc1cccc(N2CCN(CC(=O)NC3CCCCC3)CC2)c1,0,0.898897620712336,0.0006266974212481,-5.823645,0.0377818723618239,0.3102079618189747
1438,COc1cccc(N2CCN(CC(N)=O)CC2)c1,0,0.833686739475589,0.135338915400732,-1.1279819,0.2524071730571304,0.33391834591082314
1439,NC(=O)CN1CCN(c2ccccc2)CC1,0,0.794854138875992,0.999307740618264,-0.027998567,0.666766504656119,0.3310008957759651
1440,CCOC(=O)CN1CCN(c2cccc(OC)c2)CC1,0,0.761241286559154,0.008698061889065,-1.097834,0.0958378396908283,0.3462173525743363
1441,CN1CCCN(C(=O)c2cc(Br)cs2)CC1,0,0.794547625915692,0.255906308100266,-17.044968,0.1164182530156819,0.27498400278410523
1442,NC(=O)c1cc(-c2ccccc2Cl)nc2ccccc12,0,0.779760659374376,0.586110281482537,-4.7945013,0.5095842896965886,0.6134380564400032
1443,CCc1cc(C(=O)NC2CCN(CC)CC2)cs1,0,0.908000432005561,0.0176570236996158,-8.389381,0.2099394566322145,0.2864803072217582
1444,CCN1CCC(NC(=O)c2c(-c3ccccc3)noc2C)CC1,0,0.942734884937267,0.0024793654606628,-12.276357,0.1647964668293562,0.1881412202703247
1445,CN1CCN(C(=O)c2sc3cc(F)ccc3c2Cl)CC1,0,0.807695413486662,0.0201110094015058,-3.3936963,0.1256050111689024,0.4827888482574689
1446,Cc1cc(C(=O)NC2CCN(C)CC2)c(C)o1,0,0.850100134053484,0.0603377402098003,10.416331,0.1458796631669921,0.26856113517837127
1447,CCc1cc(C(=O)NC2CCN(C)CC2)cs1,0,0.893594716134237,0.0579274856919482,-4.4803414,0.1264237100431134,0.2319193800816743
1448,Clc1ccc(-c2nc3ccccc3[nH]2)cc1,0,0.672792486651889,0.997748612738762,-1.4154598,0.2154054221132593,0.19976189535095817
1449,COc1ccccc1-c1c(C)c(CC(C)C)nc(N)c1C#N,0,0.932729031779535,0.0073021357036032,-1.5211053,0.0177576971431215,0.07513222977494524
1450,Clc1ccccc1-c1nc2ccccc2[nH]1,0,0.672792486651889,0.823270834263249,-8.813181,0.0965292576275177,0.2228635226728982
1451,COc1ccc(-c2nc3ccccc3[nH]2)cc1,0,0.725235107826653,0.782690203377749,-0.17531884,0.0254910689168104,0.14071647671589754
1452,Cc1ccc(Nc2nc(C)cc(C)c2C#N)cc1,0,0.867340276424445,0.0695466625657601,-0.90215564,0.0124581573795552,0.07819615628217425
1453,Cc1cc(C)c(C#N)c(Nc2cccc(Br)c2)n1,0,0.909142435120454,0.0058230731125104,-6.7737775,0.0036282583677395,0.07754804837404991
1454,Cc1ccc(Nc2nc(C)cc(C)c2C(N)=O)cc1,0,0.885723351926603,0.0542061558641131,4.4541845,0.3021568059000054,0.22527050057437764
1455,O=C(Nc1ccc2[nH]c(C3CCCCC3)nc2c1)C12CC3CC(CC(C3)C1)C2,0,0.713665881936007,0.111601122093141,9.260798,0.0186910851217097,0.16893127641233524
1456,Cc1cc(C)n2ncc(-c3cccc(Br)c3)c2n1,0,0.684627046172422,0.0236173464396715,-7.372499,0.0585465285828623,0.17329771706733452
1457,O=C(O)c1cccc(NCc2cccnc2)c1,0,0.843002799598623,0.674961594204754,3.030775,0.3701171742921309,0.3869606202648468
1458,O=C(NCCN1CCN(C(=O)C23CC4CC(CC(C4)C2)C3)CC1)C12CC3CC(CC(C3)C1)C2,0,0.690934157711721,0.235680860777187,3.0139394,0.0514247634264478,0.4087498286383854
1459,COc1cccc(-c2cn3cccc(N)c3n2)c1,0,0.747440409424296,0.0047579933154038,-13.846803,0.0340649819496239,0.20629973186118306
1460,O=c1cccc2n1CC1CC2CN(c2nc(NC3CCCCC3)nc(N3CCOCC3)n2)C1,0,0.757297965067936,0.0012880024970432,-3.1433814,0.0161917341473628,0.14432739266133138
1461,Cc1c(C(C)N)cnn1-c1ccccn1,0,0.804232125144669,0.107250450929686,-13.348245,0.043187083265873,0.17471067779815103
1462,Fc1cccc(Nc2c3c(nc4ccccc24)CCCC3)c1,0,0.71893145520335,0.0722329752663629,0.2905593,0.0973875131722944,0.20180042235363613
1463,Cc1cc(C)cc(Nc2c3c(nc4ccccc24)CCCC3)c1,0,0.67827421047025,0.405951902953435,9.812948,0.19066840532822,0.3652193026421508
1464,CCOc1ccccc1NC(=O)CCC(=O)Nc1ccc2nc(N3CC(C)CC(C)C3)cc(C)c2c1,0,0.41982294791171,0.167423734639528,3.2399707,0.0888731071890472,0.1540350420754758
1465,Cc1ccc(Cl)cc1NC(=O)CSC1=Nc2ccccc2C2=NC(c3ccccc3)C(=O)N12,0,0.553388266286688,0.0177712983542759,7.0613723,0.0391778162361371,0.13079538862183518
1466,COc1ccccc1Nc1c2c(nc3ccccc13)CCCC2,0,0.749599948208728,0.0352936838124657,0.5412444,0.0554695177793483,0.32932142845034545
1467,Cc1ccc(CSc2nc3ccncc3n2Cc2ccc(C(=O)NC3CCCC3)cc2)cc1,0,0.359666898582202,0.0380189531615077,3.467012,0.0116504781158691,0.0666120534790201
1468,Cc1ccc(CSc2nc3ccncc3n2Cc2ccc(C(=O)NCc3cccs3)cc2)cc1,0,0.271567718807591,0.102592368184266,4.170256,0.0061797067405974,0.06767096604599429
1469,Clc1ccc(-c2nn3c(-c4ccncc4)nnc3c3ccccc23)cc1,0,0.460787450596268,0.281114820605248,-1.5985876,0.0145020319674788,0.15584660310221593
1470,Cc1c(C(=O)Nc2nc3c(s2)CCCC3)oc2ccc(Cl)cc12,0,0.71135274764184,0.0093816385808024,-2.061056,0.0097007364657182,0.09361864936878452
1471,COc1ccccc1C(=O)NCCc1nc2cc(NC(=O)C3CCCCC3)ccc2n1C,0,0.586955416530978,0.0197955650098048,6.9402747,0.0253840553335542,0.1306422848084291
1472,CN(C)CCCN(C(=O)C1CCCCC1)c1nc2ccc(Cl)cc2s1,0,0.721791821089304,0.0138681857772795,-0.34717858,0.0746491611496442,0.33043149558333573
1473,Cc1ccc(NC(=O)N2CC=C(c3c[nH]c4ccccc34)CC2)cc1,0,0.696192394664407,0.0047169265034971,7.087499,0.0090171508539393,0.12770531321498488
1474,COc1ccc(CNC(=O)c2c(-c3cccnc3)noc2C)cc1,0,0.780832562403796,0.0016719425172197,-0.76444376,0.0203851650474535,0.1294280677625348
1475,Cc1onc(-c2ccncc2)c1C(=O)NCCC(C)C,0,0.909162512150992,0.0382288891429635,-9.1321335,0.0174285738587447,0.13313729850223652
1476,O=C(NCCc1ccco1)c1ccc(Cn2c(SCc3ccc(Cl)cc3)nc3ccncc32)cc1,0,0.250501156866919,0.0351147495333824,4.365353,0.012912055502557,0.09218878375210823
1477,CCCc1nn2c(=O)cc(CSc3ccccc3NC(=O)C34C[C@H]5C[C@@H](C3)C[C@@H](C4)C5)nc2s1,0,0.435878233667862,0.0541693933614803,6.414292,0.0134917945770428,0.1470441938460608
1478,CC(SC1=Nc2ccccc2C2=NC(c3ccccc3)C(=O)N12)C(=O)Nc1ccc(Cl)cc1,0,0.547380807521551,0.0187128032873182,6.546147,0.0539577612699569,0.1559764271291679
1479,CC(SC1=Nc2ccccc2C2=NC(c3ccccc3)C(=O)N12)C(=O)Nc1ccccc1,0,0.634596353141852,0.0048448893028438,6.6080756,0.0384701877946021,0.14662418446690212
1480,CCOc1ccc(C(C)C)cc1S(=O)(=O)Nc1cccc(-c2ccc(N3CCCCCC3)nn2)c1,0,0.42303069072815,0.046444930711878,7.0633836,0.0456564734811349,0.11222887109175343
1481,CCN(CC)CCNC(=O)c1c(-c2ccc(F)cc2)noc1C,0,0.852377482561671,0.385124892639699,-5.0287175,0.1308124674992673,0.3744960492454523
1482,Cc1nnc2sc(SCc3cccc(F)c3)nn2c1=O,0,0.694787579884566,0.0017348446391033,-24.101873,0.0348851093153389,0.2642091696118242
1483,Cc1ccc(C(=O)CSc2ccc(-c3sc(-c4cccs4)nc3C)nn2)cc1,0,0.28451278332337,0.0422198631014313,5.100264,0.0068608817838711,0.07424980352112523
1484,O=C(NCCN1CCN(c2cccc(Cl)c2)CC1)c1ccc2c(c1)ncn2C1CCCCC1,0,0.570549940748393,0.0932566504888937,-7.7138844,0.0648111965350197,0.17703019788465318
1485,O=C(NC1CCCCC1NC(=O)c1csc(COc2ccccc2F)n1)NC12CC3CC(CC(C3)C1)C2,0,0.464179288328256,0.718876546284364,3.2321572,0.0219595484217117,0.11130515408043881
1486,CCN1CCN(C(=O)c2c(-c3ccccc3)noc2C)CC1,0,0.873172286130453,0.0137830851983931,-14.563676,0.0892516553380254,0.20533310567396573
1487,Cc1nc(-c2ccccc2)c(C(=O)NC2CCN(Cc3ccccc3)CC2)s1,0,0.695820019618331,0.0434748144493003,-1.3659252,0.0436910829502791,0.24829769121670714
1488,COc1ccc(-c2[nH]ncc2C(=O)NC[C@@H]2CCCN3CCCC[C@H]23)cc1Cl,0,0.798904184976468,0.218677996623823,-9.977277,0.0302326643268671,0.24063778657728135
1489,Cc1onc(-c2ccccc2)c1C(=O)NC1CCN(C)CC1,0,0.945660113366911,0.276891086709816,-12.212413,0.2643721908132827,0.17044378891972395
1490,CCCN1CCC(NC(=O)c2c(-c3ccccc3)noc2C)CC1,0,0.915629434829939,0.0052351838469799,-10.67869,0.1213909619051248,0.19352272863904071
1491,CCN1CCC(NC(=O)c2c(-c3ccccc3Cl)noc2C)CC1,0,0.918941221099785,0.0015506723204892,-16.607626,0.1599762225015764,0.2343455693348265
1492,Cc1ccc(S(=O)(=O)N(C)Cc2ccc(C(=O)NC3CCN(C)CC3)cc2)cc1,0,0.787509493359184,0.413376068520813,-4.408437,0.2036274244026286,0.3447712823663052
1493,COc1cccc(-c2c(C)c(C)nc(N)c2C#N)c1,0,0.892804560662892,0.0074176346581558,-4.8209743,0.0208960249725447,0.07359213126184266
1494,NC(=O)c1nscc1NCc1cccnc1,0,0.833815574490754,0.0127098383726159,-10.509019,0.1203400693747383,0.22903894415098155
1495,CC(C)CSc1nc(-c2ccncc2)ccc1C#N,0,0.79283904056963,0.0027564409418609,-4.931887,0.008188474778432,0.06893348001529805
1496,COc1nc(-c2ccc(N(C)C)cc2)c(C#N)c(N)c1C#N,0,0.930443931255781,0.014314665764474,-8.311959,0.0663132905636786,0.08528786864779211
1497,Nc1nc(-c2ccc(Br)c(Br)c2)cs1,0,0.858661214882075,0.65830441984277,5.19926,0.1477223918480441,0.2112836901924125
1498,COc1ccc2ncc3c(=O)o[nH]c3c2c1,0,0.671474354531858,0.0289590964324235,1.7668761,0.1788130101391965,0.2891953299323429
1499,COc1ccc(-c2n[nH]c(C)c2CC(=O)N[C@@H](CCSC)c2nc3ccccc3[nH]2)cc1,0,0.351468663373887,0.00943549415438,-5.3725724,0.0403745338620588,0.12015929267816983
1500,Nc1nc(-c2cccc(Br)c2)cs1,0,0.849578698811296,0.472476950392487,-4.8763456,0.063178736882504,0.1705892328149095
1501,COc1ccc(C(=O)NCCn2c(C)cnc2C2CCC2)cn1,0,0.88800057596985,0.0019513580310658,-5.3183036,0.0152818011409257,0.06407571547752824
1502,O=c1[nH]nc2n1CCN(S(=O)(=O)c1ccc(F)cc1)C2,0,0.839369448899114,0.59294863726828,-13.380377,0.3657252385193403,0.5082300721439703
1503,O=c1[nH]nc2n1CCN(S(=O)(=O)c1cc(F)ccc1F)C2,0,0.8480687791869,0.0906269991995698,-13.79077,0.3477218501393995,0.6144033172624965
1504,Cc1noc(C)c1CN1CCCC(NC(=O)c2cccnc2)C1,0,0.935315902530264,0.0047522518991012,-7.7798185,0.0262463319910681,0.10270685490150391
1505,O=C(c1ccc(Cn2ccnc2)o1)N1CCCCCC1c1nnc(-c2ccccc2)o1,0,0.480003657334462,0.009114110466246,-10.2102995,0.0219070936206786,0.12204238797203966
1506,COc1ccc(C(=O)NCC23CCCC=C2N(C)C(=O)CC3)cn1,0,0.918384457405121,0.0009213454570694,-0.25518095,0.0214428682948687,0.18484564833902034
1507,COC1CCC12CCN(C(=O)Cc1cccnc1)CC2,0,0.846839195913486,0.0034610000529736,0.4984535,0.0424667704340818,0.10335393372323864
1508,COc1ccc(C(=O)NCCn2c(C)cnc2-c2ccccc2)cn1,0,0.751310156779077,0.0052923517000557,-6.3472676,0.0192566251736513,0.1567223248609239
1509,COCc1ncc(C)n1CCNC(=O)c1ccc(OC)nc1,0,0.830562493131343,0.0027345544521157,-15.636157,0.0263923490916029,0.1253055546268584
1510,CN(C)[C@@H]1CN(C(=O)c2ccc(F)cn2)C[C@H]1CO,0,0.850673540616365,0.136450124876616,-19.029312,0.0330635859754675,0.37656964958085803
1511,COc1ccc(C(=O)N2CCn3c(nnc3[C@@H]3C[C@H](O)CN3C(C)C)C2)cn1,0,0.832133741660771,0.0027318260360678,-4.9395714,0.0426431502644693,0.11680018825229792
1512,Cc1cccc(NC(=O)N(CCN2CCCCC2)C2CCOCC2)c1C,0,0.869572473805911,0.006983179228039,-12.648847,0.1769074221935843,0.5368036059420324
1513,COc1ccc(F)cc1S(=O)(=O)N(CCN1CCCCC1)C1CCOCC1,0,0.70385549867725,0.0211753933994034,-4.5949926,0.1553711163389888,0.32525646794102087
1514,CC(C)NC(=O)c1cn(C[C@@H]2C[C@H](F)CN2C(=O)c2ccc3ccccc3n2)nn1,0,0.696244088026787,0.0021398010854859,9.861575,0.0812329123957507,0.11115390226158546
1515,COc1ccc(C(=O)NCCc2ncc(C)n2C2CCC2)cn1,0,0.88800057596985,0.0038697281009918,-16.168856,0.0178789371934635,0.07115825850155338
1516,COc1ccc(C(=O)NCCc2ncc(C)n2C2CCCCC2)cn1,0,0.875795348485405,0.0062815840203228,-13.045577,0.0188811822199587,0.11183868892091713
1517,COCCn1c(C)cnc1CCNC(=O)c1ccc(OC)nc1,0,0.791459054207202,0.0029051470915532,-6.9948277,0.0414973372470047,0.12328567139568222
1518,CCCn1c(C)cnc1CCNC(=O)c1ccc(OC)nc1,0,0.848834155818201,0.0029755027950395,-5.953089,0.0215933927731488,0.1046770846695878
1519,COc1ccc(C(=O)NCCc2ncc(C)n2Cc2ccc(F)cc2)cn1,0,0.696254567307396,0.004149183648193,-6.0073705,0.0242118724990791,0.16170913852085653
1520,O=C(CC1CCCCC1)N1CC(c2nnc(-c3ccncc3)o2)C2(CCOCC2)C1,0,0.762054043148247,0.0063834206588865,-5.6200237,0.0139809579079738,0.10152715518421111
1521,CCOC(=O)c1c(C)nc2ccccc2c1N,0,0.803801336270236,0.0590001208894718,2.4042249,0.0916360856353244,0.28325776873532177
1522,CC1=C(C(=O)NCCN2CCN(c3cc(Cl)ccc3C)CC2)C2(CCC(C)CC2)OC1=O,0,0.679945817007155,0.0124899752683098,-2.530506,0.0476619234329836,0.6290291594500476
1523,O=C(NCCN1CCCCC1)c1ccc(CSc2nc3cccnc3n2Cc2ccccc2)cc1,0,0.338624700495951,0.253646871005274,-2.7700515,0.0272831396547492,0.11085147336345857
1524,Cc1ccc(CSc2nc3ccncc3n2Cc2ccc(C(=O)NCc3ccco3)cc2)cc1,0,0.300047339080459,0.202924300861714,3.1715245,0.007660344310032,0.09594504427000002
1525,Cc1cc(N2CCOCC2)n2nc(C(F)(F)F)c(-c3ccccc3Cl)c2n1,0,0.650376921493053,0.0070112514139522,-16.369219,0.0755872107297096,0.347176827118412
1526,O=C(O)c1ccc(Nc2c(-c3ccc(Cl)cc3)nc3cnccn23)cc1,0,0.557329272572444,0.0102837193030339,-1.9781708,0.1934650101660585,0.1926308288736736
1527,Cc1cc(N2CCOCC2)n2ncc(-c3ccc(F)cc3)c2n1,0,0.729513176402279,0.453346007435582,-16.300224,0.0357230214803588,0.1164985284806463
1528,O=C(NC1CCCCCC1)c1cccc(-n2cnc3cccnc32)c1,0,0.739682263491928,0.0019898207375383,-0.45331025,0.0169445374588661,0.13298455641090545
1529,Cc1ccc(C)c(NC(=O)c2c(-c3cccnc3)noc2C)c1,0,0.796158109745298,0.0045884426442116,3.403399,0.0164998240128215,0.10987585722545101
1530,COc1ccc(C)cc1NC(=O)c1c(-c2cccnc2)noc1C,0,0.793308610111038,0.0013643344473098,1.2072664,0.0149668177493879,0.11248451907905699
1531,Cc1onc(-c2ccncc2)c1C(=O)NCCc1ccccc1,0,0.786478702369297,0.0932789538225257,-1.2231183,0.0217216398531211,0.13954715074967325
1532,CC1CCN(Cc2ccc(NC(=O)COc3ccccc3-c3nnc(-c4ccccc4)o3)cc2)CC1,0,0.349412231295397,0.0398801799105666,4.087214,0.0273605080196125,0.1061445811019226
1533,O=C(c1ccc(SCCN2CCCCC2)nc1)N1CCOCC1,0,0.771576741228125,0.0062486100890104,-6.2009263,0.0576118539351461,0.2747482383692036
1534,CCN(CC)CCSc1ccc(C(=O)NC2CCCCC2)cn1,0,0.737690686443238,0.0026338855108731,4.7877393,0.0717029675378755,0.40791290886918496
1535,COc1ccc(NC(=O)C2CCN(c3cc(C)nc4cc(-c5ccc(C)cc5)nn34)CC2)cc1,0,0.464555702274877,0.0030591386743086,-10.588243,0.0365007666987346,0.09499230699927065
1536,Cc1ccc(-c2cc3nc(C)cc(N4CCC(C(=O)Nc5cccc(C)c5C)CC4)n3n2)cc1,0,0.444122602190989,0.062635914718174,-8.623193,0.0292701880517189,0.10823429763183678
1537,CCc1ccc(NC(=O)C2CCN(c3cc(C)nc4cc(-c5ccc(C)cc5)nn34)CC2)cc1,0,0.437631411101826,0.0129378659715625,-10.085988,0.0305000603258509,0.10704919176483214
1538,Cc1ccc(-c2cc3nc(C)cc(N4CCC(C(=O)Nc5ccccc5F)CC4)n3n2)cc1,0,0.481798725080477,0.0343873354066243,-12.160755,0.0423165742965838,0.11858299525845846
1539,Cc1ccc(-c2cc3nc(C)cc(N4CCC(C(=O)Nc5ccccc5C)CC4)n3n2)cc1,0,0.476115891188571,0.0877229642623689,-10.857341,0.0283177577526228,0.10116331408548311
1540,Cc1ccc(-c2cc3nc(C)cc(N4CCC(C(=O)Nc5ccc(C)c(Cl)c5)CC4)n3n2)cc1,0,0.404735388046805,0.0209401247695071,-9.75054,0.03625374677114,0.10710292227126603
1541,Cc1ccc(-c2cc3nc(C)cc(N4CCC(C(=O)Nc5cc(C)cc(C)c5)CC4)n3n2)cc1,0,0.444122602190989,0.0416438895600325,-5.7462783,0.0264264465189446,0.09589962110210515
1542,Cc1ccc(-c2cc3nc(C)cc(N4CCC(C(=O)Nc5ccc(C(C)C)cc5)CC4)n3n2)cc1,0,0.391485640006497,0.0716720485884256,-10.235006,0.0275835687049969,0.1044438904150913
1543,COc1ccc(Cl)cc1NC(=O)C1CCN(c2cc(C)nc3cc(-c4ccc(C)cc4)nn23)CC1,0,0.398781765079778,0.0391852342670024,-11.030506,0.0430316966664368,0.10786583480755736
1544,Cc1ccc(-c2cc3nc(C)cc(N4CCC(C(=O)Nc5ccc(Cl)cc5F)CC4)n3n2)cc1,0,0.411639373911885,0.0183203776514591,-8.459025,0.0645937945942787,0.14512594181437835
1545,COc1ccc(NC(=O)C2CCN(c3cc(C)nc4cc(-c5ccc(C)cc5)nn34)CC2)cc1Cl,0,0.398781765079778,0.0466674471332656,-7.706288,0.0446596057252462,0.1042023465763181
1546,CCc1ccc(CNC(=O)C2CCN(c3cc(C)nc4cc(-c5ccc(C)cc5)nn34)CC2)cc1,0,0.428140209967466,0.0096084796903481,-11.514548,0.0203315017939067,0.09420979293556916
1547,CC(=O)c1ccc(NC(=O)C2CCN(c3cc(C)nc4cc(-c5ccc(Cl)cc5)nn34)CC2)cc1,0,0.380302839259935,0.0449271022993441,-12.593077,0.0500917583029333,0.1122203030294111
1548,Cc1cc(N2CCC(C(=O)NC(C)c3ccccc3)CC2)n2nc(-c3ccc(Cl)cc3)cc2n1,0,0.418232265679022,0.0320915142346706,-15.884636,0.043341349917742,0.093945750427651
1549,CCc1cccc(NC(=O)C2CCN(c3cc(C)nc4cc(-c5ccc(Cl)cc5)nn34)CC2)c1,0,0.399039163281077,0.0190372635474017,-9.41412,0.0447882722339233,0.10066181674597452
1550,Cc1cc(N2CCC(C(=O)Nc3ccccc3C(F)(F)F)CC2)n2nc(-c3ccc(F)cc3)cc2n1,0,0.366697921084343,0.0758406297726774,-11.485039,0.1390480160255126,0.20140105554742918
1551,Cc1cc(N2CCC(C(=O)Nc3cc(Cl)ccc3C)CC2)n2nc(-c3ccc(F)cc3)cc2n1,0,0.411639373911885,0.0343947811410709,-12.93526,0.0760292564277785,0.12609815004672484
1552,Cc1ccc(C)c(NC(=O)C2CCN(c3cc(C)nc4cc(-c5ccc(F)cc5)nn34)CC2)c1,0,0.450816435923174,0.0629144467010683,-10.50718,0.058638346664293,0.11538697360228842
1553,Cc1cc(N2CCC(C(=O)Nc3ccc(C(C)C)cc3)CC2)n2nc(-c3ccc(F)cc3)cc2n1,0,0.398271041992208,0.0364111945124897,-12.58776,0.0453871126673128,0.1016268727117882
1554,Cc1ccc(NC(=O)C2CCN(c3cc(C)nc4cc(-c5ccc(F)cc5)nn34)CC2)cc1,0,0.481798725080477,0.010228602216578,-11.903413,0.04754837227077,0.10465224637720014
1555,Cc1cccc(NC(=O)C2CCN(c3cc(C)nc4cc(-c5ccc(F)cc5)nn34)CC2)c1,0,0.481798725080477,0.0140274419509981,-13.644629,0.0530358294372232,0.10107310421566063
1556,COc1cccc(CNC(=O)C2CCN(c3cc(C)nc4cc(-c5ccccc5F)nn34)CC2)c1,0,0.44992586868376,0.155922407944055,-10.646287,0.0349463917653633,0.08541992337033714
1557,COc1cccc(CNC(=O)c2nc(N3CCCCCC3)c3oc4ccccc4c3n2)c1,0,0.494546618108284,0.0127457524257253,-2.9462435,0.0076352693350526,0.09638377651562743
1558,CCc1ccc(CNC(=O)CCc2c(-c3ccc(F)cc3)nc3ccccn23)cc1,0,0.476169578399637,0.44723093254192,4.612953,0.0246943275777079,0.3001831408367612
1559,Cc1ccc(-c2nc3ccccn3c2CCC(=O)Nc2cc(C)ccc2C)cc1,0,0.494683932935099,0.0196016499140833,10.405696,0.0247959624939557,0.1460999682966425
1560,Cc1ccc(-c2nc3ccccn3c2CCC(=O)Nc2cc(C)cc(C)c2)cc1,0,0.494683932935099,0.025682855467106,11.438132,0.0225454602585005,0.12917912614601484
1561,CC(C)(C)NC(=O)CCc1c(-c2ccc(Cl)cc2)nc2ccccn12,0,0.748422103000874,0.0019217049178644,-0.39477944,0.0253821298386428,0.15202176645923376
1562,CC(C)NC(=O)CCc1c(-c2ccc(Br)cc2)nc2ccccn12,0,0.713822345456697,0.0085806807296847,5.046666,0.0360075683192081,0.16336125593413275
1563,Cc1nc(-c2cccc(-c3noc(-c4ccncc4)n3)c2)cs1,0,0.564955982718999,0.0087051790481614,-8.948561,0.0036385291074361,0.09385965725556278
1564,CCn1c(SCC(=O)NC2CCCCC2)nnc1-c1cn(C)nc1-c1cccc(OC)c1,0,0.519402232749886,0.0035980200788526,2.3254147,0.0284983357704296,0.11817254441229956
1565,Cc1ccc(-c2nc(CSc3nc4c(c(=O)[nH]3)CN(Cc3ccccc3)CC4)c(C)o2)cc1,0,0.327460138466046,0.0122999845836006,-6.3504024,0.0221681278674925,0.15144275991961342
1566,Nc1c(-c2ccccn2)nsc1C(=O)N1CCSCC1,0,0.918223666494294,0.0058052031315723,-21.056751,0.0462681946513009,0.23626949377650544
1567,COc1ccc(C(C)NC(=O)c2ccc(NC(=O)C3CC3)cc2N2CCCCCC2)cc1,0,0.647944716498316,0.0345755484212106,-11.598367,0.03294177699879,0.09946889474555921
1568,O=C(NCc1cccnc1-c1ccc(F)cc1)c1cc(F)cc(F)c1,0,0.775702009370597,0.0045474587659198,-6.1793184,0.0387802295136405,0.3279196838215598
1569,COc1c(C(=O)NC(C)(C)C)sc2ccc(Cl)cc12,0,0.906384417322933,0.0062652929028924,-6.6341357,0.0481197670739326,0.3812117285815143
1570,CCN(Cc1ccccc1)C(=O)c1ccc(-c2cccnc2)nc1,0,0.718718697242466,0.0037846499081904,2.4569583,0.0116232436862077,0.3663216078035584
1571,O=C(NCC1CCCCC1)c1ccc(-c2cccnc2)nc1,0,0.939542829788359,0.385490602908533,-4.641809,0.015703748205756,0.21632834381648247
1572,O=C(NC1CCN(Cc2ccccc2)CC1)c1ccc(-c2cncnc2)nc1,0,0.744546067239854,0.0057413503615155,-7.3427587,0.0181315686680017,0.21127399737277236
1573,Cc1noc(-c2ccc(SCC(=O)NCc3ccccc3)nc2)n1,0,0.69505791459911,0.0060086756951553,-1.2084676,0.0161716893959333,0.11172237536218318
1574,CCNC(=O)c1ccc(-n2nc(C)c(C)c2C)nc1,0,0.914911543220276,0.0035005193605505,-13.904694,0.0300453341557381,0.1482449314886638
1575,COc1cccc(N2CCN(CC(O)c3ccc(C)cc3)CC2)c1,0,0.916447900051664,0.0622309737128983,-9.025076,0.3485310500901681,0.5268427125373899
1576,NCc1nc(-c2ccc(Cl)cc2)no1,0,0.819967983481401,0.997451369537154,-7.5822473,0.1687427290982619,0.18645761319863202
1577,Cc1ccc(-c2nc(C3CCNCC3)no2)cc1,0,0.880151984404131,0.0303349205763529,-5.0615864,0.0821617068371956,0.10544610000690646
1578,NC(=O)c1ccccc1O,0,0.591271220835696,0.999127835425519,10.600881,0.0735323865608804,0.32961854633194304
1579,O=C(Nc1cccc(C(F)(F)F)c1)c1cnn(-c2cccc(F)c2)c1C1CCNCC1,0,0.585343277136847,0.0063647265639944,-5.593674,0.1643678895568078,0.2807890556158767
1580,COc1ccccc1C1CCNCC1,0,0.773146364617277,0.549777361018308,6.646877,0.1204700147961493,0.18599128905328094
1581,O=C(CCN1CCN(c2ccccc2)CC1)Nc1cccc(Br)c1,0,0.850437260013864,0.0129808402931325,-5.3056617,0.1016233550459978,0.3559076680182917
1582,Fc1ccc(-c2cn3cc(Cc4ccccc4)sc3n2)cc1,0,0.531568091046508,0.0101585399240284,-0.82352644,0.0107700711588967,0.09381456891649982
1583,CCN(CC)C(=O)c1sc2c(c1C)c(=O)n(Cc1ccccc1)c(=O)n2Cc1ccc(Cl)cc1,0,0.370902159834961,0.0105393775682229,2.4409118,0.0621863502803358,0.26954814948189293
1584,COc1ccc(-n2c(=O)c3c4c(sc3n(Cc3ccc(C(C)(C)C)cc3)c2=O)CCC4)c(OC)c1,0,0.39210289448807,0.0132798813658496,7.538051,0.0261606659419348,0.10762951553460479
1585,c1ccc2c(NC3C4CC5CC(C4)CC3C5)nc(N3CCOCC3)nc2c1,0,0.899842613452674,0.0192173858918304,0.6195282,0.0161717445539567,0.19181486879399862
1586,Cc1cc(-c2nn3c(-c4ccccc4)nnc3s2)c2ccccc2n1,0,0.47728818344545,0.0362605599011521,-0.25489116,0.0056672275228673,0.12532228770887222
1587,Fc1ccccc1CSc1nnnn1-c1ccc2c(c1)OCO2,0,0.685630660389247,0.0017668362530481,-0.98868865,0.0072092285970305,0.1301373759928032
1588,COc1nsc(S(C)(=O)=O)c1C#N,0,0.718571581063509,0.0680135467318427,-5.193004,0.0303120210490285,0.09467025123342528
1589,O=S(=O)(Cc1ccccc1Cl)c1nnnn1-c1ccc2c(c1)OCO2,0,0.684681602818221,0.00257917698498,-3.17562,0.0492243512763559,0.2242962866928231
1590,COC(=O)C(Cc1ccccc1)NC(=O)c1cc(OC)c(OC)c(OC)c1,0,0.714717470211822,0.336386086172148,0.5075263,0.1236038436372644,0.5438179426693741
1591,CCOc1ccccc1NC(=O)c1c(NC(=O)C2C3CC4CC(C3)CC2C4)sc2c1CCCCC2,0,0.442149232360233,0.370623965135678,5.779371,0.0286068507706015,0.17919819117407856
1592,Cc1ccc(C(=O)COC(=O)C(Cc2ccccc2)NC(=O)C23CC4CC(CC(C4)C2)C3)cc1,0,0.460167335285413,0.248357402582484,3.5520883,0.0599971728495417,0.4578342616456232
1593,Cc1ccc(NC(=O)N(CCOC2CC3CCC2(C)C3(C)C)C2CCCCC2)cc1,0,0.58775482867942,0.0529359890974449,6.5737395,0.1150284203953684,0.1330708506876597
1594,O=C(c1ccc(Cl)cc1)c1cc2ccccc2o1,0,0.639476214248799,0.679256856766748,10.839822,0.3064451776323024,0.43915499667764857
1595,CCN(CC)S(=O)(=O)c1ccc(C(=O)NCCC23CC4CC(CC(C4)C2)C3)cc1,0,0.69242529301327,0.0407241629898786,10.395072,0.0476492172777684,0.4823275842297308
1596,CCOC(=O)c1c(NC(=O)c2cn(-c3ccccc3)nc2C23CC4CC(CC(C4)C2)C3)sc2c1CCCC2,0,0.360334207993116,0.44388140640793,1.3447787,0.0153631893953113,0.08351715752937125
1597,O=C(NCCC12CC3CC(CC(C3)C1)C2)c1ccc(S(=O)(=O)N2CCCCC2)cc1,0,0.73557567716634,0.0308904119751114,15.15367,0.0271897382745395,0.331759205662933
1598,CCN(CC)S(=O)(=O)c1ccc(-c2ccccc2)cc1,0,0.845866654258205,0.998720227887187,5.259045,0.1365628612859931,0.5966368066251366
1599,CN(C)S(=O)(=O)c1cc(C(=O)NC23CC4CC(C)(CC(C)(C4)C2)C3)c(Cl)cc1Cl,0,0.708613650842857,0.0196208979939402,2.3314843,0.0890050829950239,0.43204864902522255
1600,COc1ccc(C23CC4CC(CC(C4)C2)C3)cc1C(=O)NC(c1ccccc1)c1ccccc1,0,0.453766760496579,0.718649760109308,5.8555713,0.0662725849547189,0.3422054074483839
1601,CCOc1ccc(CCNC(=O)c2cc(C34CC5CC(CC(C5)C3)C4)ccc2OC)cc1OCC,0,0.460588829913783,0.532604691716875,-1.4237466,0.1850891243658869,0.46090857282427355
1602,CCCc1cc(C(=O)Nc2ccccc2C(=O)NC23CC4CC(CC(C4)C2)C3)n(C)n1,0,0.730557785353823,0.0105674723670178,4.354283,0.0174108251038383,0.14336835651425717
1603,Cn1nc(C2CC2)cc1C(=O)Nc1ccccc1C(=O)NC12CC3CC(CC(C3)C1)C2,0,0.762208902731378,0.0162923201576704,2.5488992,0.0171924111835979,0.07678313208873232
1604,NCc1ccc(-c2ccc(Cl)cc2)o1,0,0.822277713553598,0.992085249426556,8.025168,0.3736879240763391,0.20918194017980124
1605,NC(=O)CC(c1ccccc1)c1cc(F)ccc1O,0,0.885824086698507,0.176430768384585,7.340795,0.6419935535480256,0.6818478546278466
1606,CCSc1nc(-c2ccc(OC)cc2)ccc1C#N,0,0.793885116344548,0.0015022116235032,1.005637,0.009735907337464,0.06382704760683786
1607,Cc1cccc(NC(=O)C(CC(C)C)NC(=O)c2ccc(C34CC5CC(CC(C5)C3)C4)cc2)n1,0,0.562728833020167,0.459456999093278,-13.316933,0.0592525153982305,0.2358577288267965
1608,CCn1c(C(=O)N2CCC(C(=O)NC(C)C34CC5CC(CC(C5)C3)C4)CC2)cc2sccc21,0,0.649052100400019,0.104809169209939,4.417758,0.0285760006873089,0.09056391275935065
1609,CC(NC(=O)C1CCN(C(=O)c2cc3sccc3n2C)CC1)C12CC3CC(CC(C3)C1)C2,0,0.722060371825634,0.0185005089142754,2.7150702,0.0251687288877551,0.0906359397709196
1610,CC(NC(=O)c1ccc(Cn2c(SCc3cccc(C(F)(F)F)c3)nc3ccncc32)cc1)c1ccccc1,0,0.207866425518135,0.33949461448846,0.9581641,0.0362422146347978,0.14842559322126675
1611,O=C(O)C1CCCN1S(=O)(=O)c1c[nH]cn1,0,0.756986040439597,0.251090173377279,3.6017003,0.3013577810246666,0.291372103784335
1612,CC(C)Cc1sc(N)nc1C(=O)O,0,0.776952012489228,0.210280935466543,6.09222,0.2272978410745646,0.38569085685563753
1613,CC(=O)Nc1cccc(NC(=O)c2cccn(Cc3ccccc3Cl)c2=O)c1,0,0.689810166734554,0.0346273524138961,-12.685941,0.0539919456245248,0.19935284472065737
1614,COc1cc(OC)c(-c2cc(C(=O)NCc3ccccc3)c3c(-c4ccc(C)cc4)[nH]nc3n2)cc1OC,0,0.284949643894379,0.610044849108336,5.8519316,0.025603995719325,0.15420478883503486
1615,COc1ccc(CNC(=O)c2cc(-c3cc(OC)c(OC)cc3OC)nc3n[nH]c(-c4ccc(F)cc4)c23)cc1,0,0.256979458314871,0.755389335248627,6.5460877,0.0596550300596373,0.1643686981553158
1616,COc1cc(OC)c(-c2cc(C(=O)NCc3ccc(C)cc3)c3c(-c4ccc(F)cc4)[nH]nc3n2)cc1OC,0,0.269396904003003,0.645552611775003,6.450276,0.0506400466895062,0.14315082006555016
1617,O=C(NCC1CCCCC1)C1(c2ccc(NS(=O)(=O)c3ccc(C4CCCCC4)cc3)cc2)CC1,0,0.454523656331889,0.584004115800426,6.8521695,0.0567039669112581,0.12010815872340268
1618,Cc1ccc(CNC(=O)C2CCN(c3cc(C)nc4cc(-c5ccc(Cl)cc5)nn34)CC2)cc1,0,0.432470462517932,0.0308828788018186,-12.529507,0.0256182722250747,0.0919910902076596
1619,Cc1cc(N2CCC(C(=O)NCc3ccc(Cl)cc3)CC2)n2nc(-c3ccccc3)cc2n1,0,0.461191804125603,0.106413285634284,-13.115872,0.0273289694057039,0.09460985447889157
1620,Cc1cc(N2CCC(C(=O)NCc3ccccc3C)CC2)n2nc(-c3ccccc3)cc2n1,0,0.495723289219901,0.0249379047693628,-12.357318,0.0164878551852399,0.08808288597724664
1621,Cc1ccc(-c2nc3ccccn3c2CCC(=O)Nc2cc(Cl)ccc2C)cc1,0,0.45443437741345,0.0178966670885919,8.499935,0.0222605450915559,0.17298558590330154
1622,CN(CCNC(=O)CCC[C@@H]1[C@H]2CCCN3CCC[C@@H](CN1C(=O)c1cccnc1)[C@@H]23)C1CCCCC1,0,0.546044454557316,0.0737520988168951,10.863746,0.0326948534713059,0.19498619058559327
1623,CN(C(=O)C12C[C@H]3C[C@@H](C1)C[C@@H](C2)C3)c1ccc(-c2onc3c2CCc2ccccc2-3)cc1,0,0.482956024855536,0.219970944438313,-5.6680636,0.0277654511792878,0.21467107816980655
1624,Cc1cccc(C(=O)NC2CCN(c3ccccc3C(=O)N3CCN(C4CCCCCC4)CC3)CC2)c1,0,0.592723188449696,0.0064136794751788,-1.4188604,0.0573670824760518,0.5942352959197702
1625,CCC(C)CN(CC(=O)N1CCN(c2ccc(-c3ccc(OC)cc3OC)nn2)CC1)C(=O)c1ccccc1F,0,0.375723512874833,0.0729078551397888,6.0348697,0.0635970433624738,0.14489059150306197
1626,Cc1ccc(OCC(=O)c2ccc3c(c2)N(Cc2ccc(C(=O)NC4CCCCC4)o2)C(=O)CO3)cc1,0,0.442949129967689,0.0118749047765945,1.6521934,0.0260991275936649,0.2416365991591703
1627,CC(C)c1cc(N(C)C2CCCCC2)nc(SCc2ccc(C(=O)NCC3CC3)cc2)n1,0,0.384762299660841,0.05474361057767,1.9400061,0.0201513266337421,0.0937387723944221
1628,COc1cccc(-c2nnc(NC(=O)CCN(C(=O)COc3ccc(Cl)cc3)C3CCCCC3)s2)c1,0,0.37658431840442,0.404079915686797,1.1909374,0.0233440426852763,0.09733027874274389
1629,O=C(c1ccc(C(F)(F)F)cc1)N(CCCN1CCOCC1)CCc1nc(-c2cccc(C(F)(F)F)c2)no1,0,0.338516895362308,0.890011693891982,-0.8166831,0.0735524538757411,0.207934971870097
1630,Cc1nc(-c2cccc(F)c2)sc1C(=O)N[C@@H](Cc1ccccc1)C(=O)O,0,0.679442898702549,0.009875158181534,-4.6612434,0.0406607909278391,0.5348656991367764
1631,Cc1ccc(Cn2c(=O)[nH]c3ccccc32)cc1,0,0.731979215479189,0.106673345749313,3.1401734,0.3205273844132387,0.1731620637417784
1632,CC1CCN(C(=O)c2cccnc2)CC1,0,0.700206476414989,0.982702217934164,-3.9583874,0.0637638342786476,0.14551751899517312
1633,Cc1cc(C(=O)NC2CCN(C)CC2)cs1,0,0.852972025064573,0.0045633699335869,6.1274853,0.122592376708728,0.1508578801148332
1634,O=C(NCc1ccc(CNC(=O)C2CCCCC2)cc1)C1CCCCC1,0,0.806756938930425,0.950856493772513,12.340332,0.0288991466514873,0.49543352604507807
1635,Cc1cc(C(=O)NC2CCCC2)cs1,0,0.796917678848478,0.0832601857937359,11.936507,0.0220149434447761,0.11962626423010636
1636,Cc1ccccc1C(=O)NC1CCN(C(C)C)CC1,0,0.905735337415674,0.0524491784110943,-13.70485,0.6751274524379189,0.43880378258524705
1637,Cc1cc(C(=O)NC2CC2)on1,0,0.708946926773246,0.0418858018871109,8.937863,0.0226895535622661,0.1045307984483738
1638,O=S(=O)(Nc1ccc(F)cc1)c1ccc(-c2ccc(Cl)nn2)s1,0,0.758838563144442,0.112518330098943,1.7464217,0.03760998952703,0.17318838084738455
1639,CC1CC(C)CN(CCCN2C(=O)c3ccc(-c4ccco4)n3CC2(C)C(=O)NC2CCCCCC2)C1,0,0.524061415862154,0.365127439192594,1.3860804,0.0366754840150452,0.10584454726376225
1640,CCC1CCCCN1CCCN1C(=O)c2cc3occc3n2CC1(C)C(=O)NC1CCC(C)CC1,0,0.615522120615071,0.0075525104630625,10.570838,0.0486737781596114,0.1280249629716182
1641,CC1CCCC(C)N1CCCN1C(=O)c2cc3occc3n2CC1(C)C(=O)NC1CCCCCCC1,0,0.586749832170927,0.056125556559943,13.735883,0.1046122968950564,0.16663169860517552
1642,COc1cccc(CN2C(=O)c3cc(C4CC4)nn3CC2(C)C(=O)NC2CCCCCC2)c1,0,0.674611695962905,0.0029709769738938,5.100139,0.027118132898968,0.0832005517309539
1643,COc1ccccc1CN1C(=O)c2cc(C(C)(C)C)nn2CC1(C)C(=O)NC1CCCCCCC1,0,0.66484806973329,0.0171099399004979,6.5185084,0.0173933859354553,0.16714156045287387
1644,CCc1ccc(-c2cc3n(n2)CC(C)(C(=O)NC2CCCCCCC2)N(CCC(C)C)C3=O)cc1,0,0.563024850973593,0.0299055894038808,4.636499,0.034037779744563,0.15058399738058637
1645,CC1(C(=O)NC2CCCCCCC2)Cn2c(cc3ccccc32)C(=O)N1CCN1CCCCCC1,0,0.660775347869586,0.0312528472175432,-1.1277184,0.0621623667887779,0.20770727302948946
1646,CC1(C(=O)NC2CCCCCC2)Cn2c(ccc2-c2ccco2)C(=O)N1C1CCCCCC1,0,0.622135598429231,0.0232326740486165,5.4928994,0.0321718484119869,0.12282317253955366
1647,CC1CCC(N2C(=O)c3ccc(-c4ccco4)n3CC2(C)C(=O)NC2CCCCCC2)CC1,0,0.634742576299537,0.0258488491537687,4.540442,0.0185296223268378,0.10906239311179936
1648,CCOc1ccc(CCN2C(=O)c3ccccc3C2C(=O)NC2CCCC(C)C2C)cc1OCC,0,0.540298751934018,0.0513053455022613,-0.23976147,0.0698775589835647,0.2586798267569742
1649,Cn1nc(C(=O)Nc2ccccc2)c2c1CCN(Cc1ccc(C(=O)NC3CCCCCC3)cc1)C2,0,0.496978280829081,0.0969187550841613,-10.903882,0.0226993491077896,0.12859037967393322
1650,Cc1ccccc1C(=O)N1CCc2c(c(-c3nc(-c4cccc(F)c4)no3)nn2C)C1,0,0.507007514573709,0.0070563543515345,-17.538008,0.0292978120120349,0.11714202603629195
1651,COc1cccc(CSc2nc3c(c(=O)[nH]2)CN(Cc2ccccc2)CC3)c1,0,0.511932648110399,0.0025449381982536,-15.752593,0.0337395412991735,0.20943849887865928
1652,O=c1[nH]c(SCc2cccc(F)c2)nc2c1CN(Cc1ccccc1)CC2,0,0.540054416035608,0.0299248038739148,-18.240479,0.0395911812400997,0.28107276692048205
1653,Cc1c(-c2ccc(OCc3ccccc3)cc2)nc2ccccc2c1C(=O)O,0,0.505427730394515,0.0599587189603897,3.2928843,0.1671383289798218,0.3101792894985083
1654,N#Cc1c(N)nc(SCc2ccc(F)cc2)c(C#N)c1-c1cccs1,0,0.683707234098548,0.0028428888607675,4.0190306,0.003570725216882,0.06424496751665623
1655,CCOC(=O)c1cc2cc(OCc3ccccc3)ccc2nc1C,0,0.6574527954795,0.0058450905745475,0.39448392,0.1459337455298224,0.21465888573041916
1656,Cc1cccc(C)c1Nc1c(-c2ccc(Cl)s2)nc2ncccn12,0,0.529956021338882,0.0194078155790721,10.300435,0.0122944610792162,0.0946026609010949
1657,O=C(CC1CCCCC1)Nc1cccn2nc(C3CCC3)nc12,0,0.930962321109714,0.0007945272667315,-6.2989264,0.0165101675238994,0.08831791103867173
1658,O=c1c2ccccc2c(-c2ccccc2)nn1Cc1nc(-c2ccccc2)no1,0,0.467977293710042,0.0079154327641481,-3.8785663,0.0269694530998259,0.148627345218836
1659,CC(C)Cc1ccc(S(=O)(=O)Nc2cccc(Oc3ncccc3C(=O)NC3CCCC3)c2)cc1,0,0.407554182025721,0.173575492245243,4.8421593,0.0640596130524319,0.09145281149904494
1660,CC(C)NC(=O)c1ccc(Oc2ccc(NS(=O)(=O)c3ccc(F)cc3)cc2)nc1,0,0.592697352781372,0.0288011266160995,-4.2915483,0.071281874175049,0.22503715459503973
1661,CCNC(=O)c1ccc(Oc2ccc(NS(=O)(=O)CC)cc2)nc1,0,0.799737465193238,0.002851615167996,-13.720865,0.0940180598887324,0.4013768371018629
1662,CC(=O)Nc1ccccc1C#N,0,0.67663130061725,0.993053897640809,3.8353648,0.05600765212926,0.09369395220973349
1663,O=C(NC1CCCCC1)NC12CC3CC(CC(C3)C1)C2,0,0.794867638603148,0.933069691348801,17.642078,0.0808058397826498,0.2525593807522154
1664,Cc1cccc(Nc2nc(C)cc(C)c2C#N)c1,0,0.867340276424445,0.007136357300765,2.4767337,0.0096938602257199,0.07446341996978136
1665,NS(=O)(=O)c1ccc2ccccc2c1,0,0.769654248177406,0.999650312511511,-6.6610312,0.6460874226459102,0.4428135252306111
1666,CC(=O)C1CCC2C3CC[C@H]4CC(O)CCC4(C)C3CCC12C,0,0.767211059823131,0.999204385956432,15.805985,0.9996580914451324,0.8912775602833232
1667,C=C(C)n1c(=O)[nH]c2ccccc21,0,0.703125943744511,0.148793628750496,10.913499,0.0310555448885703,0.2431476528504267
1668,COc1ccc(NC(C)=O)cc1OC,0,0.797476322173798,0.999094408942561,2.6911802,0.0535062271971618,0.19309205344088778
1669,COC(=O)Cn1nc(-c2ccccc2)c2ccccc2c1=O,0,0.695017027443842,0.0215623682249592,-1.5570242,0.1723536856668863,0.3117612888470174
1670,O=C(O)c1cc2c([nH]c1=O)CCCC2,0,0.697212514631099,0.750836587434259,11.275413,0.819620595325827,0.4763763810528373
1671,Nc1nnc(Cc2ccccc2)s1,0,0.785805487086197,0.987450965473143,10.162002,0.0730453848699657,0.25497586939494477
1672,CCc1ccc(C(=O)COC(=O)C(CCSC)NC(=O)C23CC4CC(CC(C4)C2)C3)cc1,0,0.41567215288688,0.257112968475931,10.501435,0.1286606449877667,0.5392894060325276
1673,CCOc1ccc(NC(=O)CSc2nc3cc(C(=O)NCC4CCCO4)ccc3c(=O)n2CC2CCCO2)cc1,0,0.266823076891594,0.0818620483200843,8.465097,0.0709043470929404,0.1266421343663249
1674,Cc1ccc(NC(=O)CSc2nc3cc(C(=O)NCC4CCCO4)ccc3c(=O)n2CC2CCCO2)cc1,0,0.317941824302118,0.0743809228825852,5.5285273,0.0439861269252521,0.12478768088091038
1675,Cc1onc(-c2c(Cl)cccc2Cl)c1C(=O)Nc1c(C)n(C)n(-c2ccccc2)c1=O,0,0.467413476788992,0.136584443481044,1.8867441,0.6918489959073805,0.1843870536470438
1676,Cc1ccn(CCC(=O)O)n1,0,0.695578486787014,0.986149971462006,-2.9025416,0.0355645828258309,0.2496768027439277
1677,CCc1ccccc1NC(=O)Cn1c(=O)n(-c2ccc(CC(=O)NCC3CCCO3)cc2)c(=O)c2ccccc21,0,0.338812952096693,0.188622944741121,2.3593383,0.078727847368426,0.18453800612407711
1678,COc1cccc(-c2nn(-c3ccc(Cl)cc3)c3c2cnc2ccccc23)c1,0,0.387716231185059,0.194873078886062,-3.7177,0.0137626860214741,0.13342523781613702
1679,COc1oc(-c2ccccc2C)nc1C(F)(F)F,0,0.82277529417767,0.401957149027127,-10.824559,0.0504286850176824,0.33143172527891773
1680,Cc1[nH]c2nc(-c3cccnc3)nn2c(=O)c1Cc1ccccc1,0,0.629251866123569,0.0024365413640471,-5.358021,0.0242209504518566,0.1755077334102038
1681,Cn1c(CCNC(=O)c2ccccc2)nc2cc(NC(=O)C3CCCCC3)ccc21,0,0.650357065494382,0.0132334756884257,-0.0073975325,0.0127374143900273,0.14218242012483623
1682,Cn1c(CN2CCCC2)nc2cc(NC(=O)Nc3ccccc3)ccc21,0,0.752734151303123,0.0655312545379545,-12.129991,0.1471258731519129,0.06284563766653128
1683,Cc1ccc(NC(=O)c2nnn(-c3ccc(Cl)cc3)c2C)c(C)c1,0,0.780516533553765,0.0064683320969241,-4.0275598,0.0275686132310268,0.1635076283876503
1684,Cc1nn(C)c(N)c1-c1ccccc1,0,0.741433796611168,0.43878457514057,-11.291383,0.0267672393109119,0.2607258211971441
1685,Cc1nc(CSc2nnc(N)s2)cs1,0,0.838306472509202,0.0095354596460476,11.438485,0.1216801112889793,0.12686394465871925
1686,COc1ccccc1-n1nc(C)c(-c2ccccc2)c1N,0,0.798704469107899,0.0548152001096967,-8.965022,0.0269062316190353,0.11583117511575884
1687,CN(C(=O)CSc1nnc(-c2ccccc2F)o1)c1ccccc1,0,0.662196311026908,0.0072969062542458,-5.745127,0.0178669835103289,0.2596961477503741
1688,CC(=O)Nc1c(-c2ccccc2)nc2cc(C)ccn12,0,0.772638063492698,0.0154159240885223,2.1050673,0.1637960148882935,0.20464759946049255
1689,O=C(Cc1c(F)cccc1Cl)N1CCOCC1,0,0.80970774764966,0.215362368863001,-19.69347,0.171867854102874,0.35718805417970023
1690,Cc1onc(-c2ccccc2Cl)c1C(=O)N1CCCC1,0,0.849685314378886,0.0079899293994347,-15.416243,0.0574780899691596,0.09379733505200871
1691,CCCNC(=O)c1ccccc1C(=O)NCCC,0,0.808257165571497,0.993593999095742,11.034505,0.7579995046915134,0.6508670754193515
1692,CC(=O)Nc1ccccc1Oc1ccccc1,0,0.871814034248296,0.998237387541594,4.79756,0.7841663258359534,0.44959338685078043
1693,O=C(O)CCc1ccncc1,0,0.70325195232415,0.999743753510995,3.0962968,0.0645246021687324,0.360464037935763
1694,Clc1ccc(-c2nnc3sc(-c4ccccn4)nn23)cc1,0,0.567479028505767,0.385330106811373,-9.825696,0.0117175124881966,0.17496049309130257
1695,N#Cc1cnc2cc(-c3ccccc3)nn2c1N,0,0.697568195308957,0.0103935155326864,-4.43434,0.109676296420973,0.0629584075587001
1696,Cc1onc(-c2ccccc2)c1C(=O)Nc1ccc(Cl)cn1,0,0.794607072421397,0.0314348924145474,-2.4941127,0.0227665880210907,0.13125451026979523
1697,O=C(O)c1cccnc1-c1ncccc1C(=O)O,0,0.848814872836239,0.999648098577271,3.5476432,0.848137877586017,0.614800729324678
1698,CC1CCCC(NC(=O)C2(C)Cn3c(cc4occc43)C(=O)N2CCc2ccc(Cl)cc2)C1C,0,0.53829809597246,0.0465275708651909,9.456173,0.0401582416774021,0.11133733014651573
1699,CN1C(=O)c2cc(C(=O)NC3CCCCC3)nn2CC1(C)C(=O)NCc1ccc(F)cc1,0,0.743915805224141,0.0072333839036547,4.750373,0.0345023699536033,0.31913355335145677
1700,O=C(NCc1ccccn1)c1ccc(Cn2c(SCc3ccc(F)cc3Cl)nc3ccncc32)cc1,0,0.259782399470711,0.266815655903427,0.6036118,0.0197282024513572,0.10810372612382166
1701,CC(C)NC(=O)c1ccc(Cn2c(SCc3ccc(Cl)cc3)nc3ccncc32)cc1,0,0.37409728573603,0.0274948858326159,-0.3576039,0.0822682195037818,0.11359411137273097
1702,CC(C)NC(=O)c1ccc(Cn2c(SCc3ccccc3Cl)nc3ccncc32)cc1,0,0.37409728573603,0.0356656730449461,-1.7875365,0.0339478694095985,0.11387575996404331
1703,CC(C)NC(=O)c1ccc(Cn2c(SCc3ccc(F)cc3Cl)nc3ccncc32)cc1,0,0.353166039156008,0.0249720631551002,-0.5751113,0.0509170814744188,0.12003468727421343
1704,O=C(NC1CC1)c1ccc(Cn2c(SCc3ccc(Cl)cc3)nc3ccncc32)cc1,0,0.388668810147009,0.0231191961722447,-0.30889857,0.0121295325248745,0.07978793175766194
1705,O=C(NC1CCS(=O)(=O)C1)c1ccc(Cn2c(SCc3ccc(Cl)cc3)nc3ccncc32)cc1,0,0.359916033519845,0.0531368684739628,-2.8499227,0.0676704288183047,0.0662156795422511
1706,O=C(CSc1nc2ccc(NC(=O)C3CCCCC3)cc2s1)NC(c1ccccc1)c1ccccc1,0,0.25286147945352,0.551558631841619,8.874419,0.0213346413077097,0.1767837998907556
1707,Cn1c2ccccc2c2c(C(=O)NC3CCCCCC3)cn(C3CCCCC3)c(=O)c21,0,0.573953758858445,0.191897359787787,5.105557,0.0194369846934433,0.14776220390750777
1708,CCCCN(CC)CCNC(=O)c1cn(C2CCCCC2)c(=O)c2c1c1ccccc1n2C,0,0.506947226032595,0.179223868481665,4.394265,0.041123895348627,0.15720112024262772
1709,COCCN1CCn2c(nc3cc(NC(=O)Nc4ccccc4)ccc32)C1,0,0.728644993426224,0.0012694735422982,-5.564873,0.0824765545882228,0.09735683750449559
1710,Cc1ccc(NC(=O)N2CC=C(c3c[nH]c4ccccc34)CC2)cc1F,0,0.676513462641718,0.079916407366207,6.2397013,0.0134902405605011,0.12313104663135044
1711,CCn1c(SC)nc2c([nH]c3ccccc32)c1=O,0,0.56828585742358,0.197550486799734,18.132015,0.068155822337441,0.2011033002931565
1712,O=C(OCC12CC3CC(CC(C3)C1)C2)c1ccc(NC(=O)C2CCCO2)cc1,0,0.775025438948384,0.0384350619627088,3.1915088,0.0673132842148168,0.4942474953723034
1713,CC(C)C(NC(=O)c1ccc(C23CC4CC(CC(C4)C2)C3)cc1)C(=O)NCc1cccnc1,0,0.653254538771063,0.397245707199703,-8.291465,0.0166994935033302,0.40640631511054676
1714,CC(C)CC(NC(=O)c1ccc(C23CC4CC(CC(C4)C2)C3)cc1)C(=O)NCc1cccnc1,0,0.582887051105401,0.389139576697593,-9.082185,0.016069968678009,0.3753264328607791
1715,CCCN(C(=O)CC12CC3CC(CC(C3)C1)C2)c1nc(-c2ccc(Br)cc2)cs1,0,0.456234978989076,0.178121188779364,14.331605,0.0197267024118603,0.21248854765948888
1716,CC(NC(=O)C1CCCN(C(=O)c2cc3sccc3n2C)C1)C12CC3CC(CC(C3)C1)C2,0,0.722060371825634,0.0072782590151032,3.058959,0.0186858732372692,0.0827268521524765
1717,CCOC(=O)c1cnc2c(C)c(C)ccc2c1O,0,0.826320758086387,0.669956441028577,9.875287,0.1082418673799955,0.5226895271306298
1718,CCn1c(SCC(=O)Nc2nc(-c3ccc(C)cc3)cs2)nnc1-c1ccccc1O,0,0.39094105160034,0.0403630724612381,5.261527,0.0187059953184336,0.07313483491308512
1719,CCCN(C(=O)c1cc(OCC)c(OCC)c(OCC)c1)c1nc(-c2ccc(C3CCCCC3)cc2)cs1,0,0.233932347657392,0.383989134445589,1.0941375,0.0619144096577474,0.17977958889838863
1720,CCCN(C(=O)c1ccc(C(C)(C)C)cc1)c1nc(-c2ccc(C3CCCCC3)cc2)cs1,0,0.371158098955797,0.856691628321625,5.1219964,0.0400129544016638,0.20909406755750645
1721,CC(Cc1ccco1)NC(=O)c1ccc(CSc2nc3cccnc3n2Cc2ccccc2F)cc1,0,0.256554132243887,0.0697484598584527,3.4349637,0.0150411105287793,0.10696851267850394
1722,COc1ccc(Cn2c(SCc3ccc(C(=O)NCCN4CCCC4)cc3)nc3cccnc32)cc1,0,0.320216347882642,0.0081301289378629,-2.3898716,0.1055145716466432,0.08455729732765808
1723,CC(CNC(=O)c1ccc(CSc2nc3cccnc3n2Cc2ccccc2)cc1)c1ccccc1,0,0.245190426047447,0.0681062551155187,2.6009288,0.0066323663549175,0.11388770050655209
1724,O=C(NCCN1CCCC1)c1ccc(CSc2nc3cccnc3n2Cc2ccccc2)cc1,0,0.361688454187583,0.0469112585827109,-3.4560027,0.0306376743962856,0.08372253977043262
1725,O=C(NCc1ccccc1)c1ccc(CSc2nc3cccnc3n2Cc2ccc(F)cc2)cc1,0,0.282349843799992,0.0414949220134837,-0.20768511,0.0080561983590501,0.10715660654678483
1726,O=C(NC1CCCCCC1)c1ccc(CSc2nc3cccnc3n2Cc2ccc(F)cc2)cc1,0,0.242770247634716,0.0720334093458646,1.5256294,0.0180813357841413,0.11659709947929864
1727,O=C(NCCc1ccccc1)c1ccc(CSc2nc3cccnc3n2Cc2ccc(F)cc2)cc1,0,0.258870229645746,0.0602085664897986,2.6569996,0.0112798222764647,0.10519518282942594
1728,O=C(NCc1cccs1)c1ccc(CSc2nc3cccnc3n2Cc2ccc(F)cc2)cc1,0,0.276271377952142,0.032732723383119,1.6400269,0.0074385940643011,0.0702779092043238
1729,O=C(NC1CCCCCC1)c1ccc(CSc2nc3cccnc3n2Cc2cccc(F)c2)cc1,0,0.242770247634716,0.0793539745982007,-1.5590466,0.0158609789170445,0.1079734451946776
1730,CC(C)NC(=O)c1ccc(CSc2nc3cccnc3n2Cc2cccc(F)c2)cc1,0,0.413701118049297,0.0185078812282122,-6.542168,0.0255532748955389,0.11673372361976686
1731,CC(C)CCNC(=O)c1ccc(CSc2nc3cccnc3n2Cc2cccc(F)c2)cc1,0,0.324878674392738,0.0633867916954902,-6.3706813,0.0163613580411224,0.104361253982543
1732,CCC(C)NC(=O)c1ccc(CSc2nc3cccnc3n2Cc2ccccc2F)cc1,0,0.36479665853369,0.016153727817388,1.8538927,0.018242156517523,0.12736285392778315
1733,Cc1ccc(CNC(=O)c2ccc(CSc3nc4cccnc4n3Cc3ccc(C)cc3)cc2)cc1,0,0.257627269711639,0.0476029696949446,3.4750676,0.01663513907768,0.0989826828908881
1734,Cc1ccc(Cn2c(SCc3ccc(C(=O)NCc4ccccc4F)cc3)nc3cccnc32)cc1,0,0.261891092742867,0.0675201550665483,0.40452683,0.0085897189861685,0.09609715382168299
1735,Cc1ccc(Cn2c(SCc3ccc(C(=O)NCCc4cccs4)cc3)nc3cccnc32)cc1,0,0.249010595979434,0.0442844356991473,3.9901443,0.0040810082812968,0.06714430222399001
1736,Cc1cccc(Cn2c(SCc3ccc(C(=O)NC4CC4)cc3)nc3cccnc32)c1,0,0.422221776845206,0.0121184677285142,-2.4941058,0.0038488588846208,0.07545454969239175
1737,Cc1cccc(Cn2c(SCc3ccc(C(=O)NC4CCC(C)CC4)cc3)nc3cccnc32)c1,0,0.30889752302425,0.0541910495302013,-1.9870477,0.0124684086083953,0.11385616650149466
1738,Cc1cccc(Cn2c(SCc3ccc(C(=O)NCc4ccccc4C)cc3)nc3cccnc32)c1,0,0.257627269711639,0.0546776653551416,0.3981918,0.0087933381822138,0.1084470697537981
1739,COc1ccc(Cn2c(SCc3ccc(C(=O)NCCC(C)C)cc3)nc3cccnc32)cc1,0,0.30499272381816,0.0281378783247635,-1.9399817,0.0120656689664044,0.11055462681920017
1740,CCC(C)NC(=O)c1ccc(Cn2c(SCc3ccccc3)nc3cccnc32)cc1,0,0.385439354361954,0.0585893837632372,-2.9834619,0.0145911915485284,0.11460700160148769
1741,O=C(NC1CCCCCC1)c1ccc(Cn2c(SCc3ccc(F)cc3)nc3cccnc32)cc1,0,0.242770247634716,0.0720334093458646,1.3880318,0.017399905424268,0.10396094294529867
1742,O=C(NC1CCCCC1)c1ccc(Cn2c(SCc3cccc(F)c3)nc3cccnc32)cc1,0,0.335183085336176,0.101611861870483,-4.1709743,0.0149208529495725,0.09862043574806605
1743,Cc1ccc(CSc2nc3cccnc3n2Cc2ccc(C(=O)NC3CCCCCC3)cc2)cc1,0,0.239190340315334,0.0932057098265712,1.5009838,0.0176154745031709,0.10226315373067651
1744,Cc1ccc(CSc2nc3cccnc3n2Cc2ccc(C(=O)NC(C)C)cc2)cc1,0,0.408552360911579,0.0105058072987912,-1.10517,0.0179888303030023,0.09867976168579072
1745,Cc1cccc(CSc2nc3cccnc3n2Cc2ccc(C(=O)NC3CCCCCC3)cc2)c1,0,0.239190340315334,0.0451932695266585,-1.4962916,0.0113216261570017,0.11694518959883131
1746,Cc1cccc(CSc2nc3cccnc3n2Cc2ccc(C(=O)NC3CCCC(C)C3C)cc2)c1,0,0.29041995912912,0.0303291576103808,0.8780936,0.0093955645515753,0.10970463603849127
1747,CC(C)CCNC(=O)c1ccc(CSc2nc3cccnc3n2Cc2c(F)cccc2Cl)cc1,0,0.274547114088381,0.0786239019353236,-1.6135283,0.0166942848521161,0.12514100337113804
1748,O=C(NCc1ccccc1)c1ccc(-n2cnc3cccnc32)cc1,0,0.62482102089065,0.0283822495675965,-3.3257923,0.0110204153669134,0.162279626301003
1749,Cc1c(Cl)cccc1NC(=O)c1ccc(-n2cnc3cccnc32)cc1,0,0.577446690043811,0.0079295486917367,3.350358,0.010873221126098,0.1487999402160037
1750,CC(C)CCNC(=O)c1ccc(-n2cnc3cccnc32)cc1,0,0.787157535417212,0.0134328772815868,-6.774659,0.029873381384024,0.1610438390854792
1751,CC1CCC(NC(=O)c2ccc(-n3cnc4cccnc43)cc2)CC1,0,0.793783310130241,0.0024348288010733,-7.450374,0.0450090965426807,0.1457675792752246
1752,CC(C)CCNC(=O)c1cccc(-n2cnc3cccnc32)c1,0,0.787157535417212,0.0040702673658881,-7.1032333,0.0203194251048105,0.1171068322939117
1753,CCC(=O)Nc1ccc(CCc2nc3cc(C(=O)NC4CCCCC4)ccc3[nH]2)cc1,0,0.516972704930132,0.0076346447179968,8.452731,0.0171321700494467,0.13203067019416082
1754,COc1ccccc1CNC(=O)c1ccc2c(c1)nc(C)n2-c1ccc(OCc2ccccc2)cc1,0,0.304418888364102,0.0183436647297655,-0.48332977,0.0199960909050564,0.09649046538962008
1755,COC(=O)c1ccccc1NC(=O)CN1C(=O)CN=C(c2ccccc2)c2ccccc21,0,0.633150514629274,0.0167784675425134,5.1137505,0.5681553300559318,0.2574051595831076
1756,COc1ccccc1-n1cnc2cc(C(=O)NCc3cccnc3)ccc21,0,0.593905691102109,0.0013619472294237,-7.152266,0.0114366843578056,0.11815406740526942
1757,COc1ccc(-n2cnc3cc(C(=O)N4CCC5(CC4)OCCO5)ccc32)cc1,0,0.68443165765181,0.0026914468019759,4.707578,0.0343314060623105,0.12044863926965152
1758,COC(=O)c1ccccc1NC(=O)N(C)Cc1nc2cc(C(=O)NC(C)C)ccc2n1C,0,0.576494716989476,0.0072475440423868,7.218921,0.227439529434559,0.2657963354322626
1759,Cc1ccc(NC(=O)N(C)Cc2nc3cc(C(=O)NC(C)C)ccc3n2C)c(Cl)c1,0,0.635316033379881,0.0184551064954671,3.0729175,0.0511993273433644,0.20905504882656656
1760,COc1ccc(OC)c(NC(=O)N(C)Cc2nc3cc(C(=O)NC(C)C)ccc3n2C)c1,0,0.588119191639396,0.0317786966690206,4.4798923,0.1948644397997186,0.22839019882679468
1761,CCNS(=O)(=O)c1cc(-c2c(C)noc2NC(C)=O)ccc1OC,0,0.820665201612129,0.0095081909984601,-4.371413,0.722301094476219,0.40987903272009263
1762,Cn1cc(CC(=O)NC2CCCC2)c2cccnc21,0,0.915722071956268,0.0099508849922192,-8.065195,0.1539417659459562,0.08230911034735533
1763,O=C(Cn1ccc2ccc(N3CCCCCC3)nc21)NC1CCCCC1,0,0.906770335063462,0.001569892206539,-3.6578927,0.0133004661594668,0.14451142688287133
1764,COc1ccc(C(=O)O)cc1F,0,0.731630116517474,0.99956057558042,8.854788,0.0082952815759529,0.20133350982425008
1765,N#Cc1ccc(Br)cc1,0,0.603394141787257,0.998915608320336,14.125153,0.0510067011186541,0.09819185769860958
1766,Brc1ccc(-c2ccc(Br)cc2)cc1,0,0.703955499653212,0.999319017600118,16.09311,0.3252456740261675,0.25151414532672844
1767,Clc1ccc2[nH]c3ccccc3c2c1,0,0.566531871473985,0.998462097279158,4.8648443,0.0841583251328141,0.12453609065158733
1768,Brc1ccc2[nH]c3ccccc3c2c1,0,0.614607524123768,0.99758254102854,10.166184,0.0661375679820184,0.1505889009858224
1769,Clc1ccc(/C=C/c2nc3ccccc3o2)cc1,0,0.666062344668055,0.793504893734201,4.884509,0.0407712395664411,0.18801397746986076
1770,CSc1ccc(-c2ccc(SC)cc2)cc1,0,0.713623649621602,0.998971786124672,10.58186,0.4032305210340605,0.532284182803618
1771,OCc1nc(-c2ccccc2)cs1,0,0.789723931953022,0.834238784586609,4.6820745,0.0405904905071559,0.18207104547729008
1772,Cn1c2ccc(Cl)cc2c2cc(Cl)ccc21,0,0.547399579565215,0.995921292325825,4.962957,0.168056378067759,0.15048457843681642
1773,Brc1ccc2[nH]c3c(Br)cc(Br)cc3c2c1,0,0.501917178385803,0.7839467612903,4.1362395,0.2145673349726199,0.24782752659760013
1774,COC(=O)c1cc(-c2cccc(Br)c2)no1,0,0.79460493794841,0.0170142014275108,3.5937552,0.0519919055851153,0.24790292034210965
1775,CCOC(=O)c1[nH]c(C)c(CC)c1C,0,0.752212958958448,0.796593645982443,15.438703,0.0210588099957635,0.2996173761324775
1776,O=c1oc(-c2ccccc2Br)nc2ccc(Br)cc12,0,0.628678032948348,0.527516305460695,-1.019127,0.2302743384027109,0.4172868102303181
1777,CSc1nc(-c2ccccc2)cc(-c2cccs2)c1C#N,0,0.633739973288151,0.0828631662004909,-0.99829423,0.0025247027512717,0.07616305856010298
1778,N#Cc1cc2c(nc1SCc1ccccc1Cl)CCCC2=O,0,0.782614070612299,0.0084732756450157,2.0128155,0.0029524017082449,0.0771966572943841
1779,CCOC(=O)c1c[nH]c2cc(F)c(F)cc2c1=O,0,0.832383122171673,0.0086997856869709,0.23442757,0.1023865920786493,0.4420448440281087
1780,COC(=O)c1cc(-c2ccc(Br)cc2)on1,0,0.79460493794841,0.488869291720493,2.57299,0.0626771500038715,0.19372550538509928
1781,CCOC(=O)c1oc2ccc(Br)cc2c1NC(C)=O,0,0.878644530235039,0.0022729592559248,8.262107,0.1944883239284498,0.455597848349091
1782,Cc1ccc(-c2nnc3c4ccccc4c(C)nn23)cc1NC(=O)c1cccs1,0,0.469506492182506,0.0052411291158974,0.72854626,0.0105108014290227,0.06652005747115845
1783,COc1cccc2ccc(/C=C/c3cccc(Cl)c3)nc12,0,0.67300422147638,0.236697789818744,9.595854,0.036587441928615,0.2006281811255218
1784,Nc1c(C(=O)c2ccc(Cl)cc2)oc2ccccc12,0,0.719306158783947,0.94605149919993,9.300615,0.2494061346160858,0.3945524794088066
1785,CC(=O)Nc1coc2ccccc12,0,0.722580570157841,0.997565063346745,6.9269214,0.0159055680899145,0.20711963526238156
1786,c1cncc(-c2cc3ccccc3[nH]2)c1,0,0.632617312327291,0.79927026209343,7.0811515,0.0438920813274403,0.21867473949918317
1787,CC(=O)Nc1cccc(Br)c1,0,0.763492355563826,0.998440389268406,-5.062032,0.0137099981740034,0.19672559046062515
1788,Cc1cc(-c2ccccc2F)c(C#N)c(N)n1,0,0.814097138777593,0.104526327430009,5.458239,0.0254049821080961,0.11713591394206462
1789,Cc1ccc(-c2ccc3ccccc3n2)cc1,0,0.597085848859768,0.935555295630147,10.969592,0.0931361583947668,0.17478077967999944
1790,O=C(c1cc2ccccc2o1)c1ccc(Br)s1,0,0.653076687870779,0.689995507102611,8.620302,0.0474292958646459,0.09885503798903209
1791,Fc1ccccc1-c1nnc2ccc(C(F)(F)F)cn12,0,0.638402762691645,0.0182345735043799,-7.045597,0.4040873829901376,0.5112439975743797
1792,CC(=O)Nc1c(C(=O)C2CC2)oc2ccc(Br)cc12,0,0.875743027682433,0.0023583656082867,3.4739518,0.0506323702916701,0.10068548474277669
1793,Cc1ccc2oc(-c3cccc(F)c3)cc(=O)c2c1,0,0.658738010691712,0.517969284459892,-4.7855883,0.1896054830271361,0.2876602442386843
1794,CC(=O)CSc1nnc(-c2cccc(Br)c2)o1,0,0.811511265009425,0.0030431339253698,-1.575205,0.0475398764243457,0.24477295329726917
1795,CCOC(=O)c1oc2ccc(Br)cc2c1N,0,0.860905958335136,0.0408584968723221,10.483163,0.0381282916470985,0.48378964592287543
1796,CCOC(=O)c1c[nH]c2ccc(OC(F)(F)F)cc2c1=O,0,0.884812007694537,0.0009917903215471,5.070822,0.495069166348392,0.6701601174915698
1797,COC(=O)c1cc2cc(Br)ccc2o1,0,0.735096794761916,0.253372004149375,-5.680639,0.060193470758134,0.2072484975210104
1798,O=c1c2c([nH]c3ccccc13)CCCCCC2,0,0.736286309461568,0.600914347110514,2.2240334,0.7071036793934554,0.32738613977154
1799,Oc1cc(-c2ccc(Cl)cc2)nn1-c1nc2ccccc2s1,0,0.589112125908615,0.238208791456246,-3.1522517,0.0213394486613758,0.11101623587485301
1800,Cc1cc(C)n(-c2cccc(F)c2)c(=O)c1C(=O)O,0,0.901861544220501,0.103690940318626,6.6979194,0.9337347694265644,0.6724915952398037
1801,Clc1ccc(-c2nnc(-c3ccncc3)o2)c(Cl)c1,0,0.713014748908043,0.55188528573824,-8.7695055,0.0424348896079612,0.364105612681236
1802,NC(=O)c1nsc(Cl)c1Cl,0,0.741818197674403,0.881692173109961,11.311528,0.7908359893521163,0.6355667802299797
1803,O=C(NCCO)c1cccc(Cl)c1,0,0.765118256098453,0.982934269922148,3.5656495,0.0300444487233933,0.5782366400267515
1804,O=C(c1ccc(Cl)cc1)c1ccco1,0,0.706919936589503,0.998789564250731,2.862577,0.6912381869829803,0.23875843003747432
1805,Cc1noc(N)c1C(=O)O,0,0.586679546578885,0.998315287799872,10.670897,0.338634418320373,0.5455014596273005
1806,Cc1cc(Cc2ccccc2)c(C)cn1,0,0.719551352325634,0.36383833097766,5.4380984,0.2248011852376037,0.24408956411951008
1807,Cc1ccccc1-n1nnc(CO)c1CO,0,0.7909006247331,0.0357404905912023,2.7855735,0.2994281900185613,0.31623639162392075
1808,Clc1cccc(OCc2nc(-c3cccs3)no2)c1,0,0.72820757087608,0.0023616644054719,-2.3998199,0.0176038564836744,0.10166788308560178
1809,Fc1ccc(-n2cccc2)cc1,0,0.605481348828035,0.994739980178452,14.140797,0.0470669053793256,0.13629636923628713
1810,CCN(CC)C(=O)c1cc2c([nH]c1=O)CCCC2,0,0.885421679118489,0.015418103584372,4.417387,0.5106713161499187,0.540133011799204
1811,COC(=O)c1cc2c(OC)cccc2[nH]1,0,0.762301196399168,0.665008435195175,0.030308485,0.0557975754825389,0.25606043410640095
1812,Cc1nn(-c2ccccc2Cl)c(N)c1-c1ccccc1,0,0.769879161327372,0.0738536412786205,-10.729337,0.0439974373226515,0.18173983229390084
1813,CNC(=O)c1nc(-c2cccc(OC)c2)no1,0,0.858608987282525,0.0102109089935575,-3.6306553,0.0333700889586701,0.19779593664399
1814,Nc1c(-c2ccc(F)cc2)nnn1-c1ccccc1F,0,0.780044832351541,0.716578470592397,-14.493404,0.0871466043240113,0.47737482219097327
1815,Nc1nnc(-c2c(F)cccc2F)s1,0,0.788417051529451,0.947122775215017,-11.941496,0.3435339655402909,0.22695081425383576
1816,Cc1nc(N)cn1-c1ccccc1,0,0.713717857987529,0.94864820891587,0.5477928,0.0357020397678494,0.17792045665870426
1817,O=S(=O)(Cc1c[nH]c2ccccc12)c1ccccc1,0,0.795245657170164,0.990350850274465,-8.000769,0.2613870136674528,0.39023891596652993
1818,COC(=O)c1cc2cc(Br)ccc2[nH]1,0,0.794748194576732,0.360525961675103,-2.7291384,0.0349810078539132,0.23079296957748827
1819,O=C(O)c1ccc(O)nc1,0,0.59338741621225,0.999076266304577,6.560673,0.1863933844580964,0.45343398459469225
1820,Nc1c(-c2ccccc2)nnn1-c1cccnc1,0,0.738754445444855,0.360111104739575,-7.238705,0.0590680968084514,0.1482549533993653
1821,CCOC(=O)c1ccc2ccccc2n1,0,0.700230586841776,0.251030008091443,6.6346774,0.2473454548347835,0.2958037304882615
1822,Cc1[nH]c2c(-c3cccc(Cl)c3)cnn2c(=O)c1Cl,0,0.748279092777776,0.542855069770386,-1.5606037,0.1031237427573707,0.4191799630187861
1823,NC(=O)c1cc(CO)on1,0,0.568981224199153,0.995599393060642,7.9157367,0.5418644485284801,0.5496414000219823
1824,c1ccc(-c2nnc3sc(-c4ccco4)nn23)cc1,0,0.560221993756799,0.0063739467008446,-14.649582,0.0166209862245747,0.10786170388452358
1825,O=C(NC1CC1)c1csc2c1CCNC2,0,0.791321335963573,0.0238123249834597,-13.212116,0.0966640946868528,0.1019213961307803
1826,Cc1cc(=O)[nH]c(=O)n1-c1ccc(F)cc1F,0,0.808726709479195,0.83674331343764,2.7141175,0.8642835459769076,0.7128903195565427
1827,N#Cc1c(-c2ccccc2)cn(-c2ccc(F)cc2F)c1N,0,0.779766942941121,0.264854192358221,8.524271,0.0265092413224401,0.08591596323778916
1828,O=C(O)CCc1ccccn1,0,0.70325195232415,0.999792355493636,-8.687412,0.1665311723473816,0.4200380399515695
1829,N#Cc1ccc2cc[nH]c2c1,0,0.600254995652409,0.228986428434874,14.626491,0.0525981699715328,0.0882544932698241
1830,Nc1nn2c(-c3ccccc3)nnc2s1,0,0.669174422826198,0.876922262825935,-4.1565943,0.1260588951616356,0.26010416936689906
1831,N#CCC(=O)c1ccccc1Cl,0,0.654669349691471,0.99252689907669,18.600857,0.0318495940917566,0.08068229642269249
1832,Cn1cnnc1-c1ccccc1Br,0,0.762268299542103,0.377968023256982,-8.568046,0.0451300995123431,0.2686389832031796
1833,CCC(=O)c1ccccc1OC,0,0.640500206656677,0.998674017618179,11.906906,0.0020660126620549,0.11299341978989419
1834,O=C(O)c1cc(O)no1,0,0.560420301415345,0.998874520908357,10.798657,0.6347137649556661,0.7736483077219523
1835,O=C([O-])c1cc(-c2cccc(Cl)c2)no1,0,0.769564127951772,0.417035696552275,-4.680535,0.8770809187071639,0.5964422180339686
1836,NC1(c2cn(-c3cccc(Cl)c3)nn2)CCCCC1,0,0.917151466852017,0.206134097639158,-11.37257,0.1409585440618967,0.24112688654706602
1837,N#Cc1ccc(-c2ccccc2Br)o1,0,0.772809211229178,0.526105214390368,10.88462,0.0056557301014468,0.06942132080553341
1838,OCc1cn(-c2ccccc2Br)nn1,0,0.883473009106126,0.131161039858406,-10.94955,0.0926365768926388,0.20734607410232245
1839,CSc1nnc(-c2ccc(Br)cc2)o1,0,0.78598586824806,0.560517943830372,-2.0509326,0.0397416690668845,0.19727072488115857
1840,COc1ccc2[nH]cc(C(=O)c3ccncc3)c(=O)c2c1,0,0.746182274851957,0.0204813198828424,-11.473203,0.1304924886985155,0.3119979966465599
1841,Cc1ccccc1-c1nnc(-c2cccc(F)c2)o1,0,0.696823255393211,0.0742893145360988,-7.2927523,0.0370010637635882,0.13445461079429882
1842,CCOC(=O)c1sc2nc(C)cc(C)c2c1N,0,0.832110528318875,0.116373747869149,-0.82947326,0.0177108072456777,0.31613391039659067
1843,CCOC(=O)c1cc2ccccc2o1,0,0.683094309593107,0.628450872827691,7.925923,0.0276798930956507,0.38521504367522996
1844,CCOC(=O)c1[nH]c(C)c(C)c1O,0,0.683021291456056,0.998771571754783,17.197266,0.0309393388372221,0.3035423547934129
1845,CCOC(=O)c1oc2ccccc2c1C,0,0.705858953461044,0.160635492710119,13.523191,0.0310426738900743,0.4151793086449767
1846,O=c1ccc(-c2ccccc2)nn1Cc1ccc(F)cc1Cl,0,0.737690079114418,0.0262057474315144,1.5512456,0.0259552693735298,0.2754991033287111
1847,NC(=O)CSc1nnc(-c2cccc(Cl)c2)o1,0,0.858280485727912,0.0059402426021997,-13.808774,0.5522681627152983,0.5425698278039144
1848,Cc1c(C(=O)Nc2cccc3cccnc23)oc2ccc(Br)cc12,0,0.512440456215503,0.0495116247333848,7.6199203,0.0106370782335761,0.1740874572670111
1849,Cc1[nH]c2c(-c3ccccc3)cnn2c(=O)c1C,0,0.708048807648607,0.970755644953086,1.0505298,0.3994581391722365,0.47511736691340134
1850,CCC(C)NC(=O)c1noc2c1COc1ccc(C)cc1-2,0,0.941417621325015,0.0008519648777484,-8.227145,0.0258818445059502,0.14543623192396987
1851,COc1ccc2oc(C)c(C(=O)Nc3ccc(C)cc3)c2c1,0,0.782968902220567,0.136071662164028,-4.3714194,0.0228805511884705,0.23316941794896553
1852,COC(=O)CSc1nnc(-c2ccc(C)cc2)n1-c1ccccc1,0,0.525826245709385,0.0030747873954871,-4.0903187,0.0390287996763938,0.2054403359175307
1853,CCS(=O)(=O)N(C)CCc1noc(-c2ccccc2Cl)n1,0,0.811760765276099,0.0327666014844719,-4.164717,0.038195119845681,0.3445824500031426
1854,COc1cccc2c(N)c(C(=O)c3ccc(Cl)cc3)oc12,0,0.74491051350531,0.223192031125855,6.7820735,0.0812080084060399,0.3297069450279866
1855,Clc1cccc(-c2cc3c(SCc4ccccc4)nccn3n2)c1,0,0.464616668912735,0.11144470334173,4.6391206,0.0073055337621568,0.2026297753352042
1856,Cc1nnc2sc(SCc3ccccc3F)nn2c1=O,0,0.694787579884566,0.0017988199884917,-17.844769,0.0287589954659195,0.29839832688491363
1857,COc1ccc(-c2c(-c3ccc(C)s3)[nH]c3c2c(=O)[nH]c(=O)n3C)cc1,0,0.583180497862767,0.006807543098915,10.796163,0.0738767800630139,0.09697495596313625
1858,CC(=O)c1nnn(-c2ccc(F)c(Cl)c2)c1C,0,0.773113796198464,0.779047312291533,-0.8982024,0.0284766496744684,0.41081979259439994
1859,O=C(NC1CCCC1)c1ccc(-c2ccc(F)cc2)nc1,0,0.936017456962919,0.0167636373035382,-0.39882243,0.0314030506323323,0.12733775813805623
1860,CCCNC(=O)c1cn(-c2ccc(Cl)cc2)nn1,0,0.919543488758419,0.152050046408281,-14.625073,0.0383119849064783,0.17681645006955912
1861,CCCNC(=O)c1cn(-c2ccc(F)cc2)nn1,0,0.892528729555088,0.0183780290027135,-16.383305,0.0338898260890649,0.20531187384669386
1862,CC(C)c1nc(N2CCCC2=O)sc1C(=O)Nc1cccc(Br)c1,0,0.81550134183939,0.0014516826088798,-8.837785,0.0197822127133813,0.08794916810284328
1863,CCCNC(=O)c1cc(-c2ccccc2)cn1C,0,0.8785202366483,0.796466065372507,-3.6183243,0.0727955196298214,0.20766135558685148
1864,COc1c(C(=O)NC2CCCCCC2)sc2ccc(F)cc12,0,0.845247761436627,0.0072496930248456,2.9579635,0.0216382389296553,0.15331436726300463
1865,COc1c(C(=O)NC2CCCCC2)sc2ccc(Cl)cc12,0,0.894227747338921,0.0233459192644337,-4.255238,0.0373732529615357,0.3031682248968124
1866,COc1c(C(=O)NCCC(C)C)sc2ccc(Cl)cc12,0,0.89173205240987,0.0050184709668287,-7.307466,0.0343516371621709,0.27331644303358926
1867,COc1c(C(=O)NC2CCCCCC2)sc2cc(Cl)ccc12,0,0.798809457434709,0.101363758853429,3.9010596,0.0318710309933357,0.27269969506438363
1868,COc1c(C(=O)NC2CC2)sc2cc(Cl)ccc12,0,0.935632314573338,0.0014692911085322,4.150095,0.0426543559845853,0.10898797837652356
1869,CC(C)NC(=O)c1cc(-c2ccccc2)ns1,0,0.904333918021978,0.71625118199239,-6.604742,0.0593760210449735,0.3072853245789555
1870,CC(C)c1nnc(-c2ccc(S(=O)(=O)Nc3ccc(F)cc3)o2)o1,0,0.756383613537216,0.0021827994305274,0.9396001,0.0543886600397503,0.2516593666422099
1871,O=C(c1ccccc1)c1ccc(Br)cc1,0,0.753446767870476,0.999575363294466,11.876048,0.6624805778563089,0.3396976603100167
1872,CCC(CC)NC(=O)c1cncn1-c1cccc(-c2ccc(Oc3ccccc3)cc2)c1,0,0.36295074309668,0.146419896761209,7.0307937,0.0257079384016924,0.09903009936324114
1873,CC(CCc1ccccc1)NC(=O)c1cncn1-c1cccc(-c2cccc(Cl)c2)c1,0,0.394614111456283,0.207905420356219,5.4975896,0.0366319801302494,0.15128677865409063
1874,CCC(CC)NC(=O)c1cncn1-c1cccc(-c2ccccc2C(F)(F)F)c1,0,0.594829465881528,0.111009901938995,5.7811193,0.0690976610120632,0.1524343655111953
1875,Cc1ccc2oc(-c3ccccc3Br)nc2c1,0,0.655439226738954,0.215306972725755,-7.8799777,0.0575765034543958,0.16280079083717658
1876,Nc1nnc(-c2ccccc2)s1,0,0.722041851182479,0.992883659257311,4.3934207,0.0866874411060612,0.22147574196667721
1877,Fc1ccc(-c2nc3ccccc3s2)cc1,0,0.611777828162572,0.994733390112067,-0.015435338,0.0820301288546828,0.29083867059413876
1878,Cc1nn(-c2ccc(Cl)cc2)c(O)c1C,0,0.805906736644339,0.997461811193209,-8.594317,0.0766457122591817,0.3517547245000353
1879,O=c1[nH]c2ccc(Br)cc2c(=O)n1-c1ccccc1,0,0.749376545104267,0.266766714910485,10.365958,0.8644932941456903,0.6685314898238172
1880,CCNc1nnc(-c2ccccc2)s1,0,0.836658432075362,0.752730395680586,-11.368783,0.0360694724556581,0.1484985870587861
1881,CCCNC(=O)c1ccc(Br)cc1,0,0.866642287462142,0.990641362704913,8.630856,0.0015796845474918,0.3255100288959258
1882,CCCNC(=O)c1ccc(Cl)cc1,0,0.792785080423772,0.999298241971194,2.5327697,0.0026038830324144,0.32447117164685635
1883,O=C(c1ccc(Cl)cc1)N1CCc2ccccc2C1,0,0.776871533890851,0.87827446310236,-2.310729,0.1950233965027238,0.49220445629575
1884,O=C(c1ccccc1Br)N1CCc2ccccc2C1,0,0.786330022981762,0.0696308302945536,-3.1922388,0.1494337673450586,0.47297556933792356
1885,CCCCN(CCCC)C(=O)c1cccnc1,0,0.725899944678612,0.607425990506096,-4.4051943,0.0581820150641213,0.308184600254003
1886,CCN(CC)C(=O)c1cccc(Cl)c1,0,0.753138645023969,0.997212756279378,2.096181,0.0900286862143766,0.2916883247428536
1887,CN(C(=O)c1ccc(F)cc1)c1ccccc1,0,0.774448083302253,0.791155525852791,-2.5564384,0.3789353473509584,0.38869596402324047
1888,CCN(C(C)=O)c1ccccc1C,0,0.678764150307417,0.984754468913433,6.3336163,0.0055771083721096,0.20064122570697082
1889,Cc1onc(-c2ccccc2)c1C(=O)Nc1cccc(Cl)c1C,0,0.747094256463948,0.016965894221403,1.7017909,0.0211960039155,0.1374048102206639
1890,CCc1nnc(NC(=O)c2c(-c3ccccc3)noc2C)s1,0,0.798678463642639,0.001887609679033,-3.724207,0.0226209469079398,0.1208350863815713
1891,CCN(CC)C(=O)N(C)Cc1ccccc1,0,0.764694125761287,0.997254746196466,4.8256173,0.7284861187941315,0.3676988879640171
1892,CNC(=O)c1ccc(Br)cc1,0,0.758277708281634,0.998457857785293,5.619646,0.0044755293360589,0.1595063035083935
1893,Nc1nccc(-c2cccc3ccccc23)n1,0,0.687009097262049,0.225511618006751,3.7140498,0.2970922391544828,0.3445244872766812
1894,COc1ccccc1-c1ccnc(N)n1,0,0.80338961200036,0.867629249331078,-3.6967573,0.0831183951466481,0.25612991079773517
1895,Cc1nc(C(=O)Nc2ccc3cc[nH]c3c2)c(C)s1,0,0.74919753935919,0.0055822311987761,2.3128953,0.0211912098361583,0.07931135225539854
1896,COc1cccc(-c2ccc(Cl)nn2)c1,0,0.780797837625739,0.276556405644976,3.2194538,0.0890322079915724,0.15027412260885525
1897,O=C(O)c1cc2c(Cl)cccc2s1,0,0.788047538993636,0.886564126925113,-3.6882176,0.0909087699321597,0.37948829031799036
1898,O=C(O)c1cc2ccc(Br)cc2s1,0,0.849936008486378,0.923516933485998,2.4580574,0.0803781235852357,0.37651517433489173
1899,CCOc1ccc(S(=O)(=O)Nc2cc(Cl)ccc2Oc2ccccc2)cc1NC(C)=O,0,0.475978704748417,0.0516866493146129,-5.8793073,0.1017370898311462,0.34633948399376224
1900,COc1ccc2c(Cl)c(C(=O)NC(C)C)sc2c1,0,0.932610442153815,0.0098450742174078,5.537975,0.0598222879010302,0.3529789444186184
1901,CC(C)OC(=O)c1sc2cc(Br)ccc2c1Cl,0,0.73196760049929,0.138255574617425,-1.3999157,0.1001869098045157,0.461927528765259
1902,Cc1c(C(=O)NC2CC2)cc(-c2ccc(F)cc2)n1C,0,0.915232512613172,0.0271333314244507,-9.437951,0.0989584701389578,0.18323112222166205
1903,CNC(=O)c1sc(-c2ccc(F)cc2)nc1C,0,0.88983093762238,0.0493910766239667,-3.7719107,0.1194610251899644,0.47907782794337417
1904,CN(Cc1ccco1)C(=O)c1ccccc1Cl,0,0.83701668047849,0.0537355486264129,5.8623166,0.224264239685188,0.28455893460538706
1905,CCNC(=O)c1cc(C)no1,0,0.682848567011545,0.154804711936075,10.734479,0.02102425927247,0.1297752662254379
1906,Cc1cc(CN(C)C(=O)c2ccccc2F)on1,0,0.837450763579024,0.003869112518392,6.594396,0.0456156153179483,0.22254108039247839
1907,Cc1cc(CN(C)C(=O)c2cccc(Cl)c2)no1,0,0.85630633901038,0.0262923331026166,-2.4815736,0.0411453511765136,0.19310449710876076
1908,CCc1nnc(-c2ccccc2F)o1,0,0.733066973007163,0.0429421804839981,-5.313853,0.0329477237886849,0.11624884506166758
1909,O=C(O)c1ccccn1,0,0.59986894334993,0.998910481777962,5.631363,0.6676207859309832,0.5173019778210179
1910,CN(C)c1ccc(-c2ccncc2)cc1,0,0.737282904657309,0.994687591820072,-2.0520136,0.0882618409004426,0.22851932620438226
1911,CC1=NN(C(=O)c2ccc(Cl)cc2)C(C)(C)C1,0,0.752456773288474,0.698050196717882,3.2198052,0.0973791078919915,0.296233173267323
1912,CCOC(=O)c1c[nH]c2ccc(C)cc2c1=O,0,0.804163494037036,0.0311491825894014,0.8029834,0.2375600071374095,0.5639178052719014
1913,CCC(=O)Nc1ccc2oc(-c3ccccc3F)nc2c1,0,0.79101423646142,0.0037255668348819,-3.450729,0.0395400849138609,0.19548982163282275
1914,Clc1cccc(-c2nc(-c3ccncc3)no2)c1,0,0.705512801200918,0.119960459182322,-12.194114,0.012349373326353,0.2882854811468608
1915,Cc1onc(-c2ccccc2Cl)c1C(=O)O,0,0.872140462908582,0.188039545708036,-10.386905,0.805349756315886,0.634358342065249
1916,Nc1nc(-c2ccncc2)cs1,0,0.722041851182479,0.996201208448595,0.18803644,0.0923170138963654,0.14752097125848643
1917,CCOC(=O)c1c(C)n(C)c2ccc(OC)cc12,0,0.782825506080316,0.0551444837733224,-8.490511,0.0440287836467018,0.24217383026766237
1918,N#Cc1ccccc1CSc1nnc(N)s1,0,0.843271541763153,0.0032040063484743,-2.1298535,0.0143517873442586,0.08978514855052898
1919,O=c1[nH]cnc2c1[nH]c1ccccc12,0,0.555774502913862,0.998080904709497,12.033962,0.6447960577287485,0.2536711597063592
1920,CCOC(=O)c1nonc1N,0,0.598911239348094,0.992619100814742,13.563189,0.0830095319301611,0.23942720307877224
1921,Cc1cc(C)n(-c2ccc(F)cc2)c(=O)c1C#N,0,0.770713987209208,0.621029058957407,-2.8628006,0.0929666906964334,0.1716505575341311
1922,COC(=O)c1noc(-c2ccccc2)n1,0,0.693682762650673,0.417893512445692,-8.092378,0.0383867317881915,0.18075666970685264
1923,COC(=O)c1c(-c2ccc(Cl)cc2)csc1N,0,0.848292744742332,0.925679442988174,1.4820968,0.0801248414729304,0.3882391322939992
1924,CC(C)NC(=O)c1cncc(Br)c1,0,0.862399987511395,0.425660254314713,-3.8470492,0.0123048245681228,0.16692137018837694
1925,Nc1nc(-c2ccccn2)cs1,0,0.722041851182479,0.992313125350061,-4.37345,0.2338631643520354,0.2060896869573249
1926,CCc1cnnn1-c1nonc1N,0,0.68675778181193,0.0335147494268669,-7.7744603,0.0670687472012155,0.11322081453872283
1927,Nc1nnc(-c2ccc(Br)o2)s1,0,0.836607022995676,0.430765572037609,5.501657,0.1099732849602907,0.2040875595239351
1928,COc1ccc(-c2ccnc3c2c(=O)[nH]c(=O)n3C)cc1,0,0.768675146198543,0.400632607241343,-6.128304,0.3650187375548911,0.3037815143928218
1929,NCc1nnc(-c2ccccc2)o1,0,0.744224372714379,0.623630380488986,-9.377129,0.1269898138587709,0.17540957184202985
1930,Nc1nnc(-c2ccccc2Br)o1,0,0.828127004004299,0.370188209236393,-7.4222636,0.1234710375020094,0.2744769336635706
1931,Nc1nc(-c2ccccc2F)cs1,0,0.75719474195463,0.242358710344618,-0.5595429,0.1443460730220023,0.18752433621922002
1932,COc1cccc(-c2nnc(N)o2)c1,0,0.774505989438044,0.0987745506669866,-4.564904,0.0434519198583013,0.20515438685284745
1933,O=C(O)c1ccncn1,0,0.579386809519201,0.999640726173884,13.604243,0.7880440610774376,0.5904731916156901
1934,CCOC(=O)c1cscn1,0,0.607608771509721,0.781673841885251,7.1707845,0.0307083337751635,0.2601323998494012
1935,Nc1nn2c(-c3ccccc3Cl)nnc2s1,0,0.719032465774079,0.515507841211247,-3.8043447,0.1776748544858839,0.31238484999642274
1936,O=C(O)c1ccc(Nc2ncccn2)cc1,0,0.81757334625897,0.999569106554575,-5.7661796,0.8381211660183165,0.5437185198932994
1937,Cc1nocc1C(=O)O,0,0.602068348573606,0.997455809670106,-2.9784203,0.6111248088290883,0.5981763098455997
1938,Cc1nnsc1CN,0,0.593189494847187,0.988908662121425,-7.0277715,0.2990016612372072,0.37356134201400265
1939,COC(=O)c1csnc1C,0,0.5755478606837,0.996770537614847,0.26435506,0.0398446172550266,0.22663759738053021
1940,COc1ccc(-c2ccnc3c2c(=O)n(C)c(=O)n3C)cc1,0,0.715055695803281,0.363989532883019,-8.277763,0.1014165861987925,0.40670166975305033
1941,COc1cccc(-n2nnc(C(N)=O)c2C)c1,0,0.843173623743899,0.0255764457809893,-5.56991,0.0460759639539975,0.17994211104220126
1942,CCc1nc2ccccc2c(=O)[nH]1,0,0.711408918460784,0.511742573931871,0.8151945,0.0064882715840684,0.1569267160436955
1943,Cc1cc(C(=O)NC(C)C)no1,0,0.719517652338152,0.370005280084702,15.907344,0.0287758980700007,0.1664881107684315
1944,CCOC(=O)c1sc(N)nc1C,0,0.70490503933395,0.509321704703189,-0.7864369,0.076600568472435,0.2795480229486202
1945,Cc1ccnc(O)c1,0,0.540696939954644,0.999371068263572,13.3619585,0.0136340478615734,0.2963973438770779
1946,CCOC(=O)c1csc(N)n1,0,0.67299743175516,0.62125791847956,10.891294,0.1602848571222996,0.36214711618176704
1947,Cc1nn(-c2ccccc2)c(N)c1C#N,0,0.756834951064363,0.613960973176753,-10.630552,0.0378086311547854,0.06117059062778461
1948,c1ccc(-c2noc(-c3ccncc3)n2)cc1,0,0.669903214090007,0.572016765584804,-12.562919,0.0145915658292945,0.15453157990752914
1949,O=c1ccc(-c2ccc(F)cc2)n[nH]1,0,0.741482406315273,0.980434005913702,5.76586,0.6904052483130948,0.295296856469061
1950,CCc1nn2cc(-c3cccc(OC)c3)nc2s1,0,0.725479070081755,0.0015303050178285,-18.751526,0.0170061523615435,0.14333054257032657
1951,O=C1Nc2ccc(Cl)cc2C1Cc1ccco1,0,0.885485612843119,0.0479145395895423,0.9214562,0.1525218041494537,0.271055423150677
1952,O=C(c1c(F)cccc1F)N1CCCC1c1ccco1,0,0.840941971448225,0.0095114841325803,-0.3459332,0.0943804181223796,0.13287725829433628
1953,O=C(c1cccc(F)c1)N1CCCC1c1ccco1,0,0.827832149078276,0.0047895770573758,-1.7974702,0.1175327931586057,0.08518675646382834
1954,Cc1nc(-c2cccc(NC(=O)C3CCC3)c2)no1,0,0.917572190170405,0.0013124895311713,-15.668241,0.0358530984861609,0.07999857450621194
1955,CCc1nc(-c2cccc(NC(=O)C3CC3)c2)no1,0,0.91381476631084,0.00067414023274,-14.777858,0.0360955211270661,0.07222312385616861
1956,CC(C)NC(=O)c1cnn2c(-c3ccccn3)ccnc12,0,0.795890462492731,0.0009399148817253,-5.3230605,0.1047323445976876,0.14571205367243165
1957,O=C(c1ccc(-c2cccs2)nc1)N1CCOCC1,0,0.843479072283525,0.0541169533603146,-12.081074,0.0639925338373202,0.13569655514954376
1958,Fc1cccc(-c2noc(Cn3ccnc3)n2)c1,0,0.707719800438404,0.0122845065838425,-11.522786,0.0308800691927194,0.23168928557360607
1959,O=C(c1ccc(F)cc1)N1CCCCC1,0,0.69230447591659,0.786711480535359,9.424613,0.1612569842144171,0.2419521754669538
1960,O=C(O)c1cc(-c2ccc3c(c2)OCO3)on1,0,0.850643605117916,0.423366358630436,6.878877,0.7041461800289116,0.36832192611329806
1961,CCOC(=O)c1[nH]c2ccccc2c1N,0,0.734202985498159,0.664085015804769,5.670351,0.0649757319140578,0.2854413316936567
1962,O=c1[nH]ccn2nc(-c3cccc(Cl)c3)cc12,0,0.715472256292234,0.299897247169692,-6.0623116,0.4333559472470836,0.5020121542723334
1963,Cc1cc(N(C)C)n2nccc2n1,0,0.65213229770783,0.19680403146021,-1.6416044,0.0187755104220094,0.13466054769380448
1964,CCc1c(C(=O)O)nnn1-c1ccccc1F,0,0.878102288847189,0.0199149775454729,0.07756674,0.0883954552542281,0.458170098415877
1965,COc1cc(Cl)ccc1C(=O)N1CCn2cnnc2C1,0,0.843341282396106,0.0180468617285104,-2.6806445,0.2778461825069951,0.3604646311895312
1966,NC(=O)c1cnn(-c2ccccc2)c1,0,0.761047579454739,0.998780146484884,-6.197558,0.8025936194901776,0.21924789719370122
1967,Cn1ncc(C#N)c1N,0,0.520969931018353,0.695472359485425,12.518783,0.1586613145465522,0.12027616883885081
1968,N#Cc1cnn(-c2cc(F)cc(F)c2)c1N,0,0.793213415409023,0.133886375973348,5.1013865,0.0486726567460308,0.08687084986773681
1969,N#Cc1cnn(-c2ccc(F)cc2)c1N,0,0.760769239416087,0.658685442398187,4.8934655,0.1531767074788641,0.08827573967254414
1970,COc1ccc(-n2ncc(C#N)c2N)cc1,0,0.817740128957212,0.0231787876540897,3.4439607,0.0353642173196234,0.07040049051588677
1971,Cc1nc(NC2CC2)sc1C(=O)O,0,0.77593226020811,0.0263916003800017,14.985148,0.0433905364208823,0.1883174136606163
1972,Cc1cc(N)n(-c2ccccn2)n1,0,0.705308070825623,0.0857642611521748,0.6260196,0.0288412565848643,0.1462190601353168
1973,COC(=O)c1nc(N)sc1-c1ccccc1OC,0,0.859993955321093,0.159044848158853,5.041204,0.0695192289460236,0.40144345522058256
1974,COC(=O)c1nc(N)sc1-c1ccc(F)cc1,0,0.832880933501283,0.592867046171558,-0.22240233,0.0559045442704177,0.5078905237717465
1975,Cc1nnsc1C(=O)Nc1ccc2cc[nH]c2c1,0,0.741798697219287,0.0093722588267849,-5.694618,0.0345048296743539,0.08025619855245397
1976,Cc1onc(-c2cccc(F)c2)c1C(=O)N(C)C,0,0.81985468851596,0.0165715377692265,-11.137514,0.0907788574849421,0.4844724020357084
1977,CCNC(=O)c1c(-c2cccc(F)c2)noc1C,0,0.907657145447959,0.00235744408748,-8.001484,0.0637576552542783,0.31858049263663435
1978,Cc1onc(-c2cccc(F)c2)c1C(=O)NC1CC1,0,0.922651187626854,0.0016978275906516,-15.601287,0.049210830923956,0.16157991998746413
1979,Cc1onc(-c2ccc(F)cc2F)c1C(=O)NC(C)C,0,0.939664674051459,0.0034567259256153,-7.536077,0.0443730893528262,0.41613408801675034
1980,CCc1nc(-c2ccc(C(=O)NC)cc2)no1,0,0.871800689451767,0.0049949858067984,-12.546814,0.043559934912531,0.2729533113734607
1981,CCNC(=O)c1sc(-c2ccc(F)cc2)nc1C,0,0.925563956248504,0.0027477002128028,-2.6141744,0.0449881207007644,0.29863744207339454
1982,CCNC(=O)c1cc(C)nc2ccc(Cl)cc12,0,0.887952547226224,0.0054965191087575,-6.8749404,0.1624072635575648,0.4017659490321213
1983,NC(=O)c1c2c(nc3ccc(F)cc13)CCCC2,0,0.836718898365166,0.0062052114442383,2.8776736,0.7383560374674955,0.5174623990536424
1984,CN(Cc1ccsc1)C(=O)c1ccccc1F,0,0.817890848373008,0.0075339140686593,0.40150034,0.0364643456876502,0.15543158879558813
1985,CCNC(=O)C1(c2cccc(F)c2)CC1,0,0.806518622716296,0.0366773816463375,-1.8703501,0.0527405366267484,0.1106027540020407
1986,CNC(=O)C1(c2cccc(Cl)c2)CC1,0,0.794525545787391,0.104371097398981,-2.1709685,0.0467041654064851,0.10914812981692676
1987,CCNC(=O)c1cc(C)on1,0,0.682848567011545,0.0887898427697756,13.715898,0.0208608098086761,0.14265954390623184
1988,Cc1cc(C(=O)NC2CCCCCC2)no1,0,0.781781796060676,0.0943883215788319,12.101834,0.039978042291493,0.12941522355012883
1989,CNC(=O)c1ncoc1-c1cccc(C)c1,0,0.834964410359543,0.0037898191454653,3.6434698,0.0568100321208628,0.21976383304291733
1990,CCc1nnc(-c2cccs2)o1,0,0.711722384189617,0.295823756270129,-2.9493132,0.0149819220619268,0.10167799179591816
1991,Cc1nnc(-c2ccsc2)o1,0,0.650842142479204,0.150913930826625,-8.312283,0.0219689772463555,0.09989239027816658
1992,COCc1nnc(-c2ccsc2)o1,0,0.752311523471932,0.0348450860767148,-15.425803,0.0137700488102727,0.0976389168260779
1993,CCCc1nnc(-c2ccc3c(c2)OCO3)o1,0,0.812895372102356,0.443103019519212,-10.246274,0.0276501229305126,0.16070897035302845
1994,Clc1ccc(-c2nnc(SCc3ccccc3)o2)c(Cl)c1,0,0.602845637520532,0.219426330899732,-2.5463207,0.0195401395134077,0.1392934081769926
1995,CC1CCC(C(C)C)C(OC(=O)c2ccc(CCc3ccc(C(=O)OC4CC(C)CCC4C(C)C)cc3)cc2)C1,0,0.295203636465887,0.99705177649347,-7.5791564,0.9003412760976769,0.7445104776647142
1996,c1sc(C23CC4CC(CC(C4)C2)C3)nc1C12CC3CC(CC(C3)C1)C2,0,0.627755916717356,0.98489636273997,20.89902,0.1755631257168057,0.2909131889919575
1997,c1ccc(-c2cnc(-c3ccccc3)o2)cc1,0,0.653102996433261,0.99629602562699,2.836834,0.0421685174780255,0.16686558218881406
1998,Oc1ccc(-c2ccccc2)cc1,0,0.696938488685202,0.998300528850218,16.824505,0.0431679765322945,0.20615615791119563
1999,O=C(c1ccccc1)c1cc(Br)ccc1O,0,0.854219050813917,0.998879160963099,6.773109,0.7527811257802361,0.6456744343287089
2000,CC(C)Cc1ccc(C(C)C(=O)Nc2ccccc2NC(=O)C(C)c2ccc(CC(C)C)cc2)cc1,0,0.311721791787611,0.998621846285655,-2.1686163,0.4597010769892293,0.5008325729441807
2001,CC(=O)N1CC(=O)c2ccccc21,0,0.594441980798442,0.996992980859471,-3.7541351,0.025923996093699,0.29348982252466405
2002,Clc1nc(SCc2ccccc2)nc2ccccc12,0,0.40044710152186,0.826431103981325,5.1434817,0.0251581313969717,0.20439888677998672
2003,CCCc1ccc(O)cc1,0,0.661237352814219,0.998355172892408,12.571645,0.011306270819722,0.20895959873785594
2004,CCc1[nH]c(C)c(C(C)=O)c1C,0,0.670466976659506,0.973097942911625,11.825903,0.0353133333626793,0.19095581582370308
2005,CCOC(=O)c1[nH]c(=O)c2ccccc2c1O,0,0.768440785934825,0.207236335690472,4.8068395,0.3078585757067607,0.47242427908419443
2006,O=c1oc(-c2ccccc2)nc2ccccc12,0,0.636686896530949,0.994861839883198,1.8670939,0.618469373434326,0.335195922412698
2007,NCC(CC(=O)O)C1CCCCC1,0,0.699131331935305,0.999667320381845,-0.06156373,0.5693660800517529,0.38733504808950553
2008,O=C(NC12CC3CC(CC(C3)C1)C2)NC12CC3CC(CC(C3)C1)C2,0,0.782590853583619,0.999553912879557,22.560368,0.0789750588694669,0.277425105872308
2009,CC(C)(C)c1cc(CN(Cc2cc(C(C)(C)C)c(O)c(C(C)(C)C)c2)C2CCCCC2)cc(C(C)(C)C)c1O,0,0.400411676668541,0.992577244802337,7.5817485,0.9295484177616636,0.706761237194242
2010,CC1(C)CC(NC(=O)c2ccccc2C(=O)NC2CC(C)(C)NC(C)(C)C2)CC(C)(C)N1,0,0.572190792156269,0.76213609126702,2.1818604,0.1053924755496164,0.4311468634891922
2011,O=C(O)c1cc(C(F)(F)F)ccc1Cl,0,0.796058395862906,0.977182154008593,2.7445483,0.5609262780544083,0.3202420283465155
2012,Cc1cc(Br)c(C)cc1Br,0,0.667560289269089,0.999775042389006,13.838594,0.0051315631321326,0.18310203427370383
2013,CS(=O)(=O)c1ccc(F)cc1,0,0.599912690353937,0.999619546034035,10.362664,0.0350774871850982,0.27720763193610365
2014,O=C(O)CC(Cl)=C(Cl)Cl,0,0.723874041831071,0.998098114804603,16.60817,0.9123970068229812,0.8404215229568578
2015,c1ccc(N2CCCCC2)cc1,0,0.611768375547086,0.999527591867128,10.702776,0.0067638722625221,0.15378241868443354
2016,Clc1cc(Br)cc(Br)c1,0,0.671191911124566,0.999560069044185,13.5191345,0.0057979245369185,0.17592760228669993
2017,CC(=O)Nc1ccc(Br)cc1C(=O)c1ccccc1,0,0.878408875534872,0.271701036104817,-2.3947356,0.7224998365634355,0.5658914647817481
2018,NC(=O)CCCC(N)=O,0,0.51775064798946,0.999524253599323,17.40606,0.2620185830085335,0.4611695822512173
2019,Oc1nc2ccccc2nc1O,0,0.606984797250279,0.999095691178548,18.209558,0.103980942695772,0.32815442174181697
2020,c1ccc2ncccc2c1,0,0.531191558404131,0.997247973296469,13.67204,0.0256631935620492,0.19567848591780415
2021,O=C(c1ccccc1)c1cc(Br)ccc1Cl,0,0.75355681564985,0.970093081955523,12.175463,0.4720439027230623,0.35919072806351704
2022,Clc1ccc(-c2nc3ccccc3o2)c(Cl)c1,0,0.630406647105726,0.924046839700743,-2.884797,0.1367580339891949,0.1874922979587122
2023,CNC(=O)C(N)C(C)O,0,0.425111079751136,0.997676598142269,12.528568,0.6397416270669298,0.28298414187541515
2024,O=c1[nH]cnc2ccccc12,0,0.600350961665968,0.992387633847682,3.7069879,0.2407614459601512,0.21150470921971753
2025,COC(=O)c1cccc(C(=O)OC)n1,0,0.648162922197798,0.997865888827093,8.215798,0.0335693895429587,0.23641030981348346
2026,Clc1ccc(-c2nc3ccccc3s2)cc1,0,0.60981802611373,0.998050976066866,0.9351162,0.0585078917553829,0.2740376739588994
2027,COc1ccc(C(=O)O)cc1Br,0,0.847620452934437,0.999295008934664,5.7532406,0.0060396439934298,0.13807771509759048
2028,c1ccc2c(c1)oc1ccccc12,0,0.49963491535857,0.99920581672883,8.910604,0.089120893629929,0.134578320679908
2029,c1ccc(-c2nc3ccccc3s2)cc1,0,0.593310861464435,0.99832610981436,1.3145026,0.0376289713815526,0.22460930892806613
2030,Cc1nc2c(c3c1[nH]c1ccccc13)C(=O)CC(C)(C)C2,0,0.670190984579517,0.20783027850934,2.9829345,0.0489126039224937,0.12495641089627726
2031,CC(=O)Nc1ccc(Br)cc1C(=O)c1ccccc1Cl,0,0.837551395385173,0.714920983543445,0.85966265,0.5642801391185045,0.6166299932698942
2032,CCCCc1ccc(-c2nc3ccccc3c(=O)o2)cc1,0,0.718582223920625,0.0102316473452209,0.3766483,0.1236217101760766,0.3442108688455008
2033,c1sc(NC23CC4CC(CC(C4)C2)C3)nc1C12CC3CC(CC(C3)C1)C2,0,0.708410673207111,0.959669929811315,14.035688,0.0460890581773278,0.14920704742710478
2034,Cc1cccc(NC(=O)c2cc(-c3cc(C(=O)Nc4cccc(C)c4)c4ccccc4n3)nc3ccccc23)c1,0,0.244539570804836,0.956857418667512,2.5773869,0.0234674326910526,0.13758982611790893
2035,O=C(Nc1ccccc1)Nc1ccccc1,0,0.787195186924977,0.999559581545327,7.457025,0.2815246407862082,0.21543834199120657
2036,CC(C)(C)c1csc(N)n1,0,0.623832009282997,0.983472157535976,9.496482,0.0566717263344875,0.3494791979471151
2037,O=C(c1ccccc1)c1ccncc1,0,0.66856185150608,0.999450348284915,9.719866,0.5031405254745556,0.27840810367415675
2038,CCCCc1nnc(N)s1,0,0.722343760116386,0.511239615205188,10.702163,0.0309564727506109,0.2627695179731525
2039,CC(=O)c1cccnc1,0,0.523743595202857,0.999616268953463,11.814256,0.0090080101557673,0.15611375393546129
2040,Cc1nc2cc(Cl)c(Cl)cc2s1,0,0.65268458581136,0.998406840315716,7.0131125,0.0299973554242837,0.11258100537096831
2041,COc1ccccc1-c1nnc(SCc2ccccc2)o1,0,0.665327651137654,0.0039571972736614,-2.9833128,0.0096189609893566,0.12954097963806163
2042,Cc1ccc(C(=O)NC2CCS(=O)(=O)C2)cc1,0,0.851858053549845,0.0601744088449277,-8.884311,0.7700640904282773,0.12728966446774365
2043,O=C(c1sc2cc(Cl)ccc2c1Cl)N1CCCCCC1,0,0.702278027880274,0.323684548907002,0.9466747,0.0439777005835312,0.28890732812260617
2044,c1ccc(-c2ccc(C3CC3)cc2)cc1,0,0.670717896436243,0.997750481852835,11.450337,0.0877722552802302,0.16357482624801786
2045,Cc1ccsc1C(=O)O,0,0.648229863085536,0.997382601706602,17.322155,0.2641164704011206,0.4947639113789629
2046,CCSc1sc(CC)cc1C(C)=O,0,0.562200897332797,0.23302947042783,17.835335,0.0147415428150214,0.16585674019750846
2047,CCCc1nc(N)c(C#N)c(-c2ccccc2OC)c1CC,0,0.911970270600204,0.0170422324486901,3.8484135,0.0157035631146282,0.07115386698460649
2048,COc1ccc(C(C)N)cc1,0,0.698025257604393,0.997583395681761,0.5464703,0.0109254064550796,0.21650277711279023
2049,Cc1onc(-c2ccccc2Cl)c1C(=O)N1CCc2ccccc2C1,0,0.681703935285162,0.0340747254884124,-9.497084,0.0179669218115965,0.13567174050571748
2050,Cc1onc(-c2ccccc2Cl)c1C(=O)N1CC(C)OC(C)C1,0,0.842368502987014,0.0036790514030073,-11.0262165,0.0912834236765285,0.2320885528633983
2051,CC(C)(C)CC(C)(C)c1ccc(O)c(Sc2cc(C(C)(C)CC(C)(C)C)ccc2O)c1,0,0.469863650582764,0.98130865097185,-4.3301783,0.927943885720016,0.7231831510170628
2052,Cc1cc(C)c(C#N)c(Nc2ccccc2C)n1,0,0.867340276424445,0.0609286946487998,-2.0530841,0.0130186565199252,0.08492177045904695
2053,CCOC(=O)c1c(NC(=O)C23CC4CC(CC(C4)C2)C3)sc2c1CCC(C)C2,0,0.705226473249654,0.0503347543443507,2.4381108,0.0782238814783672,0.4068552105694326
2054,CCOC(=O)CSc1nnc(-c2ccc(Br)cc2)n1-c1ccccc1,0,0.440140582789433,0.0045391673801925,0.13553274,0.0478299541368502,0.25283406173586465
2055,c1ccc(-c2ccc(-c3ncc(-c4ccccc4)o3)cc2)cc1,0,0.486277320994971,0.884284196096457,-1.1726639,0.0224032142919269,0.17348647137131928
2056,CCN(CC)C(=O)c1c(-c2ccccc2)noc1C,0,0.846015137148537,0.68978516960642,-7.563929,0.1229474355727456,0.30985274209669617
2057,O=C(NC1CCS(=O)(=O)C1)c1ccc(Br)cc1,0,0.895610543920296,0.0261505456773094,-1.4228079,0.2392929293142056,0.13219191493689678
2058,CCOC(=O)c1c(-c2ccccc2)oc2ccc(OCc3ccccc3)cc12,0,0.398072942068868,0.0949396076000515,2.8874803,0.0919517172474047,0.4797202992994709
2059,Clc1ccc2c(c1)/C(c1ccccc1)=N\c1ccc(Cl)cc1/C(c1ccccc1)=N\2,0,0.276534517101869,0.999766115746741,15.088275,0.4870854918352844,0.43069436854633053
2060,Clc1ccc(-c2nc3ccccc3s2)c(Cl)c1,0,0.591352026122507,0.978615026534466,-4.110556,0.0780095887766741,0.21525466346137181
2061,CC12CCC(=O)C=C1CCC1C2CCC2(C)C(O)CCC12,0,0.734229611553432,0.999939790240452,10.216539,0.9672249547788933,0.9068355643906514
2062,Cc1c(-c2ccccc2)n(C)c2ccccc12,0,0.58134333540362,0.406456420153539,11.436458,0.0538869742987709,0.22084984786698775
2063,CCOc1ccccc1NC(C)=O,0,0.770678866809672,0.995297694751561,2.9605927,0.0461737645257236,0.2241351405062515
2064,COc1ccc(OC)c(C(=O)c2oc3ccc(Br)cc3c2NC(C)=O)c1,0,0.62183550097651,0.0061826136389488,5.008146,0.1086727893233465,0.4263221618695752
2065,COC(=O)c1cc(-c2ccccc2)no1,0,0.701354824583203,0.269325973198348,8.939845,0.1029576520918198,0.25752999677993843
2066,COC(=O)c1cc(-c2ccccc2Cl)no1,0,0.753963191094971,0.168748471169734,9.190076,0.0653417225544607,0.3140029761278518
2067,CC1(C)CC(n2c(SCc3ccccc3)nc3c(c2=O)C2(CCCCC2)Cc2ccccc2-3)CCO1,0,0.283297536401213,0.108884648361366,6.881911,0.0319702371622368,0.16824266436262042
2068,O=C(Nc1nnc(C23CC4CC(CC(C4)C2)C3)s1)C12CC3CC(CC(C3)C1)C2,0,0.766233081215134,0.564423262641169,12.235082,0.0494028426589935,0.15426976422701533
2069,CCCC(C)NC(=O)c1c(-c2ccccc2Cl)noc1C,0,0.899392722024963,0.0025053339663062,-13.502461,0.0234030811318955,0.1342433647587565
2070,CCOC(=O)c1c(NC(=O)C23CC4CC(CC(C4)C2)C3)sc(C(=O)Nc2cc(C(F)(F)F)ccc2Cl)c1C,0,0.357763548421015,0.578381675383722,3.1807694,0.5724018779121707,0.23578296518136993
2071,Cc1cccc(-c2nnc(N)s2)c1,0,0.750547970310438,0.744238963318945,0.6515721,0.0302419010319067,0.17557949541586362
2072,CC(C)OC(=O)c1c(NC(=O)c2cnn3c2NC(c2ccc(Br)cc2)CC3C(F)(F)F)sc2c1CCCC2,0,0.301956217617884,0.701766088656847,14.026147,0.1961576307630597,0.11194048893250605
2073,CCCOc1ccc(-c2nc3ccc(Br)cc3c(=O)o2)cc1,0,0.691825798094642,0.0020484374630428,-2.1479928,0.0390136104165867,0.35674810014283886
2074,CCOC(=O)c1cc2n(c1N)-c1ccccc1C2=O,0,0.709096003817635,0.0043297583381586,11.097415,0.2258714891466199,0.3839978831396169
2075,CC(C)(C)c1cc(-c2nnc(-c3cccc(Br)c3)o2)cc(C(C)(C)C)c1,0,0.465886335281963,0.413013691985771,-7.791219,0.5721560611704485,0.47022019048335595
2076,C1C2CC3CC1CC(C2)C3Nc1nc2nonc2nc1NC1C2CC3CC(C2)CC1C3,0,0.753362455219973,0.986370367229175,10.417223,0.0289242552517145,0.16848541892657903
2077,O=C(Nc1ccc2c(c1)ncn2-c1ccccc1)c1ccccc1,0,0.613501748652515,0.174730602684074,-0.3674531,0.0115600503105891,0.1449175527691078
2078,COc1ccc(-n2cnc3cc(NC(=O)c4ccccc4)ccc32)cc1,0,0.601389409864524,0.0038059451848161,0.66380775,0.0098184907266394,0.118960426886028
2079,Cc1ccc(-n2cnc3cc(NC(=O)c4ccccc4)ccc32)cc1,0,0.59822926647017,0.38788454197697,2.101685,0.022523856160584,0.14026271408554053
2080,Cc1cccc(-c2nnc(NC(=O)c3c(-c4ccccc4Cl)noc3C)s2)c1,0,0.48790395619196,0.0372359446994733,-0.93611604,0.0131314027058363,0.100578858847298
2081,CC(C)C(=O)Nc1ccc2oc(-c3ccccc3F)nc2c1,0,0.786972453833776,0.004450626707116,-5.738823,0.0279084502593686,0.18975489856524239
2082,CCC(C)c1ccc(NC(=O)c2oc3ccc(Cl)cc3c2C)cc1,0,0.616997783630043,0.0657626123666958,-1.4331522,0.0888217195122811,0.3230811372203031
2083,O=c1cccc(-c2ccc(Br)cc2)o1,0,0.779120351737273,0.845036329143955,4.3226733,0.693856415757306,0.513179569671945
2084,CC(=O)CSc1nc(-c2cccs2)cc(C(F)(F)F)c1C#N,0,0.773816016983045,0.0026165365870048,2.4223037,0.0192391742529409,0.10203769185164042
2085,CCSc1nc(-c2ccccc2)cc(C)c1C#N,0,0.775537594043242,0.0033365188642735,5.20079,0.0134825715510508,0.07625923879585642
2086,CCOc1ccccc1NC(=O)c1c(NC(=O)C23CC4CC(CC(C4)C2)C3)sc2c1CCCC2,0,0.502471589498376,0.43828033289558,6.415139,0.0251997026614567,0.26695430115488805
2087,Cc1oc2c(c1C(=O)Nc1cccc3ccccc13)CCCC2,0,0.733446435191925,0.0143954357599526,-4.6057196,0.0346793782889129,0.1528933917470903
2088,CCOC(=O)c1cnc2ccc(OCC)cc2c1O,0,0.856310971549605,0.0127337644962685,-6.4195805,0.1741558134984289,0.552034723441232
2089,CCOC(=O)c1cnc2c(F)cccc2c1O,0,0.810883894598735,0.0423967841900675,-2.5510955,0.0476164473154696,0.4247788041477635
2090,CC(C)Cc1cc(-c2cccc(Br)c2)c(C#N)c(N)n1,0,0.91883650470181,0.0034746371304472,-1.5709494,0.0051437609363059,0.1543083141718275
2091,CCCc1nc(N)c(C#N)c(-c2cccc(Br)c2)c1CC,0,0.889410530563083,0.0032909455372115,0.19657528,0.006920727838285,0.14105441457509552
2092,Cc1ccn2cc(-c3ccccc3)nc2c1,0,0.599372352917363,0.0592105373460532,3.7533321,0.1202319717236697,0.2107860673777131
2093,Cc1ccc(-c2nnc(NCc3ccccc3)c3ccccc23)cc1,0,0.558980470963262,0.502177991534637,-2.7393985,0.0092070427991092,0.10438569788966434
2094,Cc1oc2ccc(OCc3ccccc3)cc2c1C(=O)OC(C)C,0,0.627258115911866,0.0289383163756956,-4.2740417,0.2302786081175409,0.3336274561954974
2095,COCc1cc(C)nc(SCc2ccccc2Cl)c1C#N,0,0.76864286557504,0.0016833429525296,-3.742279,0.0016698908837082,0.061792492177660995
2096,Cc1ccc(-c2nc(O)nc3ccccc23)cc1,0,0.704655574465619,0.462960226481706,-2.140464,0.4493955693913496,0.4069768986922167
2097,CC1=NN(C(=O)c2ccc(Br)cc2)C(O)(C(F)(F)F)C1,0,0.846032150620392,0.0223111211071506,-10.195436,0.0827753176639701,0.5366610230350339
2098,O=C(c1ccc(Cl)cc1)N1N=C2CCCCC2C1(O)C(F)(F)F,0,0.844475364849621,0.023506772423631,-10.870816,0.1564799622365285,0.6643692371902072
2099,COc1ccc(C)cc1Nc1nc(C)cc(C)c1C(N)=O,0,0.905171113334936,0.0174710578743674,0.030531883,0.0910558215110423,0.17275047470339083
2100,COc1ccc2c(c1OC)C(=O)OC2C1c2c(cc3c(c2OC)OCO3)CCN1C,0,0.708681823933645,0.999878913607753,16.7327,0.99709879987503,0.584840334789155
2101,Cc1onc(-c2c(Cl)cccc2Cl)c1C(=O)NC(C)(C)C,0,0.884319556667314,0.0203654434285421,0.27663338,0.0659737371722002,0.25407043261937756
2102,Clc1ccccc1-n1ncnc1-c1cccc(Br)c1,0,0.697322471242872,0.0512415409507586,-1.6238186,0.0360600216019995,0.32753455244050894
2103,CSc1ccc(-c2ncnn2-c2ccc(Cl)cc2)cc1,0,0.675421321506897,0.526782222593288,-0.81421345,0.0311979172904099,0.28439910040857747
2104,CCC(CC)NC(=O)c1c(-c2ccccc2Cl)noc1C,0,0.899392722024963,0.0142121890620189,-5.461666,0.0301315404507631,0.14770278535508957
2105,COc1ccc(C(=O)COC(=O)C(Cc2ccccc2)NC(=O)C23CC4CC(CC(C4)C2)C3)cc1,0,0.430396136765628,0.127465231017371,3.2762256,0.0686844467701563,0.38528441266722213
2106,COc1ccc(C(=O)COC(=O)C(Cc2c[nH]c3ccccc23)NC(=O)C23CC4CC(CC(C4)C2)C3)cc1,0,0.314428724137467,0.943490590981728,7.5132165,0.0171417951117111,0.1610409631897057
2107,COC(=O)c1cncn1C(C)c1ccccc1,0,0.759677827751375,0.92584471724474,0.46687162,0.5829437724114905,0.4170136909028786
2108,CCC(C)NC(=O)c1c(-c2ccccc2Cl)noc1C,0,0.931474432350045,0.0031735010910927,-10.560691,0.0343420422797969,0.15956890353213374
2109,COc1ncnc2c1[nH]c1ccccc12,0,0.652664714584895,0.710927787292196,5.72613,0.0700992587928449,0.1265660628991157
2110,CCOC(=O)c1cnc2c(Cl)cc(Cl)cc2c1O,0,0.859172812695493,0.796755508906594,-11.190032,0.351223699287154,0.5677572059745252
2111,CCCSc1nc2c(c(=O)n1C1CCOC(C)(C)C1)C1(CCCCC1)Cc1ccccc1-2,0,0.40323539227748,0.116485216446902,9.415802,0.0379373067483087,0.16713853599347245
2112,CC(C)(C)c1ccc(S(=O)(=O)NC(=O)C23CC4CC(CC(C4)C2)C3)cc1,0,0.868226454106948,0.612406355549662,-5.359317,0.3111630698621214,0.6941562345796235
2113,CC(C)CSC(CC(=O)O)C(=O)O,0,0.684868134354489,0.999364476029619,8.542258,0.1167838973662305,0.481657004683564
2114,CCCSc1nnc(-c2ccc(Cl)cc2Cl)o1,0,0.774170937447242,0.0752814116665108,-5.4427,0.0404851398766047,0.22462232412263683
2115,CC(C)C(NC(=O)C12CC3CC(CC(C3)C1)C2)C(=O)NC1=NCCS1,0,0.806358025131538,0.0034651592400422,11.449805,0.030379823421475,0.1530808158378642
2116,O=C(O)c1c(-c2ccccc2)oc2ccc(OCc3ccccc3)cc12,0,0.528097596964929,0.180169813178561,3.2974458,0.3034054673398462,0.5479410811764277
2117,CC(C)(C)c1cc(CCC#N)cc(C(C)(C)C)c1O,0,0.852718070758229,0.985403165922098,17.883469,0.1078306480403039,0.15706798855741658
2118,COC(=O)C(NC(=O)CCC1CCCCC1)C12CC3CC(CC(C3)C1)C2,0,0.720715827565418,0.984178717200783,8.084976,0.1500686303711932,0.4476484053254704
2119,CC1CCN(C(=O)c2c(NC(=O)c3cccs3)sc3c2CCC(C(C)(C)C)C3)CC1,0,0.62309011596118,0.129077204184273,-2.1621468,0.0307229461697851,0.1189817942423973
2120,CC1CCCN(C(=O)c2c(NC(=O)c3cccs3)sc3c2CCC(C(C)(C)C)C3)C1,0,0.62309011596118,0.164473608769448,-7.023239,0.0254730891439451,0.11300428518062008
2121,CC1CCCCN1C(=O)c1c(NC(=O)c2ccccc2)sc2c1CCC(C(C)(C)C)C2,0,0.623216531521454,0.0755887257261563,-2.0112753,0.0346591257201778,0.23673932363522038
2122,CC1CCN(C(=O)c2c(NC(=O)c3ccco3)sc3c2CCC(C(C)(C)C)C3)CC1,0,0.690378657244582,0.0344613484535956,-5.9576344,0.0273430700250207,0.1300385057812777
2123,CC1CCCN(C(=O)c2c(NC(=O)c3ccccc3F)sc3c2CCC(C(C)(C)C)C3)C1,0,0.601026111883692,0.040200773510875,-7.0601926,0.0270402149585161,0.12566603200046542
2124,NCCc1c[nH]c2ccc(OCc3ccccc3)cc12,0,0.74448064986992,0.994696765930396,-5.9048724,0.3150568820017682,0.4027059397649208
2125,CCOC(=O)c1c(-c2cc(Br)c(OC)c(Br)c2)oc2ccc(O)cc12,0,0.509490537456716,0.182539579262477,12.929354,0.2795345430229058,0.7184068470099392
2126,OC(COc1ccc(C23CC4CC(CC(C4)C2)C3)cc1)CN1CCN(c2ccccc2F)CC1,0,0.635214931735999,0.991267886422551,-0.062680125,0.1572843989663079,0.18259054900901764
2127,CCOC(=O)c1cnn(-c2ccc(Cl)c(Cl)c2)c1N,0,0.884734663856583,0.0018520441963025,-7.0864453,0.1215642788242882,0.3322137116453326
2128,N#Cc1c(N2CCCC2)nc(-c2ccccc2)c2c1CCCC2,0,0.838291162772292,0.0241518683357965,4.22101,0.0079714918431264,0.057369916318906276
2129,CCCCN(CCCC)c1nc(-c2ccco2)c2c(c1C#N)CCCC2,0,0.630036718694605,0.0076310255677458,-5.0054693,0.0132826154214712,0.06944755493062245
2130,Cc1onc(-c2c(Cl)cccc2Cl)c1C(=O)NC(C)(C)CO,0,0.891518667903888,0.0048952683419513,3.1364632,0.1782222576854273,0.19017032943346485
2131,CCCCC(CC)CNC(=O)c1c(-c2ccccc2)noc1C,0,0.774644115931391,0.0055447563583638,4.6215196,0.029803085640655,0.1323017110804509
2132,COC(=O)c1ccccc1NC(=O)c1c(-c2ccccc2)noc1C,0,0.734918633365565,0.001869870625713,-3.2756238,0.0454986335651125,0.22519776471548836
2133,Cc1ccnc(NS(=O)(=O)c2ccc(NC(=O)c3c(-c4ccccc4)noc3C)cc2)n1,0,0.458202880507215,0.685489544097939,2.3051834,0.1243218135407373,0.2084337353476633
2134,CC1=NN(C(=O)c2ccc(F)cc2)C(O)(C(F)(F)F)C1,0,0.806833985206963,0.0160645902917806,-16.259201,0.2455282217892457,0.52900586564852
2135,O=C(c1ccc(Br)cc1)N1N=C2CCCCC2C1(O)C(F)(F)F,0,0.794020998065022,0.0172863996933536,-4.3968816,0.0659700201524812,0.6324449317451205
2136,COCCN1C=C(C(=O)OC)C(c2cc(OC)c(OC)c(OC)c2)C(C(=O)OC)=C1,0,0.554101089913899,0.585189499908919,13.845753,0.4526412265702859,0.7866470892294402
2137,O=c1oc(-c2ccc(Br)cc2)nc2ccc(Br)cc12,0,0.628678032948348,0.440468453495313,3.5566707,0.3233380597415176,0.3946688456645494
2138,CC1CCc2c(sc3ncnc(SCC(=O)OC4CCCCC4)c23)C1,0,0.436388659668924,0.0052150978117498,4.0803614,0.0276257866441831,0.21754616788699357
2139,COc1ccc(-c2nc3ccccc3c(=O)o2)cc1,0,0.704291872691666,0.646735084383238,2.1783772,0.0996183264860503,0.34475816420673644
2140,COc1ccc(-c2noc(C3CCCCC3)n2)cc1,0,0.839911432588107,0.0173127921959681,-16.946043,0.0210474301094839,0.16289992094458391
2141,Clc1ccc(/C=C/c2ccc3cccc(OCc4ccccc4)c3n2)cc1,0,0.392087908189836,0.113250390571215,13.973343,0.0476841103495152,0.17653381435299345
2142,Fc1ccc(/C=C/c2ccc3cccc(OCc4ccccc4)c3n2)cc1,0,0.429927662795295,0.168328050137772,15.099502,0.0221480082928513,0.10963782867272096
2143,COc1cccc(NC(=O)CCN2CCN(c3ccccc3)CC2)c1,0,0.878940798044332,0.000834169411395,-2.2105396,0.0828582684841092,0.2284177829391411
2144,CCOC(=O)c1c(-c2ccc(OC)cc2)oc2ccc(OCc3ccccc3)cc12,0,0.362235584915856,0.241570400112398,1.1831733,0.0490450529905232,0.4519331248721653
2145,Cc1ccc(-c2cc3nc(C(F)(F)F)cc(C(F)(F)F)n3n2)cc1,0,0.596390129231946,0.126984322955124,-8.766594,0.2379630858503332,0.4082140203437762
2146,O=C(CNC(=O)C1CCCCC1)Nc1nc(CC23CC4CC(CC(C4)C2)C3)cs1,0,0.716607958686601,0.0962267223647108,-0.91728085,0.0154334360964707,0.17360111851863652
2147,COc1cc(C(=O)Nc2ccc3c(c2)ncn3-c2ccccc2)cc(OC)c1OC,0,0.519457241296936,0.006376501477122,-3.022893,0.0239777855900269,0.15390170699903333
2148,O=c1c(F)cn(Cc2ccc(Br)cc2)c(=O)n1Cc1ccc(Br)cc1,0,0.585784542862453,0.17456577549097,1.1579012,0.0516868750126014,0.47057899288210264
2149,Cc1onc(-c2ccccc2Cl)c1C(=O)NC1CCCCC1,0,0.914073157841581,0.0228364617219842,-10.091438,0.022207556429889,0.1525023044844966
2150,Cc1cc(C(F)(F)F)n2nc(-c3ccc(C(C)(C)C)cc3)cc2n1,0,0.625698976126775,0.277133639302608,-13.670445,0.1652874348166179,0.41925063197648715
2151,Cc1cc(-c2ccccc2)n2ncc(-c3cccc(Br)c3)c2n1,0,0.49338957907817,0.304836618616018,3.418816,0.017172622574271,0.17737205767090408
2152,COc1ccc(NC(=O)COc2ccc(N3CC(C(=O)NCc4ccc(C)cc4)CC3=O)cc2)cc1,0,0.479932554447307,0.0090700020916311,0.44706,0.0288395809606069,0.18544182884857224
2153,CCC(=O)Nc1cc(-c2nn(CC(=O)N3CCCCC3)c(=O)c3ccccc23)ccc1N1CCOCC1,0,0.554769358312562,0.0032703577018064,4.0819497,0.0561151586918475,0.14823210419209804
2154,CCCCc1nc2sc3c(NCCc4ccccc4)ncnc3c2c2c1COC(C)(C)C2,0,0.372275620064617,0.0950842696895846,11.385509,0.0160379779199374,0.13228825317497145
2155,COc1ccccc1-c1nc2ccccc2c(=O)o1,0,0.704291872691666,0.803360710375194,3.780857,0.20145776114383,0.2359695467459785
2156,CCN(CC)C(=O)c1c(-c2ccccc2Cl)noc1C,0,0.861191469437931,0.0080271405161762,-11.095088,0.0933819064588391,0.3700028915830994
2157,O=C(Nc1cc(F)ccc1F)C12CC3CC(C1)CC(n1cncn1)(C3)C2,0,0.913661126649113,0.0023764808735817,-9.95105,0.0276579139865753,0.19123440011749
2158,O=C(COc1ccc(S(=O)(=O)NC2CCCCC2)cc1)Nc1ccc(C(F)(F)F)cc1,0,0.649510910090117,0.0112735154581151,-0.0872134,0.0378672286942588,0.2305713592023843
2159,O=C(NC1CCCCC1)c1ccc(C2SCC(=O)N2CCc2ccccc2)cc1,0,0.761926019083189,0.0319258447263447,-3.9175076,0.015521709660752,0.1410784460544458
2160,CCSc1nc(-c2ccc(OC)cc2)cc(C(F)(F)F)c1C#N,0,0.75417722407918,0.0028854536050137,-6.483085,0.0080993928577982,0.09850095453698435
2161,O=C(NC1CCCCC1)c1ccc(COc2cccc3ccccc23)o1,0,0.699135165336093,0.0209561267612476,0.5189582,0.0200116694829377,0.16226324123518315
2162,O=C(OCc1ccccn1)c1ccc(COc2ccc(Cl)cc2Cl)cc1,0,0.53623893755162,0.0639122139736239,1.6602026,0.054135340801843,0.2661264899490178
2163,O=C(OCc1ccccn1)c1cccc(COc2ccccc2Cl)c1,0,0.604036893424862,0.0374428121454546,-0.74272627,0.0305151470277702,0.3459735529199518
2164,CC(C)(C)c1ccc(OCc2ccc(C(=O)NC3CCCCCC3)o2)cc1,0,0.697118645101143,0.0994841041004327,-7.9608216,0.1003117536934521,0.43751950435059384
2165,O=C(NC1CCCCCC1)c1ccc(COc2cccc3ccccc23)o1,0,0.612080525077745,0.0226019577347465,0.3815719,0.0264872309407458,0.18791136185042498
2166,CC(C)(C)C(CCC(=O)O)CC(=O)O,0,0.714485029327143,0.999296170633618,6.211573,0.5865605285614789,0.44503490797292233
2167,COC(=O)CN1C(=O)CN=C(c2ccccc2Cl)c2cc(Br)ccc21,0,0.713254744866096,0.0106277169470654,7.43603,0.2132961523962905,0.760207198853957
2168,O=C(CN1C(=O)c2cccc3cccc1c23)Nc1ccccc1C(=O)NC1CCCCC1,0,0.62925300744922,0.0089447596198414,7.0038238,0.0185001772700389,0.1670693804933306
2169,Cc1ccc(-c2cc(C(F)F)n3ncc(C(=O)N4CC5(C)CC4CC(C)(C)C5)c3n2)cc1,0,0.528391709892215,0.17205305442141,4.973858,0.0278907190428894,0.13625579541034863
2170,COc1ccc(OC)c(C(=O)c2oc3ccc(Cl)cc3c2NC(C)=O)c1,0,0.674733150928998,0.00492420018196,-0.448187,0.1855761464226746,0.4352875119474131
2171,CCS(=O)(=O)n1nc(-c2ccc(Cl)cc2)nc1SC,0,0.810684225589101,0.200743463977714,7.93805,0.1006629167338462,0.4446111271141171
2172,c1ccc2c(NC3C4CC5CC(C4)CC3C5)nc(N3CCCC3)nc2c1,0,0.888596050062545,0.0330583783101173,4.832824,0.013394408870405,0.12253481947535336
2173,CC(Nc1nc(N2CCOCC2)nc2ccccc12)C12CC3CC(CC(C3)C1)C2,0,0.831142178312513,0.0098411547437887,0.9712266,0.0163347264588298,0.1603500912183458
2174,COc1ccccc1C(=O)Nc1cc(-c2nnc3c4ccccc4c(C)nn23)ccc1C,0,0.448093755855465,0.0253034894862662,7.433477,0.028807197335761,0.08802217303153323
2175,Cc1ccc(-c2nnc3c4ccccc4c(C)nn23)cc1NC(=O)c1cccc(Br)c1,0,0.372473922960683,0.133319379741504,6.025867,0.0221107184884832,0.1021869371028171
2176,Cc1ccccc1-c1nnc2c3ccccc3c(-c3ccccc3)nn12,0,0.459407435179427,0.317144370287353,-1.1294525,0.0114098483029704,0.10598098370541453
2177,COc1ccc(-c2nn3c(-c4ccccc4C)nnc3c3ccccc23)cc1,0,0.454312500943524,0.11546273055665,-3.244174,0.0114974239035097,0.10562900568601516
2178,Cc1ccc(-c2nnc3c4ccccc4c(C)nn23)cc1,0,0.532755197186494,0.134148005013638,-6.276588,0.0259417695355512,0.13197118283849094
2179,Cc1ccc(-c2nn3c(-c4ccc(C)cc4)nnc3c3ccccc23)cc1,0,0.437800281974393,0.359471789073045,0.7688147,0.0173758208869339,0.11185985205036211
2180,Cc1ccc(-c2nnc3c4ccccc4c(C)nn23)cc1S(=O)(=O)N1CCCCC1,0,0.503435339819012,0.01094246683078,4.4175105,0.0220580745858548,0.12228072838903681
2181,COc1ccc(C(=O)Nc2cccc(-c3nnc4c5ccccc5c(C)nn34)c2)cc1,0,0.472178462344028,0.0056126217838804,-2.4001114,0.0228468385797542,0.09140512715387472
2182,Cc1nn2c(-c3cccc(NC(=O)c4cccs4)c3)nnc2c2ccccc12,0,0.493868553291714,0.0033371099004649,-5.46327,0.0087155583971785,0.061874165530708645
2183,Cc1nn2c(-c3cccc(NC(=O)c4cccc(Br)c4)c3)nnc2c2ccccc12,0,0.400107288061589,0.0333827520468506,0.09514177,0.0211606633178986,0.09929434554182387
2184,Cc1nn2c(-c3cccc(NS(=O)(=O)c4ccc(Cl)cc4)c3)nnc2c2ccccc12,0,0.428965343346749,0.0117003578648902,2.274047,0.0227058489229278,0.122122069813196
2185,COc1ccccc1C(=O)Nc1ccc(-c2nnc3c4ccccc4c(C)nn23)cc1,0,0.472178462344028,0.0279273451750422,-0.05712402,0.0376103385538974,0.08582240253120384
2186,COc1ccc(C(=O)Nc2ccc(-c3nnc4c5ccccc5c(C)nn34)cc2)cc1,0,0.472178462344028,0.0088053164953368,-3.8363104,0.023434063875462,0.10607515628724666
2187,Cc1nn2c(-c3ccc(NC(=O)c4ccc(Cl)cc4)cc3)nnc2c2ccccc12,0,0.443177766545787,0.108510278902265,-2.8843684,0.0266321146282918,0.09924259893547062
2188,Cc1nn2c(-c3ccc(NC(=O)c4cccc(Br)c4)cc3)nnc2c2ccccc12,0,0.400107288061589,0.0166441846918378,-1.3181764,0.0229096252607561,0.10197167928430284
2189,Cc1nn2c(-c3ccc(NC(=O)c4ccc(F)cc4)cc3)nnc2c2ccccc12,0,0.481235630996094,0.011374388153599,-4.8897133,0.0476458497608238,0.11577463434404553
2190,Cc1nn2c(-c3ccc(NC(=O)c4cccs4)cc3)nnc2c2ccccc12,0,0.493868553291714,0.003528075523828,-6.2087493,0.0108244588492121,0.06552152924602953
2191,CC1CCN(C(=O)Cn2cc(C(=O)C3CCCCC3)c3ccccc32)CC1,0,0.73850336333722,0.0086415716742907,6.622167,0.0346502376839772,0.17257617835599476
2192,O=C(Cn1cc(C(=O)C2CCCCC2)c2ccccc21)NCCc1ccccc1,0,0.593243821270839,0.0062667354917001,-1.0579903,0.0129667460160987,0.155794148524678
2193,CC(Nc1nc(N2CCCCC2)nc2ccccc12)C12CC3CC(CC(C3)C1)C2,0,0.733667424542169,0.294466752311634,5.008257,0.0181446356486305,0.18514352290934333
2194,Cc1ccccc1OCc1nn2c(-c3ccccc3)nnc2s1,0,0.574173043877065,0.0016841664134606,-4.467888,0.005610472092356,0.16059953240667207
2195,Cc1cccc(OCc2nn3c(-c4ccccc4)nnc3s2)c1,0,0.574173043877065,0.0009911009815207,-10.184454,0.0054851672942495,0.15571878201787423
2196,COc1ccc(-c2nn3c(-c4ccccc4Cl)nnc3s2)cc1OC,0,0.537168893500067,0.0200699998325892,-8.635431,0.01624355030042,0.1341975186733074
2197,Brc1ccc(OCc2nn3c(Cc4ccccc4)nnc3s2)cc1,0,0.505030909187098,0.0023710131962911,-3.118257,0.013687992582661,0.14941560658049854
2198,Clc1ccc(OCc2nn3c(Cc4ccccc4)nnc3s2)cc1,0,0.541864251665353,0.0080283949825913,-8.081523,0.0107352532306357,0.1421482432894916
2199,Cc1ccc(OCc2nn3c(Cc4ccccc4)nnc3s2)cc1,0,0.557945665605362,0.0016226223631055,-7.9108996,0.0097362488486913,0.16499242583029436
2200,COc1cccc2ccc(/C=C/c3ccc(F)cc3)nc12,0,0.70121066270201,0.290559694764967,10.941962,0.02983929993468,0.14421559128134065
2201,COc1cccc2ccc(/C=C/c3ccc(Br)cc3)nc12,0,0.655668874313835,0.252870367610129,10.404558,0.034342345321576,0.24320979661807768
2202,O=C(Cn1cc(C(=O)C2CCCCC2)c2ccccc21)NCCc1c[nH]c2ccccc12,0,0.395955825688788,0.08745910182659,6.7826533,0.0165276221852239,0.12753759895549177
2203,CC(NC(=O)Cn1cc(C(=O)C2CCCCC2)c2ccccc21)c1ccccc1,0,0.584054956723192,0.118852431817524,-3.9694319,0.0234817399889026,0.14481971834419688
2204,COc1ccc(NC(=O)c2ccco2)cc1NC(=O)c1cccc(OCc2ccccc2)c1,0,0.382816079992096,0.0673774567225005,-2.301158,0.0202262102759856,0.16996440997156886
2205,CCOC(=O)CC1C(=O)NC2CCCCC2N1C(=O)Nc1ccc(Cl)cc1,0,0.769668012651428,0.0022964183177831,-1.3679045,0.2220958954503727,0.6124165641020407
2206,O=C(CCC(=O)OCC(=O)c1ccc(C2CCCCC2)cc1)Nc1cccc2cccnc12,0,0.369975880065693,0.0443394819260459,8.822718,0.0298514584674147,0.2781075009103367
2207,COc1ccc(C2CC(=O)C3=C(C2)NC(=O)CC3C(=O)Nc2cccc(C)c2)cc1,0,0.817171245165904,0.0050375954419199,5.661715,0.0343598914079871,0.2678086200907602
2208,Cc1cc2nc(-c3ccccn3)cc(C(F)(F)F)n2n1,0,0.686555216920979,0.0160985579750765,-4.905765,0.1262212522055898,0.38026068342321506
2209,O=C(OCC1CC1)c1sc2ccccc2c1Cl,0,0.781345578105922,0.163223651365813,-0.55796766,0.0517435989742708,0.12055600931449362
2210,CCOC(=O)c1sc2nc(C)cc(C(F)(F)F)c2c1N,0,0.863788971409054,0.0021051695152283,-0.96415603,0.0903605473263852,0.5577007817669056
2211,COc1ccc(-c2cnn3c(=O)c(Cc4ccccc4)c(C)[nH]c23)cc1OC,0,0.578611416097183,0.032207346245995,-5.8833003,0.0355116183410686,0.21369507965956142
2212,Cc1cc(C)c(C#N)c(SCc2ccccc2F)n1,0,0.792314265560809,0.0028845268541366,2.071486,0.0044481752052722,0.09482876066202796
2213,CCOC(=O)c1c(C)n(CC)c2ccc(O)cc12,0,0.848383424357672,0.139536176310373,1.6244911,0.0635259156829848,0.32936656096227596
2214,Cc1nc2sc(C(=O)c3ccc(Cl)cc3)c(N)c2c2c1CCCC2,0,0.66072404459035,0.0338822765533648,3.584599,0.0537635886534204,0.3235188452935357
2215,CCOC(=O)c1c(C)nn(-c2ccccc2)c1N,0,0.838798411964745,0.0253787219977388,-17.66657,0.0963170246259822,0.18032354115963892
2216,CCSc1nc(-c2cccs2)cc(C(F)(F)F)c1C#N,0,0.762663585623452,0.0047390645650305,0.81735456,0.0065734952218176,0.09331500043455024
2217,CCOC(=O)n1c(=O)oc2cc(Cl)ccc21,0,0.768287245533788,0.0930700425919448,-2.4968476,0.7210726852303019,0.6604045671876
2218,N#Cc1c(SCc2ccc(F)cc2)nc2c(c1-c1ccccc1)CCCC2,0,0.531093807093655,0.066246973068779,4.922726,0.0040321794688922,0.10695174377472169
2219,Cc1nc2sc(C#N)c(N)c2c(C)c1C,0,0.73751554046319,0.0326906599707055,9.719623,0.0096712720379067,0.10352173263455566
2220,Cc1cccc(-c2nnc(N)o2)c1,0,0.71487449026079,0.58325273656279,0.8367835,0.0272258079103702,0.16217219350711956
2221,CN(C)C(=O)c1ccccc1C(=O)N(C)C,0,0.748238965605736,0.998703277874455,8.847502,0.6600004819970531,0.2869742471290067
2222,CCCC(=O)n1c(=O)oc2cc(Br)ccc21,0,0.851643445844087,0.0159944539918397,-11.1646805,0.3102683626791083,0.6163682335454597
2223,Brc1ccc(C2SCCS2)cc1,0,0.750897213049854,0.999512575284357,13.72365,0.0527183227288053,0.1397438906207538
2224,COC(=O)c1ccccc1OCc1ccccc1Br,0,0.803370234815374,0.118463448910709,4.197499,0.1321897913401908,0.3475078615223123
2225,Cc1sc(N)nc1-c1ccccc1,0,0.750508666686881,0.313568784583674,4.5073867,0.0168864625405222,0.1555980706360392
2226,CC1(C)CC(OC(=O)c2ccccc2C(=O)OC2CC(C)(C)NC(C)(C)C2)CC(C)(C)N1,0,0.660225137624027,0.917994385909766,5.650274,0.1787349817620717,0.5212876429001898
2227,O=C(c1cc2ccccc2o1)c1cccs1,0,0.625523758514805,0.228432455436121,14.143204,0.0654598335432382,0.08992101563430638
2228,CCOC(=O)c1cnc2ccc(C(C)C)cc2c1O,0,0.859522342184119,0.0610099529608087,-3.335641,0.3031252671838365,0.47577778438895757
2229,N#Cc1c(N)nc2c(c1-c1ccc3c(c1)OCO3)CCCC2,0,0.873979320237397,0.0585801476844756,4.446099,0.0789611010255417,0.07938898197390523
2230,N#Cc1ccc(C#N)c(-c2ccccc2)c1,0,0.7161074773186,0.603646688962583,7.5232396,0.0535300120836778,0.11285238697862202
2231,Clc1ccccc1CSc1nc2ccccc2o1,0,0.643898594354211,0.428305246313577,2.8582196,0.0383099449405235,0.21373370065597003
2232,O=C(Nc1cccc2c(NC(=O)C3C4CCCCC43)cccc12)C1C2CCCCC21,0,0.70034761261697,0.824756647163507,13.007819,0.0308379455175255,0.1476511324008538
2233,Cc1cccc(-c2ccc3ccccc3n2)c1,0,0.597085848859768,0.365668053232822,9.1137,0.0825013747659384,0.1812422996832074
2234,N#Cc1c(-c2ccc3c(c2)OCO3)c(C#N)c(=O)n(N)c1N,0,0.719808510181267,0.0728853452783631,7.468044,0.1354221821145662,0.10551397481748029
2235,COc1ccc(C)c2c1CCCC2=O,0,0.679798741034915,0.842860478862634,3.4536262,0.0387510128482852,0.1433169915745977
2236,c1ccc(-c2nnc(-c3ccccc3)o2)cc1,0,0.666600069417508,0.998798378174565,-2.7007961,0.0537206505568423,0.16533859739217918
2237,COc1nc(N)c(C#N)c(-c2ccc(N(C)C)cc2)c1C#N,0,0.930443931255781,0.0078073396718449,-8.607352,0.0909289029988062,0.10351859754202801
2238,Nc1nnc(-c2ccc(Br)cc2)s1,0,0.852519253014639,0.82033545617803,5.137194,0.072101684688949,0.2715485676791791
2239,COC(=O)c1c(C)[nH]c(C)c1-c1cccc2ccccc12,0,0.712885740205937,0.062376050147218,5.29236,0.2527082070926081,0.40677843768139993
2240,N#Cc1cc2c(nc1SCc1ccccc1F)CCC2,0,0.802699951053721,0.0013625330634675,6.6665797,0.0042789883261624,0.10032651758339779
2241,CC(C)(CO)NC(=O)c1ccc(Cl)cc1,0,0.828068141386005,0.998604627650164,5.638291,0.2616706535335292,0.23737938795458385
2242,CCOC(=O)c1oc2ccc(Cl)cc2c1N,0,0.818724200201359,0.0415656978398397,-1.7640198,0.0375259525757994,0.47119340267119536
2243,O=C(c1ccccc1)c1cc(Cl)ccc1NC(=O)C(F)(F)F,0,0.863684301338846,0.680211669394491,-3.9893708,0.5000196924318708,0.6375996683972416
2244,CC1=NN(C(=O)c2ccc(Br)cc2)C(O)(C(C)(C)C)C1,0,0.852514503195064,0.037677703616346,0.7545403,0.0568989301576396,0.46596812547596195
2245,c1ccc(C2CCNCC2)cc1,0,0.665178650466905,0.997227681404203,16.685902,0.0164309855188476,0.1677661264117829
2246,COc1ccc(-c2nc3ccccc3nc2-c2ccccc2)cc1,0,0.535364912636841,0.999415721338901,8.444677,0.010311844684803,0.1664073730732456
2247,Cc1nc2ccccc2c(=O)[nH]1,0,0.629622817968018,0.996694648565078,3.7137485,0.0049340926288807,0.13962311803058536
2248,COc1ccccc1-c1nnc(N)[nH]1,0,0.741932620367935,0.836653184907555,-7.546325,0.0470823568875718,0.1560447155823252
2249,CC(C)C(NC(=O)c1ccc(CN(c2ccccc2)S(=O)(=O)c2ccccc2)cc1)C(C)C,0,0.455151524650401,0.136177370728655,-4.965302,0.0448887548487366,0.39546057897609754
2250,COc1ccc(-n2c(C)nc3ccc(Br)cc3c2=O)cc1,0,0.714469659949554,0.0034565308808504,1.7821935,0.0725695215571172,0.35800553577257493
2251,CCOC(=O)c1c(-c2cccc(OC)c2)csc1N,0,0.871817892345056,0.003206710991333,-4.2753925,0.0739275649481812,0.47556046320810985
2252,O=c1c2ccccc2c(-c2ccccc2)nn1CCc1ccccn1,0,0.574053241862915,0.103164568867636,1.7022027,0.0253607420176377,0.13242719934480254
2253,Fc1ccccc1CSc1nc2ccccc2nc1SCc1ccccc1F,0,0.339258965011044,0.857075086078171,12.740071,0.0248712926174198,0.24016607052058525
2254,Cc1nc2sc(C(N)=O)c(N)c2c(C)c1C,0,0.791607184600143,0.116134181043852,4.9740133,0.0434930716753376,0.3059564698167862
2255,c1ccc(-c2nnc(SCc3ccc4c(c3)OCO4)n2-c2ccccc2)cc1,0,0.4533438250964,0.072345006831183,-11.795634,0.0113231362656672,0.18323864074707794
2256,COc1ccc(-c2nc(NC(C)=O)sc2-c2ccc(OC)cc2)cc1,0,0.735109089986508,0.0728870123979919,-1.3014092,0.0578900448045035,0.19030561550590194
2257,Brc1ccc2ncccc2c1,0,0.647932656547623,0.639099701215015,1.0843278,0.0209315810044263,0.13867574618223794
2258,Cc1onc(-c2ccccc2Cl)c1C(=O)Nc1ccc2c(c1)Cc1ccccc1-2,0,0.396187098981523,0.101492808690429,1.0616044,0.0298445641862545,0.11505026309588709
2259,COc1ccc(NC(=O)CSc2nc3ccc(NC(=O)C4CCCCC4)cc3s2)cc1,0,0.456381576462253,0.0476593599081757,4.5608077,0.0170732733898843,0.24826911393337606
2260,CCOC(=O)c1cc2cc(OCc3ccccc3)ccc2[nH]1,0,0.725689808838319,0.0187235657391793,-3.4224553,0.0397517326123186,0.2033479557714088
2261,CC(=O)Nc1nnc(-c2ccc3c(c2)OCO3)s1,0,0.895271250326552,0.696759880739561,-12.280317,0.0678003208834187,0.1474146287750203
2262,COc1ccc2oc(C(=O)c3ccccc3)c(NC(C)=O)c2c1,0,0.74719640898918,0.185238168675374,2.8792138,0.0930793729606596,0.3971655937246624
2263,Clc1ccc2oc(-c3ccccc3Cl)nc2c1,0,0.630406647105726,0.998598642597779,-0.067323565,0.1795403132457047,0.18127079624084147
2264,O=C(CSc1nnc(SCC(=O)Nc2nnc(-c3ccccc3)s2)s1)Nc1nnc(-c2ccccc2)s1,0,0.21500243901933,0.95601573935373,12.513932,0.0358287458756465,0.18995886759573083
2265,CCOC(=O)c1nsc(Cl)c1Cl,0,0.727307787491411,0.71618384750574,3.625103,0.0886399087865823,0.2900757324629038
2266,Cc1cc(C)n(-c2cccc(F)c2)c(=O)c1C(N)=O,0,0.892586762874173,0.0529156425764237,4.650657,0.8105136550933301,0.7266728164331537
2267,N#Cc1c(N)nc(SCc2ccccc2)c(C#N)c1-c1ccccc1,0,0.711595803749021,0.0028250862417217,2.681316,0.0092707993999184,0.09538642202526823
2268,N#CC1=C(SCC(=O)C23CC4CC(CC(C4)C2)C3)NC(=O)C(C#N)C12CCCCC2,0,0.720330853365932,0.0534119186184646,17.858286,0.061382803853361,0.07457824483013856
2269,N#Cc1ccc(-c2cccs2)nc1SCc1ccccn1,0,0.671497720909318,0.0026313058736217,-0.58275974,0.0029134156401329,0.0622273657284001
2270,CCC(Sc1nnc2c3cc(Br)ccc3n(C)c2n1)C(=O)Nc1ccc(S(N)(=O)=O)cc1,0,0.361616848890618,0.3299715140536,7.638066,0.0296679433963067,0.14854899295131493
2271,Cc1nnc(SCC(=O)N(C)c2ccccc2)s1,0,0.80709736575892,0.0113660646501998,-8.6846895,0.0512446675106728,0.21713350192601885
2272,COc1ccc2nc(O)c(O)nc2c1,0,0.705814609058614,0.996073234701559,9.483493,0.4212032249008199,0.3457756444147464
2273,c1ccc(-c2noc(-c3ccco3)n2)cc1,0,0.654776912591158,0.377763707280987,-13.908998,0.0371455317525452,0.2131902327087662
2274,NC(=O)c1oc2ccccc2c1N,0,0.68236535885291,0.995707152764485,13.523181,0.086614685310006,0.2998189488117741
2275,CCOC(=O)c1cc2cc(OC)ccc2[nH]1,0,0.806001576326738,0.0717406278073182,1.4604932,0.0774300911089541,0.34484261016439693
2276,COc1ccc(C(C#N)N2N=C(C)CC2(C)C)cc1OC,0,0.853357965579866,0.0037525545139578,-3.0210118,0.0112203977325275,0.06803064637069267
2277,Cc1nnc(SCc2ccccc2)[nH]1,0,0.782243192376835,0.345362904288191,10.314832,0.2852683438310539,0.32609494985836834
2278,O=C1OCc2cc(Br)ccc21,0,0.616652369533673,0.994491458213111,-8.265491,0.0314111358923712,0.15479149392952024
2279,Cc1ccc(C(=O)c2oc3ccccc3c2N)cc1,0,0.708400729664475,0.28695567222629,9.282996,0.1554758168709034,0.2837583387023373
2280,COC(=O)c1ccc(C2OCCCO2)cc1,0,0.716867985531765,0.36081036978242,7.815471,0.1508827004760219,0.37788372169021156
2281,CCC1=NCC(=O)Nc2ccc(Cl)cc21,0,0.779497247960021,0.969747002143163,0.7244185,0.5040238355427734,0.32038182109539487
2282,Cn1c(=O)c2c(nc(N3CCCCC3)n2CC(=O)C23CC4CC(CC(C4)C2)C3)n(C)c1=O,0,0.72958277020386,0.144661279865538,0.7195698,0.0254321301354922,0.2967415549829381
2283,O=C(CC1c2ccccc2Oc2ccccc21)Nc1ccc(NC(=O)C23CC4CC(CC(C4)C2)C3)cc1,0,0.398865110145685,0.705482886182594,9.992102,0.0517590127700009,0.2226096022323678
2284,Cc1cc(O)nc2cc(-c3ccccc3)nn12,0,0.691499460180901,0.147776522900087,-5.6912656,0.5255818557849695,0.21404633056007194
2285,O=c1c2ccccc2c(-c2ccccc2)nn1Cc1cccc(Br)c1,0,0.499338303784262,0.0086855892453504,-1.1291149,0.017344191462694,0.1585083573628833
2286,CC(C)Cn1nc(-c2ccccc2)c2ccccc2c1=O,0,0.73156017323843,0.100773939321557,-2.1887732,0.1810953848750936,0.17063107631185076
2287,Cc1oc(C(C)(C)C)cc1C(N)=O,0,0.719804435593371,0.206383243550279,15.003448,0.0455489428498521,0.28063489912402606
2288,CCCOC(=O)c1cc(O)nc2ccccc12,0,0.824360960181332,0.212605565163353,7.6106563,0.6172238744281566,0.49203114171105045
2289,CCOC(=O)c1nc(-c2ccccc2)n(-c2ccccc2)n1,0,0.693504455476052,0.0164807812806846,-12.192864,0.0356052639251392,0.137037906580102
2290,[NH3+]CCc1c[nH]c2ccc(F)cc12,0,0.692860527433488,0.569941396908562,13.60984,0.1747319917372582,0.21195622500049116
2291,COc1ccc(C2OCC(C)(C(=O)O)CO2)cc1,0,0.888650415514018,0.114093471101853,0.16667104,0.3530819745740404,0.2764087731259224
2292,COC(=O)c1cnn2cccnc12,0,0.595534884171594,0.0673808575711795,-2.8449035,0.0409345803712653,0.24854681671829218
2293,O=C(NC1CCCCCC1)c1cncc(Br)c1,0,0.851052629459672,0.353907727547467,8.905107,0.0252759071092202,0.2277738275498157
2294,CCOC(=O)c1occc1CN,0,0.682933515833984,0.196015117380767,17.231176,0.0221853565343874,0.23707398783197636
2295,CC1(C(=O)O)COC(c2ccccc2)OC1,0,0.828864970927305,0.247303488360338,-0.8771534,0.7694104324999854,0.28845945590714267
2296,CCOC(=O)c1cc(C)nc2ccccc12,0,0.72289163439294,0.709133985016777,5.934505,0.3198810372955389,0.3963136383411107
2297,Cc1oc2c(c1CC(=O)O)C(=O)CC(C)(C)C2,0,0.855516772377672,0.439774646794361,-17.46261,0.059124312049517,0.5691043379747045
2298,CCS(=O)(=O)c1ccc(Cl)cc1,0,0.739883735667903,0.999617065002253,6.5315566,0.0114187476479629,0.2433455819034728
2299,COc1cc2c(=O)n(Cc3ccc(F)cc3)c(=O)n(Cc3ccc(F)cc3)c2cc1OC,0,0.461998157609713,0.024809251476258,-3.934423,0.0826660312652943,0.40769409371883614
2300,Cn1c(=O)c2c(nc(N3CCOCC3)n2CC(=O)C23CC4CC(CC(C4)C2)C3)n(C)c1=O,0,0.704634248745393,0.291936935281146,0.38015735,0.0387853998822221,0.2228995552547886
2301,Cc1cc(C)n(-c2cccc(F)c2)c(=O)c1C#N,0,0.770713987209208,0.0536701020360142,-7.1731043,0.0393494952364065,0.12994914384577583
2302,Cc1nn(-c2ccc(OC(F)(F)F)cc2)c2c1C(=O)CC(C)(C)C2,0,0.82279400709709,0.0136503996807876,-20.3228,0.0467342447502936,0.3611698279299388
2303,CCCc1cc(O)nc(SCC(=O)NCC23CC4CC(CC(C4)C2)C3)n1,0,0.562914144960308,0.004749262569536,11.658722,0.0221138814641993,0.23481792653033984
2304,CCOc1ccc(OCC)c(S(=O)(=O)NCC23CC4CC(CC(C4)C2)C3)c1,0,0.725534203601409,0.0081642734343933,7.739838,0.1284076185619663,0.6256485037312803
2305,Cc1sc(N)nc1-c1ccc(F)c(F)c1,0,0.811430972098965,0.869402822324967,3.8075938,0.0628324428207018,0.2816783856069554
2306,CC1CCN(S(=O)(=O)c2ccc(C(=O)NC34CC5CC(CC(C5)C3)C4)cc2)CC1,0,0.811693664997264,0.009000718238023,-0.1884886,0.0325073434692608,0.2706024893025945
2307,COc1ccccc1NC(=O)c1nnn(Cc2ccccc2)c1NC(=O)CSc1nnnn1-c1ccc(Cl)cc1,0,0.236652100593622,0.387469337857658,3.4516702,0.0537991996795525,0.1135707920612729
2308,CCC(NC(=O)c1ccc(S(=O)(=O)N2CCOCC2)cc1)C12CC3CC(CC(C3)C1)C2,0,0.726416904286725,0.0097404274084356,-0.6241442,0.0278027493328329,0.23957168237398746
2309,O=S(=O)(NCC12CC3CC(CC(C3)C1)C2)c1ccc(S(=O)(=O)N2CCOCC2)cc1,0,0.711402261222562,0.0423330289505824,9.038798,0.0647705173916994,0.35137092883118093
2310,O=S(=O)(NCCC12CC3CC(CC(C3)C1)C2)c1ccc(S(=O)(=O)N2CCOCC2)cc1,0,0.664022159229058,0.0227453040271078,12.035906,0.0439150663973059,0.3388961563475933
2311,CCC(NS(=O)(=O)c1ccc(S(=O)(=O)N2CCOCC2)cc1)C12CC3CC(CC(C3)C1)C2,0,0.645001487727119,0.0307342365708468,2.4712882,0.0608125664157785,0.33698488413413885
2312,Cc1cccc(-c2c(C#N)cnc3ncnn23)c1,0,0.646345903492489,0.0066389322145761,8.606588,0.058234971764271,0.09019725519854752
2313,CCOC(=O)c1nn(-c2cccc(C)c2)cc1C(=O)c1ccc(Cl)cc1,0,0.498840003538666,0.0041691184582459,-3.7907033,0.091340713521865,0.34134587000439554
2314,CC1CCN(c2nc3c(c(=O)n(C)c(=O)n3C)n2CC(=O)C23CC4CC(CC(C4)C2)C3)CC1,0,0.710323926431077,0.118296855562533,3.4100442,0.0207074229212606,0.2624329252185623
2315,COc1cc(O)c(C(C)=O)cc1OC,0,0.746017781855739,0.998634189717924,8.519962,0.0225495249987892,0.1359134324719024
2316,CCCc1cc(O)nc(SCC(=O)NCCC23CC4CC(CC(C4)C2)C3)n1,0,0.52005338252546,0.0115895383830169,15.33949,0.020760529612955,0.19130067628603648
2317,CCC(NC(=O)c1ccc(S(=O)(=O)N2CCCCC2)cc1)C12CC3CC(CC(C3)C1)C2,0,0.698018460249217,0.0165075629323495,8.708055,0.0304599076180777,0.3210079258481789
2318,Cn1c(=O)c2c(nc(NC3CCCCC3)n2CC(=O)C23CC4CC(CC(C4)C2)C3)n(C)c1=O,0,0.751662999309883,0.208089947381338,5.615646,0.0266552167445866,0.24749965819257036
2319,Cc1nc2sc(C(=O)OCc3ccccc3)c(N)c2c(C)c1C,0,0.733979809938344,0.0156443662513006,-1.6792672,0.0292846154058406,0.23599936700186874
2320,O=C(O)CCNC1=NCCCCC1,0,0.688094217388188,0.796260311535512,6.293249,0.0484877814265403,0.19282912115116893
2321,O=C(O)CC(C(=O)Nc1ccc(Cl)c(Cl)c1)C1CCCO1,0,0.86815826566479,0.108734315443384,-3.8855777,0.4064570787399962,0.6461291300012205
2322,Fc1ccccc1CSc1nnc(SCc2ccccc2F)s1,0,0.545553101358187,0.549502250670977,10.251289,0.0236469909210744,0.2705519074888997
2323,CCOc1ccc(C(=O)NCC23CC4CC(C2)CC(CNC(=O)c2ccc(OCC)cc2)(C4)C3)cc1,0,0.478144923140179,0.241870373152054,9.995534,0.1521543984587634,0.5514800090407486
2324,CCOc1cccc(C(=O)NCC23CC4CC(C2)CC(CNC(=O)c2cccc(OCC)c2)(C4)C3)c1,0,0.478144923140179,0.139711290045187,9.297576,0.0569208805527184,0.4385938377216655
2325,COc1ccc(OC)c(C(=O)c2ccc(C(=O)Nc3ccccc3NC(=O)c3ccc(C(F)(F)F)cc3)cc2)c1,0,0.246714338687905,0.806415348491659,4.0499477,0.2073722661817096,0.22376420357998533
2326,CC(C)(C)c1ccc(S(=O)(=O)NCC23CC4CC(CC(C4)C2)C3)cc1,0,0.859334946197803,0.524276993878962,11.34311,0.5040655835132654,0.6710545837757754
2327,COc1cc(S(=O)(=O)N2CCC(C(N)=O)CC2)ccc1Cl,0,0.897692498503005,0.0015508957333594,-8.464691,0.1314528703637059,0.5845551776288562
2328,O=C(OC(CCN1CCCCC1)c1ccccc1)C1(c2ccccc2)CCCC1,0,0.570539268757797,0.998365938644015,-5.7282553,0.6330602915592257,0.3238321716246536
2329,O=C(NCC12CC3CC(CC(C3)C1)C2)c1nn2c(C(F)(F)F)c3c(nc2c1Cl)-c1ccccc1CC3,0,0.458309926351536,0.331242591520002,0.26644492,0.1035941968123603,0.2045460974929591
2330,CCc1ccc(C(=O)COC(=O)C2CCCN2C(=O)C23CC4CC(CC(C4)C2)C3)cc1,0,0.508574908695115,0.0111869150160656,-0.69334924,0.119951488801015,0.5544456080526324
2331,CCc1ccc(C(=O)COC(=O)C(NC(=O)C23CC4CC(CC(C4)C2)C3)C(C)C)cc1,0,0.496943379023194,0.318750298949381,5.119346,0.5049110131076789,0.6792154971828173
2332,OCc1nnn(-c2ccccc2)c1CO,0,0.753189029018846,0.463402712899189,1.320043,0.6370538402229015,0.244085369833111
2333,NC(=O)Cn1ccnc1,0,0.57156529159895,0.998352984648208,10.281717,0.2510532976389015,0.3547238141483123
2334,CC(=O)OC(Cn1ccnc1)c1ccccc1,0,0.756094432411231,0.0401726256672824,-15.526806,0.0933656062038497,0.26468697421618587
2335,COC(=O)c1c(-c2ccc(F)cc2)csc1N,0,0.834798210750164,0.704853916594983,-1.8981683,0.0637806615605607,0.35962935797836193
2336,COC(=O)c1c(-c2cccc(OC)c2)csc1N,0,0.86489152459296,0.200648614660444,0.6960949,0.0628630693566508,0.4517445236453151
2337,COC(=O)c1c(-c2ccc(OC)cc2)csc1N,0,0.86489152459296,0.367003726898409,2.6984487,0.0584397817953233,0.46147976447796896
2338,Nc1nnc(SC2c3ccccc3-c3ccccc32)s1,0,0.776985536361519,0.115871838819511,7.0160623,0.0322672300590697,0.20859212613560102
2339,CCOC(=O)C1CCN(C(=O)c2ccccc2NC(=O)C(c2ccccc2)c2ccccc2)CC1,0,0.499965328906981,0.0076505847188011,-1.2981483,0.298488321399952,0.4148356532299166
2340,Cc1cn(-c2ccc(Br)cc2)nc1O,0,0.84786104512791,0.670511480917011,4.3486295,0.0330309767699808,0.24206541442856505
2341,CC1(C)CC(=O)c2c(-c3cccs3)n[nH]c2C1,0,0.838812285100806,0.0053896961655283,-16.670294,0.0176406090812808,0.08146509373193692
2342,CC1(C)CC(=O)c2c(-c3cccnc3)n[nH]c2C1,0,0.834509934517152,0.480316017098854,-16.63126,0.0382799201875847,0.1421996229547842
2343,COc1ccc(-c2n[nH]c3c2C(=O)CC(C)(C)C3)cc1,0,0.911035678815942,0.0117096663780172,-17.669165,0.0313684813157074,0.1329467482549221
2344,CN(C)C(=O)N1CCNCC1,0,0.517826749078067,0.996373245750162,14.037598,0.0315330831467439,0.16971533503005987
2345,CCCCc1nn(-c2ccccc2F)c2c1C(=O)CCC2,0,0.854752659852513,0.0076298307655536,-4.2813,0.0767941022719561,0.19393465728992862
2346,O=C(Nc1cc(C(F)(F)F)ccc1Oc1ccc(C2CCCCC2)cc1)C12CC3CC(CC(C3)C1)C2,0,0.448615663354871,0.385034747207229,6.1212163,0.2022200587378436,0.2563262502044553
2347,CCCCc1c2c(nn1-c1ccccc1F)CC(C)(C)CC2=O,0,0.83200520420402,0.0230801683391154,-13.738437,0.0492027788111456,0.24520506984183096
2348,CCCCc1nn(-c2ccccc2F)c2c1C(=O)CC(C)(C)C2,0,0.832005204204019,0.0189887598986742,-5.598482,0.0453436955632885,0.23169215760789613
2349,Cn1nnn(-c2ccccc2)c1=O,0,0.612536543495318,0.999357356798275,-13.425466,0.0922519386925229,0.1908215725133497
2350,Clc1ccccc1Cc1nc(-c2ccccc2)cs1,0,0.655739914249431,0.939833850699159,2.6964803,0.0303891650479921,0.3668176178295136
2351,Clc1nnc(-c2ccccc2)cc1-c1ccccc1,0,0.684130558716844,0.999255317574428,9.068176,0.0575172387229614,0.39362102558957074
2352,Cc1cc(C(C)(C)C)oc1C(N)=O,0,0.719804435593371,0.168084070267658,12.137809,0.0423606779462771,0.2196961950829245
2353,O=c1c2ccccc2n(Cc2ccccc2F)c(=O)n1Cc1ccccc1F,0,0.545282062056204,0.149935191538979,8.444665,0.0487082520188789,0.33860073434527604
2354,Fc1ccc(-c2nnc(-c3ccc(Cl)cc3Cl)o2)cc1,0,0.679029751419916,0.463032099832448,-4.816888,0.1469130972007222,0.3280309519782246
2355,O=C(NCC12CC3CC(CC(C3)C1)C2)C1CCCCC1C(=O)OCC(F)(F)F,0,0.70167666589463,0.0143734006526773,-1.4890206,0.2559105870528942,0.4724481698944795
2356,CCOC(=O)c1c(CN(CC)CC)oc2ccc(O)cc12,0,0.828268726988122,0.0543901436734023,-1.9179084,0.8607079762105526,0.6580942543051826
2357,Cc1cc(C)c(C#N)c(SCC(=O)N(C)c2ccccc2)n1,0,0.812765175064339,0.0017895577055358,-6.5589485,0.0016835053096852,0.07668495027926846
2358,CCN(CC)CC(=O)Nc1cc(C23C[C@H]4C[C@@H](C2)C[C@@H](C3)C4)ccc1Br,0,0.687790558029517,0.396754090492979,8.624767,0.2600414000988332,0.6640240530388792
2359,O=c1[nH]c2ccccc2n2nnnc12,0,0.535632336567799,0.600190559376519,11.9388485,0.181639187395427,0.19112102240698414
2360,O=c1[nH]c2ccccc2n1Cc1ccc(F)cc1,0,0.736311205327785,0.160722173228177,3.1963115,0.5482194878918792,0.31864976075503004
2361,COc1ccc(-c2ccccc2)cc1,0,0.694964944128763,0.997626266897255,10.940392,0.0787376111046373,0.13980580487984257
2362,OCc1nnn(-c2cccc(C(F)(F)F)c2)c1CO,0,0.88311533205308,0.0087033423388941,-1.9785655,0.2830714033462933,0.5296946700342964
2363,NCc1ccoc1C(=O)O,0,0.625921892238019,0.998830099975221,16.762695,0.5389447725602499,0.54605702099251
2364,CC1(C)CC(=O)C2=C(C1)Nc1ccccc1N(C(=O)NC13CC4CC(CC(C4)C1)C3)C2c1cccc(Cl)c1,0,0.420002881373001,0.590685664113564,8.555011,0.0760932687909331,0.2228016744695648
2365,Clc1ccccc1CSc1nc2cc(Cl)c3cccnc3c2o1,0,0.421216211006389,0.142508326639131,12.027712,0.018792819307761,0.12794336025909095
2366,CC(C)c1cc(CN2CCN(Cc3cc(C(C)C)c(O)c(C(C)C)c3)CC2)cc(C(C)C)c1O,0,0.443676560506813,0.674995290778585,4.3248434,0.7070015376368014,0.517085763162976
2367,CNc1nc(N)c(C(C)=O)s1,0,0.650461724722779,0.406784518691598,13.654542,0.1827200736656996,0.3117394766976084
2368,COc1ccccc1-n1nc(C)cc1N,0,0.808866412070425,0.429223265812092,1.183704,0.0408132529012451,0.11382801157503755
2369,CC(c1ccccc1)n1cccc1,0,0.653976147500735,0.997095627495217,2.8195024,0.0907511576188406,0.18820807467785317
2370,COC(=O)c1cc(-c2ccc(OC)cc2)on1,0,0.759815997902023,0.0516265728225215,9.5989275,0.0699553475020476,0.14895249265912255
2371,Cc1cc(-c2cccs2)c(C#N)c(N)n1,0,0.794770438948137,0.0038363889156696,1.1590749,0.0151736327422697,0.1312278068594307
2372,COc1cccc(-c2cc(C#N)c(N)o2)c1,0,0.832646788157871,0.0932749707164202,0.5751301,0.0197886818616622,0.07107198918212926
2373,CN(C)c1nc(N(C)C)nc(-n2cc(-c3ccccc3)nn2)n1,0,0.717540759852095,0.900135565064913,-11.395524,0.0290714456724554,0.3386860268398194
2374,CC1(C)CC(=O)c2cnn(-c3ccc(C(F)(F)F)cc3)c2C1,0,0.796470337052834,0.602928084247923,-7.7482295,0.1064757531169142,0.344430316233193
2375,CCOc1ccc(CCNC(=O)c2ccc(NCc3ccccc3)nc2)cc1OCC,0,0.47997694096954,0.0480190663182093,-5.5968285,0.0258147383229716,0.13295905804454713
2376,Cc1nc(CSc2nnc(C)n2N)cs1,0,0.648734745616753,0.0035666496035197,11.766046,0.0643509495833739,0.10350460990112613
2377,Cc1nc(CSc2nc3ccccc3s2)cs1,0,0.665955090204129,0.210507753670801,3.3523278,0.0214330355128958,0.0905904574728786
2378,COc1ccc(-c2oc(=O)n(Cc3ccccc3)c2-c2ccc(OC)cc2)cc1,0,0.474994723512859,0.0053216361410261,-1.6754565,0.0223152552702206,0.17412827361014976
2379,COc1ccc(-c2oc(=O)n(CCc3ccccc3)c2-c2ccc(OC)cc2)cc1,0,0.43557295864265,0.0426101464846889,-0.07777083,0.0188686919919625,0.19879112958554662
2380,O=C1c2cccnc2-c2ncccc21,0,0.53093645870001,0.998434600491085,14.922286,0.5065778608621191,0.21236220660123398
2381,COC(=O)c1[nH]c2ccc(F)cc2c1N,0,0.70029441082241,0.361427762502724,0.032440186,0.0501584456501282,0.3030874939754097
2382,COC(=O)c1[nH]c2cccc(OC)c2c1N,0,0.752474243037464,0.554675931645383,8.495835,0.1426414152236937,0.3105374587942492
2383,N#Cc1ccc(-n2cccc2)cc1,0,0.642085886527267,0.993485501544495,8.566468,0.0447588048700026,0.08584893140722036
2384,COc1ccc(C23CC4CC(C2)CC(c2ccc(OC)c(C(=O)NC5CC5)c2)(C4)C3)cc1C(=O)NC1CC1,0,0.502751336868827,0.840177714618311,-2.270546,0.0671976730949241,0.16204713235496132
2385,O=C(CSc1nc2cc(C34CC5CC(CC(C5)C3)C4)ccc2o1)c1ccc(-c2ccccc2)cc1,0,0.207920624965972,0.472334580970093,9.042706,0.0424590791742961,0.2648780323976273
2386,O=C(CSc1nc2cc(C34CC5CC(CC(C5)C3)C4)ccc2o1)Nc1ccc(Cl)cc1Cl,0,0.38295317462636,0.0877913602139286,11.271345,0.037722946409386,0.27067703237692964
2387,CCOc1nc(NC2CCCCC2)nc(N2CC3CC(C2)c2cccc(=O)n2C3)n1,0,0.811154847430205,0.001244988640668,-7.1935725,0.0108437704213652,0.16327577084864223
2388,CCOC(=O)c1cc(C23CC4CC(CC(C4)C2)C3)nc(C23CC4CC(CC(C4)C2)C3)c1,0,0.545975203264488,0.959406485133488,12.754031,0.1826189373440686,0.44697726323502235
2389,O=c1[nH]c2ccc(S(=O)(=O)Nc3cnc4ccccc4c3)cc2s1,0,0.589573651773063,0.0069534073667192,4.6880126,0.1486280598964573,0.44273999970145184
2390,Cc1c(C#N)c(=O)[nH]c2c1oc1ccccc12,0,0.637179114688979,0.223419566426146,11.155954,0.0391205206620745,0.10367164189208256
2391,O=c1cccc2n1CC1CC2CN(c2nc(NC3CCCCC3)nc(N3CCCCC3)n2)C1,0,0.766382802232079,0.0017033872700831,-0.68812585,0.0153270864501783,0.1717410422272427
2392,Cc1ncc(CN)c(N)n1,0,0.564225480336827,0.896019431594194,18.660002,0.0333770906385317,0.18479582815211826
2393,Cc1cccc2c1[nH]c1nc3ccccc3nc12,0,0.504131551031348,0.213332828201113,2.9109826,0.0259340218332593,0.1393304001170111
2394,c1ccc(-c2nnc3ccc(N4CCCCC4)nn23)cc1,0,0.723395267827705,0.0172705252622624,-6.40859,0.0196620980638564,0.10998371962677884
2395,c1ccc(-c2nnc3ccc(N4CCOCC4)nn23)cc1,0,0.714314897405361,0.0333430261896222,-8.5101185,0.035996339801784,0.11597901861423439
2396,Cc1ccc(-n2cc(C(C)(C)O)nn2)cc1,0,0.83414459606906,0.114842341484933,2.2005558,0.0672788995423975,0.14876288996332285
2397,COc1nc(N(C)C)nc(-n2cc(-c3ccccc3)nn2)n1,0,0.715108725858387,0.0645272586041421,-13.808062,0.0199566849205936,0.1859681620677002
2398,O=C(O)c1ccccc1CSc1ccccn1,0,0.840928205858077,0.221811542217818,-5.6500344,0.7448787719713992,0.5458413416839949
2399,COc1ccc(C23CC4CC(C2)CC(c2ccc(OC)c(C(=O)NC(C)C)c2)(C4)C3)cc1C(=O)NC(C)C,0,0.465196896297922,0.890868960086814,-0.21836185,0.3948592686314812,0.340680807391396
2400,Fc1ccc(-n2cccc2)cc1Cl,0,0.658366430191057,0.995226266467283,9.310275,0.0477524807437139,0.16738760242436562
2401,Cc1n[nH]cc1CN,0,0.542683177491581,0.996732364347931,19.8031,0.0632737065503093,0.2548963836003784
2402,Cn1c(=O)n(N)c(=O)c2c3c(sc21)CCCC3,0,0.686996362903336,0.0306695638417176,9.622423,0.0608956815240093,0.30101943931066255
2403,O=c1s[nH]c2ccccc12,0,0.608972746434495,0.998740440399439,4.2489514,0.0885437520233651,0.22581022143172763
2404,Clc1cc2nc(SCc3ccccc3Br)oc2c2ncccc12,0,0.386909002421173,0.181376015907661,10.085068,0.0179678303194901,0.1373234964986382
2405,CC(NC(=O)CC12CC3CC(CC(C3)C1)C2)C12CC3CC(CC(C3)C1)C2,0,0.726882368624671,0.951298161339192,22.612598,0.1627427429457769,0.35634358464361027
2406,Cn1c(SCc2ccccc2CSc2nnc(-c3ccccc3)n2C)nnc1-c1ccccc1,0,0.257071082334929,0.911968121281979,-7.794637,0.0229129730885922,0.296136206008891
2407,CC(C)(C)c1ccc(S(=O)(=O)Nc2cccc(S(=O)(=O)N3CC4(C)CCCC3C4(C)C)c2)cc1,0,0.59299002779699,0.212303494868157,5.5490437,0.0822758578462282,0.5119594452920502
2408,Clc1ccccc1-c1nnc2sc(-c3ccccn3)nn12,0,0.567479028505767,0.022540449148873,-9.272942,0.0105743364665517,0.1581671872642772
2409,Clc1ccccc1-c1nnc2sc(-c3cccnc3)nn12,0,0.567479028505767,0.140034449211901,-10.340107,0.0096371287118442,0.1519769987969977
2410,Clc1ccccc1-c1nnc2sc(-c3ccncc3)nn12,0,0.567479028505767,0.213267470498159,-10.453004,0.0097689663777954,0.14986216684019454
2411,CCOC(=O)c1noc(C(=O)c2ccc(Br)cc2)c1N,0,0.678920416775796,0.0058179776330793,12.524098,0.0507657623031563,0.435438083872835
2412,COc1ccc(-c2oc(=O)n(Cc3cccc(OC)c3)c2-c2ccc(OC)cc2)cc1,0,0.430181874744282,0.0061519308212049,-2.9175801,0.0357975311743095,0.1608891514406264
2413,COc1ccc(C(=O)c2oc3ccc(Cl)cc3c2NC(C)=O)cc1,0,0.71759806227057,0.0086972720803578,1.6309983,0.2997769968929855,0.4644730748349796
2414,CCOC(=O)c1c(COc2ccccc2NC(C)=O)oc2ccc(OC)cc12,0,0.61676330405606,0.0030055726358522,-2.9321556,0.0593586813969983,0.30001294010673374
2415,COc1ccc(-c2oc(=O)n(Cc3cccs3)c2-c2ccc(OC)cc2)cc1,0,0.467410448903748,0.0168275325279209,2.2519836,0.0184442407966775,0.08745848994534139
2416,COc1cccc(-c2noc(C(=O)NC(C)C)n2)c1,0,0.908843873071096,0.0014110573841482,-4.9710884,0.0222430792986889,0.14702035292606305
2417,Nc1c(-c2ccc(Cl)cc2)nnn1-c1cccc(C(F)(F)F)c1,0,0.761943624058832,0.0349153766629496,-8.882064,0.0568042191052137,0.40275121371292955
2418,O=C(NC12CC3CC(CC(C3)C1)C2)c1ccc(NC(=O)C2CCCN2S(=O)(=O)c2ccc(F)cc2)cc1,0,0.587438989663943,0.129136811288757,3.854795,0.0357812316093732,0.141029134701597
2419,Cc1ccc(NC(=O)CC23CC4CC(CC(C4)C2)C3)cc1S(=O)(=O)N1CCOCC1,0,0.771923237694035,0.0793368240523589,2.2664533,0.0430850459521745,0.3504277041184172
2420,O=C(CC12CC3CC(CC(C3)C1)C2)Nc1cccc(S(=O)(=O)N2CCCC2)c1,0,0.808969055945771,0.0031992283456328,7.854894,0.0252640161578863,0.21200534712402005
2421,CSc1nnnn1-c1ccc(F)cc1,0,0.704826639634569,0.118824737072635,5.0340033,0.0692819637486694,0.177766412766893
2422,CCCOc1nsc(SCCC)c1C#N,0,0.717948806811759,0.0010623709559176,-1.4305121,0.00518357061975,0.06567712426160068
2423,CC(=O)Nc1ccc(-c2nnc3c4ccccc4c(C)nn23)cc1,0,0.615980389931199,0.408656342686882,-10.443593,0.0779689133407853,0.12574065283637906
2424,COc1ccc(Cn2c(-c3ccccc3)c(-c3ccccc3)oc2=O)cc1OC,0,0.474994723512859,0.0049753027711952,-2.7150965,0.0245547905131726,0.17225980581851247
2425,Cc1ccc(-n2nnc(CO)c2CO)cc1,0,0.7909006247331,0.229525603063385,4.703893,0.2703917168697531,0.3354570370691432
2426,CCCOc1nsc(SC)c1C#N,0,0.722451775643352,0.0021362174448234,6.25419,0.0147621400125208,0.08158843990006691
2427,c1ccc(-c2nnc3ccc(N4CCN(Cc5ccc6c(c5)OCO6)CC4)nn23)cc1,0,0.50865148277381,0.0023136176928054,-9.0196705,0.0149692482182061,0.11004973787574997
2428,O=C(NCC12CC3CC(CC(C3)C1)C2)c1cc(S(=O)(=O)NC2CC2)c(Cl)cc1Cl,0,0.665944369047576,0.0304787970824354,3.9255204,0.0253072013643165,0.15272919368572205
2429,O=C(NCCC12CC3CC(CC(C3)C1)C2)c1cc(S(=O)(=O)NC2CC2)c(Cl)cc1Cl,0,0.601730363174479,0.0773190572407116,10.2865925,0.0308610645273043,0.13108924392448607
2430,Nc1c(-c2ccc(Cl)cc2)nnn1-c1ccccc1C(F)(F)F,0,0.761943624058832,0.359981384147835,-14.161878,0.0591379551801971,0.49343780512561713
2431,CCCCc1c2c(nn1-c1ccccc1F)CCCC2=O,0,0.854752659852513,0.0064071639135681,-4.015603,0.0978415069270489,0.21645379729036648
2432,CCC(=O)c1c(NCCO)cc(C)oc1=O,0,0.729037856168164,0.012152516524854,14.39229,0.0412762253082768,0.5387342498422548
2433,NC(=O)CC1CCCCN1,0,0.570063852412657,0.998601599518619,16.768164,0.0343611356623088,0.20870250207815913
2434,CCCOc1nc(C)cc(COC)c1C(N)=O,0,0.813007899157485,0.0007423913535608,-7.3077116,0.0539442456653985,0.4441749353946971
2435,c1ccc(CSc2nn3c(SCc4ccccn4)nnc3s2)nc1,0,0.479325554579764,0.0064658723478978,-6.624987,0.0216802747134263,0.19927226038854173
2436,CC(=O)c1c(Nc2ccccc2F)oc(C)cc1=O,0,0.862596033046558,0.0035583046487684,-6.662289,0.1688929349581665,0.43855857816539123
2437,O=C(Nc1cccc(NC(=O)C23CC4CC(CC(C4)C2)C3)c1)Nc1cccc2ccccc12,0,0.426442599473737,0.961813624444677,1.7220119,0.0278071728295629,0.1367578528664452
2438,CC(C)c1ccc(CNC(=O)NC23CC4CC(CC(C4)C2)C3)cc1,0,0.835343143031994,0.647210570670477,7.5668683,0.0560443883946337,0.2950275276921749
2439,Cn1c(=O)c2cc(Br)ccc2n(C)c1=O,0,0.715768891103789,0.953869425283473,-0.9053699,0.1003303344824946,0.2619619516582297
2440,Cc1nn2c(-c3ccncc3)nnc2c2ccccc12,0,0.528292819888998,0.083334737261224,-5.7538753,0.0301780810993923,0.11392108124849613
2441,N#Cc1ccc(/C=C\c2nccc3c2[nH]c2ccccc23)cc1,0,0.579456256481381,0.783712822328186,8.091664,0.0238822110959759,0.06770840138338306
2442,C(=C\c1nccc2c1[nH]c1ccccc12)\c1ccc2c(c1)OCO2,0,0.587277639561732,0.537683797178291,4.6039853,0.0029133241662254,0.09989495747386372
2443,COc1ccc(-c2oc(=O)n(Cc3ccco3)c2-c2ccc(OC)cc2)cc1,0,0.497124039584058,0.002846945972392,-1.4564023,0.0270633093180247,0.15274401765230397
2444,COc1cccc(-c2noc(C(=O)NC3CCCCC3)n2)c1,0,0.939241938854148,0.0010550746194487,-7.779305,0.0078442129396616,0.12811085941235717
2445,COc1ccc(Cl)cc1-n1nnc(-c2ccc(Cl)cc2)c1N,0,0.789882017081872,0.549563524731035,-12.262078,0.0325641630987691,0.24736354798623292
2446,CC(C)(C)C1CCC(OC(=O)CCCC(=O)NCC23CC4CC(CC(C4)C2)C3)CC1,0,0.545620850627048,0.866028407539881,14.037184,0.7100523447659376,0.6361866367755258
2447,CC(=O)NCCC1CCNCC1,0,0.6477860324012,0.992053958031217,15.1676035,0.0105533539096876,0.12582139434681916
2448,CC1CCc2nc3ccccc3c(N)c2C1,0,0.728843831214754,0.991818039302694,-2.4356015,0.7198407687290084,0.1732202113367632
2449,Nc1c2c(nc3ccccc13)CCN(Cc1ccccc1)C2,0,0.78617316306938,0.953129099974431,-8.814297,0.406359104334641,0.40147051538429473
2450,Cc1cc(-c2ccc(Br)s2)c(C#N)c(N)n1,0,0.87704037424618,0.01075291558287,-1.3011266,0.011018745519209,0.10913340775901195
2451,Cc1nc(N)c(C#N)c(-c2ccccc2F)c1C,0,0.834395023779826,0.0561338390232377,4.183112,0.0275600929564053,0.11899484451385627
2452,Clc1cccc(Cc2nn[nH]n2)c1,0,0.787391314074062,0.124850231082732,8.085,0.1388669349784785,0.18830626917770493
2453,NC1CCS(=O)(=O)C1,0,0.469541311669091,0.997517172876695,20.019188,0.8435003296164973,0.39494333143149996
2454,COC(=O)c1nnn(-c2ccc(F)cc2)c1O,0,0.78494125104065,0.555588094678227,-6.3163147,0.0346165861430334,0.42732980934260106
2455,Cc1cccc(-n2nnc(CO)c2CO)c1,0,0.7909006247331,0.0993468892013919,4.120993,0.2043988195508323,0.316308074924698
2456,Cc1nonc1C(=O)O,0,0.578926091314222,0.997912462516483,4.3167787,0.6507615823934767,0.6726973614844393
2457,CCOC(=O)c1nonc1C(=O)OCC,0,0.670425595300487,0.998656642661587,12.517748,0.2301983906683299,0.476412055914923
2458,NCCc1ccco1,0,0.612155063734512,0.987248194000586,11.5774145,0.0255448511193297,0.1309893710480644
2459,O=C(Nc1ccc(NC(=O)C23CC4CC(CC(C4)C2)C3)cc1)c1ccc(C23CC4CC(CC(C4)C2)C3)o1,0,0.459586934087481,0.486995113017455,7.945926,0.3089759460342855,0.3512568002520712
2460,N#Cc1cc(-c2ccc(Br)cc2)oc1N,0,0.858933162193066,0.217157824220441,5.525274,0.0108169497384805,0.07303113535747796
2461,O=c1c2ccccc2c(=O)n2n1Cc1ccccc1C2,0,0.483712917726231,0.9976140679553,3.8970342,0.8396302004653577,0.2811393027421548
2462,CCN(CC)S(=O)(=O)c1ccc2[nH]c(=O)sc2c1,0,0.928154716700262,0.318356206945799,5.171955,0.8153321041368695,0.6238817450392187
2463,O=C(OCc1ccco1)c1sc2ccccc2c1Cl,0,0.667028866135618,0.0175067976788094,-5.620292,0.055974691954665,0.14880237986201456
2464,CN(CCOC12CC3CC(CC(C3)C1)C2)S(=O)(=O)c1ccc(C(C)(C)C)cc1,0,0.695321973656748,0.604079467841229,1.305632,0.2805757507228216,0.5937505478514966
2465,COc1ccc(C23CC4CC(CC(C4)C2)C3)cc1C(=O)NC1CC1,0,0.906554598059664,0.0048718647773763,-6.6166024,0.1477176852235752,0.42045944735372415
2466,Cc1c(Cl)cc2nc(SCc3csc(C45CC6CC(CC(C6)C4)C5)n3)oc2c1Cl,0,0.370937822730928,0.533760001400481,11.6774025,0.0248783473740704,0.15448051067001428
2467,O=C(O)CC1CCCCN1,0,0.594880069820138,0.998838181968173,14.273295,0.0427412553618203,0.20719732150284895
2468,CCOC(=O)c1nc(-c2ccc(C(F)(F)F)cc2)no1,0,0.811535931524411,0.0036562358190735,-10.757575,0.0589976834932664,0.3773622795674832
2469,O=C(Nc1nc(SC23CC4CC(CC(C4)C2)C3)ns1)C1CCCCC1,0,0.791258182231492,0.324521167285034,16.530567,0.0373683365948914,0.15605656778043064
2470,Cn1c(Cc2ccc(Cl)cc2)nnc1SCc1csc(C23CC4CC(CC(C4)C2)C3)n1,0,0.397645147608699,0.105859231486444,-1.6672249,0.0163775537768272,0.15035915652482273
2471,CC(=O)c1c(C(C)=O)c(C)n(-c2ccc(Br)cc2)c1C,0,0.786870500478826,0.710063630459877,0.9467443,0.0876162158312007,0.4957714176523524
2472,Cc1cccc(-n2nnc(-c3ccccc3)c2N)c1,0,0.76048716626151,0.411703891141467,-8.461637,0.027238051886297,0.11224950393205643
2473,COc1sc(S(C)(=O)=O)cc1S(C)(=O)=O,0,0.801870327395428,0.995724677903442,18.13749,0.1861105970800693,0.20311768145296777
2474,CCc1nc(N)c(C#N)c(-c2ccc(OC)c(OC)c2)c1C,0,0.93744818567749,0.0082132690604641,-8.47993,0.0205514163708846,0.07180731190305618
2475,CCCc1cc(C(=O)NC(C)C23CC4CC(CC(C4)C2)C3)n(C)n1,0,0.894991420043059,0.0017935430944243,6.7658916,0.037142797184413,0.1519793140748658
2476,CC(NC(=O)c1cc(C2CC2)nn1C)C12CC3CC(CC(C3)C1)C2,0,0.917692070332539,0.0012529461707665,5.0611434,0.0191590622890143,0.08153470709950089
2477,Cn1nc(C2CC2)cc1C(=O)NC12CC3CC(C)(CC(C)(C3)C1)C2,0,0.918245066311478,0.0020851558302332,7.5374484,0.0416021580748466,0.10687298525986721
2478,Cn1nc(C2CC2)cc1C(=O)NC1C2CC3CC(C2)CC1C3,0,0.93264515541838,0.0031379756268737,8.299123,0.0356911040960969,0.07986937941988057
2479,COC(=O)c1cc2cc(F)ccc2[nH]1,0,0.704402218708851,0.993835374030556,2.6105947,0.0297012758605927,0.27473285527053454
2480,COC(=O)c1[nH]c2ccccc2c1N,0,0.669947760927268,0.613753069862434,6.5463433,0.0356273831082821,0.1933107917920105
2481,O=C(NCC1CCCO1)c1cc(S(=O)(=O)NCC23CC4CC(CC(C4)C2)C3)c(Cl)cc1Cl,0,0.580429976484208,0.016089038209284,6.7201495,0.0283152833086034,0.42778945499952153
2482,O=C(Nc1nc(SC23CC4CC(CC(C4)C2)C3)ns1)C1CCCO1,0,0.880940661147904,0.0016100269823005,12.031346,0.0172988096573306,0.08924672598818038
2483,CCCOc1nc(C)cc(COC)c1C#N,0,0.762897933694342,0.0007686111062849,-1.8950396,0.0051660576779576,0.0710482360353599
2484,CCc1nnc2c3ccccc3c(Cl)nn12,0,0.647518176364094,0.0567357792406096,-2.2744923,0.0654090139688658,0.23518988559266107
2485,CCOC(=O)c1cncc(Br)c1,0,0.729282996559524,0.75557419068707,-16.006916,0.0067793484072652,0.20452727222927525
2486,CCOC(=O)c1nc(O)c2ccccc2n1,0,0.77332623683622,0.126202884923684,-1.9692986,0.1178155433814957,0.4836659921060196
2487,Cc1cc(C(=O)O)c2c(Cl)cc(Cl)cc2n1,0,0.84823820476075,0.787952144541756,-1.449698,0.7178703605042521,0.49120015362748715
2488,C1CCC(Nc2nc(NC3CCCCC3)nc(N3CCOCC3)n2)CC1,0,0.834932420760224,0.02175331274483,2.9198565,0.0190331138521003,0.14591763440363228
2489,Cc1cc(N2CCCCC2C)n2ncnc2n1,0,0.750638712948293,0.0021464316220061,2.9844155,0.021476683006591,0.10915865613246227
2490,CC(C)(COC(=O)Nc1ccc(C(C)(C)C)cc1)NC(=O)C12CC3CC(CC(C3)C1)C2,0,0.639782395937981,0.14119290878457,-4.380767,0.5396853612755982,0.4415866640838706
2491,COC(=O)C1CCCN1S(=O)(=O)c1ccccc1NC(=O)C12CC3CC(CC(C3)C1)C2,0,0.701580384953207,0.0011917162044439,0.11247289,0.0384300681031832,0.5559417151056666
2492,O=C1NCN(c2ccccc2)C12CCCN(CCc1ccccc1)C2,0,0.932991606957873,0.622656787655356,1.5472187,0.6946281696291594,0.31767892100642325
2493,O=C(c1cccnc1)c1ccccc1Cl,0,0.724317875073509,0.995560026344352,3.078403,0.4181148035216765,0.21810285045242792
2494,CCC(C(=O)O)N1CCNCC1,0,0.616379651410496,0.997976831134557,9.070939,0.0533888672860527,0.1967043073155359
2495,COc1ccc(-c2ccc(=O)n(CCN)n2)cc1,0,0.867604414741913,0.0528524999720456,9.164809,0.1929848196849224,0.30172067456291624
2496,COc1ccc(-c2oc(=O)oc2-c2ccc(OC)c(OC)c2)cc1OC,0,0.665803372733125,0.995174644606795,5.3401613,0.5068659528542443,0.6545960306049576
2497,COc1ccc(C(=O)NCc2ccc(C)n2C)cc1C12CC3CC(CC(C3)C1)C2,0,0.798615453453335,0.695529874845644,-0.8426547,0.0734868062676284,0.17407422816085064
2498,O=C1C=C(NC(c2ccccc2)C23CC4CC(CC(C4)C2)C3)C2(CCCCC2)O1,0,0.671425295951874,0.651573798642334,5.137113,0.1243874422032176,0.5840163964454951
2499,CCN(CC)c1nc2c(c(=O)n(C)c(=O)n2C)n1CC(=O)C12CC3CC(CC(C3)C1)C2,0,0.704877846192315,0.224168263475604,6.997648,0.0737303155527426,0.39933511168948393
2500,COc1ccc(C(=O)O)cn1,0,0.681840179237796,0.999717706792916,-8.248223,0.0392287030831088,0.23678049956454222
2501,COC(=O)c1[nH]c2ccc(F)cc2c1-n1cccc1,0,0.718315157754328,0.0509838937494032,4.390766,0.1388589085903449,0.33967356760225964
2502,COc1ccc(-c2noc(CCN)n2)cc1,0,0.837093805340172,0.10496719992601,-3.6055803,0.048836763619919,0.1511740228690912
2503,C1CC(C2CCNCC2)CCN1,0,0.609818331880258,0.999158300612429,22.731674,0.0897313708189004,0.14090195010740988
2504,N#Cc1c[nH]c2ccc(F)cc12,0,0.629871625457597,0.0889111784275187,10.088799,0.0601397914071241,0.08418343342892114
2505,CC(=O)c1ccc(OCc2cccc3ccccc23)cc1,0,0.649773291594846,0.181326518082267,4.3701158,0.0951443810510578,0.3180041827988013
2506,COc1cc(C(C)=O)ccc1OCc1cccc2ccccc12,0,0.644677312906195,0.181205726785376,4.0441504,0.0717392405534436,0.33604556351085213
2507,COC(=O)Cc1cc(O)n(-c2ccc(F)cc2)n1,0,0.836884514572619,0.0105616226255087,-7.664437,0.1255759089863645,0.490874860670936
2508,Cn1c(=O)oc2ccc(Cl)cc21,0,0.624287197033721,0.995796680620681,-8.145231,0.0785873633157768,0.43239673754215496
2509,CC(=O)N1c2ccccc2N(C(C)=O)C(C)C1C,0,0.703685404160997,0.990540738591134,0.6636652,0.7197559476481846,0.4841203241982634
2510,O=C(OCC12CC3CC(CC(C3)C1)C2)c1ccc(NC(=O)C2CCCC2)cc1,0,0.714350855954101,0.915107402724206,4.904622,0.359607524300196,0.19038985579321865
2511,O=C(OCC12CC3CC(CC(C3)C1)C2)c1ccc(NC(=O)C2CC2)cc1,0,0.79795365628614,0.500707067579142,-3.6125898,0.1886697362007983,0.20255548006077956
2512,O=C(NC12CC3CC(CC(C3)C1)C2)c1ccc(NC(=O)C2CCCN2S(=O)(=O)c2ccc(Br)s2)cc1,0,0.493804181899005,0.380861252643026,1.094092,0.0241580258236136,0.10884952625898336
2513,O=C(c1ccc(F)cc1)c1ccco1,0,0.681209523477165,0.753894504023718,8.153108,0.6246399269344135,0.22553924010152007
2514,CN1CC=C(c2ccc(O)cc2)CC1,0,0.7310451624016,0.9988904293925,11.978642,0.2934837701584381,0.18555945864926413
2515,N#Cc1csc2c1CCCC2,0,0.576148037857766,0.118117693797075,20.726091,0.0254661035930239,0.1358603858406348
2516,COc1ccc(Cl)cc1-c1nnc2c3ccccc3cnn12,0,0.567369694539801,0.166849098599325,3.2514696,0.0086295840387735,0.12899826048325938
2517,OCc1cc(-c2cccs2)no1,0,0.769154240553194,0.0168896571821728,1.175558,0.0396120632236801,0.11197682333623968
2518,Cc1ccc2nc(-c3ccc(O)cc3)sc2c1,0,0.69875044022855,0.992054526698823,-1.6686697,0.0609884960504192,0.2927688661345285
2519,c1cncc(CNc2ccccc2-c2nnn[nH]2)c1,0,0.740678994750817,0.0248571145704782,2.9967208,0.0311442741708122,0.13384761341998255
2520,COc1ccc(C(=O)N2CCC(c3ccccc3)CC2)cc1C12CC3CC(CC(C3)C1)C2,0,0.580475612163266,0.786083657687359,4.715799,0.11255667245585,0.5828877361407908
2521,NCc1csc2c1CCCC2,0,0.680643542167495,0.892299488232893,16.114124,0.0417686526550462,0.16320682587072835
2522,Cc1cc(C(=O)O)c(C)n1Cc1ccc(F)cc1,0,0.905516773295277,0.208359720708144,2.4109082,0.8671448905021398,0.4825422950765882
2523,Cc1noc(-c2nonc2N)n1,0,0.637264504085284,0.181988654925695,8.530206,0.0768417313641047,0.1277370527747363
2524,CC(=O)C1(N)CCCC1,0,0.567027323554094,0.998094763533213,21.32827,0.1397965735877944,0.285069108749768
2525,CCOC(=O)[C@@H]1C[C@@H](O)CN1,0,0.521572518492,0.995740942556699,-0.16744053,0.0275919412898187,0.17585030173186783
2526,CC(C)(O)C1CCNCC1,0,0.56764902646738,0.998580617012333,10.23094,0.038559618747183,0.13692938988192216
2527,COc1ccc(-c2cc(C(C)(C)O)on2)cc1,0,0.884800732866431,0.0570861452706849,-6.8437347,0.1060897989420982,0.14762639614876
2528,Brc1cnsc1,0,0.570149711771927,0.99718895374772,11.094317,0.076274495351564,0.3888466957179009
2529,Nc1nnc(SCc2ccc(F)cc2)s1,0,0.838987563960377,0.0572055100245772,7.2780004,0.2499265704581938,0.24941322012012143
2530,Oc1nonc1NCc1ccccc1,0,0.766536858903937,0.200572400963427,11.982279,0.2168981223486071,0.16773829306333057
2531,Cc1cc(CC(=O)O)n[nH]1,0,0.622284022006026,0.997936401759207,-6.705034,0.047071438795764,0.29004926776251205
2532,COC(=O)c1ccc2c(c1)N(C)C(=O)CO2,0,0.65891510347286,0.0117558769242994,4.760818,0.0684699954133037,0.3879267933654
2533,COc1ccc(CCCN)cc1,0,0.734892718738429,0.999383187374001,6.0267005,0.011640783719973,0.41146051511484616
2534,NCc1conc1-c1ccc(O)cc1,0,0.752335670696341,0.997858034596163,5.964973,0.1713441948101461,0.2784558973072525
2535,c1ccc(CSc2ncnc3ccccc23)nc1,0,0.529960419344608,0.122546104412887,-11.687036,0.1450825397408839,0.32239264553013364
2536,O=C(Nc1cc(NC(=O)C2CCCC2)c2c(c1)Oc1ccccc1CC2)C1CCCC1,0,0.655867297951722,0.267849288029777,16.17677,0.0358029320807402,0.14142309684684976
2537,Cc1c(C#N)c(N)n(-c2ccc(C#N)cc2)c1C,0,0.825333582348016,0.10940612963437,1.4170495,0.0925815047333261,0.07609227551597661
2538,c1cc(-c2noc(-c3cnccn3)n2)ccn1,0,0.658588797577955,0.811350600960038,-14.650187,0.0186900740123205,0.2022551805347645
2539,CC(=O)Cn1ncnn1,0,0.523367645799833,0.996874236435185,8.375704,0.0696666518041217,0.2523620729417163
2540,Cc1nc2sc(C(=O)OCc3ccccc3)c(N)c2c(C)c1Cl,0,0.708666507905368,0.0026021011197857,-0.79224706,0.0164719210899401,0.1727653740883578
2541,Nc1ncncc1C(=O)O,0,0.559883886668729,0.999693930675464,10.157435,0.8885993013616648,0.7407791465956179
2542,Cc1onc(-c2ccc(Cl)cc2)c1C(=O)O,0,0.872140462908582,0.812595507631172,-4.445148,0.832167351836366,0.7901975473523652
2543,CCOC(=O)c1cccc(O)n1,0,0.666361932545003,0.626514737575112,5.731073,0.0108966349753071,0.22709193140812803
2544,N#CCc1nnc(-c2ccccc2)o1,0,0.715186228473971,0.782851420313613,-9.924424,0.0780213931360565,0.06728199791194864
2545,CCOC(=O)c1cc(CO)on1,0,0.66379515778528,0.211213930048915,6.0648,0.0389516577423527,0.25770157866442045
2546,Cc1c(C#N)c(N)n(-c2cccc(Cl)c2)c1C,0,0.838864418945351,0.423743729059089,0.51950085,0.0126801394783154,0.08981282739087078
2547,CC(N)c1cc2ccccc2o1,0,0.697302916215514,0.992388248304894,5.7307625,0.0288771999820308,0.18550565009007486
2548,O=C(O)c1ccccc1OCc1ccccn1,0,0.873802481603091,0.99875774643716,-8.785942,0.9073932032774298,0.5448136588869914
2549,NCCS(=O)(=O)N1CCNCC1,0,0.5532284338046,0.99883683417436,7.92098,0.2803458031934608,0.23272667651331397
2550,c1cc(C2CCNCC2)ccn1,0,0.67734401683075,0.994961076262174,12.338436,0.0411893085174407,0.1881644035779648
2551,Cc1ccc2nc(C)cc(O)c2c1,0,0.663739900682914,0.992247143129421,2.6523166,0.0037318262154074,0.10175990919390374
2552,NS(=O)(=O)c1cc(C(=O)O)c(NCc2cccnc2)cc1Cl,0,0.760202917024259,0.93577808707883,-8.237355,0.9592921200268248,0.5599286260365777
2553,N#Cc1cc2ncn(-c3ccccc3)c2cc1C#N,0,0.66066849851446,0.148280295543178,9.572681,0.1371842102222038,0.0884015362473066
2554,Nc1c(C(=O)N2CCCCC2)sc2ncccc12,0,0.857686224778127,0.0146815930494974,-16.681719,0.0704402545935577,0.2549137394275514
2555,CCn1c(Cn2nnc(-c3ccccc3)n2)nnc1SCC(=O)Nc1nonc1-c1nc2ccccc2n1C,0,0.267488269999767,0.536073794004291,6.6366124,0.0419577233318505,0.10125158405085655
2556,O=C(c1cc(Cl)ccc1O)c1[nH]nnc1C(F)(F)F,0,0.832899013186217,0.0659955691697816,-8.833722,0.6503739827903381,0.5769754793774127
2557,CC(C)(O)c1cc(C(N)=O)no1,0,0.65332398143426,0.293892667729685,7.0667377,0.1153995241992667,0.32621801316935584
2558,O=C1CCCc2c1cnn2-c1ccc(F)cc1,0,0.754119634573456,0.898707526578695,-2.2790027,0.5538333881251042,0.29797251505377476
2559,CCOC(=O)c1cc(C(=O)c2ccccc2)on1,0,0.608909177694083,0.094614491165977,-3.0717793,0.0815462694397815,0.4515820598608764
2560,CCOC(=O)c1cc(C(C)(C)O)on1,0,0.737177828215853,0.246091090247945,7.4200063,0.0495264175849114,0.3732363263848865
2561,N#Cc1c(SCc2ccccn2)sc2c(O)nc(=O)[nH]c12,0,0.718413765770226,0.00117172047317,12.319241,0.024447039568997,0.09300660889351121
2562,CC(=O)NC12CC3CC(C1)CC(C(=O)Nc1ccc4c(c1)OC1(CCCCC1)O4)(C3)C2,0,0.747335537619497,0.0484949230431176,1.1950306,0.0988635826674202,0.3932591346971675
2563,N#CCn1ccnc1,0,0.521084918035324,0.658720395836172,8.735024,0.070332501423298,0.10049922310622192
2564,CC(C)Cc1ccc(C(C)C(=O)NCC23CC4CC(CC(C4)C2)C3)cc1,0,0.736462055386175,0.912103962423771,6.4196386,0.4386818291286922,0.6869854506292399
2565,O=C(CC12CC3CC(CC(C3)C1)C2)Nc1cccc(S(=O)(=O)N2CCCCC2)c1,0,0.773267502343742,0.0039235921534155,7.861607,0.0304927348894672,0.3898248976047912
2566,OCc1ccn[nH]1,0,0.51502565118113,0.998902797521484,10.968047,0.061841619527453,0.21822998965268278
2567,Cc1nonc1CC(=O)O,0,0.628698457417179,0.999205172130153,0.86838114,0.5404001414313279,0.6274638484360284
2568,Nc1c(C(=O)O)cnn1-c1ccc(F)cc1,0,0.80015877137656,0.997962202067636,-15.741329,0.8004384321130845,0.7236213034016735
2569,NCc1cc(-c2ccccc2)no1,0,0.754802246765099,0.890210517643524,0.71772945,0.1776526444926738,0.14203530658074953
2570,CCCCC(N)C(C)=O,0,0.617149147127782,0.998703325497139,10.787098,0.0338456782450193,0.25219016105280123
2571,CCc1cccc2c(O)cc(C)nc12,0,0.744254233791124,0.258843462581133,10.84088,0.0461995261724159,0.14189192355088553
2572,CNS(=O)(=O)CCN,0,0.497976606714128,0.999176872845248,8.104182,0.5330533505164295,0.5043474501708858
2573,CCOC(=O)c1cc(C(C)(C)C)on1,0,0.681476931204894,0.608027455083663,-1.4591414,0.0297476077268249,0.1949190756885559
2574,COC(=O)c1cc(-c2cccs2)on1,0,0.711228880098003,0.0699720317057627,2.470842,0.0183576659187819,0.08636849551644185
2575,Cc1noc(N)c1-c1ccccc1Cl,0,0.784178286839641,0.394306152752313,-2.7107298,0.0380437825205632,0.15107109535854205
2576,O=C(O)CCn1ncc2c1CCCC2,0,0.787099474024767,0.700276166510954,-6.0919843,0.2714508498680831,0.34824779737233125
2577,COc1ccc(-c2cn[nH]c2N)cc1,0,0.754794860310975,0.242160712665554,-7.827637,0.0496536382840851,0.15442319807154176
2578,Clc1ccc(-n2ccnc2)c(-n2cnnn2)c1,0,0.687550271349179,0.0379462922207474,-8.051894,0.0761969412271354,0.1862704326807414
2579,COCc1nn(-c2ccccc2)c(N)c1-c1ccc(OC)c(OC)c1,0,0.746031276736511,0.0180780321971948,-8.671972,0.0504057047257895,0.19688777531457075
2580,Oc1c2c(nn1-c1ccc(Cl)cc1)CCCC2,0,0.842184159032736,0.606432810250032,-0.73986757,0.4245066371723084,0.341338944869127
2581,CCSc1nc(-c2ccncc2)ccc1C#N,0,0.774559203031284,0.0082376295542077,-1.6347815,0.0111960834668222,0.07281902908371651
2582,N#Cc1ccc(-c2ccncc2)nc1SCc1ccccn1,0,0.6876457233064,0.001190651634962,-2.755153,0.0051432695589461,0.07472315000713978
2583,O=C1CC(c2nc3cc(Cl)ccc3o2)CN1c1ccc(F)cc1,0,0.709091542389793,0.0239581365906032,-2.5696778,0.0253598911567352,0.4153618677588165
2584,Cc1ccc(-c2nn3c(-c4cc(F)ccc4F)nnc3s2)cc1,0,0.556115343454994,0.0448381542002515,-8.940639,0.0285007038959386,0.21192806029335345
2585,Cn1c(=O)n(C)c2cc(-c3nc4ccccc4s3)ccc21,0,0.540977245269581,0.694684591629591,0.79567564,0.0188501665700763,0.12895850071926326
2586,COc1cc(OC)c(-c2nc3ccccc3s2)c(OC)c1,0,0.730351611854455,0.995473307162129,6.735809,0.0380701617468545,0.234845072822442
2587,COc1cccc(OC)c1OCc1ccon1,0,0.795257150324615,0.337824680710359,10.711537,0.2224984501455155,0.23445058103819813
2588,c1ccc2c(SCc3ccon3)nccc2c1,0,0.658676893924576,0.0069927370819229,2.87078,0.0312951634874293,0.18245001202422664
2589,NC(=O)Cc1c(Br)oc2ccc(F)cc12,0,0.911858046367277,0.365634991898053,-8.115164,0.238535020196011,0.619383579923672
2590,Nc1nonc1C(=O)c1ccc(F)cc1,0,0.74317976593755,0.204981754520046,3.1668115,0.526051536035333,0.31275808187728193
2591,O=C(O)CCCC1CCNCC1,0,0.668754065108854,0.998975893051618,13.894619,0.0675784988308684,0.1980947896417411
2592,COc1ccc(-c2nc(N)sc2-c2ccc(OC)cc2)cc1,0,0.788493234156292,0.190487552638615,7.9580436,0.0227836929379873,0.2741607184539684
2593,COc1ccc(OC)c(-c2oc3ccc(Cl)cc3c(=O)c2OC(C)=O)c1,0,0.641027361331921,0.0032499626935619,-8.665755,0.3054848393236741,0.7279814232649877
2594,CCn1cc(CN)c(C)n1,0,0.654100281074266,0.277403231257561,5.470863,0.0347592758270213,0.19534840800992107
2595,O=C(O)CC(c1ccccc1)c1cc(F)ccc1O,0,0.887456284491586,0.19636890417315,4.1168127,0.875364560150798,0.7167510559040713
2596,O=S1(=O)CCNCC1,0,0.463400441530105,0.998182687943412,19.537516,0.5321749842364704,0.5438259332696143
2597,CCOc1cccnc1N,0,0.664370517749118,0.940210261273225,12.991891,0.0084233040844814,0.14386978335446143
2598,OCCCc1c[nH]c2ccc(F)cc12,0,0.770021314467997,0.172494820056416,11.565381,0.151336814351432,0.2926114259217324
2599,O=C(O)C1CCCOC1,0,0.56176109915642,0.997119911896865,2.3019843,0.1299103929701182,0.17612954461061303
2600,Cc1ccn(C)n1,0,0.465223292541445,0.987366343514448,4.2331367,0.0430123355004446,0.21981044344509987
2601,N#CCCc1ccccn1,0,0.611553139506863,0.226122128899936,13.377067,0.0565819096231046,0.09428734435494716
2602,CCn1cc(CN)cn1,0,0.619904446223199,0.99178514826148,8.750148,0.0250345650611238,0.20729595701911424
2603,Fc1ccc2nc(Cl)oc2c1F,0,0.636997228784766,0.654340054280048,-2.2947178,0.0502422876029962,0.2011474887072459
2604,COC(=O)CC1CCNCC1,0,0.594763313929729,0.998086471473001,13.570749,0.0114236870848588,0.14471053058909011
2605,NCc1nc2cc(Cl)ccc2o1,0,0.733508342262571,0.995439678175185,2.0362115,0.0764655746584177,0.15352230675106757
2606,Cn1c(=O)[nH]c2ccccc21,0,0.59096203425173,0.997587767708751,1.398487,0.0393590319284475,0.14113217576071418
2607,O=C(CSc1nc2cc(C34CC5CC(CC(C5)C3)C4)ccc2o1)NCc1ccc2c(c1)CCC(=O)N2,0,0.430392802470243,0.50412878333529,6.545196,0.0156386693708959,0.18478537598260467
2608,c1ccc(OCc2ccon2)c(OCc2ccon2)c1,0,0.686792356562129,0.209487931734119,11.716229,0.0441895649846814,0.1911494435059024
2609,Fc1ccc(F)c(-c2nnc3sc(-c4ccco4)nn23)c1,0,0.569387854188287,0.0076328873546507,-12.73033,0.0318672551286678,0.11135429112474253
2610,Fc1ccc(F)c(-c2nnc3sc(-c4cncc(Br)c4)nn23)c1,0,0.516731499294185,0.0659751751755084,-0.12789905,0.03746169274387,0.2268195525155349
2611,CCOC(=O)c1sc2nc(C)c(CC)c(C#N)c2c1N,0,0.877499048715277,0.0009658263361471,15.57087,0.0095011299544568,0.07625735020083765
2612,O=C1Cc2cc(F)ccc2N1,0,0.594867379444828,0.980738463244062,-1.567313,0.165424416292339,0.20274388200492002
2613,N#Cc1cccc2[nH]ccc12,0,0.600254995652409,0.212162943223624,16.086178,0.0463291299180213,0.06005172147051226
2614,CCOC(=O)c1cnc2ccc(OC)cc2c1N,0,0.838258508647934,0.0167988264752036,-5.826759,0.0951541372111814,0.28868632833246644
2615,COc1ccc2cc(C(=O)O)oc2c1,0,0.791327430735961,0.990381530795208,9.352729,0.2554884410641352,0.37471606615124026
2616,COc1ccc(C(=O)O)cc1Cn1cccn1,0,0.869845607277629,0.34011535905934,1.1499652,0.1057494981245493,0.2738865940884974
2617,COC(=O)c1ccc2oc(=O)[nH]c2c1,0,0.682903343494954,0.993356563425706,4.3177996,0.2434475798437639,0.5756857582557044
2618,Oc1ccnc2ccc(Cl)cc12,0,0.674532234327475,0.996834345749915,-2.4269762,0.0304510411679809,0.2829300945092078
2619,Clc1ccc2nccc(Cl)c2c1,0,0.630265233139336,0.99904549629045,-2.0124004,0.0273318384972902,0.16624967560665976
2620,Oc1ccnc2ccc(F)cc12,0,0.64452178832165,0.135551339715538,2.0021238,0.0585776650241305,0.24905231954321466
2621,Cn1cc(CN)cn1,0,0.548676343946956,0.998848515372756,5.5322847,0.0427329080344933,0.21970583677788932
2622,COc1ccc(C(=O)O)cc1Cn1cc(C)cn1,0,0.895045135396946,0.735369716455016,3.5455546,0.252816976910593,0.2712242566091977
2623,CC(C)(N)CCC(=O)O,0,0.588784206089029,0.999485482709166,8.148466,0.351654109572674,0.3491033516512903
2624,Oc1cccc(-n2cnnc2)c1,0,0.677625781124425,0.989475358678049,-9.837207,0.0513232189883171,0.1758944368532826
2625,Oc1ccc(-n2cnnc2)cc1,0,0.677625781124425,0.997903271536114,3.1532702,0.0632246984055808,0.17741236329553578
2626,O=C(O)CC1(CC(=O)O)CCNCC1,0,0.608852011418378,0.998997288016512,-0.68976337,0.2365320504344364,0.459291217577953
2627,O=C(O)C1CCS(=O)(=O)C1,0,0.567071026083309,0.99937878930407,13.993022,0.877464175946083,0.633202446240032
2628,O=c1[nH][nH]c2c1cnc1ccc(Cl)cc12,0,0.608023584006742,0.704813033032549,1.1024414,0.5819323779705478,0.31579980885529696
2629,Cn1c(=O)[nH]c(=O)c2c3c(cnc21)C(=O)CC(C)(C)C3,0,0.768216992462661,0.768908665034976,-6.675588,0.3983976775971486,0.3914049608713034
2630,O=c1cc(-c2ccc(Cl)cc2)oc2ccc(Br)cc12,0,0.634479745799073,0.923997107993125,3.0773878,0.2041883788788191,0.5589968740862726
2631,O=c1cc(-c2ccc(F)cc2)oc2ccc(Cl)cc12,0,0.663836649976559,0.806023977825299,-3.7092438,0.2524719426051419,0.30351334632545623
2632,CCn1c(=O)c2cc(OC)c(OC)cc2n(Cc2ccc(Cl)cc2)c1=O,0,0.688541451088764,0.0028519672193322,-8.311037,0.1021419600115787,0.5553884954969954
2633,COc1ccc(-c2nncn2C)cc1OC,0,0.784520066943022,0.413957188273485,4.574366,0.072910011930968,0.2625192954860877
2634,Nc1nn2c(-c3ccc(F)cc3)nnc2s1,0,0.694768916465457,0.98039598512029,-3.301609,0.1314423433761182,0.30142487858489486
2635,COC(=O)c1ccno1,0,0.514061899446092,0.997995061898393,11.808234,0.1099176672571019,0.2342306082276679
2636,COc1ccc2c(C(=O)O)cc(O)nc2c1,0,0.802209126343671,0.155580695528326,-5.282537,0.7139287240938823,0.5987564683237061
2637,COC(=O)c1[nH]c2ccc(Cl)cc2c1N,0,0.729965092806316,0.0661424892787718,-8.807372,0.0507074128490717,0.3435184407146552
2638,Cc1ccc2nc(C#N)ccc2c1,0,0.605284075777706,0.145967981816114,13.568159,0.013104541029081,0.10172095389855049
2639,Cc1ccc2nc(CN)ccc2c1,0,0.714163428631705,0.315618479368583,-0.9481907,0.0113675118438349,0.1802993423945026
2640,CCOC(=O)c1cn(-c2cccc(Br)c2)c(C(=O)OCC)c1N,0,0.804767161744656,0.0017993254317519,2.0260396,0.1004828592836945,0.4240324529013768
2641,CC(=O)CCSc1nc2ccccc2o1,0,0.744422728223874,0.351179489511217,10.725949,0.0385088759973063,0.222657149490359
2642,CCCCS(=O)CCC(=O)O,0,0.660073213070164,0.999512540337791,-2.4802792,0.185096339701469,0.4235680497316097
2643,COc1ccc2c(c1)CCNC2,0,0.674245454261081,0.988045052441918,7.675698,0.0158898479663615,0.24015014607349175
2644,O=C(O)c1ccon1,0,0.571099760782775,0.999187067853958,14.255923,0.774141242578071,0.7528071104908282
2645,O=c1cc(-c2ccc(Cl)cc2Cl)oc2ccc(Cl)cc12,0,0.597715004625927,0.959178180463652,-0.5393381,0.7311109378973922,0.6857011192925807
2646,Cc1nnsc1CO,0,0.595864776035374,0.998017199624416,3.3142352,0.320391674563848,0.3948746214183488
2647,OCc1cnn(-c2ccc(F)cc2)c1,0,0.782615236496173,0.771885350676639,2.8900132,0.1302124487928399,0.26488430889056835
2648,CCOC(=O)c1ncn(-c2cccc(C(F)(F)F)c2)c1N,0,0.884528562490762,0.0007995431575969,2.1646194,0.1008950429629973,0.44949013803166044
2649,COc1ccc(-c2c[nH]c(N)n2)cc1,0,0.754794860310975,0.239426621523947,-3.832234,0.0861011832431511,0.19773855771682142
2650,N[C@H]1CS(=O)(=O)C[C@@H]1O,0,0.423663238710107,0.999242905624791,17.63882,0.8677096740530593,0.4395061776993322
2651,O=c1[nH]c(-c2ccccc2)no1,0,0.680790078437365,0.998422162591904,2.8167372,0.7676148942373864,0.26387193568961453
2652,OCc1nnn(-c2ccncc2)c1CO,0,0.716484541935973,0.145888499706749,3.8408303,0.228931100464814,0.225719339573699
2653,Cn1cnc2cc(C#N)ccc21,0,0.580312208041311,0.237215086978015,-1.9037745,0.0294408930468033,0.0660983177767455
2654,COc1ccc(-c2ccn(CC(=O)O)n2)cc1,0,0.869937466817176,0.0160947694924379,-8.806582,0.2595061734793503,0.28304903095841105
2655,COc1ccc(CO)cc1-c1cccc(Cl)c1,0,0.900847948469075,0.0838201816569824,5.2797437,0.2014336354574566,0.49757846842446984
2656,Cc1cc(CN)on1,0,0.573165211009911,0.990652752668927,12.786055,0.0437456926344474,0.18436053444092232
2657,c1cc(-c2cc[nH]n2)ccn1,0,0.659774144503794,0.998118399341811,0.87367904,0.045569321011842,0.1450411875023811
2658,Fc1ccc2c(C3=CCNCC3)c[nH]c2c1,0,0.753251598787993,0.0531891559930999,6.8772283,0.7762140392528426,0.2570152199662738
2659,COC(=O)c1nnn(-c2ccccc2C(F)(F)F)c1N,0,0.848708929936901,0.0485754676286215,-13.312772,0.2920888228221963,0.5719355377490615
2660,CCOC(=O)c1ncn(-c2cccc(Br)c2)c1N,0,0.883818486991017,0.0021913183749046,-4.2810287,0.0544058234506241,0.31887225896281157
2661,NCC(=O)c1ccc(Cl)cc1,0,0.681982248389894,0.999498387336168,3.1866708,0.0142719680579311,0.20903747168205328
2662,COc1ccc(-c2nnc(CSc3nc4cc(C(=O)NC5CC5)ccc4s3)o2)cc1OC,0,0.376172136334874,0.0167187709276034,-4.237121,0.0194230707410739,0.08021229079671183
2663,Fc1ccc(Br)cc1-c1nnc2sc(-c3ccncc3)nn12,0,0.533904628617311,0.0571522657359714,-3.381074,0.0181049901693881,0.14839949044953848
2664,Fc1ccc(Br)cc1-c1nnc2sc(-c3cnccn3)nn12,0,0.536705122891452,0.0464109755215361,-0.4450326,0.0223298015644307,0.21822541070614682
2665,CCn1cnnc1-c1cccc(Br)c1,0,0.822225022684156,0.074793078114459,-1.464882,0.0420079281015534,0.22203071753986414
2666,Fc1ccc(Cl)cc1-c1nnc2sc(-c3ccncc3)nn12,0,0.561644025011734,0.0433484782197286,-8.804764,0.0161165663541093,0.17155921950569236
2667,Fc1c(C(F)(F)F)nc2cc(Cl)ccn12,0,0.644707160970129,0.386825834522551,4.732718,0.3094111530637117,0.32693495265474964
2668,Fc1ccc(F)c(-c2nnc3sc(-c4cc[nH]n4)nn23)c1,0,0.617460501936938,0.0063051132207851,-7.114428,0.0380925196532111,0.16781807299528856
2669,COc1cccc(-c2nn3c(-c4ccsc4)nnc3s2)c1,0,0.579702061879568,0.0013365647150199,-11.243077,0.0053490765772675,0.07455281674662191
2670,NC(=O)c1c(-c2ccccn2)noc1N,0,0.736301557567471,0.300342217932619,-0.078590155,0.5515107912000826,0.5269695731845156
2671,O=c1n(Cc2cc(-c3cccc(Cl)c3)no2)c2ccccc2n1Cc1cc(-c2cccc(Cl)c2)no1,0,0.251548403439205,0.439220985603204,3.6286564,0.0403979812556893,0.1304125204018864
2672,OCc1cc(-c2cccc(Cl)c2)no1,0,0.826757673257922,0.260449177725505,-4.623504,0.230970000105934,0.21599001578547677
2673,O=C(NCc1cc(-c2cccc(Cl)c2)no1)NCc1cc(-c2cccc(Cl)c2)no1,0,0.421815107621365,0.132967661541845,2.1472325,0.0427004352969174,0.16912540097054538
2674,O=C(NC1(c2cn(-c3cccc(Cl)c3)nn2)CCCCC1)c1cn(-c2cccc(Cl)c2)nn1,0,0.443763508373527,0.0103026247753929,-10.052054,0.052404750572278,0.10745643703105687
2675,COc1ccc(-n2nc(C(=O)O)cc2O)cc1,0,0.83527102573686,0.123388936469022,-3.648829,0.8603860786557439,0.6997021128031875
2676,c1ccc(C2CCNC2)cc1,0,0.637952838762643,0.991855300609755,12.25884,0.0339038295631399,0.1532446291512345
2677,N#CCc1cccnc1,0,0.554185511749673,0.747357736190316,14.773625,0.0640527765435177,0.06509448758996708
2678,CC(C)(C)CC(N)c1cccnc1,0,0.75539610666066,0.718240505286244,8.8905,0.0503557235013321,0.194198854750883
2679,COc1ccc2ncc(N)cc2c1,0,0.716981983138943,0.206850894554187,8.955173,0.0059458146001804,0.10667723353379874
2680,Nc1ccncc1C(=O)O,0,0.587068805717083,0.999839288372281,-8.966127,0.4494163156671744,0.49167299355776334
2681,O=C(O)c1cnc(-c2ccc(Cl)cc2)nc1,0,0.867232580783546,0.999541501851471,-16.541178,0.8886969525648688,0.4869881604142524
2682,CC(N)c1ncnn1C,0,0.568241770081754,0.951077448747328,-1.6099377,0.3970995804762937,0.21905625638773038
2683,COc1ccc(-c2cc(CO)on2)cc1,0,0.830217207253951,0.1182244544371,1.2600702,0.0654556033632019,0.19263927494452807
2684,COC(=O)c1cc2c([nH]c1=O)CCCC2,0,0.699815493103629,0.779236662177063,10.848933,0.1954573909056749,0.34135472042139153
2685,Cc1cc(C)c(C#N)c(SCc2ccon2)n1,0,0.777917132430033,0.0031748874881097,-1.0242784,0.0093760214938327,0.06913381318941939
2686,N#Cc1sc2cc(Cl)ccc2c1Cl,0,0.665913002310494,0.913596542083661,13.211522,0.0070278805379646,0.08902043707471435
2687,O=C(O)c1cc(Cl)no1,0,0.644430642827309,0.996185572839503,7.1215816,0.860212973779486,0.8187729880513078
2688,COC(=O)c1ccc(-c2ccc(OC)cc2)nc1O,0,0.856040500620558,0.709676314731798,5.319414,0.1617463460680692,0.5197905856096348
2689,CC(=O)C1CCCCC1N,0,0.593725215478675,0.998851913354191,7.3103404,0.0396521845129203,0.16036009497426346
2690,O=C(Cn1ccnc1)c1ccccc1,0,0.684499769551689,0.984768763023845,5.4247193,0.0548076738906557,0.15848990959046808
2691,Cc1coc(-c2nn3c(-c4ccsc4)nnc3s2)n1,0,0.567267475875952,0.0118430802281507,-11.993562,0.0127732410384285,0.07990354665147757
2692,CCCSc1nc(N)c(C#N)c(C(C)=O)c1C#N,0,0.656424559884112,0.0015254482479377,11.611623,0.0139194786437084,0.09185058996563342
2693,Cc1c(N=O)cc(C(C)C)c(O)c1Br,0,0.815216479399664,0.913936149982575,14.718337,0.021380755299186,0.2627716565464424
2694,COc1ccc(Cc2noc(-c3cc(OC)c4c(c3)OCO4)n2)cc1,0,0.706245972132603,0.0007328766919126,-12.304963,0.0178303965745101,0.18096227559482986
2695,COc1ccc(Cc2noc(-c3cccc(OC)c3)n2)cc1,0,0.72240185265777,0.0245067637145075,-6.57649,0.0098347995801016,0.1341272129852228
2696,COc1ccc(Cc2noc(-c3cc(OC)c4c(c3)OCCO4)n2)cc1,0,0.696610230665086,0.0017926973234826,-12.539593,0.0252853427216924,0.18190248654932925
2697,COc1ccc(Cc2noc(-c3cc(OC)c(OC)c(OC)c3)n2)cc1,0,0.64228924913487,0.075058913883335,-8.452535,0.0328461500882905,0.3160032926202502
2698,O=C(O)Cn1cc(-c2ccsc2)nn1,0,0.821187353774414,0.222895418009883,-5.3590426,0.1646242475891959,0.28975378014317454
2699,Nc1n[nH]c2c1cnc1ccc(C(F)(F)F)cc12,0,0.64598140969358,0.0275483473984952,-4.6624603,0.3167020520022569,0.3429844210289443
2700,Nc1n[nH]c2c1cnc1ccc(F)cc12,0,0.583984897866515,0.271347934394002,-1.8396015,0.2571113648165969,0.22877978468752458
2701,CCOC(=O)c1cnc2c(C#N)cccc2c1N,0,0.81042938853521,0.0017560569164358,14.272508,0.0255976256107658,0.06692533884467462
2702,COC(=O)c1cc(Cl)c(OC)c(Br)c1,0,0.78097546594348,0.570413714614787,2.9196057,0.0236925154805979,0.14603775325698004
2703,O=c1o[nH]c2c1cnc1ccccc12,0,0.580512967781079,0.603371429248863,2.4865355,0.5997813060952476,0.13758773288785414
2704,CCOC(=O)c1nnn(-c2cccc(Cl)c2)c1-c1ccccc1,0,0.684481237038938,0.0022155976567263,-1.5921873,0.076207198973218,0.2589425444284403
2705,Clc1cccc(-n2nncc2-c2ccccc2)c1,0,0.700661037262162,0.82233225041328,2.4385848,0.0636565247386479,0.2145174963263088
2706,COc1cc(C)cc2c1OCO2,0,0.635497534572127,0.715980045756556,16.523403,0.0072706760788566,0.13188130656636668
2707,COc1ccc2ncc(C#N)c(N)c2c1,0,0.75818359546113,0.076578396061498,-8.838811,0.0303102279696792,0.06255317103164376
2708,CCOC(=O)c1sc(C)nc1C,0,0.660817209289075,0.969569914567147,3.8533888,0.0305772990255994,0.19839167657839707
2709,CCn1nc(-c2ccccc2)c(-c2ccccc2)c(C(=O)OC)c1=O,0,0.686318216329004,0.0051674261917456,2.3040228,0.1529128012851049,0.5047717825355871
2710,O=c1[nH]c2cc(Cl)ccc2c(-c2ccccc2)c1Sc1nc2ccccc2s1,0,0.356885748101712,0.83565030206976,-4.498455,0.0157698411500073,0.16750602803101616
2711,CC(C)(C)c1ccc(CSc2nc(C34CC5CC(CC(C5)C3)C4)ccc2C#N)cc1,0,0.502925484914273,0.82465062281023,6.5097823,0.2943071483942274,0.09166124450001319
2712,O=C(O)CCSc1nnc(-c2ccccc2)o1,0,0.820416374703749,0.128103812182111,-12.153588,0.7245181201055004,0.39052061122216447
2713,O=C(Cn1nc(-c2ccccc2)c2ccccc2c1=O)c1ccc(F)cc1,0,0.516547060894141,0.015441579381494,2.3637471,0.031167002779646,0.21760065053951289
2714,Cc1c(C(=O)Nc2ccccc2C(F)(F)F)nnn1-c1ccc2noc(-c3ccccc3)c2c1,0,0.372031885190029,0.107690736191861,0.98754466,0.0245806618868099,0.1706857614428672
2715,Oc1cc(-c2ccc(F)cc2)nn1-c1nc2ccccc2[nH]1,0,0.596060883418187,0.0955120361906177,-13.730366,0.0216485993663029,0.17009365842377697
2716,CCC(=O)Nc1ccc(OCc2nnnn2-c2ccc(Br)cc2)cc1,0,0.684035923273009,0.0032803827622156,2.6161199,0.0266557522545047,0.1619138103328789
2717,O=C(Nc1ccc(OCc2nnnn2-c2cccc(C(F)(F)F)c2)cc1)c1ccccc1,0,0.478061166017113,0.0026866895350237,-2.8065972,0.0300626593353202,0.15471667062002883
2718,COC(=O)C1=C(C)N(C2CCCCC2)C(=O)C1(NC(=O)CCC1CCCCC1)C(F)(F)F,0,0.599445676995223,0.0131939541303551,1.7766243,0.2940547601652434,0.5122918281401855
2719,CCOC(=O)c1c(-c2ccccc2)csc1N,0,0.847433192426055,0.416790661895412,-1.587514,0.1533391803414808,0.43282033337743375
2720,COc1ccc(C(=O)NCCn2cc(SCC(=O)NC3CCCCC3)c3ccccc32)cc1,0,0.452465494479334,0.0811937931032962,12.741618,0.016193107199656,0.14940096178904091
2721,COc1ccccc1C(=O)NCCn1cc(SCC(=O)NC2CCCCC2)c2ccccc21,0,0.452465494479334,0.117905461231246,15.75307,0.0237440691406404,0.1319455328082973
2722,CCOc1ccc(C(=O)NCCn2cc(SCC(=O)NC3CCCCC3)c3ccccc32)cc1,0,0.401065916939388,0.21077536658356,12.371123,0.0184551155175732,0.12662243182900174
2723,COc1ccc(C(=O)NCCn2cc(SCC(=O)NC3CCCCC3)c3ccccc32)cc1OC,0,0.400999242819774,0.0917550671619451,13.309205,0.0233377714263426,0.10991901719222949
2724,Clc1ccc2c(Cl)c3c(nc2c1)CCCC3,0,0.67582573433437,0.793020459311014,8.5707445,0.3666008019368594,0.21693610595006577
2725,Fc1ccc(CNc2c3c(nc4ccccc24)CCCC3)cc1,0,0.746842632720256,0.0537057464998411,5.6857924,0.107310446438568,0.16857732895671082
2726,Cn1c2ccccc2c2cn[nH]c(=O)c21,0,0.594831444287494,0.997467359808339,13.673616,0.0952857934164363,0.15015907062702608
2727,COC(=O)c1sc2ccccc2c1Cl,0,0.69751050291679,0.99565645439257,-2.484795,0.0257249533872884,0.2009097759423287
2728,Oc1nc(-c2ccc(F)cc2)no1,0,0.723269785995054,0.686623966603315,0.038037896,0.21742641399403,0.34543109380076925
2729,CCOC(=O)c1nc(-c2ccccc2F)no1,0,0.762855236199705,0.0319606779494251,-9.94832,0.0277310391212654,0.32927031952181574
2730,CC(C)(C)c1cc(CCC(=O)NC2(C(=O)NC3CCCC3)CCCCC2)cc(C(C)(C)C)c1O,0,0.491722146110993,0.791927287032325,10.042211,0.6622710833923827,0.28513195295023414
2731,COc1ccccc1-c1cc(C(F)(F)F)nc(NCc2cccs2)n1,0,0.702484765690155,0.0289481069170185,5.893614,0.0333359444477743,0.09819451155749545
2732,CCC1CCC(C(=O)NC(CCSC)C(=O)NCCN(CC(C)C)CC(C)C)CC1,0,0.424634258959654,0.127457919072356,12.601622,0.0500276669402198,0.2995096669150568
2733,CC(C)C(NC(=O)c1ccc(C23CC4CC(CC(C4)C2)C3)cc1)C(=O)NCC1CCCO1,0,0.670323556479589,0.186079359915845,-10.946957,0.0458347421024529,0.46741315777721865
2734,CC(C)C(NC(=O)c1ccc(C23CC4CC(CC(C4)C2)C3)cc1)C(=O)N1CCC(N2CCCCC2)CC1,0,0.564333406944771,0.772485194089224,-4.1517267,0.0942828643808508,0.5850842826711491
2735,CCN1CCCC1CNC(=O)C(NC(=O)c1ccc(C23CC4CC(CC(C4)C2)C3)cc1)C(C)C,0,0.593852163271662,0.281903926583986,-4.311821,0.0886008425077351,0.4340388664126369
2736,CCN1CCN(C(=O)C(NC(=O)c2ccc(C34CC5CC(CC(C5)C3)C4)cc2)C(C)C)CC1,0,0.709298340030863,0.0520657759664045,-13.154698,0.0623395009303925,0.5220127597101749
2737,Cc1ccc(NC(=O)C(NC(=O)c2ccc(C34CC5CC(CC(C5)C3)C4)cc2)C(C)C)nc1,0,0.637821989646271,0.217758240718993,-6.4165463,0.060973017191498,0.23590459366980937
2738,CC1CCC(NC(=O)C(Cc2c[nH]c3ccccc23)NC(=O)c2ccc(C34CC5CC(CC(C5)C3)C4)cc2)CC1,0,0.314834067231854,0.882747517409633,-7.8693843,0.0174902033238637,0.21275907582733672
2739,Cc1ccc(NC(=O)C(CC(C)C)NC(=O)c2ccc(C34CC5CC(CC(C5)C3)C4)cc2)nc1,0,0.562728833020167,0.359192874184672,-9.120773,0.0660767241994724,0.25350760954317975
2740,Cc1ccc(C)c(N2CCN(C(=O)C(NC(=O)c3ccc(C45CC6CC(CC(C6)C4)C5)cc3)C(C)C)CC2)c1,0,0.510901480781857,0.844772070113958,-2.230723,0.0706680926729146,0.3481230114952893
2741,CC(C)CC(NC(=O)c1ccc(C23CC4CC(CC(C4)C2)C3)cc1)C(=O)Nc1ccc2c(c1)OCCO2,0,0.508583156332386,0.681132704557603,-6.5249205,0.0616653327592316,0.4055749772921665
2742,CCCC1CCC(c2ccc(C(=O)NC(CCSC)C(=O)NC(C(=O)OC)C(C)C)cc2)CC1,0,0.406140104918323,0.718058691205338,-0.78260326,0.069448858601588,0.26387557288590735
2743,Cc1ccccc1Cc1c(C)nc2nc(SCC(=O)NC3CCCCCCC3)nn2c1C,0,0.536331862384599,0.0107437320305216,9.061325,0.0438310452034814,0.22122027902905933
2744,Cc1ccn2c(NC(=O)c3ccccc3F)c(-c3ccccc3)nc2c1,0,0.58485021755687,0.0043984735187944,1.3798965,0.0178582978894546,0.13346652557023503
2745,O=C(Cn1c(=O)n(Cc2ccccc2)c(=O)c2ccccc21)NC1CCCCC1,0,0.726741056117502,0.0049375350733249,-1.105084,0.0184335715312956,0.19773639836276385
2746,O=c1c2ccccc2n(Cc2ccccc2Cl)c(=O)n1Cc1ccccc1,0,0.541646896945721,0.0205385628893525,-3.554274,0.0294947491450652,0.3105092859765609
2747,Nc1c(C(=O)c2ccc(Br)cc2)oc2ccccc12,0,0.726857353829465,0.891096450049168,11.48233,0.087095644936933,0.3961672898323217
2748,Cc1ccc(-n2c(=O)c3c4c(sc3n(Cc3ccc(Cl)cc3)c2=O)CCC4)cc1C,0,0.452206849590804,0.0314992797959462,3.1702466,0.0359959725069793,0.10647352577636707
2749,Cc1ccc(Cn2c(=O)n(-c3ccc(C)c(C)c3)c(=O)c3c4c(sc32)CCC4)cc1,0,0.486874542934185,0.0086688681437324,6.082444,0.0337507666167568,0.09448135470109383
2750,O=c1c2ccccc2n(Cc2ccc(F)cc2Cl)c(=O)n1Cc1ccccc1,0,0.523788106557823,0.0119801416966061,-2.8399093,0.0314439459843916,0.35069274414811946
2751,COc1cc2c(=O)n(Cc3ccccc3)c(=O)n(CC(=O)c3ccc(Br)cc3)c2cc1OC,0,0.35371812374738,0.0503089456843655,-2.5790212,0.0319353912444451,0.25963630092332346
2752,CCOc1ccc(C(=O)Cn2c(=O)n(Cc3ccccc3)c(=O)c3cc(OC)c(OC)cc32)cc1Cl,0,0.315329053957522,0.0502101726810486,-4.2192907,0.03898103544,0.3587854434005989
2753,COc1ccc(-n2c(=O)c3c4c(sc3n(Cc3ccc(F)cc3)c2=O)CCCC4)c(OC)c1,0,0.440133673225383,0.0052571331498725,8.892511,0.0450445253540457,0.3214566983129176
2754,COc1ccc(-n2c(=O)c3c4c(sc3n(Cc3ccccc3Cl)c2=O)CCC4)c(OC)c1,0,0.434674249003718,0.002595211458706,5.7473316,0.0309262349562939,0.10303628346438495
2755,COc1ccc(-n2c(=O)c3c4c(sc3n(Cc3cccc(F)c3)c2=O)CCC4)c(OC)c1,0,0.460758661210032,0.0037558875118043,3.8601098,0.047893218714909,0.13986638911679175
2756,COc1ccc(-n2c(=O)c3c4c(sc3n(Cc3ccc(C)cc3)c2=O)CCC4)c(OC)c1,0,0.461674183665043,0.0024769450045281,8.0054655,0.02408731640813,0.10695453686334588
2757,COc1ccc(-n2c(=O)c3c4c(sc3n(Cc3ccccc3C#N)c2=O)CCC4)c(OC)c1,0,0.454862046082208,0.0011599811633921,15.13898,0.0086145136327124,0.06087012855938421
2758,COc1ccc(-n2c(=O)c3c4c(sc3n(Cc3ccc(F)cc3Cl)c2=O)CCC4)c(OC)c1,0,0.414653153406391,0.0027159176578162,6.588845,0.0459535185451034,0.12573109455524922
2759,COc1ccc(-n2c(=O)c3c4c(sc3n(Cc3ccc(C)cc3C)c2=O)CCC4)c(OC)c1,0,0.44150622542157,0.0022099083972935,12.000641,0.0264009662276446,0.10317170570179698
2760,COc1ccc(-n2c(=O)c3c4c(sc3n(Cc3cc(C)ccc3C)c2=O)CCC4)c(OC)c1,0,0.44150622542157,0.0037221350706006,12.083981,0.026288085464919,0.09814651760244766
2761,Cc1ccc(S(=O)(=O)c2nnn(-c3ccc(Cl)cc3)c2C)cc1,0,0.72824742824748,0.663990735191921,1.8527926,0.2200175415956815,0.36847407634502705
2762,Cc1ccc(S(=O)(=O)c2nnn(-c3ccc(Br)cc3)c2C)cc1,0,0.684767018657205,0.559751197329841,5.2520127,0.04760565583747,0.3036491680761656
2763,Cc1ccccc1NC(=O)c1nnn(-c2ccc(F)cc2)c1C,0,0.807395627047007,0.0056486706964885,-4.827205,0.0479791992589549,0.22257279096803145
2764,Cc1c(-c2nsc(NC(=O)c3ccc(C(C)(C)C)cc3)n2)nnn1-c1cccc(C(F)(F)F)c1,0,0.402176643231975,0.0343799240469231,-9.841678,0.1235045249727408,0.12442653299666095
2765,CCOc1ccc(-n2nnc(C(N)=O)c2C)cc1,0,0.874330035869091,0.0160113165074729,-6.7813325,0.1063404505321313,0.19832082841304127
2766,CCOC(=O)c1cc(=O)c2ccccc2[nH]1,0,0.778752609869804,0.641160525598801,3.2503204,0.4248422604457353,0.588783970403963
2767,COc1cc(C(=O)Nc2cc(C)cc(C)c2)nc2ccc(Cl)cc12,0,0.747050924846871,0.0139871156195061,-0.53747714,0.0205987117316487,0.17283761493890823
2768,CCOC(=O)c1cn(-c2cccc(Cl)c2)nn1,0,0.784172544960593,0.0053981971878682,-9.131738,0.0459917265177736,0.25694249646297546
2769,CCOC(=O)c1cn(-c2cccc(F)c2)nn1,0,0.757775515022255,0.0071560089228661,-14.868975,0.0290317656160369,0.2548030992566049
2770,CC(=O)c1sc(-c2ccc(F)cc2)nc1C,0,0.745998642433823,0.529798583937626,3.8201737,0.0386061228967343,0.30930712822466655
2771,COC(=O)c1nnn(-c2ccc(F)cc2)c1N,0,0.778655892570348,0.85763980832279,-11.858447,0.0481986420213659,0.4530043322152003
2772,Cc1nnc2c(SCc3ccc4c(c3)OCO4)nc3ccccc3n12,0,0.52616350702054,0.0210754263222292,-12.1731,0.0081815635125054,0.16066456855537486
2773,Cc1ccc(-c2noc(CSc3ccc(-c4ccccc4F)nn3)n2)cc1C,0,0.432758903786054,0.243221937268268,4.3155804,0.0132346577825711,0.1858989757510871
2774,CCOC(=O)c1cn(-c2ccc(F)cc2)nn1,0,0.757775515022255,0.0178601619301946,-14.197768,0.0301449345145097,0.2374452567006506
2775,COC(=O)c1snc(-c2ccc(F)cc2)c1N,0,0.832880933501283,0.368641388099483,-12.545835,0.0416367120247206,0.4349939843736047
2776,Brc1ccc(-c2csc(Cc3nc(-c4ccc(Br)cc4)cs3)n2)cc1,0,0.305308084174766,0.983574081956345,14.015256,0.0270729962524169,0.09353328443083737
2777,Oc1ccccc1-c1cc(-c2ccccc2)nn1Cc1ccccc1,0,0.574728069381836,0.206268300706365,12.858496,0.0111686721835497,0.1092071165722471
2778,CCN(CC)C(=O)c1cc(-c2ccc(Cl)cc2)on1,0,0.860086551273068,0.125279306581285,-1.7661264,0.0516267530095327,0.3104060249212111
2779,CCC(C)NC(=O)c1cc(-c2ccccc2OC)on1,0,0.91014627560899,0.0030146585556244,-4.6821904,0.0382059145993981,0.11478911008899714
2780,CCCNC(=O)c1cc(-c2cccc(Cl)c2)on1,0,0.922976005069972,0.0024331958549452,-1.7053314,0.044204755255175,0.16153302669767244
2781,CCN(CC)C(=O)c1cc(-c2cccc(Cl)c2)on1,0,0.860086551273068,0.0375754946360682,-2.6007085,0.0519658585268701,0.29956481138352054
2782,COc1ccc(OC)c(-c2cc(C(=O)NCc3ccc(F)cc3)no2)c1,0,0.732469439882271,0.0022320266664106,-0.5714198,0.0261888281169099,0.17617567510622684
2783,COc1ccc(OC)c(-c2cc(C(=O)N3CCCCC3C)no2)c1,0,0.859728662897396,0.0006033536922189,4.2288857,0.0203077674984205,0.11237726291493617
2784,COc1ccc(OC)c(-c2cc(C(=O)N3CCCCC3)no2)c1,0,0.86736283407275,0.001662933131192,-0.4625926,0.0240458567330656,0.11515805045495284
2785,COc1ccc(OC)c(-c2cc(C(=O)NCC(C)C)no2)c1,0,0.887969683568737,0.000768672161602,-4.5865626,0.0318647147722231,0.16606523548333682
2786,O=C(c1cc(-c2cccs2)on1)N1CCc2ccccc2C1,0,0.726293409613158,0.0173490401897117,-2.572709,0.0092852105752378,0.07202469263048845
2787,CCN(CC)C(=O)c1cc(-c2cccs2)on1,0,0.837825032654803,0.0471061887971936,0.32648277,0.0234143223078281,0.13632929903274407
2788,CCCNC(=O)c1cc(CC)on1,0,0.764824863489252,0.0211068538056443,16.062721,0.0098115631786402,0.1312083189693926
2789,CCCNC(=O)c1cc(C(C)C)on1,0,0.800178693681846,0.0157298124789076,5.279364,0.0179268509152119,0.14123551862052536
2790,CCCNC(=O)c1cc(CC(C)C)on1,0,0.808422426167634,0.00505885527406,9.796852,0.0172126243029293,0.14763358176235522
2791,Cc1cc(N2CCC(C)CC2)nc2ccc(NC(=O)CCC(=O)NC3CCCCCC3)cc12,0,0.582939912845846,0.0440458296244431,5.7798486,0.0358591566115564,0.19623457101306144
2792,COc1ccc(CCNC(=O)CCC(=O)Nc2ccc3nc(N4CC(C)CC(C)C4)cc(C)c3c2)cc1OC,0,0.376568281112768,0.689636527337697,0.54989994,0.0500907505074265,0.12145985733649345
2793,Cc1ccc(Cn2c(=O)n(-c3ccc(CC(=O)NCCc4ccccc4)cc3)c(=O)c3sccc32)cc1,0,0.335460597956626,0.520710308892045,1.4187008,0.0173687668919047,0.10428201574203615
2794,COc1ccc(-n2c(=O)c3c(C)c(C)sc3n(Cc3ccc(F)cc3Cl)c2=O)c(OC)c1,0,0.420791723258102,0.0021100212519833,0.40435898,0.049565839229706,0.3103092801954375
2795,COc1ccc(-n2c(=O)c3c4c(sc3n(Cc3c(C)cc(C)cc3C)c2=O)CCCC4)c(OC)c1,0,0.391289705633861,0.0150344822995705,18.299622,0.0278664538303934,0.20492030040563294
2796,O=c1c2c3c(sc2n(Cc2ccc(Cl)cc2)c(=O)n1Cc1ccccc1)CCC3,0,0.486908633518628,0.0198638155511521,1.6338829,0.034401021698053,0.09944940957967804
2797,CCc1ccc(-n2c(=O)c3c4c(sc3n(Cc3ccc(C(C)(C)C)cc3)c2=O)CCCC4)cc1,0,0.365551770188899,0.0646886979641413,7.133351,0.1400870872498876,0.32105684222713926
2798,Cc1cc(NC(=O)Cn2c(=O)n(Cc3ccco3)c(=O)c3ccc(Cl)cc32)n[nH]1,0,0.519744998506792,0.0148679924012222,-0.5832184,0.0661890838887306,0.15281849542085693
2799,CCOc1ccc(C(=O)Cn2c(=O)n(Cc3ccccc3)c(=O)c3cc(Cl)ccc32)cc1Cl,0,0.354393030402768,0.0047239556465849,-7.3743887,0.0449415034110439,0.299671134277674
2800,COc1ccc(CCNC(=O)Cn2c(=O)n(Cc3ccccc3)c(=O)c3cc(Cl)ccc32)cc1OC,0,0.375357976240865,0.0356234103975856,-7.1840954,0.0419512509519673,0.15424787018357983
2801,O=C(Cc1ccc(-n2c(=O)c3ccccc3n(Cc3ccc(F)cc3)c2=O)cc1)NCC1CCCO1,0,0.434237962880391,0.0657319606893051,1.9366893,0.0739650214873759,0.27660817799243814
2802,Cc1ccc(CNC(=O)c2ccc(Cn3c(=O)c4ccccc4n(Cc4ccc(Cl)cc4)c3=O)cc2)cc1,0,0.320422227889928,0.251968755996972,-0.39928365,0.0339760605348823,0.13245560433433712
2803,O=C(NCc1ccccc1Cl)c1ccc(Cn2c(=O)c3ccccc3n(Cc3ccc(F)cc3)c2=O)cc1,0,0.32423416940789,0.245911215289439,-3.6955476,0.0203668531540658,0.15514589269668666
2804,Cc1ccn2c(Nc3ccccc3)c(-c3cccnc3)nc2c1,0,0.607619263664704,0.0047534484371649,5.7210255,0.0060255884278416,0.12011386695086786
2805,Cc1ccc(CCNc2cnn(C34C[C@@H]5C[C@@H](CC(CC(=O)O)(C5)C3)C4)c(=O)c2Cl)cc1,0,0.635420856450741,0.072335978396212,10.803429,0.0652790527144523,0.15546558561923995
2806,Cc1nnn(C23CC4CC(CC(CC(=O)Nc5ccc(Br)cc5)(C4)C2)C3)n1,0,0.794029526740447,0.002629876978646,6.1721783,0.0260786017231137,0.12390837329193227
2807,Cc1nnn(C23CC4CC(CC(C(=O)NC5CCCCCC5)(C4)C2)C3)n1,0,0.843765241998772,0.0046685471006883,8.070074,0.0657801223134443,0.18986432587272703
2808,c1nc(NC23CC4CC(CC(C4)C2)C3)sc1C12CC3CC(CC(C3)C1)C2,0,0.708410673207111,0.953289111288377,13.701369,0.0396844125400759,0.12105561608402575
2809,Cc1ccc(-c2nnc(C)o2)cc1,0,0.665704497211028,0.993890677200696,-4.232169,0.0120508934090675,0.14881926240301943
2810,Fc1cccc(-c2nnc(-c3ccccc3Cl)o2)c1,0,0.703002286730725,0.560221837544473,-7.755994,0.0448355034496347,0.30025608953143446
2811,CCN(C(=O)c1c(-c2ccccc2Cl)noc1C)c1nc(-c2ccc(C)cc2)cs1,0,0.362017850167813,0.109282458183117,2.748736,0.0165808406700478,0.08692124904347062
2812,CCCN(C(=O)Nc1cccc(C)c1C)c1nc(-c2ccc(C3CCCCC3)cc2)cs1,0,0.416909451056148,0.444661910975727,9.232852,0.0227874227180279,0.1270425820469215
2813,Cc1ccc(C)c(N2CCN(c3cc(C)nc4nc(C56CC7CC(CC(C7)C5)C6)nn34)CC2)c1,0,0.564233718723948,0.140647085345544,1.4609555,0.025096022748989,0.17721364719117386
2814,CCc1ccc(Nc2cc(C)nc3nc(C45CC6CC(CC(C6)C4)C5)nn23)cc1,0,0.667857081331136,0.0425811327710856,-5.792443,0.0137134080873399,0.1520632065877135
2815,Cc1cc(Nc2cccc(C)c2C)n2nc(C34CC5CC(CC(C5)C3)C4)nc2n1,0,0.665831150300759,0.130508056258027,2.8493233,0.0154737584294043,0.16328638411832258
2816,Cc1cc(N2CCOCC2)n2nc(C34CC5CC(CC(C5)C3)C4)nc2n1,0,0.830867478184184,0.008452924468346,-8.964207,0.0191792239361331,0.11812748822546801
2817,Cc1cc(N2CCN(C(=O)c3ccco3)CC2)n2nc(C34CC5CC(CC(C5)C3)C4)nc2n1,0,0.613108046642832,0.0128814264209343,-1.8702971,0.0281517729022848,0.11836275685700956
2818,COc1ccccc1N1CCN(c2cc(C)nc3nc(C45CC6CC(CC(C6)C4)C5)nn23)CC1,0,0.583046860287734,0.160522365852834,3.198412,0.0192415505804494,0.12324799556281305
2819,Cc1ccc(C)c(Nc2cc(C)nc3nc(C45CC6CC(CC(C6)C4)C5)nn23)c1,0,0.665831150300759,0.24877517670595,2.6068187,0.0157341539653876,0.15446289018382928
2820,COc1ccccc1N1CCN(c2c3c(nc4nc(Cc5ccc(Cl)cc5)nn24)CCCC3)CC1,0,0.409512201944554,0.0184576030275928,4.072223,0.0415599178883223,0.12088823858302422
2821,Clc1ccc(Cc2nc3nc4c(c(N5CCN(c6ccccc6)CC5)n3n2)CCCC4)cc1,0,0.447918436484416,0.0364799455420801,2.8238425,0.0390063091775216,0.1283432655339553
2822,Cc1ccc(Cl)cc1N1CCN(c2c3c(nc4nc(Cc5ccc(Cl)cc5)nn24)CCC3)CC1,0,0.393955390891067,0.0442930084661097,3.5623498,0.0383123903254628,0.09028024070557458
2823,Cn1c2ccccc2c2c(C(=O)NC3CCCCC3)cn(C3CCCCC3)c(=O)c21,0,0.662027401679159,0.153432596190817,5.121414,0.0169962133024528,0.14878065741513363
2824,CC(C)(C)c1ccc(CSC2=Nc3ccccc3C3=NC(c4ccccc4)C(=O)N23)cc1,0,0.484206175252908,0.186165055857722,5.962836,0.0657448071762079,0.13238966659062512
2825,COC(=O)c1nnn(-c2ccc(Cl)cc2)c1C(=O)OC,0,0.797879878806568,0.562258082761779,-10.178672,0.2775122056519654,0.5738659877217299
2826,COC(=O)c1nnn(-c2cc(Cl)ccc2OC)c1C(=O)OC,0,0.786314313143046,0.013473020239647,-13.588683,0.2416133034961202,0.5865204628560838
2827,COC(=O)c1nnn(-c2cc(Cl)ccc2C)c1C(=O)OC,0,0.803953661904885,0.0176295755500076,-10.313501,0.2152754972066313,0.4543444976675974
2828,COC(=O)c1nnn(-c2ccc(Br)cc2F)c1C(=O)OC,0,0.777696520804071,0.017817928350663,-2.2452414,0.0650933411647036,0.5826975279213437
2829,CCOC(=O)c1nnn(-c2ccc(Cl)cc2)c1C(=O)OCC,0,0.784859409339339,0.0774619010348407,-7.635458,0.2652770135529524,0.4531452643548849
2830,Cc1ccc(-c2nn(-c3ccc(F)cc3)c3c2cnc2ccccc23)cc1C,0,0.383213253471222,0.522810272052962,-2.0575688,0.0463269371489447,0.18874437377837144
2831,Cc1ccc(-c2nn(-c3ccc(Cl)cc3)c3c2cnc2ccccc23)cc1C,0,0.347526947052055,0.518252422773612,-2.2067163,0.0442266881977198,0.13764261193669083
2832,Clc1ccc(-c2nn(-c3ccccc3Cl)c3c2cnc2ccccc23)cc1,0,0.34232578873243,0.386680292230454,-5.774234,0.0314659146340382,0.1496874075902695
2833,CCOc1ccc(-c2nn(-c3ccc(Cl)cc3)c3c2cnc2ccccc23)cc1,0,0.356085628945899,0.14341629353277,-3.7352242,0.0362746030911523,0.1285509391978906
2834,COc1ccc(S(=O)(=O)NCc2ccc(C(=O)NC3CCCCCCC3)cc2)cc1,0,0.694927877712637,0.0430331317330808,-1.5107698,0.0289556779392632,0.18105403321018415
2835,CC(=O)Nc1ccc(S(=O)(=O)NCc2ccc(C(=O)NC3CCC(C)CC3)cc2)cc1,0,0.609701048957485,0.0338905531751076,-5.9370804,0.0461503857299341,0.3681996371060972
2836,CCc1ccc(NS(=O)(=O)c2ccc3[nH]cc(C(=O)N4CCCC4)c(=O)c3c2)cc1,0,0.655982906737915,0.0050735815049307,-4.903108,0.1316230531386246,0.18543727472394886
2837,CCc1ccc(NS(=O)(=O)c2ccc3[nH]cc(C(=O)N4CCCCC4)c(=O)c3c2)cc1,0,0.63535011354078,0.013647437371857,-4.0099263,0.0700059729264715,0.2912277052572999
2838,CCc1ccc(NS(=O)(=O)c2ccc3[nH]cc(C(=O)N(C)Cc4ccco4)c(=O)c3c2)cc1,0,0.431599839737121,0.0075559726699127,2.5605197,0.0598431315267572,0.22631759660260942
2839,CN(Cc1ccco1)C(=O)c1c[nH]c2ccc(S(=O)(=O)Nc3ccccc3F)cc2c1=O,0,0.463148751298737,0.0288132596981275,-2.7965112,0.0488836649769357,0.22417990965398665
2840,Cc1cc(C)cc(NS(=O)(=O)c2ccc3[nH]cc(C(=O)N(C)Cc4ccco4)c(=O)c3c2)c1,0,0.449653876681393,0.0114441039442192,7.3563285,0.1510957945665041,0.2135093817123138
2841,Cc1ccc(-n2ncc(C(=O)Nc3ccc(F)c(Cl)c3)c2C2CCN(C(=O)OC(C)(C)C)CC2)cc1,0,0.442236352071874,0.223756547130665,2.525025,0.0687924906699952,0.17041402845850898
2842,Cc1nc2cc(-c3ccccc3)nn2c(C)c1CCC(=O)O,0,0.803041895862854,0.03713187025869,-14.650453,0.4498336077202439,0.3607218047120547
2843,CC(NC(=O)c1cccc2c1C(=O)N(Cc1cccnc1)C2)C12CC3CC(CC(C3)C1)C2,0,0.757194050048349,0.0170235765963307,2.7729478,0.0152086691846254,0.23215338402210178
2844,CCOc1ccc(NC(=O)C(CC(C)C)NS(=O)(=O)c2ccc3c(c2)CCN3C(=O)CC)cc1,0,0.531540799231408,0.0035284212877596,-6.457512,0.1435352647297063,0.3754344770928302
2845,COc1ccc(C(N)=O)cc1/N=c1\oc2c3c4c(cc2cc1C(=O)Nc1ccc(Cl)cc1)CCCN4CCC3,0,0.351768946722427,0.342591916854494,2.4068966,0.0807743683667382,0.21777290680855294
2846,Fc1ccccc1Nc1c2c(nc3ccccc13)CCCC2,0,0.71893145520335,0.0641192225670416,4.1462297,0.0647933982574288,0.17991605739853728
2847,Cc1ccccc1Nc1c2c(nc3ccccc13)CCCC2,0,0.703721062263847,0.404777811034341,7.9963202,0.1342904220748923,0.3818585046401368
2848,CCc1ccccc1Nc1c2c(nc3ccccc13)CCCC2,0,0.698491109685882,0.322687280608385,6.0315833,0.1154586808143435,0.3625294710228986
2849,COc1ccc(C)cc1NC(=O)CSc1c2c(nc3ccc(Cl)cc13)CCCC2,0,0.522418263967084,0.0371173414557253,2.5639296,0.0470296786803243,0.2606150584424508
2850,Cc1noc(/C=C/c2cccs2)c1S(=O)(=O)N1CCC(C(=O)NC2CCC(C)CC2)CC1,0,0.669231535005558,0.0057213168680925,-6.861978,0.0180234389888782,0.07922251424208367
2851,CC1CCN(S(=O)(=O)c2ccc3c(c2)c(=O)c(C(=O)NC2CCCC(C)C2C)cn3C)CC1,0,0.735993696992425,0.0027848893456253,-5.8121767,0.0132700249674438,0.16875276857227534
2852,CCn1cc(C(=O)NC2CCCCCCC2)c(=O)c2cc(S(=O)(=O)N3CCCCCC3)ccc21,0,0.675801279819875,0.0078798098205403,-2.485549,0.030989700257692,0.16164068534576165
2853,CCn1cc(C(=O)NC2CCCCCC2)c(=O)c2cc(S(=O)(=O)N(C)C3CCCCC3)ccc21,0,0.610831128452997,0.0191078433791603,5.0904503,0.0347038616664941,0.25666818617102427
2854,CCn1cc(C(=O)NC2CCCCC2)c(=O)c2cc(S(=O)(=O)N(C)C3CCCCC3)ccc21,0,0.685872223441261,0.0120913498839406,4.9158053,0.0283340452904217,0.25467879804136867
2855,CCn1cc(C(=O)NC2CCCCC2)c(=O)c2cc(S(=O)(=O)N3CCC(C)CC3)ccc21,0,0.741160653234878,0.006862482818103,-7.6592345,0.0219489819359558,0.19438883503817078
2856,Cc1ccc(S(=O)(=O)Cc2ccc(C(=O)NC3CCCCCCC3)o2)cc1,0,0.821941690075752,0.20489134494651,3.4585366,0.1001720896310023,0.323724256877658
2857,CCC(Cc1ccccc1)NC(=O)CN1C(=O)COc2ccc(S(=O)(=O)N3CCCCCC3)cc21,0,0.60217875760052,0.0025596235780259,1.1839205,0.0429879736340253,0.35815797951497547
2858,CCCN(CCC)C(=O)C1CCN(c2cc(C)nc3c(-c4ccc(Cl)cc4)c(C)nn23)CC1,0,0.457959855554854,0.0331716472384796,-16.392672,0.0318695448874627,0.2225748497772208
2859,Cc1cc(N2CCC(C(=O)N3CCCCC3C)CC2)n2nc(C)c(-c3ccc(Cl)cc3)c2n1,0,0.527395748964889,0.0391922994004159,-21.283197,0.0649451212463085,0.227320200694954
2860,COc1ccc(-c2cn3c(C)c(C(=O)N4c5ccccc5CC4C)sc3n2)cc1,0,0.485114773499376,0.0116510000145362,-1.1739478,0.0102827174657265,0.07479026816777441
2861,CCCCC(CC)CNC(=O)C1CCC(CNS(=O)(=O)c2cccc3nsnc23)CC1,0,0.51894968525953,0.0156290355402465,9.022447,0.0211164109421609,0.11273090480649647
2862,CCC1CCCCN1CCNC(=O)C1CCC(CNS(=O)(=O)c2cccc3nsnc23)CC1,0,0.556099092723075,0.0156720821684087,8.019831,0.0599931670962934,0.15252787925554645
2863,Cc1ccc(-n2nc(C)c3c(C)c(CCC(=O)NC(C)C45CC6CC(CC(C6)C4)C5)c(C)nc32)cc1C,0,0.415605263487368,0.115757569915317,5.0020165,0.0494705142100452,0.17741125819455394
2864,CCn1c(CNC(=O)C23CC4CC(CC(C4)C2)C3)nnc1SCC(=O)N1CCc2ccccc21,0,0.611077364683878,0.0190813429533193,9.043005,0.0254422280693621,0.196202894183536
2865,CCn1c(CNC(=O)C23CC4CC(CC(C4)C2)C3)nnc1SCC(=O)Nc1ccccc1,0,0.592677792559927,0.0051866787214152,3.815487,0.0175099037154942,0.18764080414796014
2866,CCn1c(CNC(=O)C23CC4CC(CC(C4)C2)C3)nnc1SCC(=O)Nc1ccc(F)cc1,0,0.568339999499947,0.0313761474145134,2.4142332,0.0240470243975751,0.20767156619717103
2867,CCCCn1c(CNC(=O)C23CC4CC(CC(C4)C2)C3)nnc1SCC(=O)Nc1ccc(F)cc1,0,0.459437017198027,0.0381011440124277,3.1564035,0.0190359417344508,0.17415812063993935
2868,Cc1c(S(=O)(=O)c2ccccc2)nnn1-c1ccc(Cl)cc1,0,0.738563158906844,0.825552653842825,0.011905193,0.4979392863830605,0.45847172812237025
2869,Cc1c(S(=O)(=O)c2ccc(Br)cc2)nnn1-c1ccc(Br)cc1,0,0.598335053095799,0.752601617319198,7.7362447,0.0532618726517523,0.3424573501489008
2870,COc1ccc(S(=O)(=O)c2nnn(-c3ccc(Cl)cc3)c2C)cc1,0,0.711756191067851,0.116452773215851,-0.08223641,0.0865266842905068,0.3957925740993735
2871,Cc1ccc(S(=O)(=O)c2nnn(-c3ccc(Cl)cc3)c2C)cc1C,0,0.713396242754775,0.265920991259574,0.66171324,0.2895611180761783,0.3633542402149258
2872,Cc1ccc(S(=O)(=O)c2nnn(-c3ccc(Br)cc3)c2C)cc1C,0,0.664114413577686,0.375970886996482,4.003366,0.0557359068623215,0.3093831314801624
2873,CCCN(C(=O)c1ccc2c(Cl)c3c(nc2c1)CCCC3)c1cccc(C)c1,0,0.534437408287417,0.178178427091425,2.8539882,0.0547972793316141,0.28366040656713565
2874,CCCN(C(=O)c1ccc2c(Cl)c3c(nc2c1)CCCC3)c1cccc(Cl)c1,0,0.490706644465845,0.232180779707779,6.4371963,0.0828365592515627,0.3409023543363207
2875,COc1ccc(-c2noc(CN(C(=O)c3c(-c4ccccc4Cl)noc3C)C(C)C)n2)cc1,0,0.358894779714155,0.106127010901204,-9.203545,0.1145569674904522,0.15444835131945647
2876,Nc1c(-c2cccc(C(F)(F)F)c2)cnn1C(=O)c1ccc(Cl)cc1,0,0.727329391474009,0.0439276356465716,-2.6791415,0.0504577772600187,0.4548855398837297
2877,CCc1cccc(NC(=O)c2cnn(-c3ccc(F)cc3)c2C2CCN(C(=O)OC(C)(C)C)CC2)c1,0,0.478201649456546,0.0254918370770886,3.2062392,0.0806465673855609,0.17097971649685878
2878,Cc1ccc(NC(=O)c2cnn(-c3ccc(C)c(Cl)c3)c2C2CCNCC2)cc1C,0,0.609300016613049,0.0906462683045723,0.811978,0.0464000091643541,0.105630731706961
2879,CCOc1ccc(-c2cc3nc(C4CCNCC4)c(C(=O)Nc4ccc(OC)c(OC)c4)cn3n2)cc1,0,0.365940425533358,0.0360510729303315,2.7469044,0.0752601644692369,0.09726950850280527
2880,Cc1cc(C(=O)N2CCOCC2)on1,0,0.65421954197528,0.0528905308688199,1.4702586,0.0381736922833951,0.16743217056291124
2881,CCc1ccc2[nH]cc(S(=O)(=O)c3ccc(C(C)(C)C)cc3)c(=O)c2c1,0,0.751486467184567,0.0174939839547185,4.1824393,0.0758462707063056,0.5032174484630981
2882,CCc1ccc(S(=O)(=O)c2c[nH]c3ccc(CC)cc3c2=O)cc1,0,0.789776099385517,0.0034733772529288,5.7918196,0.1275675786753557,0.46730573122702224
2883,CCOC(=O)CSc1nnc(CNC(=O)C23CC4CC(CC(C4)C2)C3)n1C1CCCCC1,0,0.460509813933913,0.0926973589065435,3.4648738,0.042366359735821,0.23000429854551357
2884,CCCCn1c(CNC(=O)C23CC4CC(CC(C4)C2)C3)nnc1SCC(=O)OCC,0,0.447539553473417,0.0052024243115346,5.667358,0.0263364595913571,0.23179874317343346
2885,O=C(Nc1cccc(OCc2cc(=O)n3nc(C4CCCCC4)sc3n2)c1)C1CCCCC1,0,0.532996556804281,0.0120139951879703,2.9107022,0.020438250956229,0.12030313335810852
2886,Cc1cccc(C(=O)Nc2cccc(OCc3cc(=O)n4nc(C5CCCCC5)sc4n3)c2)c1,0,0.407767281232616,0.0312128650293351,-1.7380357,0.0112813550659943,0.1189891714754399
2887,CCCc1nn2c(=O)cc(COc3cccc(NC(=O)C45CC6CC(CC(C6)C4)C5)c3)nc2s1,0,0.525321618048335,0.005975438253258,3.0420756,0.0155049510755805,0.1399959417890094
2888,O=c1c(S(=O)(=O)c2ccccc2)cn(Cc2ccc(F)cc2)c2cc(F)c(F)cc12,0,0.486155493529589,0.0208478429358844,0.28481174,0.0336510701793575,0.3831895946134999
2889,Cc1ccc2c(c1)Cc1c(nc(-c3ccc(Cl)cc3)nc1SCc1nc3ccccc3s1)O2,0,0.188111941080269,0.116999581810267,3.2751436,0.0251287205009796,0.15239694784372426
2890,CCOC(=O)c1cnn(CCOC(=O)C2CCCCC2)c1NC(=O)C1CCCCC1,0,0.645104024787756,0.0089364735234392,10.286267,0.0679585158402168,0.23973768174077917
2891,CC(NC(=O)CN1C(=O)COc2ccc(S(=O)(=O)N3CCOCC3)cc21)C12C[C@H]3C[C@@H](C1)C[C@@H](C2)C3,0,0.620121453141046,0.0447894103990726,-5.210798,0.0514804147708149,0.3788653424658267
2892,c1ccc(CCN(Cc2ccccc2)c2ccc3nnc(-c4ccccc4)n3n2)cc1,0,0.380524815381317,0.206533055152735,0.13381469,0.0085829864688747,0.11316925682698378
2893,Cc1ccc(S(=O)(=O)c2nnn3c2nc(N2CCCC(C)C2)c2ccccc23)cc1C,0,0.484506002936024,0.0105054896660253,3.5887866,0.018672873361956,0.16378559708383345
2894,Cc1ccc(S(=O)(=O)c2nnn3c2nc(N2CCC(C)CC2)c2ccccc23)cc1C,0,0.484506002936024,0.0246763761292555,7.9423404,0.023033419914233,0.16612017825491937
2895,CC(C)c1ccc(S(=O)(=O)c2nnn3c2nc(NC2CCCCC2)c2ccccc23)cc1,0,0.46225111770776,0.0082655473344818,6.8751273,0.0158306388772002,0.15149285654456776
2896,CCc1ccc(S(=O)(=O)c2nnn3c2nc(NC2CCC(C)CC2)c2ccccc23)cc1,0,0.476495138190392,0.0054068818771469,4.8160043,0.0161089254649836,0.1479169873718768
2897,CCc1ccc(S(=O)(=O)c2nnn3c2nc(N2CCCC(C)C2)c2cc(Cl)ccc23)cc1,0,0.435456958352785,0.0047909284025477,-4.2375712,0.0223596198350965,0.18054918655020333
2898,CCOC(=O)C1CCN(c2nc3c(S(=O)(=O)c4ccc(C)c(C)c4)nnn3c3ccc(Cl)cc23)CC1,0,0.35602993258532,0.0763887101083355,-4.31699,0.0647850948116761,0.2277971166208105
2899,O=S(=O)(c1ccc(Br)cc1)c1nnn2c1nc(N1CCC(Cc3ccccc3)CC1)c1ccccc12,0,0.288179724008958,0.623805799867231,8.607598,0.0313866481683429,0.1666150472346239
2900,CC(CNc1cnn(C23CC4CC(CC(CC(=O)O)(C4)C2)C3)c(=O)c1Cl)c1ccccc1,0,0.620964875096773,0.216990181863129,8.490845,0.0840369103096336,0.13003510790769227
2901,CC(=O)c1cccc(-n2c(=O)c3c4c(sc3n(Cc3ccc(F)cc3)c2=O)CN(C(C)=O)CC4)c1,0,0.40939710483347,0.0100014095566049,2.557054,0.0856698579926581,0.4481623830951743
2902,COc1ccc(-n2c(=O)c3c4c(sc3n(Cc3ccc(C)cc3)c2=O)CN(C(C)=O)CC4)c(OC)c1,0,0.414766228454055,0.0221340609472045,4.118049,0.0413609251821164,0.2090314933540629
2903,Cc1noc(/C=C/c2cccs2)c1S(=O)(=O)N1CCCC(C(=O)NC2CCCCC2)C1,0,0.697259451499939,0.0037611943387016,9.700535,0.0180080216360736,0.0770491067769525
2904,Cc1ccc(Cn2c(=O)c3cccnc3n(Cc3ccc(F)cc3)c2=O)cc1,0,0.55076703086301,0.111598190223855,-2.9115043,0.0287760108566813,0.3055647351177928
2905,Cc1ccc(Cn2c(=O)c3cccnc3n(CC(=O)Nc3ccc(C)c(F)c3)c2=O)cc1,0,0.525396424462752,0.0055132197869476,1.6824082,0.0520137968129722,0.20085253625310684
2906,O=c1c2cccnc2n(Cc2ccccc2Cl)c(=O)n1Cc1ccc(F)cc1,0,0.531533786850278,0.0051115596613274,-3.5663943,0.0204894525871988,0.381084277480478
2907,Cc1ccc(Cn2c(=O)n(Cc3ccc(F)cc3)c(=O)c3cccnc32)cc1,0,0.55076703086301,0.111598190223855,-1.9912744,0.0342459280138552,0.30515148838772566
2908,COc1cccc(NC(=O)Cn2c(=O)n(Cc3ccc(F)cc3)c(=O)c3cccnc32)c1,0,0.502900340060105,0.0010890916846337,-0.04092276,0.0689472937462777,0.29677603770992206
2909,CCc1ccc(NC(=O)Cn2c(=O)n(Cc3ccc(F)cc3)c(=O)c3cccnc32)cc1,0,0.507674615167461,0.0012417922035694,-0.7475496,0.0621295207182624,0.37412553959025374
2910,Cc1ccc(CNC(=O)Cn2c(=O)n(Cc3ccc(F)cc3)c(=O)c3cccnc32)cc1,0,0.506958132849994,0.0205760400550493,-2.5309076,0.0548241714695652,0.20129588191348174
2911,NC(=O)Cn1c(=O)n(Cc2ccc(F)cc2)c(=O)c2cccnc21,0,0.740772490987713,0.0107659681400565,-8.6892,0.3933605573842993,0.6995124843629588
2912,COc1ccc(NC(=O)Cn2c(=O)n(Cc3ccc(F)cc3)c(=O)c3cccnc32)cc1,0,0.502900340060105,0.0012783969197321,-0.7734165,0.0639373658782234,0.3584087845329291
2913,Cc1ccccc1NC(=O)Cn1c(=O)n(Cc2ccc(F)cc2)c(=O)c2cccnc21,0,0.540034775913377,0.0042470458953313,2.7786012,0.0633929463978705,0.2245364565954618
2914,O=C(Cn1c(=O)n(Cc2ccc(F)cc2)c(=O)c2cccnc21)Nc1cccc(Cl)c1,0,0.51865445857443,0.0014959239409014,-1.6030304,0.0492131410156574,0.30378062388219473
2915,O=C(Cn1c(=O)n(Cc2ccc(F)cc2)c(=O)c2cccnc21)Nc1ccccc1F,0,0.535652275494664,0.0038610529912376,-0.1790961,0.0591562115714923,0.4315225737519789
2916,O=C(Cn1c(=O)n(Cc2ccc(F)cc2)c(=O)c2cccnc21)Nc1ccc(Cl)cc1F,0,0.499552687738165,0.0028986650730127,-0.45100033,0.0745365320908223,0.5130973037775731
2917,O=C(Cn1c(=O)n(Cc2ccc(F)cc2)c(=O)c2cccnc21)Nc1ccccc1,0,0.5534712391635,0.0015866638226471,-0.035017014,0.0430632800904251,0.3189351076322155
2918,Cc1ccc(NC(=O)Cn2c(=O)n(Cc3ccc(F)cc3)c(=O)c3cccnc32)cc1,0,0.540034775913377,0.0033272308151145,-1.2144696,0.0545810823436509,0.33876749341577095
2919,COc1ccc(NC(=O)Cn2c(=O)n(Cc3ccc(F)cc3)c(=O)c3cccnc32)cc1Cl,0,0.469052778474963,0.0036697559090169,-0.5309901,0.0754214652528948,0.31017877544148575
2920,COc1cc(NC(=O)Cn2c(=O)n(Cc3ccc(F)cc3)c(=O)c3cccnc32)cc(OC)c1,0,0.450509262242995,0.0024831781604454,7.692859,0.0751614545601629,0.2776752693400685
2921,O=c1c2cccnc2n(Cc2ccccc2F)c(=O)n1Cc1ccc(Cl)cc1,0,0.531533786850278,0.0206916631502708,-2.119163,0.0234143775717885,0.3819319431844253
2922,O=c1c2cccnc2n(Cc2cccc(F)c2)c(=O)n1Cc1ccc(Cl)cc1,0,0.531533786850278,0.0236569361721528,-7.149763,0.0310703912086544,0.367172566784283
2923,Cc1ccc(Cn2c(=O)n(Cc3ccc(Cl)cc3)c(=O)c3cccnc32)cc1,0,0.533593566638752,0.0391632348885367,-1.6510768,0.0180555255828285,0.24872068573503742
2924,CCc1ccc(NC(=O)Cn2c(=O)n(Cc3ccc(Cl)cc3)c(=O)c3cccnc32)cc1,0,0.489119265187025,0.0020038283740333,-1.114607,0.0421210656143732,0.3469359537570676
2925,COc1ccccc1NC(=O)Cn1c(=O)n(Cc2ccc(Cl)cc2)c(=O)c2cccnc21,0,0.487053773330673,0.0027837921126321,-1.266691,0.0316742852845252,0.21963164332230667
2926,O=c1c2cccnc2n(Cc2ccc(F)cc2)c(=O)n1Cc1ccc(Cl)cc1,0,0.531533786850278,0.10774932065708,-2.7874012,0.0243671891727858,0.37047902884156697
2927,COc1ccc(NC(=O)Cn2c(=O)n(Cc3ccc(Cl)cc3)c(=O)c3cccnc32)cc1,0,0.487053773330673,0.0024687691276834,-0.8754059,0.0545131026423753,0.23565380359276805
2928,O=C(Cn1c(=O)n(Cc2ccc(Cl)cc2)c(=O)c2cccnc21)Nc1ccc(F)cc1,0,0.51865445857443,0.003472521910464,-1.2710211,0.0490744901227918,0.415195482055168
2929,Cc1cccc(NC(=O)Cn2c(=O)n(Cc3ccc(Cl)cc3)c(=O)c3cccnc32)c1,0,0.52228252884789,0.0013932384166891,-1.3283768,0.0224185655738058,0.25226350347103416
2930,O=C(Cn1c(=O)n(Cc2ccc(Cl)cc2)c(=O)c2cccnc21)Nc1ccccc1,0,0.537566877773024,0.0021365588949171,0.045875788,0.0267866282859037,0.25345435448071285
2931,Cc1ccc(C)c(NC(=O)Cn2c(=O)n(Cc3ccc(Cl)cc3)c(=O)c3cccnc32)c1,0,0.505854788168587,0.0014138736241536,0.7995349,0.0295266163134798,0.22105674549345983
2932,COc1cc(NC(=O)Cn2c(=O)n(Cc3ccc(Cl)cc3)c(=O)c3cccnc32)cc(OC)c1,0,0.4358842584769,0.0028623396972365,4.8292947,0.06913529650394,0.1763251986355702
2933,COC(=O)c1cc(-c2ccccc2)n(C)c1C,0,0.741364631762345,0.303499623801717,3.250483,0.1565602481221604,0.4497177764804844
2934,CC1CCCC(NC(=O)c2ccc(CSc3nc4ccncc4n3Cc3ccc(F)cc3)cc2)C1C,0,0.294516799209639,0.0754913272538662,5.3979273,0.0210915351504813,0.12584601323751515
2935,COc1cccc(CSc2nc3ccncc3n2Cc2ccc(C(=O)NCC3CCCO3)cc2)c1,0,0.344563839359462,0.0132269820321732,-6.5045466,0.0122819701532039,0.07016085274654627
2936,COc1ccc(CNC(=O)c2ccc(Cn3c(SCc4ccc(C)cc4)nc4ccncc43)cc2)cc1,0,0.246706818145837,0.442142963001017,3.323042,0.0121634138223288,0.10420107273612148
2937,Cc1ccc(CSc2nc3ccncc3n2Cc2ccc(C(=O)NCCN3CCCCC3)cc2)cc1,0,0.316917801269565,0.0536377563517818,1.0250632,0.0302505081957225,0.11684204495140804
2938,O=C(NCCc1cccs1)c1ccc(Cn2c(SCc3ccc(F)cc3)nc3ccncc32)cc1,0,0.253333850409074,0.166662520466669,3.7131233,0.0109209238492645,0.06604409703824451
2939,CC1CCCC(NC(=O)c2ccc(Cn3c(SCc4ccc(F)cc4)nc4ccncc43)cc2)C1C,0,0.294516799209639,0.0754913272538662,5.4219527,0.0202306128103474,0.1066490751671542
2940,O=C(NCCN1CCCCC1)c1ccc(Cn2c(SCc3ccc(F)cc3)nc3ccncc32)cc1,0,0.321118271091987,0.0378774429578529,-0.6684991,0.0929398368464658,0.11557597404946329
2941,Cc1cccc(CSc2nc3ccncc3n2Cc2ccc(C(=O)NCC(C)c3ccccc3)cc2)c1,0,0.228483282180688,0.347033111702615,2.7589183,0.0125599923841291,0.10479408859076908
2942,CC1CCCC(NC(=O)c2ccc(Cn3c(SCc4ccccc4F)nc4ccncc43)cc2)C1C,0,0.294516799209639,0.0715029835902703,5.392621,0.0167363755230916,0.1018767451903317
2943,COc1ccc(Cn2c(SCc3ccc(C(=O)NCCc4ccco4)cc3)nc3cccnc32)cc1,0,0.261642558122968,0.086539936886896,2.5878515,0.0122861963494578,0.10065850432584696
2944,Cc1ccc(Cn2c(SCc3ccc(C(=O)NCc4ccccn4)cc3)nc3ccncc32)cc1,0,0.301568417973331,0.0422854565318978,0.81030834,0.0063952890085523,0.10223960382553421
2945,Cc1ccc(Cn2c(SCc3ccc(C(=O)NC4CCCCCC4)cc3)nc3ccncc32)cc1,0,0.239190340315334,0.138683235206237,4.1147094,0.0154493460362225,0.11007859773872213
2946,Cc1ccc(CNC(=O)c2ccc(CSc3nc4ccncc4n3Cc3ccc(C)cc3)cc2)cc1,0,0.257627269711639,0.123234410539926,4.4624104,0.0240220519316165,0.1030300590670935
2947,Cc1ccc(Cn2c(SCc3ccc(C(=O)NCc4ccc(F)cc4)cc3)nc3ccncc32)cc1,0,0.261891092742867,0.153480841331022,2.7584662,0.0131454479422468,0.09514845025571167
2948,CC1CCCCC1NC(=O)c1ccc(CSc2nc3ccncc3n2Cc2cccc(F)c2)cc1,0,0.313863677131746,0.101671988549725,3.2880611,0.0183094600626382,0.11926786216790568
2949,O=C(NC1CCCCCC1)c1ccc(CSc2nc3ccncc3n2Cc2ccc(F)cc2)cc1,0,0.242770247634716,0.0534285542520056,3.508473,0.0223854932493288,0.11887836424559257
2950,CC1CCCC(NC(=O)c2ccc(CSc3nc4ccncc4n3Cc3ccccc3)cc2)C1C,0,0.311622475534623,0.0417489946056919,4.6196656,0.0150374918500263,0.1105293361003018
2951,O=C(NC1CCCCCC1)c1ccc(Cn2c(SCc3ccccc3)nc3ccncc32)cc1,0,0.2571024810709,0.0536076934156997,2.7056394,0.0110932888454799,0.11396904179785843
2952,Cc1ccc(CSc2nc3ccncc3n2Cc2ccc(C(=O)NCc3ccccn3)cc2)cc1,0,0.301568417973331,0.0422854565318978,1.1084012,0.0061967875760032,0.10216217879515317
2953,Cc1ccc(CSc2nc3ccncc3n2Cc2ccc(C(=O)NCc3ccccc3)cc2)cc1,0,0.277538236375599,0.0597711853237923,2.4657621,0.0092429397410254,0.09838550513493952
2954,Cc1ccc(CSc2nc3ccncc3n2Cc2ccc(C(=O)NCCN(C)C)cc2)cc1,0,0.376681526748321,0.0364114814560771,2.903853,0.1211987180851281,0.13200791191086686
2955,Cc1ccc(CSc2nc3ccncc3n2Cc2ccc(C(=O)NC(C)C)cc2)cc1,0,0.408552360911579,0.0722128817812062,0.11389232,0.0270259185177601,0.10676054658792677
2956,Cc1ccc(CSc2nc3ccncc3n2Cc2ccc(C(=O)NCCC(C)C)cc2)cc1,0,0.319393642966993,0.0564656412614358,0.87763035,0.0158225479383523,0.09981867184120378
2957,Cc1ccc(CSc2nc3ccncc3n2Cc2ccc(C(=O)NCCc3ccccc3)cc2)cc1,0,0.254445062093632,0.0591071265655328,5.0179257,0.0098212053982462,0.097798502159931
2958,Cc1ccc(CSc2nc3ccncc3n2Cc2ccc(C(=O)NCc3ccc(F)cc3)cc2)cc1,0,0.261891092742867,0.153480841331022,3.0341535,0.0157323590833526,0.0946462560252382
2959,Cc1ccc(CSc2nc3ccncc3n2Cc2ccc(C(=O)NC3CCCC(C)C3C)cc2)cc1,0,0.29041995912912,0.0440693760403612,5.959827,0.0131789150948289,0.10947179735803317
2960,CCC(C)NC(=O)c1ccc(Cn2c(SCc3cccc(C)c3)nc3ccncc32)cc1,0,0.359007438689456,0.0761002116811641,-2.7676516,0.0228982368036025,0.1262340949275429
2961,Cc1cccc(CSc2nc3ccncc3n2Cc2ccc(C(=O)NC3CCCCCC3)cc2)c1,0,0.239190340315334,0.0730831314267258,1.1821893,0.0155886293544363,0.12574082308566809
2962,Cc1cccc(CSc2nc3ccncc3n2Cc2ccc(C(=O)NC3CCCC3)cc2)c1,0,0.359666898582202,0.0462118142100563,0.45215642,0.0102094539519043,0.07367226264138933
2963,CCCNC(=O)c1ccc(Cn2c(SCc3cccc(C)c3)nc3ccncc32)cc1,0,0.389436741597847,0.0566978995494115,-3.2185726,0.0133163824906841,0.12573149242946627
2964,Cc1cccc(CSc2nc3ccncc3n2Cc2ccc(C(=O)NCCc3ccccc3)cc2)c1,0,0.254445062093632,0.129533449032854,2.1628604,0.0090319558506393,0.10048826685566706
2965,Cc1cccc(CSc2nc3ccncc3n2Cc2ccc(C(=O)NC3CCCCC3)cc2)c1,0,0.329527430612542,0.0588982821037792,0.75557077,0.0118200472184338,0.12293627491076375
2966,CCCNC(=O)c1ccc(Cn2c(SCc3ccc(F)cc3)nc3ccncc32)cc1,0,0.394352070018267,0.0211144426510116,-0.42555225,0.0247014267353529,0.11430412964071628
2967,CCN(CC)CCNC(=O)c1ccc(Cn2c(SCc3ccc(F)cc3)nc3ccncc32)cc1,0,0.299865753825739,0.0874506902809002,0.91881406,0.105596792557558,0.13278242208241084
2968,CC(C)CCNC(=O)c1ccc(Cn2c(SCc3ccc(F)cc3)nc3ccncc32)cc1,0,0.324878674392738,0.0748816765513141,-0.8468852,0.0187839146863414,0.10147504681829207
2969,O=C(NCc1cccs1)c1ccc(Cn2c(SCc3ccc(F)cc3)nc3ccncc32)cc1,0,0.276271377952142,0.106642365112747,2.6509452,0.006304639434177,0.06575765000328523
2970,O=C(NCCN1CCCC1)c1ccc(Cn2c(SCc3ccc(F)cc3)nc3ccncc32)cc1,0,0.344362212954895,0.0243935335688042,-1.3130326,0.0902690665726498,0.0736128185855613
2971,Cc1ccccc1CNC(=O)c1ccc(Cn2c(SCc3ccc(F)cc3)nc3ccncc32)cc1,0,0.261891092742867,0.0916156262857496,1.9984277,0.0122081777670158,0.09113636832518493
2972,O=C(NC1CCCC1)c1ccc(Cn2c(SCc3ccccc3F)nc3ccncc32)cc1,0,0.365716741279916,0.100143933137063,3.5491633,0.0191304218523916,0.07058032896631175
2973,O=C(NC1CCCCC1)c1ccc(Cn2c(SCc3ccccc3F)nc3ccncc32)cc1,0,0.335183085336176,0.0466502777910655,3.3374887,0.0164842220874107,0.12169739402029198
2974,Cc1ccccc1CSc1nc2ccncc2n1Cc1ccc(C(=O)NCCc2ccccc2)cc1,0,0.254445062093632,0.0534871587719729,3.9616957,0.0082636300739696,0.09843832745025469
2975,Cn1nc(CN2CCOCC2)c2c1CCN(C1CCCCC1)C2,0,0.852803794840562,0.0086075817471524,-13.091228,0.0398807240969411,0.24802031686667547
2976,COc1ccc(C(=O)NC2CCN(c3ccc(=O)n(C)n3)CC2)cn1,0,0.873582702312438,0.0016566340388378,-4.707195,0.027796048355862,0.17760557578180727
2977,Cc1ccc(F)cc1S(=O)(=O)N1CCn2c(n[nH]c2=O)C1,0,0.859226167053233,0.016355010205008,-7.2496433,0.1203558365974033,0.5300098910994064
2978,Cc1cc2ncn(C(C)c3ccccc3)c2cc1C,0,0.664083740956037,0.509553779975231,-1.7276441,0.2015980178875528,0.24983398156881398
2979,Cc1cc(C)n(CCC(=O)O)n1,0,0.731341119340613,0.99412339589734,-5.3307033,0.0228465119866735,0.2575504134262734
2980,Cc1ccc(C2=NN=C(NC(=O)CSc3nnc4c5cc(Br)ccc5n(C)c4n3)SC2)cc1,0,0.387962261294233,0.388068269502038,8.307927,0.0214145039896518,0.09725393016663568
2981,O=C(CN1C(=O)c2ccccc2S1(=O)=O)Nc1cc(Cl)ccc1Oc1ccccc1,0,0.646144589774188,0.0050026186860557,-0.057291865,0.0529800117252422,0.37064280616062256
2982,O=c1cnnc2sc(SCc3ccccc3Cl)nn12,0,0.695594974165622,0.0090637788921576,-13.380143,0.0356026922729665,0.19028611769976894
2983,CCOc1ccc(C(=O)c2oc3ccccc3c2NC(=O)Cc2coc3c(C)c(C)ccc23)cc1,0,0.272543279442514,0.224552508993342,13.917738,0.1113726372924836,0.18599419445607573
2984,COc1ccc2nc(O)c(CN(C)S(C)(=O)=O)cc2c1,0,0.920692156993943,0.0009467496794213,5.126063,0.4472696510609473,0.34541208546669316
2985,Brc1ccccc1-c1nnc2sc(-c3cccs3)nn12,0,0.53202974961129,0.105404156766798,-4.1745415,0.0133952536848051,0.08450300158920512
2986,Brc1ccccc1-c1nnc2sc(-c3ccccn3)nn12,0,0.54861641077668,0.585030764016156,-9.467635,0.0126982672309651,0.16441202463571356
2987,Brc1ccccc1-c1nnc2sc(-c3cccnc3)nn12,0,0.54861641077668,0.835730235384537,-10.07157,0.0099835933170815,0.14111497920680793
2988,Brc1ccccc1-c1nnc2sc(-c3ccncc3)nn12,0,0.54861641077668,0.734084049579485,-10.142407,0.0103565455826686,0.13680001374192968
2989,Cc1ccc(-c2nnc3sc(-c4ccccn4)nn23)cc1,0,0.569173168133844,0.686431580680236,-10.799791,0.0082387655200232,0.13165112915467508
2990,Fc1ccc(-c2nnc3sc(-c4ccccn4)nn23)cc1,0,0.570396660854552,0.757657775394268,-10.295201,0.0123789723798385,0.14769792225760625
2991,CCOc1ccccc1-c1nn2c(-c3ccccc3)nnc2s1,0,0.57129530092663,0.0143535311698145,-1.8451099,0.0108500522394126,0.13571078668627537
2992,CC(C)(C)c1ccc(OCc2nn3c(-c4ccccc4)nnc3s2)cc1,0,0.525244461195191,0.0064651680212852,-9.836631,0.0206870714318505,0.17115046474198198
2993,CC(C)(C)c1ccc(OCc2nn3c(-c4ccccc4Br)nnc3s2)cc1,0,0.418565249539369,0.0324671744254794,-8.49804,0.031766445544288,0.14973120389484923
2994,Cc1ccc(-c2nn3c(-c4ccco4)nnc3c3ccccc23)cc1,0,0.478671284730913,0.0191544647155948,-3.1754794,0.0080833884726519,0.09675168280952148
2995,Cc1ccc(-c2nn3c(-c4ccncc4)nnc3c3ccccc23)cc1,0,0.481395246761307,0.0284645058023093,-1.8480512,0.0110071935470542,0.09990860299945958
2996,Cc1nn2c(CN(C(=O)c3cccs3)c3ccccc3)nnc2c2ccccc12,0,0.44652276649227,0.0085247648716905,-9.135131,0.0181331260936783,0.0619109512524582
2997,Cc1c(C(=O)Nc2onc3c2CC(C)CC3)oc2ccc(Cl)cc12,0,0.727323467630975,0.0060275246217519,-5.2092004,0.0150925718913821,0.11616149352814846
2998,Cc1c(C(=O)Nc2onc3c2CC(C)CC3)oc2ccc(F)cc12,0,0.763556235340165,0.0061062653365248,-2.9753902,0.0192548743275632,0.12956561173130918
2999,O=C(CSc1ccc(C(=O)O)cn1)Nc1ccc(F)c(F)c1,0,0.826895778241969,0.0115756535220703,-5.5667768,0.4490035261152192,0.5395104812233067
3000,O=C(CSc1ccc(C(=O)O)cn1)Nc1ccccc1Cl,0,0.826538321773851,0.0019054539927173,-3.0903878,0.58503907395674,0.663149573925302
3001,CCOC(=O)c1cnc(SCC(=O)Nc2ccc(C34C[C@H]5C[C@@H](C3)C[C@@H](C4)C5)cc2)nc1N,0,0.352935579882103,0.0211518273775545,-1.6117293,0.0237408462112632,0.2232925443043054
3002,Cc1ccc(C(=O)N(Cc2nc(-c3ccccc3)no2)C2CCCCC2)cc1C,0,0.591780922463854,0.122021237056092,0.9997138,0.0104490134636312,0.14925533675840522
3003,CCC(C)N(Cc1ccc(F)cc1)S(=O)(=O)c1ccc(S(=O)(=O)NC2CCCC2)cc1,0,0.60215806249875,0.0052245591031694,1.4533561,0.0293965234030704,0.1308784653961333
3004,COc1cc(CN(C2CCCCC2)S(=O)(=O)c2ccc(S(=O)(=O)N(C)C3CCCCC3)cc2)cc(OC)c1OC,0,0.352866773600937,0.647824450195462,-0.20675254,0.0575393245637358,0.4767116548903839
3005,CS(=O)(=O)N1CCC(c2nc3ccccc3s2)CC1,0,0.855002682785348,0.0486732796292583,-12.363465,0.0788396296459451,0.15657481016744237
3006,CCCc1ccc(S(=O)(=O)N2CCC(Oc3ccc(-n4cnnn4)cc3)CC2)cc1,0,0.575929373916181,0.0016768852797528,-6.2598815,0.0233397543776833,0.16659640611481522
3007,O=C(Nc1nnc(C23C[C@H]4C[C@@H](C2)C[C@@H](C3)C4)s1)C1CCN(C(=O)NC2CCCCC2)CC1,0,0.66638159173394,0.0389966622767238,-3.795176,0.0252167059913793,0.1481832259453138
3008,CCOc1ccccc1C(=O)N(Cc1ccco1)Cc1cccs1,0,0.631454985509964,0.0035545696452314,-1.5368524,0.0361430493945194,0.09813230523963115
3009,CC(C)(C)c1nnc2sc(COc3ccccc3)nn12,0,0.742988979424203,0.0011222362414619,-18.493217,0.0192129646023866,0.21195926932955902
3010,CC(C)c1nnc2sc(-c3ccccn3)nn12,0,0.695191835733,0.0044364510582856,-11.825383,0.0176904287990842,0.20601164296781915
3011,CC(C)(C)C1CCc2c(sc3nnn(CC(=O)NC4CCCCC4)c(=O)c23)C1,0,0.852976366518366,0.0048316613681708,5.6975803,0.0183979107567534,0.21775343166919084
3012,CC(C)(C)C1CCc2c(sc3nnn(CC(=O)OC4CCCCC4)c(=O)c23)C1,0,0.727270906298029,0.0021544340299242,7.3145957,0.0227613414688709,0.3306459220740111
3013,CCN(C(=O)Cn1nnc2sc3c(c2c1=O)CCC(C(C)(C)C)C3)c1cccc(C)c1,0,0.606733898102637,0.0056130460916907,5.7743816,0.0140362407863511,0.20563994653963089
3014,CCN(C(=O)Cn1nnc2sc3c(c2c1=O)CCC(C)C3)c1cccc(C)c1,0,0.678285726957552,0.0011945596603742,6.009682,0.0142745818955512,0.20089865796106535
3015,CCC1CCCCN1c1cc(C)nc2nc(-c3ccc(C)cc3)nn12,0,0.720293876276157,0.0051511108115684,-7.0275226,0.0168286350472487,0.1070894162077407
3016,CCC1CCCCN1c1cc(C)nc2nc(-c3ccccc3C)nn12,0,0.720293876276157,0.0162417355115453,2.8398232,0.011492660793315,0.10798777586873629
3017,CCN1CCN(c2cc(C)nc3nc(Cc4ccccc4)nn23)CC1,0,0.730709597956551,0.0011288906986106,-8.3426075,0.0633948579907238,0.14614107144089888
3018,Cc1cc(N2CCN(c3ccc(F)cc3)CC2)n2nc(Cc3ccccc3)nc2n1,0,0.523064460126679,0.0043940870200718,-6.545858,0.0399819344042662,0.12266099941474314
3019,Cc1cc(N2CCCC2)n2nc(Cc3ccccc3)nc2n1,0,0.744518095291976,0.022634375960753,-10.973201,0.0212055960227916,0.08677208539131301
3020,Cc1cc(N2CCOCC2)n2nc(Cc3ccccc3)nc2n1,0,0.738993973908968,0.0031010851501377,-13.000676,0.0429542520208567,0.12144557015787458
3021,Cc1cc(N2CCCCCC2)n2nc(Cc3ccccc3)nc2n1,0,0.741542618897171,0.022577106396867,-10.110215,0.0182646459650046,0.16376150027404598
3022,Cc1cc(N2CCN(c3ccc(F)cc3)CC2)n2nc(Cc3ccc(Cl)cc3)nc2n1,0,0.480873489684285,0.0101999855724329,-4.238698,0.0672234543511073,0.1638339036653274
3023,Cc1cc(N2CCN(C)CC2)n2nc(Cc3ccc(Cl)cc3)nc2n1,0,0.721043234037712,0.0097399142292863,-14.270571,0.0799667309691672,0.3188436201972644
3024,Cc1cc(N(C)Cc2ccccc2)n2nc(Cc3ccc(Cl)cc3)nc2n1,0,0.519500627676971,0.0047779521535209,-3.1618047,0.0137352255496709,0.2362578396479798
3025,Cc1cc(N2CCOCC2)n2nc(Cc3ccc(Cl)cc3)nc2n1,0,0.731082480292832,0.010944083935389,-16.53992,0.0427130188452824,0.19919027648641904
3026,CCOC(=O)N1CCN(c2cc(C)nc3nc(Cc4ccc(Cl)cc4)nn23)CC1,0,0.652920616646256,0.0014332331971679,-8.931773,0.0385268055135887,0.2490492633702719
3027,Cc1cc(N2CCN(c3ccccc3)CC2)n2nc(Cc3ccc(Cl)cc3)nc2n1,0,0.500967597611576,0.0087134137577251,-6.8258944,0.0334819616701516,0.15707575695631557
3028,Cc1cc(N2CCN(CCO)CC2)n2nc(Cc3ccc(Cl)cc3)nc2n1,0,0.720587695250052,0.002629039307855,-11.807874,0.1167348413854173,0.2046070902875347
3029,Cc1cc(N2CCCCCC2)n2nc(Cc3ccc(Cl)cc3)nc2n1,0,0.710466406500238,0.0038113819510494,-10.91195,0.0258284254970346,0.1938475072256471
3030,O=c1ccc(-c2ccccc2)nn1Cc1ccc(F)cc1,0,0.738624522351552,0.642841890436418,1.9357694,0.0356822649507948,0.19494317561179866
3031,Cc1ccc(C)c(Cn2nc(-c3ccccc3)ccc2=O)c1,0,0.738778631364677,0.269425195026496,3.813033,0.0162226138066154,0.13680689926745487
3032,O=c1ccc(-c2ccccc2)nn1Cc1c(F)cccc1Cl,0,0.737690079114418,0.0604343127550956,-3.9949746,0.0232758909402794,0.31733169126991906
3033,CCC(C)NC(=O)c1sc(C)nc1C,0,0.834904930015398,0.0199581449914495,7.334637,0.037094200108462,0.21838883149810848
3034,Cc1nsc(NC(=O)c2oc3ccc(Cl)cc3c2C)n1,0,0.781453858831581,0.0053832075933198,-10.516215,0.0348408895994434,0.14892788958263062
3035,c1ccc2c(c1)nc(CN1CCOCC1)n2CCC1CCCCC1,0,0.835708045782288,0.0060002663292508,-15.969245,0.0418402529074352,0.24469401442173794
3036,c1ccc(-n2nnnc2N2CCNCC2)cc1,0,0.790975312184733,0.990952160884416,-12.565625,0.2609593311543072,0.14255677129876537
3037,COc1ccc(NC(=O)C(c2ccc(F)cc2)N(C(=O)c2ccco2)c2ccccc2)cc1,0,0.4112462148338,0.0437454064376521,2.9921155,0.0691015963930587,0.1467895068703325
3038,CCn1c(Cn2nnc(-c3ccccc3)n2)nnc1SCC(=O)Nc1cc(C)on1,0,0.42138561063898,0.0334015350692153,4.7990785,0.0297607947168622,0.12938098136004528
3039,CC(C)c1ccc2c(c1)-c1ccccc1S(=O)(=O)N2CC(=O)NC12CC3CC(CC(C3)C1)C2,0,0.686917509804289,0.098607261751462,4.653395,0.0321371582643882,0.5368401202988943
3040,COc1ccccc1CC1C(=O)N(C)c2ccccc21,0,0.855255023499103,0.0184883064445079,-9.697627,0.0854091462146373,0.3460127941975938
3041,CCN1C(=O)C(Cc2ccccc2OC)c2ccccc21,0,0.859438433757714,0.0025472243507993,-9.466867,0.0937979226044739,0.3216987474246375
3042,CCN1C(=O)C(Cc2oc3ccc(F)cc3c2C)c2ccccc21,0,0.70706840365826,0.0156367801604548,-10.044208,0.0343748733095013,0.12292925837374591
3043,Cc1ccsc1CC1C(=O)N(C)c2ccc(Br)cc21,0,0.807775317320088,0.0253517687774227,-14.9932165,0.0292197181178111,0.10295593010155231
3044,CCN1C(=O)C(Cc2ccccc2OC)c2cc(Br)ccc21,0,0.819892898345008,0.0038090579601598,-9.98513,0.0425820251050947,0.2978800333985812
3045,COc1ccccc1CC1C(=O)N(c2ccccc2)c2ccccc21,0,0.694190742321775,0.0539303869464837,0.36127818,0.0512855460233397,0.3170447496849832
3046,CCC(CC)C(=O)Nc1ccc2nc(SCC(=O)Nc3cccc(C)c3)sc2c1,0,0.451750546246377,0.0636631573719474,7.008655,0.0136669802441433,0.17074262489316408
3047,O=C(CSc1nc2ccc(NC(=O)C34C[C@H]5C[C@@H](C3)C[C@@H](C4)C5)cc2s1)Nc1ccccc1F,0,0.392639943988242,0.143518601477285,5.0705543,0.0183147299450921,0.14556712485121664
3048,CCC(CC)C(=O)Nc1ccc2nc(SCC(=O)Nc3ccc(F)cc3)sc2c1,0,0.459440012885901,0.159801832590416,6.2133884,0.0279675942785886,0.17693947700590934
3049,COc1ccccc1NC(=O)CSc1nc2ccc(NC(=O)C3CCCCC3)cc2s1,0,0.456381576462253,0.0432080489062908,4.5459805,0.0138622133344322,0.20371439758931773
3050,COc1ccc(NC(=O)CSc2nc3ccc(NC(=O)CC(C)C)cc3s2)cc1,0,0.491556565635558,0.0630197156255826,3.7399259,0.0189319813166686,0.19706613299609743
3051,Cc1ccc(NC(=O)CSc2nc3ccc(NC(=O)C(C)(C)C)cc3s2)c(C)c1,0,0.517871240376422,0.159856583318438,-0.11420512,0.0161242237934733,0.24378509718241426
3052,CCC(CC)C(=O)Nc1ccc2nc(SCC(=O)Nc3ccc(C)cc3C)sc2c1,0,0.419456017635788,0.166641611148043,6.8053308,0.01567096876332,0.2504053300375488
3053,CCCCC(=O)Nc1ccc2nc(SCC(=O)Nc3ccc(C)c(C)c3)sc2c1,0,0.447576987943013,0.126704191871036,4.3891873,0.0182087645248633,0.24012582880203684
3054,CCC(CC)C(=O)Nc1ccc2nc(SCC(=O)Nc3cc(C)cc(C)c3)sc2c1,0,0.419456017635788,0.303940310296651,10.973002,0.0182906036006001,0.1787785475346116
3055,Cc1ccc(N(Cc2cccs2)C(=O)c2ccccc2)cc1,0,0.67083390268093,0.25272652362065,-0.5944799,0.139460117972009,0.15614274111746124
3056,O=C(NCC1CCCCC1)c1nc[nH]c1C(=O)NC1CCCCC1,0,0.774646926036619,0.0741261261125512,-1.1412654,0.015289826113773,0.24658560622425968
3057,O=C(NC1CCCCC1)c1[nH]cnc1C(=O)N1CCCCCC1,0,0.898511894822154,0.0209781565557996,-7.73641,0.0388505334638115,0.24573106481199783
3058,O=C(c1ccc(F)cc1)N(Cc1cccs1)c1ccccn1,0,0.725526909246486,0.497993058010511,-2.44625,0.0490475473623352,0.1182370415887023
3059,Cc1cc2nc(CSc3nnc(-c4ccccc4Cl)o3)cc(=O)n2o1,0,0.504237679649249,0.0027891621150784,-11.531476,0.0348369960019361,0.1872773256875977
3060,Cc1cccc(-c2nnc(SCC(=O)N(C)c3ccccc3)o2)c1,0,0.661800967494015,0.0006065786045595,-10.586173,0.005578072879072,0.16011024042381908
3061,Cc1cccc(-c2nnc(SCC(N)=O)o2)c1,0,0.832507231977507,0.0018228597617955,-16.13341,0.1105004453792161,0.3081983536922136
3062,COc1ccccc1-c1nnc(SCC(=O)N(C)c2ccccc2)o1,0,0.630524014529937,0.0031345968403482,-7.436195,0.0095471702884517,0.15889494474697735
3063,Cc1ccc(C(C)C)c(OCc2nc3cc(F)ccc3[nH]2)c1,0,0.756961211510494,0.0055665682819553,-6.251595,0.0229091170647672,0.1365463913179898
3064,Cc1ccc(OC(C)c2nc3cc(Cl)ccc3[nH]2)cc1,0,0.759915757888436,0.0113566769714546,-2.3418174,0.0928290339629123,0.1654152261952383
3065,Cc1ccc(OC(C)c2nc3cc(F)ccc3[nH]2)cc1,0,0.775966583720602,0.004897981090765,-4.3285766,0.0405667419211588,0.15535298627724858
3066,Cc1ccc(C(C)C)c(OC(C)c2nc3cc(F)ccc3[nH]2)c1,0,0.711990712527486,0.0442302796322096,-14.680856,0.0312863503138581,0.18692132778566206
3067,O=C(NC1CCCCC1)c1ccccc1NC(=O)C1CCCN(S(=O)(=O)c2cccs2)C1,0,0.663372265309021,0.0069737346570893,-2.9402347,0.02367183787581,0.13166711101092832
3068,CC(=O)Nc1cccc(NC(=O)c2cnc3scc(-c4ccccc4Cl)n3c2=O)c1,0,0.496839820435977,0.0528725319781929,-3.2149558,0.0475475375637541,0.19049400718538784
3069,N#Cc1cc2c(nc1SCc1ccccc1Cl)CCCC2,0,0.765089809606846,0.157349692189,6.430593,0.0026210887727401,0.11732459616272661
3070,CC1(C)CC(=O)c2cc(C#N)c(SCC(N)=O)nc2C1,0,0.853868652653536,0.0034297974055214,0.72385347,0.0208500955026121,0.08886951914382236
3071,N#Cc1cc2c(nc1SCc1ccc(Cl)cc1)CCCC2=O,0,0.782614070612299,0.0063476338867989,3.7024446,0.0036582770582035,0.08084194765411021
3072,O=C(OCc1ccco1)c1cnn2c(C(F)(F)F)cc(-c3ccccc3)nc12,0,0.48670039729926,0.0025690965645611,-1.9759808,0.0572020684093777,0.2557222501325823
3073,COc1ccccc1-c1cc(C(F)(F)F)n2ncc(C(=O)OCc3ccc(Cl)cc3)c2n1,0,0.37049733978252,0.0212676230691977,-1.2704446,0.0924525012737101,0.33042733601587965
3074,COc1ccccc1-c1cc(C(F)(F)F)n2ncc(C(=O)OCc3ccc(F)c(F)c3)c2n1,0,0.305924197657754,0.0270446932417939,2.6166239,0.0659865031218099,0.5493181700512519
3075,CC(C)OC(=O)c1cnn2c(C(F)(F)F)cc(-c3cccs3)nc12,0,0.665517602333012,0.0021403560408187,9.737784,0.042120597311106,0.13907046109840676
3076,Cc1ccc2cccc(NC(=O)c3oc4ccc(Br)cc4c3C)c2n1,0,0.479892257135355,0.255101803969512,1.143268,0.013078611635496,0.1809140866075733
3077,O=C(NCC(c1ccccc1Cl)N1CCOCC1)C12CC3CC(CC(C3)C1)C2,0,0.807433699957404,0.0191049736115039,-13.578805,0.0360179840706517,0.42303123805186243
3078,O=C(NCC(c1cccs1)N1CCCCCC1)C12CC3CC(CC(C3)C1)C2,0,0.772372610429842,0.204832686723927,3.1979136,0.0325326751435468,0.18971983850895757
3079,Cc1c(C(=O)Nc2cccc3cccnc23)oc2ccc(Cl)cc12,0,0.547370949793882,0.0348086975860901,2.8149905,0.0095822825578958,0.1753847456844106
3080,Cc1c(C(=O)Nc2cccc3cccnc23)oc2ccc(F)cc12,0,0.583191232660478,0.0094217906698565,4.652125,0.0116262116171749,0.1602083944669441
3081,CN(C(=O)c1ccccc1)C(c1cccs1)c1c[nH]c2ccccc12,0,0.548745538778509,0.207393358835859,-0.1805228,0.0101088032023078,0.08765403795372681
3082,Cc1cc(N2CCCC2)n2nc(-c3ccccc3)c(C)c2n1,0,0.723171453558118,0.0099495365298672,-12.878545,0.0174651978414976,0.0886607072545612
3083,COc1ccc(-c2cc3nc(C)cc(N4CCCCC4)n3n2)cc1OC,0,0.716329956297781,0.0050339166951226,-12.536339,0.0241695411478728,0.18221169229972195
3084,Cc1cc(N2CCCCC2)n2nc(C(F)(F)F)c(-c3ccc(Cl)cc3)c2n1,0,0.585748202844672,0.185460477138637,-14.689687,0.0403556453544336,0.35061834596869057
3085,Cc1cc(N2CCCCCC2)n2nc(C(F)(F)F)c(-c3ccc(Cl)cc3)c2n1,0,0.540382147996523,0.219673464713304,-14.566589,0.0451108556311991,0.3769206853904468
3086,Cc1cc(N2CCC(C)CC2)n2nc(C(F)(F)F)c(-c3ccc(Cl)cc3)c2n1,0,0.551985613266817,0.129794168766002,-11.992316,0.0400791195999473,0.37226053951416294
3087,Cc1cc(N2CCCC2)n2nc(C(F)(F)F)c(-c3ccc(Cl)cc3)c2n1,0,0.62853196682558,0.11332891659585,-15.120058,0.0365558923760212,0.13923054213324942
3088,Cc1cc(N2CCCCCC2)n2nc(C(F)(F)F)c(-c3ccccc3Cl)c2n1,0,0.540382147996523,0.112432251791471,-14.827062,0.0424705420231282,0.32079643605627145
3089,Cc1cc(N2CCCC2)n2nc(C(F)(F)F)c(-c3ccccc3Cl)c2n1,0,0.62853196682558,0.0475279883172965,-15.348195,0.0385964882018326,0.15104638122326483
3090,COc1ccccc1-c1cc2nc(C)cc(N3CCCCC3)n2n1,0,0.737183724327068,0.0177176978089156,-11.5128765,0.0144895894489569,0.11164300405395795
3091,COc1ccccc1-c1cc2nc(C)cc(N3CCCCCC3)n2n1,0,0.722247753352723,0.0272268300332261,-11.2769785,0.011792436941539,0.11877068695716812
3092,COc1ccccc1-c1cc2nc(C)cc(N3CCCC3)n2n1,0,0.744270346768823,0.0154646386839633,-12.06935,0.0123679788897938,0.07396083885064965
3093,O=C(c1ccc(-c2ccccc2)cc1)N1CCCC1c1cccs1,0,0.62887881273524,0.188119420213452,-0.48243392,0.0230360303799504,0.10048570154526319
3094,O=C(c1cc(-c2ccccc2)no1)N1CCCC1c1ccco1,0,0.735718803132954,0.0040957479400844,-1.1351466,0.0179165808873876,0.06593289380387574
3095,Cc1cc(C(=O)N2CCCC2c2ccco2)on1,0,0.81661402813531,0.0034521644273033,6.364202,0.0300704436221154,0.06339955487692406
3096,Cc1noc(C)c1C(=O)N1CCCC1c1ccco1,0,0.832637469141646,0.002760220367183,-0.03887689,0.0218025358146421,0.06599366112207129
3097,O=C(c1cccc(C(F)(F)F)c1)N1CCCC1c1ccco1,0,0.829550077876157,0.0074544596180613,-0.9421637,0.0425708428359857,0.11649880330265996
3098,O=C(NC1CCCCC1)N1CCCC1c1ccco1,0,0.886778039079799,0.0031470347640023,14.29956,0.142454560846746,0.08420525437558664
3099,O=C(NC1CCCC1)N1CCCC1c1ccco1,0,0.873849506592902,0.0050855079496674,14.694276,0.1544389809811615,0.07582000154118768
3100,COc1ccc(S(=O)(=O)N2CCC(C)CC2)cc1-c1noc(C2CCCCC2)n1,0,0.721467636151776,0.0025456849332365,-13.261016,0.0149061454837617,0.12682086920431634
3101,COc1ccc(-c2nc3cnccn3c2Nc2ccc(C(=O)NC3CCCCC3)cc2)cc1,0,0.429268151413815,0.046591590437342,-3.8817225,0.0333130005138181,0.10981179996856047
3102,O=C(OCc1ccco1)c1cnn2c(C(F)(F)F)cc(-c3ccc(F)cc3)nc12,0,0.369311619241703,0.00528721738653,-5.559552,0.0716489377302997,0.3520828493504829
3103,O=C(CSc1nnc(-c2ccccc2)n1-c1ccccc1)N1CCCCC1,0,0.628948317850114,0.0143717965381653,-7.8190217,0.0619732570005228,0.20272843080033293
3104,CCCn1c(C)ccc(-c2noc(CCCC(=O)NC3CCCCC3)n2)c1=O,0,0.75095226717454,0.0029486158001672,1.834267,0.0187930868414114,0.14762030619446745
3105,Cc1c(C(=O)Nc2ccccc2C(F)(F)F)nnn1-c1ccc2noc(-c3ccc(Cl)cc3)c2c1,0,0.314349507740099,0.198114136695656,-0.4220791,0.0357141929636834,0.16622494120061085
3106,CC(=O)Cc1nsc(NC(=O)c2nnn(-c3ccc4noc(-c5ccc(Cl)cc5)c4c3)c2C)n1,0,0.370939308385844,0.0268396741798164,-6.501754,0.1587574708033549,0.0693005240313193
3107,COc1ccccc1CNC(=O)c1nnn(-c2ccc3noc(-c4ccc(Cl)cc4)c3c2)c1C,0,0.373613612435114,0.0201382416732463,-1.0729039,0.0265612964598969,0.09587418671982573
3108,CCCNC(=O)c1c(-c2cccc(OC)c2)nc2n1CCS2(=O)=O,0,0.883024555801819,0.0009932316219171,-10.2942095,0.0600499882535111,0.09103715327418802
3109,Cc1cc(N2CCCCCC2)n2nc(C)c(-c3ccc(F)cc3)c2n1,0,0.688059789569719,0.0685907562604742,-18.294971,0.0335804768813118,0.1504691256133801
3110,CCN1CCN(c2cc(C)nc3c(-c4ccc(F)cc4)c(C)nn23)CC1,0,0.72397827298323,0.0313712935443787,-20.140495,0.1081992737311702,0.24213715522954354
3111,Cc1cc(N2CCCCCC2)n2ncc(-c3ccc(F)cc3)c2n1,0,0.707344983837103,0.3904574628358,-12.850656,0.0194775163379844,0.11746866751455545
3112,Cc1cc(NCc2ccccc2)n2ncc(-c3ccc(F)cc3)c2n1,0,0.599977367264751,0.0284501052270601,-1.4080542,0.0128265527885557,0.09764501876036283
3113,Cc1cc(N2CCCCCC2)n2nc(C(F)(F)F)c(-c3ccc(F)cc3)c2n1,0,0.559245362471788,0.210004020986286,-15.131566,0.052403662120414,0.4242462102015545
3114,Cc1cc(N(C)C)n2nc(C(F)(F)F)c(-c3ccc(F)cc3)c2n1,0,0.664054053083488,0.10108277708246,-12.690618,0.0808410037656906,0.5986660685045612
3115,Cc1nn2c(N3CCCCC3)cc(C(C)(C)C)nc2c1-c1ccc(F)cc1,0,0.630186653958136,0.0393955367579911,-11.739451,0.0286453695805162,0.16900085141832324
3116,Cc1ccc(-c2c(C(F)(F)F)nn3c(N4CCCCCC4)cc(C)nc23)cc1,0,0.588360644304663,0.0753583183628943,-13.607754,0.0389843480915057,0.32041169541360415
3117,Cc1ccc(-c2c(C(F)(F)F)nn3c(N4CCC(C)CC4)cc(C)nc23)cc1,0,0.599789276358453,0.0533390216796854,-11.186002,0.0313860074963691,0.35698817488254614
3118,CCn1c2c(c(SCc3ccccc3F)nc1=O)CCC2,0,0.642579436697242,0.00163698722761,-9.070361,0.0548513955753813,0.33337102054364565
3119,CCn1c2c(c(SCc3ccccc3Cl)nc1=O)CCC2,0,0.636205809916447,0.0022711821173551,-10.98787,0.059693790836826,0.22094189186591628
3120,O=c1nc(SCc2ccc(F)cc2)c2c(n1-c1ccc(Cl)cc1)CCC2,0,0.476612608504052,0.0201910849372047,-10.344032,0.3304137569129011,0.3642691378535615
3121,O=c1nc(SCc2ccccc2F)c2c(n1-c1ccc(Cl)cc1)CCC2,0,0.476612608504052,0.0652075071129555,-7.4246078,0.1210323583805948,0.3343847058255445
3122,Cc1c(C(=O)Nc2ccc3nsnc3c2)oc2ccc(Br)cc12,0,0.537693500945169,0.0130797146747034,4.929382,0.0162637046197529,0.10781358959559542
3123,Cc1c(C(=O)Nc2ccc3nsnc3c2)oc2ccc(F)cc12,0,0.600706215022291,0.0083380398580793,1.2649144,0.015064065521269,0.19303914913817838
3124,COc1ccc(-c2cc(C(=O)NC3CCCCCC3)nn2C2CCS(=O)(=O)C2)cc1,0,0.733273072082787,0.0031621594670893,2.7496681,0.0569486104220432,0.08457857621731404
3125,Cc1ccc(-c2c3c(=O)n(C)c(=O)n(C)c3c3n2-c2ccccc2OC3)cc1,0,0.515511471193693,0.0139306685994373,10.424988,0.1495049734517581,0.20153874620598122
3126,Cc1c(C(=O)Nc2ccc3c(c2)NC(=O)C(C)O3)oc2ccccc12,0,0.747356958046023,0.0249511443871333,4.07507,0.0483932101173664,0.2593143494207056
3127,Cc1c(C(=O)Nc2ccc3c(c2)NC(=O)C(C)O3)oc2ccc(Br)cc12,0,0.647200446523679,0.0284269559294256,5.2695684,0.0488869503100991,0.27937475904233333
3128,CC1Oc2ccc(NC(=O)c3cc(=O)c4cc(Cl)ccc4o3)cc2NC1=O,0,0.705128905273673,0.0087070869036805,-7.1242514,0.2660496998229659,0.5413971231153574
3129,CC1CCN(C(CNC(=O)C23CC4CC(CC(C4)C2)C3)c2cccs2)CC1,0,0.784127735124371,0.145990566397793,-0.5225028,0.0624624563567802,0.20243821433266937
3130,O=C(NCC(c1ccco1)N1CCCCC1)C12CC3CC(CC(C3)C1)C2,0,0.862330100479254,0.0069559319743791,-13.396454,0.0581733615311833,0.3115106073215046
3131,Cc1ccc(C(CNC(=O)C23CC4CC(CC(C4)C2)C3)N2CCCCC2)o1,0,0.832891832078131,0.027497255174958,-12.971085,0.114603509652051,0.32308416065144446
3132,Cc1cc(N2CCOCC2)n2nc(-c3cccc(Cl)c3)c(C)c2n1,0,0.714524869643604,0.0066403188475237,-15.32276,0.0388641855163871,0.17455346359839838
3133,Cc1cc(N2CCCCCC2)n2nc(-c3cccc(Cl)c3)c(C)c2n1,0,0.645499921262283,0.0816743038517922,-10.727647,0.0207320931449633,0.13313306008788467
3134,Cc1cc(N2CCC(C)CC2)n2nc(-c3cccc(Cl)c3)c(C)c2n1,0,0.655687901022079,0.0488369936812028,-9.004764,0.0300863518737252,0.1677900822186877
3135,Cc1cc(N2CCCC2)n2nc(-c3cccc(Cl)c3)c(C)c2n1,0,0.704953795877305,0.0095355503897586,-12.176951,0.0234418486130028,0.08388029267618712
3136,Cc1cccc(-c2nn3c(N4CCCC4)cc(C)nc3c2C)c1,0,0.719246332772662,0.004702788191526,-13.342092,0.0151335882428027,0.10540493097281037
3137,Cc1cccc(-c2nn3c(N4CC(C)CC(C)C4)cc(C)nc3c2C)c1,0,0.666604975982517,0.0253852159998895,-7.765937,0.0112477393994057,0.13588871628656293
3138,Cc1ccc(-c2nn3c(N4CCCC4)cc(C)nc3c2C)cc1,0,0.719246332772662,0.0203864093443381,-12.14972,0.0144590015726527,0.10652600964125003
3139,Cc1cc(N2CCOCC2)n2nc(-c3ccc(Cl)cc3)c(C)c2n1,0,0.714524869643604,0.0480955857756296,-16.565552,0.0397931365432958,0.17873050709860205
3140,Cc1cc(N2CCCCC2)n2nc(-c3ccc(Cl)cc3)c(C)c2n1,0,0.680097798931635,0.0991118316507064,-12.150405,0.0357515658732546,0.1710613623966436
3141,Cc1cc(N2CCCCCC2)n2nc(-c3ccc(Cl)cc3)c(C)c2n1,0,0.645499921262283,0.24438136211519,-11.745574,0.0234552368818358,0.12008977765621531
3142,CC(=O)Nc1c(C)cc(C)cc1-c1nnc(SC(C)C(=O)Nc2ccc(C)c(C)c2)[nH]c1=O,0,0.471136033081714,0.0398781665649718,-2.1738472,0.0376969861372494,0.20045890445787679
3143,CCC(Sc1nnc(-c2cc(C)cc(C)c2NC(C)=O)c(=O)[nH]1)C(=O)Nc1ccc(Cl)cc1,0,0.42186397103271,0.0187439283213194,-0.21734178,0.0417053954262941,0.29541195602469356
3144,CC(C)C(=O)Nc1ccccc1-c1nnc(SC(C)C(=O)Nc2ccc(F)cc2F)[nH]c1=O,0,0.449328215668565,0.0102156802219634,6.327497,0.1170915230693799,0.4509926341251232
3145,CC(C)C(=O)Nc1ccccc1-c1nnc(SC(C)C(=O)Nc2ccccc2F)[nH]c1=O,0,0.468051405156155,0.0142534200015584,2.4439492,0.041833501622014,0.43183138177969366
3146,Cc1c(C(=O)Nc2ccc3c(c2)N(C)C(=O)CO3)oc2ccc(Cl)cc12,0,0.739618488213664,0.0051632481359657,-7.319145,0.0327358179539849,0.25785875590040275
3147,Cc1c(C(=O)Nc2ccc3c(c2)N(C)C(=O)CO3)oc2ccc(F)cc12,0,0.764665345891347,0.0071885401710098,-0.68920285,0.171153640543265,0.32475272673660593
3148,CCN1C(=O)COc2ccc(NC(=O)c3oc4ccc(Br)cc4c3C)cc21,0,0.665717219059164,0.0070573455033464,3.5688157,0.031130435312713,0.3480404620974825
3149,CCN1C(=O)COc2ccc(NC(=O)c3oc4ccc(F)cc4c3C)cc21,0,0.761590047814211,0.0054849742416178,0.3672577,0.1946102054552416,0.24797689613859975
3150,CCCCN1C(=O)COc2ccc(NC(=O)c3oc4ccc(Cl)cc4c3C)cc21,0,0.626865146028866,0.029737348628586,-1.8946481,0.0769840127872195,0.3380700476279241
3151,CCCCN1C(=O)COc2ccc(NC(=O)c3oc4ccc(Br)cc4c3C)cc21,0,0.566002782810919,0.0272826083129344,6.5988355,0.0448765633109885,0.3194535926282802
3152,CCCCN1C(=O)COc2ccc(NC(=O)c3oc4ccc(F)cc4c3C)cc21,0,0.680973618141478,0.0087181955747,3.053742,0.083029108115211,0.17265257405779616
3153,Cc1ccc(-c2cc(C(=O)NCCc3nc(-c4ccccc4)no3)no2)cc1C,0,0.536858601845654,0.0045256323075442,1.6104096,0.0071061372511052,0.10693621129599992
3154,CCCCc1c(C)[nH]c2nc(N(Cc3ccc(F)cc3)C(=O)C3CCCCC3)nn2c1=O,0,0.59424897865452,0.0121117614822162,4.1959043,0.0189741864163357,0.23391169919628968
3155,CCCCc1c(C)[nH]c2nc(N(Cc3ccc(C)cc3)C(=O)C3CCCCC3)nn2c1=O,0,0.592615500294548,0.0066858048686357,4.4923186,0.0102934668898706,0.1753914041579351
3156,N#Cc1nc(-c2ccc(COc3ccc(Br)cc3)o2)oc1NC1CCCCC1,0,0.512401324846413,0.0276589640722498,-2.7268777,0.0018425046902375,0.0713637423745884
3157,Cc1ccc(N(Cc2nnc(SCC(=O)NC3CCCCC3C)n2C)S(C)(=O)=O)cc1,0,0.602302448495929,0.0007991502834804,0.6637205,0.03050592382125,0.2751315385173538
3158,Cc1nc(COc2ccccc2)sc1C(=O)NC(C)C,0,0.91989003940048,0.0013907054915594,-2.0305862,0.0341439226439131,0.19623783279524054
3159,CC(C)(C)C(=O)N1CCCC1c1nc2ccccc2s1,0,0.794182324643767,0.0030336551237609,-17.667187,0.0231824452144813,0.09676189528365287
3160,O=C(CCC(=O)N1CCCC1c1nc2ccccc2s1)NC1CCCCC1,0,0.839386771610934,0.003126222828953,3.2961469,0.0173757158394542,0.08582238588217318
3161,O=C(c1ccc(Cl)cc1)N1CCN(Cc2ccncc2)CC1,0,0.873538070803813,0.879824885157159,-5.298465,0.0302806049786916,0.538407133627809
3162,Cc1cccc(-c2nc(CNC(=O)CCc3nc(-c4ccccc4)no3)no2)c1,0,0.516380507625224,0.0243541104973868,-7.0603976,0.0136033308375539,0.11013877026305256
3163,O=C(CCc1nc(-c2ccccc2)no1)NCc1noc(-c2cccc(Cl)c2)n1,0,0.495575208498445,0.0072197307696205,-4.816201,0.0187340332746287,0.13210213965900103
3164,O=C(Nc1ccc(C(F)(F)F)cc1)c1ccccc1OCc1nc(-c2ccccc2)no1,0,0.424040394152021,0.0448153497269417,3.000379,0.0234166445912105,0.1926081902526481
3165,O=C(O)Cc1csc(-c2ccccc2F)n1,0,0.892125770461272,0.823315862573532,-7.1952143,0.8058268577248447,0.5937963108678933
3166,Cc1cc(C)c2c(n1)nn1c(N3CCCCC3)cc(C)nc21,0,0.691452102647997,0.0048703288691859,1.1499847,0.0343170443426946,0.1513658982856141
3167,Cc1cc(N2CCOCC2)n2ncc(-c3ccc(Cl)cc3)c2n1,0,0.724286467884234,0.0848651238191444,-17.213646,0.0314369649919183,0.15127365104315088
3168,Cc1cc(NCc2ccccc2)n2ncc(-c3ccc(Cl)cc3)c2n1,0,0.565815818729518,0.0293405466596039,-2.0204906,0.0113149766068917,0.10532489790193074
3169,Cc1cc(N2CCCC2)n2ncc(-c3ccc(Cl)cc3)c2n1,0,0.717945214003388,0.0592040712789935,-13.780225,0.0213604376561831,0.08348329600516519
3170,Cc1cc(N2CCCCC2)n2nc(C(F)(F)F)c(-c3ccccc3)c2n1,0,0.663368707208983,0.0133168752591316,-13.327221,0.036536870015777,0.31073332296913847
3171,Cc1cc(N2CCCC2)n2nc(C(F)(F)F)c(-c3ccccc3)c2n1,0,0.692705255222189,0.0081375585281029,-12.570193,0.029584790367147,0.13113143679306546
3172,CCc1nn2c(N3CCCC3)cc(C)nc2c1-c1ccccc1,0,0.736350299910309,0.0048813421627921,-15.1597395,0.0235052879448711,0.09818287879802519
3173,CC(C)NC(=O)c1nnn(-c2ccc(Br)cc2)c1C(C)C,0,0.919603196154307,0.0019893455655064,-7.600183,0.0489934127356349,0.2710757478703262
3174,CC(C)c1c(C(=O)NCCO)nnn1-c1ccc(Cl)cc1,0,0.881885359795777,0.0027819600558229,-10.163556,0.1060802349171273,0.3530343228977371
3175,CC(C)c1c(C(=O)NCc2ccco2)nnn1-c1ccc(Cl)cc1,0,0.767568699532639,0.0036636096295822,-10.664145,0.0296670947363224,0.12090336805979492
3176,CC(C)NC(=O)c1nnn(-c2ccc(Cl)cc2)c1C(C)C,0,0.943448614875899,0.0131043874837852,-11.5964365,0.0549771960153055,0.3034098557666892
3177,CCCNC(=O)c1nnn(-c2ccc(Cl)cc2)c1CCC,0,0.892159560079126,0.0086768445527818,-10.298812,0.0396537345860206,0.2055389078188754
3178,CCCc1c(C(=O)NCCO)nnn1-c1ccc(Cl)cc1,0,0.849129595056711,0.007581864598921,-4.972996,0.0989015482277031,0.3094653755222374
3179,CCCc1c(C(=O)NC(C)C)nnn1-c1ccc(C)cc1,0,0.91893298715778,0.0009562218202314,-7.52986,0.0515226074708254,0.21542769030862802
3180,Cc1ccoc1-c1nnc(-c2ccccc2Cl)o1,0,0.699784440725071,0.0735843447594758,-6.651733,0.027563036990752,0.17964686520777157
3181,CCCc1c(C(=O)NCc2ccco2)nnn1-c1ccc(Cl)cc1,0,0.743460858342815,0.0009772998448104,-4.988464,0.0447984404880791,0.10207193081125202
3182,O=C1c2ccccc2CN1C[C@H]1CC[C@H](C(=O)NCC2(Cc3nnc4ccccn34)CCCCC2)CC1,0,0.506434818226142,0.0059837723278339,-12.0717325,0.0271051898020918,0.11739633570125499
3183,CC(C)CN(CC(C)C)c1nnc(NC(=O)NC23CC4CC(CC(C4)C2)C3)s1,0,0.686858603707155,0.0792014885741758,11.683139,0.0216154025784959,0.13688071673231864
3184,CN(c1nnc(NC(=O)NC23C[C@H]4C[C@@H](C2)C[C@@H](C3)C4)s1)C1CCCCC1,0,0.80076878078305,0.0119148064989198,13.924415,0.0151878124112702,0.14629139920883807
3185,CC1=C(c2ccc(C)cc2)S(=O)(=O)N=C1Nc1ccc(Br)c(C)c1,0,0.79141778931087,0.195793800194795,11.675587,0.0337433250070378,0.162110228564244
3186,COc1ccc(C2=C(C)C(Nc3ccc(Br)c(C)c3)=NS2(=O)=O)cc1,0,0.800375592400807,0.0071879347337145,10.894311,0.0386207651018057,0.15176330406468216
3187,CC(NC(=O)C1CCCN1c1nnc(N2CCCC2=O)s1)C12CC3CC(CC(C3)C1)C2,0,0.75502890013442,0.0027194106374457,5.6027102,0.0246135425858807,0.13777970115969168
3188,CCC(C(=O)NC(C)C12CC3CC(CC(C3)C1)C2)n1nc(C)c2sc3ccccc3c2c1=O,0,0.536256949128715,0.0532254305014198,13.323122,0.0215065895723769,0.12067941284385164
3189,CCc1cc2c(cc3n2CC(C)(C(=O)NC2CCCCCC2)N(C2CCCC2)C3=O)s1,0,0.658032952932415,0.0197106157378891,17.140997,0.0143799466896232,0.08383895032814781
3190,Cc1ccc(NC(=O)c2nnn(-c3ccc(Cl)cc3)c2C)cc1,0,0.796241498493405,0.0784852779382327,-3.6507168,0.0370363759957286,0.16123465311445814
3191,Cc1c(C(=O)Nc2cccc(C(F)(F)F)c2)nnn1-c1ccc(Cl)cc1,0,0.727398259802049,0.0024723284882667,-10.2089205,0.0550326182091943,0.45060754309702206
3192,Cc1ccc(C)c(NC(=O)c2nnn(-c3ccc(Cl)cc3)c2C)c1,0,0.780516533553765,0.0049782308595774,0.51899564,0.0276416682824967,0.15015858058000886
3193,COc1ccc(NC(=O)c2nnn(-c3ccc(Cl)cc3)c2C)cc1,0,0.787611334283724,0.0025430673329064,-7.1113973,0.036033477581692,0.17014421665140342
3194,CCOc1ccc(NC(=O)c2nnn(-c3ccc(Cl)cc3)c2C)cc1,0,0.752799195583276,0.0277484217871375,-8.56066,0.0604209330968948,0.13773485256764612
3195,Cc1c(C(=O)Nc2cccc(F)c2)nnn1-c1ccc(F)cc1,0,0.807873975322437,0.0030941590233619,-14.685153,0.0794885412882546,0.2679945587550628
3196,COc1ccc(NC(=O)c2nnn(-c3ccc(F)cc3)c2C)cc1Cl,0,0.771007625423603,0.0021290433699563,-5.6595535,0.0638073422042781,0.31390177852095114
3197,Cc1ccc(NC(=O)c2nnn(-c3ccc(F)cc3)c2C)c(C)c1,0,0.800826071300504,0.0079757882358429,-7.133331,0.0574587024472407,0.23397008164749825
3198,Cc1cccc(NC(=O)c2nnn(-c3ccc(F)cc3)c2C)c1C,0,0.800826071300504,0.0065350312397894,-1.752217,0.0492991950231989,0.21925875739969616
3199,Cc1ccc(NC(=O)c2nnn(-c3ccc(F)cc3)c2C)cc1C,0,0.800826071300504,0.013186230361748,-7.136625,0.0846019418646397,0.21540620978462396
3200,Cc1ccc(NC(=O)c2nnn(-c3ccc(F)cc3)c2C)cc1Cl,0,0.782780629929934,0.0065915958278206,-7.0441413,0.0285762045150132,0.23110323315457865
3201,Cc1c(Cl)cccc1NC(=O)c1nnn(-c2ccc(F)cc2)c1C,0,0.782780629929934,0.0081324498607921,-5.0146203,0.0324648163203172,0.3084600845139642
3202,Cc1ccc(NC(=O)c2nnn(-c3ccc(Br)cc3)c2C)cc1,0,0.759819011042339,0.0350363137890966,-0.42369652,0.0250148366785584,0.1451375643251089
3203,Cc1c(C(=O)Nc2cccc(C(F)(F)F)c2)nnn1-c1ccc(Br)cc1,0,0.667127119614102,0.0096192670332456,-5.3811045,0.0409233221604632,0.36806864273231155
3204,Cc1ccc(NC(=O)c2nnn(-c3ccc(Br)cc3)c2C)c(C)c1,0,0.735024920644523,0.0059455446762189,-1.2068499,0.0206970432237485,0.15679706024576476
3205,Cc1cccc(NC(=O)c2nnn(-c3ccc(Br)cc3)c2C)c1C,0,0.735024920644523,0.0102416561723872,3.1864476,0.023088588642756,0.1569129163628196
3206,COc1ccc(NC(=O)c2nnn(-c3ccc(Br)cc3)c2C)cc1,0,0.742950401803731,0.0016103764926325,-2.4616811,0.0232966140312429,0.16351124836221853
3207,Cc1c(C(=O)Nc2ccc(Br)cc2)nnn1-c1ccc(Br)cc1,0,0.664576090194256,0.312113702218402,2.6293921,0.0448615602025134,0.14579258686018232
3208,COc1ccc(NC(=O)c2nnn(-c3ccc(Cl)cc3)c2C)cc1OC,0,0.741189298145966,0.0032854327772789,-10.304821,0.0429299559356515,0.1756441695047085
3209,Cc1c(C(=O)Nc2ccc(F)cc2F)nnn1-c1ccc(F)cc1,0,0.800868096415591,0.0134973080577631,-4.8027654,0.1339928529882257,0.49152163462519816
3210,COc1ccc(NC(=O)c2nnn(-c3ccc(Br)cc3)c2C)c(OC)c1,0,0.686518541852713,0.0037677183942806,1.5261425,0.0316175761056801,0.20861095401444785
3211,Cc1c(C(=O)Nc2cccc(C(F)(F)F)c2)nnn1-c1ccccc1Br,0,0.667127119614102,0.0044564740695624,-11.691033,0.0371297606601733,0.48710373241078553
3212,CC(C)c1nnc2sc(NC(=O)c3cccs3)nn12,0,0.805417884265575,0.0048796202616478,-5.743861,0.017288042757224,0.08069572962318429
3213,CCCc1nnc2sc(NC(=O)c3cccs3)nn12,0,0.801691827915382,0.0007988463214828,-7.820273,0.0183116825103846,0.07984173804720049
3214,CCCc1nnc2sc(NC(=O)c3ccco3)nn12,0,0.787769564899332,0.0005707117316159,-13.065747,0.0273373900201944,0.09356904021514093
3215,CCC(=O)Nc1nn2c(-c3ccccc3)nnc2s1,0,0.793705003864637,0.0011764951883518,-3.8002934,0.0350091900479381,0.16815448899273328
3216,CCCC(=O)Nc1nn2c(-c3ccccc3)nnc2s1,0,0.800218514988243,0.0018958534082289,-7.621863,0.0286808160963731,0.1257751818691792
3217,O=C(Nc1nn2c(-c3ccccc3)nnc2s1)C1CCCCC1,0,0.800311181691303,0.0010342149156658,-2.372933,0.0180709614358641,0.11096173374719427
3218,CCC(CC)C(=O)Nc1nn2c(-c3ccccc3)nnc2s1,0,0.784346609336312,0.0008095695935083,-2.9951806,0.0177142451499279,0.11337965888143522
3219,CC1(C(=O)NC2CCCCCCC2)Cn2c(cc3occc32)C(=O)N1CC1CCCO1,0,0.803940052975171,0.0074999769427953,8.173671,0.0202873081253207,0.07955833358038884
3220,O=C(NC1CCCCCC1)c1ccc(CN2CC(=O)N3CCCC3C2=O)cc1,0,0.812331266871452,0.0011267324095531,0.91105783,0.0385488056108044,0.410733225035335
3221,CCOc1ccc(CN2C(=O)c3cc(C4CC4)nn3CC2(C)C(=O)NC2CCCCCC2)cc1,0,0.615934430421262,0.002302180965807,7.7047744,0.0328428466111684,0.08562114935634038
3222,CC(C)(C)c1cc2n(n1)CC(C)(C(=O)NC1CCCCCCC1)N(Cc1ccccc1Cl)C2=O,0,0.624524838752883,0.0916577471986851,0.52438223,0.0482042322596304,0.21341413268263118
3223,CCCOc1ccc(CN2C(=O)c3cc(C(C)C)nn3CC2(C)C(=O)NC2CCCCCCC2)cc1,0,0.530217335251922,0.016345954010075,4.5358586,0.0268232782696458,0.16032182347697738
3224,COc1ccc2cc3n(c2c1)CC(C)(C(=O)NC1CCCCC1)N(CCCN1CCCCCC1)C3=O,0,0.611958980032462,0.0135922400793063,0.24339283,0.0527708771414248,0.14426154837015234
3225,CC(C)CCN1C(=O)c2cc3ccccc3n2CC1(C)C(=O)NC1CCCCCC1,0,0.725307124645971,0.0029073781941476,0.9618226,0.0164301375291787,0.168479272029861
3226,CC1(C(=O)NC2CCCCCC2)Cn2c(cc3ccccc32)C(=O)N1CC1CCCO1,0,0.759511145596662,0.0047910201319845,1.4210027,0.0237785184829882,0.10008958368210948
3227,CC(C)CNC(=O)c1cc(-c2ccc(F)cc2)no1,0,0.921333290142371,0.0267018350067216,-9.694903,0.0327480286417987,0.1878194469387522
3228,CC(C)(CO)NC(=O)c1cc(-c2ccccc2F)no1,0,0.89635533736321,0.0014248426119953,6.0721345,0.0571271846306026,0.2677723884857236
3229,Cc1ccc2c(c1)-c1onc(C(=O)NCCC(C)C)c1CO2,0,0.940445214916109,0.0023939852944356,-10.307816,0.0148377393696675,0.11495126378474214
3230,c1ccc(C(c2cccs2)c2c[nH]c3ccccc23)cc1,0,0.518824294939917,0.296520310385838,0.963333,0.0787527767927491,0.21200305714189632
3231,Cc1ccc(CN2C(=O)c3nc4ccccc4n3CC2(C)C(=O)NC2CCCCCCC2)cc1,0,0.599024898375988,0.0186936462549065,4.818566,0.02324572230847,0.12736827970195613
3232,CCN(Cc1ccccc1)Cc1csc(C)c1C,0,0.769613123259985,0.280790157135657,0.22608197,0.8851223808825264,0.6188307347399291
3233,CC(C)c1ccc(S(=O)(=O)c2nnn3c2nc(N2CCC(C(N)=O)CC2)c2sccc23)cc1,0,0.461720656850946,0.0886843544293923,1.1841091,0.0337403466697113,0.08146538228066215
3234,CCc1ccc(S(=O)(=O)c2nnn3c2nc(N2CCC(C)CC2)c2sccc23)cc1,0,0.476688926792843,0.0036765712948777,5.4602304,0.0183736246250442,0.0848903355558867
3235,CCOC(=O)C1CCN(c2nc3c(S(=O)(=O)c4ccc(CC)cc4)nnn3c3ccsc23)CC1,0,0.371104149024466,0.0081938375347202,-3.5137157,0.0393819357679744,0.07768960009417729
3236,CC1Cc2cc(S(=O)(=O)NCCC(=O)NC3CCCCCCC3)ccc2N1C(=O)C1CC1,0,0.651429927917046,0.0266060797239498,-9.955544,0.0477354678313402,0.13938891185861496
3237,CC1CCN(S(=O)(=O)c2ccc3c(c2)N(CC(=O)NC2CCCCCC2)C(=O)CS3)CC1,0,0.654472262420843,0.0026747708234462,-0.58128405,0.0406577745042686,0.469658581909429
3238,CN1C(=O)C(C)(C)c2cc(S(=O)(=O)NCc3ccc(C(=O)NC4CCCCC4)cc3)ccc21,0,0.677097917996685,0.007689380902233,-3.1071987,0.0232404738099656,0.1889892865745561
3239,CC1CCCCC1NC(=O)CN1C(=O)COc2ccc(S(=O)(=O)N3CCCCCC3)cc21,0,0.724323932241761,0.000927865491637,6.96252,0.0249438691814477,0.4687203878328264
3240,O=C(COCc1cc(-c2ccc3c(c2)OCO3)on1)Nc1cc(-c2cccc(F)c2)no1,0,0.461833341526301,0.0116893378926762,-5.659722,0.0230189402264818,0.09542125617583326
3241,COc1cc(-c2cc(NC(=O)COCc3cc(-c4ccc5c(c4)OCO5)on3)on2)cc(OC)c1OC,0,0.333103275579513,0.666228224399872,2.0737667,0.1037875644930363,0.10591805661396196
3242,CCOc1ccc(-c2cc(NC(=O)COCc3cc(-c4ccc(F)cc4)on3)on2)cc1OCC,0,0.315613128534572,0.0537558640949076,-1.2027556,0.1889933275152,0.10596154817167318
3243,O=C(COCc1cc(-c2ccc(F)cc2)on1)Nc1cc(-c2ccccc2Cl)no1,0,0.448737089037483,0.0184407618522987,4.5653815,0.0210792004647358,0.10298419587574166
3244,O=C(COCc1cc(-c2cccs2)on1)Nc1cc(-c2cccc(F)c2)no1,0,0.496782477477782,0.0125408371752431,-3.0912428,0.0146642152640974,0.07272237581431987
3245,CCOc1ccccc1-c1cc(NC(=O)COCc2cc(-c3cccs3)on2)on1,0,0.417831257281644,0.0068841854893553,4.601903,0.0161054358041992,0.06679172528975186
3246,O=C(COCc1cc(-c2ccco2)on1)Nc1cc(-c2ccccc2Cl)no1,0,0.490798863861701,0.012192944409127,3.1969886,0.0209767102867841,0.09150697052942683
3247,CCc1cccc(NC(=O)C2=C(C)C(=O)OC23CCN(CC)CC3)c1,0,0.854962301330072,0.001491191810668,-5.602695,0.4007009865475946,0.72233270992588
3248,CC(C)CCC(NC(=O)NC12CC3CC(CC(C3)C1)C2)c1c(-n2cccc2)sc2c1CCN(C)C2,0,0.476404633086956,0.644822526208614,3.0189028,0.032613661738291,0.09163057707341045
3249,COc1ccc(CN(C(=O)NC23CC4CC(CC(C4)C2)C3)C2CCN(C(C)=O)CC2)cc1,0,0.748458547523607,0.0406187936943028,-0.349805,0.0300607318604681,0.262814624663433
3250,Cc1ccc(CN(C(=O)NC23CC4CC(CC(C4)C2)C3)C2CCN(Cc3ccccc3)CC2)o1,0,0.597348458690603,0.0461423163938287,-4.0697174,0.1130438996826947,0.3497597394859816
3251,O=C(NCc1ccccc1Cl)c1ccc(CSc2nc3cccnc3n2Cc2ccccc2)cc1,0,0.25294369938755,0.0539644957342739,-1.144954,0.007611047315808,0.10718241936585934
3252,O=C(NCCN1CCOCC1)c1ccc(CSc2nc3cccnc3n2Cc2ccccc2)cc1,0,0.361934040056871,0.0441311495291667,-3.2926803,0.0155318461827441,0.10633405447989916
3253,O=C(NC1CCCCC1)c1ccc(CSc2nc3cccnc3n2Cc2ccccc2)cc1,0,0.355301568648789,0.0799581894170906,-0.31111014,0.0071979863133179,0.12208505597401657
3254,CCNC(=O)c1ccc(CSc2nc3cccnc3n2Cc2ccccc2)cc1,0,0.461806870695232,0.0148929764148825,-1.3507975,0.0066500180089833,0.13154444313489594
3255,CC(C)CCNC(=O)c1ccc(CSc2nc3cccnc3n2Cc2ccc(F)cc2)cc1,0,0.324878674392738,0.031397285792283,-2.037508,0.0148742452317198,0.11451308424122783
3256,O=C(NC1CCCCCC1)c1ccc(CSc2nc3cccnc3n2Cc2ccccc2F)cc1,0,0.242770247634716,0.0708610527818097,5.0379043,0.0131963007945639,0.11697210572217491
3257,CC(C)CCNC(=O)c1ccc(CSc2nc3cccnc3n2Cc2ccccc2F)cc1,0,0.324878674392738,0.0393190449652737,-0.95484674,0.0109591544330957,0.11231744241220235
3258,Cc1ccc(Cn2c(SCc3ccc(C(=O)NC4CCCC(C)C4C)cc3)nc3cccnc32)cc1,0,0.29041995912912,0.0296939605609272,3.7673993,0.0120390079682143,0.10233416678374907
3259,Cc1cccc(Cn2c(SCc3ccc(C(=O)NCc4ccc(F)cc4)cc3)nc3cccnc32)c1,0,0.261891092742867,0.0453422295895902,-0.21519208,0.0092410366150033,0.1173322622728249
3260,Cc1cccc(Cn2c(SCc3ccc(C(=O)NCCc4cccs4)cc3)nc3cccnc32)c1,0,0.249010595979434,0.0657866024834538,1.6681088,0.0055589239886499,0.07814361496532274
3261,COc1ccc(Cn2c(SCc3ccc(C(=O)NCc4ccccc4)cc3)nc3cccnc32)cc1,0,0.265896034136497,0.051897586048155,-0.21094048,0.0075836714766499,0.10745582290500547
3262,COc1ccc(Cn2c(SCc3ccc(C(=O)NC4CCCC4)cc3)nc3cccnc32)cc1,0,0.345318977635654,0.0138696585918762,2.1098056,0.0114340062391711,0.06841155485473496
3263,CCCNC(=O)c1ccc(CSc2nc3cccnc3n2Cc2ccc(OC)cc2)cc1,0,0.36968924167947,0.0166743511733476,-1.4472364,0.0131225470502391,0.1267900686346501
3264,COc1ccc(Cn2c(SCc3ccc(C(=O)NC4CCCCC4)cc3)nc3cccnc32)cc1,0,0.316822449934222,0.0377214066184029,2.3092055,0.0139505846836322,0.12733000033336356
3265,O=C(NC1CCCCCC1)c1ccc(Cn2c(SCc3ccccc3)nc3cccnc32)cc1,0,0.2571024810709,0.0943775419194307,0.056685925,0.0086052076722631,0.10030745188905787
3266,CC1CCC(NC(=O)c2ccc(Cn3c(SCc4ccccc4)nc4cccnc43)cc2)CC1,0,0.332595677066958,0.0250611024199465,-3.031148,0.0112874491591655,0.101743695447798
3267,O=C(NC1CCCCC1)c1ccc(Cn2c(SCc3ccccc3)nc3cccnc32)cc1,0,0.355301568648789,0.0799581894170906,-0.3027023,0.0079878148374775,0.10675792047774926
3268,Cc1ccc(CSc2nc3cccnc3n2Cc2ccc(C(=O)NC3CC3)cc2)cc1,0,0.422221776845206,0.0109918316709599,-1.0311241,0.0072627267403416,0.06830388868226274
3269,Cc1cccc(CSc2nc3cccnc3n2Cc2ccc(C(=O)NCC3CCCO3)cc2)c1,0,0.366060981062663,0.0346003730169293,-6.1511126,0.0070177224141705,0.07427755992319492
3270,Cc1ccccc1CSc1nc2cccnc2n1Cc1ccc(C(=O)NC2CCCCC2)cc1,0,0.329527430612542,0.117955141549299,0.18080842,0.0084207406938937,0.09450337158843589
3271,CC(C)NC(=O)c1ccc(CSc2nc3cccnc3n2Cc2c(F)cccc2Cl)cc1,0,0.353166039156008,0.0269988165677539,-2.5239997,0.0295878699591123,0.12042859200704745
3272,CCOC(=O)c1c(NC(C)=O)c2c3c(sc2n1CC(=O)N1CCCCC1CC)CCCC3,0,0.644814485414822,0.0715359168756403,16.341457,0.0371810735558545,0.10851435468398773
3273,COc1ccc2nc(N(CCN(C)C)C(=O)COc3ccccc3)sc2c1,0,0.595633632531607,0.0014069541339752,-6.0720525,0.077922143067503,0.15089965597507796
3274,CN(C)CCN(C(=O)COc1ccccc1)c1nc2c(F)cc(F)cc2s1,0,0.618018786149425,0.0008002375539239,3.0302744,0.0616987072552941,0.1432332801356919
3275,Cc1ccc2nc(N(CCCN(C)C)C(=O)c3ccccc3)sc2c1,0,0.666171011342747,0.0062799775457379,-1.1837206,0.090646120989074,0.18548111401773293
3276,CN(C)CCCN(C(=O)c1ccccc1)c1nc2ccc(F)cc2s1,0,0.668136528814532,0.004223162289983,-0.3187734,0.1268173359024256,0.23481273481141424
3277,CN(C)CCCN(C(=O)C1CCCCC1)c1nc2ccc(Br)cc2s1,0,0.660366609051956,0.0314415272514098,2.8799376,0.1210800204316833,0.3210488335942351
3278,COc1ccc2sc(N(CCCN(C)C)C(=O)Cc3ccccc3)nc2c1,0,0.593006480130192,0.0013980544232835,-0.28063452,0.0969277943971453,0.20114434201906378
3279,CN(C)CCCN(C(=O)c1ccc(Br)s1)c1nc2c(F)cc(F)cc2s1,0,0.51989544711448,0.0945327125534635,7.53713,0.2872446324435151,0.19414788808220898
3280,CC1Cc2cc(S(=O)(=O)N(C)CC(=O)NC3CCCCCC3)ccc2N1C(=O)C1CCC1,0,0.659226463183316,0.0358544769924742,-0.18912995,0.0397283368395012,0.20422887337350532
3281,CCCN(C(=O)c1nc(-c2ccc(Cl)cc2)n2c1CCCCC2)c1ccc(F)cc1,0,0.49305080368815,0.240545420142596,-6.9723687,0.0374908155236527,0.17008449908477358
3282,CSc1ncc(C(=O)NC(C)C)c(-c2ccccc2)n1,0,0.693531788620639,0.0056089009957043,-5.336376,0.1711767181510615,0.27227135961593485
3283,CCCNC(=O)c1cnc(SC)nc1-c1ccccc1,0,0.67821989618144,0.0032202463556314,-7.147251,0.0507212379212967,0.29264958483157044
3284,CCCc1nc(SC)ncc1C(=O)Nc1cccc(C)c1C,0,0.668598718576314,0.0121529231123006,-1.1276116,0.0252497090399412,0.19449874497082503
3285,CCCc1nc(SC)ncc1C(=O)Nc1ccc(F)cc1C,0,0.671614388117023,0.0023424968342975,-5.7288976,0.0304007577169254,0.28066706324630636
3286,Cc1cccc(NC(=O)c2ccc(-n3cnc4cccnc43)cc2)c1C,0,0.60406973708352,0.0061512466460537,5.1500497,0.0114992031688431,0.12844655028620872
3287,O=C(CCc1ccc(-n2cnc3cccnc32)cc1)NCc1cccc(Br)c1,0,0.487588569613059,0.0095576610086048,4.5331197,0.0105189063046499,0.14604959776679977
3288,CCC(C)NC(=O)c1cccc(-n2cnc3cccnc32)c1,0,0.804492807261934,0.0021279872273876,-4.5508337,0.0821119510259913,0.1682447707579912
3289,O=C(NC1CCCCC1)c1cccc(-n2cnc3cccnc32)c1,0,0.803472652874227,0.0015644847550955,-0.55113184,0.0276729032804541,0.1360487680253735
3290,Cc1ccc(C(=O)NCCN(C)C)cc1-n1cnc2cccnc21,0,0.780146505409067,0.0176881130867842,-5.6739984,0.3993306953039695,0.22091146939202505
3291,Cc1ccc(NC(=O)N2CC=C(c3c[nH]c4ccccc34)CC2)cc1C,0,0.666328706549596,0.139533728321449,5.3746777,0.0125825808860643,0.13499026406545714
3292,Cc1ccc(C)c(NC(=O)N2CC=C(c3c[nH]c4ccccc34)CC2)c1,0,0.666328706549596,0.0342899127023124,9.937364,0.0142317712396791,0.11838336768010804
3293,Cc1cc(C)cc(NC(=O)N2CC=C(c3c[nH]c4ccccc34)CC2)c1,0,0.666328706549596,0.027429513888801,10.63782,0.0112663654851535,0.10530592797427882
3294,Cc1ccccc1NC(=O)N1CC=C(c2c[nH]c3ccccc23)CC1,0,0.696192394664407,0.0054255096485836,8.43657,0.0108388410238159,0.14397230555727344
3295,CC1CCN(S(=O)(=O)c2ccc3c(ccn3CC(=O)NC3CCCCCC3)c2)CC1,0,0.730040800064677,0.0070106519384118,-9.419197,0.0208186996831983,0.1519433366859277
3296,CC(NC(=O)CCn1ccc2cc(S(=O)(=O)N3CCCCC3)ccc21)C12CC3CC(CC(C3)C1)C2,0,0.589785578929993,0.026177415706977,2.0196543,0.0216980078092106,0.15839141922728311
3297,CCC(C(=O)Nc1cc(Cl)ccc1C)n1nc(C)c2c(C)n(-c3ccc(C)cc3)nc2c1=O,0,0.448199533370646,0.0154510456522084,-5.1280684,0.1190179737849126,0.17415272435563348
3298,Cc1ccc(-n2ncc(C(=O)Nc3cccc(C)c3C)c2C2CCNCC2)cc1C,0,0.657391361264616,0.0567536153339083,4.486102,0.0804422791440606,0.12399981365199522
3299,CCCN(C(=O)Nc1cn(CC(C)C)c(=O)c2ccccc12)c1ccc(Cl)c(Cl)c1,0,0.475610224732626,0.0345539632426399,-0.23324645,0.0464256039889136,0.1456748224923706
3300,CC(C)Cn1cc(NC(=O)N(Cc2ccccc2)C(C)C)c2ccccc2c1=O,0,0.635481345407899,0.0522508081219647,0.44468677,0.0335961965955769,0.16487497706001797
3301,CC(C)Cn1cc(NC(=O)N(Cc2cccs2)C2CCCC2)c2ccccc2c1=O,0,0.55317313302235,0.0524439768845775,1.9605252,0.0161889434678766,0.06368798962261235
3302,CCC1CCCCN1Cc1ccc(CNC(=O)c2c(C)oc3ncn(CC(C)C)c(=O)c23)o1,0,0.547148283996955,0.0053898804819343,8.494459,0.0280439760164629,0.22265498718042034
3303,Cc1oc2ncn(CC(C)C)c(=O)c2c1C(=O)NC(C)CC12CC3CC(CC(C3)C1)C2,0,0.729001964891408,0.0146000534883089,12.715881,0.0222717163276354,0.22152181016913114
3304,Cc1cccc(-n2ncc(C(=O)Nc3ccc(C)c(C)c3)c2C2CCN(C(=O)OC(C)(C)C)CC2)c1,0,0.476830140432419,0.0810132114193209,2.345016,0.0390959306494164,0.16334969007858885
3305,Cc1ccc(NC(=O)c2cnn(-c3ccc(F)cc3F)c2C2CCN(C(=O)OC(C)(C)C)CC2)cc1C,0,0.457880937555618,0.100785312314495,5.7621183,0.0966115645286597,0.21037157492660916
3306,CCc1cccc(NC(=O)c2cnn(-c3ccc(F)cc3F)c2C2CCN(C(=O)OC(C)(C)C)CC2)c1,0,0.451410604865332,0.109136623804502,8.147267,0.0935707592014759,0.17981674997494657
3307,COc1ccc(-n2ncc(C(=O)Nc3ccc(C)c(C)c3)c2C2CCN(C(=O)OC(C)(C)C)CC2)cc1,0,0.470061001369745,0.22718839573392,1.117695,0.0301650359985883,0.13251325776719208
3308,Cc1ccc(NC(=O)c2cnn(-c3ccccc3)c2C2CCN(C(=O)OC(C)(C)C)CC2)cc1C,0,0.514124257816634,0.0143460724765252,-1.1852654,0.0343853801868164,0.14772136985909778
3309,O=C(Nc1c(C(=O)N2CCN(C(=O)c3ccco3)CC2)oc2ccccc12)C1CCCCC1,0,0.645761909563046,0.0025758763829873,8.740326,0.0566297998990391,0.2614550440694079
3310,O=c1ccc(-c2ccc(S(=O)(=O)Nc3ccc(Cl)cc3)o2)n[nH]1,0,0.750850853486691,0.0307658841743448,6.542725,0.1314642537543099,0.343150489632223
3311,CCn1nc(C)c2nc(SCC(=O)Nc3ccc(C)c(C)c3)n(Cc3ccc(C)cc3)c(=O)c21,0,0.311422039174759,0.0030939902443703,3.0784154,0.0243196337084443,0.16596563079039642
3312,CCn1nc(C)c2nc(SCC(=O)Nc3ccc(C(C)C)cc3)n(Cc3ccc(C)cc3)c(=O)c21,0,0.274008822432861,0.0082645663786367,3.724781,0.0247274372315751,0.1359138766250632
3313,CCn1nc(C)c2nc(SCC(=O)Nc3ccc(C)c(F)c3)n(Cc3ccc(C)cc3)c(=O)c21,0,0.312739236374213,0.0079095072573613,5.452561,0.0271803917734676,0.22090587743144194
3314,CCn1nc(C)c2c1c(=O)n(Cc1ccc(F)cc1)c(=O)n2Cc1ccc(F)cc1,0,0.508121129968911,0.0269450262142075,5.591018,0.0958741174690217,0.4067747047070783
3315,CCn1nc(C)c2c1c(=O)n(Cc1ccc(F)cc1)c(=O)n2Cc1cccc(F)c1,0,0.508121129968911,0.006742815180534,2.810933,0.0908511464888132,0.3496556569716329
3316,CCn1nc(C)c2c1c(=O)n(Cc1ccc(F)cc1)c(=O)n2CC(=O)Nc1ccc(OC)cc1,0,0.452181611622899,0.0036971117088435,7.440038,0.2230006061528493,0.35212653987931364
3317,CCn1nc(C)c2c1c(=O)n(Cc1ccc(F)cc1)c(=O)n2CC(=O)Nc1cc(OC)cc(OC)c1,0,0.402440767834036,0.0115994184811122,13.769053,0.2394876854402562,0.2558116396635607
3318,CCn1nc(C)c2c1c(=O)n(Cc1ccc(F)cc1)c(=O)n2CC(=O)NC(C)C,0,0.676018987932143,0.0025317037154302,8.251966,0.1930147923116572,0.45250353806475757
3319,CCn1nc(C)c2c1c(=O)n(Cc1ccc(F)cc1)c(=O)n2CC(=O)Nc1cc(C)ccc1OC,0,0.439459940692428,0.0049298891200681,9.383122,0.1334263772475832,0.27580426434303706
3320,Cc1ccc(C(=O)c2cn(Cc3c(C)cc(C)cc3C)c3nc(C)ccc3c2=O)c(C)c1,0,0.405057664511941,0.798585382644985,6.118893,0.041773877895657,0.2200899188780933
3321,CCOc1c(C)cnc2c1c(=O)n(Cc1ccc(Br)cc1)c(=O)n2C,0,0.670799749330493,0.011388414130353,0.6320275,0.0261582967275293,0.41770708558055436
3322,CCc1ccc(NC(=O)c2c(C)oc3ccc(OC)cc23)cc1,0,0.768066963761943,0.29488224536601,-4.959967,0.0254298592272047,0.24445216758159988
3323,COc1ccc2oc(C)c(C(=O)Nc3ccccc3)c2c1,0,0.789014047012619,0.245194547671557,-4.1893497,0.0242548009819022,0.20851499905942905
3324,COc1ccc2oc(C)c(C(=O)Nc3ccccc3C)c2c1,0,0.782968902220567,0.404401632930762,-2.4213543,0.0195647760240094,0.25488539816694294
3325,COc1ccc2oc(C)c(C(=O)Nc3ccc(C)c(C)c3)c2c1,0,0.767802436923521,0.375691932674467,-5.0121193,0.0348660183010296,0.21956799734487556
3326,COc1ccc(NC(=O)c2c(C)oc3ccc(OC)cc23)c(OC)c1,0,0.758881792152756,0.0264182120656053,2.8151202,0.0582377526997223,0.4070008803338827
3327,COc1ccc2oc(C)c(C(=O)Nc3cccc(Cl)c3)c2c1,0,0.764705325256846,0.153266867069964,-6.3489003,0.0357749684232176,0.23195951124741804
3328,COc1ccc2oc(C)c(C(=O)Nc3cc(C)ccc3OC)c2c1,0,0.775855123741757,0.0046271051301416,-2.551087,0.0324152616655368,0.2355512087012351
3329,O=C(Nc1nc2c(s1)CN(Cc1ccccc1)CC2)c1cccc(F)c1,0,0.755321093600579,0.0069872452601686,-11.509073,0.0129555899248803,0.11316807387027053
3330,O=C(Nc1nc2c(s1)CN(Cc1ccccc1)CC2)c1cccc(Br)c1,0,0.654527974008297,0.0059278525846763,-4.718085,0.0089787752797411,0.11302412080791632
3331,O=C(Nc1nc2c(s1)CN(Cc1ccccc1)CC2)c1cc(Cl)ccc1Cl,0,0.62877966825273,0.0490270487289716,-5.923737,0.0116280806163346,0.11134993370000476
3332,Cc1noc(/C=C/c2ccccc2F)c1S(=O)(=O)N1CCCC(C(=O)NC2CCCCCCC2)C1,0,0.603940583641847,0.0191086785376896,1.3690587,0.0242886636391047,0.14822882692371503
3333,Cc1ccc(C)c(/C=C/c2onc(C)c2S(=O)(=O)N2CCCC(C(=O)NC3CCC(C)CC3)C2)c1,0,0.612387518032174,0.0087577940376445,1.0040797,0.0147981758748323,0.12457873564918956
3334,O=C(NC1CCCC1)c1ccc2c(=O)n(Cc3ccccc3)c(SCC(=O)c3c[nH]c4ccccc34)nc2c1,0,0.153473050508197,0.527205298644475,12.1788435,0.0215033249148494,0.07858728712927968
3335,COc1ccc(-n2c(SCC(=O)c3ccc(C)cc3)nc3cc(C(=O)NCCC(C)C)ccc3c2=O)cc1,0,0.166841774872937,0.250372057666039,7.8707576,0.0208045772828334,0.16279048977124766
3336,Cc1ccc(C(=O)CSc2nc3cc(C(=O)NC4CCCC4)ccc3c(=O)n2CC(C)C)c(C)c1,0,0.262132998608336,0.0445357176088288,8.576863,0.0131750304830313,0.09584526513198158
3337,Cc1ccc(C(=O)CSc2nc3cc(C(=O)NCC(C)C)ccc3c(=O)n2CC(C)C)cc1,0,0.280892494743237,0.0080299182791642,3.7658129,0.022130704557768,0.23205465254995436
3338,COc1ccc(C(=O)CSc2nc3cc(C(=O)NCC(C)C)ccc3c(=O)n2CC(C)C)cc1,0,0.261878176447058,0.0074359431769293,6.645965,0.0376416191966538,0.25324741970177567
3339,Cc1ccc(C(=O)CSc2nc3cc(C(=O)NCC4CCCO4)ccc3c(=O)n2Cc2ccccc2)cc1,0,0.193841866053017,0.145890798978345,2.3716483,0.0181636250691869,0.11521417042018864
3340,COCCn1c(SCC(=O)c2ccc(C)cc2C)nc2cc(C(=O)NC3CCCCC3)ccc2c1=O,0,0.256585801599479,0.0736254038096261,8.170777,0.0290427266064995,0.2458235168769408
3341,COCCn1c(SCC(=O)c2cc(C)ccc2C)nc2cc(C(=O)NC3CCCCC3)ccc2c1=O,0,0.256585801599479,0.106183840774775,10.178181,0.0326910104507381,0.24152568585733353
3342,COCCn1c(SCC(=O)c2cccc(Cl)c2)nc2cc(C(=O)NC3CCCCC3)ccc2c1=O,0,0.25248503624987,0.0506190698578025,8.922906,0.0414562977677189,0.27084321913217224
3343,O=C(CSc1nc2cc(C(=O)NC3CCCCC3)ccc2c(=O)n1Cc1ccccc1)c1ccc(Cl)cc1,0,0.163414739675326,0.216496049911301,3.7253332,0.0370804165255019,0.1760536473480722
3344,Cc1ccc(C(=O)CSc2nc3cc(C(=O)NC4CCCCC4)ccc3c(=O)n2Cc2ccccc2)cc1,0,0.178897737016267,0.173050869536611,7.4042563,0.0204178960739568,0.1619061594601486
3345,COc1ccc(C(=O)CSc2nc3cc(C(=O)NC4CCCCC4)ccc3c(=O)n2Cc2ccccc2)cc1,0,0.17120884311807,0.254522553311733,9.661382,0.015862854416528,0.15555819161603116
3346,Cc1ccc(C(=O)CSc2nc3cc(C(=O)NC4CCCCC4)ccc3c(=O)n2Cc2ccccc2)c(C)c1,0,0.166271666513233,0.300052490142662,6.725824,0.019487801119327,0.16450598524336998
3347,Cc1ccc(Cn2c(SCC(=O)c3ccc(C)cc3)nc3cc(C(=O)NCC(C)C)ccc3c2=O)cc1,0,0.183567806459329,0.171093031141738,3.3473253,0.0181603027485917,0.1437972605923997
3348,Cc1ccc(Cn2c(SCC(=O)c3ccc(C)cc3)nc3cc(C(=O)NCCC(C)C)ccc3c2=O)cc1,0,0.159857556852178,0.222108832876395,3.9795842,0.0164918703357606,0.12869303775536517
3349,Cc1ccc(Cn2c(SCC(=O)c3ccccc3)nc3cc(C(=O)NC4CCCCC4)ccc3c2=O)cc1,0,0.178897737016267,0.231666087863612,9.101462,0.0179504074174284,0.14759961828812443
3350,Cc1ccc(Cn2c(SCC(=O)c3ccc(C)cc3)nc3cc(C(=O)NC4CCCCC4)ccc3c2=O)cc1,0,0.166271666513233,0.268504401712304,8.538603,0.0214014509900087,0.1549412660428175
3351,Cc1ccc(C(=O)CSc2nc3cc(C(=O)NCC4CCCO4)ccc3c(=O)n2CCC(C)C)cc1,0,0.244384159853514,0.0909026265375964,2.2708836,0.0225397842881918,0.11104122254305744
3352,COc1ccc(C(=O)CSc2nc3cc(C(=O)NC4CCCCC4)ccc3c(=O)n2CCC(C)C)cc1,0,0.21559512794393,0.385555776896107,10.226239,0.0281682468447384,0.17656821032029954
3353,Cc1ccc(C)c(C(=O)CSc2nc3cc(C(=O)NC4CCCCC4)ccc3c(=O)n2CCC(C)C)c1,0,0.209962794040472,0.357615021135109,8.975773,0.0209832432764365,0.15420211660629385
3354,Cc1ccc(C(=O)CSc2nc3cc(C(=O)NC4CCCC4)ccc3c(=O)n2-c2ccc(F)cc2)c(C)c1,0,0.186244911866952,0.288355449852142,8.060325,0.061788907477945,0.11693790181022397
3355,Cc1onc(-c2cccnc2)c1C(=O)NC1CCCCCC1,0,0.880765307459916,0.0064827150233111,4.92182,0.0221740856767351,0.12957999365952014
3356,Cc1onc(-c2cccnc2)c1C(=O)NCCC(C)C,0,0.909162512150992,0.0031463287826818,-4.074555,0.0169427649108342,0.14411859090481635
3357,COc1ccccc1CNC(=O)c1c(-c2cccnc2)noc1C,0,0.780832562403796,0.0022245050621987,-0.07617509,0.0232364632072365,0.13506760630859824
3358,Cc1onc(-c2cccnc2)c1C(=O)NCC(C)c1ccccc1,0,0.779699860504968,0.00224397163348,2.1598096,0.0155088125442736,0.14772933396189955
3359,Cc1ccc(CNC(=O)c2c(-c3ccccn3)noc2C)cc1,0,0.80286214401522,0.0038907097866831,-1.0133564,0.0183263347389271,0.12325685527781657
3360,COc1cccc(CNC(=O)c2c(-c3ccccn3)noc2C)c1,0,0.780832562403796,0.0004565962652248,-2.3693838,0.0227056413054707,0.10449736342233966
3361,Cc1onc(-c2ccccn2)c1C(=O)NCCc1cccs1,0,0.785747627104182,0.0084331385073884,0.9566635,0.0123906535412077,0.07175341437881437
3362,COc1ccccc1CCNC(=O)c1c(-c2ccncc2)noc1C,0,0.747970184329817,0.003125967831263,2.3599958,0.02338848131736,0.11145631020477695
3363,Cc1onc(-c2ccc(Br)s2)c1C(=O)Nc1cccc(Cl)c1,0,0.6453008570335,0.557911676450315,0.7204355,0.0227104707127201,0.08065448232911203
3364,Cc1ccc(NC(=O)c2c(-c3ccc(Br)s3)noc2C)cc1Cl,0,0.602255828247601,0.0413750863028527,0.85165083,0.0216676899608791,0.08000973163635841
3365,CCCNC(=O)c1c(-c2ccc(Br)s2)noc1C,0,0.932118419547046,0.0062188191313309,4.2823925,0.0120042698669183,0.08957752319754995
3366,Cc1onc(-c2ccc(Br)s2)c1C(=O)NCCC(C)C,0,0.870415277117881,0.0047026228475598,1.2319587,0.0126803805159518,0.07763442274748852
3367,Cc1cc(NC(=O)c2c(-c3ccc(Br)s3)noc2C)ccc1Br,0,0.542615103028055,0.127837973447822,2.8651342,0.0230366371856337,0.07963451861909501
3368,Cc1ccc(NC(=O)c2c(-c3ccc(Br)s3)noc2C)cc1F,0,0.665530194276204,0.055033643044174,-0.43779492,0.0177109326728769,0.10301595967246671
3369,CC(C)Cn1c(=O)c2sccc2n2c(CCC(=O)NC(C)CCc3ccccc3)nnc12,0,0.419319167861541,0.0313110714699069,5.044753,0.0198810895766714,0.10254754242265732
3370,CC(C)Cn1c(=O)c2sccc2n2c(CCC(=O)NC(C)C34CC5CC(CC(C5)C3)C4)nnc12,0,0.541800575328392,0.0242949948073325,10.093183,0.024469877772018,0.09851485320572992
3371,CCCn1c(=O)c2sccc2n2c(CCC(=O)NCCC34CC5CC(CC(C5)C3)C4)nnc12,0,0.539089027060397,0.0062853063343954,15.460753,0.0211949620724055,0.10312550963388285
3372,CCCCn1c(=O)c2sccc2n2c(CCC(=O)NC(C)C34CC5CC(CC(C5)C3)C4)nnc12,0,0.511409331177237,0.0116816962242633,13.40988,0.0261460730009493,0.09919475936832452
3373,Cc1ccc(-c2nc3cccnc3n2CCNS(=O)(=O)c2ccc(NC(=O)CC(C)C)cc2)cc1,0,0.361655464288299,0.0260540918350567,1.2048649,0.0256245239690837,0.12283492915232053
3374,Cc1nnc2ccc(-c3cccc(S(=O)(=O)Nc4ccc(Br)cc4)c3)nn12,0,0.519110145100679,0.0072770539221716,-3.8071713,0.0430027363118258,0.15917144870586325
3375,Cc1ccc(C)c(Cn2c(=O)n(-c3ccc(CC(=O)NCCC(C)C)cc3)c(=O)c3ccccc32)c1,0,0.400450684813985,0.0134797761643498,4.06652,0.0261402409995134,0.14863579955111678
3376,CCCNC(=O)Cc1ccc(-n2c(=O)c3ccccc3n(Cc3ccc(Cl)cc3)c2=O)cc1,0,0.453028248843777,0.0112175403960642,0.89696014,0.0906996774448578,0.20611426075323497
3377,CCCNC(=O)Cc1ccc(-n2c(=O)c3ccccc3n(Cc3cccc(C)c3)c2=O)cc1,0,0.476503017613609,0.0049807578894464,2.5532098,0.0473180426867482,0.21371159085794345
3378,CCCNC(=O)Cc1ccc(-n2c(=O)c3ccccc3n(Cc3ccc(F)cc3)c2=O)cc1,0,0.473908723616854,0.0590467914672775,3.8776846,0.1126812477620422,0.3291704725281327
3379,CCCNC(=O)Cc1ccc(-n2c(=O)c3ccccc3n(Cc3ccc(C)cc3)c2=O)cc1,0,0.476503017613609,0.013879237326621,3.208537,0.0461782966686072,0.17956042965267308
3380,CCCNC(=O)Cc1ccc(-n2c(=O)c3ccccc3n(Cc3cccc(C(F)(F)F)c3)c2=O)cc1,0,0.415917742820389,0.008182279218924,4.786754,0.1082936243426104,0.25646286704736965
3381,O=C(Cc1ccc(-n2c(=O)c3ccccc3n(Cc3ccc(Cl)cc3)c2=O)cc1)NCc1ccco1,0,0.361432908821984,0.0704325238826269,4.9222646,0.0703129630475102,0.1877252581937673
3382,O=C(Cc1ccc(-n2c(=O)c3ccccc3n(Cc3ccc(F)cc3)c2=O)cc1)NC1CCCCC1,0,0.441886692636506,0.0070378144005128,7.070493,0.0493473246200706,0.2574130264069642
3383,Cc1ccc(Cn2c(=O)n(-c3ccc(CC(=O)NC4CCCC4)cc3)c(=O)c3ccccc32)cc1,0,0.463866730236328,0.0047940245978844,4.7713337,0.0331844902246668,0.08744573417943467
3384,Cc1ccc(Cn2c(=O)n(-c3ccc(CC(=O)NCc4cccs4)cc3)c(=O)c3ccccc32)cc1,0,0.363115256260356,0.0289007794250904,5.8059545,0.0300755906210601,0.10205168985575078
3385,O=C(Cc1ccc(-n2c(=O)c3ccccc3n(Cc3ccc(Cl)cc3)c2=O)cc1)NC1CC1,0,0.477798001761,0.0036979285427087,1.0124692,0.0974282324931294,0.20734759559183366
3386,O=C(Cc1ccc(-n2c(=O)c3ccccc3n(Cc3cccc(C(F)(F)F)c3)c2=O)cc1)NC1CC1,0,0.440794003852153,0.0074274621163252,6.1132236,0.0963071107086546,0.23820681203850708
3387,CC(C)CNC(=O)Cc1ccc(-n2c(=O)c3ccccc3n(Cc3ccc(Cl)cc3)c2=O)cc1,0,0.435748346744924,0.0078617023527686,-0.90800714,0.0589449566624921,0.19722763058705137
3388,CC(NC(=O)CCc1nc2sc3c(c2c(=O)[nH]1)CCCCC3)C12CC3CC(CC(C3)C1)C2,0,0.631998668170058,0.252706607728216,9.01422,0.0210666855109626,0.16397623185987717
3389,CC(C)(C)C1CCc2c(sc3nc(CCC(=O)NC4CCCCC4)[nH]c(=O)c23)C1,0,0.770997199108203,0.0791733152820977,5.8152156,0.0223273066498412,0.23255177112497125
3390,CC(C)CCNC(=O)CCc1nc2sc3c(c2c(=O)[nH]1)CCC(C(C)(C)C)C3,0,0.757785216956583,0.0256099281348025,-1.1660106,0.0229617771865662,0.2050556302221383
3391,CC(C)(C)C1CCc2c(sc3nc(CCC(=O)NC4CCCCCC4)[nH]c(=O)c23)C1,0,0.678423214223236,0.261511814431302,5.977535,0.0260281379554622,0.2263386281386675
3392,CC(C)(C)C1CCc2c(sc3nc(CCC(=O)N4CCN(C5CCCCC5)CC4)[nH]c(=O)c23)C1,0,0.691506975546783,0.023007612548275,6.0118275,0.0392698170037748,0.2078492178296898
3393,CC(C)(C)C1CCc2c(sc3nc(CCC(=O)NCC4CCCO4)[nH]c(=O)c23)C1,0,0.781270677578713,0.0225153254123534,-0.48212528,0.0165751029240434,0.09697875674393926
3394,CC1CC(C)CN(C(=O)CCc2nc3sc4c(c3c(=O)[nH]2)CCC(C(C)(C)C)C4)C1,0,0.776976356649218,0.0157515502294831,3.9484138,0.0230087676320717,0.23676016867577157
3395,CCc1ccc(CNC(=O)c2c(-c3ccc(C)cc3)nnc3ccccc23)cc1,0,0.52333214252981,0.0346914058934151,0.059957862,0.0208232433820638,0.12814429007575728
3396,CC(=O)Nc1ccc(C)cc1-c1nnc(SC(C)C(=O)Nc2ccccc2C(F)(F)F)[nH]c1=O,0,0.444405949912854,0.0071986195876893,-3.9977856,0.0774210292815996,0.29029760014607453
3397,CCOc1ccc(NC(=O)C(CC)Sc2nnc(-c3cc(C)ccc3NC(=O)CC)c(=O)[nH]2)cc1,0,0.35599428555602,0.0159390392224651,9.258534,0.076710635396824,0.19727139990440282
3398,CCC(=O)Nc1ccc(C)cc1-c1nnc(SC(CC)C(=O)Nc2ccc(Cl)cc2)[nH]c1=O,0,0.399611585411976,0.0196967194065399,5.041063,0.0450725464932928,0.3639572962681716
3399,CCC(=O)Nc1ccc(C)cc1-c1nnc(SC(C)C(=O)Nc2cccc(C)c2C)[nH]c1=O,0,0.44982136617508,0.0171827143819356,6.64298,0.0435323339859799,0.33931644226234814
3400,CCC(=O)Nc1ccc(C)cc1-c1nnc(SC(CC)C(=O)Nc2cccc(C)c2C)[nH]c1=O,0,0.406161615098457,0.0316249731624147,9.909695,0.0408926386315143,0.3024147636031397
3401,CC(=O)Nc1ccccc1-c1nnc(SC(C)C(=O)Nc2ccccc2C(F)(F)F)[nH]c1=O,0,0.463461677012578,0.018400467598838,-4.270868,0.0649976065072155,0.3818915808113427
3402,CCC(=O)Nc1ccccc1-c1nnc(SC(CC)C(=O)Nc2c(C)cc(C)cc2C)[nH]c1=O,0,0.406161615098457,0.0217419757974002,4.672704,0.0548163190553229,0.34563023703541185
3403,CCC(=O)Nc1ccccc1-c1nnc(SC(C)C(=O)Nc2ccccc2C(F)(F)F)[nH]c1=O,0,0.424083662018716,0.0166059198853704,4.030145,0.066916378392903,0.41543533777165365
3404,CCC(=O)Nc1ccccc1-c1nnc(SC(CC)C(=O)Nc2cccc(C(C)=O)c2)[nH]c1=O,0,0.313013017792089,0.0178357617036038,10.078099,0.0502624743087287,0.3646600016956456
3405,O=C(NCc1ccccc1)c1ccc(Cn2c(SCc3ccc(Cl)cc3)nc3ccncc32)cc1,0,0.25294369938755,0.0396543586646789,2.185501,0.0096830245536728,0.09954291100838333
3406,CCC(C)NC(=O)c1ccc(Cn2c(SCc3ccc(Cl)cc3)nc3ccncc32)cc1,0,0.326982070034668,0.0519594686355737,0.2717421,0.0550770456598511,0.11771772771447178
3407,CCC(C)NC(=O)c1ccc(Cn2c(SCc3ccccc3Cl)nc3ccncc32)cc1,0,0.326982070034668,0.0505086150321451,-1.103215,0.0369316710400357,0.12317719614397123
3408,CCC(C)NC(=O)c1ccc(Cn2c(SCc3cccc(Cl)c3)nc3ccncc32)cc1,0,0.326982070034668,0.0354621181029037,0.29701722,0.0565855018819518,0.12377223533801163
3409,CCC(C)NC(=O)c1ccc(Cn2c(SCc3ccc(F)cc3Cl)nc3ccncc32)cc1,0,0.308466590057979,0.110833945378516,-0.07127702,0.0496623432721138,0.12409862313903655
3410,CCC(C)NC(=O)c1ccc(Cn2c(SCc3cccc(C(F)(F)F)c3)nc3ccncc32)cc1,0,0.288983386844213,0.0316549767547238,-0.36583507,0.0551013082276855,0.19148786992546857
3411,COc1ccc(CSc2nc3ccncc3n2Cc2ccc(C(=O)NCc3ccccc3Cl)cc2)cc1,0,0.225253290762952,0.241905753140885,0.7146739,0.0114847142610198,0.09777006499910831
3412,O=C(NC1CCCCCC1)c1ccc(Cn2c(SCc3ccc(Cl)cc3)nc3ccncc32)cc1,0,0.219997876523641,0.328991217099948,2.3349996,0.0259005888100313,0.11298019607506926
3413,O=C(NC1CCCCCC1)c1ccc(Cn2c(SCc3ccccc3Cl)nc3ccncc32)cc1,0,0.219997876523641,0.479593280285045,0.9785541,0.0215113412342122,0.11411888814559483
3414,O=C(NC1CCCCCC1)c1ccc(Cn2c(SCc3cccc(Cl)c3)nc3ccncc32)cc1,0,0.219997876523641,0.317220397150459,2.3855085,0.0234342939126321,0.11710649509797177
3415,O=C(NC1CCCCCC1)c1ccc(Cn2c(SCc3cccc(C(F)(F)F)c3)nc3ccncc32)cc1,0,0.199012015032789,0.422267197671695,2.1124463,0.0732231578663002,0.20928297151986913
3416,O=C(NC1CCCCCCC1)c1ccc(Cn2c(SCc3ccc(Cl)cc3)nc3ccncc32)cc1,0,0.261263745057483,0.328991217099948,2.504829,0.0253857353798746,0.11249701786237509
3417,COc1ccc(CSc2nc3ccncc3n2Cc2ccc(C(=O)NC3CCCCCCC3)cc2)cc1,0,0.267572320476402,0.262665091372556,4.7035904,0.0213168382069871,0.10875000082479466
3418,O=C(NC1CCCCCCC1)c1ccc(Cn2c(SCc3ccc(F)cc3Cl)nc3ccncc32)cc1,0,0.249793489540515,0.459687935356964,1.8907272,0.027423189378901,0.11003852355183559
3419,O=C(NC1CCCC1)c1ccc(Cn2c(SCc3ccc(Cl)cc3)nc3ccncc32)cc1,0,0.327351648479401,0.0451393922223002,1.3913144,0.0168092781578205,0.07346422045606815
3420,O=C(NC1CCCC1)c1ccc(Cn2c(SCc3ccc(F)cc3Cl)nc3ccncc32)cc1,0,0.308962898347945,0.109346956752665,1.2456914,0.0365360370020964,0.07755397767199342
3421,O=C(NC1CCCC1)c1ccc(Cn2c(SCc3cccc(C(F)(F)F)c3)nc3ccncc32)cc1,0,0.2899044035908,0.300620282318182,1.6827337,0.0598939548953523,0.08640028469284047
3422,O=C(NCc1ccco1)c1ccc(Cn2c(SCc3ccc(F)cc3Cl)nc3ccncc32)cc1,0,0.257834412899464,0.430244777009018,2.8748603,0.0179094811239784,0.0948239228310696
3423,O=C(NCc1ccco1)c1ccc(Cn2c(SCc3cccc(C(F)(F)F)c3)nc3ccncc32)cc1,0,0.24178826128416,0.270500408383744,0.86158216,0.0291928936276721,0.1369577286071854
3424,COc1ccc(CSc2nc3ccncc3n2Cc2ccc(C(=O)NC(C)C)cc2)cc1,0,0.389245651559503,0.0291619282618229,0.92134607,0.0257441647891284,0.11210944556292532
3425,CCCNC(=O)c1ccc(Cn2c(SCc3ccc(Cl)cc3)nc3ccncc32)cc1,0,0.356583719666864,0.0512777334970718,0.04107666,0.0253042698961603,0.115159557001926
3426,CCCNC(=O)c1ccc(Cn2c(SCc3ccc(OC)cc3)nc3ccncc32)cc1,0,0.36968924167947,0.0176490770496361,0.7114991,0.0186588774570432,0.11647206623297993
3427,CCCNC(=O)c1ccc(Cn2c(SCc3cccc(C(F)(F)F)c3)nc3ccncc32)cc1,0,0.315047515984611,0.0288446640885058,-0.20837808,0.0515794353649268,0.20951274306297774
3428,CC(NC(=O)c1ccc(Cn2c(SCc3ccc(Cl)cc3)nc3ccncc32)cc1)c1ccccc1,0,0.229234203242432,0.310792943990274,2.6825123,0.0132148724252515,0.09899705068523283
3429,COc1ccc(CSc2nc3ccncc3n2Cc2ccc(C(=O)NC3CC3)cc2)cc1,0,0.4000241588171,0.0059937655741819,1.8369883,0.0137398294737359,0.06739289833090004
3430,O=C(NC1CC1)c1ccc(Cn2c(SCc3cccc(Cl)c3)nc3ccncc32)cc1,0,0.388668810147009,0.0343490316594768,-0.27748287,0.0108397133422156,0.07690725859746148
3431,O=C(NC1CC1)c1ccc(Cn2c(SCc3cccc(C(F)(F)F)c3)nc3ccncc32)cc1,0,0.344340916641283,0.0360769316093198,0.4265083,0.054003464404,0.11695826005125147
3432,O=C(NCCc1ccccc1)c1ccc(Cn2c(SCc3cccc(Cl)c3)nc3ccncc32)cc1,0,0.232133506433745,0.254816633560505,4.96189,0.0104695807510835,0.10110258107618753
3433,O=C(NCCc1ccccc1)c1ccc(Cn2c(SCc3ccc(F)cc3Cl)nc3ccncc32)cc1,0,0.219858832523515,0.190526761023131,4.4946136,0.0157141132175165,0.103676791400328
3434,COc1ccccc1CNC(=O)c1ccc(Cn2c(SCc3ccc(F)cc3Cl)nc3ccncc32)cc1,0,0.213605896274969,0.279289886439304,3.171258,0.0163031150943223,0.10007452254321755
3435,COc1cccc(CNC(=O)c2ccc(Cn3c(SCc4cccc(Cl)c4)nc4ccncc43)cc2)c1,0,0.225253290762952,0.273907109490841,3.0693784,0.0115391525196247,0.10167112446948064
3436,O=C(NCc1ccc(F)cc1)c1ccc(Cn2c(SCc3ccc(Cl)cc3)nc3ccncc32)cc1,0,0.239263874980111,0.310135238942187,2.403296,0.0129728830659839,0.09642143544787733
3437,O=C(NC1CCCc2ccccc21)c1ccc(Cn2c(SCc3ccc(Cl)cc3)nc3ccncc32)cc1,0,0.221941140646291,0.247590449331231,7.9956336,0.0105132489373321,0.09697560391938945
3438,CC(CNC(=O)c1ccc(Cn2c(SCc3ccc(Cl)cc3)nc3ccncc32)cc1)c1ccccc1,0,0.210854533183136,0.232247177084628,5.206404,0.0136627681268273,0.1004768695846345
3439,CC(CNC(=O)c1ccc(Cn2c(SCc3ccccc3Cl)nc3ccncc32)cc1)c1ccccc1,0,0.210854533183136,0.323357376817955,4.165892,0.0122447803769947,0.10341889332282408
3440,CC(CNC(=O)c1ccc(Cn2c(SCc3ccc(F)cc3Cl)nc3ccncc32)cc1)c1ccccc1,0,0.201057720146431,0.347529818165816,4.9406977,0.0224905927844258,0.10291592437820193
3441,O=C(Nc1ccc(F)c(F)c1)c1ccc(Cn2c(SCc3cccc(Cl)c3)nc3ccncc32)cc1,0,0.235700133647799,0.170412956482783,4.080935,0.0283313814028781,0.14040766330133525
3442,Cc1ccc(CNC(=O)c2ccc(Cn3c(SCc4cccc(C(F)(F)F)c4)nc4ccncc43)cc2)o1,0,0.225702910963131,0.199663706738482,1.4014167,0.0469301002987387,0.11769739252375314
3443,O=C(NC1CCCCC1)c1ccc(Cn2c(SCc3ccc(F)cc3Cl)nc3ccncc32)cc1,0,0.284631587600694,0.459687935356964,1.0716246,0.0319593522872044,0.1205588100448178
3444,O=C(NC1CCCCC1)c1ccc(Cn2c(SCc3cccc(C(F)(F)F)c3)nc3ccncc32)cc1,0,0.268646724636397,0.422267197671695,1.8384057,0.0486734409920677,0.20090792791323414
3445,Cc1noc(C)c1CCNC(=O)c1ccc(Cn2c(SCc3ccc(Cl)cc3)nc3ccncc32)cc1,0,0.234618855330651,0.400901002200902,0.6696991,0.0219266852540776,0.09531533821246486
3446,CC(Cc1ccco1)NC(=O)c1ccc(Cn2c(SCc3ccc(Cl)cc3)nc3ccncc32)cc1,0,0.230057278425492,0.215980766320293,4.6473126,0.0232874447844109,0.09557029344558801
3447,CC(Cc1ccco1)NC(=O)c1ccc(Cn2c(SCc3ccc(F)cc3Cl)nc3ccncc32)cc1,0,0.217935649443804,0.483306170988763,4.2760434,0.025297678864728,0.09657335084835914
3448,Cc1ccc(C)c(CNC(=O)c2ccc(Cn3c(SCc4ccc(F)cc4Cl)nc4ccncc43)cc2)c1,0,0.211404765613317,0.281972598209073,1.4088789,0.0187957049247499,0.104616285264392
3449,O=C(NCCN1CCCC1)c1ccc(Cn2c(SCc3ccc(Cl)cc3)nc3ccncc32)cc1,0,0.314640973666213,0.409722418402876,0.08614445,0.0375369847726308,0.07334925105653947
3450,O=C(NCc1ccccc1F)c1ccc(Cn2c(SCc3cccc(Cl)c3)nc3ccncc32)cc1,0,0.239263874980111,0.231609999015789,1.281134,0.0113496284223597,0.10161966222574012
3451,O=C(NCCc1cccs1)c1ccc(Cn2c(SCc3ccc(Cl)cc3)nc3ccncc32)cc1,0,0.227422133648479,0.300399667777192,4.9094896,0.0100442685180482,0.06945397854860202
3452,O=C(NCCc1cccs1)c1ccc(Cn2c(SCc3ccc(F)cc3Cl)nc3ccncc32)cc1,0,0.215608651707661,0.219520328775851,4.647711,0.0172849226586604,0.0709925495118647
3453,O=C(NCCc1ccco1)c1ccc(Cn2c(SCc3ccc(F)cc3Cl)nc3ccncc32)cc1,0,0.236624657444909,0.305507873577648,4.1626945,0.0194859577589269,0.094818742745609
3454,O=C(NCCc1ccco1)c1ccc(Cn2c(SCc3cccc(C(F)(F)F)c3)nc3ccncc32)cc1,0,0.222178352528993,0.594082986845265,2.4778152,0.0362035759736032,0.13783728601350984
3455,Cc1ccccc1CNC(=O)c1ccc(Cn2c(SCc3ccc(Cl)cc3)nc3ccncc32)cc1,0,0.235962066131429,0.311054173172126,3.6538768,0.0098293916868705,0.09720423138291481
3456,Cc1ccccc1CNC(=O)c1ccc(Cn2c(SCc3cccc(Cl)c3)nc3ccncc32)cc1,0,0.235962066131429,0.259390271553715,3.788684,0.0118994563959489,0.09624861839687315
3457,Cc1ccccc1CNC(=O)c1ccc(Cn2c(SCc3cccc(C(F)(F)F)c3)nc3ccncc32)cc1,0,0.212416512409371,0.317311812288088,1.5561506,0.0341824742698008,0.12968747248747553
3458,O=C(NCc1cccc(F)c1)c1ccc(Cn2c(SCc3ccc(Cl)cc3)nc3ccncc32)cc1,0,0.239263874980111,0.411903878407559,1.1091892,0.0141598917720863,0.09858980412736881
3459,Cc1oc2ncn(Cc3ccc(Cl)cc3)c(=O)c2c1C,0,0.726707484234097,0.059842269709717,3.3260112,0.0405798913039497,0.2639683205393243
3460,Cc1oc2ncn(Cc3ccc(F)cc3)c(=O)c2c1C,0,0.72038014114812,0.0095749941385524,3.1229458,0.0455973624355577,0.2665510892304801
3461,CCCC(=O)Nc1nc2ccc(CCC(=O)Nc3ccc(C)c(C)c3)cc2s1,0,0.575812993391225,0.065780399026202,-0.5585197,0.0190459097266991,0.12690578807000827
3462,CCCC(=O)Nc1nc2ccc(CCC(=O)Nc3ccc(C(C)C)cc3)cc2s1,0,0.49900065980841,0.0978031240842223,0.55370414,0.0219444235221056,0.10331345433501152
3463,CCc1ccc(NC(=O)CCc2ccc3nc(NC(=O)C(C)C)sc3c2)cc1,0,0.589661060083821,0.0625275738550928,0.17440724,0.0144774517161231,0.16976404393320352
3464,CCOC(=O)CSc1nnc(-c2ccc(Cl)cc2)n1-c1ccccc1,0,0.477413213509033,0.0116890749705244,-3.213559,0.0765582466481834,0.24685433591213446
3465,O=C(CCC(=O)N1CCCCCC1)Nc1ccc(CCc2nc3ccccc3[nH]2)cc1,0,0.594215504330512,0.0066529637043597,2.780747,0.0177647384840508,0.16159468249418002
3466,CN(CCc1noc(C2CCCCC2)n1)C(=O)NC12CC3CC(CC(C3)C1)C2,0,0.820208168810907,0.0079082885896747,14.8110075,0.018363219239653,0.17936506585897094
3467,Cc1ccccc1C(=O)N(C)CCc1noc(-c2ccccc2Cl)n1,0,0.693352346623889,0.0106588795095347,4.8196588,0.0195627775953704,0.2899752921351564
3468,Cc1ccc(C(=O)N(C)CCc2noc(-c3ccccc3Cl)n2)cc1,0,0.693352346623889,0.0052587071266167,3.3235335,0.0117805120205311,0.26689966749932414
3469,CCC(CC)C(=O)N(C)CCc1noc(-c2ccccc2Cl)n1,0,0.771226874487363,0.011433195517085,0.14784014,0.0167976754318004,0.22225989523268946
3470,COc1ccc(C(=O)N(C)CCc2noc(-c3ccccc3Cl)n2)cc1,0,0.660254319639354,0.0034199307943021,2.2038035,0.0204812164640336,0.21939331969619258
3471,Cc1ccc(C(=O)N(C)CCc2noc(-c3ccccc3F)n2)cc1,0,0.713748418132498,0.0054836155928616,3.641397,0.0201896196867961,0.19130078960921304
3472,COc1ccc(C(=O)N(C)CCc2noc(-c3ccccc3F)n2)cc1,0,0.679157786862068,0.0025139245521767,2.6570387,0.0220855705743926,0.17545312617439418
3473,CCCC(=O)N(C)CCc1noc(-c2ccccc2F)n1,0,0.820698766093483,0.0148065371443185,0.8067874,0.0283498942119519,0.18154741326309326
3474,CCC(=O)Nc1ccc(S(=O)(=O)N(C)CCc2noc(-c3ccccc3F)n2)cc1,0,0.586437820648005,0.0253506707480066,3.5091467,0.0302290354369742,0.240292381587436
3475,COc1cccc(C(=O)c2oc3ccc(NC(C)=O)cc3c2C)c1,0,0.738446773214682,0.0060070834644143,-2.0036159,0.0892392433839458,0.4733930987176125
3476,COc1ccc(OC)c(C(=O)c2oc3ccc(NC(C)=O)cc3c2C)c1,0,0.702903750504467,0.0026425868864754,-2.3820689,0.1300991009392824,0.5179363795569326
3477,CCC(C(=O)Nc1ccc(F)cc1)n1nc(-c2cccc(OC)c2)c2c(C)onc2c1=O,0,0.488636354471764,0.003527043351979,1.868343,0.2413038891271791,0.163515261616559
3478,COc1cccc(-c2nn(CC(=O)Nc3ccc(Br)cc3)c(=O)c3noc(C)c23)c1,0,0.477981244899461,0.0018348466349858,6.4917054,0.0490547224117832,0.1597613808653498
3479,COc1cccc(-c2nn(CC(=O)Nc3ccc(Cl)cc3)c(=O)c3noc(C)c23)c1,0,0.524515771398184,0.0022242371510864,2.6790853,0.0699990946910448,0.15914096649217707
3480,CCC(C(=O)Nc1ccc(F)cc1)n1nc(-c2ccc(OC)cc2)c2c(C)onc2c1=O,0,0.488636354471764,0.0030944779084109,3.0707083,0.3249100916096983,0.17324041260640183
3481,COc1ccc(-c2nn(CC(=O)Nc3ccc(Br)cc3)c(=O)c3noc(C)c23)cc1,0,0.477981244899461,0.0026329816758521,7.5284867,0.0641483892195583,0.16216818112441034
3482,COc1ccc(-c2nn(CC(=O)Nc3ccc(Cl)cc3)c(=O)c3noc(C)c23)cc1,0,0.524515771398184,0.0027188414263286,3.6580272,0.0852832496227299,0.16226160690505234
3483,COc1ccc(-c2nn(C(C)C(=O)Nc3ccc(F)cc3)c(=O)c3noc(C)c23)cc1,0,0.526447173879374,0.0021203268043018,5.5718746,0.3356913454603364,0.26450009480270065
3484,CCC(C)NC(=O)c1cc(C)nc2ccc(Br)cc12,0,0.933275941120337,0.0024244394977414,-2.4562287,0.0790022791289365,0.39766404602166133
3485,O=C(O)c1cc(NS(=O)(=O)c2ccc(C3CCCCC3)cc2)cnc1N1CCCCCCC1,0,0.58520800009887,0.47475230428075,0.7789844,0.2024672174535697,0.46540918409465004
3486,COc1cccc(NC(=O)C2CCCN(c3ccc(-c4cccc(C)c4)nn3)C2)c1,0,0.688572683898207,0.0030868924311924,0.95691717,0.0054246549551857,0.08944976171324945
3487,Cc1cccc(-c2ccc(N3CCCC(C(=O)Nc4ccc(C)c(C)c4)C3)nn2)c1,0,0.675007427071946,0.011817862910503,1.6541959,0.0129546837108178,0.10046693433186944
3488,Cc1cccc(-c2ccc(N3CCCC(C(=O)Nc4ccc(Br)c(C)c4)C3)nn2)c1,0,0.562455996841006,0.0082480937617862,6.091122,0.0121817676846831,0.10555104337546913
3489,Cc1cccc(-c2ccc(N3CCCC(C(=O)Nc4ccc(Cl)cc4)C3)nn2)c1,0,0.664775162832924,0.0060001682079561,2.9608998,0.0125178185960798,0.10143289742887399
3490,Cc1sc(-c2noc(C3CC3)n2)cc1S(=O)(=O)N(C)Cc1ccccc1,0,0.640749545044854,0.0015481339937891,-4.680275,0.010382011082854,0.1000564721522921
3491,Cc1cc(Cl)ccc1NS(=O)(=O)c1cc(-c2noc(C3CC3)n2)sc1C,0,0.656913480069427,0.00446101070731,-5.291229,0.0224862934433945,0.1015006738521552
3492,Cc1sc(-c2noc(C3CC3)n2)cc1S(=O)(=O)Nc1cccc(Cl)c1C,0,0.656913480069427,0.0047501199976752,-4.2922363,0.0197310538753031,0.1055434488186269
3493,Cc1nc(-c2ccc(C(=O)N(Cc3ccco3)C3CCCC3)cc2)no1,0,0.687900295159045,0.0034104161324077,-14.307285,0.0192149627662404,0.064566898519644
3494,CCN(C(=O)c1ccc(-c2noc(C3CC3)n2)cc1)c1ccccc1,0,0.699025570222877,0.0473016320932859,-18.179895,0.0185608373883031,0.09333931740095261
3495,CC1CCN(S(=O)(=O)c2ccc3c(c2)C(C)(C)C(=O)N3CC(=O)NC2CCCCCC2)CC1,0,0.659830954209843,0.0024930159624865,-11.743954,0.0261226315499761,0.3911147026068039
3496,CC1CCN(S(=O)(=O)c2ccc3c(c2)C(C)(C)C(=O)N3CC(=O)NC2CCCCCCC2)CC1,0,0.678272908711293,0.005656516329078,-11.089695,0.0292671954720974,0.3373374901717285
3497,CC1CCN(C(=O)CCC(=O)N2CCc3cc(S(=O)(=O)NC4CCCCCC4)ccc32)CC1,0,0.636942918781486,0.0011409969028766,1.3433763,0.0742459598567645,0.5375917606082117
3498,CC1CCC(NS(=O)(=O)c2ccc3c(c2)CCN3C(=O)CCC(=O)N2CCCCCC2)CC1,0,0.680887128723253,0.0011359272204664,-7.6314893,0.0894569965031295,0.6226758417570221
3499,CCc1ccc(CNC(=O)CCc2cn(-c3ccccc3)nc2-c2ccc(C)cc2)cc1,0,0.397494509139927,0.0737318734171803,3.6053424,0.0143340437819521,0.17229764535218922
3500,Cc1ccc(-c2nn(C)cc2CCC(=O)NCc2ccc(C(F)(F)F)cc2)cc1,0,0.652909092924278,0.0057443814789716,0.39834285,0.0398337097693083,0.18380802488848097
3501,Cn1cc(CCC(=O)NCc2ccc(C(F)(F)F)cc2)c(-c2ccc(F)cc2)n1,0,0.614402975153278,0.0258575968320502,-0.55543435,0.0518891124233925,0.21196141154761966
3502,Cc1[nH]c(C(=O)NC2CCCCCC2)c(C)c1S(=O)(=O)N1CCC(C)CC1,0,0.76557958722423,0.11368077114501,1.1801337,0.0210989520611376,0.25610629242417454
3503,Cc1[nH]c(C(=O)NC2CCC(C)CC2)c(C)c1S(=O)(=O)N1CCCCCC1,0,0.818398747491328,0.058351184476512,5.3720946,0.0154487092741252,0.22350473732345918
3504,Cc1ccc(NC(=O)CN(C)C(=O)c2ccc3c(c2)nnn3C2CCCC2)c(Cl)c1,0,0.663241373505075,0.0047479532590823,4.976806,0.0266123975792614,0.0903170303811597
3505,COc1ccc(C(=O)N2CCc3nc(-c4cccc(OC)c4)sc3C2)cc1,0,0.685833169009277,0.0027152694372265,-0.5940753,0.0079001156282248,0.29367720767828176
3506,Cc1ccc(-c2nc3c(s2)CN(C(=O)c2cccc(Cl)c2)CC3)cc1,0,0.639369024700434,0.0290822447579831,1.5776392,0.0076411815678362,0.196024934370627
3507,Cc1ccc(-c2nc3c(s2)CN(C(=O)c2ccccc2F)CC3)cc1,0,0.682317578417922,0.0076231234889563,4.158685,0.0149704446560436,0.2265935973240416
3508,Cc1ccc(C(=O)N2CCc3nc(-c4ccc(C)cc4)sc3C2)cc1,0,0.676605932164922,0.0258838038637376,1.4993218,0.013649541061667,0.18737146059172413
3509,Cc1ccc(C(=O)N2CCc3nc(-c4ccccc4)sc3C2)cc1,0,0.699230416350281,0.0039956334362212,1.2762684,0.0071132364529229,0.17620535734059403
3510,O=C1CCCN1c1ccc(CSc2nc3c(sc4ncccc43)c(=O)n2Cc2ccc(Cl)cc2)cc1,0,0.194342957882053,0.286867818781291,2.8151693,0.0109914884636669,0.08382442550517633
3511,CC1(C)CC(=O)c2cc(C#N)c(=O)n(-c3ccc(OC(F)(F)F)cc3)c2C1,0,0.800049287292763,0.0017246637961193,-12.674938,0.0262527207303792,0.21872509480550537
3512,CCCn1c(=O)c2cc(F)ccc2n2c(SCC#N)nnc12,0,0.689593984623692,0.0014857147387687,-3.474339,0.0130323203154047,0.09856051589572884
3513,CC(C)NC(=O)CSc1ncc(-c2cccc(Br)c2)o1,0,0.83091520916056,0.0011887700990358,0.4230367,0.0247200374059205,0.3405033036594989
3514,CCC(C)NC(=O)CSc1ncc(-c2cccc(Br)c2)o1,0,0.778946675905751,0.0017216752309825,1.3324634,0.0124729195710655,0.2545562019638014
3515,CCOc1ccccc1NC(=O)CSc1ncc(-c2cccc(Br)c2)o1,0,0.517033768933841,0.0314730992893553,5.47358,0.0160669893081039,0.25556411052373307
3516,CC(C)(C)NC(=O)CSc1ncc(-c2cccc(Br)c2)o1,0,0.824459905096018,0.0021581662032871,0.93417394,0.0167501191260668,0.35057880954659737
3517,CC(Sc1ncc(-c2cccc(Br)c2)o1)C(=O)Nc1ccc(F)cc1,0,0.563728857886268,0.0126370167875806,0.7410444,0.0211789839965213,0.24001798736175933
3518,Cc1ccccc1NC(=O)C(C)Sc1ncc(-c2cccc(Br)c2)o1,0,0.554800026923838,0.0690606636061027,0.5348445,0.0107770745513547,0.21475959315299903
3519,CC(Sc1ncc(-c2cccc(Br)c2)o1)C(=O)NCc1ccccc1,0,0.57996464116373,0.0128236828105649,-5.529375,0.0048925579072742,0.19081104254786604
3520,COc1ccc(C(=O)Cn2nc3n(C)c(=O)c4ccc(C(=O)NC5CCCCC5)cc4n3c2=O)cc1,0,0.415617023843229,0.0126429491672939,13.143729,0.1895085455121816,0.320082816194986
3521,Cc1ccc(C(=O)C(C)n2nc3n(C)c(=O)c4ccc(C(=O)NC5CCCCC5)cc4n3c2=O)cc1C,0,0.42154498465413,0.0106508486357129,14.511651,0.3241825956038341,0.3743564466391166
3522,CCc1ccc(CNC(=O)CSCc2nnc(C(=O)Nc3cccc(Cl)c3)s2)cc1,0,0.488803878357361,0.004805142194543,0.48784482,0.0086151836212484,0.10907207811559819
3523,O=C(CCn1nnc2cc(S(=O)(=O)N3CCCC3)ccc21)NCCN1CCCCCC1,0,0.658384345672755,0.0018080486475275,-4.879229,0.1230367901050173,0.14001429569734872
3524,O=C(Cn1c(=O)n(Cc2ccc(Cl)cc2)c(=O)c2ncccc21)c1ccccc1,0,0.477969688492367,0.0025794376016006,-6.8824186,0.0377625985198373,0.40039177979707397
3525,COc1ccc(C(=O)Cn2c(=O)n(Cc3ccc(Cl)cc3)c(=O)c3ncccc32)cc1,0,0.434334215755828,0.0015090667938265,-7.178298,0.0395766908080318,0.3158215211439974
3526,O=c1c2ncccc2n(Cc2ccc(Cl)c(Cl)c2)c(=O)n1Cc1ccc(Cl)cc1,0,0.459691363299376,0.0280337916768754,-1.4658128,0.0548842295604845,0.45226604595357844
3527,Cc1cc2c(cc1S(=O)(=O)N1CCN(C(=O)Cc3ccc(F)cc3)CC1)OC(C)C(=O)N2,0,0.7507852108716,0.0034743810148669,4.873119,0.0493853742158706,0.5095102606705707
3528,Cc1cc2c(cc1S(=O)(=O)N1CCN(C(=O)Cc3cccc(F)c3)CC1)OC(C)C(=O)N2,0,0.7507852108716,0.0044037666463097,4.9633136,0.0482751540519663,0.482177791705079
3529,CCCNS(=O)(=O)c1cc(C(=O)N2CCCC2)cs1,0,0.899513517264538,0.000680047608966,7.974628,0.0592558587326024,0.14782988381033274
3530,CCN(CC)C(=O)c1cc(-c2cccnc2)n(-c2ccc(F)cc2)n1,0,0.714683139279933,0.0327627434984089,-0.5924994,0.0393411039691078,0.2579372267649802
3531,CC1CCC(NC(=O)C2CCN(C(=O)c3ccc4c(c3)nnn4C3CCCC3)CC2)CC1,0,0.781129059328672,0.0148220029709835,-5.6601496,0.0385997524618956,0.08935373864449733
3532,Cc1c(S(=O)(=O)N2CCCCC2)cc(C(=O)NC2CCC(C)CC2)n1C,0,0.871666886472291,0.0007938971586535,12.745068,0.0130690878197365,0.1978103498944684
3533,Cc1c(S(=O)(=O)N2CCC(C)CC2)cc(C(=O)NC2CCCCCC2)n1C,0,0.795952626946062,0.0040285377998874,5.9330487,0.0205846187085522,0.21170393544366428
3534,Cc1c(S(=O)(=O)N2CCC(C)CC2)cc(C(=O)NC2CCCCC2)n1C,0,0.871666886472291,0.0016641003026481,6.2179027,0.0143949765005646,0.21016557558199306
3535,Cc1c(S(=O)(=O)N2CCC(C)CC2)cc(C(=O)NC2CCCCCCC2)n1C,0,0.82587399688521,0.0040285377998874,6.417394,0.0215417988405879,0.20775449619096645
3536,Cc1c(S(=O)(=O)N2CCC(C)CC2)cc(C(=O)NC2CCC(C)CC2)n1C,0,0.851605741415055,0.0085769563641456,5.3239717,0.0145403345274325,0.190351138309852
3537,CCC(C)NC(=O)C1CCN(c2ccc3nnc(-c4ccccc4)n3n2)CC1,0,0.738776891151645,0.0017319062822028,-11.966809,0.038272314631544,0.1073515278063969
3538,O=C(NC1CCCC1)C1CCN(c2ccc3nnc(-c4ccccc4)n3n2)CC1,0,0.740986304287409,0.0022153374825253,-11.73732,0.022989176335527,0.0683130232329053
3539,CC(=O)Nc1ccc(C)cc1S(=O)(=O)N1CCc2ccccc2C1CC(=O)NCc1ccc(C)cc1,0,0.501701930520622,0.412503068802826,-1.8036375,0.0308799118434363,0.1880506544312836
3540,CCN1C(=O)CCc2cc(NC(=O)CCC3CCCC3)ccc21,0,0.895954506992694,0.0010211710373746,-12.697613,0.3499742698029873,0.1729519596444815
3541,O=C(CC1CCCC1)Nc1ccc2[nH]c(CCc3ccccc3)nc2c1,0,0.668373467016997,0.0028537674416324,8.6528015,0.0125045272938978,0.06914948587263399
3542,O=C(Cn1c(=O)n(Cc2ccc(F)cc2)c(=O)c2sc3ncccc3c21)NCc1ccccc1,0,0.409356470425547,0.0234883046820524,7.7299094,0.0212491152194356,0.17218994052708333
3543,O=C(Cn1c(=O)n(Cc2ccc(F)cc2)c(=O)c2sc3ncccc3c21)NC1CCCCC1,0,0.488493537463428,0.0033645883704979,11.376731,0.0276504290589607,0.20419139320784613
3544,O=C(Cn1c(=O)n(Cc2ccc(F)cc2)c(=O)c2sc3ncccc3c21)NCc1ccco1,0,0.416694870132416,0.019473652652606,10.123399,0.0400684139479537,0.15182863755453685
3545,CCc1ccc(NC(=O)Cn2c(=O)n(Cc3ccc(F)cc3)c(=O)c3sc4ncccc4c32)cc1,0,0.388945567306365,0.0033926671506879,9.186163,0.0290689196160154,0.20121950311515874
3546,COc1ccccc1NC(=O)Cn1c(=O)n(Cc2ccc(F)cc2)c(=O)c2sc3ncccc3c21,0,0.392471719877675,0.0142299652532389,11.470995,0.0347488211049758,0.2263256210143195
3547,Cc1ccc(NC(=O)Cn2c(=O)n(Cc3ccc(F)cc3)c(=O)c3sc4ncccc4c32)cc1C,0,0.401533999730525,0.0102266399548866,9.3086605,0.0396437345271798,0.17241334982491865
3548,O=C(Cn1c(=O)n(Cc2ccc(F)cc2)c(=O)c2sc3ncccc3c21)NC1CCCC1,0,0.504447272057279,0.0033645883704979,11.422341,0.0231296681826475,0.11931792540452917
3549,CCc1ccccc1NC(=O)Cn1c(=O)n(Cc2ccc(F)cc2)c(=O)c2sc3ncccc3c21,0,0.388945567306365,0.0042007090246758,9.534074,0.0261261981606974,0.1623000715467611
3550,Cc1ccc(CNC(=O)Cn2c(=O)n(Cc3ccc(F)cc3)c(=O)c3sc4ncccc4c32)cc1,0,0.39592995965904,0.0254059250162957,8.636439,0.0294108076123904,0.14798540487432474
3551,NC(=O)Cn1c(=O)n(Cc2ccc(F)cc2)c(=O)c2sc3ncccc3c21,0,0.575445448749161,0.0025118245858972,5.35375,0.0736022054953067,0.67130783213797
3552,COc1ccc(NC(=O)Cn2c(=O)n(Cc3ccc(F)cc3)c(=O)c3sc4ncccc4c32)cc1,0,0.392471719877675,0.0053528119158308,9.868056,0.0376937851293721,0.24246900202730087
3553,O=C(Cn1c(=O)n(Cc2ccc(F)cc2)c(=O)c2sc3ncccc3c21)Nc1ccc(F)cc1,0,0.417129341138385,0.0028652680358879,7.4790387,0.0535086635878095,0.39140531536055323
3554,Cc1cccc(NC(=O)Cn2c(=O)n(Cc3ccc(F)cc3)c(=O)c3sc4ncccc4c32)c1,0,0.418607482178504,0.0023020266482528,9.053682,0.0251828518703958,0.15204218157255367
3555,O=C(Cn1c(=O)n(Cc2ccc(F)cc2)c(=O)c2sc3ncccc3c21)Nc1cccc(Cl)c1,0,0.395522284226107,0.0022731914099918,7.456536,0.0338847456227511,0.1762636502741091
3556,Cc1ccc(NC(=O)Cn2c(=O)n(Cc3ccc(F)cc3)c(=O)c3sc4ncccc4c32)cc1F,0,0.40125884170346,0.0094998956842921,10.965425,0.0484264257266769,0.22592385485568894
3557,CCc1cccc(NC(=O)Cn2c(=O)n(Cc3ccc(F)cc3)c(=O)c3sc4ncccc4c32)c1,0,0.388945567306365,0.0043703988033537,11.080019,0.0283189428873574,0.19137516612607974
3558,O=C(Cn1c(=O)n(Cc2ccc(F)cc2)c(=O)c2sc3ncccc3c21)Nc1ccccc1,0,0.434332536962526,0.0010745868401995,10.393071,0.0286798513885571,0.22517835868403258
3559,CC(C)NC(=O)Cn1c(=O)n(Cc2ccc(F)cc2)c(=O)c2sc3ncccc3c21,0,0.531324828397126,0.003172347771251,10.504483,0.0522785259423533,0.3201496766471253
3560,O=C(Cn1c(=O)n(Cc2ccc(F)cc2)c(=O)c2sc3ncccc3c21)Nc1ccc(F)c(F)c1,0,0.400337011734416,0.0053507241721088,9.606822,0.0510289579793099,0.3025707008790496
3561,Cc1cccc(C)c1NC(=O)Cn1c(=O)n(Cc2ccc(F)cc2)c(=O)c2sc3ncccc3c21,0,0.401533999730525,0.0105132254861282,13.096295,0.0330202338285144,0.15086410768763803
3562,O=C(Cn1c(=O)n(Cc2ccc(F)cc2)c(=O)c2sc3ncccc3c21)Nc1cccc(F)c1,0,0.417129341138385,0.0032594801847323,6.5164237,0.047526405283004,0.26727584815858846
3563,O=C(Cn1c(=O)n(Cc2ccc(F)cc2)c(=O)c2sc3ncccc3c21)Nc1ccc(Cl)cc1,0,0.395522284226107,0.0045861309840869,4.978107,0.037091994620672,0.23957573331576879
3564,O=C(Cn1c(=O)n(Cc2ccc(F)cc2)c(=O)c2sc3ncccc3c21)NCc1ccc(F)cc1,0,0.393728217890914,0.172138080209259,9.30656,0.05212436719928,0.2451915876372243
3565,Cc1cccc(NC(=O)Cn2c(=O)n(Cc3ccc(F)cc3)c(=O)c3sc4ncccc4c32)c1C,0,0.401533999730525,0.0059765088456802,13.241951,0.0345669745616683,0.16102166546502872
3566,O=S(=O)(c1ccccc1)c1ccc(NCc2ccc(F)cc2)nn1,0,0.770756928009086,0.0096387786041331,0.6227201,0.0337105264426176,0.20091838362277264
3567,CC(C)(C)S(=O)(=O)c1ccc(NCc2ccccc2)nn1,0,0.939908475862125,0.0055634541807193,-2.899847,0.0587707823229267,0.2087286566486685
3568,O=C(CSc1ccc(NCc2ccccc2)nn1)Nc1cccc(Cl)c1,0,0.587977382794994,0.0019311739178489,2.592517,0.0132230067645477,0.14589477370787335
3569,Cc1ccc(-c2noc(CSc3ccc(-c4ccccc4F)nn3)n2)cc1,0,0.458732129090293,0.0161781917081816,3.691512,0.012291029515401,0.1474061173753676
3570,Fc1ccccc1-c1ccc(SCc2nc(-c3ccccc3Br)no2)nn1,0,0.385780364760504,0.169387573594732,8.4610405,0.0171577615598883,0.21398234034126742
3571,c1ccc(-c2noc(CSc3ccc(-c4ccc(C5CCCCC5)cc4)nn3)n2)cc1,0,0.325179088145635,0.294764689018921,3.8949065,0.0141725253863977,0.20738369927901212
3572,FC(F)(F)c1cccc(-c2noc(CSc3ccc(-c4ccc(C5CCCCC5)cc4)nn3)n2)c1,0,0.256829848195296,0.137343581180638,5.5084195,0.0567496066410445,0.3273308416892225
3573,FC(F)(F)c1ccc(-c2noc(CSc3ccc(-c4ccc(C5CCCCC5)cc4)nn3)n2)cc1,0,0.256829848195296,0.204092580211437,6.1231837,0.0402951111985736,0.2401604365473023
3574,Clc1ccc(-c2noc(CSc3ccc(-c4ccc(C5CCCCC5)cc4)nn3)n2)cc1,0,0.282399401106578,0.230360639430255,4.47308,0.0340708263427415,0.3196018616243714
3575,CCOc1ccccc1-c1noc(CSc2ccc(-c3ccc(C4CCCCC4)cc3)nn2)n1,0,0.257324127176957,0.171431032115199,8.728761,0.014891786837908,0.12724936542165802
3576,Cc1cccc(N(C)S(=O)(=O)c2ccsc2-c2nc(C)no2)c1,0,0.72255268522932,0.0008057587297864,-11.013789,0.0288200284407077,0.1655894434466361
3577,O=C(CCCn1nnc2cc(S(=O)(=O)N3CCCC3)ccc21)NC1CCCCCCC1,0,0.702802116290634,0.003906451357898,2.3872867,0.0358033853500717,0.09385545786454035
3578,CCCc1nnc(C(=O)Nc2cccc(C(=O)NC3CCCCCC3)c2)s1,0,0.729051925977208,0.0057231861528747,-0.6537061,0.0111167199975805,0.1785366779277496
3579,Cc1sc(-c2noc(C3CCC3)n2)cc1S(=O)(=O)N1CCC(C(=O)N2CCOCC2)CC1,0,0.647588365421882,0.0038711902887427,-20.473476,0.0192671426122054,0.10884764347435705
3580,Cc1sc(-c2noc(C3CCC3)n2)cc1NC(=O)c1cccc(Cl)c1,0,0.675075350119525,0.012732035123917,-11.959674,0.0053963219532123,0.08193718408337905
3581,Cc1ccccc1CC(=O)Nc1cc(-c2noc(C3CCC3)n2)sc1C,0,0.698853267668139,0.0032392933970976,-4.694946,0.0065657112048796,0.07063920624908952
3582,Cc1sc(-c2noc(C3CCC3)n2)cc1NC(=O)c1cccc(F)c1,0,0.730477695535556,0.003728046784401,-16.11166,0.009356464881774,0.08354848852469508
3583,Cc1sc(-c2noc(C3CCC3)n2)cc1S(=O)(=O)N1CCCC(C(=O)N2CCOCC2)C1,0,0.647588365421882,0.0038701843880023,-3.1492267,0.0227541925603082,0.09035730860693889
3584,CN(CC(=O)NC1CCCCCCC1)S(=O)(=O)c1c[nH]c(C(=O)N2CCCCCC2)c1,0,0.692658249099696,0.0870028719500495,12.565832,0.0343436853432048,0.24189956899606962
3585,Cc1ccccc1OCc1nnc(C(=O)Nc2ccc(C(=O)NC3CCCCC3)cc2)s1,0,0.542294085794018,0.0085042551403247,-2.0050845,0.0085594082364662,0.11786000659615858
3586,O=C(NC1CCCCCC1)c1cccc(C2CCCN(C(=O)Nc3ccc(Cl)cc3)C2)c1,0,0.54077779405594,0.0665592701603921,-0.87277514,0.0431159217506695,0.15428798036139996
3587,CCNC(=O)N1CCCC(c2cccc(C(=O)NC3CCCCCC3)c2)C1,0,0.78458489482568,0.0187703346761613,-3.5857978,0.0478514392625497,0.22670025330942498
3588,CNC(=O)N1CCCC(c2cccc(C(=O)NC3CCCCCC3)c2)C1,0,0.811181624178592,0.006038474271661,-0.12621391,0.0458664268193656,0.24345418869141025
3589,CCCNC(=O)c1cc(C)nc2c(-c3ccccc3)cccc12,0,0.778305794409124,0.0224388199702768,-4.6145263,0.0271772650605416,0.25597198168510654
3590,Cc1ccc(-c2cccc3c(C(=O)NCCC(C)C)cc(C)nc23)cc1,0,0.681423465351657,0.170671056138732,-4.530473,0.0256782799984612,0.25991335272390353
3591,Nc1c(-c2nc(-c3ccccc3)cs2)nnn1-c1cccc(C(F)(F)F)c1,0,0.555143411178861,0.0053440760965165,-2.771267,0.0219399706102158,0.09834258728281584
3592,Cc1c(Cl)cccc1-n1nnc(-c2nc(-c3ccccc3)cs2)c1N,0,0.574029409319236,0.0039675084039636,-5.8246503,0.0093151586060956,0.0896685141491946
3593,Nc1c(-c2nc(-c3cccc(Cl)c3)cs2)nnn1-c1cccc(C(F)(F)F)c1,0,0.486226814306208,0.0151084832084423,-3.626659,0.0260359164263073,0.09916905041944406
3594,CCc1ccccc1N(C)C(=O)c1cc2c(=O)n(C)c(=O)n(C)c2s1,0,0.721342661076021,0.0011362806450562,0.47587454,0.0292012727497585,0.2926456587731593
3595,Cc1ccccc1N(C)C(=O)c1cc2c(=O)n(C)c(=O)n(C)c2s1,0,0.713624359691271,0.003895030325714,-5.044307,0.0352237721977744,0.32005282373795607
3596,CN(C(=O)c1cc2c(=O)n(C)c(=O)n(C)c2s1)c1ccccc1F,0,0.708941500852488,0.0044967914954763,-5.5037246,0.0794031969297063,0.3264036632496891
3597,CCN(C(=O)c1cc2c(=O)n(C)c(=O)n(C)c2s1)c1ccccc1C,0,0.722291670711162,0.0058264502114274,3.1441083,0.0391016076326843,0.384909803228991
3598,CCN(C(=O)c1cc2c(=O)n(C)c(=O)n(C)c2s1)c1ccccc1,0,0.73022871426423,0.0059670064748721,-6.540383,0.0505702856004686,0.43288385496541615
3599,Cn1c(=O)c2cc(C(=O)N3CCc4ccccc4C3)sc2n(C)c1=O,0,0.664442754802209,0.0101665336499124,-9.606146,0.0297951001320754,0.23958660699167175
3600,CNCCc1cn[nH]c1,0,0.604323166372433,0.966131242016732,10.98188,0.0657147798757657,0.19373311143574806
3601,OC1(c2ccc(Cl)cc2)CCNCC1,0,0.744069453361208,0.997681733550165,14.661628,0.799523146912874,0.28076980859792655
3602,CC(=O)N1CSCC1C(=O)O,0,0.608760781610677,0.999458132942493,15.977633,0.9168230530581224,0.3871550362963275
3603,O=C(O)C1CCCCC1,0,0.582626207726832,0.999800183381608,23.24194,0.2365214553248623,0.4289513255032823
3604,Cc1nc(N2CCNCC2)cc(C(F)(F)F)n1,0,0.80841451184139,0.522322185312817,-8.693881,0.1072855269831746,0.337858284919688
3605,CC1=C(C(=O)O)C2(CCNCC2)OC1=O,0,0.600008339526805,0.802941187538375,3.035213,0.1327564501544919,0.41778208809273254
3606,O=C(O)CCC1CCCNC1,0,0.638208268733741,0.950560805180897,14.307241,0.0600367627027053,0.2155309348341959
3607,O=C(O)CCC1CCNCC1,0,0.638208268733741,0.998717426210372,14.110529,0.0540260789383936,0.23922355171661183
3608,O=c1cc(CSc2nnc[nH]2)nc2sc(C3CC3)nn12,0,0.733688171533364,0.001872971096195,-14.059612,0.0713005578948521,0.1320416008519171
3609,CCCCc1nn2c(=O)cc(CSc3ccccc3NC(=O)C3CCCCC3)nc2s1,0,0.465271402251313,0.0412567282170766,2.4603639,0.0132896696602829,0.11873590608444369
3610,CCC(CC)c1nn2c(=O)cc(CSc3ccccc3NC(=O)c3ccc(C)cc3)nc2s1,0,0.318773281170286,0.0829515077825998,4.788427,0.01839306131421,0.11174193727847678
3611,Cc1ccc(C(=O)Nc2ccccc2SCc2cc(=O)n3nc(C4CCCCC4)sc3n2)cc1,0,0.332955421714428,0.226574570321023,-0.03124237,0.0156989208899979,0.11233652021389966
3612,O=C(Nc1ccccc1SCc1cc(=O)n2nc(C3CCCCC3)sc2n1)C1CCCCC1,0,0.435504334927224,0.128743385628318,4.8936496,0.0206938294400443,0.12664061937338597
3613,O=C(Nc1ccc2nc(SCc3cc(=O)n4nc(C5CC5)sc4n3)sc2c1)C1CCCCC1,0,0.35645088848089,0.0405511812612679,1.8469313,0.0145131415537999,0.09116358625165022
3614,COc1ccccc1-c1cc(C(=O)NCc2ccc(C)cc2)c2c(-c3ccccc3)[nH]nc2n1,0,0.357479158601438,0.0992542565398853,4.256393,0.0130525351397468,0.09219262243177616
3615,CCOc1ccccc1-c1cc(C(=O)NCc2ccc(C)cc2)c2c(-c3ccccc3)[nH]nc2n1,0,0.314197225795058,0.0517959351905484,4.895961,0.0174714180052186,0.09829805065864917
3616,CC(C)c1ccc(NC(=O)COc2ccccc2-c2nnc(-c3ccccc3)o2)cc1,0,0.430096428783676,0.0417435453863756,0.28569925,0.0091159241372521,0.10125908040312799
3617,COc1ccccc1-n1ccnc(SCc2ccc(C)cc2)c1=O,0,0.663093049510681,0.0080657750668538,-0.76771617,0.0157106534624659,0.20972039536859252
3618,COc1ccccc1-n1ccnc(SCc2ccccc2C)c1=O,0,0.663093049510681,0.01324731971223,-1.9933847,0.0156455769637711,0.21085772109665726
3619,COC(=O)c1c(SC)nc2ccccc2c1OCc1ccccc1F,0,0.498290264033204,0.0020535272594676,-4.064455,0.0477935908303941,0.28203856290805496
3620,CC1CCN(C(=O)c2c3c(nc4ccccc24)C(=O)N(C2CCCCC2)C3)CC1,0,0.762615754885689,0.0062873490025543,7.341559,0.027267937177574,0.2357212994386937
3621,O=C(c1c2c(nc3ccccc13)C(=O)N(C1CCCCC1)C2)N1CCC(Cc2ccccc2)CC1,0,0.50055025609669,0.174927357653958,3.314272,0.0239264841938543,0.19282337093196084
3622,CCc1ccccc1N(CC)C(=O)c1c2c(nc3ccccc13)C(=O)N(C1CCCCC1)C2,0,0.506348204661672,0.107291043680314,8.05159,0.0224384770434385,0.16336279466863404
3623,CCC(C)N(CCNC(=O)c1c2c(nc3ccccc13)C(=O)N(C1CCCCC1)C2)Cc1ccco1,0,0.450845911853268,0.0520220405205883,5.23939,0.0247303080998542,0.14045726260251523
3624,CCCCN(CCNC(=O)c1c2c(nc3ccccc13)C(=O)N(C1CCCCC1)C2)Cc1ccco1,0,0.42708481770359,0.112638714772363,4.2929173,0.0217469643061749,0.1255373083029623
3625,CCC(CN1CCOCC1)NC(=O)c1c2c(nc3ccccc13)C(=O)N(C1CCCCC1)C2,0,0.730515216185116,0.0031459963035735,1.1418079,0.0290187681389172,0.1577530827242724
3626,CC(=O)c1ccc(NC(=O)COc2ccccc2-c2nnc(-c3ccccc3)o2)cc1,0,0.444281526052735,0.0078293105432867,-2.0788286,0.0143375316441807,0.11267229810849196
3627,O=C(COc1ccccc1-c1nnc(-c2ccccc2)o1)Nc1cccc(C(F)(F)F)c1,0,0.432963688282461,0.0329308352887663,-1.7523317,0.0275749156017863,0.31947975697160874
3628,O=C(COc1ccccc1-c1nnc(-c2ccccc2)o1)Nc1ccc(CN2CCOCC2)cc1,0,0.411673444325372,0.0031872280340673,-0.22015989,0.0191527712420621,0.09298870276516755
3629,COc1ccc(-c2nc(COc3ccccc3-c3nnc(-c4ccccc4)o3)c(C)o2)cc1,0,0.30954409798022,0.0808772518803026,2.2855663,0.0144032298751257,0.10619511230490064
3630,Cc1oc(-c2ccccc2)nc1COc1ccccc1-c1nnc(-c2ccccc2)o1,0,0.345151091905714,0.162526556715576,2.4767885,0.0204146752499953,0.11328691455391075
3631,O=c1cc(COc2ccccc2-c2nnc(-c3ccccc3)o2)nc2ccccn12,0,0.446726287928671,0.0079622196153617,3.1828399,0.0183891970956996,0.13878478487748092
3632,Cc1oc(-c2ccccc2Cl)nc1COc1ccccc1-c1nnc(-c2ccccc2)o1,0,0.294088646139388,0.118087237353242,3.0288491,0.0372384576101545,0.15275184898103716
3633,Cc1oc(-c2cccc(Cl)c2)nc1COc1ccccc1-c1nnc(-c2ccccc2)o1,0,0.294088646139388,0.084188190473479,4.9504113,0.0200515362443417,0.1800804645149677
3634,CCC(Oc1ccccc1-c1nnc(-c2ccccc2)o1)C(=O)Nc1c(C)cc(C)cc1C,0,0.373514949727187,0.075555801259834,-4.021037,0.0194079411420824,0.09399600284993759
3635,CCC(Oc1ccccc1-c1nnc(-c2ccccc2)o1)C(=O)Nc1c(C)cccc1C,0,0.402274301540535,0.138925440253374,7.7850337,0.0190980795997465,0.09766178664961314
3636,CCOC(=O)c1scc(-c2ccc(C)cc2)c1S(=O)(=O)Nc1ccc(F)cc1F,0,0.552325363649415,0.0138851343748433,-5.9807367,0.1015990031589672,0.3191102694372566
3637,COc1cccc(C(=O)NCC(=O)OCc2cc(=O)n3nc(C4CCCCC4)sc3n2)c1,0,0.544116063520825,0.0050125279923142,-0.42360103,0.0449181572464878,0.3623207459035082
3638,CC(C)Cc1nn2c(=O)cc(COC(=O)C34C[C@H]5C[C@@H](C3)C[C@@H](C4)C5)nc2s1,0,0.715777142102535,0.0026617781249054,-0.13004327,0.041521529910061,0.24281162628488379
3639,CCCCc1nn2c(=O)cc(COC(=O)C34C[C@H]5C[C@@H](C3)C[C@@H](C4)C5)nc2s1,0,0.689351032878673,0.0028033840654832,1.0124687,0.0343925475667868,0.24717728718582746
3640,O=C(OCc1cc(=O)n2nc(C3CCCCC3)sc2n1)C1CCCCC1,0,0.759622263909778,0.0019853710104723,-1.0164459,0.031794714668541,0.24799853803525193
3641,O=C(OCc1cc(=O)n2nc(C3CCCCC3)sc2n1)C12C[C@H]3C[C@@H](C1)C[C@@H](C2)C3,0,0.673790429664301,0.0099379935536047,1.7838727,0.0476345907747571,0.24610404170969918
3642,O=C(OCc1cc(=O)n2nc(C3CCCCC3)sc2n1)C(c1ccccc1)c1ccccc1,0,0.376322997911763,0.0398213445831268,-3.456015,0.0540756537110204,0.2506271956192122
3643,CCc1ccc(NC(=O)CCc2c(C)nn(-c3ccc(N4CCOCC4)nn3)c2C)cc1,0,0.614478555707695,0.002537893948274,2.2629514,0.0348191892822316,0.1048371191276394
3644,O=C(CSc1nc2ncccc2o1)NC1CCCCC1,0,0.877255859408806,0.0007609973594882,5.8391147,0.015375680339995,0.14900328541543156
3645,CC(NC(=O)c1cc(CN2CCOCC2)on1)C12CC3CC(CC(C3)C1)C2,0,0.859581676634797,0.003261904073628,0.5922979,0.017380534363429,0.11317333200344923
3646,CNC(=O)c1ccc(Cn2c(=O)c3cc(OC)c(OC)cc3n(Cc3ccc(F)cc3)c2=O)cc1,0,0.442105705168004,0.003903217772091,-0.54662323,0.0664492557166755,0.257206544807356
3647,CCCNC(=O)c1ccc(Cn2c(=O)c3cc(OC)c(OC)cc3n(Cc3ccc(F)cc3)c2=O)cc1,0,0.375723521688109,0.0586152093455203,0.6842288,0.0572605702759128,0.18531863010389849
3648,CCC(C)NC(=O)c1ccc(Cn2c(=O)c3cc(OC)c(OC)cc3n(Cc3ccc(C)cc3)c2=O)cc1,0,0.362254066590605,0.0595581596570176,1.5479718,0.0303804231012542,0.1683022989308034
3649,CC(NC(=O)C1CCC(Cn2c(=O)[nH]c3ccsc3c2=O)CC1)C12CC3CC(CC(C3)C1)C2,0,0.685577757914876,0.0518280362987045,0.69327414,0.0234362080649237,0.12616592294959633
3650,O=C(NCCC12CC3CC(CC(C3)C1)C2)C1CCC(Cn2c(=O)[nH]c3ccsc3c2=O)CC1,0,0.662293979717394,0.0363202627159712,4.4947853,0.0159276378217696,0.14194240405382536
3651,CCC1CCCCN1C(=O)Cn1c(=O)n(CC2CCC(C(=O)NC)CC2)c(=O)c2sccc21,0,0.696391135269626,0.0058928806703282,-2.0044985,0.0206928245361187,0.11406051030167641
3652,CCCNC(=O)C1CCC(Cn2c(=O)c3sccc3n(CC(=O)NC3CCCCC3)c2=O)CC1,0,0.596279971558433,0.0250478998075059,-3.154338,0.0242187448606126,0.10629984389832917
3653,Cc1nn2c(=O)cc(COC(=O)c3ccc(NC(=O)C45C[C@H]6C[C@@H](C4)C[C@@H](C5)C6)cc3)nc2s1,0,0.556856036761845,0.0034871389744175,3.2754626,0.0727667224089323,0.19488396288263443
3654,Cc1nn2c(=O)cc(COC(=O)c3ccccc3NC(=O)C34C[C@H]5C[C@@H](C3)C[C@@H](C4)C5)nc2s1,0,0.556856036761845,0.0053454493419664,9.459809,0.0460959252964924,0.17676965692406005
3655,CC(C)c1nn2c(=O)cc(COC(=O)c3ccc(NC(=O)C4CCCCC4)cc3)nc2s1,0,0.561474393088407,0.0046892693956042,-2.2887387,0.0689171873241026,0.2159566710805501
3656,CC(C)c1nn2c(=O)cc(COC(=O)c3cccc(NC(=O)C4CCCCC4)c3)nc2s1,0,0.561474393088407,0.0030221399542005,1.445115,0.0326300122393008,0.2394681219626577
3657,CCc1nn2c(=O)cc(COC(=O)c3ccc(NC(=O)C45C[C@H]6C[C@@H](C4)C[C@@H](C5)C6)cc3)nc2s1,0,0.516935302826028,0.0075262073618184,5.1490855,0.0606342571586795,0.1602801035262467
3658,CCc1nn2c(=O)cc(COC(=O)c3ccccc3NC(=O)C3CCCCC3)nc2s1,0,0.58783110576398,0.0016932250528758,6.7922482,0.0297427697210944,0.19434198027847804
3659,CCCCc1nn2c(=O)cc(COC(=O)c3ccc(NC(=O)C4CCCCC4)cc3)nc2s1,0,0.492638693150107,0.0023534659607562,2.647654,0.0373526515910864,0.19830746513261963
3660,O=C(OCc1cc(=O)n2nc(C3CC3)sc2n1)c1ccc(NC(=O)C2CCCCC2)cc1,0,0.569155752664041,0.0016583917405731,1.502139,0.0482676828844888,0.10112479724799202
3661,O=C(OCc1cc(=O)n2nc(C3CC3)sc2n1)c1cccc(NC(=O)C2CCCCC2)c1,0,0.569155752664041,0.0024554698236692,5.2613053,0.0237175216200417,0.09552629129889476
3662,O=C(Nc1ccccc1C(=O)OCc1cc(=O)n2nc(C3CCCCC3)sc2n1)c1ccccc1,0,0.390952579340774,0.0254424188829685,5.4228745,0.0355367088181256,0.15654261315956158
3663,COc1ccc(C(=O)OCc2cc(=O)n3oc(C)cc3n2)cc1NC(=O)C1CCCCC1,0,0.585267825717822,0.0046167396334847,4.2072725,0.0422744782283083,0.2476320786416768
3664,CCCCC1CCC(C(=O)Nc2cc(C(=O)OCc3cc(=O)n4oc(C)cc4n3)ccc2Cl)CC1,0,0.40791561541798,0.147572131241149,-6.054292,0.0813182768783536,0.17702996905783286
3665,CCOC(=O)C1CCC(CNC(=O)NCCn2nnc3cc(C(=O)N4CCCCC4)ccc32)CC1,0,0.556409864743627,0.0352948301789105,-2.2188635,0.0354230320367603,0.14340908230020483
3666,Cc1ncc(-c2ccc(S(=O)(=O)NC(C)(C)C)cc2)o1,0,0.94439069048101,0.157141917441008,1.4263612,0.3573473031304892,0.3639894395037561
3667,Cc1onc(-c2ccccc2Cl)c1C(=O)NC(c1nnc(-c2ccccc2)o1)c1ccccc1F,0,0.31424496672508,0.156708202132192,-1.2786686,0.0498779444419377,0.12983760860586063
3668,CCCCc1nnc(NC(=O)CSCc2cc(=O)n3nc(C4CCCCC4)sc3n2)s1,0,0.489963474252487,0.0067607111403218,-0.7726372,0.019042024858756,0.08153376503784607
3669,CCc1nnc(NC(=O)CSCc2cc(=O)n3nc(C4CCCCC4)sc3n2)s1,0,0.587714031785846,0.0041077022471342,-4.303492,0.0224611056431141,0.08280661331237188
3670,CCCNC(=O)c1ncoc1-c1ccc(C)cc1,0,0.899297745706356,0.0031711071299104,-6.3276005,0.0595174536259017,0.20884453970349645
3671,CCOc1ccccc1CNC(=O)c1ncoc1-c1cccs1,0,0.748617016432313,0.0005331990723462,-9.388562,0.0103922066899372,0.08943750540340331
3672,COc1cccc(-c2ocnc2C(=O)NC2CCCC2)c1,0,0.937955968267144,0.0014024707386112,-10.419356,0.0170492724652632,0.08302062768270396
3673,Cc1cccc(-c2ocnc2C(=O)NC(C)C)c1,0,0.902798846816578,0.0011833983913557,-6.536388,0.088951497335795,0.22733453510055274
3674,CCCNC(=O)c1ncoc1-c1ccco1,0,0.855933601681419,0.0008756658659325,6.1424594,0.0226919436647707,0.12844698214104872
3675,CCC(=O)Nc1ccc(S(=O)(=O)NCc2cccn2Cc2ccc(C)cc2)cc1,0,0.593461536341332,0.0050080959489232,4.022494,0.0249733448763843,0.11527917826001269
3676,Cc1cccc(CNC(=O)c2ccc(N3CCC(C)CC3)c(S(=O)(=O)N3CCC(C)CC3)c2)c1,0,0.652894488790494,0.154189327045982,-8.556616,0.0264607829545681,0.29506328183701125
3677,CC1CCN(c2ccc(C(=O)NCCN3CCCCC3)cc2S(=O)(=O)N2CCC(C)CC2)CC1,0,0.632769683069016,0.142674252230982,-11.686875,0.1892040538749902,0.6356168717393716
3678,Cc1ccc(CNC(=O)c2ccc(N3CCC(C)CC3)c(S(=O)(=O)N3CCC(C)CC3)c2)o1,0,0.68072912860749,0.0489013953921129,-11.235515,0.0349453647496309,0.26727248005823273
3679,COc1ccc(CNC(=O)c2ccc(N3CCCCCC3)c(S(=O)(=O)N3CCCCCC3)c2)cc1,0,0.603781998237526,0.265800920711703,-5.241669,0.0274571903121879,0.33445196452884673
3680,O=C(CSC1=Nc2ccccc2C2=NC(c3ccccc3)C(=O)N12)Nc1ccc(F)cc1,0,0.642643152264235,0.0048794681173078,5.2168493,0.0496066003010531,0.16365918483482345
3681,O=C(CSC1=Nc2ccccc2C2=NC(c3ccccc3)C(=O)N12)Nc1ccc(Br)cc1,0,0.533101636467304,0.128531155184772,10.121298,0.0354067691403893,0.13587140939981127
3682,O=C(CSC1=Nc2ccccc2C2=NC(c3ccccc3)C(=O)N12)Nc1ccccc1,0,0.672421929694913,0.0069468058708997,7.4246764,0.0255509716742584,0.13124391209956177
3683,O=C(CSC1=Nc2ccccc2C2=NC(c3ccccc3)C(=O)N12)Nc1ccc(Cl)cc1,0,0.592095048629116,0.0221899803035072,7.342977,0.0294452866113351,0.1424565936887463
3684,O=C(CSC1=Nc2ccccc2C2=NC(c3ccccc3)C(=O)N12)NCc1ccc(F)cc1,0,0.622641144384112,0.111732110368004,4.274516,0.0268079572221016,0.13837257516468202
3685,O=C(CSC1=Nc2ccccc2C2=NC(c3ccccc3)C(=O)N12)NCc1ccc(Cl)cc1,0,0.581025537203235,0.0126551065400384,5.56839,0.0195925632319218,0.12579726254893706
3686,Cc1ccccc1NC(=O)C(C)SC1=Nc2ccccc2C2=NC(c3ccccc3)C(=O)N12,0,0.596966593878816,0.0358144820486246,5.3061776,0.0337174363927106,0.13274171431404122
3687,Cc1cccc(NC(=O)C(C)SC2=Nc3ccccc3C3=NC(c4ccccc4)C(=O)N23)c1,0,0.596966593878816,0.0088653378943639,5.318115,0.0283275880954969,0.131340476230973
3688,Cc1cccc(NC(=O)C(C)SC2=Nc3ccccc3C3=NC(c4ccccc4)C(=O)N23)c1C,0,0.557511472413324,0.041703414839075,6.776832,0.0438037440577416,0.13479164922419998
3689,CC(SC1=Nc2ccccc2C2=NC(c3ccccc3)C(=O)N12)C(=O)Nc1ccccc1Cl,0,0.547380807521551,0.0618398657242196,3.47401,0.0574227651719715,0.13370081452427157
3690,CC(SC1=Nc2ccccc2C2=NC(c3ccccc3)C(=O)N12)C(=O)Nc1ccc(F)cc1,0,0.603304810368824,0.0079421447597212,4.6145434,0.0601586861749009,0.19723729898145687
3691,CC(SC1=Nc2ccccc2C2=NC(c3ccccc3)C(=O)N12)C(=O)NCc1ccc(F)cc1,0,0.590108078793113,0.0112159659384439,0.67666686,0.0257382806541094,0.13835487682342326
3692,CCOc1ccc(CCNC(=O)c2nc(N3CCC(C)CC3)c3ccccc3n2)cc1OCC,0,0.499425610775494,0.184020356125949,2.4237404,0.0295163628864674,0.11770282267120584
3693,CC(NC(=O)c1cnc2sc3c(n2c1=O)CCCCC3)c1ccc2c(c1)OCCO2,0,0.651485394954196,0.0064419066371633,1.2610496,0.0488917439263842,0.10504025576397258
3694,CC(CCc1ccccc1)NC(=O)c1cnc2sc3c(n2c1=O)CCCCCC3,0,0.68798757722857,0.0078757888465021,-0.45525873,0.0143716119018633,0.13251950499489212
3695,O=S(=O)(c1ccccc1)N1CCC(c2nc(-c3ccccn3)no2)CC1,0,0.701420045875542,0.0335801660386648,-9.703866,0.0138402680856663,0.21682222301518905
3696,O=S(=O)(c1ccccc1)N1CCC(c2nc(-c3cccs3)no2)CC1,0,0.698728100835675,0.000876075299352,-13.965834,0.0116312631311102,0.08674775092644987
3697,Cc1ccc(NC(=O)c2cnn(-c3ccc(F)cc3)c2C2CCN(C(=O)OC(C)(C)C)CC2)cc1C,0,0.485012042505847,0.0286719772064309,0.14340723,0.0918193499889304,0.1802452019459115
3698,Cc1ccc(-n2ncc(C(=O)Nc3ccc(C)c(C)c3)c2C2CCN(C(=O)OC(C)(C)C)CC2)cc1,0,0.476830140432419,0.080081363104672,0.7866157,0.0323488863051411,0.15763974475874712
3699,CC(=O)c1cccc(NC(=O)c2cnn(-c3ccc(C)cc3)c2C2CCN(C(=O)OC(C)(C)C)CC2)c1,0,0.448521970207023,0.0465322806378418,2.2251706,0.0396612001138862,0.14616554460154632
3700,O=C(Cc1csc2nc(-c3ccc(Cl)cc3)cn12)N1CCN(Cc2ccccc2)CC1,0,0.44575941214957,0.0107985607949442,-2.668751,0.0225956313230752,0.08153695935831007
3701,COc1ccc(-c2cn3c(CC(=O)NCc4ccccc4)csc3n2)cc1,0,0.553878186809288,0.0442597063639581,0.7107016,0.0061900766768358,0.07575564882112462
3702,COc1ccc(NC(C)=O)cc1NC(=O)c1cc2cccnc2n(Cc2ccc(F)cc2)c1=O,0,0.455717785572795,0.0317316220068692,-1.7791727,0.1578967465409573,0.24935190550913672
3703,CCCNC(=O)c1ccc(Cn2c(SCc3ccc(C)cc3)nc3ccccc3c2=O)cc1,0,0.292301071230259,0.0245750466631724,1.8306686,0.0101552369206998,0.12139319315636277
3704,Cc1ccc(CSc2nc3ccccc3c(=O)n2Cc2ccc(C(=O)NC(C)C)cc2)cc1,0,0.306647631467098,0.0334988017100499,2.0323334,0.0171172402629993,0.12314541844173361
3705,O=C(NC1CC1)c1ccc(Cn2c(SCc3ccc(Cl)cc3)nc3ccccc3c2=O)cc1,0,0.291445452576647,0.0545458636550622,-1.1938429,0.0118579559235752,0.11328414569650873
3706,O=C(NC1CC1)c1ccc(Cn2c(SCc3ccc(F)cc3)nc3ccccc3c2=O)cc1,0,0.319496306096383,0.0071031100921509,1.8296386,0.0167478246582224,0.11668703185600922
3707,O=C(NC1CC1)c1ccc(Cn2c(SCc3ccc(F)cc3Cl)nc3ccccc3c2=O)cc1,0,0.275565962162202,0.0224764194730962,-1.00228,0.0218270540153119,0.13142376692107383
3708,Cc1ccc(CSc2nc3ccccc3c(=O)n2Cc2ccc(C(=O)NC3CCCC3)cc2)cc1,0,0.269811917393025,0.0300638351010836,4.051074,0.0114808532528005,0.07683835568511196
3709,CCc1ccc(NC(=O)CSc2nc3ccccc3c(=O)n2Cc2ccc(C(=O)NC3CCCC3)cc2)cc1,0,0.218758138057981,0.418200075083507,7.8781037,0.0180649277422844,0.08212092012340384
3710,Cc1ccc(NC(=O)CSc2nc3ccccc3c(=O)n2Cc2ccc(C(=O)NC3CCCC3)cc2)cc1,0,0.244511249622812,0.298440648895592,6.295262,0.0152287228896769,0.08496173209009746
3711,Cc1ccc(NC(=O)CSc2nc3ccccc3c(=O)n2Cc2ccc(C(=O)NC3CCCC3)cc2)c(C)c1,0,0.228560861789267,0.389019413727731,9.344349,0.0169768422581263,0.08647834725234206
3712,Cc1ccc(CSc2nc3ccccc3c(=O)n2Cc2ccc(C(=O)NCCC(C)C)cc2)cc1,0,0.239607169926109,0.0995390382900771,-0.010315776,0.010748860754592,0.10947329093641653
3713,Cc1ccc(CSc2nc3ccc(Cl)cc3c(=O)n2Cc2ccc(C(=O)NC(C)C)cc2)cc1,0,0.260471791545978,0.0242322925153288,-2.69764,0.021164291759993,0.14007317993438123
3714,CC(C)NC(=O)c1ccc(Cn2c(SCc3ccc(Cl)cc3)nc3cc4c(cc3c2=O)OCO4)cc1,0,0.263818569309312,0.548590007425633,0.14410079,0.0339546779261007,0.12124445708451251
3715,Cc1ccc(CSc2nc3cc4c(cc3c(=O)n2Cc2ccc(C(=O)NC(C)C)cc2)OCO4)cc1,0,0.286190332616445,0.0234046778030955,6.4060807,0.015445786920604,0.12443535400023335
3716,CC1CCN(S(=O)(=O)c2cc(C(=O)NC3CCCCCCC3)n(C)c2)CC1,0,0.850273306209864,0.0072149108932902,-2.490455,0.0200386703037974,0.19108017189158852
3717,Cc1noc(/C=C/c2ccc(F)cc2F)c1S(=O)(=O)N1CCC(C(=O)NC2CCCCCC2)CC1,0,0.573862953194249,0.109161831987089,-9.185851,0.0344395488587498,0.20899687911296
3718,Cc1noc(/C=C/c2ccc(F)cc2F)c1S(=O)(=O)N1CCC(C(=O)NC2CCCCC2)CC1,0,0.648513422878961,0.0100536547899835,-9.402797,0.0361355883387743,0.21628947369850354
3719,O=C(NC1CCCCCCC1)C1CCCN(C(=O)c2cc(-c3ccccn3)[nH]n2)C1,0,0.807832258768061,0.0107609910966192,4.863231,0.0139373366926317,0.11460887117632261
3720,CCc1c(C)nc2nc(Cc3cccc(F)c3)nn2c1N1CCN(c2ccccc2F)CC1,0,0.458298742232607,0.013681433651208,-0.5077493,0.0373505741419388,0.13257303528760495
3721,CCc1c(C)nc2nc(Cc3cccc(F)c3)nn2c1N1CCN(c2cccc(Cl)c2)CC1,0,0.428026386347529,0.0050229006378982,-1.2515764,0.0450079747088898,0.1546445380775247
3722,Cc1cc(N2CCN(c3cc(Cl)ccc3C)CC2)n2nc(Cc3cccc(F)c3)nc2n1,0,0.459431871576646,0.021644326344296,-5.772886,0.0353030500187531,0.15283306291195284
3723,Cc1cc(N2CCN(c3ccccc3)CC2)n2nc(Cc3cccc(F)c3)nc2n1,0,0.523064460126679,0.0090373514232863,-8.834037,0.0333285319817983,0.11784714605523224
3724,Cc1ccc(N2CCN(c3cc(C)nc4nc(Cc5cccc(F)c5)nn34)CC2)c(C)c1,0,0.487814079737724,0.0297571291199636,-6.795896,0.0326473110174962,0.12511856269119306
3725,Cc1cccc(N2CCN(c3c(C)c(C)nc4nc(Cc5cccc(F)c5)nn34)CC2)c1C,0,0.46658736376148,0.0483322359747233,0.39196193,0.0246262594255076,0.15854648278084602
3726,Cc1ccc(Cl)cc1N1CCN(c2c(C)c(C)nc3nc(Cc4cccc(F)c4)nn23)CC1,0,0.435568167067272,0.0129404254989897,-2.6611214,0.034490276580328,0.17363067682272854
3727,Cc1cccc(N2CCN(c3c(C)c(C)nc4nc(Cc5cccc(F)c5)nn34)CC2C)c1,0,0.46409396022966,0.0330546160130766,5.3664346,0.0267551064852166,0.13684984832332836
3728,Cc1nc2nc(Cc3cccc(F)c3)nn2c(N2CCN(c3ccccc3F)CC2)c1C,0,0.487111781120893,0.0470193903564218,-0.863106,0.0360564664735095,0.12438362540213062
3729,Cc1nc2nc(Cc3cccc(F)c3)nn2c(N2CCN(c3cccc(C(F)(F)F)c3)CC2)c1C,0,0.389140365888416,0.0345158201335797,-1.0307469,0.0476465199679913,0.22945215231637142
3730,CN(C)C(=O)c1ccc2c(c1)N(CC(=O)NC1CCCCCC1)C(=O)C1CCCCN21,0,0.751663700830714,0.0023346002095968,-8.312678,0.0534618038202134,0.605760303544644
3731,O=C(CN1C(=O)C2CCCCN2c2ccc(C(=O)N3CCCCC3)cc21)NC1CCCCCCC1,0,0.699426519062019,0.0090119773015366,-14.427991,0.0540082163179051,0.5695936650737435
3732,COc1ccc(-c2cn3c(C)c(C(=O)N4CCN(Cc5ccccc5)CC4)sc3n2)cc1,0,0.457715665897547,0.003932310197979,-5.633534,0.0238833789736393,0.09143473469862608
3733,Cc1cccc(N2CCN(c3c4c(nc5nc(Cc6ccc(Cl)cc6)nn35)CCC4)CC2)c1C,0,0.426692131310055,0.0132705771925076,2.450561,0.0293278465502673,0.08453735401938041
3734,Fc1ccccc1N1CCN(c2c3c(nc4nc(Cc5ccc(Cl)cc5)nn24)CCC3)CC1,0,0.451732091682487,0.0144989165087075,0.085537195,0.0482776795598529,0.09819083058924129
3735,Cc1ccc(N2CCN(c3c4c(nc5nc(Cc6ccc(Cl)cc6)nn35)CCC4)CC2)c(C)c1,0,0.426692131310055,0.0139873042253936,-2.5129132,0.0309908631846662,0.08190246257490652
3736,Cc1cccc(N2CCN(c3c4c(nc5nc(Cc6ccc(Cl)cc6)nn35)CCCC4)CC2)c1C,0,0.396997558581317,0.0691782503041415,4.33882,0.0346831240787724,0.1366940890171296
3737,Fc1ccc(N2CCN(c3c4c(nc5nc(Cc6ccc(Cl)cc6)nn35)CCCC4)CC2)cc1,0,0.426577856554988,0.0200754240568343,4.6676955,0.09893715516937,0.1524122271249151
3738,Cc1ccc(Cc2nc3nc4c(c(N5CCN(c6cc(C)ccc6C)CC5)n3n2)CCCC4)cc1,0,0.430528678231434,0.0154646604471364,7.1321025,0.0247313075450013,0.14064228916106253
3739,Cc1ccc(Cc2nc3nc4c(c(N5CCN(c6cc(Cl)ccc6C)CC5)n3n2)CCCC4)cc1,0,0.396997558581317,0.0474328000718247,5.291654,0.0278996821535369,0.1274390782229982
3740,Cc1ccc(Cc2nc3nc4c(c(N5CCN(c6ccccc6F)CC5)n3n2)CCCC4)cc1,0,0.456542190969107,0.0372006906092466,6.157828,0.0391870323482088,0.1526217875035596
3741,Cc1ccc(Cc2nc3nc4c(c(N5CCC(Cc6ccccc6)CC5)n3n2)CCCC4)cc1,0,0.409713581897395,0.179965719182696,5.044788,0.0218040051041092,0.17140466274035332
3742,Cc1ccc(Cc2nc3nc4c(c(N5CCN(c6cccc(Cl)c6)CC5)n3n2)CCCC4)cc1,0,0.42328762256431,0.0383998918353847,5.0023966,0.0388272171679267,0.15809109565971474
3743,Cc1ccc(Cc2nc3nc4c(c(N5CCN(c6ccccc6)CC5)n3n2)CCCC4)cc1,0,0.477301244183766,0.0636073363935564,3.0242705,0.021039966743494,0.1456383341881622
3744,COc1ccccc1N1CCN(c2c3c(nc4nc(Cc5ccc(C)cc5)nn24)CCCC3)CC1,0,0.436784148702498,0.0145567106584638,8.741367,0.0289432940098614,0.12300206674762067
3745,Cc1ccc(Cc2nc3nc4c(c(N5CCN(c6ccc(C)cc6C)CC5)n3n2)CCCC4)cc1,0,0.430528678231434,0.0142205239164946,3.3845143,0.0248746069492942,0.13479640004587856
3746,Cc1ccc(Cc2nc3nc4c(c(N5CCN(c6cccc(C)c6C)CC5)n3n2)CCC4)cc1,0,0.457727923121262,0.0138120312065636,5.389408,0.0207647242167824,0.08967838250883108
3747,Cc1ccc(Cc2nc3nc4c(c(N5CCN(c6cc(C)ccc6C)CC5)n3n2)CCC4)cc1,0,0.457727923121262,0.0259787925546914,5.6191983,0.0193996103465583,0.0851934054631446
3748,Cc1ccc(Cc2nc3nc4c(c(N5CCN(c6ccccc6F)CC5)n3n2)CCC4)cc1,0,0.478608611264855,0.0196099453014441,4.434676,0.0329917190895519,0.0895251791407294
3749,Cc1ccc(Cc2nc3nc4c(c(N5CCN(c6cccc(Cl)c6)CC5)n3n2)CCC4)cc1,0,0.450598393110286,0.0074496771096298,3.167231,0.0342393459800366,0.09370193851427183
3750,Cc1ccc(Cc2nc3nc4c(c(N5CCN(c6ccccc6)CC5)n3n2)CCC4)cc1,0,0.498248738408501,0.0494363055552143,1.4761719,0.0192731933547743,0.09319975378048931
3751,Cc1ccc(Cc2nc3nc4c(c(N5CCN(c6cccc(C(F)(F)F)c6)CC5)n3n2)CCC4)cc1,0,0.407460733534028,0.0181852750264115,4.394865,0.0394913588320933,0.11485753184589916
3752,COc1ccccc1N1CCN(c2c3c(nc4nc(Cc5ccc(C)cc5)nn24)CCC3)CC1,0,0.45664712622995,0.0074745013100411,7.190946,0.0199880285402637,0.08106675897864465
3753,Cc1ccc(Cc2nc3nc4c(c(N5CCN(c6ccc(F)cc6)CC5)n3n2)CCC4)cc1,0,0.478608611264855,0.0145477633039281,3.3318563,0.0394603161590923,0.0894111005851285
3754,Cc1ccc(Cc2nc3nc4c(c(N5CCN(c6ccc(C)cc6C)CC5)n3n2)CCC4)cc1,0,0.457727923121262,0.0152710997140224,1.5674409,0.0211826078235224,0.08563748818156816
3755,CC(=O)c1ccc(N2CCN(c3c4c(nc5nc(Cc6ccc(C)cc6)nn35)CCC4)CC2)cc1,0,0.413750570358117,0.0121268008249981,1.884601,0.0250405731008982,0.08827543540158339
3756,O=C(NCCC12CC3CC(CC(C3)C1)C2)c1ccc2nc(CCc3ccccc3)oc2c1,0,0.505884456569011,0.144678483473679,12.4124975,0.0111690793250526,0.16662289788004342
3757,CC(C)c1nc2ccc(C(=O)NC3CC3)cc2o1,0,0.902796750895199,0.0020762738388828,-1.2427628,0.0453826478862309,0.1780258401797843
3758,CNC(=O)c1ccc2nc(C(C)C)oc2c1,0,0.841070967854204,0.0319987084086598,0.9172791,0.0577744827763534,0.5672239222023647
3759,O=C(CCc1nnc(C(=O)Nc2ccc(F)cc2)s1)Nc1ccccc1F,0,0.675306718621741,0.0013870984191593,0.32662296,0.0296882048554805,0.28779498246828694
3760,CCOc1ccc(NC(=O)CCc2nnc(C(=O)Nc3cccc(Cl)c3)s2)cc1,0,0.551578133507956,0.0138197892241042,1.6144222,0.0187295779446043,0.12226614269855027
3761,Cc1cccc(NC(=O)c2nnc(CCC(=O)Nc3cc(F)ccc3Cl)s2)c1,0,0.618478118855593,0.0048131976736232,1.2962669,0.0190640640811716,0.15799392438306348
3762,CCc1ccccc1NC(=O)CCc1nnc(C(=O)Nc2cccc(C)c2)s1,0,0.627956052084478,0.006423492360339,0.9249257,0.0090055049916342,0.1495310496589093
3763,Cc1ccc(S(=O)(=O)Cc2noc(CCC(=O)NC3CCCCCC3)n2)cc1,0,0.710204741101879,0.0156080060059391,-9.029041,0.0412482256210244,0.19276144847129076
3764,Cc1ccc(S(=O)(=O)Cc2noc(CCC(=O)NC3CCCCCCC3)n2)cc1,0,0.736663603586934,0.0240037166860587,-8.619156,0.0385016811203261,0.17501572806633928
3765,O=C(Nc1ccc(OCc2cc(=O)n3ccccc3n2)cc1)C1CCCCC1,0,0.734154707709258,0.000668460751985,3.5167193,0.0697780438588028,0.19817092536782666
3766,Cc1cccn2c(=O)cc(COc3ccc(NC(=O)C4CCCCC4)cc3)nc12,0,0.710655777059292,0.0010996450126764,0.23290265,0.0353306440426002,0.18053947062350156
3767,Cc1cccn2c(=O)cc(COc3ccc(NC(=O)C45CC6CC(CC(C6)C4)C5)cc3)nc12,0,0.61840587272283,0.0038644268451992,2.9166021,0.0662868791907359,0.17160142392261407
3768,CCC(CC)C(=O)Nc1ccc(OCc2cc(=O)n3ccc(C)cc3n2)cc1,0,0.674430315690385,0.0011788473231012,7.6665874,0.057637680061056,0.18359744938312555
3769,Cc1ccc2nc(COc3ccc(NC(=O)C4CCCCC4)cc3)cc(=O)n2c1,0,0.710655777059292,0.0012256391064976,-0.24984491,0.0295922886696606,0.19901738093795754
3770,O=C(Nc1cccc(OCc2cc(=O)n3cc(Cl)ccc3n2)c1)C12CC3CC(CC(C3)C1)C2,0,0.572168124241006,0.0161618146101984,2.0888586,0.0234056415329334,0.1712984839997074
3771,O=C(Nc1ccc(OCc2cc(=O)n3cc(Cl)ccc3n2)cc1)C1CCCCC1,0,0.672931324991855,0.0029160667897249,-3.7015576,0.0550199948923781,0.22767612950079327
3772,O=C(Nc1ccc(OCc2cc(=O)n3cc(Cl)ccc3n2)cc1)C12CC3CC(CC(C3)C1)C2,0,0.572168124241006,0.0213975108117857,-1.1941185,0.054328836182877,0.18139099277489215
3773,CCCCC1CCC(C(=O)Nc2ccc(OCc3cc(=O)n4cccc(C)c4n3)cc2)CC1,0,0.493645608137345,0.0177944767437507,-6.4074764,0.0247807126484736,0.13739181650819401
3774,Cc1ccn2c(=O)cc(COc3ccc(NC(=O)CCC4CCCC4)cc3)nc2c1,0,0.628532539352575,0.0022313963231168,2.4235563,0.0181792721916794,0.09180855387750766
3775,CCN(Cc1ccccc1)Cc1cc(=O)n2c(-c3ccc(OC)cc3)csc2n1,0,0.455630594579406,0.0015091688858123,6.2714505,0.0196051005417828,0.1540942990560355
3776,COC(=O)c1c(-c2ccc(F)cc2)noc1NC(C)C,0,0.870554333375516,0.0018120684246589,-13.305417,0.0533156868864811,0.25849555396669077
3777,O=C(NCc1ccccc1)C1CCCN(C(=O)Cc2cccc3ccccc23)C1,0,0.72211730758987,0.0391049546160013,-5.099469,0.014561460298009,0.21449986302752774
3778,Cc1onc(-c2ccc(F)cc2)c1C(=O)N1CCC(C)CC1,0,0.85018685039329,0.0295056274867082,-7.1424766,0.0399415605648051,0.26337968638034887
3779,CCCNC(=O)c1c(-c2ccc(F)cc2F)noc1C,0,0.936013092523607,0.0101986445653349,-9.748232,0.0348878514351147,0.3419750145720436
3780,COC(=O)c1ccccc1NC(=O)c1c(-c2cccc(Br)c2)noc1C,0,0.63711627776884,0.0083861255024984,-1.7464535,0.040643791656711,0.21954325030560873
3781,Cc1ccc(CNC(=O)c2c(-c3cccc(Br)c3)noc2C)o1,0,0.74062132717794,0.0026342021630979,-1.9441711,0.0192139685405975,0.11199127740148758
3782,Cc1onc(-c2ccc(Br)cc2)c1C(=O)Nc1ccc(Cl)cc1,0,0.657313017034871,0.772288837668251,3.3444924,0.0477664582334032,0.14206308063723694
3783,Cc1ccc(Cl)cc1NC(=O)c1c(-c2ccc(Br)cc2)noc1C,0,0.614448405593068,0.0968742702566093,4.175888,0.0300356466962898,0.13995306087933798
3784,Cc1onc(-c2ccc(Br)cc2)c1C(=O)Nc1ccc(F)cc1,0,0.71535178024999,0.40202863144419,1.2453088,0.0378266350691941,0.20179869515303137
3785,CCNc1ncnc2onc(-c3cccc(Cl)c3)c12,0,0.793184776373555,0.0012351032745567,-8.348805,0.0418518216516688,0.1445363494172584
3786,COc1ccc(NC(C)=O)cc1NC(=O)c1cccn(Cc2c(F)cccc2Cl)c1=O,0,0.604150948067556,0.0111410111010224,-10.304517,0.1325787783914814,0.24698867008944925
3787,COc1ccc(NC(C)=O)cc1NC(=O)c1cccn(Cc2ccccc2Cl)c1=O,0,0.62871999577627,0.0126276265229235,-10.070009,0.0870077499477866,0.1848087761107831
3788,CC(=O)Nc1cccc(NC(=O)c2cccn(Cc3cccc(C(F)(F)F)c3)c2=O)c1,0,0.640256840788344,0.0069349561449822,-12.42434,0.0622139247191795,0.2303850656761591
3789,COc1ccccc1NC(=O)c1cccn(Cc2ccc(C(F)(F)F)cc2)c1=O,0,0.696745736756719,0.0085219527729035,-7.298099,0.0485477912256851,0.23648905506496581
3790,COc1cccc(NC(=O)c2cccn(Cc3ccc(C(F)(F)F)cc3)c2=O)c1,0,0.696745736756719,0.005291939984249,-9.022589,0.053895714538736,0.21152647631195945
3791,CCOc1ccccc1NC(=O)c1cccn(Cc2ccc(C(F)(F)F)cc2)c1=O,0,0.640659689113078,0.0070275155474602,-7.045237,0.0594346724543354,0.22999218000790317
3792,CC(=O)c1ccc(NC(=O)c2cccn(Cc3ccc(C(F)(F)F)cc3)c2=O)cc1,0,0.630708212610644,0.028507197688495,-9.953295,0.0615897687591645,0.21226008091142953
3793,COc1ccc(Cl)cc1NC(=O)c1cccn(Cc2ccc(C(F)(F)F)cc2)c1=O,0,0.622896848156429,0.0040715804363919,-7.3179145,0.0566914518545666,0.20078422548567865
3794,COc1ccc(NC(C)=O)cc1NC(=O)c1ccc(=O)n(Cc2ccccc2Cl)c1,0,0.62871999577627,0.0078971503269329,-5.645207,0.0664847048897592,0.1849420668222576
3795,Cc1ccc(-c2noc(-c3ccc(Br)o3)n2)s1,0,0.713853433634257,0.0801920800333412,-2.8116212,0.016914239345136,0.07857091938254698
3796,CC(=O)N1CCCc2cc(S(=O)(=O)N3CCCC(C(=O)NC4CCCCCCC4)C3)ccc21,0,0.720670817261689,0.0021671776959278,-5.23372,0.0569313718916251,0.3891451270983108
3797,CCc1cccc(CC)c1-n1ccnc1SCC(=O)Nc1cccc(NC(C)=O)c1,0,0.516677297442587,0.051425543968629,5.162926,0.0625781897697731,0.1875505100231886
3798,O=C(NCCc1csc(-c2ccc(C(F)(F)F)cc2)n1)c1ccccc1F,0,0.62306448743546,0.0415401086155941,-3.9797964,0.0416784514809745,0.25248799932128607
3799,COc1cccc(C(=O)NCCc2csc(-c3ccc(C(F)(F)F)cc3)n2)c1,0,0.639224969256767,0.0040122147011896,-4.599687,0.027363784074177,0.1500698254778625
3800,COc1ccc(C(=O)NCCc2csc(-c3ccc(C(F)(F)F)cc3)n2)cc1,0,0.639224969256767,0.0068679252854339,-2.149416,0.0347831286873365,0.15109374253159627
3801,Cc1ccc(-c2nc(CCNC(=O)c3ccc4ccccc4c3)cs2)cc1,0,0.520156726787102,0.0350952510545974,1.0243963,0.0062171979354383,0.12957235248411975
3802,Cc1ccccc1C(=O)NCCc1csc(-c2ccc(C(F)(F)F)cc2)n1,0,0.657814541720523,0.0286007930578587,-3.6517873,0.0217503306107717,0.24401139799750687
3803,Cc1nc(C)c(-c2ccc(SCC(=O)Nc3ccccc3C(F)(F)F)nn2)s1,0,0.586172686089752,0.0236293210063178,6.3278494,0.0351388782739192,0.23730058918325114
3804,CC(=O)N(Cc1cccnc1)c1nc2ccc(C)cc2s1,0,0.74239528212595,0.0026306945842301,-13.0559635,0.0126105988955557,0.21968051058019192
3805,COc1ccc2nc(N(Cc3cccnc3)C(=O)c3cccs3)sc2c1,0,0.506580295072352,0.0027301305642153,-4.4492574,0.003842490434186,0.09067554960038089
3806,COc1ccc2sc(N(Cc3cccnc3)C(C)=O)nc2c1,0,0.741693465773478,0.0018210204204732,-9.563083,0.0131473725102176,0.2727291041644767
3807,COc1ccc2sc(N(Cc3cccnc3)C(=O)c3cccs3)nc2c1,0,0.506580295072352,0.0031006890396193,-2.0238452,0.0042905791650732,0.08881104804197189
3808,O=C(C1CCCCC1)N(Cc1cccnc1)c1nc2c(F)cc(F)cc2s1,0,0.62689913792392,0.0152214360443106,4.9922867,0.0130091315741942,0.17526372574715743
3809,COc1ccc(NC(C)=O)cc1NC(=O)c1cccn(Cc2cccc(C)c2)c1=O,0,0.657593637369718,0.0032466344389463,-9.486155,0.0726034291245693,0.21171189944597563
3810,Cc1ccc(-c2nc3n(c2CNC(=O)C24CC5CC(CC(C5)C2)C4)CCS3)cc1,0,0.792099312325021,0.0033877686803485,10.428254,0.0119161354004168,0.10624068800883246
3811,Cc1ccc(C(=O)N2CCc3cc(CNC(=O)CCC4CCCC4)ccc32)cc1,0,0.771274188895531,0.0469513257970604,-1.5439957,0.0276334431004294,0.10497590275445293
3812,COc1ccc(CNC(=O)c2cc(-c3cc(OC)c(OC)cc3OC)nc3n[nH]c(-c4ccc(C)cc4)c23)cc1,0,0.252814846970916,0.49823104578155,8.360635,0.0379702883122439,0.1732756395732049
3813,CCc1ccc(-c2[nH]nc3nc(-c4ccccc4OC)cc(C(=O)NCc4ccc(C)cc4)c23)cc1,0,0.297380938067273,0.132482907485376,4.081907,0.0167889789980482,0.09445979441420241
3814,COc1ccccc1-c1cc(C(=O)NCc2ccc(C)cc2)c2c(-c3ccc(F)cc3)[nH]nc2n1,0,0.337538250642248,0.10299091505061,2.7305732,0.0281980016650469,0.09725835078191575
3815,O=C(Nc1ccc(Cl)c(C(F)(F)F)c1)c1nc2ccccc2nc1N1CCCC1,0,0.635922343444284,0.0132119569084254,-6.134458,0.0642457092515763,0.12768928680102218
3816,Cc1ccc(Cl)cc1NC(=O)CN(C)S(=O)(=O)c1cc2c(cc1C)NC(=O)C(C)O2,0,0.726744247606957,0.0207067299414659,9.732116,0.0417090638714099,0.3167485954138802
3817,Cc1nc(-c2ccc(Cl)c(S(=O)(=O)N3CCCC(C(=O)NC4CCCCCCC4)C3)c2)no1,0,0.662788047362615,0.0031402044612365,-3.057373,0.0271321798039065,0.14364617601170776
3818,COc1ccc(-c2nnc3sc(NC(C)=O)nn23)cc1,0,0.795045897764222,0.0014263179786051,-14.4685545,0.0506315620505111,0.1565723292063542
3819,O=C(Nc1nn2c(-c3ccccc3)nnc2s1)c1cccc(Br)c1,0,0.566908302778073,0.0072207568167106,2.0098834,0.0152623970454985,0.10679301164603874
3820,CCCCc1nnc2sc(NC(=O)C34CC5CC(CC(C5)C3)C4)nn12,0,0.883688423124032,0.0010681994312135,6.6815276,0.0145233992610596,0.13814235517465895
3821,O=C(Nc1nn2c(C3CCCCC3)nnc2s1)C12CC3CC(CC(C3)C1)C2,0,0.85046234145022,0.0061949128970044,8.365151,0.0175415923943879,0.12622253532211022
3822,COc1ccc(C(=O)Nc2nn3c(-c4ccccc4)nnc3s2)cc1,0,0.610851307805923,0.0009831887407164,-0.69296503,0.0152745324562974,0.11583137367858629
3823,COc1ccc2c(c1OC)C(=O)O[C@@H]2[C@H]1c2c(c(Br)c3c(c2OC)OCO3)CCN1C,0,0.599508990965065,0.998794211891722,12.135602,0.8098370494993986,0.47391197070494934
3824,COc1ccc2c(c1OC)C(=O)O[C@@H]2[C@H]1c2c(c(-c3ccccc3)c3c(c2OC)OCO3)CCN1C,0,0.483553440652058,0.996449752036891,6.4450784,0.7609657965636236,0.3556942671929982
3825,COc1ccc2c(c1OC)C(=O)O[C@@H]2[C@H]1c2c(c(-c3cccc(C(N)=O)c3)c3c(c2OC)OCO3)CCN1C,0,0.474680961839258,0.993910069238977,9.202901,0.8558866314709165,0.4553839729618255
3826,COc1ccc2c(c1OC)C(=O)O[C@@H]2[C@H]1c2c(c(-c3ccsc3)c3c(c2OC)OCO3)CCN1C,0,0.475315699445486,0.981397520562721,6.447746,0.5771267446460754,0.16393153811257283
3827,Cc1ccc(-c2ccc3nnc(C)n3n2)cc1S(=O)(=O)Nc1cccc(Cl)c1,0,0.548279905522683,0.0023969246059717,-0.20104408,0.1829509823457651,0.16766009725019673
3828,Cc1ccc(-c2ccc3nnc(C)n3n2)cc1S(=O)(=O)N1CCCCCC1,0,0.692350592490876,0.0105855941556324,-9.544531,0.0283290218928817,0.21905871528265916
3829,Cc1ccc(-c2ccc3nnc(C)n3n2)cc1S(=O)(=O)N(Cc1ccccc1)Cc1ccccc1,0,0.332222515330858,0.006175270705129,2.1402855,0.0224346452053331,0.14161603218480318
3830,Cc1ccccc1NS(=O)(=O)c1cc(-c2ccc3nnc(C)n3n2)ccc1C,0,0.572981819235419,0.0051190336987194,-1.4912704,0.073167319487051,0.14957753864039516
3831,COc1ccccc1C(=O)N1CCCC1c1cc(C)on1,0,0.870110398087875,0.0016891857178566,-6.7839932,0.1102876790186438,0.08744054272744682
3832,COc1ccccc1C(=O)N1CCCC1c1cc(C(C)C)on1,0,0.861434421589885,0.0012778156966057,-10.555931,0.0290979748766111,0.08122971719123467
3833,O=C(NC1CCCCC1)N1CCCCCC1c1cccs1,0,0.843068990317909,0.0490937110770588,9.6432495,0.0438395731041715,0.10174109567031653
3834,COc1ccc(S(=O)(=O)N(C)c2ccc3sc(C(=O)NC4CCCCCC4)cc3c2)cc1,0,0.501253735964388,0.0106977070711409,2.0306401,0.0241702198466254,0.30213869632347456
3835,O=C(CCc1nc(CSc2nnc(-c3ccccc3)o2)no1)Nc1ccccc1,0,0.437104119146022,0.0160224042863275,4.17241,0.0154356596026277,0.14547362919703746
3836,Cc1cccc(NC(=O)CCc2nc(CSc3nnc(-c4ccccc4)o3)no2)c1C,0,0.400229603241651,0.009291574474506,5.735994,0.0182865016754708,0.13759214401809966
3837,Cc1nnc(NC(=O)CCc2nc(CSc3nnc(-c4ccccc4)o3)no2)s1,0,0.41635320277635,0.0339675556599086,3.4964242,0.0183856175777005,0.10028802691099606
3838,Cc1ccc(C)c(NC(=O)CCc2nc(CSc3nnc(-c4ccccc4)o3)no2)c1,0,0.400229603241651,0.0059475005452834,5.4769025,0.0168262871193083,0.13247048372271103
3839,Cc1ccccc1-c1nnc(SCc2noc(CCC(=O)Nc3ccccc3)n2)o1,0,0.419913451581494,0.0048542040251341,5.3534656,0.0137366249629775,0.13739602564714132
3840,Cc1ccccc1-c1nnc(SCc2noc(CCC(=O)Nc3cccc(Cl)c3)n2)o1,0,0.37187818,0.0070990569132968,5.207839,0.0205677558521548,0.14240108691851072
3841,Cc1nnc(NC(=O)CCc2nc(CSc3nnc(-c4ccccc4C)o3)no2)s1,0,0.403589356412153,0.0083829800160771,4.8426604,0.0202413620129968,0.09694118974403947
3842,Cc1ccccc1-c1nnc(SCc2noc(CCC(=O)Nc3ccccc3F)n2)o1,0,0.401904662787806,0.0044456781476647,2.230042,0.019938101325137,0.18627968412155374
3843,Cc1ccc(-c2nnc(SCc3noc(CCC(=O)Nc4ccc(Cl)cc4)n3)o2)cc1,0,0.37187818,0.0073495042056652,4.049441,0.0181058847547086,0.13680547070327673
3844,Cc1ccc(-c2nnc(SCc3noc(CCC(=O)Nc4cccc(Cl)c4C)n3)o2)cc1,0,0.348314822823736,0.0084294209622937,4.91569,0.0184291140580549,0.1446612530821044
3845,Cc1ccc(-c2nnc(SCc3noc(CCC(=O)Nc4ccccc4F)n3)o2)cc1,0,0.401904662787807,0.0237230249563482,0.7371284,0.0168442019391639,0.17919536824170193
3846,Cc1ccc(NC(=O)CCc2nc(CSc3nnc(-c4ccccc4)[nH]3)no2)cc1Cl,0,0.371719666078306,0.0334567474623421,5.811546,0.0170917259653559,0.12370888635473416
3847,O=C(CCc1nc(CSc2nnc(-c3ccccc3)[nH]2)no1)Nc1ccc(F)c(Cl)c1,0,0.373590221154106,0.0348686169796073,4.7645993,0.0226814943612728,0.1355734546178948
3848,O=C(CCc1nc(CSc2nnc(-c3ccccc3)[nH]2)no1)Nc1ccc(Cl)cc1F,0,0.373590221154106,0.0345288030158879,5.8655243,0.026226602369465,0.16653489239959324
3849,Cc1ccc(NC(=O)CCc2nc(CSc3nnc(-c4ccccc4)o3)no2)c(C)c1,0,0.400229603241651,0.0024433183520055,2.3269615,0.0151365318897829,0.13823996833102822
3850,Cc1ccc(NC(=O)CCc2nc(CSc3nnc(-c4ccccc4)[nH]3)no2)c(C)c1,0,0.397108952137473,0.0698456568753626,4.428001,0.0198634874556726,0.13856310667818972
3851,Cc1cccc(-c2nnc(SCc3noc(CCC(=O)Nc4ccc(Cl)cc4)n3)o2)c1,0,0.37187818,0.0073495042056652,4.7455716,0.0177638857108481,0.15379589970075289
3852,Cc1cccc(-c2nnc(SCc3noc(CCC(=O)Nc4ccc(Br)cc4)n3)o2)c1,0,0.335048745465014,0.0105003069035861,7.553434,0.018911873459121,0.13694571250339355
3853,Cc1cccc(-c2nnc(SCc3noc(CCC(=O)Nc4nccs4)n3)o2)c1,0,0.418276761298728,0.0130642317314176,-2.344643,0.0117843530284464,0.08876097755789572
3854,O=C(CCc1nc(CSc2nnc(-c3ccc(Cl)cc3)o2)no1)Nc1ccccc1,0,0.39396180290302,0.0041221118353608,4.0426283,0.0152806674348153,0.13194074594917862
3855,Cc1ccccc1NC(=O)CCc1nc(CSc2nnc(-c3ccc(Cl)cc3)o2)no1,0,0.37187818,0.0117867873076971,4.085095,0.0150534084135873,0.14092048884865904
3856,O=C(CCc1nc(CSc2nnc(-c3ccc(Cl)cc3)o2)no1)Nc1ccccc1F,0,0.37511331517341,0.00376126326926,1.0221995,0.0203994305336917,0.18519040546760696
3857,O=C(CCc1nc(CSc2nnc(-c3ccccc3Cl)o2)no1)Nc1ccccc1,0,0.39396180290302,0.0043603500641568,5.977368,0.0158950828791696,0.12602056663781622
3858,Cc1ccccc1NC(=O)CCc1nc(CSc2nnc(-c3ccccc3Cl)o2)no1,0,0.37187818,0.0150674536451995,5.967587,0.0226054464525482,0.13355469179583498
3859,Cc1ccc(NC(=O)CCc2nc(CSc3nnc(-c4ccccc4Cl)o3)no2)cc1,0,0.37187818,0.0093870876810893,5.590202,0.019426751339412,0.12232676220212628
3860,Cc1cccc(-c2nnc(SCc3noc(CCC(=O)Nc4ccccc4)n3)[nH]2)c1,0,0.41421429928106,0.0304741874174561,4.36667,0.0166785652298954,0.1361198179462642
3861,Cc1cccc(-c2nnc(SCc3noc(CCC(=O)Nc4ccc(Cl)cc4)n3)[nH]2)c1,0,0.371719666078306,0.0234560531795017,4.7681136,0.0208999126713865,0.14472010140285424
3862,Cc1cccc(-c2nnc(SCc3noc(CCC(=O)Nc4ccc(Br)cc4)n3)[nH]2)c1,0,0.335678515043149,0.0308961670677391,7.395532,0.0212337316356769,0.13629275056085116
3863,Cc1cccc(-c2nnc(SCc3noc(CCC(=O)Nc4ccc(C)cc4C)n3)[nH]2)c1,0,0.377786075844632,0.0657653369350037,2.9514136,0.0266772085734851,0.14994828054099157
3864,Cc1cccc(-c2nnc(SCc3noc(CCC(=O)Nc4ccc(F)cc4)n3)[nH]2)c1,0,0.397462659190405,0.0237052100084434,3.0837083,0.0248710407140298,0.15563517932611265
3865,Cc1cccc(-c2nnc(SCc3noc(CCC(=O)Nc4ccc(F)c(Cl)c4)n3)[nH]2)c1,0,0.353605902954318,0.0324390769525427,3.389933,0.0249180668670716,0.14002902255771177
3866,Cc1ccc(NC(=O)CCc2nc(CSc3nnc(-c4ccccc4Cl)[nH]3)no2)cc1,0,0.371719666078306,0.0501984900008682,2.8876128,0.0182403362074599,0.12277008920449595
3867,O=C(CCc1nc(CSc2nnc(-c3ccccc3Cl)[nH]2)no1)Nc1cccc2ccccc12,0,0.275217041840162,0.14899499039087,4.386552,0.0245835594832311,0.10500916759190655
3868,O=C(CCc1nc(CSc2nnc(-c3ccccc3Cl)[nH]2)no1)Nc1ccc2ccccc2c1,0,0.275217041840162,0.131895013485823,4.2851067,0.0174638443422005,0.1053021847435223
3869,Cc1cccc(C)c1NC(=O)CCc1nc(CSc2nnc(-c3ccccc3Cl)[nH]2)no1,0,0.350368535513963,0.132780237481761,6.284613,0.0250178694604128,0.14148619334174178
3870,Cc1cc(C)cc(NC(=O)CCc2nc(CSc3nnc(-c4ccccc4Cl)[nH]3)no2)c1,0,0.350368535513963,0.0399308844591294,6.360366,0.0205389384295272,0.12038636723549934
3871,Cc1ccccc1-c1nnc(SCc2noc(CCC(=O)Nc3ccc(F)cc3F)n2)o1,0,0.383604336003884,0.0047281960495281,5.27982,0.0375879236222345,0.19219662844076457
3872,O=C(CCc1nc(CSc2nnc(-c3ccccc3)[nH]2)no1)Nc1cc(F)cc(F)c1,0,0.397066563297868,0.0471132047979696,0.5251645,0.036571748679751,0.14904738520730326
3873,Cc1cccc(-c2nnc(SCc3noc(CCC(=O)Nc4ccc(F)cc4F)n3)o2)c1,0,0.383604336003884,0.0096561842679482,4.7798095,0.0376992115992727,0.21834949417210464
3874,Cc1cccc(-c2nnc(SCc3noc(CCC(=O)Nc4cc(F)cc(F)c4)n3)[nH]2)c1,0,0.380407123859056,0.0346149000551504,-1.0307155,0.0333389206142504,0.15094357703577535
3875,Cc1cc(NC(=O)CCc2nc(CSc3nnc(-c4ccccc4Cl)[nH]3)no2)no1,0,0.388968206586705,0.0776370863399213,0.7261511,0.023626039754185,0.1217283500377071
3876,O=C(CCc1nc(CSc2nnc(-c3ccccc3Cl)[nH]2)no1)Nc1cc(F)cc(F)c1,0,0.356043579299742,0.0775222479809804,-3.218464,0.044951490906418,0.14278489009178555
3877,O=C(CCc1nc(CSc2nnc(-c3ccccc3Cl)[nH]2)no1)Nc1ccc(F)cc1F,0,0.356043579299742,0.0502492850977083,3.4436955,0.0736555568911275,0.18807524241350992
3878,Cc1ccc(-c2nnc(SCc3noc(CCC(=O)Nc4ccc(Cl)cc4)n3)[nH]2)cc1,0,0.371719666078306,0.0413111907741187,6.22493,0.0201800934273966,0.13346852709131443
3879,Cc1ccc(-c2nnc(SCc3noc(CCC(=O)Nc4cccc5ccccc45)n3)[nH]2)cc1,0,0.300727197032837,0.340484096526026,6.83983,0.0165590761807908,0.10172412198346195
3880,Cc1ccc(-c2nnc(SCc3noc(CCC(=O)Nc4ccc(C)cc4C)n3)[nH]2)cc1,0,0.377786075844632,0.0566833743937092,4.6168656,0.0238100984177891,0.14821543143741872
3881,Cc1ccc(-c2nnc(SCc3noc(CCC(=O)Nc4ccc(C)c(Cl)c4)n3)[nH]2)cc1,0,0.350368535513963,0.144474338073293,6.0825834,0.0203934977116719,0.12248288008943682
3882,Cc1ccc(-c2nnc(SCc3noc(CCC(=O)Nc4ccc(C)c(C)c4)n3)[nH]2)cc1,0,0.377786075844632,0.0508057078155571,4.0697856,0.0231166129096315,0.1409377557516071
3883,Cc1ccc(-c2nnc(SCc3noc(CCC(=O)Nc4ccc(Cl)cc4F)n3)[nH]2)cc1,0,0.353605902954318,0.021777041720307,6.0272827,0.0266120043196062,0.16591343506217573
3884,Cc1ccc(-c2nnc(SCc3noc(CCC(=O)Nc4cc(F)cc(F)c4)n3)[nH]2)cc1,0,0.380407123859056,0.0304650178962301,0.35971296,0.038793550684731,0.15225093565882916
3885,Cc1ccc(-c2nnc(SCc3noc(CCC(=O)Nc4cc(F)ccc4C)n3)[nH]2)cc1,0,0.379520869525812,0.0647475593322587,5.7715926,0.0309693000800133,0.1424962914089516
3886,Cc1ccc(NC(=O)CCc2nc(CSc3nnc(-c4ccccc4C)[nH]3)no2)cc1Cl,0,0.350368535513963,0.0631380105615771,5.1805625,0.019724458310822,0.12060005681739476
3887,Cc1ccccc1-c1nnc(SCc2noc(CCC(=O)Nc3nccs3)n2)[nH]1,0,0.40980805666727,0.0259382249165578,-1.6818565,0.0147057743066882,0.09245733616395894
3888,Cc1ccc(NC(=O)CCc2nc(CSc3nnc(-c4ccccc4C)[nH]3)no2)cc1C,0,0.377786075844632,0.0290783594074244,3.2140822,0.0223584414089735,0.13428673443135966
3889,O=C(CCc1nc(CSc2nnc(-c3cccc(F)c3)[nH]2)no1)Nc1ccc(Cl)cc1,0,0.373590221154106,0.0293883025827121,3.0318217,0.0337370750929583,0.16228967113536755
3890,O=C(CCc1nc(CSc2nnc(-c3cccc(F)c3)[nH]2)no1)Nc1ccc(F)c(Cl)c1,0,0.356043579299742,0.04121534640803,1.5549053,0.046431252561558,0.18251310322177364
3891,O=C(CCc1nc(CSc2nnc(-c3cccc(F)c3)[nH]2)no1)Nc1nccs1,0,0.407482363338952,0.314321479843493,-4.425903,0.0195655871320997,0.10018534758355757
3892,Cc1cc(NC(=O)CCc2nc(CSc3nnc(-c4cccc(F)c4)[nH]3)no2)no1,0,0.404761005921388,0.54377520139987,2.650782,0.0292391118816057,0.12693955967596107
3893,O=C(CCc1nc(CSc2nnc(-c3cccc(F)c3)[nH]2)no1)Nc1cc(F)cc(F)c1,0,0.380515036385315,0.117422879149749,-2.9022417,0.0457773617153552,0.1655939975355612
3894,Cc1ccc(F)cc1NC(=O)CCc1nc(CSc2nnc(-c3cccc(F)c3)[nH]2)no1,0,0.380407123859056,0.0918368030377089,2.8252597,0.0474969815168018,0.17086535498831507
3895,Cc1ccc(F)cc1NC(=O)CCc1nc(CSc2nnc(-c3ccc(F)cc3)[nH]2)no1,0,0.380407123859056,0.123135675851659,5.153714,0.0485699616548856,0.1594407263089142
3896,Cc1cccc(-c2nnc(SCc3noc(CCC(=O)Nc4ccc(C)c(C)c4)n3)[nH]2)c1,0,0.377786075844632,0.073895815627888,2.4133897,0.0241494442727078,0.1425527916566106
3897,Cc1ccc(NC(=O)CCc2nc(CSc3nnc(-c4ccc(Cl)cc4)[nH]3)no2)cc1C,0,0.350368535513963,0.0452142677747071,4.1598716,0.0221338801275205,0.12481032863108779
3898,Cc1ccc(Cn2c(=O)c3c(C)cc(C)nc3n(-c3ccccc3)c2=O)cc1,0,0.553632729816541,0.0171527342752057,-11.765911,0.1097856399644696,0.3662004546376615
3899,COc1ccccc1-n1c(=O)n(Cc2nc(-c3ccccc3C)oc2C)c(=O)c2c(C)cc(C)nc21,0,0.366473596242229,0.0254636249610224,-3.4634504,0.0726428113242745,0.2691740068067926
3900,COc1ccccc1-n1c(=O)n(Cc2ccccc2C)c(=O)c2c(C)cc(C)nc21,0,0.524740083492917,0.012143189981615,-0.9715754,0.033262926388655,0.244008770523
3901,COc1ccccc1-n1c(=O)n(CC(=O)Nc2ccc(C)c(F)c2)c(=O)c2c(C)cc(C)nc21,0,0.491324175778268,0.0229727205284796,-0.63165593,0.1840898131423157,0.4586441508806092
3902,COc1ccccc1-n1c(=O)n(Cc2ccccc2F)c(=O)c2c(C)cc(C)nc21,0,0.522272066837882,0.0286176128823865,-0.0661335,0.0786476571177845,0.4535767987217992
3903,COc1ccccc1-n1c(=O)n(Cc2ccc(Cl)cc2)c(=O)c2c(C)cc(C)nc21,0,0.501326003850996,0.0214083640525095,-10.785594,0.0630160997580663,0.3581965856265147
3904,COc1ccccc1-n1c(=O)n(Cc2cccc(Cl)c2)c(=O)c2c(C)cc(C)nc21,0,0.501326003850996,0.0096062694769189,-8.885014,0.0467329102119895,0.36121055447490924
3905,COc1ccccc1-n1c(=O)n(Cc2ccccc2Cl)c(=O)c2c(C)cc(C)nc21,0,0.501326003850996,0.0192884603123583,-9.635785,0.0452893282991819,0.3465531461205226
3906,COc1ccccc1-n1c(=O)n(Cc2ccc(F)cc2)c(=O)c2c(C)cc(C)nc21,0,0.522272066837882,0.0253081468950578,-7.6663013,0.1005190208255426,0.37069544398044857
3907,COc1ccccc1-n1c(=O)n(Cc2cccc(C(F)(F)F)c2)c(=O)c2c(C)cc(C)nc21,0,0.461841281809925,0.0098161736635108,-4.1821046,0.0531377573454833,0.45593329678022887
3908,COc1cccc(Cn2c(=O)c3c(C)cc(C)nc3n(-c3ccccc3OC)c2=O)c1,0,0.498410905734175,0.0219213430784567,-8.803065,0.037229733357147,0.26230084107193263
3909,COc1ccc(Cn2c(=O)c3c(C)cc(C)nc3n(-c3ccccc3OC)c2=O)cc1,0,0.498410905734175,0.0282772487998203,-5.2553105,0.0502369299233833,0.25146494577776246
3910,COc1ccccc1-n1c(=O)n(Cc2ccc(F)cc2Cl)c(=O)c2c(C)cc(C)nc21,0,0.481557800686535,0.011271529458582,-5.901565,0.0735698135859749,0.49341423464451084
3911,C=Cc1ccc(Cn2c(=O)c3c(C)cc(C)nc3n(-c3ccccc3OC)c2=O)cc1,0,0.498294289054687,0.0037892436830766,-5.4500136,0.020402522803087,0.1830641782759242
3912,CCc1ccc(N(CC)C(=O)Cn2c(=O)c3c(C)cc(C)nc3n(-c3ccccc3OC)c2=O)cc1,0,0.39678167300181,0.0094338193635387,-3.515854,0.0546124539844368,0.2779325876687051
3913,COc1ccccc1-n1c(=O)n(Cc2cccc(C)c2)c(=O)c2cccnc21,0,0.551693232147415,0.0113999005339595,0.75932324,0.0257972487674857,0.1925048214826799
3914,COc1ccccc1-n1c(=O)n(Cc2ccccc2F)c(=O)c2cccnc21,0,0.548558967929733,0.0491061261536231,6.234844,0.0602319344660062,0.40389567859104736
3915,COc1ccccc1-n1c(=O)n(Cc2ccc(Cl)cc2)c(=O)c2cccnc21,0,0.533487296085131,0.0185815817321813,-3.3338451,0.0365923378687811,0.3561929570984626
3916,COc1ccccc1-n1c(=O)n(Cc2cccc(Cl)c2)c(=O)c2cccnc21,0,0.533487296085131,0.0083109651971565,1.4196557,0.0320806198244476,0.27887516200654494
3917,COc1ccc(Cn2c(=O)c3cccnc3n(-c3ccccc3OC)c2=O)cc1,0,0.524522385940433,0.0154589003525385,3.4186025,0.0497712055654224,0.264168888714604
3918,COc1ccccc1-n1c(=O)n(Cc2ccc(F)cc2Cl)c(=O)c2cccnc21,0,0.515987088238191,0.0172655401654698,0.593403,0.0513235001645002,0.4841454984520115
3919,C=Cc1ccc(Cn2c(=O)c3cccnc3n(-c3ccccc3OC)c2=O)cc1,0,0.528978295225925,0.0029115864567095,2.9099994,0.0147689787474789,0.12315753565873118
3920,COC(=O)c1cc(C)nc2c1c(=O)n(Cc1ccccc1C)c(=O)n2-c1ccccc1OC,0,0.438699083771716,0.0098503823237066,2.766583,0.0668255719224343,0.5512059551164306
3921,COC(=O)c1cc(C)nc2c1c(=O)n(Cc1ccc(C)cc1)c(=O)n2-c1ccccc1OC,0,0.438699083771716,0.0118600232088532,-3.5088015,0.066446594852298,0.611564431345867
3922,COC(=O)c1cc(C)nc2c1c(=O)n(Cc1cccc(C)c1)c(=O)n2-c1ccccc1OC,0,0.438699083771716,0.0093771872422831,-4.1819773,0.0818217381130852,0.59958050845913
3923,COC(=O)c1cc(C)nc2c1c(=O)n(Cc1cccc(F)c1)c(=O)n2-c1ccccc1OC,0,0.435300070610099,0.0134028945339293,-6.628815,0.0903893610200513,0.6572059753035671
3924,COC(=O)c1cc(C)nc2c1c(=O)n(Cc1ccccc1F)c(=O)n2-c1ccccc1OC,0,0.435300070610099,0.0078721976080029,0.50441635,0.0771277845699152,0.6274576721426532
3925,COC(=O)c1cc(C)nc2c1c(=O)n(Cc1cc(C)ccc1C)c(=O)n2-c1ccccc1OC,0,0.425345650524135,0.0110607815618206,1.1459073,0.0803087129465663,0.623177767650705
3926,COC(=O)c1cc(C)nc2c1c(=O)n(Cc1cccc(Cl)c1)c(=O)n2-c1ccccc1OC,0,0.419574225898706,0.0033929741582355,-2.755922,0.0748044619767104,0.6643489257181573
3927,COC(=O)c1cc(C)nc2c1c(=O)n(Cc1c(F)cccc1Cl)c(=O)n2-c1ccccc1OC,0,0.403407803792414,0.0073460795992131,-3.729126,0.0767000912783298,0.5812593042553196
3928,COC(=O)c1cc(C)nc2c1c(=O)n(Cc1cccc(C(F)(F)F)c1)c(=O)n2-c1ccccc1OC,0,0.388948540690809,0.0037933108810569,-1.4419496,0.0860984266714336,0.6838990075944922
3929,COC(=O)c1cc(C)nc2c1c(=O)n(Cc1ccc(OC)cc1)c(=O)n2-c1ccccc1OC,0,0.407006639229131,0.02588510352558,0.32116032,0.1173555080937658,0.5323873706048545
3930,COC(=O)c1cc(C)nc2c1c(=O)n(Cc1ccc(F)cc1Cl)c(=O)n2-c1ccccc1OC,0,0.403407803792414,0.0047213331365562,-3.3802557,0.0863346120346341,0.6829625043251144
3931,COC(=O)c1cc(C)nc2c1c(=O)n(Cc1ccccc1)c(=O)n2-c1ccccc1OC,0,0.451350921902349,0.0031944510698071,-4.8942842,0.0806379280286162,0.6611199425537528
3932,COC(=O)c1cc(C2CC2)nc2c1c(=O)n(Cc1ccccc1C)c(=O)n2-c1ccccc1OC,0,0.399349092954678,0.0055579408616968,9.20028,0.03713347767015,0.1318734604646717
3933,COC(=O)c1cc(C2CC2)nc2c1c(=O)n(Cc1cccc(F)c1)c(=O)n2-c1ccccc1OC,0,0.397090149161004,0.0076762779197466,1.404446,0.054414239091722,0.1965893019835214
3934,COC(=O)c1cc(C2CC2)nc2c1c(=O)n(Cc1ccccc1F)c(=O)n2-c1ccccc1OC,0,0.397090149161004,0.0056627688457073,7.3975415,0.0563108001304662,0.17215063529004157
3935,COC(=O)c1cc(C2CC2)nc2c1c(=O)n(Cc1ccc(Cl)cc1)c(=O)n2-c1ccccc1OC,0,0.379484706487219,0.0033343744636377,0.4968108,0.0911355779784769,0.21047634106215857
3936,COC(=O)c1cc(C2CC2)nc2c1c(=O)n(Cc1cccc(Cl)c1)c(=O)n2-c1ccccc1OC,0,0.379484706487219,0.0042570980439606,4.979507,0.0614117162166806,0.1789005549495572
3937,COC(=O)c1cc(C2CC2)nc2c1c(=O)n(Cc1cccc(OC)c1)c(=O)n2-c1ccccc1OC,0,0.368829551888223,0.0085491932715613,5.5086646,0.0355557425954897,0.14753976710440067
3938,COC(=O)c1cc(C2CC2)nc2c1c(=O)n(Cc1ccc(OC)cc1)c(=O)n2-c1ccccc1OC,0,0.368829551888223,0.0137829041391638,7.3060412,0.0462139434816371,0.1621698556394032
3939,COC(=O)c1cc(C2CC2)nc2c1c(=O)n(Cc1ccccc1)c(=O)n2-c1ccccc1OC,0,0.412844547885253,0.0022274064859846,3.1963744,0.0354136246757849,0.14297487114944685
3940,COC(=O)c1cc(C)nc2c1c(=O)n(Cc1ccc(F)cc1)c(=O)n2C,0,0.661490401834436,0.0044186340851976,-6.6174045,0.0555689144566589,0.5284148680278172
3941,CCOC(=O)c1cc(C)nc2c1c(=O)n(Cc1ccc(Cl)cc1)c(=O)n2C,0,0.641195084300738,0.006199240174717,-7.008063,0.0641694880546928,0.7258592939151546
3942,COC(=O)c1cc(C2CC2)nc2c1c(=O)n(Cc1ccc(Cl)cc1)c(=O)n2C,0,0.629157883555909,0.0009790682121521,-0.26249182,0.056485582429486,0.23219923655601446
3943,CCOC(=O)c1cc(C2CC2)nc2c1c(=O)n(Cc1ccc(Cl)cc1)c(=O)n2C,0,0.600437145155875,0.0025555081724251,2.7535043,0.0530043568534097,0.1960384708775383
3944,CC1CCc2c(sc(NC(=O)C3(c4ccc(Cl)cc4)CCCC3)c2C(N)=O)C1,0,0.729238508444699,0.0846309333555284,-5.3578563,0.0298574912514915,0.10744537772578278
3945,CC1CCc2c(sc(NC(=O)C3(c4ccc(Br)cc4)CCCC3)c2C(N)=O)C1,0,0.65837789762925,0.126377273356569,-0.7443336,0.0288149264866915,0.11058240844740164
3946,CCCC(=O)Nc1cccc(NC(=O)C2(c3ccccc3)CCCC2)c1,0,0.78022759404028,0.107847456349684,-4.6546855,0.0641846561147717,0.11848612108055456
3947,CCC(=O)Nc1cccc(NC(=O)C2(c3ccc(Br)cc3)CCCC2)c1,0,0.701129326881078,0.322969877424563,2.045528,0.0349582155150402,0.11639308872508539
3948,CCOC(=O)c1sc(NC(=O)C2(c3ccc(C)cc3)CCCC2)c(C#N)c1C,0,0.73184000573961,0.0052571456704462,-6.846482,0.0130044803420719,0.05029440752308441
3949,CCC(NC(=O)Cn1cc(C(=O)C2CC2)c2ccccc21)c1ccc2c(c1)OCCCO2,0,0.551391341065006,0.0051598509210914,-10.063857,0.0214555119721747,0.06661553939738557
3950,O=C(Cn1nc2c(cc1=O)CCCCC2)Nc1nnc(C2CCCCC2)s1,0,0.814562405280687,0.0006448572697131,4.1883264,0.0230207089988488,0.15338311607770388
3951,Brc1ccc(-c2ccnc3ncnn23)s1,0,0.688289953247458,0.253387483684481,4.497194,0.0393641351190655,0.09792558921692467
3952,Cc1onc(-c2ccccc2Cl)c1C(=O)Nc1ccccc1C(=O)Nc1ccccc1,0,0.417404454416742,0.224931939180417,-1.3965539,0.0622407853642584,0.17792022327561857
3953,Cc1onc(-c2ccccc2Cl)c1C(=O)Nc1cccc(Cl)c1NC(=O)c1ccccc1,0,0.353584774970236,0.522573444324045,6.817946,0.0759260102265663,0.18268921870503496
3954,CSc1nc(-c2ccccc2)cn1-c1cccc(Cl)c1,0,0.639305736884814,0.0983602562883603,6.6493087,0.03979570127967,0.17883633026443863
3955,CCC(SC1=Nc2ccccc2C2=NC(CC(=O)NC3CCCCC3)C(=O)N12)C(=O)Nc1ccc2c(c1)OCO2,0,0.51809254676877,0.182661338601255,15.369533,0.0865456496221043,0.12099128035239606
3956,Cc1ccc(NC(=O)CSc2nc3cc(C(=O)NCC4CCCO4)ccc3c(=O)n2Cc2ccco2)cc1,0,0.247427846184824,0.205526499898034,4.5694475,0.0328382120087342,0.09138740034701648
3957,Cc1ccc(NC(=O)CSc2nc3cc(C(=O)NCC4CCCO4)ccc3c(=O)n2Cc2ccco2)cc1Cl,0,0.223905878168232,0.288355583836814,4.420155,0.0541991070208483,0.09854306002156987
3958,COc1ccc(NC(=O)CSc2nc3ccccc3c(=O)n2Cc2ccc(C(=O)NC3CCCCC3)cc2)cc1,0,0.21579763695826,0.520502532581778,8.710742,0.0286109350914586,0.1392899959760881
3959,O=C(NC1CCCCC1)c1ccc(Cn2c(SCc3cccc(F)c3)nc3ccccc3c2=O)cc1,0,0.251515511988452,0.0495321995222563,-2.6301692,0.0170661236305812,0.11803038465604357
3960,CCOC(=O)c1sc2nc(SCc3cc(C(C)=O)ccc3OC)n(Cc3ccc(Cl)cc3)c(=O)c2c1C,0,0.105702239813326,0.189360361666185,-1.2375807,0.0972619850377823,0.24115199239672408
3961,CCC(Sc1nc(NC2CCCCC2)c2ccccc2n1)C(=O)Nc1ccc2c(c1)OCO2,0,0.34702086403764,0.0556081379412267,6.180149,0.0125056545828699,0.14584509792160763
3962,CCN(CC)C(=O)c1sc2c(c1C)c(=O)n(-c1ccc(OC)cc1OC)c(=O)n2Cc1ccc(F)cc1Cl,0,0.307753200630428,0.0231032068771588,9.928582,0.1286881732556369,0.2954186421539539
3963,CCN(CC)C(=O)c1sc2c(c1C)c(=O)n(-c1ccc(OC)cc1OC)c(=O)n2CC(=O)c1ccc(Cl)cc1,0,0.274045082818899,0.0367874620317278,5.0931387,0.1727089517148178,0.42995517010191975
3964,CCN(CC)C(=O)c1sc2c(c1C)c(=O)n(-c1ccc(OC)cc1OC)c(=O)n2Cc1c(C)cc(C)cc1C,0,0.30914806006821,0.124795742539148,18.211575,0.0606723073121634,0.21421372751669546
3965,COc1ccccc1-n1c(=O)c2c3c(sc2n(Cc2ccccc2C)c1=O)CN(C(C)=O)CC3,0,0.453046118349759,0.003134090165615,10.276944,0.0357232896681951,0.16672558660552453
3966,COc1ccccc1-n1c(=O)c2c3c(sc2n(Cc2cccc(F)c2)c1=O)CN(C(C)=O)CC3,0,0.45027360418963,0.008212218219557,2.171771,0.0536784818805836,0.3241080461865963
3967,COc1ccccc1-n1c(=O)c2c3c(sc2n(Cc2ccc(F)cc2)c1=O)CN(C(C)=O)CC3,0,0.45027360418963,0.0033342831454266,5.055866,0.0644189050327527,0.37229063678450636
3968,O=C(Nc1ccc(-n2nncc2-c2ccccc2)cc1)c1ccc(F)cc1,0,0.590776737417045,0.0124520227208049,0.8235091,0.0261245748754335,0.16145173342930802
3969,CCOc1cc(C(=O)Nc2ccc(-n3nncc3-c3ccccc3)cc2)cc(OCC)c1OCC,0,0.333309490597808,0.0209332309075665,-7.7256093,0.0717899986690921,0.15294525174761428
3970,O=C(Nc1ccc(-n2nncc2-c2ccccc2)cc1)c1ccc(Br)o1,0,0.537222853532785,0.0097797540489543,1.4017662,0.01838991190817,0.10557959336176041
3971,O=C(Nc1ccc(-n2nncc2-c2ccccc2)cc1)c1cccs1,0,0.600874481123015,0.0038191148467724,-0.0860033,0.0063635171801218,0.07283941227157394
3972,CC(=O)c1ccc(-n2nncc2C(C)(C)C)cc1,0,0.761888028951469,0.134296984654219,-9.833958,0.0416861442366401,0.3176714631224423
3973,CC(=O)c1ccc(-n2nncc2C23CC4CC(CC(C4)C2)C3)cc1,0,0.804598289371455,0.0146523100967686,1.1099092,0.0915567408683279,0.1441732888925786
3974,COC(=O)c1cc(C(=O)OC)cc(-n2c(/C=C\c3cccc(C(F)(F)F)c3)nc3ccccc3c2=O)c1,0,0.346827258426306,0.108235427324071,6.9699435,0.0705127078698047,0.4731185154166483
3975,COc1ccc(Cl)cc1-n1c(/C=C\c2cccc(C(F)(F)F)c2)nc2ccccc2c1=O,0,0.365045254940358,0.0330084431019866,-4.732364,0.0537231260320087,0.3113190415601652
3976,Cc1ccc(-c2c3c(nc4sc(C(=O)OCc5ccccc5)c(N)c24)CCCC3)o1,0,0.431267206589904,0.0176991293236037,5.837149,0.0140836813480366,0.12270660545020795
3977,CC1CCN(C(=O)c2c[nH]c3ccc(S(=O)(=O)N(C)Cc4ccccc4)cc3c2=O)CC1,0,0.642258936359537,0.0045292906733695,2.4020805,0.0303925774673219,0.2110303378705388
3978,CCCCN(CC)C(=O)c1c[nH]c2ccc(S(=O)(=O)N(CC)c3ccccc3)cc2c1=O,0,0.52789683216451,0.0045166164022067,2.0889058,0.0564932355131968,0.23451059998962412
3979,CCN(c1ccccc1)S(=O)(=O)c1ccc2[nH]cc(C(=O)N(C)Cc3ccccc3)c(=O)c2c1,0,0.437218760861932,0.0109352025333246,5.4327054,0.0259809711374434,0.2188114629914082
3980,CCN(Cc1ccccc1)C(=O)c1c[nH]c2ccc(S(=O)(=O)N(C)CCC#N)cc2c1=O,0,0.564384684059529,0.0027497348075916,5.2003074,0.0110972526065985,0.10235835332517648
3981,CCOc1ccccc1N(C)S(=O)(=O)c1ccc2[nH]cc(C(=O)N3CCCCC3C)c(=O)c2c1,0,0.57541802768562,0.0094706037134276,3.7721024,0.0653223244935334,0.3135139825219287
3982,Cc1nc2cc(C(=O)NCc3ccccc3Cl)ccc2n1-c1ccc(OCc2ccccc2)cc1,0,0.288580730590578,0.0298537456049829,-3.214629,0.0212894531969213,0.12214354348986309
3983,Cc1ccc(S(=O)(=O)NCc2ccc(C(=O)NC3CCCC(C)C3C)cc2)cc1,0,0.749373825772628,0.259071206992828,2.9674444,0.0257176763774018,0.2189775594577772
3984,Cc1cccc(-n2cnc3cc(C(=O)NCc4ccco4)ccc32)c1,0,0.617617494532513,0.0248356045289837,-1.4015447,0.0077932298218562,0.08214647982126475
3985,Cc1cc(C)cc(-n2cnc3cc(C(=O)NCc4cccnc4)ccc32)c1,0,0.601861339970808,0.0057879537244075,0.11809707,0.0168816848337608,0.13320598066159062
3986,COc1ccc(C2OCC(CO)(CO)CO2)cc1,0,0.828009603867371,0.629333420076214,17.546894,0.3245525327333639,0.33705101534283466
3987,O=C(CN1C(=O)COc2ccc(S(=O)(=O)N3CCCC3)cc21)NC1CCCCCCC1,0,0.74484686093036,0.0012913148868991,1.5552615,0.0412656583074322,0.19201298170470987
3988,CCCN(CCC)C(=O)c1c[nH]c2ccc(S(=O)(=O)N(C)c3ccc(CC)cc3)cc2c1=O,0,0.509050775224299,0.0388545221250069,3.0204763,0.0484454765806078,0.2799258007999167
3989,CCCCN(CC)C(=O)c1c[nH]c2ccc(S(=O)(=O)N(C)c3ccc(CC)cc3)cc2c1=O,0,0.509050775224299,0.0036915227865518,1.8316208,0.0540653293946534,0.233705228919061
3990,CCC1CCCCN1C(=O)c1c[nH]c2ccc(S(=O)(=O)N(C)c3ccc(Br)cc3)cc2c1=O,0,0.523430093461444,0.0446863900046541,4.4428024,0.0270415141425311,0.2425207021153068
3991,Cc1ccccc1N(C)S(=O)(=O)c1ccc2[nH]cc(C(=O)N3CCC(C)CC3)c(=O)c2c1,0,0.654297431968123,0.0029156789334208,7.0988984,0.036384507260937,0.36135716402943424
3992,CCc1ccc(N(C)S(=O)(=O)c2ccc3[nH]cc(C(=O)N4CCCCC4)c(=O)c3c2)cc1,0,0.639770011435996,0.001485793728231,-0.798301,0.0355893935971528,0.3782658502453159
3993,Cc1ccccc1N(C)S(=O)(=O)c1ccc2[nH]cc(C(=O)N(C)Cc3ccccc3)c(=O)c2c1,0,0.457473925637906,0.0876661899094362,5.4925637,0.0198147594298477,0.2066036100256746
3994,Cc1cccc(C)c1N(C)S(=O)(=O)c1ccc2[nH]cc(C(=O)N3CCCCCC3)c(=O)c2c1,0,0.628270017004749,0.0047428991939919,-0.05555427,0.0300545251337814,0.3240636255477426
3995,CCCN(CCC)C(=O)c1c[nH]c2ccc(S(=O)(=O)N(C)c3ccccc3C)cc2c1=O,0,0.557312207530811,0.0187039213020542,3.6480641,0.0320831375400071,0.2652595600268767
3996,CCCCN(CC)C(=O)c1c[nH]c2ccc(S(=O)(=O)N(CC)CC)cc2c1=O,0,0.691970350820624,0.0024262996862672,0.5292901,0.1794110653685079,0.31600124852501954
3997,CCN(CC)S(=O)(=O)c1ccc2[nH]cc(C(=O)N3CCCCC3C)c(=O)c2c1,0,0.827728285343746,0.0011323132443813,1.2218584,0.0591971560047543,0.3686736688585645
3998,Cc1ccc(CSc2ncccc2C(=O)O)cc1,0,0.855094459945712,0.289111802837216,-1.7104328,0.7818695695818066,0.3875530708345457
3999,CC(C)CCNC(=O)c1cc(=O)[nH]c2ccc(S(=O)(=O)N3CCCC(C)C3)cc12,0,0.751910040175833,0.0256930608325994,-6.4717097,0.0244979051322269,0.3258486281381954
4000,CC1CCCN(S(=O)(=O)c2ccc3[nH]c(=O)cc(C(=O)NC(C)c4ccccc4)c3c2)C1,0,0.618133990694748,0.0074447112719666,-4.163321,0.0296827708205974,0.3313855447980255
4001,CC1CCCC(NC(=O)c2cc(-c3ccccn3)nc3ccc(S(=O)(=O)N4CCOCC4)cc23)C1C,0,0.561456333461205,0.160776476702527,-5.237607,0.026743244722882,0.13695638466084062
4002,Cc1ccc(CSCc2ccc(C(=O)NC3CCCC(C)C3C)o2)cc1,0,0.720988970997949,0.0847947775287892,-1.493869,0.0253598415085177,0.28473590306097396
4003,Cc1ccc(CSCc2ccc(C(=O)NC3CCCCC3)o2)cc1,0,0.794717996167105,0.128325928681448,-2.0994127,0.0271665646394024,0.2967095528990722
4004,Cc1ccc(CS(=O)(=O)Cc2ccc(C(=O)NC3CCCC(C)C3C)o2)cc1,0,0.781884828370244,0.0482110794599604,0.029111981,0.0590869967639608,0.35282641784902313
4005,CC1CCN(S(=O)(=O)c2ccc3nc(-c4cccnc4)cc(C(=O)NC4CCCCC4)c3c2)CC1,0,0.553376270150308,0.0060366971049938,-4.4766264,0.0225438592769348,0.12943319764295885
4006,CC1N=C(c2ccccc2)c2ccccc2N(Cc2cccc(Cl)c2)C1=O,0,0.62638172508078,0.066429024022585,8.115293,0.4471358284762145,0.3164152220529953
4007,Cc1ccc(C)c(CN2C(=O)C(C)N=C(c3ccccc3)c3ccccc32)c1,0,0.634709421610772,0.106822084340007,7.479996,0.1459254246503442,0.2302600178188602
4008,Cc1ccc(S(=O)(=O)NCc2ccc(C(=O)NC(C)C34C[C@H]5C[C@@H](C3)C[C@@H](C4)C5)cc2)cc1,0,0.614985265669222,0.212683891460723,5.694579,0.0275897916414125,0.3292292187384089
4009,CC1CCN(S(=O)(=O)c2ccc3nc(-c4ccccn4)cc(C(=O)NC4CCCCC4C)c3c2)CC1,0,0.524231283672388,0.295185857692159,-0.67425925,0.0186486652684404,0.13446295685334644
4010,O=C(CN1C(=O)CN=C(c2ccccc2)c2ccccc21)NCc1cccc(Cl)c1,0,0.685167872503687,0.0116528776637324,10.420553,0.1502305518581513,0.285801103813546
4011,CCN(C(=O)CN1C(=O)CN=C(c2ccccc2Cl)c2cc(Cl)ccc21)c1cccc(C)c1,0,0.481778487120529,0.221550838931385,5.7672048,0.3492712683584003,0.5671366155240017
4012,Cc1ccc(S(=O)(=O)Nc2cc(C(=O)NC3CCCCCC3)ccc2N2CCCCC2)cc1,0,0.567372809964808,0.382655413021201,-2.2323425,0.09300523488311,0.2523164716345315
4013,CCOC(=O)C1CCCN(c2cc(C)nc3c(-c4ccc(Cl)cc4)c(C)nn23)C1,0,0.592428844201504,0.0035704063951815,-15.795352,0.0352764305856368,0.14026872778160565
4014,Cc1cc(N2CCN(c3cc(Cl)ccc3C)CC2)n2nc(C)c(-c3ccc(Cl)cc3)c2n1,0,0.373743582068057,0.236171343343601,-10.128536,0.0619248497152837,0.22255074168110336
4015,CCOC(=O)N1CCN(c2cc(C)nc3c(-c4ccc(Cl)cc4)c(C)nn23)CC1,0,0.650247424419425,0.0065378633156355,-17.036983,0.04219972960467,0.2583768863066075
4016,Cc1cc(N2CCC(Cc3ccccc3)CC2)n2nc(C)c(-c3ccc(Cl)cc3)c2n1,0,0.390384749395558,0.407347265188594,-11.524703,0.0473099501099002,0.1532891351823105
4017,CN(C(=O)c1cn(C)c2ccc(S(=O)(=O)N3CCCCCC3)cc2c1=O)C1CCCCC1,0,0.700878510810414,0.0071615537931719,-0.4433285,0.0198014674346262,0.2616825833548149
4018,Cc1cc(N2CC(C)CC(C)C2)n2nc(C)c(-c3ccc(Cl)cc3)c2n1,0,0.626845573218075,0.280424256691882,-18.507492,0.0293587254619578,0.14016914191331978
4019,Cc1cc(N2CCN(c3cc(Cl)ccc3C)CC2)n2nc(-c3ccccc3)cc2n1,0,0.470055737828061,0.0829989708237312,-5.780433,0.0288267009163308,0.13265851068251236
4020,CCc1ccc(-c2nc(CS(=O)CC(=O)NC3CCCCCCC3)c(C)o2)cc1,0,0.710607032310141,0.0157018175802579,-2.2746553,0.024698613697329,0.30625650990618214
4021,CC1CCCC(NC(=O)c2ccc3c(c2)N(Cc2cccc(Cl)c2)C(=O)c2ccccc2S3(=O)=O)C1C,0,0.450552489674343,0.242625821950416,-0.14678788,0.0427173148455944,0.45285000206795994
4022,CCN(c1ccccc1)S(=O)(=O)c1ccc2[nH]cc(C(=O)NCc3cccnc3)c(=O)c2c1,0,0.43837903620747,0.0065383471384838,0.9703883,0.0278246590929161,0.2107183530567922
4023,CCN(c1ccccc1)S(=O)(=O)c1ccc2[nH]cc(C(=O)N3CC(C)CC(C)C3)c(=O)c2c1,0,0.616916991480439,0.0023189565870588,3.428424,0.0212899119701657,0.28263875800837707
4024,CCN(c1ccccc1)S(=O)(=O)c1ccc2[nH]cc(C(=O)N3CCC(C)CC3)c(=O)c2c1,0,0.638918096317542,0.0027574082721468,6.3870144,0.0461316780006059,0.33751067195645407
4025,CCOC(=O)C1CCCN(c2nc(Cc3ccccc3)nc3sc4c(c23)CCCC4)C1,0,0.531450566729408,0.138788894898127,4.1862607,0.0173922394453726,0.11698722602236511
4026,O=C(Nc1nc(C23CC4CC(CC(C4)C2)C3)cs1)c1c(O)c2c(n(Cc3ccccc3)c1=O)CCCC2,0,0.459428112757657,0.644883923909289,3.6348505,0.018809961527885,0.14667134271884727
4027,Cc1ccc(NC(=O)Cn2cnc3sc(C(=O)NC4CCCC(C)C4C)c(C)c3c2=O)cc1Cl,0,0.519561681901914,0.0260765128108828,3.410441,0.0435903572181314,0.17487404370061194
4028,COc1ccccc1/C=C/c1onc(C)c1S(=O)(=O)N1CCC(C(=O)NC2CCCCC2)CC1,0,0.633163861740443,0.0117886820636617,-8.6124115,0.0257763774852655,0.12428749105522104
4029,Cc1noc(/C=C/c2ccccc2F)c1S(=O)(=O)N1CCC(C(=O)NC2CCCCCC2)CC1,0,0.601999855782928,0.0086787748688795,-11.804498,0.0227262414308401,0.20606162445317908
4030,Cc1cccc(/C=C/c2onc(C)c2S(=O)(=O)N2CCC(C(=O)NC3CCCCCC3)CC2)c1,0,0.598828573401047,0.0113044667928848,-8.771965,0.0242422213140176,0.1481989207264871
4031,CCc1ccccc1N(C)S(=O)(=O)c1ccc2[nH]cc(C(=O)N3CCCCC3)c(=O)c2c1,0,0.639770011435996,0.0025413035302209,3.611239,0.0294993624001642,0.31632182486118693
4032,CCCCN(CC)C(=O)c1c[nH]c2ccc(S(=O)(=O)N(C)c3cccc(C)c3)cc2c1=O,0,0.557312207530811,0.0027395397275303,0.18745947,0.0437385846400812,0.2668968155166915
4033,CC(C)c1ccc(N(C)S(=O)(=O)c2ccc3[nH]cc(C(=O)N(C)Cc4ccccc4)c(=O)c3c2)cc1,0,0.394128432104465,0.0477637128199731,5.3982477,0.0319826880733124,0.26267753276794925
4034,CCCN(CCC)C(=O)c1c[nH]c2ccc(S(=O)(=O)N(C)c3ccc(C(C)C)cc3)cc2c1=O,0,0.475986977851579,0.0448835003356864,3.081716,0.0464759910532977,0.37608711494463015
4035,CCN(CC)C(=O)c1c[nH]c2ccc(S(=O)(=O)N(C)c3ccc(C(C)C)cc3)cc2c1=O,0,0.583867671147754,0.0058448598716802,0.2262541,0.0739680496079015,0.36117864868444627
4036,COc1ccc(-n2nc(C(=O)Nc3cccc(NC(C)=O)c3)c3ccccc3c2=O)c(OC)c1,0,0.456599818419884,0.0066816738092762,-4.228948,0.0953412612097981,0.15306854867046976
4037,CCc1ccc(CNC(=O)c2cc(-c3ccc(NC(C)=O)cc3)nc3ccccc23)cc1,0,0.438971388214879,0.305696712374097,-3.9643097,0.0275032718235495,0.19846895290780198
4038,COc1cc(OC)cc(C(=O)N2CCCC(c3nnc(C(=O)Nc4ccc(F)cc4)s3)C2)c1,0,0.586094300948218,0.0017848810886767,-6.9652023,0.0374839814108184,0.1589178838810426
4039,CCOc1ccc(C(=O)N2CCCC(c3nnc(C(=O)Nc4ccc(F)cc4)s3)C2)cc1,0,0.59873671765802,0.0064412455054063,-9.120979,0.0377548014943762,0.15177647060404287
4040,O=C(Nc1ccc(F)cc1)c1nnc(C2CCCN(C(=O)c3cccc(F)c3)C2)s1,0,0.679323070081912,0.0017102342692702,-10.240651,0.0305464463158221,0.1966303761496165
4041,Cc1ccc(C(=O)N2CCCC(c3nnc(C(=O)Nc4ccc(Cl)cc4)s3)C2)cc1,0,0.633482225184411,0.0022523572158199,-5.8122067,0.0139526056665337,0.1260500952981532
4042,O=C(Nc1ccc(Cl)cc1)c1nnc(C2CCCN(C(=O)c3c(F)cccc3F)C2)s1,0,0.607220393724467,0.0025990948989157,-3.893793,0.0380866664314875,0.21126183928746967
4043,Cc1ccc(NC(=O)c2nnc(C3CCCN(C(=O)c4c(F)cccc4F)C3)s2)cc1,0,0.650085938101838,0.0023594433106491,-4.1031904,0.031905829319348,0.14854670217645602
4044,N#Cc1ccc(C(=O)N2CCCC(c3nnc(C(=O)Nc4cccc(F)c4)s3)C2)cc1,0,0.671674823240257,0.0019279746856207,-11.110648,0.00140319245584,0.05635757513810373
4045,Cc1ccc(C(=O)N2CCCC(c3nnc(C(=O)Nc4cccc(F)c4)s3)C2)cc1,0,0.679168752779013,0.0019370846044203,-10.957094,0.0195419975771204,0.13389430992128845
4046,O=C(Nc1cccc(F)c1)c1nnc(C2CCCN(C(=O)c3c(F)cccc3F)C2)s1,0,0.651056666408491,0.0023781659606798,-8.608682,0.0465879169068135,0.23145583759247906
4047,O=C(Nc1cccc(F)c1)c1nnc(C2CCCN(C(=O)c3ccccc3Cl)C2)s1,0,0.637570273871763,0.0025925384120526,-7.204594,0.0179240172154278,0.18647991481975507
4048,Cc1ccc(C(=O)N2CCCC(c3nnc(C(=O)Nc4cccc(Cl)c4)s3)C2)cc1,0,0.633482225184411,0.0026161795642247,-6.177377,0.0110159444561672,0.11526776019981803
4049,O=C(Nc1cccc(Cl)c1)c1nnc(C2CCCN(C(=O)c3ccccc3)C2)s1,0,0.667671989457005,0.0020603426810548,-6.762098,0.0090607532688311,0.1233364114596808
4050,O=C(Nc1ccccc1)c1nnc(C2CCCN(C(=O)c3c(F)cccc3F)C2)s1,0,0.679323070081912,0.0019791166543662,-4.885749,0.0243716713804012,0.17534594362634726
4051,COc1cccc(NC(=O)N2CCCC(c3nnc(C(=O)Nc4ccc(F)cc4)s3)C2)c1,0,0.596319468565267,0.0044174847694229,-5.3586917,0.0332504671135544,0.1512117656512954
4052,Cc1cc(C)cc(NC(=O)N2CCCC(c3nnc(C(=O)Nc4ccc(F)cc4)s3)C2)c1,0,0.584675038199127,0.0119373104267816,-0.7525021,0.0219043240502371,0.11440884586595697
4053,Cc1ccc(NC(=O)N2CCCC(c3nnc(C(=O)Nc4ccc(F)cc4)s3)C2)c(Cl)c1,0,0.537690501066998,0.0217286423198359,-2.6442013,0.0327656016662483,0.16336715930188211
4054,COc1ccc(OC)c(NC(=O)N2CCCC(c3nnc(C(=O)Nc4ccc(F)cc4)s3)C2)c1,0,0.537575899363506,0.0051205613833572,-4.9289813,0.0517489663122486,0.14158694291582974
4055,Cc1ccc(Cl)cc1NC(=O)N1CCCC(c2nnc(C(=O)Nc3ccc(F)cc3)s2)C1,0,0.537690501066998,0.0197683750840309,-3.7811284,0.0388830172841063,0.1544001287522697
4056,CCOc1ccc(NC(=O)N2CCCC(c3nnc(C(=O)Nc4ccc(F)cc4)s3)C2)cc1,0,0.543642086776192,0.0042415389164297,-5.844386,0.0959454470752903,0.14344850228914705
4057,CCc1ccccc1NC(=O)N1CCCC(c2nnc(C(=O)Nc3ccc(F)cc3)s2)C1,0,0.575054472955039,0.0195758485194813,-7.468867,0.0212817618919349,0.12841797099818317
4058,O=C(Nc1ccc(F)cc1)c1nnc(C2CCCN(C(=O)NCc3ccccc3)C2)s1,0,0.628693563436014,0.0118499304933286,-7.8499703,0.0130927058237635,0.11938842025464873
4059,O=C(Nc1ccc(F)cc1)c1nnc(C2CCCN(C(=O)Nc3ccccc3F)C2)s1,0,0.622497391796336,0.0062911186757092,-6.8248844,0.0363814927458108,0.19373408647620355
4060,COc1ccc(C)cc1NC(=O)N1CCCC(c2nnc(C(=O)Nc3ccc(F)cc3)s2)C1,0,0.56669196965438,0.0059224019327399,-3.6852546,0.0381664552907854,0.11449256768896043
4061,CSc1cccc(NC(=O)N2CCCC(c3nnc(C(=O)Nc4ccc(F)cc4)s3)C2)c1,0,0.507927170213844,0.0202270713611598,-6.9899974,0.0177434906116566,0.1291000493932413
4062,Cc1ccc(NC(=O)c2nnc(C3CCCN(C(=O)Nc4ccc(C)c(C)c4)C3)s2)cc1,0,0.578206839382936,0.0235908644769493,-4.8636913,0.013936420248377,0.11073314069641556
4063,Cc1ccc(NC(=O)c2nnc(C3CCCN(C(=O)Nc4ccccc4F)C3)s2)cc1,0,0.619532167455388,0.0038827364881855,-5.9757147,0.0216941121843073,0.13057410225602356
4064,Cc1ccc(NC(=O)N2CCCC(c3nnc(C(=O)Nc4cccc(F)c4)s3)C2)c(Cl)c1,0,0.537690501066998,0.0216700373744079,-5.9915404,0.0321363270118334,0.15668637824706927
4065,Cc1ccccc1NC(=O)N1CCCC(c2nnc(C(=O)Nc3cccc(F)c3)s2)C1,0,0.619532167455388,0.0059118695274577,-7.9920506,0.0234500346637973,0.13744331396369663
4066,CCc1ccccc1NC(=O)N1CCCC(c2nnc(C(=O)Nc3cccc(F)c3)s2)C1,0,0.575054472955039,0.0166486038319415,-10.06687,0.0233395612476734,0.12475706984967508
4067,Cc1ccc(NC(=O)N2CCCC(c3nnc(C(=O)Nc4cccc(F)c4)s3)C2)cc1F,0,0.589875180499631,0.0088156837391234,-8.279639,0.0365059710403302,0.17430266489213006
4068,Cc1ccccc1NC(=O)N1CCCC(c2nnc(C(=O)Nc3cccc(Cl)c3)s2)C1,0,0.568124988137427,0.0217451334066972,-3.3581486,0.0146507236645014,0.1440468655144837
4069,CN(CCc1noc(C(=O)NCc2ccc(Cl)cc2)n1)C(=O)Nc1ccccc1Br,0,0.516623866986133,0.0132761925663058,10.067948,0.0328561538743934,0.17301102489973336
4070,Cc1cccc(NC(=O)N(C)CCc2noc(C(=O)NCc3ccc4c(c3)OCO4)n2)c1C,0,0.566633536889402,0.0350275356006254,16.51688,0.0382619561400737,0.12978780666286613
4071,Cc1ccc(NC(=O)N(C)CCc2noc(C(=O)NCc3ccc4c(c3)OCO4)n2)c(Cl)c1,0,0.541629836839092,0.0112821765131379,12.189334,0.0416196800069496,0.1395139490171325
4072,Cc1ccccc1NC(=O)c1nnc(COc2ccc(C(=O)NC3CCCCC3)cc2)s1,0,0.542294085794018,0.0167656809351817,-3.0395513,0.0099599902053793,0.12497576089325621
4073,Cc1ccc(C(=O)N(C)CCc2noc(-c3ccc(C(=O)NCCC(C)C)cc3)n2)cc1,0,0.546897236520153,0.0169226526887934,-2.2007601,0.0195636757629922,0.12904559573104799
4074,Cc1nc(-c2nnn(-c3ccc(F)cc3)c2C)sc1C(=O)NC1CCCC1,0,0.741013052708741,0.0049670871852984,-10.934614,0.0263542303505818,0.08652287970171212
4075,CCn1cnc2c(-c3ccc(Br)cc3)csc2c1=O,0,0.711716984805067,0.0696764808754032,2.60317,0.0306346381160897,0.3078263599740881
4076,O=C(NCc1ccc(C(F)(F)F)cc1)c1nnn(Cc2ccccc2)c1-n1cccc1,0,0.506682095508851,0.0069165936103409,0.57851255,0.0320273624931131,0.11145073743895093
4077,Cc1ccc(N(C)C(=O)c2c3c(cn(-c4ccccc4)c2=O)C(=O)CC(C)(C)C3)cc1C,0,0.597016550529642,0.107319941611871,-3.4831276,0.0353840544405737,0.2765417250030734
4078,CCc1cccc(NC(=O)c2c3c(cn(-c4ccccc4)c2=O)C(=O)CC(C)(C)C3)c1,0,0.666291137891286,0.0030792332851266,5.180284,0.0345458664225743,0.16326795528547652
4079,Cc1ccc(Cc2nc3nc4c(c(N5CCN(c6cccc(C)c6)C(C)C5)n3n2)CCC4)cc1,0,0.455165731351511,0.0071006680067262,9.241878,0.0207133996200587,0.09902070957720693
4080,Cc1ccc(Cc2nc3nc4c(c(N5CCN(c6cccc(C)c6C)CC5)n3n2)CCCC4)cc1,0,0.430528678231434,0.0158124264141389,6.9166646,0.0258554059293197,0.14862093212651084
4081,Cc1nc(N)sc1C(=O)O,0,0.631336644844722,0.993438979735324,17.943138,0.7355948877806147,0.7025518288183115
4082,O=C(c1ccc(SCCN2CCCCC2)nc1)N1CCCC1,0,0.782060704421441,0.0272366891430198,3.6244793,0.0449146617953666,0.1349109982830456
4083,O=C(NC1CCN(Cc2ccccc2)CC1)c1ccc(SCCN2CCCCC2)nc1,0,0.630220186389175,0.127825188827533,-3.4981337,0.0337029865767799,0.34098643174214877
4084,O=C(c1ccc(SCCN2CCCCC2)nc1)N1CCCCC1,0,0.774937671022666,0.043724270418305,5.411448,0.0478656348589944,0.3450698045557764
4085,O=C(NCc1ccco1)c1ccc(SCCN2CCOCC2)nc1,0,0.773215566253973,0.0154466447073334,6.605598,0.060185611705121,0.16423757146073573
4086,COc1cccc(NC(=O)C2CCN(c3cc(C)nc4cc(-c5ccc(C)cc5)nn34)CC2)c1,0,0.464555702274877,0.0032606632669677,-11.362913,0.031642362231064,0.09156486042899584
4087,Cc1ccc(-c2cc3nc(C)cc(N4CCC(C(=O)NCc5ccccc5Cl)CC4)n3n2)cc1,0,0.432470462517932,0.0107381876921089,-13.981666,0.0246581201204786,0.09379972432222525
4088,Cc1ccc(-c2cc3nc(C)cc(N4CCC(C(=O)NCc5ccc(Cl)cc5)CC4)n3n2)cc1,0,0.432470462517932,0.0308828788018186,-11.977724,0.02757988770373,0.0946772375941616
4089,Cc1ccc(-c2cc3nc(C)cc(N4CCC(C(=O)Nc5c(C)cccc5C)CC4)n3n2)cc1,0,0.444122602190989,0.15048907631385,-6.4722548,0.030818011385166,0.10207205105732972
4090,Cc1ccc(-c2cc3nc(C)cc(N4CCC(C(=O)Nc5ccc(F)cc5)CC4)n3n2)cc1,0,0.481798725080477,0.010228602216578,-11.943677,0.0581287627068181,0.12026390606717023
4091,Cc1ccc(-c2cc3nc(C)cc(N4CCC(C(=O)Nc5cc(C)ccc5C)CC4)n3n2)cc1,0,0.444122602190989,0.0949856447756421,-9.067359,0.0318167109070835,0.10649157813631778
4092,Cc1ccc(-c2cc3nc(C)cc(N4CCC(C(=O)Nc5ccc(C)cc5C)CC4)n3n2)cc1,0,0.444122602190989,0.124936543076674,-11.484478,0.0294272228767732,0.10294921910761376
4093,COc1ccc(OC)c(NC(=O)C2CCN(c3cc(C)nc4cc(-c5ccc(C)cc5)nn34)CC2)c1,0,0.419064594779317,0.0221588466616705,-10.373257,0.0346194887393644,0.10722070695206729
4094,Cc1ccc(-c2cc3nc(C)cc(N4CCC(C(=O)Nc5ccc(C)cc5Cl)CC4)n3n2)cc1,0,0.404735388046805,0.0200555749385004,-8.999649,0.0422730017280293,0.10143436636712788
4095,Cc1ccc(-c2cc3nc(C)cc(N4CCC(C(=O)NCc5cccc(C)c5)CC4)n3n2)cc1,0,0.469046600168167,0.0389209289515524,-10.791025,0.0218658753239208,0.08839330855285668
4096,CCc1cccc(C)c1NC(=O)C1CCN(c2cc(C)nc3cc(-c4ccc(C)cc4)nn23)CC1,0,0.4065954412149,0.043633757417105,-6.037866,0.0370470659574486,0.11434372924697458
4097,Cc1ccc(-c2cc3nc(C)cc(N4CCC(C(=O)Nc5ccc(C)c(F)c5)CC4)n3n2)cc1,0,0.450816435923174,0.0481552394712542,-9.668908,0.0453695501899899,0.11343144456367024
4098,Cc1cc(N2CCC(C(=O)Nc3c(C)cccc3C)CC2)n2nc(-c3ccc(Cl)cc3)cc2n1,0,0.404735388046805,0.0828798876642524,-7.287676,0.0367459225682858,0.10401472942556726
4099,CCc1ccccc1NC(=O)C1CCN(c2cc(C)nc3cc(-c4ccc(Cl)cc4)nn23)CC1,0,0.399039163281077,0.0361799406293713,-13.655427,0.0500960662388497,0.10217796985431912
4100,CCc1ccc(NC(=O)C2CCN(c3cc(C)nc4cc(-c5ccc(Cl)cc5)nn34)CC2)cc1,0,0.399039163281077,0.0342977894029484,-10.923503,0.0421105119586114,0.1034791558050073
4101,Cc1ccc(NC(=O)C2CCN(c3cc(C)nc4cc(-c5ccc(Cl)cc5)nn34)CC2)cc1,0,0.436032205840395,0.0232729204452854,-10.2805605,0.0433712554702819,0.10207967134587623
4102,COc1ccc(-c2cc3nc(C)cc(N4CCC(C(=O)Nc5ccc(C(C)C)cc5)CC4)n3n2)cc1,0,0.381354164009217,0.0312861323946538,-10.926695,0.0323169122927,0.08895834163256396
4103,CC(=O)c1ccc(NC(=O)C2CCN(c3cc(C)nc4cc(-c5ccc(F)cc5)nn34)CC2)cc1,0,0.418941683370101,0.0221327070616664,-12.543807,0.1418938559195202,0.11748035131632246
4104,Cc1cc(N2CCC(C(=O)NCc3ccc(Cl)cc3)CC2)n2nc(-c3ccc(F)cc3)cc2n1,0,0.437649856326318,0.0920433405466589,-14.523225,0.0353910886942852,0.0986922883908296
4105,CCc1ccccc1NC(=O)C1CCN(c2cc(C)nc3cc(-c4ccc(F)cc4)nn23)CC1,0,0.444010753754449,0.0220627580049578,-14.598254,0.0562713299805402,0.09898571423976155
4106,Cc1cc(N2CCC(C(=O)Nc3ccccc3C)CC2)n2nc(-c3ccc(F)cc3)cc2n1,0,0.481798725080477,0.147166357379228,-12.42302,0.0558545091705582,0.1070411653566801
4107,CC(=O)c1cccc(NC(=O)C2CCN(c3cc(C)nc4cc(-c5ccc(F)cc5)nn34)CC2)c1,0,0.418941683370101,0.0125257429547861,-10.226098,0.1718049662901134,0.11534821298996215
4108,Cc1cc(N2CCC(C(=O)NCc3ccc(F)cc3Cl)CC2)n2nc(-c3ccc(F)cc3)cc2n1,0,0.414752031936769,0.0654819706091254,-14.134383,0.1096036941644067,0.11233912434359161
4109,Cc1cc(N2CCC(C(=O)NCc3ccccc3)CC2)n2nc(-c3ccccc3F)cc2n1,0,0.497411913396526,0.090183376329569,-14.714099,0.0314908919524081,0.08996187656604095
4110,Cc1ccc(CNC(=O)C2CCN(c3cc(C)nc4cc(-c5ccccc5F)nn34)CC2)cc1,0,0.47254556205397,0.0548012995438087,-12.337554,0.029438001402563,0.09072713091661082
4111,Cc1cc(N2CCC(C(=O)NC(C)c3ccccc3)CC2)n2nc(-c3ccccc3F)cc2n1,0,0.461272108506521,0.0879027119378705,-15.560599,0.0906506583520483,0.09609841743649397
4112,COc1ccccc1CNC(=O)C1CCN(c2cc(C)nc3cc(-c4ccccc4F)nn23)CC1,0,0.44992586868376,0.0166406316625495,-10.1255865,0.0409310139859461,0.08753197623342995
4113,Cc1cc(N2CCC(C(=O)NCc3ccccc3F)CC2)n2nc(-c3ccccc3F)cc2n1,0,0.474946723844911,0.0299064535270113,-11.028549,0.0551891648650684,0.10460866803651644
4114,CCc1ccc(CNC(=O)C2CCN(c3cc(C)nc4cc(-c5ccccc5F)nn34)CC2)cc1,0,0.432779686021153,0.153778893883636,-10.666458,0.0314555042379208,0.09449657780379497
4115,Cc1cc(N2CCC(C(=O)NCc3cccc(Cl)c3)CC2)n2nc(-c3ccccc3)cc2n1,0,0.461191804125603,0.0165919288541212,-9.284634,0.0266729470212902,0.09451722936360892
4116,Cc1cc(N2CCC(C(=O)NC(C)C)CC2)n2nc(-c3ccccc3)cc2n1,0,0.756467610415571,0.0013418593727336,-15.451234,0.0403845794862936,0.13597604942797187
4117,CCCNC(=O)C1CCN(c2cc(C)nc3cc(-c4ccccc4)nn23)CC1,0,0.739753848311019,0.0016945412549175,-18.388226,0.0418116780789307,0.10874982659998307
4118,Cc1cc(N2CCC(C(=O)NCCC(C)C)CC2)n2nc(-c3ccccc3)cc2n1,0,0.67111693734743,0.007566224441236,-20.489534,0.0197196437734254,0.09700226013005013
4119,Cc1cc(N2CCC(C(=O)NCc3ccc(F)cc3)CC2)n2nc(-c3ccccc3)cc2n1,0,0.497411913396526,0.0768303116862703,-14.937057,0.0274441527780884,0.09373840539584642
4120,Cc1cc(N2CCC(C(=O)NCc3cccc(F)c3)CC2)n2nc(-c3ccccc3)cc2n1,0,0.497411913396526,0.0546417160404214,-15.541373,0.0302521171964636,0.09596178519412188
4121,Cc1cc(C)cc(-c2cc3nc(C)cc(N4CCC(C(=O)NCc5ccc(F)cc5)CC4)n3n2)c1,0,0.445329136609868,0.216605975171137,-8.7905655,0.0339383910613217,0.1099687204082765
4122,CCCN(CCC)S(=O)(=O)c1cc(-c2nc(-c3ccccc3)no2)sc1C,0,0.547977494126071,0.0125775243796205,-9.228102,0.0151345795948157,0.1481387710985703
4123,O=C(CC1CCN(C(=O)c2ccc3oc(C4CC4)nc3c2)CC1)NC1CCCCC1,0,0.794316554590306,0.0061187451883168,1.941904,0.0226645716256343,0.08609408814602625
4124,Cc1ccc(-c2noc(C3CC3)n2)cc1S(=O)(=O)NC(C)C(=O)NC1CCCCC1,0,0.69502967188012,0.0040562182787205,-8.990643,0.0275196821918461,0.08396754946296107
4125,Cc1ccc(-c2noc(C3CC3)n2)cc1S(=O)(=O)NC(C)C(=O)N1CCOCC1,0,0.752008177306786,0.0040899393376244,-16.225763,0.0391575437356733,0.07586999718266446
4126,Cc1ccc(N(C)S(=O)(=O)c2c(C)c(C)cc3c(C)c(C(=O)N4CCCCCC4)oc23)cc1,0,0.506329917048818,0.0089974695206603,2.2741895,0.0290894031590197,0.4657668049523518
4127,O=C(NCc1ccc(Cl)cc1)c1nc(N2CCCCC2)c2oc3ccccc3c2n1,0,0.505412191704422,0.016645920375106,-7.0858874,0.0162636993219734,0.10904485695539712
4128,Cc1ccc(CNC(=O)c2nc(N3CCCCC3)c3oc4ccccc4c3n2)cc1,0,0.541845323261918,0.0056290846483759,-6.0527816,0.0077798660698213,0.09404202136850226
4129,O=C(NCc1cccc(Br)c1)c1nc(N2CCCCC2)c2oc3ccccc3c2n1,0,0.456454554373616,0.0292890590841097,-1.7333866,0.0192016091117013,0.11246325761692114
4130,CN(Cc1ccccc1)C(=O)c1nc(N2CCCCCC2)c2oc3ccccc3c2n1,0,0.468721523658995,0.301788976187464,0.3236723,0.0105249590199409,0.12789928264143094
4131,O=C(NCc1ccc(Cl)cc1)c1nc(N2CCCCCC2)c2oc3ccccc3c2n1,0,0.469056281728364,0.026047603081906,-6.8488503,0.0125564636056248,0.12236724200389068
4132,O=C(NC1CCCCCC1)c1nc(N2CCCCCC2)c2oc3ccccc3c2n1,0,0.604753542377245,0.0290235652073153,-6.8916097,0.0087749211298727,0.11958528295682161
4133,COc1ccccc1CNC(=O)c1nc(N2CCCCCC2)c2oc3ccccc3c2n1,0,0.494546618108284,0.0462596230682154,-2.3509183,0.006957148548849,0.09898168485339097
4134,O=C(Nc1ccc(CCc2nc3ccccc3n2-c2ccccc2)cc1)NC1CCCCC1,0,0.37294210799855,0.0810523547273301,3.6745095,0.0282184011544185,0.11365028528329368
4135,O=C(NCCN1CCCCCC1)c1cccc(-c2cnc(NC3CCCCC3)nc2)c1,0,0.689083718532401,0.413853267559132,-11.245992,0.0161350498179008,0.20086413908594616
4136,CCCNC(=O)c1cccc(Nc2ncc(-c3cccc(C)c3)cn2)c1,0,0.696802489338806,0.0079028218347878,-5.635197,0.0132810200891581,0.1832174824112256
4137,O=C1CCCc2c1cc(C(=O)NC1CCCCCC1)c(=O)n2-c1ccc(C(F)(F)F)cc1,0,0.687184635646872,0.009134193720726,-3.6527672,0.131069945052868,0.38119724237118696
4138,Cc1ccc(-c2ccnc3c(C(=O)NCC(C)O)cnn23)cc1C,0,0.770306459476122,0.0052699021547826,-4.1790595,0.1433711075711633,0.34083901175587583
4139,Cc1ccc(-c2ccnc3c(C(=O)NCC(C)c4ccccc4)cnn23)cc1C,0,0.549227351786932,0.0336154082038974,0.5202371,0.0113958936069339,0.1749772711034643
4140,CC(C)c1ccc(-c2ccnc3c(C(=O)NC4CC4)cnn23)cc1,0,0.801163859934158,0.0057130142577666,-4.1370087,0.0223080166970617,0.07131349043560165
4141,CC1CCN(C(=O)c2cnn3c(-c4ccc(C(C)C)cc4)ccnc23)CC1,0,0.694133346092781,0.0169318392367463,6.947039,0.0184095636148626,0.12537153029577133
4142,CCCCC(=O)Nc1ccc(OCc2cc(C(=O)NCC3CCCCC3)no2)cc1,0,0.589174428806682,0.0057229422307296,-3.8438926,0.0161928963656711,0.12340254802289323
4143,CC(C)CC(=O)Nc1ccc(OCc2cc(C(=O)NC3CCCCC3)no2)cc1,0,0.690180611875608,0.0056567543915544,-8.34608,0.0142822524867641,0.11834452007770942
4144,CCc1ccc(CNC(=O)c2ccc(-c3nc(CCN(C)C(=O)Nc4ccccc4)no3)cc2)cc1,0,0.351400033514268,0.102179505069502,4.41929,0.019400482176467,0.11647949631948644
4145,CCC(C)NC(=O)c1ccc(-c2nc(CCN(C)C(=O)Nc3ccccc3C)no2)cc1,0,0.550033245577242,0.0181181956577439,5.486149,0.0218945184119697,0.13888034739343696
4146,Cc1cccc(NC(=O)N(C)CCc2noc(-c3ccc(C(=O)NC4CCCCCC4)cc3)n2)c1,0,0.457366580391115,0.126335920098592,2.261293,0.0197870778136698,0.1154150836746181
4147,Cc1cccc(NC(=O)N(C)CCc2noc(-c3ccc(C(=O)NC4CCCCC4)cc3)n2)c1,0,0.525695992955266,0.0182234421804475,2.0719166,0.0195149558751159,0.11477051929862943
4148,Cc1ccc(NC(=O)N(C)CCc2noc(-c3ccc(C(=O)NC4CCCC4)cc3)n2)cc1,0,0.558274890024275,0.0132043144381457,1.0001439,0.0206467149305262,0.06910202947295256
4149,Cc1ccc(NC(=O)N(C)CCc2noc(-c3ccc(C(=O)NCCN(C)C)cc3)n2)cc1,0,0.519390676168492,0.0177868028814862,3.1574244,0.0828020411791896,0.1828482754282016
4150,Cc1ccc(NC(=O)N(C)CCc2noc(-c3ccc(C(=O)NC(C)c4ccccc4)cc3)n2)cc1,0,0.356865117928878,0.225418233267952,3.3785162,0.0286665633598059,0.11349412668136785
4151,Cc1ccc(NC(=O)N(C)CCc2noc(-c3ccc(C(=O)NC4CCCCC4)cc3)n2)cc1,0,0.525695992955266,0.0144485560630989,1.5056645,0.0242418006425082,0.12626875445317848
4152,Cc1ccc(NC(=O)N(C)CCc2noc(-c3ccc(C(=O)NCCN4CCCC4)cc3)n2)cc1,0,0.48935086539462,0.0873310048088195,0.31795692,0.0508036887508508,0.0872136217553374
4153,CCCCN(C)C(=O)c1ccc(-c2cccc(F)c2)nc1,0,0.838157870097693,0.0034133591270466,-9.868922,0.0408066239472949,0.3797852862326506
4154,COc1ccc(C2(C(=O)NCc3ccc(S(=O)(=O)N4CCCCCC4)s3)CC2)cc1,0,0.701272038385801,0.0092776798813173,4.5519357,0.0135779217544911,0.102024879545672
4155,CCC1CCCCN1S(=O)(=O)c1cc(-c2nc(C)c(C(=O)N3CCCCCC3)s2)n(C)c1C,0,0.604425100019015,0.0076003611971603,0.004348874,0.0299750771704565,0.15813810193933514
4156,Cc1nc(-c2cc(S(=O)(=O)N3CCCCC3C)c(C)n2C)sc1C(=O)N1CCCCCC1,0,0.654901545877614,0.004257281448692,-3.0289788,0.0314518679716399,0.1539657911296757
4157,CCCCN(C)C(=O)c1cn(-c2ccc(Cl)cc2)nn1,0,0.851295760682285,0.0066786112841196,-14.778297,0.0229036918720563,0.2130846836278677
4158,CCCCN(CC)C(=O)c1cn(-c2ccc(Cl)cc2)nn1,0,0.823330044245859,0.0026283314536988,-14.889503,0.029484099301187,0.16865208668421255
4159,CC(C)NC(=O)c1cn(-c2ccc(F)cc2)nn1,0,0.895971079615631,0.0111686255548665,-12.173436,0.0595997269936345,0.33519322883642494
4160,CCCNC(=O)c1cn(-c2ccccc2Cl)nn1,0,0.919543488758419,0.0028757941194986,-17.629837,0.0364140658949508,0.18805826809479384
4161,O=C(NC1CCCCCC1)c1ccc(-c2c(-c3ccc(F)cc3)ncn2C2CCCCC2)o1,0,0.43073279638711,0.0646008601103947,4.0458984,0.027995868754032,0.10395811804579266
4162,Cn1c(=O)n(Cc2ccc(F)cc2)c(=O)c2cnc(-c3cccs3)nc21,0,0.556827651265205,0.0048876945641272,-4.895942,0.0290697066172615,0.14965107731319324
4163,COc1ccc(-c2ncc3c(=O)n(Cc4ccc(F)cc4)c(=O)n(C)c3n2)cc1,0,0.532756800127173,0.0167708934022715,-4.4756417,0.0557713254525698,0.4213255758381987
4164,CCC(C)NC(=O)c1cccnc1Oc1cccc(NS(=O)(=O)c2ccc(CC(C)C)cc2)c1,0,0.403970227157406,0.0890229636049552,4.772432,0.0637287930689824,0.1815903187603311
4165,COC(=O)c1ncoc1-c1ccccc1C(=O)NCc1ccccn1,0,0.718764282422558,0.0031840435756117,-7.6332192,0.0396259340938413,0.184488034650855
4166,COC(=O)c1ncoc1-c1ccccc1C(=O)NCc1ccc(Cl)cc1,0,0.692185931727639,0.0009906713991592,-6.7586846,0.0240413385899403,0.2859099435058403
4167,COC(=O)c1ncoc1-c1ccccc1C(=O)NC1CCCC1,0,0.877597259373704,0.0007168131972486,-7.0951114,0.0280726726332939,0.13101579963109683
4168,COC(=O)c1ncoc1-c1ccccc1C(=O)NCc1ccccc1OC,0,0.674426828557086,0.0023619205491624,-4.8703017,0.0262229978757059,0.18869750429760507
4169,Cn1c(=O)n(CC(=O)N2CCCC2)c(=O)c2cc(S(=O)(=O)NC3CCCCCC3)ccc21,0,0.674169640045509,0.0061202966031471,-8.214678,0.1733717918841588,0.2723042403231407
4170,CCOc1ccc(-c2csc(C)n2)cc1S(=O)(=O)N1CCN(C(=O)c2ccco2)CC1,0,0.559469276210898,0.0019649543508181,-0.6779304,0.0436588570339063,0.1002515334425629
4171,CCOc1ccc(-c2csc(C)n2)cc1S(=O)(=O)N(CC)Cc1ccccc1,0,0.532688411505965,0.0029625197780235,2.0869026,0.0271548825696216,0.315797602943821
4172,COc1ccccc1-n1ccnc(NC(=O)c2cccc(C)c2)c1=O,0,0.795562060907587,0.0020180106456487,-8.5814,0.0303584343883493,0.22507800781192375
4173,O=C(CCc1c(-c2ccc(F)cc2)nc2ccccn12)N1CCCCC1,0,0.710058759395195,0.0089214342266115,-3.4933562,0.0355733749986179,0.17477866111188475
4174,Cc1ccc(-c2nc3ccccn3c2CCC(=O)Nc2cccc(Cl)c2)cc1,0,0.487116355122176,0.0126771530181846,8.633432,0.0170214412208986,0.167025853498789
4175,Cc1ccc(-c2nc3ccccn3c2CCC(=O)Nc2ccccc2F)cc1,0,0.533857226908497,0.162940605116783,5.824084,0.0269792394410713,0.23186418902447295
4176,Cc1ccc(-c2nc3ccccn3c2CCC(=O)Nc2ccc(F)cc2)cc1,0,0.533857226908497,0.0586055233387868,7.582045,0.0208045067056137,0.2412427764770982
4177,O=C(CCc1c(-c2ccc(Cl)cc2)nc2ccccn12)N1CCOCC1,0,0.707310345795347,0.015074263366718,-3.0120134,0.0287510912077691,0.17185406304299317
4178,CC(C)Oc1ccc(CNC(=O)CCc2c(-c3ccc(Cl)cc3)nc3ccccn23)cc1,0,0.377138562998884,0.0712608231886751,4.579145,0.0309017456229473,0.142418747791997
4179,CCC(C)NC(=O)CCc1c(-c2ccc(Br)cc2)nc2ccccn12,0,0.656952247560245,0.0138794489290968,6.011932,0.0227724228654551,0.16758437924548175
4180,CCc1ccc(CNC(=O)CCc2c(-c3ccc(Br)cc3)nc3ccccn23)cc1,0,0.39017121313097,0.544174897524962,8.859598,0.0224719820155075,0.22075305705463855
4181,O=C(CCc1c(-c2ccccc2)nc2ccccn12)Nc1ccccc1Br,0,0.474203183018436,0.256375576249266,6.691706,0.0196084438245028,0.17771699819187164
4182,CCNC(=O)c1ccc(Sc2ccc(NS(=O)(=O)c3ccc(Cl)cc3)cc2)nc1,0,0.558697907466684,0.0607362606166339,3.2412515,0.0579139798716013,0.24718461652575932
4183,CCNC(=O)c1ccc(Sc2ccc(NS(=O)(=O)c3ccc(F)cc3)cc2)nc1,0,0.591967108315521,0.200728805349931,1.96288,0.0428696873775669,0.23894620238604639
4184,CC(C)NC(=O)c1ccnc(-c2cccs2)c1,0,0.904333918021978,0.0075467415193219,-5.441242,0.0551452214401223,0.11323167789300821
4185,Cc1ccc(-c2ncccc2C(=O)Nc2cccc(Cl)c2)s1,0,0.732754493583905,0.758835619388567,5.262917,0.0183078359339151,0.10232066503480211
4186,CC(C)Cc1ccc(S(=O)(=O)Nc2ccc(Oc3ccc(C(=O)NC4CC4)cn3)cc2)cc1,0,0.47462027448968,0.0576961319057999,-2.9833264,0.0533987733425558,0.16962694229601313
4187,CCc1ccccc1NC(=O)CSc1nnc2n(Cc3ccc(C)cc3)c(=O)c3c(cnn3C)n12,0,0.353302438039401,0.0037392827965477,8.163711,0.0257236409561252,0.11611470411093376
4188,COc1ccc(NC(=O)CSc2nnc3n(Cc4ccc(C)cc4)c(=O)c4c(cnn4C)n23)cc1,0,0.350305189231788,0.0097253383496241,8.080598,0.0327853071470261,0.11966868610124559
4189,Cc1ccc(Cn2c(=O)c3c(cnn3C)n3c(SCC(=O)Nc4ccccc4)nnc23)cc1,0,0.392194586702896,0.0046753748551504,6.978786,0.0266568383215543,0.11128170106103488
4190,CCc1ccc(NC(=O)NCCn2nnc3cc(C(=O)NC4CCCC4)ccc32)cc1,0,0.544578727871172,0.0027073888245174,5.1688237,0.0398362056170237,0.074688043878396
4191,CCOc1ccc(NC(=O)NCCn2nnc3cc(C(=O)NC4CCCC4)ccc32)cc1,0,0.501738386976863,0.0037536621378701,5.7414756,0.0618046829190263,0.07355604665160617
4192,O=C(NCCn1nnc2cc(C(=O)NC3CCCC3)ccc21)Nc1cccc(F)c1,0,0.581334714753184,0.0048672105311228,2.6633496,0.0704757087830565,0.08023639592635663
4193,CC1CCC(NC(=O)CN2C(=O)CCCc3cc(S(=O)(=O)N4CCC(C)CC4)ccc32)CC1,0,0.706483441711162,0.003215848255375,-10.521277,0.0400455295616377,0.5320100254157085
4194,CCC(C)NC(=O)c1ccc(Oc2nccnc2Sc2ccc(C)cc2)cc1,0,0.593316934552287,0.0854716551736022,-1.0574838,0.0234237854512411,0.23148524484717425
4195,Cc1cc2nc(CSc3ccc(NC(=O)C4CCCCC4)cc3)c(=O)[nH]c2cc1C,0,0.544603555691147,0.0744197970158333,12.454477,0.0126462401247858,0.14221602844946585
4196,Cc1cc2nc(CSc3ccc(NC(=O)CC4CCCCC4)cc3)c(=O)[nH]c2cc1C,0,0.484156416167741,0.219945728936109,10.980522,0.0113253647403438,0.12623446099801255
4197,O=C(Nc1ccc(SCc2nc3ccccc3[nH]c2=O)cc1)C1CCCCC1,0,0.614427920498699,0.0235178705877649,7.3813815,0.0107082406301524,0.1580773377006584
4198,CCc1nc(N2CCCC2=O)sc1C(=O)Nc1cc(C)cc(C)c1,0,0.920514571528881,0.0007120042762694,-1.3023326,0.016917029335728,0.09104334493117724
4199,CCc1nc(N2CCCC2=O)sc1C(=O)Nc1cccc(C)c1,0,0.934983687600575,0.0005772739037988,-12.206146,0.014594994699264,0.08785020741176316
4200,CC1CCN(c2ccc(-c3noc(CCC(=O)N4CCN(C5CCCCC5)CC4)n3)cc2)CC1,0,0.630726355646008,0.0087337113420268,-1.0215614,0.0214871953169184,0.26893659189915475
4201,CCn1c(SCC(=O)NC2CCCCC2)nnc1-c1cn(C)nc1-c1ccc(F)cc1,0,0.558862911104364,0.0083456247408573,1.6901911,0.032116317124001,0.16222021732964165
4202,Cc1ccc(C)c(C(=O)N2CCc3c(c(-c4nc(-c5ccccc5)no4)nn3C)C2)c1,0,0.50821396213132,0.0078196719644741,-18.271885,0.0223796552663365,0.10990723810683714
4203,Cn1nc(-c2nc(-c3ccccc3)no2)c2c1CCN(C(=O)c1ccc(F)c(F)c1)C2,0,0.505113662972509,0.876240277493883,-19.496618,0.0455224403695811,0.18057164201425394
4204,Cn1nc(-c2nnc(-c3ccccc3Cl)o2)c2c1CCN(C(=O)c1ccc(F)c(F)c1)C2,0,0.460887421741694,0.0247509460595195,-12.808757,0.0493439278562583,0.17825200097470728
4205,CC(=O)c1cccc(NC(=O)Cn2c(=O)c(CCC(=O)NC3CCCCC3)nc3ccccc32)c1,0,0.484734976664544,0.0043038282659032,10.497113,0.0301183393277849,0.3066691590544154
4206,Cc1ccc(NC(=O)Cn2c(=O)c(CCC(=O)NC3CCCCC3)nc3ccccc32)cc1C,0,0.55666557083316,0.0038727637191878,7.5314403,0.0204927642203357,0.1900864509856534
4207,O=C(OCc1ccncc1)c1cn(-c2cccc(F)c2)c(=O)c2ccccc12,0,0.508767693332477,0.0009914241580274,-1.1308784,0.0273871063270387,0.30526077742219426
4208,O=C(OCc1ccccn1)c1cn(-c2ccc(F)cc2)c(=O)c2ccccc12,0,0.508767693332477,0.0167744504042018,0.26124537,0.0506337260670199,0.38557516228513156
4209,O=C(OCc1ccccn1)c1cn(-c2cccc(Cl)c2)c(=O)c2ccccc12,0,0.48454061126234,0.0094398560782962,1.2573212,0.0314097294926401,0.27471058753183764
4210,O=C(OCc1ccncc1)c1cn(-c2cccc(Cl)c2)c(=O)c2ccccc12,0,0.48454061126234,0.0023499910141675,0.11698794,0.0247222332099482,0.2951346748120288
4211,Cc1oc(-c2cccc(Cl)c2)nc1CSc1nc2c(c(=O)[nH]1)CN(Cc1ccccc1)CC2,0,0.301605224405566,0.0461066532371157,-4.6952753,0.0297330606189896,0.15475053145704573
4212,Cc1oc(-c2ccccc2)nc1CSc1nc2c(c(=O)[nH]1)CN(Cc1ccccc1)CC2,0,0.346482770358174,0.0041665291771237,-7.002782,0.020413893571024,0.1627331457485543
4213,COc1ccc(-c2nc(CSc3nc4c(c(=O)[nH]3)CN(Cc3ccccc3)CC4)c(C)o2)cc1,0,0.309691298201775,0.005799989935922,-5.0249615,0.0196096234744066,0.13302192768335902
4214,Cc1ccc(CSc2nc3c(c(=O)[nH]2)CN(Cc2ccccc2)CC3)cc1,0,0.54063886942192,0.0036138409747742,-9.931369,0.0380314402822302,0.22512057167135496
4215,O=c1[nH]c(SCc2ccc(F)cc2)nc2c1CN(Cc1ccccc1)CC2,0,0.540054416035608,0.0233636357246366,-13.168164,0.0357022372734619,0.32564832675601324
4216,O=c1[nH]c(SCc2ccc(F)cc2Cl)nc2c1CN(Cc1ccccc1)CC2,0,0.494928195645285,0.004027106438175,-11.310733,0.0341707325222003,0.26947039901334646
4217,O=c1[nH]c(SCc2cc(F)cc(F)c2)nc2c1CN(Cc1ccccc1)CC2,0,0.522280631407702,0.0126351867899804,-16.72607,0.0568781266272089,0.26311487916668713
4218,O=C(c1noc2ccc(S(=O)(=O)NC3CCCCCCC3)cc12)N1CCCC1,0,0.840909718005981,0.0022127167669533,-18.584122,0.0354823932588321,0.08625190681970289
4219,Cc1ccc(C(C)NC(=O)C2CC(=O)N(c3cccc(NC(=O)C4CCC4)c3)C2)c(C)c1,0,0.714021629721967,0.0047098256988547,-14.395486,0.0286216809735296,0.11863542714536361
4220,CCNS(=O)(=O)c1cc(-c2c(CC)noc2NC(C)=O)ccc1OC,0,0.775838170501975,0.0045193032759405,-2.4686558,0.7753601478463569,0.3939562498275609
4221,CC1CCC(NC(=O)c2nc(CCS(=O)(=O)c3ccc(Cl)cc3)no2)CC1,0,0.783185126645561,0.0071440709313353,0.3752433,0.031918788825039,0.1904078387079999
4222,COc1ccc(NC(=O)c2ccc(-c3csc(C4CC4)n3)cc2)cc1,0,0.708285319519124,0.25992798924994,-3.143458,0.0051968383057793,0.08389756868901578
4223,CCCc1nc(-n2cccc2)sc1C(=O)Nc1ccc(F)c(C)c1,0,0.736581594739221,0.0013866779468963,-13.850126,0.0118086861800126,0.08996164106159693
4224,COc1ccc(-c2c(C(=O)NC(C)c3ccccc3)nn3c(C)cc(C)nc23)cc1S(=O)(=O)N1CCCCC1,0,0.359981751599269,0.129092993550626,-11.374739,0.1271133256316379,0.11987686652394935
4225,CC(=O)Nc1cccc(C(=O)Nc2cccc(OCc3nnc(-c4ccc(F)cc4)o3)c2)c1C,0,0.403181954759632,0.0206084846609532,-10.577907,0.0627344527029771,0.16740147090734453
4226,CC(=O)Nc1cccc(C(=O)Nc2cccc(OCc3nnc(-c4ccc(Cl)cc4)o3)c2)c1,0,0.391663157371886,0.0584883149743475,-5.6192393,0.0266430557416914,0.16217819366792516
4227,Cc1ccccc1-c1nnc(COc2ccc(NC(=O)c3n[nH]c4c3CCCC4)cc2)o1,0,0.468145279079011,0.0070066130789893,-10.252431,0.0242366455185134,0.09048239140207828
4228,CNC(=O)c1snc(-c2ccccn2)c1N,0,0.816277465251647,0.0174259951198737,-8.141825,0.061222331239666,0.2841825031431317
4229,CC(=O)Nc1c(-c2ccccn2)nsc1C(=O)NC(C)C,0,0.907491263920086,0.0033642932074378,-7.228949,0.0598775555699587,0.16857511838339334
4230,CCNC(=O)c1snc(-c2ccccn2)c1NC(=O)CC,0,0.88747182492953,0.0032239847229893,-5.148391,0.0472206857856218,0.16899627002564305
4231,Cc1c2c(nn1-c1ccc(SCC(=O)Nc3cccc(C(C)C)c3)nn1)CCC2,0,0.616457412789953,0.0026492738642804,2.3148193,0.0121805784139706,0.08249747752106172
4232,CCOC(=O)c1ccccc1NC(=O)Cn1nc2c(SCc3ccc(Cl)cc3)nccn2c1=O,0,0.292190205925537,0.0043193027597012,4.1566067,0.1878813252591,0.18936092804781152
4233,CCCCc1ccc(NC(=O)Cn2nc3c(SC4CCCCC4)nccn3c2=O)cc1,0,0.566003945139219,0.0062340865530787,5.3792124,0.0147896204978229,0.22842931998707475
4234,COc1ccc(OC)c(-c2ccc(=O)n(CCc3nc(-c4ccc(F)cc4)no3)n2)c1,0,0.450885245766857,0.0012199767518012,5.031791,0.0464325199963643,0.23844474987688682
4235,CCCCc1ccc(NC(=O)CSc2nccc(N3CCCCCC3)n2)cc1,0,0.504575686432704,0.00968143435167,3.9894052,0.0134631846429736,0.23058002076873022
4236,CCn1cc(C(=O)NC2CCC(C)CC2)c(S(=O)(=O)N2CCSCC2)n1,0,0.816606954381634,0.0017762864014348,-12.112391,0.0141824290814679,0.2374686698129837
4237,CCCn1cc(C(=O)NC2CCCCCC2)c(S(=O)(=O)N2CCSCC2)n1,0,0.723142008375155,0.0017920246035944,-5.9118714,0.0239698891405512,0.22197654039463405
4238,CCOc1ccccc1N1CCN(S(=O)(=O)c2nn(C)cc2C(=O)NC2CCC(C)CC2)CC1,0,0.642349482277253,0.005386244280825,-5.761044,0.021595866807585,0.13255765772471015
4239,CCCn1cc(C(=O)NC2CCCCC2)c(S(=O)(=O)N2CCN(c3ccccc3Cl)CC2)n1,0,0.637227036134801,0.0048377925185183,-10.627719,0.0245323379223756,0.24267318076452637
4240,CCn1cc(C(=O)NC2CCCCCC2)c(S(=O)(=O)N2CCN(c3cccc(Cl)c3)CC2)n1,0,0.621918126770202,0.0107309546630745,-6.8334603,0.0247661913994535,0.25218649859650377
4241,CCCn1cc(C(=O)NC2CCCCC2)c(S(=O)(=O)N2CCN(c3cccc(Cl)c3)CC2)n1,0,0.637227036134801,0.0043482029783943,-8.5822525,0.0233270183364268,0.22647419994447113
4242,CC1CCC(NC(=O)c2cn(C)nc2S(=O)(=O)N2CCN(c3ccc(Cl)cc3)CC2)CC1,0,0.712009496934494,0.0142845988027515,-10.660787,0.0181937179637039,0.22307238534037746
4243,CCCn1cc(C(=O)NC2CCCCC2)c(S(=O)(=O)N2CCN(c3ccc(Cl)cc3)CC2)n1,0,0.637227036134801,0.0046798050133436,-8.51836,0.0287016209195729,0.226265290018573
4244,Cc1ccc(Cl)cc1N1CCN(S(=O)(=O)c2nn(C)cc2C(=O)NC2CCCCCC2)CC1,0,0.645241483845585,0.0072725877721916,-7.7463994,0.0253985263688839,0.2905924891825762
4245,CCn1cc(C(=O)NC2CCCCC2)c(S(=O)(=O)N2CCN(c3cc(Cl)ccc3C)CC2)n1,0,0.665631582996456,0.0028221698768962,-7.3198476,0.0239477404344212,0.26588237217873
4246,CCn1cc(C(=O)NC(C)c2ccc(F)cc2)c(S(=O)(=O)N2CCCCC2)n1,0,0.796535042828707,0.0032805828820965,-7.475743,0.0232796451077311,0.25979649000820204
4247,CCCn1cc(C(=O)NC2CCCCC2)c(S(=O)(=O)N2CCC(C)CC2)n1,0,0.80124204998647,0.0008727234992206,-11.555351,0.0152093485263134,0.20503465227843973
4248,CCNC(=O)c1cn(-c2ccc(SCC(=O)Nc3ccc4c(c3)OCO4)nn2)cn1,0,0.549593763250794,0.0849735663755614,6.546349,0.0317584950290484,0.12089117705973304
4249,CCNC(=O)c1cn(-c2ccc(SCC(=O)Nc3ccc4c(c3)OCCO4)nn2)cn1,0,0.534821257986848,0.0500559908955227,3.0407138,0.0387904280183743,0.11842004501860834
4250,CCNC(=O)c1cn(-c2ccc(SCC(=O)Nc3ccc(C(F)(F)F)cc3)nn2)cn1,0,0.536484075539191,0.0105665255305021,5.763329,0.0862327187575239,0.23316123706491032
4251,CNC(=O)c1cn(-c2ccc(SCC(=O)NCc3ccc4c(c3)OCO4)nn2)cn1,0,0.540232790861421,0.105688610523123,5.6101184,0.0186631314193549,0.11899071849974936
4252,CNC(=O)c1cn(-c2ccc(SCC(=O)Nc3ccc4c(c3)OCCO4)nn2)cn1,0,0.569527827953738,0.0929926672727252,2.3884835,0.0346126994956833,0.14035360708305947
4253,CNC(=O)c1cn(-c2ccc(SCC(=O)Nc3ccc(S(C)(=O)=O)cc3)nn2)cn1,0,0.51610826212127,0.0257718815721368,-0.36415887,0.052413850023643,0.18686204528826203
4254,CC(C)c1csc(-c2ccc(S(=O)(=O)Nc3ccc(F)cc3)s2)n1,0,0.680190875601431,0.01803773449745,-1.8767523,0.0489043601176497,0.115060171836295
4255,COc1ccc(C(=O)N2CCC(c3cc(N)on3)CC2)cn1,0,0.926613236316389,0.0087210385547668,-6.816439,0.0291781858399407,0.12022572672255624
4256,O=C(c1ccccc1Br)N1CCc2nc(-c3ccc(Cl)cc3)ncc2C1,0,0.591147980028703,0.0403716504165226,-3.0647578,0.0165681598368827,0.21208367608712414
4257,O=C(c1ccc(F)c(F)c1)N1CCc2nc(-c3ccc(F)cc3)ncc2C1,0,0.69105429000763,0.0244022012844287,-12.085111,0.03909147416543,0.34179945610156337
4258,O=C(c1ccc(Br)cc1)N1CCc2nc(-c3ccccc3)ncc2C1,0,0.65753647458968,0.0378492973746007,-2.5317636,0.0150065696161904,0.17112609485010574
4259,O=C(c1cccc(Cl)c1)N1CCc2nc(-c3ccccc3)ncc2C1,0,0.702253716109317,0.0158132082191861,-7.0665736,0.0166109236438218,0.24447440845468407
4260,O=C(c1ccc(F)c(F)c1)N1CCc2nc(-c3ccccc3)ncc2C1,0,0.708398830019557,0.0130115836968399,-11.138629,0.0225740855490465,0.21362357568762885
4261,O=C(c1ccccc1Cl)N1CCc2nc(-c3ccccc3)ncc2C1,0,0.702253716109317,0.0173527504092691,-2.8834882,0.0217888759320703,0.20286438113630956
4262,Cc1ncc2c(n1)CCN(C(=O)c1ccccc1Br)C2,0,0.806691737569242,0.0098849084369133,-4.705108,0.057571247958422,0.3915411438538284
4263,CC(=O)NCc1cccnc1-c1cccc(C)c1,0,0.895848560545962,0.0016661514205474,-8.159955,0.3524953369862322,0.42798829108093256
4264,Cc1ccccc1C(=O)NCc1cccnc1-c1ccc(F)cc1,0,0.785281180049949,0.0052664780657482,-2.7908306,0.0176623932278152,0.3754135960892436
4265,COc1c(C(=O)NC2CCCCCC2)sc2cccc(F)c12,0,0.845247761436627,0.0059480261404921,5.6466737,0.0256931659403483,0.1342656676255596
4266,COc1c(C(=O)NC(C)C)sc2cccc(F)c12,0,0.927136183709142,0.0051050807126455,9.903956,0.0350913003513476,0.2915467587071322
4267,COc1c(C(=O)NC(C)C)sc2ccc(Cl)cc12,0,0.932610442153815,0.008945491334121,-3.0810418,0.0621781426672893,0.310831090434657
4268,COc1c(C(=O)NC2CCCCC2)sc2cc(Cl)ccc12,0,0.894227747338921,0.0171816084738689,4.4994464,0.0377010166868017,0.2820282003787474
4269,COc1c(C(=O)NCCC(C)C)sc2cc(Cl)ccc12,0,0.89173205240987,0.0035400493421889,1.7960361,0.0346097267164652,0.2492485515510034
4270,O=C(NC1CCCC1)c1ccc(-c2ccsc2)nc1,0,0.929069950887018,0.0091628185740851,-2.5964236,0.0090134283811511,0.0922192434504339
4271,O=C(c1ccc(-c2ccsc2)nc1)N1CCCCC1,0,0.83876733287285,0.0588124285915301,-4.7860737,0.0250077249314903,0.1367946439383893
4272,CCC(C)NC(=O)c1ccc(-c2cccs2)nc1,0,0.915738099751581,0.0073737575363318,-4.138892,0.034845259460824,0.11395230349753038
4273,O=C(NC1CCCCC1)c1ccc(-c2cccs2)nc1,0,0.930236525336624,0.011918527733824,4.375944,0.010835621381186,0.10552774450815847
4274,CC(C)CCNC(=O)c1ccc(-c2cccs2)nc1,0,0.905047345702701,0.0076080028835085,-8.139096,0.0230454593099661,0.10163157132862013
4275,Cc1ccc(CNC(=O)c2ccc(-c3cccs3)nc2)o1,0,0.799726454841096,0.0015002113901667,-3.1218028,0.0074009773057324,0.08116037521428102
4276,Cc1cc(C)cc(C(=O)N2CCCC2COc2ccc(C(=O)NC(C)C)cc2)c1,0,0.8015808549225,0.0109614212966933,-2.8550205,0.0745435277438049,0.3402367905254769
4277,CC(C)NC(=O)c1ccc(OCC2CCCN2C(=O)C2(c3ccccc3)CC2)cc1,0,0.758050745690177,0.0414162689557546,-2.2783866,0.0653193489379348,0.1071576571258529
4278,O=C(CC1CCCCC1)N1CCCC(COc2ccc(C(=O)N3CCOCC3)cc2)C1,0,0.692501829621542,0.0015525822223523,-10.582045,0.0327237388424133,0.3141912002008683
4279,CC(C)NC(=O)c1ccc(OCC2CCCN(C(=O)CC3CCCCC3)C2)cc1,0,0.737343097915321,0.0086368279052471,-12.092795,0.0496326613541228,0.32967301757409295
4280,CN(C)c1ccc(C(=O)N2CCCC(COc3cccc(C(=O)NC4CC4)c3)C2)cc1,0,0.742432061490695,0.0145558483873525,-15.264075,0.0237156141227392,0.2853089593896697
4281,O=C(NC1CC1)c1cccc(OCC2CCCN(C(=O)CC3CCCCC3)C2)c1,0,0.750001600465908,0.0013734264212781,-11.078769,0.031931373371397,0.3811346507541633
4282,CC(C)NC(=O)Cn1c(=O)n(Cc2ccc(F)cc2)c(=O)c2nscc21,0,0.727971518488613,0.0007419877091683,-3.2488978,0.0675777800330658,0.4809491315035775
4283,Cc1noc(-c2ccc(SCC(=O)Nc3ccccc3)nc2)n1,0,0.725360612892674,0.0042188466315306,3.4335065,0.01285742418627,0.12152139349380327
4284,Cc1cccc(NC(=O)CSc2ccc(-c3nc(C)no3)cn2)c1,0,0.716266281872138,0.000882962704949,1.9433326,0.0074287077969525,0.11556283124601882
4285,Cc1cc(C)cc(NC(=O)CSc2ccc(-c3nc(C)no3)cn2)c1,0,0.702245946990986,0.0013467336421819,7.155271,0.008641058853093,0.10771032589917806
4286,Cc1cc(C)c(NC(=O)CSc2ccc(-c3nc(C)no3)cn2)c(C)c1,0,0.683108261296904,0.005784324555388,-6.4593945,0.0175755643098954,0.17522872530056682
4287,CCc1ccccc1NC(=O)CSc1ccc(-c2nc(C)no2)cn1,0,0.679381533127548,0.000632020535698,0.13828385,0.0148226932524578,0.14393003919436784
4288,Cc1noc(-c2ccc(SCC(=O)Nc3c(C)cccc3C)nc2)n1,0,0.702245946990986,0.0084831658206638,7.726437,0.0141245822674072,0.17018832212270688
4289,CCSc1ccc(-c2cccc(NC(=O)c3cccc(C#N)c3)c2)nn1,0,0.683200876375039,0.0025652478745723,0.27467215,0.001142951779292,0.05690911322027774
4290,CCSc1ccc(-c2cccc(NC(=O)Nc3cccc(C#N)c3)c2)nn1,0,0.626851604850437,0.0131460627872613,-3.3157768,0.0029275486687477,0.05873318252469315
4291,CC(=O)C1(O)C(C)CC2C3CCC4C[C@@H](O)CCC4(C)C3CCC21C,0,0.754051715844968,0.994930580462581,18.910252,0.9657275381541448,0.8509026948959149
4292,COc1ccc(C)cc1NC(=O)N1C[C@@H]2CCCN3CCC[C@@H]([C@H]23)[C@H]1CCCC(=O)Nc1ccccc1,0,0.520810417883629,0.387822089680865,10.680997,0.0554507590532773,0.18538493639288878
4293,Cc1ccc(C(=O)N2C[C@@H]3CCCN4CCC[C@@H]([C@H]34)[C@H]2CCCC(=O)Nc2ccccc2)cc1,0,0.652417937553107,0.0139451837416093,11.066672,0.065224909734758,0.448622255295468
4294,O=C(NCC1CCCCC1)c1ccc(N2C[C@H]3C[C@@H](C2)[C@H]2CCCC(=O)N2C3)nc1,0,0.827693681064335,0.0015540763496347,-13.745739,0.0162895944104663,0.14871567908254585
4295,COc1ccc2[nH]cc(CCNC(=O)CCC[C@@H]3[C@H]4CCCN5CCC[C@@H](CN3C(=O)c3cccnc3)[C@@H]45)c2c1,0,0.417206701421309,0.338933952835971,10.896688,0.1187162378955755,0.17671547639881918
4296,Cc1nnc(-c2cccc(Cl)c2)nc1NC(C)C,0,0.921930975568373,0.0015491483614606,-17.763176,0.035808351090228,0.21199780046497577
4297,CCC(=O)N1CCc2sc(S(=O)(=O)Nc3ccccc3F)cc2C1,0,0.902177667655133,0.0035993645849633,-13.485236,0.0245261119545297,0.4356648811592865
4298,Cn1cc(-c2noc(C3CCCCC3)n2)ccc1=O,0,0.830890809984692,0.010769000589136,-21.289314,0.0188839846068762,0.17925127476869568
4299,CCOc1cc(=O)c(C(N)=O)nn1-c1ccc(F)cc1,0,0.897826762100766,0.0030343453183857,-11.641786,0.3173471675409312,0.5523553711676892
4300,COc1ccc(C(C)NC(=O)Cn2c(=O)n(C3CCCCC3)c3ncccc32)cc1,0,0.676124646624064,0.0225944334624983,-7.96427,0.0375991288270795,0.1550124383237254
4301,O=C(NC(Cc1ccccc1)c1nnc(N2CCCCCC2)o1)C1CCCCC1,0,0.781992367358305,0.0424268436609138,2.0918255,0.0139031533437849,0.14648620357727002
4302,O=C(NC(c1ccccc1)c1nnc(N2CCCCC2)o1)C1CCCCC1,0,0.86794987655107,0.0034175758043697,7.6035438,0.0202110367975285,0.12365383733317956
4303,CCC(C(=O)NC(c1ccccc1)c1nnc(N2CCCCC2)o1)c1ccccc1,0,0.629495319349919,0.0092679449378384,5.980997,0.0217840716298211,0.10672376047088201
4304,O=C(CSc1ncccc1-c1noc(C2CCC2)n1)N1CCOCC1,0,0.757088308119106,0.0007130078570165,-15.200402,0.0168474276841755,0.07572603541330368
4305,CCc1csc(-c2ccc(CNC(=O)c3ccc(OC)nc3)cc2)n1,0,0.733698578406875,0.0014954738899181,-16.661407,0.0110366069748673,0.1291162556765274
4306,CCc1ccc(C(C)NC(=O)CCc2conc2-c2ccccc2)cc1,0,0.672348369990456,0.0150529894035716,-6.6413665,0.0084035657811914,0.15997085417975748
4307,CCc1ccc(CNC(=O)CCc2conc2-c2ccccc2)cc1,0,0.70590883446877,0.461772543694063,-3.0080533,0.0053900151448653,0.15582575922914124
4308,CC(C)c1ccc(CNC(=O)CCc2conc2-c2ccccc2)cc1,0,0.672348369990456,0.332558754175466,-4.06601,0.0047357056027439,0.15049217562517017
4309,CCc1ccc(CNC(=O)CCc2conc2-c2ccc(C)cc2)cc1,0,0.68562881982526,0.0255288291708259,-2.5446365,0.0090791485999191,0.15682760217059716
4310,CCc1ccc(CNC(=O)CCc2conc2-c2cccc(C)c2)cc1,0,0.68562881982526,0.0194988412063793,-3.8618526,0.0072888375861242,0.16123987333682682
4311,O=C(CCc1conc1-c1ccc(F)cc1)NC1CCCCC1,0,0.91096892818756,0.0049991930857037,-5.0986547,0.021996114067847,0.21011082278452148
4312,O=C(CCc1conc1-c1ccc(F)cc1)NCC1CCCCC1,0,0.866987453061369,0.0041507269764926,-3.5238786,0.0147660450834882,0.18718370134797163
4313,O=C(CCc1conc1-c1ccc(F)cc1)NCC1CC1,0,0.888811099718918,0.004197949618288,-10.606734,0.0250642712923143,0.09405127492992908
4314,CCc1ccc(CNC(=O)CCc2conc2-c2ccc(F)cc2)cc1,0,0.689948274686301,0.294658865146613,-5.052993,0.0136333755747182,0.2179315183496177
4315,CC(C)c1ccc(CNC(=O)CCc2conc2-c2ccc(F)cc2)cc1,0,0.65003148317514,0.567021411411896,-6.151953,0.0132813597074317,0.15486349007738343
4316,CCc1ccc(CNC(=O)CCc2conc2-c2cccc(F)c2)cc1,0,0.689948274686301,0.0702325523445775,-7.418935,0.0140485724763942,0.21389421756412347
4317,CC(C)c1ccc(CNC(=O)CCc2conc2-c2cccc(F)c2)cc1,0,0.65003148317514,0.520434198846798,-8.363922,0.0130357100991727,0.17130649928067215
4318,O=C(CCc1conc1-c1ccccc1F)NCc1ccc(Cl)cc1,0,0.710904604499756,0.0149059462628848,-3.312444,0.0146096632632301,0.21416929904346196
4319,O=C(CCc1conc1-c1ccccc1F)NCc1cccc(C(F)(F)F)c1,0,0.616309872646367,0.0037770173488431,-2.9629893,0.0297962391443512,0.2824850726973697
4320,O=C(CCc1conc1-c1ccccc1F)NCc1ccc(C(F)(F)F)cc1,0,0.616309872646367,0.0078740305138566,-3.427256,0.029844075856924,0.24057415298942914
4321,Cc1ccc(CNC(=O)CCc2conc2-c2ccccc2F)cc1,0,0.737910049648731,0.0318361524608144,-3.3198786,0.0160081149663738,0.19820163378561478
4322,CCc1ccc(CNC(=O)CCc2conc2-c2ccccc2F)cc1,0,0.689948274686301,0.0138574949202081,-3.6524239,0.0162191185681884,0.22986286517199334
4323,CC(C)c1ccc(CNC(=O)CCc2conc2-c2ccccc2F)cc1,0,0.65003148317514,0.0414839304190587,-4.747573,0.0138171386394491,0.1957413851456797
4324,O=C(O)CCc1conc1-c1ccc(F)cc1,0,0.883787929277112,0.68371033752753,-14.831334,0.6052760639740522,0.6773420191235615
4325,CC(=O)Nc1ccc(OCC(=O)O)nc1,0,0.75508013438372,0.996653775285721,1.2670692,0.0649035087280861,0.40637269104874074
4326,CCCn1ccc2sc(C)c(C(=O)NC3CCCCCC3)c2c1=O,0,0.842201595465663,0.0016708576550256,-1.4447664,0.0236150198019631,0.24432283365425372
4327,Cc1oc2ccn(Cc3ccc(F)cc3)c(=O)c2c1C(=O)NC1CCCCCC1,0,0.658576029735365,0.0036959855914617,-10.783938,0.0382398962159278,0.2485428406992179
4328,COc1ccc(NC(=O)Cc2nc(C)c(C(=O)NCc3ccccc3)s2)c(C)c1,0,0.620594541193425,0.0105412688472187,-8.185604,0.0093594680397569,0.1252449260814329
4329,Cc1ccc(CNC(=O)c2sc(CC(=O)Nc3ccc4c(c3)OCCO4)nc2C)cc1,0,0.614586318179544,0.0041905655662186,-3.0685277,0.0100873842370943,0.11087353640958872
4330,Cc1ccc(CNC(=O)c2cc(-c3ccccc3)ns2)o1,0,0.799726454841096,0.0019346456933386,-5.889233,0.0122634109371372,0.08828606346650233
4331,CC(C)NC(=O)c1cc(-c2cccc(F)c2)ns1,0,0.92525102462254,0.0051394732357257,-15.2694235,0.0331457550633795,0.31119536857003693
4332,Cc1ccc(-c2cc(C(=O)NC(C)C)sn2)cc1,0,0.920037988749598,0.189567604629349,-6.122834,0.0384790029890127,0.29663166612083364
4333,CCCNC(=O)c1cc(-c2ccc(F)cc2)ns1,0,0.92165483081402,0.0073770076566171,-5.6005807,0.0295232792481152,0.21977916267066186
4334,CC(C)NC(=O)c1cc(-c2ccc(F)cc2)ns1,0,0.92525102462254,0.0109109631675,-9.362781,0.0365714583796685,0.33128248803002325
4335,Cc1nc(-c2nnn(-c3ccccc3)c2C)no1,0,0.685272351505072,0.0081382812924427,-18.02102,0.0343955370623274,0.11560736467201424
4336,Cc1ccc2c(c1)[nH]c(=O)c1c(C(=O)NC(C)CCc3ccccc3)nnn12,0,0.56084114695952,0.0070510269284164,-5.098216,0.0278492210745122,0.19220214159775587
4337,COc1ccc(C(=O)NC2CCN(C3=NS(=O)(=O)C(c4ccccc4)=C3C)CC2)cn1,0,0.783838542877055,0.0160089079210978,-4.4117584,0.0484963937402448,0.22512433391660353
4338,CCN(CC)C(=O)COc1ccc(NC(C)=O)cn1,0,0.840887635424495,0.446649227797262,-4.2810636,0.1394206918109674,0.18998021274023863
4339,CC(C)NC(=O)COc1ccc(NC(=O)C2CC2)cn1,0,0.821814709962625,0.0137892424604892,-5.7809615,0.0445211483764528,0.09116625118493674
4340,O=C(COc1ccc(NC(=O)C2CC2)cn1)NCc1ccccc1,0,0.817029172154494,0.0061264931012985,-11.606408,0.0307548089126179,0.08487518178577137
4341,CCC(C)NC(=O)COc1ccc(NC(=O)C2CC2)cn1,0,0.801356804861973,0.0024373407673955,-9.381919,0.0505810501998485,0.09366382537571209
4342,CCNC(=O)COc1ccc(NC(=O)C2CC2)cn1,0,0.80027033326197,0.0072249609621458,-9.489062,0.0376615440334753,0.08861545130003776
4343,Cc1cccc(CNC(=O)COc2ccc(NC(=O)C3CC3)cn2)c1,0,0.811799312367533,0.0028852065708742,-10.875476,0.0213690349971321,0.08351642522078673
4344,O=C(COc1ccc(NC(=O)C2CC2)cn1)Nc1ccccc1,0,0.858452383892936,0.0074203360132867,-5.054129,0.0442408701501813,0.09373129305475367
4345,Cc1nnc(-c2ccc(S(=O)(=O)Nc3ccc(F)cc3)o2)o1,0,0.792114924002786,0.0113278524455319,0.39215195,0.1704298793463103,0.4397046918027133
4346,CCc1nnc(-c2ccc(S(=O)(=O)Nc3ccc(Cl)cc3)o2)o1,0,0.754837058407436,0.0115645672050018,-1.0741537,0.0516602981627837,0.25009338980787904
4347,CC(C)c1nnc(-c2ccc(S(=O)(=O)Nc3ccc(Cl)cc3)o2)o1,0,0.733663679967968,0.0054706168954193,3.7874813,0.0542190096142633,0.24007037500431871
4348,CCCN(C)Cc1nc2nc(C)cc(N3CCC(C)CC3)n2n1,0,0.848125026282072,0.0042900983026856,-4.99038,0.0230508783256201,0.14154064074080344
4349,Cc1cc(N2CCCCCC2)n2nc(CN3CCCC(C)C3)nc2n1,0,0.857953185408912,0.0014748890266562,-11.382901,0.0143656928755555,0.16007632952102838
4350,CC(C)c1nc(-c2cn(CC(=O)NCc3ccccc3Cl)cn2)no1,0,0.730681305499948,0.0076307476616349,-5.961387,0.0111553311078421,0.12458793878222625
4351,CCCc1noc(-c2ccc(-n3ncc(C(=O)Nc4ccccc4F)c3C)nc2)n1,0,0.520198337346266,0.0114834588496692,-5.464742,0.064009062631619,0.10016345468426549
4352,COc1cc(=O)n2c(c1C(=O)Nc1ccc(Br)c(C)c1)CCCC2,0,0.871281657414421,0.0018095381262477,-6.8666844,0.0334734725163052,0.14308246295007626
4353,COc1cccc(N2CCN(CC(O)c3cc(C)ccc3C)CC2)c1,0,0.906884853060833,0.0362623479736376,-9.242328,0.485805572058798,0.4656923186453709
4354,Cc1nc(C)c(C(=O)O)cc1C(=O)O,0,0.73710762029957,0.999855257269,0.948393,0.0808224029210086,0.31051702351415794
4355,Brc1cncc(Br)c1,0,0.675154405771106,0.995600987006021,-1.4465169,0.0222262486863914,0.24970757520168063
4356,NC(Cc1c[nH]cn1)C(=O)O,0,0.541194499113104,0.998874108259836,5.4567246,0.7757712541489012,0.42603154914519586
4357,NC(CC(=O)O)c1cccnc1,0,0.687283145252527,0.997170149071408,0.578606,0.1947415905056466,0.44066369247101844
4358,NC1(CC(=O)O)CCCCC1,0,0.631030272901994,0.999584120727768,11.3007555,0.8511443075145749,0.6169790972705151
4359,c1ccc(CC2CCNCC2)cc1,0,0.726497073349066,0.997986122672209,14.617209,0.0474055705714262,0.22009782089925478
4360,Cc1nc2cc(C(=O)O)ccc2n1-c1ccc(OCc2ccccc2)cc1,0,0.565698550557032,0.0030188279549622,-2.4531093,0.1566602273581968,0.18018280211495166
4361,O=C(O)c1ccc(Nc2nc(-c3ccccc3)c3cc(Cl)ccc3n2)cc1,0,0.499684392999518,0.041533535517045,-0.49454093,0.0711923579998517,0.34594310147090745
4362,COc1ccc(C(=O)NCc2cccnc2OC)cn1,0,0.891598783526465,0.0022746283482521,-13.781117,0.0210185424543958,0.12845375719477864
4363,COc1ncccc1CN(C)C(=O)c1ccccn1,0,0.837088700077022,0.0176839712431091,-3.9165149,0.0245067859273728,0.15167942282639624
4364,c1ccc(-c2nc(C3CCNC3)no2)cc1,0,0.829705856554008,0.0892666049067117,-12.393596,0.1210649860637227,0.07945556683540292
4365,CCCN(CC1CCOC1)C(=O)Nc1cccc(CC)c1,0,0.87051133130535,0.0004417302865663,-6.3399515,0.0767530697392717,0.2779831188667614
4366,COc1ccc(C(=O)NC2CCCN(Cc3c(C)noc3C)C2)cn1,0,0.894480689340298,0.0025240148396113,-3.3476024,0.0203455920763002,0.09512694280107148
4367,Cc1ccc(C(=O)NC2CCCN(Cc3c(C)noc3C)C2)cn1,0,0.93290982324024,0.0029570898945324,-3.027533,0.0263015935148267,0.10890423611188808
4368,Cc1ccccc1-c1noc(CN2CCCC2=O)n1,0,0.845101169744265,0.0182927338520126,-2.5656538,0.0281703400378948,0.08418078927651033
4369,O=C1CCCN1Cc1nc(-c2ccc(F)cc2)no1,0,0.847465875337059,0.0213833767594471,-14.263354,0.0382826515499415,0.10888068610218363
4370,NC(=O)c1nn(-c2c(Cl)cc(C(F)(F)F)cc2Cl)c(N)c1S(=O)(=O)NCC(F)(F)F,0,0.543558028334196,0.0104201891886261,10.30536,0.7939174785319715,0.5219860301340659
4371,COc1ccccc1-c1noc(-c2nc(C)no2)n1,0,0.71035425674432,0.474774584121318,-9.172625,0.0297507737882456,0.22544755888769458
4372,Cc1ccc(C(=O)NCCc2noc(C)n2)cn1,0,0.871756614830907,0.0107147633562295,1.5754837,0.0291894446509943,0.19992469025194498
4373,COc1ccccc1-c1noc(CCC(=O)NCCc2noc(-c3cccnc3)n2)n1,0,0.433902411376656,0.018248782406608,1.408239,0.0231892782585976,0.1268345216318481
4374,CC(C(=O)O)C1CCOCC1,0,0.654970858267949,0.998397474632789,9.91225,0.0982855857388107,0.2111915665600972
4375,Cc1oc(-c2ccccc2)nc1CN1CCCC(C(=O)N2CCC(Cc3nc(C4CCOCC4)no3)CC2)C1,0,0.434009853577076,0.289906231424989,0.9149643,0.0192577177630756,0.12648768428968876
4376,Cc1cccc(-c2noc(CCC(=O)N3CCC(C)(c4noc(-c5cccnc5)n4)CC3)n2)c1,0,0.426194958488983,0.0085921848071363,-9.481734,0.0178066411491292,0.10907512472348957
4377,CN(CCc1ccccc1)C(=O)c1cc(-c2ccc[nH]2)n[nH]1,0,0.759621803475343,0.0065719476493545,-0.9692005,0.0200478773825776,0.15412696533138717
4378,CCCc1noc(-c2cccn3c(CNC(=O)c4nccc5ccccc45)nnc23)n1,0,0.45488112802751,0.0050815010095373,-1.2371795,0.0845524607657575,0.08604618057601782
4379,OC(c1ccccc1)C1CCNCC1,0,0.745703546238254,0.998874367163162,10.191966,0.5875975161625814,0.37029315423862297
4380,Cc1c(CO)cnn1C,0,0.58421421556752,0.993669096754265,-8.357855,0.0616029775205051,0.2586779253341189
4381,OCc1csc2c1CCCC2,0,0.680687037888626,0.21052079349582,14.9194765,0.0219751529671444,0.15095954525344807
4382,NC(=O)C1CCC(=O)N1C1CCNCC1,0,0.62854785729477,0.895130895573764,18.575916,0.5216925573702383,0.32285500343559603
4383,OCc1nc(C2CCNC2)no1,0,0.632182497576564,0.428400436960826,-3.9817104,0.091189317608633,0.11313308181038384
4384,Cn1cccc1-c1noc(C2CCN(C(=O)CCn3cnc4ccccc43)CC2)n1,0,0.510082345781092,0.0928711683712353,-11.254621,0.0250631455290457,0.10043511271069105
4385,Cc1cccc(C(=O)N2CCC(c3nc(-c4cccn4C)no3)CC2)c1,0,0.726103750435079,0.0143068885424144,-11.173425,0.0161261064419568,0.13986004752253367
4386,CC(C)CC(=O)N1CCC(c2nc(-c3cccn3C)no2)CC1,0,0.869820733216979,0.0023766722858766,-19.976357,0.0124837606360584,0.12288341695907379
4387,Cn1cccc1-c1noc(C2CCN(C(=O)C3CCC3)CC2)n1,0,0.87324766920708,0.0341781705175528,-14.64351,0.0145125500797461,0.0744285493279232
4388,CC(C)C(=O)N1CCC(c2nc(-c3cccn3C)no2)CC1,0,0.873266263419617,0.836849659918906,-16.980629,0.0146813486436915,0.12816732719801363
4389,Cn1cccc1-c1noc(C2CCN(C(=O)CCc3ccccc3)CC2)n1,0,0.695856589472973,0.0067370716388327,-8.805695,0.0108236381152956,0.1088982761263195
4390,Cn1cccc1-c1noc(C2CCN(C(=O)NC(C)(C)C)CC2)n1,0,0.917845013199477,0.0166849630007544,-16.596525,0.0171017649797648,0.12609039570086422
4391,CCS(=O)(=O)N1CCC(c2nc(-c3cccn3C)no2)CC1,0,0.853126234637546,0.0030470190090292,-10.320298,0.0223830679122169,0.14690863216195726
4392,CC(=O)N1CCC(Cc2ccc(CN(C(=O)CC3CCCCC3)C3CC3)cc2)CC1,0,0.638104765624145,0.0374373799963769,-3.7606168,0.0457825091491151,0.16698504707271597
4393,Cc1cnc(-c2cccnc2)n1CCNC(=O)C1CC(=O)N(C2CCCCC2)C1,0,0.815149746379713,0.0036805323177175,-0.20520365,0.0191797152016096,0.08538918705531759
4394,COc1ccc(C(=O)NCCn2c(C)cnc2C2CC2)cn1,0,0.884424280001102,0.0018257885539764,-4.8483744,0.0190792715245273,0.0643513504300149
4395,COc1ccc(C(=O)NCCn2c(C)cnc2C2CCOCC2)cn1,0,0.866085917914359,0.001437490527435,-0.8275116,0.0174535874434588,0.10560499731988164
4396,COc1ccc(C(=O)NCCn2c(C)cnc2-c2ccncc2)cn1,0,0.744647482711986,0.0065971389960794,-8.008787,0.027081571944262,0.14060733474034845
4397,COc1ccc(C(=O)N[C@@H]2CN(C3CCOCC3)C[C@H]2CO)cn1,0,0.804745361704872,0.0021463842112022,-5.834313,0.0313819079585905,0.15592041332121045
4398,COc1ccc(C(=O)N2CCC(F)(F)C(CO)C2)cn1,0,0.906048989584973,0.005620146646627,-23.563652,0.0431305149359288,0.4248321239986721
4399,CCC1(O)CCC12CCN(C(=O)Cn1nc(C)cc1C)CC2,0,0.929517032590184,0.0029818395050672,-16.082212,0.203547761986931,0.11346207009359269
4400,CCCC1(O)CCC12CCN(C(=O)Cn1nc(C)cc1C)CC2,0,0.92710012429433,0.0029003640408541,-22.682013,0.2514082875828731,0.10439290228340377
4401,CN(C)c1ncc(C(=O)Nc2cccc3c2CCCC3)c(C2CCN(S(C)(=O)=O)C2)n1,0,0.762579272370924,0.0157053394049304,-10.117239,0.0255234870936314,0.25381709607398467
4402,COc1ccc(C(=O)N2CCC(c3nc(C)ncc3CO)CC2)cn1,0,0.909706396316366,0.0031087076297399,1.3597282,0.0195276072095312,0.156907560699418
4403,CCOCc1cnc(C)nc1C1CCN(C(=O)c2ccc(OC)nc2)CC1,0,0.778060223917743,0.0015910118959984,4.385308,0.0271605157202022,0.12403129945352673
4404,Cc1ncc(CO)c(C2CCNCC2)n1,0,0.750853719191433,0.50935138258876,20.466894,0.0243093919903077,0.1143570464713852
4405,CCOCc1cnc(C)nc1C1CCNCC1,0,0.863991977590441,0.0018216748765632,16.440199,0.0333292292332133,0.1178574563612105
4406,COc1ccc(C(=O)N2CCCC(c3nc(C)ncc3CO)C2)cn1,0,0.909706396316367,0.0011192367314227,-12.749284,0.0247528015960363,0.14983657123121474
4407,COCc1cnc(C)nc1C1CCCN(C(=O)Cc2cccnc2)C1,0,0.835126492062651,0.0010806383203448,-9.178728,0.0248881909656836,0.11350415246604176
4408,Cc1ncc(CO)c(C2CCCNC2)n1,0,0.750853719191433,0.0332099352482011,12.773034,0.0319589205732102,0.11885992975810818
4409,Cc1noc(-c2nn(C)c3c2CN(C(=O)C2(C)CC2)C3)n1,0,0.834522756274033,0.070463784153011,-21.613262,0.0081667546517451,0.07015992760590188
4410,Cn1nc(-c2nc(C3CCOCC3)no2)c2c1CN(C(=O)C1(C)CCCCC1)C2,0,0.787891683783088,0.0079667571393874,-23.740139,0.0168331099335061,0.08607003909344679
4411,COc1ccc(C(=O)N2CCCC2CCc2noc(C)n2)cn1,0,0.839158883883317,0.0017322849016048,1.9007276,0.014156700195331,0.08359424864260356
4412,O=C(CCC1CCCC1)N1CCCC1CCc1noc(-c2cccnc2)n1,0,0.737780382455964,0.0020990098802475,-0.99537194,0.0125100663754584,0.06895640024309556
4413,O=C(CC1CCCCC1)N1CCCC1CCc1noc(-c2cccnc2)n1,0,0.769734115599653,0.0022542408639132,2.5357695,0.0194985162083462,0.0747887790159617
4414,O=C(CCC1CCCCC1)N1CCCC1CCc1noc(C2CC2)n1,0,0.741769836684283,0.002729970114998,8.7396,0.0150798777796023,0.08118268902476844
4415,O=C(CN1CCCCCC1)N1CCCC1CCc1noc(-c2ccccc2)n1,0,0.764681997469399,0.0072656975724179,-3.6456957,0.0208727020349222,0.0980410316883589
4416,COc1ccc(C(=O)NCCN(C2CCOCC2)S(C)(=O)=O)cn1,0,0.751708418123158,0.0014535708312107,-16.661581,0.0391863049123335,0.18498288119201026
4417,Cc1cccc(NC(=O)N(CCN(C)C)C2CCOCC2)c1C,0,0.907472314955415,0.0031374080100781,-12.205678,0.277455021214497,0.3483400245549263
4418,O=C(CC1CCCCC1)N1CCCC(CCc2noc(-c3cccnc3)n2)C1,0,0.745778634141749,0.0025356650274774,-4.341874,0.0167360561564143,0.10170905738545363
4419,CCc1cccc(NC(=O)N2CC3(CN(Cc4ccccc4)CC3C(=O)NCC3CC3)C2)c1,0,0.681054654277955,0.002892949024667,2.9888911,0.0306738996031023,0.1427405360535192
4420,CCCC1(C(N)=O)CCN(C(=O)c2ccc(OC)nc2)CC1,0,0.894979204734176,0.0023177074800451,-13.344502,0.0381501663957157,0.2702452925558394
4421,O=C(NC1CCCC1)c1cn(C[C@@H]2CCCN2C(=O)CCC2CCCCC2)nn1,0,0.760115290805062,0.0045526154953234,9.4118185,0.0144102064468641,0.06549151981553775
4422,O=C(NC1CCCC1)c1cn(C[C@@H]2CCCN2C(=O)CCc2nc3ccccc3[nH]2)nn1,0,0.592543190703521,0.0183602626376336,11.259621,0.0201026475430578,0.07255108607108593
4423,O=C(NC1CCCC1)c1cn(C[C@@H]2CCCN2C(=O)c2ccc3[nH]cnc3c2)nn1,0,0.673473739512112,0.0066108810212389,7.445852,0.0271268412822304,0.07845915710776533
4424,O=C(NCc1ccccc1)c1cn(C[C@@H]2CCCN2C(=O)Cc2cccc(F)c2)nn1,0,0.635985363652261,0.0094299830880723,-6.904237,0.0205015768375994,0.08638836854942882
4425,O=C(NC1CCCC1)c1cn(C[C@@H]2CCCN2C(=O)c2nccc3ccccc23)nn1,0,0.687766148976169,0.0062273962467348,6.3921657,0.0324441067587162,0.06982583799129405
4426,COc1cccc(C(=O)N2CCC[C@H]2Cn2cc(C(=O)NC3CCCC3)nn2)c1C,0,0.789155895702374,0.0023387569923602,4.2014318,0.0259577602091489,0.0747938705632332
4427,O=C(NC1CCCC1)c1cn(C[C@@H]2CCCN2Cc2c[nH]nc2-c2ccc(F)cc2)nn1,0,0.592547065382052,0.0081104553195125,6.3489413,0.014231400790684,0.08164796338993693
4428,COc1cccc(-c2n[nH]cc2CN2CCC[C@H]2Cn2cc(C(=O)NC3CCCC3)nn2)c1,0,0.548287155510811,0.0399509396081309,5.9640884,0.0177374858554646,0.07259831103130332
4429,CCn1cc(CN2CCC[C@H]2Cn2cc(C(=O)NC3CCCC3)nn2)c2ccccc21,0,0.634284455289905,0.0020191786906108,10.681618,0.0218035596667384,0.08659621016896969
4430,Cc1ccc(C(=O)N2C[C@@H](F)C[C@H]2Cn2cc(C(=O)NCc3ccccc3)nn2)cn1,0,0.65723623466459,0.316091430266127,-7.193528,0.0258862305298697,0.08838523018372707
4431,COc1cccc(C(=O)N2C[C@@H](F)C[C@H]2Cn2cc(C(=O)NC(C)C)nn2)c1OC,0,0.733380742023849,0.0184192758787249,4.0393453,0.088206442482725,0.10643087857917162
4432,COc1ccc(Cl)cc1C(=O)N1C[C@@H](F)C[C@H]1Cn1cc(C(=O)NC(C)C)nn1,0,0.769799442047212,0.0022506682166376,-5.6278114,0.0847383716502585,0.126205557992703
4433,CC(C)NC(=O)c1cn(C[C@@H]2C[C@H](F)CN2C(=O)c2c[nH]nc2-c2ccc(F)cc2)nn1,0,0.607220324663629,0.0394132375183156,3.0141897,0.0856702122061028,0.09405418567135305
4434,Cc1nn(C)cc1C(=O)N1C[C@@H](F)C[C@H]1Cn1cc(C(=O)NC(C)C)nn1,0,0.827616071483786,0.0013289973248946,3.1335034,0.0407224911135534,0.08034989202507528
4435,Cc1ccc(C(=O)N2C[C@@H](F)C[C@H]2Cn2cc(C(=O)NCc3ccccc3)nn2)cc1C,0,0.645391471595596,0.032588729768947,-4.358807,0.0348456993835339,0.08883877921839074
4436,Cc1n[nH]c([C@@H]2CC(F)(F)CN2C(=O)CCc2conc2-c2ccccc2)n1,0,0.725683123004529,0.0034454774322415,-5.769929,0.0693011116366657,0.2017763428072849
4437,O=C(NCc1ccccc1)c1cn(C[C@@H]2CC(F)(F)CN2C(=O)Cc2ccncc2)nn1,0,0.607375821145986,0.0175708799255292,-6.7787232,0.0303833970847497,0.13201583169908243
4438,CNC(=O)c1cn(C[C@@H]2CC(F)(F)CN2C(=O)CCc2conc2-c2ccccc2)nn1,0,0.598732860009052,0.0313452091279808,-7.6880875,0.0903417734604128,0.12020592903900655
4439,COc1ccc(C(=O)NC2CN(CC(C)C)CC3(CCOCC3)NC2=O)cn1,0,0.77356180665113,0.0039803449850594,-15.209663,0.0359703421537222,0.11745098943078
4440,NC(=O)C1N(C(=O)Cn2ccnc2)CCCC12CCOCC2,0,0.860789075286624,0.0031986431062846,14.495784,0.096250831445943,0.2701737858880745
4441,CCc1nc([C@@]23CCC[C@@H]2CN(C(=O)CCC2CCCCC2)C3)no1,0,0.812576014682451,0.0011621615391855,-9.573556,0.0174956441094593,0.09102506871543617
4442,Cc1ccc(C(=O)N[C@H]2Cc3cc(C(=O)NC(C)C)nn3C2)c(C)c1,0,0.893622890244583,0.0013337453268544,-9.221429,0.0436011613690415,0.09762380811772173
4443,CC(C)CNC(=O)c1cc2n(n1)CCN(C(=O)CCCc1c[nH]c3ccccc13)C2,0,0.631252364594879,0.0071885114885276,-1.7097348,0.0178032153120816,0.0844500697994222
4444,COCC(=O)N1C[C@@H]2C[C@@H](NC(=O)c3ccc(OC)nc3)C[C@]2(c2nc(C)no2)C1,0,0.732786350138296,0.0026713755896235,-1.7292285,0.0407981712500502,0.08377806263339074
4445,COc1ccc(C(=O)N[C@@H]2C[C@H]3CN(S(C)(=O)=O)C[C@@]3(c3nc(C)no3)C2)cn1,0,0.739390096798717,0.0034697555400313,4.9039,0.041341232883654,0.08290144322610327
4446,O=C(CCC1CCCCC1)N1CCCC(OCCc2noc(C3CCOCC3)n2)C1,0,0.636419813228355,0.0036993689813973,5.38827,0.0189185651979978,0.11665931090465376
4447,CC(=O)N(CCc1noc(C2CC2)n1)C1CCCN(C(=O)CCC2CCCCC2)C1,0,0.64565789773744,0.0269788113795228,-4.550265,0.0160666530251923,0.07832452057482274
4448,CC(=O)N(CCc1noc(CC(C)C)n1)C1CCCN(C(=O)CCC2CCCCC2)C1,0,0.588956938147613,0.0061244149346009,1.099141,0.0116838005721242,0.10625318692397609
4449,CC(=O)N(CCc1noc(C2CCC2)n1)C1CCCN(C(=O)CCC2CCCC2)C1,0,0.64565789773744,0.0461513969451983,-7.289553,0.0127278939313528,0.07171460617863033
4450,CC(=O)N(CCc1noc(CC(C)C)n1)C1CCN(C(=O)CCC2CCCCC2)C1,0,0.611860785048184,0.005268105251226,2.1582112,0.0110655746194507,0.08662985671292331
4451,CC(=O)N(CCc1noc(C2CCC2)n1)C1CCN(C(=O)CCC2CCCC2)C1,0,0.666499981497559,0.0158143399557955,-4.6936064,0.0134220577146627,0.07242268676442114
4452,CS(=O)(=O)N1CCC(c2noc(CNC(=O)c3ccoc3)n2)CC1,0,0.840520981841487,0.003756403047719,-11.525826,0.0336383628713468,0.12933480138665857
4453,Cc1ccc(C(=O)NCc2nc(C3CCN(S(C)(=O)=O)CC3)no2)cn1,0,0.817580634082711,0.0046834561658883,-17.76587,0.0174279571463831,0.1182456182385723
4454,CS(=O)(=O)N1CCC(c2noc(CNC(=O)c3ccsc3)n2)CC1,0,0.847726560195887,0.0126272664090057,-17.039234,0.0242786645500049,0.0763390157950323
4455,CS(=O)(=O)N1CCC(c2noc(CNC(=O)c3ccnnc3)n2)CC1,0,0.777680341654391,0.0116396242873797,-16.994215,0.034216831034706,0.1458243760789743
4456,CS(=O)(=O)N1CCC(c2noc(CNC(=O)c3cccnc3)n2)CC1,0,0.820927461671661,0.047263656885924,-20.958923,0.0204771262984689,0.1466667420297672
4457,CC(=O)N1CCC(c2noc(CNC(=O)c3ccoc3)n2)CC1,0,0.91195521366458,0.0054532624356984,-8.054515,0.018972426582613,0.0994321166958359
4458,CC(=O)N1CCC(c2noc(CNC(=O)c3ccno3)n2)CC1,0,0.882299268375096,0.0130820566241912,-14.972669,0.0265360150111391,0.10697260207762065
4459,CC(=O)N1CCC(c2noc(CNC(=O)c3ccc(C)nc3)n2)CC1,0,0.900992608980475,0.005494473550584,-14.727813,0.0235180024286742,0.1097791908467822
4460,CC(=O)N1CCC(c2noc(CNC(=O)c3ccsc3)n2)CC1,0,0.920668829277067,0.0046109843455249,-16.170599,0.0173685686618381,0.07781946553990518
4461,CC(=O)N1CCC(c2noc(CNC(=O)c3cccnc3)n2)CC1,0,0.901799267369842,0.0052096841213208,-19.085918,0.0189694656974342,0.11789900351808472
4462,CCn1nc(CN2CCC(NC(=O)c3ccc(OC)nc3)CC2)c2c1CCOC2,0,0.7974277234677,0.0032683417481517,-11.2108135,0.0276579964205498,0.11919360790605923
4463,CCn1nc(CN2CCC(CNC(=O)c3ccc(OC)nc3)CC2)c2c1CCOC2,0,0.748011353374616,0.0048369235062898,-14.566319,0.0253667188185757,0.10776077626858345
4464,Cc1onc(C(=O)N2CC(c3n[nH]c(C4CC4)n3)C3(CCC3)C2)c1CN1CCCCC1,0,0.791266931946933,0.00942912163424,-0.44463623,0.0175729439604538,0.08583988477531797
4465,O=C(CN1C(=O)[C@@]2(COc3ccc(F)cc3)C[C@H]2c2ccccc21)NC1CCCCC1,0,0.760084932212553,0.0020518755287034,-8.362432,0.0145703304764024,0.1061891285814015
4466,O=C(CN1C(=O)[C@@]2(COCc3ccccc3)C[C@H]2c2ccccc21)NC1CCCCC1,0,0.734129685555534,0.0017096641020589,-5.4299912,0.0148004655150748,0.11701884900451749
4467,CC(=O)N1CCC(CC(=O)N2CC(CCC(=O)NC3CC3)C3(CCCCC3)C2)CC1,0,0.721933253280248,0.0021801058959269,-0.45642388,0.0309769634740826,0.20572189076608435
4468,O=C(CCC1CN(C(=O)NC2CCCCC2)CC12CCCCC2)N1CCCC1,0,0.778664593175131,0.0125895920658472,8.601426,0.0185510421622245,0.1666321661316043
4469,Cc1ccc(CC(=O)NCCn2nc(C(=O)NC3CC3)c3c2CCOC3)cc1,0,0.760292523488965,0.00331653965117,-1.8417549,0.0492889124836387,0.07513962405641819
4470,O=C(NCCn1nc(C(=O)NC2CC2)c2c1CCOC2)Nc1ccccc1F,0,0.704218398672108,0.002233866354517,-7.211475,0.154159184862044,0.08604601962683314
4471,O=C1CS(=O)(=O)C2(CCNCC2)N1,0,0.509248526811129,0.998223116449177,17.775372,0.1623116790199265,0.2958380685825003
4472,COc1ccc(C(=O)NCCc2ncc(C)n2C2CC2)cn1,0,0.884424280001102,0.0594436254056877,-14.928269,0.0216033257968831,0.06660530560788228
4473,COc1ccc(C(=O)NCCc2ncc(C)n2C2CCCCCC2)cn1,0,0.804905837757553,0.0123201578097424,-12.319192,0.0204881250334251,0.12171113675646598
4474,CCCn1c(C)cnc1CCNC(=O)c1ccc(C)nc1,0,0.885931926374075,0.0084205181101378,-2.0981295,0.0320274647395711,0.1210681747214706
4475,COc1ccc(C(=O)NC2CCN(c3nnc4ccccn34)CC2)cn1,0,0.766532569156407,0.0023850540194381,-9.717502,0.0406085326751319,0.12197443895975715
4476,O=C(c1cn(CCC2CCCCN2C(=O)CCC2CCCC2)nn1)N1CCOCC1,0,0.680904219649954,0.002807696398794,0.83226,0.0143828689937845,0.07058815511087438
4477,COc1ccc(C(=O)N2CCCCC2CCn2cc(C(=O)NC3CC3)nn2)cc1,0,0.774120132234602,0.0230663974681359,-3.4487085,0.0331332193115174,0.083089082135715
4478,COCCn1c(C)cc(C(=O)N2CCCCC2CCn2cc(C(=O)NC3CC3)nn2)c1C,0,0.643212122643276,0.0018674350202197,4.0691657,0.0248853806893124,0.07802305056467744
4479,O=C(NC1CC1)c1cn(CCC2CCCCN2C(=O)COCc2ccccc2)nn1,0,0.683022001513216,0.0119520783097771,-4.208714,0.0159018779265096,0.07074721686975673
4480,Cc1ccc(NC(=O)N2CCCCC2CCn2cc(C(=O)NC3CC3)nn2)cc1C,0,0.76451571520982,0.0137126580841924,-5.410958,0.0256857691592915,0.08669114473004033
4481,O=C(NC1CC1)c1cn(CCC2CCCCN2S(=O)(=O)c2cccnc2)nn1,0,0.742435110464553,0.0016815008230666,-4.0589137,0.0247634696361097,0.09180588940210761
4482,O=C(NC1CC1)c1cn(CCC2CCCCN2S(=O)(=O)c2ccc3c(c2)CCC3)nn1,0,0.708176770008109,0.0177096280606037,-0.7968724,0.028974238171809,0.07664205363893364
4483,COc1cccc(CC(=O)N2CCCCC2CCn2cc(C(=O)NCC3CC3)nn2)c1,0,0.666575339461812,0.0288612879686738,-3.0452065,0.0184716329649271,0.07431691877195165
4484,Cc1cccc(C(=O)N2CCCCC2CCn2cc(C(=O)NCC3CC3)nn2)c1,0,0.781745350853742,0.0169075700068086,-7.148461,0.0182750793844429,0.09076353990351124
4485,COc1ccc(C(=O)N2CCCCC2CCn2cc(C(=O)NCC3CC3)nn2)cc1,0,0.720961134892685,0.0704733711407301,-4.3830132,0.0257903298386004,0.076401444108424
4486,COc1ccc(C(=O)N2CCCCC2CCn2cc(C(=O)NCC3CC3)nn2)cc1F,0,0.696918536462576,0.521204367942895,-3.8711786,0.023802135957162,0.08652455435921438
4487,O=C(NCC1CC1)c1cn(CCC2CCCCN2C(=O)NC2CCCCC2)nn1,0,0.733423079934969,0.0104924721911479,3.6647258,0.0193439007211498,0.07420330731553877
4488,Cc1cc(=O)[nH]c(-c2cccnc2)n1,0,0.727845019957069,0.727766507994561,-3.659678,0.1254952266095857,0.15587133301854583
4489,CCc1c(C(=O)O)nnn1-c1ccc(Cl)cc1,0,0.907905767257593,0.379192367488337,0.5108274,0.3874029008786843,0.4558179948229479
4490,CCCc1c(C(=O)O)nnn1-c1ccc(Cl)cc1,0,0.9224933294373,0.0978864067497343,-4.8566084,0.5651796655680705,0.5669284193501567
4491,CCc1c(C(=O)O)nnn1-c1ccc(C(F)(F)F)cc1,0,0.940604439168965,0.0040602426205351,5.9152703,0.5639317869412791,0.5602163933940509
4492,CCc1c(C(=O)O)nnn1-c1ccc(C)cc1F,0,0.902590244049968,0.0400127323115874,-1.1892786,0.0773984132825075,0.5586042623054475
4493,CCCc1c(C(=O)O)nnn1-c1cc(C)ccc1F,0,0.919040425977461,0.0049364915018849,-12.837412,0.0785203389739315,0.4947464995373118
4494,Cc1ccc(-c2nnc(C3CN(C(=O)C4CCCCCC4)CC34CCOCC4)o2)cc1,0,0.66729621802452,0.0328644882065857,-0.109166384,0.0218397981912267,0.14241310716385963
4495,Cc1oc2c(c1C(=O)NC1CCCCC1)CN(Cc1ccccc1)CC2,0,0.896471257129502,0.0042775227299136,-11.854865,0.0620644054976701,0.31782703692361103
4496,Cc1cnc(C(=O)N[C@@H]2CCC[C@@H]2C(=O)NCC2CCCCC2)cn1,0,0.858825900073718,0.0067683835068145,-18.073086,0.0162579157031392,0.0806567617275438
4497,COc1ccccc1Oc1c(CN(C(=O)c2ccco2)C2CC2)c(C)nn1-c1ccc(Cl)cc1,0,0.309523281100865,0.0278128855611066,-4.54898,0.0537185254004362,0.07707142065089799
4498,CCOC(=O)c1cc(C(C)CC(C)(C)C)sc1NC(=O)CC1CCCC1,0,0.592587537136787,0.13727142581513,0.5212382,0.0641381588061972,0.14187821725204072
4499,CCCNC(=O)C(C)n1c(=O)n(Cc2ccccc2)c(=O)c2ccc(Cl)cc21,0,0.69216076651777,0.0019281232573012,0.9204558,0.0742945683456388,0.24360386042851445
4500,CCC(C)N(CCc1nc(-c2cccc(C(F)(F)F)c2)no1)C(=O)c1ccccc1,0,0.527619592110868,0.0607385649031245,-2.4386876,0.0187970221748958,0.2999136192514828
4501,Cc1ccn2c(NC(=O)CC(C)CC(C)(C)C)c(CCc3ccccc3)nc2c1,0,0.550726132878369,0.0216778801651143,11.993497,0.0166800588117466,0.11071509936700881
4502,CCCc1cc(C(=O)OCC)c(NC(=O)C23C[C@H]4C[C@@H](C2)C[C@@H](C3)C4)s1,0,0.70938892391419,0.285970773338697,2.064837,0.082994149854458,0.40143063270642987
4503,CCOC(=O)c1cc(Cc2ccccc2)sc1NC(=O)C12C[C@H]3C[C@@H](C1)C[C@@H](C2)C3,0,0.609120916207673,0.723563098589546,-5.500364,0.0466551979966324,0.3894216238393636
4504,CCCCC(=O)Nc1sc(C(C)CC(C)(C)C)cc1C(=O)OCC,0,0.619479410796904,0.35919259853597,-2.531575,0.1532920304555749,0.4671937018334085
4505,COc1ccc(OC)c(-c2cc(CN(CC(C)C)C(=O)c3ccc(Cl)cc3)no2)c1,0,0.486039580104604,0.0376487215345981,-1.4270676,0.0310052968943545,0.1647468504830647
4506,CCCN(Cc1c(C)nn(-c2ccc(Cl)cc2)c1Oc1ccccc1OC)C(=O)c1ccco1,0,0.282306142569773,0.0483789770040712,-1.050384,0.0512910428418522,0.1370828263655382
4507,COc1cccc(C(=O)N(CC(=O)N2CCCN(c3ccc(-c4ccc(C)cc4)nn3)CC2)C2CC2)c1,0,0.492096454162857,0.0013314757480014,-0.02908957,0.0173663814951474,0.08512366251830286
4508,CCN(CC(=O)N1CCCN(c2ccc(-c3ccc(C)cc3)nn2)CC1)C(=O)c1ccc(OC)cc1,0,0.506178156095788,0.0026733721270119,-3.873633,0.0241405650411769,0.29079976348823544
4509,CCOC(=O)C1CCN(C(=O)c2cccc(CSc3nc(N(C)Cc4ccccc4)cc(C(C)(C)C)n3)c2)CC1,0,0.177340084607931,0.928379268665931,-7.695945,0.0297213281758766,0.2512041319729112
4510,Cc1cccc(-n2nc(C(=O)Nc3ccccc3)c(=O)n(Cc3ccc(C(F)(F)F)cc3)c2=O)c1,0,0.467639626958197,0.0027573059725108,6.1992545,0.0485564601352585,0.24415421981682606
4511,CCCCc1ccc(C(=O)N(CCC)CCC(=O)Nc2nnc(-c3ccc(Cl)cc3)s2)cc1,0,0.357433240836851,0.142239308945111,3.6975722,0.0184902017547544,0.14782516936365203
4512,CC(C)CC(=O)N(CCC(=O)Nc1nnc(-c2ccc(Cl)cc2)s1)C(C)c1ccccc1,0,0.426979555921943,0.074883301736261,3.6188984,0.0268877391446007,0.12617119772087987
4513,CCCCN(CCC(=O)Nc1nnc(-c2ccc(C)cc2)s1)C(=O)c1ccc(CC)cc1,0,0.451917162921634,0.0388297130424343,1.5332416,0.0155094947477787,0.1497995205057114
4514,CCCCN(CCC(=O)Nc1nnc(-c2ccc(C)cc2)s1)C(=O)CSc1ccccc1,0,0.388448294514222,0.0120716332543262,1.0221332,0.0093312159150004,0.11747241213467907
4515,CCOC(=O)C1CCCN(c2nc(CCc3ccccc3)nc3sc4c(c23)CCCC4)C1,0,0.488167409369584,0.0236996185906173,7.944574,0.0228047268989564,0.13283620892989637
4516,CCC(C)NC(=O)c1nn(-c2cc(C)cc(C)c2)c(=O)n(Cc2ccc(C(F)(F)F)cc2)c1=O,0,0.591614344813967,0.0020939088733067,12.020015,0.0733073482600328,0.285360426489583
4517,Cc1cccc(-n2nc(C(=O)N(C)C3CCCCC3)c(=O)n(Cc3ccc(C(F)(F)F)cc3)c2=O)c1,0,0.526950025022447,0.008296616351021,4.4210873,0.045759488258875,0.3513915191318719
4518,Cc1ccc(-n2nc(C(=O)NCC3CC3)c(=O)n(Cc3ccc(C(F)(F)F)cc3)c2=O)cc1,0,0.615664640200407,0.0017275459404913,1.9921025,0.0665092423552505,0.15382538449180685
4519,Cc1ccc(-n2nc(C(=O)NCC3CC3)c(=O)n(Cc3ccc(C(F)(F)F)cc3)c2=O)cc1Cl,0,0.569870817876993,0.0017775122387341,2.3535233,0.0870497087904333,0.15933562913202404
4520,Cc1ccc(-n2nc(C(=O)NCC3CCCO3)c(=O)n(Cc3ccc(C(F)(F)F)cc3)c2=O)cc1C,0,0.559417206151984,0.0130698632170944,1.7509137,0.187261797987576,0.254340847769908
4521,COc1ccc(-c2ccc(N3CCCN(C(=O)CN(C(=O)c4cccc(OC)c4)C(C)C)CC3)nn2)cc1,0,0.449711049531789,0.0336728697577845,-4.022787,0.0423834284139068,0.23054394265365227
4522,Cc1cccc(-n2nc(C(=O)N3CC4(C)CC3CC(C)(C)C4)nc2CCc2ccccc2)c1,0,0.531426489256723,0.0750013717251634,5.0211244,0.0098012304647456,0.11721684408479685
4523,O=C(NCC1CCCO1)c1coc(CN(Cc2cccc(C(F)(F)F)c2)Cc2ccc(F)cc2F)n1,0,0.407679246193526,0.16821730541831,-0.43558693,0.0505379902005304,0.11160745075235601
4524,CC(C)c1ccc(Oc2cnn(-c3cccc(Cl)c3)c(=O)c2Nc2cccc(C(=O)NCc3ccco3)c2)cc1,0,0.202125861207959,0.763100423584198,6.5999236,0.0776125359107748,0.09287604198402331
4525,Cc1ccccc1-c1nnc(SCC(=O)OC(C)(C)C)n1-c1ccccc1,0,0.474490722568568,0.0045899556891076,1.361678,0.0397901720494417,0.19189093070560648
4526,CCOC(=O)CCCC(=O)Nc1sc2c(c1C(=O)OCC)CCC(C(C)(C)CC)C2,0,0.512755948348336,0.285937374588334,1.1070691,0.2637264247465891,0.33494496877765567
4527,CCOC(=O)c1cc(Cc2ccccc2)sc1NC(=O)C1(c2ccc(Cl)cc2)CCCC1,0,0.397055391076695,0.0615987762545144,-8.670286,0.0579356233542674,0.12011198287133187
4528,CCCNC(=O)N(Cc1cc(-c2ccc(OC)cc2OC)on1)CC(C)C,0,0.718348427444794,0.0014948426645309,-9.9523,0.0320122529013833,0.1623895325037272
4529,O=C(NC1CC1)c1nn(-c2ccccc2F)c(=O)n(Cc2ccc(C(F)(F)F)cc2)c1=O,0,0.608155948353378,0.001778901415379,8.546357,0.1047198843073441,0.4073312444674519
4530,Cc1ccc(-n2nc(C(=O)NC3CC3)c(=O)n(Cc3ccc(C(F)(F)F)cc3)c2=O)cc1,0,0.655812722374492,0.0013882453309113,4.734329,0.0860400942718465,0.31432495697801227
4531,CCN(Cc1cc(-c2cc(OC)ccc2OC)on1)C(=O)c1ccccc1Cl,0,0.576004125370328,0.0106364810688706,5.5134687,0.0302699014001312,0.1928687461472805
4532,COc1ccc(CCOc2nc(-c3cccs3)n(-c3cccc(NC(=O)C(C)C)c3)n2)cc1,0,0.368937382157028,0.021285639719391,-2.8919146,0.0155801760934189,0.06613462664681949
4533,Cc1cc2nc(Cc3ccccc3F)n(Cc3ccc(C(=O)NCCN4CCOCC4)cc3)c2cc1C,0,0.387308081579778,0.175235461854156,3.6817093,0.0739634921824193,0.10214239541285049
4534,CCN(C)C(=O)c1cccc(CSc2nc(N(C)C3CCCCC3)cc(C(C)(C)C)n2)c1,0,0.383416431337169,0.0259566845163812,1.3355435,0.0189951305775469,0.34215777555849175
4535,O=C(NC1CCCCC1NC(=O)c1csc(COc2ccc(Cl)cc2)n1)c1ccc(F)cc1,0,0.491948233377973,0.041802761359836,-11.401698,0.0423443938354209,0.2006551533061757
4536,COc1ccc(-n2ncc(Oc3ccc4c(c3)CCC4)c(Nc3cccc(C(=O)NCC(C)C)c3)c2=O)cc1,0,0.293825406925416,0.772052466158818,2.3798962,0.0437136664435258,0.11262880743744486
4537,Cc1ccccc1C(=O)N[C@@H]1CCCC[C@H]1NC(=O)C1CCCN(C(=O)C23CC4CC(CC(C4)C2)C3)C1,0,0.613612956443881,0.508873109343135,-14.630334,0.0291659994321311,0.2528349709030503
4538,Cc1cccc(-n2nc(C(=O)O)c(C)c2Oc2ccc(NC(=O)C3CC3)cc2S(=O)(=O)NCC(C)C)c1C,0,0.342175464378454,0.252387090818357,3.623465,0.6573904508720106,0.35652761113460085
4539,Cc1noc(-c2ccc(C(C)(C)C)cc2)c1C(=O)NCc1ccc(C(F)(F)F)cc1,0,0.576429544924887,0.0695959714282907,-8.392912,0.0512050193087845,0.13942079014712425
4540,COc1ccccc1Oc1c(CN(C(=O)c2cccs2)C2CC2)c(C)nn1-c1ccc(Cl)cc1,0,0.280859416658502,0.0874373900882369,-0.17493534,0.01824630526648,0.07539632025182938
4541,Cc1ccc(C2c3cc(OC(C)C(=O)NCC(C)C)ccc3CCN2C(=O)CC(C)C)cc1,0,0.611911164808222,0.0864331816011837,-12.343975,0.0926790778948515,0.45318151943594415
4542,Cc1nc2c(OCc3ccc(C(F)(F)F)cc3)cccn2c(=O)c1-c1cc(C)n(-c2ccccc2)n1,0,0.314275226694271,0.0188163698136121,5.2775345,0.0698810935795145,0.19411818526179614
4543,O=C(CCN(C(=O)c1cccc(C(F)(F)F)c1)C1CCCCC1)Nc1nnc(-c2ccc(Cl)cc2)s1,0,0.365244640648923,0.411237384170829,-0.6040685,0.0399717495580072,0.14855512675882215
4544,CCC(CC)C(=O)Nc1ccc(Oc2c(C)c(C(=O)O)nn2-c2ccccc2)c(S(=O)(=O)N2CCOCC2)c1,0,0.38095025866866,0.422980446874563,-4.0576363,0.411203572953896,0.25181161221551995
4545,CCC(=O)Nc1cccc(-n2nc(OCCc3ccc(OC)cc3)nc2-c2ccccc2F)c1,0,0.378124136700946,0.0106058049745886,5.8592925,0.0460546657749289,0.12219318152390637
4546,Cc1ccc(-n2nc(C(=O)NCC3CCCO3)c(=O)n(Cc3ccc(C(F)(F)F)cc3)c2=O)cc1Cl,0,0.53568655660167,0.0334929465840545,0.95694625,0.0992192087939046,0.26136129914596623
4547,COc1cccc(C(=O)N(CC(=O)Nc2nc(-c3ccccc3)cn2-c2ccc(C(F)(F)F)cc2)C2CC2)c1,0,0.309641414236072,0.30576025472817,6.68794,0.0754357729733901,0.0903447610567754
4548,Cc1ccc(C2c3cc(OCc4nc(C(=O)NCC5CCCO5)cs4)ccc3CCN2C(=O)C2CC2)cc1,0,0.450727861014066,0.0633206611848458,-7.2237706,0.0107415896294168,0.07908701542922082
4549,Cc1cc(C)cc(-c2ccc(-n3cncc3C(=O)NCc3c(-c4ccccc4)noc3C)cc2)c1,0,0.333398862729942,0.640977509050239,11.000047,0.0396999703380303,0.0884877075405617
4550,CCN(CC)C(=O)CCc1c(-c2ccc(Cl)cc2)nc2ccc(-c3cc(C)ccc3C)cn12,0,0.306625411883477,0.164407629473799,5.026117,0.0273451667677298,0.15194237551801965
4551,CCCC(O)CN(CCC)CC(=O)N(CCc1c[nH]c2ccccc12)Cc1ccc(C(C)(C)C)cc1,0,0.312469549579195,0.929172952704819,2.972515,0.2952606535068141,0.3889788348159844
4552,Cc1ccccc1-n1nc(C(=O)O)c(C)c1Oc1ccc(NC(=O)C2CC2)cc1S(=O)(=O)NCC(C)C,0,0.358524319850455,0.224154759897997,6.568171,0.4081463655587778,0.3203108278122597
4553,Cc1ccccc1-n1nc(C(=O)O)c(C)c1Oc1ccc(NC(=O)C2CCC2)cc1S(=O)(=O)NCC(C)C,0,0.339965556929383,0.240962307681391,9.49126,0.3116954343490197,0.32802148934191927
4554,CCC(Oc1ccc2c(c1)C(c1ccc(F)cc1)N(C(=O)C1CCCC1)CC2)C(=O)NCC(C)C,0,0.548926182348094,0.265173780307527,-1.8442795,0.0473112150250046,0.07783068903899343
4555,Cc1ccc(CN(Cc2ccccc2)C(=O)CN(CC(C)C)C(=O)Nc2cc(C(F)(F)F)cc(C(F)(F)F)c2)o1,0,0.274325096643056,0.262325750594269,3.8574224,0.4977963920303785,0.21304106462857947
4556,CCOC(=O)c1cc(-c2cccc(NC(=O)C(C)C)c2)n(-c2ccccc2F)n1,0,0.626059906302937,0.007322473300339,6.596267,0.0607202370631691,0.23379086109139285
4557,CCCc1[nH]nc(-c2cc(OC)ccc2OC)c1NC(=O)Cc1ccc(F)cc1,0,0.591910905740093,0.0038713420212518,-0.85686034,0.0690699821739247,0.16305634233525915
4558,COc1ccc(OC)c(-c2cc(C(=O)N(CCC(=O)NCCc3ccccn3)CC3CCCO3)no2)c1,0,0.396776409405646,0.586424224348995,-0.6570887,0.0307693652288556,0.06803420673956846
4559,CCC(C(=O)Nc1ccc(OC)c(N2CCCN(Cc3cccc(Cl)c3)C2=O)c1)c1ccccc1,0,0.401143636137832,0.0207456039341485,8.890024,0.0378084429028183,0.1374850876140761
4560,COc1ccccc1-n1c(=O)c2cc(C)ccc2n(CC(=O)NCc2cccc(C(F)(F)F)c2)c1=O,0,0.439458064296922,0.0020228384351317,6.4086437,0.0938675529558533,0.2994222131541901
4561,Cc1ccc(C(C)C)c(OCc2nc(C(=O)NC3CCC(NS(=O)(=O)/C=C/c4ccccc4)CC3)cs2)c1,0,0.331480149367039,0.894529550103598,-0.89623415,0.0441445192053482,0.18888536085602645
4562,CCC(CC)NC(=O)c1cncn1-c1cccc(-c2ccc(OC)c(OC)c2)c1,0,0.612993623376137,0.009893504585749,2.060966,0.0435379900526745,0.11878311675913941
4563,CCc1[nH]nc(-c2ccc(C(C)(C)C)cc2)c1NC(=O)C(CC)c1ccccc1,0,0.537478504070321,0.230149094557381,-4.9590254,0.0273012317437792,0.18054840938196504
4564,Cc1onc(-c2ccccc2)c1CNC(=O)c1cncn1-c1cccc(-c2ccccc2C(F)(F)F)c1,0,0.289614159146577,0.204185476865583,6.4831567,0.0802717977631978,0.12165250293692949
4565,O=C(NC1CCC[C@H]1OCc1ccccc1)c1cncn1-c1cccc(-c2ccccc2C(F)(F)F)c1,0,0.315153361039476,0.385407392779459,2.447816,0.0322679440874352,0.08844238166958829
4566,CCOC(=O)c1c(NC(=O)CCC2CCCC2)sc2c1CCC(CC)C2,0,0.651830735384062,0.038450627939986,-7.225818,0.0531913259127562,0.10584226357027404
4567,CC(=O)c1ccc(Oc2cc(C(C)C)nc(SCc3ccc(C(F)(F)F)cc3)n2)cc1,0,0.224304711959189,0.0833881961899666,-3.3355842,0.0439934886690778,0.35461606324824324
4568,CCCCc1ccc(-c2ccc(-n3cncc3C(=O)NCc3c(-c4ccccc4)noc3C)cc2)cc1,0,0.247284673637173,0.535756760701443,11.301385,0.0574372535312007,0.09690261875953998
4569,CCCCc1ccc(-c2ccc(-n3cncc3C(=O)NC3CCC[C@H]3OCc3ccccc3)cc2)cc1,0,0.265840291965401,0.16661300086423,8.113301,0.015834073090514,0.0757426332650806
4570,O=C(NC12CC3CC(CC(C3)C1)C2)N1CCCC1c1nc2cc(-c3ccc(F)cc3F)ccc2o1,0,0.463077253579214,0.0588749068065555,2.5104651,0.0777012300770586,0.10298069534218501
4571,O=C(NC12CC3CC(CC(C3)C1)C2)N1CCCC1c1nc2cc(-c3ccccc3F)ccc2o1,0,0.489684911293729,0.0861709437443409,1.4881941,0.0293887944617853,0.08779529194183076
4572,O=C(N[C@@H]1CCCC[C@H]1NC(=O)C1CCCN(C(=O)C23CC4CC(CC(C4)C2)C3)C1)c1ccc(F)cc1,0,0.616187712824981,0.16382685924167,-13.445495,0.0251611030660157,0.15339516556615485
4573,CCCn1nc(-c2ccccc2OC)cc1C(=O)NCc1cccc(C(F)(F)F)c1,0,0.593901684073907,0.0140777603671936,6.092931,0.0269878671746457,0.13169405730639497
4574,CCCn1nc(-c2ccccc2OC)cc1C(=O)NC(C)CC,0,0.85057207048323,0.0011389159973303,6.039452,0.0257827550020446,0.09962297927039745
4575,CCc1nn(-c2ccc(F)cc2)c(Oc2ccccc2)c1CN(Cc1ccco1)C(=O)C1CCC1,0,0.286713287797066,0.130201180743204,3.8436556,0.0279567688715035,0.06878883678490415
4576,COCCN(CC(=O)Nc1cc(C(C)(C)C)nn1-c1ccc(C)cc1C)C(=O)NC12CC3CC(CC(C3)C1)C2,0,0.476876799614643,0.905078415947768,6.3582153,0.0489433467308878,0.18080248914868485
4577,CCOC(=O)C(C)Sc1nnc(-c2ccc(OC)cc2)n1-c1ccccc1,0,0.454013213877854,0.0024299551691486,-11.268622,0.0216721075057556,0.2100107458985609
4578,Cc1ccccc1-c1ccc(-n2cncc2C(=O)NCc2c(-c3ccccc3)noc2C)cc1,0,0.359432810968319,0.639013956374471,10.835438,0.0298336951861508,0.09018244015362736
4579,CC(C)CNC(=O)c1cccc(Nc2c(Oc3ccc(C(C)C)cc3)cnn(-c3cccc(Cl)c3)c2=O)c1,0,0.244879869435402,0.490447959320356,2.3127756,0.0431227726622621,0.12732610433582658
4580,CCCN(CCC)C(=O)c1cc(-c2ccc3ccccc3c2)on1,0,0.657257772721621,0.0127791333416222,2.2319899,0.0132322802857483,0.11962134485623024
4581,CC(C)(C)c1ccccc1SCc1ccc(C(=O)N2C3CCC2CC(Oc2cccc(C#N)c2)C3)cc1,0,0.325105579954173,0.398609691358304,1.6935405,0.0210205865142571,0.052307560131143384
4582,Cc1ccc(C(C)(C)C)cc1SCc1ccc(C(=O)N2C3CCC2CC(Oc2cccc(C#N)c2)C3)cc1,0,0.310524953172293,0.377699406971075,3.5928288,0.023096134972243,0.06527133460488502
4583,CCCC1CCc2c(sc(NC(=O)CC3CCCC3)c2C(=O)OCC)C1,0,0.651830735384061,0.0372369218414056,0.7125572,0.0510557492597781,0.10800825599302193
4584,COc1cccc(-c2nc(OCc3ccc(F)cc3)nn2-c2cccc(NC(=O)c3ccc(C)cc3)c2)c1,0,0.269187818726456,0.284139598838321,2.5191112,0.0265017320132393,0.08916605076710346
4585,CCSc1nnc(-c2cccnc2)n1-c1ccccc1C,0,0.6877481246462,0.0702387524147738,-2.4204397,0.0699989364375238,0.30803530786148564
4586,O=C(NCC1CCCO1)c1nn(-c2ccccc2F)c(=O)n(Cc2ccc(C(F)(F)F)cc2)c1=O,0,0.534000686484422,0.0029454679144861,4.736415,0.092108493321555,0.3382122625267835
4587,CCC(CC)CNC(=O)c1cc(N(C)C2CCCCC2)nc2ccccc12,0,0.734137697154858,0.0192555753780972,5.397319,0.0299592536914316,0.2343863356416782
4588,CCCNC(=O)c1sc2cc(F)ccc2c1Cl,0,0.903023530641812,0.0018531275217088,6.379561,0.0313346940602022,0.21994329237839155
4589,Cc1nnc(-c2cc(CC(C)C)n(-c3cccc(C(=O)NC(Cc4ccccc4)c4ccccc4)c3)n2)o1,0,0.259929866532566,0.431833898446891,0.16284561,0.0219852841545748,0.09813299423677908
4590,COc1ccc(NC(=O)NC2CCCCC2NC(=O)c2csc(COc3ccc(C(C)C)cc3)n2)c(OC)c1,0,0.296494790441564,0.638288335794071,-0.38260663,0.0377541612301259,0.11259363486221349
4591,CN(c1cc(C(=O)NCC2CCCCC2)c2ccccc2n1)C1CCCCC1,0,0.765176032223483,0.0330731003178785,0.16108048,0.0173327705143715,0.17731928997116908
4592,O=C(NCC1CC1)c1cncn1-c1cccc(-c2ccccc2C(F)(F)F)c1,0,0.692190676175807,0.0023506943982935,2.488052,0.0506167916623416,0.09018737114536732
4593,O=C(NC12CC3CC(CC(C3)C1)C2)N1CCCC1c1nc2cc(-c3ccc(F)c(F)c3)ccc2o1,0,0.463077253579214,0.173155161143593,1.3938864,0.0470886731964835,0.1004237890035278
4594,CCC(C)NC(=O)c1cc(-c2cccc(OC)c2)nn1-c1ccccc1,0,0.729528017398857,0.0017922844681849,-9.971032,0.0133287752311757,0.1106771137018296
4595,Cc1ccccc1-n1nc(C(=O)O)c(C)c1Oc1ccc(NC(=O)CC(C)C)cc1S(=O)(=O)NC(C)C,0,0.347904916993424,0.208274529458185,8.030997,0.4965806539086774,0.34598106313413507
4596,Cc1ccc(-n2nc(C(=O)O)c(C)c2Oc2ccc(NC(=O)C3CCC3)cc2S(=O)(=O)N2CCOCC2)cc1,0,0.429244625729398,0.160292624624903,-8.075859,0.5496328149011509,0.37252292846797197
4597,Cc1ccccc1-n1nc(C(=O)O)c(C)c1Oc1ccc(NC(=O)CC(C)C)cc1S(=O)(=O)N1CCOCC1,0,0.403321724786798,0.281531964491328,-1.1210258,0.5804178140388615,0.26930102230333247
4598,Cc1ccccc1-n1nc(C(=O)O)c(C)c1Oc1ccc(NC(=O)C2CC2)cc1S(=O)(=O)NC(C)C,0,0.393432247177333,0.193117834250747,6.2348294,0.7078479525842925,0.3251174521220562
4599,Cc1ccc(-n2nc(C(=O)O)c(C)c2Oc2ccc(NC(=O)C3CCCC3)cc2S(=O)(=O)N2CCOCC2)cc1,0,0.413481241922766,0.226909229967158,-4.2346625,0.3900956124282069,0.283834196868962
4600,Cc1nnc(-c2cc(C3CC3)n(-c3cccc(C(=O)NCc4ccc(C(F)(F)F)cc4)c3)n2)o1,0,0.428634070447294,0.044435338100344,-0.70454323,0.0337386270864745,0.07484231776670115
4601,CCCCC(CC)CNC(=O)c1cncn1-c1ccc(-c2cc(C(F)(F)F)cc(C(F)(F)F)c2)cc1,0,0.302130615502321,0.54476237017912,9.902587,0.2142545852603797,0.19370713792679184
4602,CCC(CC)NC(=O)c1cncn1-c1cccc(-c2cccc(OC(F)(F)F)c2)c1,0,0.563376492284266,0.0517765474580434,2.320002,0.0822306749536539,0.26247444868437253
4603,Cc1ccc(OCc2nc(C(=O)NC3CCCCC3NC(=O)c3ccc4ccccc4c3)cs2)cc1,0,0.344128179831713,0.248318543915274,-5.60983,0.0147780872567495,0.1359991214605271
4604,COc1ccc(CCOc2nc(-c3ccc(C)cc3)n(-c3cccc(NC(=O)C(C)C)c3)n2)cc1,0,0.351077758550902,0.0194189326404781,0.3004501,0.0179521908561592,0.10505754727377684
4605,COc1cccc(COc2ccc(-c3noc(-c4cccc(F)c4)n3)cc2)c1,0,0.466852354580862,0.0086533490070164,-10.134355,0.010819209615991,0.11572021930088763
4606,CCC(C)C(=O)Nc1ccc(Oc2c(C)c(C(=O)O)nn2-c2ccc(C)cc2)c(S(=O)(=O)NCc2ccco2)c1,0,0.228371657374289,0.626461586769897,5.1567616,0.4091389083853988,0.2325634861236757
4607,Cc1ccc(-n2nc(C(=O)O)c(C)c2Oc2ccc(NC(=O)C3CC3)cc2S(=O)(=O)NCC(C)C)cc1,0,0.358524319850454,0.208696964694752,-1.2894893,0.4835575411927548,0.36157722484444255
4608,Cc1ccc(-n2nc(C(=O)O)c(C)c2Oc2ccc(NC(=O)C(C)C)cc2S(=O)(=O)NCc2ccco2)cc1,0,0.25710107621113,0.345174434158315,4.714911,0.4420753523354723,0.24860104890778073
4609,Cc1ccc(-n2nc(C(=O)O)c(C)c2Oc2ccc(NC(=O)C3CCC3)cc2S(=O)(=O)NC(C)(C)C)cc1,0,0.372996008248057,0.195875738935874,6.362864,0.7807836916972715,0.29410536200781817
4610,Cc1ccc(-n2nc(C(=O)O)c(C)c2Oc2ccc(NC(=O)C3CCC3)cc2S(=O)(=O)NCc2ccco2)cc1,0,0.248561718076979,0.362692708554162,2.1608005,0.3251543898278538,0.1744088268450063
4611,Cc1ccc(-n2nc(C(=O)O)c(C)c2Oc2ccc(NC(=O)C3CC3)cc2S(=O)(=O)NC(C)(C)C)cc1,0,0.395071852864561,0.29123155021601,3.1525998,0.7283609153448104,0.24789912732587194
4612,Cc1ccc(-n2nc(C(=O)O)c(C)c2Oc2ccc(NC(=O)CC(C)C)cc2S(=O)(=O)NCc2ccco2)cc1,0,0.228371657374289,0.598633697707616,3.9969926,0.4347813279025386,0.1756792392930556
4613,COc1cccc(C(=O)N(CC(=O)N2CCCN(c3ccc(-c4ccc(F)cc4)nn3)CC2)CC2CC2)c1,0,0.45136276285112,0.0564172087395796,-6.805406,0.0232769180200506,0.10538258858548369
4614,COc1ccc(C(=O)N(CC(=O)N2CCCN(c3ccc(-c4ccc(F)cc4)nn3)CC2)CC2CC2)cc1,0,0.45136276285112,0.0572735150674871,-6.392253,0.0278648415824969,0.1673196507205755
4615,COc1ccc(C(=O)N(CCC(C)C)CC(=O)N2CCCN(c3ccc(-c4ccc(F)cc4)nn3)CC2)cc1,0,0.402599540907579,0.148942785480047,-7.0530806,0.0359566538104917,0.2235493375798744
4616,CCOC(=O)C(C)Sc1nnc(-c2ccc(F)cc2)n1-c1ccccc1,0,0.481917740263114,0.0020047524460623,-12.312726,0.0460433158472319,0.3000949826237031
4617,CCOC(=O)C1CCCN(c2nc(CCc3ccccc3)nc3sc4c(c23)CCCCC4)C1,0,0.355598154071177,0.0326484440632442,8.228802,0.0220155703672371,0.11992684263233103
4618,CCC(C)N(CC(=O)N1CCCN(c2ccc(-c3ccccc3Cl)nn2)CC1)C(=O)c1cccc(F)c1,0,0.439648890425113,0.132787335419396,-2.5320053,0.050308184328124,0.2894820073717841
4619,O=C(c1ccc(C(F)(F)F)cc1)N(CCc1nc(-c2cccc(C(F)(F)F)c2)no1)C1CCCCC1,0,0.34206559787924,0.562416668235366,-1.518772,0.0600863778767279,0.36084728507646757
4620,CC1CCCC(NC(=O)c2cncn2-c2cccc(-c3ccc(Oc4ccccc4)cc3)c2)C1C,0,0.3374132334427,0.103829451332075,8.719256,0.0125209747631332,0.09638726000153203
4621,CCN(CC(=O)N1CCCN(c2ccc(-c3ccccc3Cl)nn2)CC1)C(=O)Nc1ccc(C)cc1,0,0.523843497053467,0.0346546173616255,-2.0279076,0.0328183695775565,0.19028576007740822
4622,Cc1ccn2c(NC(C)(C)C)c(-c3cccc(F)c3)nc2c1,0,0.7451742224427,0.006761518956306,2.8728132,0.0292737854804182,0.20547000937291732
4623,COc1ccc(-c2onc3c2CCc2ccccc2-3)cc1NC(=O)C12C[C@H]3C[C@@H](C1)C[C@@H](C2)C3,0,0.504528558552094,0.184000236953551,3.4390187,0.0137750480238822,0.11230814466101406
4624,CCC(=O)Nc1c(-c2ccccc2)nc2cc(C)ccn12,0,0.794981244604411,0.0008643425770254,6.076492,0.0435675061460401,0.1529846042433916
4625,COc1ccc(OC)c(-c2cc(CN(C(=O)c3ccc(Cl)cc3)C3CC3)no2)c1,0,0.55641080484684,0.0103913262422895,1.4995099,0.0232409659476157,0.07142454579350745
4626,CCNC(=O)c1nn(-c2ccc(C(F)(F)F)cc2)c(=O)n(Cc2ccc(C(F)(F)F)cc2)c1=O,0,0.561622635784212,0.0098523653926835,8.568509,0.1535764102760322,0.4876098719735692
4627,O=C(c1csc(CN(CCC(c2ccccc2)c2ccccc2)Cc2ccc(Cl)cc2)n1)N1CCCCC1,0,0.205993928197754,0.948169305998375,10.039054,0.1093030933837245,0.29030953657344905
4628,CCC(C)NC(=O)c1cc(-c2cccc(OC)c2)nn1-c1ccc(OC)cc1,0,0.671611555289327,0.0015786889478722,-6.350615,0.0237179323339102,0.1168107204364683
4629,Cc1ccc2nc(-c3ccccc3F)c(NC(=O)C3CCCCC3)n2c1,0,0.72420517755181,0.0116537195059228,2.5060773,0.013703414011588,0.14296527352911492
4630,COc1ccccc1-c1nc2ccc(C)cn2c1NC(=O)CCC1CCCC1,0,0.640043653217597,0.0073953505043787,0.827855,0.0074800655535535,0.07862406665976443
4631,COC(=O)CSc1nnc(-c2ccccc2C)n1-c1ccccc1,0,0.525826245709385,0.0030146260045095,-2.9163775,0.0446602642950503,0.24604057980013874
4632,CN(C)c1ccc(-c2ccc3oc(C4CCCN4C(=O)NC45CC6CC(CC(C6)C4)C5)nc3c2)cc1,0,0.46698842835204,0.0846919453198954,-4.061792,0.0308848083893422,0.1315499357145224
4633,COc1ccc(OC)c(-c2cc(CN(C(C)=O)C(C)C)no2)c1,0,0.818546976625079,0.0008319605029773,-7.1753035,0.050016383577307,0.1508572575508798
4634,O=C(NCC1CCCO1)c1coc(CN(CCc2c[nH]c3ccccc23)Cc2ccccc2Cl)n1,0,0.326597175144519,0.0664776942153063,-0.4015602,0.0166294375403765,0.09448821096560522
4635,CCOC(=O)c1csc(CSc2nnc(-c3ccc(F)cc3)n2-c2ccc(C)cc2)n1,0,0.27851592685385,0.0100377974650625,0.23541617,0.0269838671384087,0.13991245494929555
4636,CCOC(=O)CCC(=O)NC1CCC(NC(=O)c2csc(COc3cc(C)ccc3C(C)C)n2)CC1,0,0.421926555553148,0.417530960853517,4.9363284,0.0372710349851541,0.2259794194388856
4637,CCc1[nH]nc(-c2cc(OC)ccc2OC)c1NC(=O)c1ccc(Cl)cc1,0,0.651627844587231,0.0023097868420108,-1.3005532,0.0325326011209205,0.12692127669182357
4638,CC(CC(=O)NC1CCCCC1NC(=O)c1csc(COc2ccccc2)n1)CC(C)(C)C,0,0.517150525761741,0.151983645956145,-2.6518734,0.0172409263643063,0.11907248437618381
4639,Cc1nnc(-c2cc(CCC(C)C)n(-c3cccc(C(=O)NC[C@@H](C)c4ccccc4)c3)n2)o1,0,0.36598355598935,0.0473060803508303,-1.6493335,0.0200934514719663,0.09755760613750433
4640,CCCNC(=O)c1cc(-c2ccc(OC)cc2F)n(C)n1,0,0.91985268902106,0.0014850544542916,-5.305372,0.0341304367713487,0.3285316975751072
4641,CCCC(CCC)NC(=O)c1cncn1-c1cccc(-c2ccccc2C(F)(F)F)c1,0,0.459601936459078,0.235968629022849,5.5505676,0.063951701302292,0.15278124066731685
4642,CC1CC(NC(=O)c2cncn2-c2cccc(-c3cccc4c3sc3ccccc34)c2)CC(C)(C)C1,0,0.277019359345962,0.221885093529172,14.4314165,0.0097925714333923,0.06973479115253713
4643,CCS(=O)(=O)N(CC(=O)N(Cc1ccc(OC)cc1)C1CCN(C(=O)COC)CC1)CC1CCCCC1,0,0.40687883687549,0.0226891880017842,5.7902393,0.0505764327861994,0.35890363231851496
4644,CCNC(=O)N1CCC(N(Cc2ccc(OC)cc2)C(=O)CN(CC2CCCCC2)S(=O)(=O)CC)CC1,0,0.467100372812107,0.133586323216374,5.6554766,0.0474348443817113,0.362224108565185
4645,Cc1ccc(OCc2nc(C(=O)NC3CCCCC3NC(=O)NCc3ccccc3)cs2)cc1,0,0.442199669414055,0.0082167629229924,-12.808326,0.0097885819432205,0.11644134104607735
4646,CC(C)c1ccc(OCc2nc(C(=O)NC3CCCCC3NC(=O)Nc3ccc(F)c(F)c3)cs2)cc1,0,0.335099982458291,0.569139603467722,-8.889422,0.0441849220018454,0.13278739781640778
4647,COc1ccccc1-c1cccc(-c2cccc(NC(=O)Cc3ccc(F)cc3)c2)n1,0,0.439045435664552,0.0813246409234174,5.6786475,0.0140459558927232,0.10690882612541422
4648,Cc1nc2c(OCc3ccc(C(F)(F)F)cc3)cccn2c(=O)c1-c1cc(C)n(-c2cccc(Cl)c2)n1,0,0.266237133468688,0.132884033473645,6.701406,0.1757072536256162,0.19205487892279394
4649,COC(=O)c1ccccc1Oc1ccncc1,0,0.758996602784573,0.923353394205639,-1.5145279,0.2103595672871636,0.2865316777764588
4650,CCOC(=O)c1csc(CSc2nnc(-c3ccc(F)cc3)n2-c2ccccc2)n1,0,0.297568575929111,0.0088951991640224,-2.0679197,0.033584988357103,0.13656466579643595
4651,CCC(COC)NC(=O)c1cncn1-c1cccc(-c2cccc3c2sc2ccccc23)c1,0,0.324409951724468,0.0985163785135727,11.812027,0.0080238859516687,0.0864375320546421
4652,COc1ccc(CN2CCCN(c3cc(NC(=O)C4CCCC4)ccc3OC)C2=O)cc1,0,0.683650370975255,0.0020134833441348,4.319321,0.0261598803150284,0.09761174659515695
4653,CCCN(CC(=O)Nc1nnc(-c2cccc(C)c2)s1)C(=O)C(CC)c1ccccc1,0,0.518456215170314,0.041377016845287,4.089245,0.0297729465809642,0.14908585091005092
4654,COc1ccc(CCN(Cc2ccc(C)o2)C(=O)CN(CC(C)C)C(=O)C2CCCC2)cc1OC,0,0.430599144883806,0.0579961003826538,4.1288457,0.0308465094700469,0.0952360919588328
4655,Cc1nnc(-c2cc(CCC(C)C)n(-c3cccc(C(=O)N(C)C4CCCCC4)c3)n2)o1,0,0.508148848592336,0.0672723933338157,-6.037878,0.0181273104049452,0.17646461772540795
4656,CCCCc1ccc(C(=O)NC2CCCCC2NC(=O)c2csc(COc3ccc(C)cc3)n2)cc1,0,0.362525408366589,0.787164976010871,-7.0324383,0.016275774328646,0.14376288695861558
4657,CCOc1ccc(-c2cc(C(=O)NCc3ccc(C(F)(F)F)cc3)c3ccccc3n2)cc1,0,0.377842810522314,0.0360240380547451,-3.808514,0.0328689242078665,0.11652125257736409
4658,O=C(NCc1ccc(C(F)(F)F)cc1)c1cc(-c2ccc3c(c2)OCO3)nc2ccccc12,0,0.441112109225055,0.0317588984519827,-7.490769,0.0218912056399229,0.11404344606294858
4659,CCOC(=O)c1csc(CSc2nnc(-c3ccc(OC)cc3)n2-c2ccc(Cl)c(Cl)c2)n1,0,0.20254411464966,0.541056630474644,2.3340502,0.0473375230816915,0.11974841496832123
4660,CCNC(=O)c1nn(-c2ccccc2)c(=O)n(Cc2ccc(C(F)(F)F)cc2)c1=O,0,0.688575814906961,0.0051073909978644,3.0932813,0.088431933048885,0.4128762306199671
4661,Cc1nnc(-c2cc(CCC(C)C)n(-c3cccc(C(=O)NC4CC(C)CC(C)(C)C4)c3)n2)o1,0,0.481067339229457,0.0585825925039714,0.1176151,0.0113281460113858,0.10830716014798121
4662,CCc1cccc(NC(=O)N(CC(=O)N(Cc2ccccc2)Cc2ccc(C)s2)CC(C)CC)c1,0,0.323338408254442,0.140358694621818,13.894617,0.0340579968720416,0.12065900321645393
4663,O=C(COc1ccccc1)NC1CCCCC1NC(=O)c1csc(COc2ccccc2)n1,0,0.499376731043097,0.0175676811935064,-3.081543,0.0179698369747191,0.14681077153711436
4664,CCCc1cc(C(=O)OCC)c(NC(=O)C2(c3ccc(Cl)cc3)CCCC2)s1,0,0.561216675738554,0.131997247955278,-9.4160595,0.0759023711423814,0.11631002319259094
4665,CCCSc1ncccc1C(=O)N(Cc1nc2cc(C)ccc2o1)C1CCCCC1,0,0.435683672757583,0.164776374705313,6.6192927,0.0104894068825067,0.17717970317312054
4666,Cc1cccc(NC(=O)c2ccc(C)nc2C2CCN(C(=O)c3cc(F)cc(F)c3)CC2)c1,0,0.591926681415741,0.0181598485351782,-3.594695,0.0478205944473065,0.20925584931648222
4667,CCn1nc(-c2cccc(OC)c2)cc1C(=O)NC1CCCCC1,0,0.911935170372922,0.0014993592967632,2.0629811,0.0174387042059645,0.13523254879409383
4668,CCCNC(=O)c1cc(-c2ccc(OC)cc2)nn1CC,0,0.888441285693286,0.0007585915000343,4.5890756,0.0408879347922242,0.17625439328487194
4669,CCCNC(=O)c1cc(-c2ccc(OC)cc2F)nn1CC,0,0.892564339884793,0.0009139233987719,-1.4416168,0.0302081951051105,0.20375088174276548
4670,CCCn1nc(-c2ccccc2OC)cc1C(=O)Nc1cccc(Cl)c1,0,0.673643166172373,0.0021677940232635,1.7493671,0.0193172970735177,0.1027448941209566
4671,Cc1nnc(-c2cc(CC(C)C)n(-c3cccc(C(=O)NC4CCC(C)CC4)c3)n2)o1,0,0.621341157917656,0.0096567919886721,-1.9049873,0.0161202789969825,0.12738538405524485
4672,COc1ccc(CC(=O)NC2CCCCC2NC(=O)c2csc(COc3cc(C)cc(C)c3)n2)cc1,0,0.436436953678724,0.380652061443517,-3.5959363,0.0205976915153117,0.12573420734273735
4673,CCOC(=O)c1csc(CSc2nnc(-c3ccc(OC)cc3)n2-c2ccccc2)n1,0,0.278726596378895,0.0241813970284677,-2.0693927,0.019765425241189,0.1055912095126353
4674,COc1cccc(C(=O)N(CCC(=O)Nc2nnc(-c3ccccc3)s2)C(C)c2ccccc2)c1,0,0.34027006174465,0.113536953907989,2.8716512,0.0143180893744216,0.10077993123516422
4675,COc1ccccc1OCc1nc(C(=O)NC2CCCCC2NC(=O)Cc2ccccc2)cs1,0,0.48172856280182,0.0363054963615511,-4.0227838,0.0134473473591219,0.11357521241700083
4676,Cc1cccc(-n2c(SCc3cccc(C(=O)NCC(C)C)c3)nnc2-c2ccco2)c1,0,0.361180580824856,0.0797355217898141,-10.400409,0.0127335820994695,0.10228537585041361
4677,CC(C)(C)CC(=O)N(CCc1csc2nc(-c3ccc(F)cc3)cn12)Cc1ccccc1,0,0.336375678459979,0.207054866349477,2.2065263,0.0154792434921587,0.08082813140994946
4678,Cc1ccc(CN(CCC(c2ccccc2)c2ccccc2)Cc2nc(C(=O)NC3CCCCC3)cs2)cc1,0,0.212830588615517,0.635921812020616,10.000983,0.0287389638518567,0.1310568275683399
4679,Cc1ccccc1C(=O)N(Cc1ccc(C(F)(F)F)cc1)c1ccc(CC(=O)NCCN2CCCCC2)cc1,0,0.364088178801931,0.490622044824241,0.27099,0.3616560741527985,0.15725075579890574
4680,CCCn1nc(-c2ccccc2OC)cc1C(=O)NC(C)C,0,0.89164850455389,0.001782907541466,7.1709476,0.0417292083299261,0.1110992238777729
4681,CCCNC(=O)c1cc(-c2ccccc2OC)nn1CCC,0,0.854626343809527,0.0039944074742609,3.6054025,0.0316515270750285,0.10351478872022128
4682,CCCN(Cc1nc(C(=O)OC)cs1)C(=O)c1cccc(Cl)c1,0,0.744636191180709,0.0004614467603785,2.1500177,0.0351462854880262,0.4184017399215591
4683,CCc1cc(N2CCCCC2C)nc(SCc2ccc(C(=O)N3CCN(C)CC3)cc2)n1,0,0.484919438057179,0.0149100278690329,2.2654681,0.0365295272544106,0.23790697657532583
4684,Cc1cccc(-c2nnc(SCc3ccccn3)n2-c2ccccc2)c1,0,0.47452587749438,0.0944822888644177,-7.9216094,0.0170436292994082,0.17638360589000474
4685,CCCNC(=O)N(Cc1cc(-c2ccc(OC)cc2OC)on1)C(C)C,0,0.775854490561164,0.0024716064075252,-12.3559675,0.0628718900868395,0.13527308077484385
4686,O=C(CSc1nnc(-c2ccc(F)cc2)n1-c1ccccc1)N1CCOCC1,0,0.618568330297642,0.0104104344152879,-11.038372,0.0474354799416518,0.17576432866036124
4687,FC(F)(F)c1ccc(SCc2csc(-c3ccc(Cl)cc3)n2)nc1,0,0.501282610204136,0.333576670990022,-0.89875996,0.053038892710865,0.22663061126487216
4688,O=C(OCc1ccccc1)N1CCc2nc(N3CCc4ccccc4C3)nc(Oc3cccc(F)c3)c2C1,0,0.344933657309326,0.177297971307847,-10.051042,0.0162292887096651,0.14270711332729746
4689,CCC(Oc1ccc2c(c1)C(c1ccc(C)cc1)N(C(=O)C1CC1)CC2)C(=O)NCCN1CCCC1,0,0.572185101972433,0.25241299446544,-8.197287,0.0405189605991758,0.14824676210034368
4690,CC(C)CN(CCc1nc(-c2cccc(C(F)(F)F)c2)no1)C(=O)c1ccccc1Cl,0,0.458637287139132,0.041838711738242,-2.2732112,0.0250174827264822,0.3076833450929861
4691,CC(C)CN(CCc1nc(-c2cccc(C(F)(F)F)c2)no1)C(=O)c1ccc(C(F)(F)F)cc1,0,0.37884302886812,0.0998726689860347,-1.8731647,0.1031892351636229,0.37132136144973316
4692,CCC(Oc1ccc2c(c1)C(c1ccccc1)N(Cc1cccc(C)c1)CC2)C(=O)NCC1CCCO1,0,0.417572459508352,0.423996090843715,3.8638706,0.0455247732229724,0.3771311663533815
4693,O=C(NC1CC1)c1csc(-c2cccc(OCc3ccc(C(F)(F)F)cc3)c2)n1,0,0.591062189314451,0.0155786598238132,-4.2423596,0.026112726782044,0.0817739660528927
4694,CC(C)CCNC(=O)c1ccc(CN2C(=O)COc3ccc(C(=O)COc4cccc(F)c4)cc32)o1,0,0.420239512821897,0.0046241823290378,-7.9033113,0.0404052796891566,0.1194237741448138
4695,CCC(C)NC(=O)c1ccc(CN2C(=O)COc3ccc(C(=O)COc4ccc(F)cc4C)cc32)o1,0,0.441818456092253,0.0058630994625628,-1.5330367,0.078066678769548,0.13453766935701766
4696,CCCCN(CCC(=O)Nc1nnc(-c2ccccc2)s1)C(=O)c1ccc(C(C)(C)C)cc1,0,0.435899841430848,0.213082679410331,0.9545413,0.0205360824654874,0.15913274201694666
4697,Cc1cc2nc(Cc3ccccc3)n(Cc3ccc(C(=O)NCCc4ccccn4)cc3)c2cc1C,0,0.315694633093129,0.764323634353668,2.6049657,0.032976797727519,0.09137055313349089
4698,COc1cccc(COc2ccc(-c3nc(C(=O)NCC(C)C)cs3)cc2)c1,0,0.595019161769603,0.0108570341747686,-8.128079,0.0057966276952726,0.136716215379247
4699,CCOC(=O)CSc1nnc(-c2ccc(OC)cc2)n1-c1ccccc1,0,0.468265475191473,0.0008666362885779,-4.228443,0.0339011492797792,0.1859302781169122
4700,CCCCC(=O)NC1CCCCC1NC(=O)c1csc(COc2ccccc2OC)n1,0,0.575222133552018,0.0096785638815157,0.016541481,0.0167616537648325,0.13899152191348624
4701,CC(C)CNC(=O)c1csc(-c2cccc(OCc3ccc(C(F)(F)F)cc3)c2)n1,0,0.51182117604661,0.0209679427210417,-4.755529,0.0336777082217515,0.12855401169357897
4702,CCNC(=O)c1csc(-c2cccc(OCc3ccc(C(F)(F)F)cc3)c2)n1,0,0.615414315426907,0.0125674942609128,0.81218946,0.0364503714060938,0.13554664734086153
4703,CC(C)NC(=O)c1csc(-c2cccc(OCc3ccc(C(F)(F)F)cc3)c2)n1,0,0.569182787582024,0.0324230690401478,0.17888713,0.0522993679811734,0.13593135329587075
4704,O=C(Cc1ccccc1)NC1CCCCC1NC(=O)c1csc(COc2ccccc2)n1,0,0.542109491064111,0.011921728651312,-9.436586,0.0105740517012448,0.14005659404420345
4705,Cc1ccc(NC(=O)NC2CCCCC2NC(=O)c2csc(COc3ccccc3F)n2)c(C)c1,0,0.411683128268841,0.0781279782431546,-4.1635156,0.017355372860704,0.13541302442041228
4706,CC(C)NC(=O)c1csc(-c2ccccc2OCc2ccc(C(F)(F)F)cc2)n1,0,0.569182787582024,0.0238317360381707,6.288997,0.0508225171446754,0.13539903998399
4707,O=C(NC1CC1)c1csc(-c2ccccc2OCc2ccc(C(F)(F)F)cc2)n1,0,0.591062189314451,0.0144791760758687,1.9589204,0.0300384621014357,0.08407776514808325
4708,Cc1nn(-c2ccc(Cl)cc2)c(Oc2cccc(F)c2)c1CN(C(=O)c1cccs1)C1CC1,0,0.297332598947282,0.0495976304550527,-2.7762418,0.0249909878241012,0.08269412646070387
4709,CCCNC(=O)c1cc(-c2cccc(F)c2)n(C)n1,0,0.918053706855041,0.0110411735926776,-2.3060503,0.0459558622086436,0.33573519828641807
4710,CC(C)Oc1ccccc1-c1nc(C(=O)NCc2cccc(C(F)(F)F)c2)cs1,0,0.569182787582024,0.0118448499498154,-0.5293609,0.0327708820265008,0.16271940959093284
4711,COc1cc(-c2cc(CN(CC3CCCO3)C(=O)Nc3cccc(C)c3)no2)cc(OC)c1OC,0,0.464932414831056,0.0295448025221112,2.0957255,0.0387868289811552,0.0773752367101756
4712,CCCNC(=O)c1ccc(Cn2c(Cc3ccccc3Cl)nc3cc(C)c(C)cc32)cc1,0,0.374076723507447,0.0693038265893149,2.961207,0.0311288413613753,0.1130739729452884
4713,Cc1cc2nc(Cc3ccc(F)cc3)n(Cc3ccc(C(=O)NCCc4ccccn4)cc3)c2cc1C,0,0.2978963273991,0.3352799926133,2.9867783,0.0652236676292116,0.09986807529776126
4714,CCc1[nH]nc(-c2cc(OC)ccc2OC)c1NC(=O)Cc1ccc(F)cc1,0,0.647127727150185,0.0025597689172834,-2.973209,0.0826739918733192,0.19173248240605714
4715,O=C(Cc1cccc(N(Cc2ccccc2)C(=O)C2CCCC2)c1)NCCN1CCCCC1,0,0.613365535669115,0.965779973686633,-0.34169924,0.0782639625350589,0.18154189340060803
4716,O=C(Nc1ccccc1F)NC1CCCCC1NC(=O)c1csc(COc2ccccc2F)n1,0,0.444661327500789,0.011045970934052,-3.4500365,0.0261532162313031,0.16745978751564092
4717,Cc1cccc(-c2nnc(NC(=O)C(Cc3ccccc3)NC(=O)C34CC5CC(CC(C5)C3)C4)s2)c1,0,0.455228139308766,0.153096172275701,2.6743097,0.0119022099938761,0.10984032141263829
4718,CCNC(=O)c1csc(-c2ccccc2OCc2ccc(C(F)(F)F)cc2)n1,0,0.615414315426907,0.017992471371936,6.351571,0.0365279212644409,0.1503334778074315
4719,CCCNC(=O)c1csc(-c2ccccc2OCc2ccc(C(F)(F)F)cc2)n1,0,0.545429446447688,0.0160389257686697,4.009062,0.032149306833135,0.1448411407527548
4720,CC(C)NC(=O)c1cncc(-c2ccc(Cl)cc2)c1,0,0.93010379008942,0.295566312867084,-7.8622785,0.0396821468091042,0.3182194508224968
4721,CCN(Cc1cc(-c2cc(OC)ccc2OC)on1)C(=O)c1ccc(C)cc1,0,0.610379784567666,0.0017817927621037,4.5004573,0.0178654107085072,0.13970657217573904
4722,CC(C)CNC(=O)Cc1cccc(N(Cc2ccc(F)cc2)C(=O)CC(C)C)c1,0,0.66442361090307,0.0745872544693161,-4.175093,0.0554381358242654,0.2205020240009866
4723,COc1ccccc1OCc1nc(C(=O)NC2CCCCC2NC(=O)CCc2ccccc2)cs1,0,0.433477464375796,0.0392205257415011,-3.643983,0.0094952458312709,0.11185506234411265
4724,COc1ccccc1OCc1nc(C(=O)NC2CCCCC2NC(=O)c2cccc(F)c2)cs1,0,0.497578673135794,0.0101403313902402,-3.6546588,0.0360786418901155,0.14072736198906496
4725,COc1cc(CN(C)C(=O)c2c(C)noc2-c2ccco2)cc(OC)c1OC,0,0.613617957051691,0.0310536793340726,-3.367486,0.0286922603288632,0.15956925624445525
4726,COc1ccc(OC)c(-c2cc(CN(C(=O)c3cccc(F)c3)C(C)C)no2)c1,0,0.584249419224492,0.0097517283780304,-4.8170514,0.0425438313741924,0.163911686448939
4727,CCN(Cc1cc(-c2cc(OC)ccc2OC)on1)C(=O)c1ccccc1,0,0.631802767027952,0.0020789094208725,4.0531135,0.0205805470220643,0.14360618575482234
4728,CCCN(Cc1cc(-c2cc(OC)ccc2OC)on1)C(=O)c1cccc(F)c1,0,0.556959456685197,0.0315663773634058,2.446751,0.0331461751424044,0.1199226218264354
4729,COc1ccc(OC)c(-c2cc(CN(Cc3ccccc3)C(=O)C(C)C)no2)c1,0,0.561027556036133,0.002133566837167,1.7304109,0.0175870836510495,0.13354657420555363
4730,CCCCC(=O)N1CCc2[nH]nc(C(=O)NCCc3ccc(OC)cc3)c2C1,0,0.731899924208875,0.0230534691491883,-9.207149,0.0281327667357649,0.13949401748382845
4731,Cc1ccc(C(=O)N(CCc2nc(-c3cccc(C(F)(F)F)c3)no2)CC(C)C)cc1,0,0.502296670895699,0.0346682845995967,-3.4455395,0.0157055775641015,0.2520063562063634
4732,Cc1ccc(C)c(-c2cncc(C(=O)NCC(C)C)c2)c1,0,0.927586002585508,0.0159261233221046,-14.840567,0.0242056227448862,0.46762814045431267
4733,Cc1ccc(C)c(-c2cncc(C(=O)NC(C)C)c2)c1,0,0.925297319613353,0.0024757686749396,-9.856942,0.0462985434105592,0.3432373331299631
4734,Cc1cc2nc(Cc3ccccc3)n(Cc3ccc(C(=O)NCc4ccccn4)cc3)c2cc1C,0,0.343055439188825,0.226065641504191,1.6717952,0.0225787451513059,0.08631199329370212
4735,COc1cccc(COc2ccc(-c3nc(C(=O)Nc4ccc(C)cc4)cs3)cc2)c1,0,0.393044638732874,0.0432246519833037,1.4608871,0.0066690012239981,0.1648221639088976
4736,CCN(CC)C(=O)c1csc(-c2ccc(OCc3cccc(OC)c3)cc2)n1,0,0.544506383667953,0.0033657295184606,-0.99439484,0.009393194279209,0.21009410431126813
4737,CC(C)(C)c1ccc(CN(Cc2ccc3c(c2)OCO3)Cc2nc(C(=O)NCCN3CCOCC3)co2)cc1,0,0.418188245977021,0.421530581141771,0.1299541,0.0389747067784431,0.16263178863035826
4738,CCC(=O)N(Cc1ccc(F)cc1)Cc1cc(-c2cc(OC)ccc2OC)on1,0,0.561401824337874,0.0018540318062309,2.3728585,0.0370765885906646,0.21515893683746543
4739,CC1CCN(c2nc3c(c(Oc4ccc(F)cc4F)n2)CN(C(=O)OCc2ccccc2)CC3)CC1,0,0.468126074110067,0.0426250110439674,-7.458587,0.0359755574836199,0.20725223124774933
4740,O=C(NCC1CCCO1)c1coc(CN(Cc2cccc(Oc3ccccc3)c2)Cc2ccc3c(c2)OCO3)n1,0,0.273165371013658,0.718809345274169,2.3286338,0.0237756131713727,0.0759607526771829
4741,CCC(C)NC(=O)c1coc(CN(CCc2c[nH]c3ccccc23)Cc2cccc(F)c2)n1,0,0.355310186309841,0.145203314225213,3.6054597,0.0339960361006117,0.12936470596156963
4742,CCc1ccc(NC(=O)NC2CCCCC2NC(=O)c2csc(COc3ccccc3F)n2)cc1,0,0.395332006477079,0.034767366830275,-5.6428103,0.0181857105463923,0.1292604487879508
4743,O=C(NC1CCCCC1NC(=O)c1csc(COc2ccccc2)n1)c1ccc(Cl)cc1,0,0.518164147939109,0.031762896507087,-10.923091,0.0162769947354558,0.1437842042288906
4744,O=C(NC1CCCCC1NC(=O)c1cccs1)c1csc(COc2ccccc2)n1,0,0.574281165039818,0.0221911292514368,-9.784008,0.0123198660576886,0.09391211398335121
4745,O=C(Nc1cccc(N2CCCN(Cc3ccc(C(F)(F)F)cc3)C2=O)c1)c1ccccc1,0,0.531725981560494,0.0226715569208674,4.230086,0.0329373729095761,0.16509879091721402
4746,Cc1cccc(C(=O)Nc2cccc(N3CCCN(Cc4ccc(C(F)(F)F)cc4)C3=O)c2)c1,0,0.493151110886407,0.0278687155070006,3.537057,0.0381903213009165,0.13837373597467098
4747,CCC(C(=O)Nc1cccc(N2CCCN(Cc3ccc(C(F)(F)F)cc3)C2=O)c1)c1ccccc1,0,0.398052527421935,0.0279487820736115,6.1731095,0.045043977442314,0.14863172952619091
4748,COc1ccc(OC)c(-c2cc(CN(C)C(=O)c3ccccc3Cl)no2)c1,0,0.63208927921502,0.0051508273141995,4.2092834,0.0261241175021232,0.3089485407821726
4749,CCC1=C(C(=O)OC)C(c2cccc(C)c2)N2C(CC(=O)NC3CC4CCC3C4)=CSC2=N1,0,0.609668099513915,0.0078264193045946,-0.5720396,0.0184241956783764,0.10305098364780393
4750,O=C(Cc1ccc(F)cc1)Nc1cccc(N2CCCN(Cc3ccc(C(F)(F)F)cc3)C2=O)c1,0,0.445066555384826,0.0224553745270596,6.3672614,0.0530734884113666,0.15562628008630636
4751,CC1CCN(c2nc3c(c(Oc4ccccc4F)n2)CN(Cc2cccs2)CC3)CC1,0,0.543238266812414,0.120643345648686,-0.0885309,0.0300195387133923,0.09934958145818347
4752,CCN(CC(=O)N1CCCN(c2ccc(-c3ccc(F)cc3)nn2)CC1)C(=O)c1ccc(F)cc1,0,0.54027127038662,0.0148063900608233,-5.7259917,0.1028577537038312,0.464977073354879
4753,Cc1nc(-c2cccc(OCc3ccccc3)c2)no1,0,0.723217409438257,0.001401851567732,-10.8948765,0.019104010690613,0.11666322014467112
4754,Fc1ccc(Oc2nc(N3CCCCC3)nc3c2CN(Cc2cccs2)CC3)c(F)c1,0,0.546194900971037,0.179885549881312,-1.6262584,0.0423427812491709,0.13600549736548423
4755,CN(Cc1ccccc1)c1nc2c(c(Oc3ccc(F)cc3)n1)CN(C(=O)OCc1ccccc1)CC2,0,0.323782307889241,0.0363575977119538,-0.3085853,0.0197073576235728,0.14071360957208578
4756,CN(Cc1ccccc1)c1nc2c(c(Oc3cccc(F)c3)n1)CN(C(=O)OCc1ccccc1)CC2,0,0.323782307889241,0.043237300997218,-4.8180294,0.0227082175060348,0.14632710861416093
4757,Cc1cc(Oc2nc(N3CCCC3)nc3c2CN(C(=O)OCc2ccccc2)CC3)ccc1F,0,0.530964635365329,0.0167810723910501,-10.847451,0.0158964421141456,0.09474982717482021
4758,O=c1cc(CN2CCN(C3CCCCC3)CC2)nc(N2CCCN(Cc3cccc(C(F)(F)F)c3)CC2)[nH]1,0,0.608276760279583,0.122745642495073,-0.7081324,0.0567316300526163,0.24648358433824996
4759,CCn1nc(-c2cccc(F)c2)cc1C(=O)NC1CCCCC1,0,0.933282363481895,0.0018161925585751,0.81080353,0.0241413226217494,0.24261117302064136
4760,Fc1ccccc1Oc1nc(N2CCCCC2)nc2c1CN(Cc1cccs1)CC2,0,0.575387858019584,0.103338450382254,-1.1624757,0.0282394612536249,0.1093000986679126
4761,CC1CCN(c2nc3c(c(Oc4ccc(F)c(F)c4)n2)CN(C(=O)OCc2ccccc2)CC3)CC1,0,0.468126074110067,0.012399065647975,-9.3528385,0.0327937832772057,0.24598741259147303
4762,CCCNC(=O)c1nn(-c2cc(C)cc(C)c2)c(=O)n(Cc2ccc(C(F)(F)F)cc2)c1=O,0,0.612227073067452,0.0015366492958331,11.539876,0.0632205893895657,0.33388051306912414
4763,CC1CCN(c2nc3c(c(Oc4cccc(F)c4)n2)CN(Cc2cccs2)CC3)CC1,0,0.543238266812414,0.132431083287443,-3.6131892,0.0204558954997196,0.09520072541817247
4764,O=C(CN(C(=O)c1cccs1)C1CC1)N1CCCN(c2ccc(-c3ccc(F)cc3)nn2)CC1,0,0.539484433977898,0.0018288920254256,-3.1576214,0.0204071493699939,0.09184781443581523
4765,CCCNC(=O)c1cncn1-c1ccc(-c2cc(C)cc(C)c2)cc1,0,0.756688802234502,0.0257063116894367,8.5021,0.0357919854538969,0.18622630120287958
4766,CN(Cc1ccccc1)C(=O)c1nn(-c2ccc(Cl)cc2)c(=O)n(Cc2ccc(C(F)(F)F)cc2)c1=O,0,0.371894980731139,0.0416197885511859,2.5799851,0.0598067042382959,0.30043544602673516
4767,O=C(NCc1ccccn1)c1nn(-c2ccc(C(F)(F)F)cc2)c(=O)n(Cc2ccc(C(F)(F)F)cc2)c1=O,0,0.369231662244267,0.196149299331835,7.8549304,0.2652209198073427,0.29367488787847185
4768,O=C(NCc1ccccc1)c1nn(-c2ccccc2F)c(=O)n(Cc2ccc(C(F)(F)F)cc2)c1=O,0,0.412464075427418,0.0086114654477325,6.675775,0.0421259902215,0.24784645406488276
4769,O=C(NCC1CC1)c1nn(-c2ccccc2F)c(=O)n(Cc2ccc(C(F)(F)F)cc2)c1=O,0,0.571236735698287,0.0040396288668581,6.12213,0.0703628454951879,0.22009686075324014
4770,Cc1ccc(-n2nc(C(=O)NCc3cccnc3)c(=O)n(Cc3ccc(C(F)(F)F)cc3)c2=O)cc1Cl,0,0.410077001195615,0.0331741174649247,3.3069134,0.0735271069799981,0.2175289005411917
4771,CC(C)CNC(=O)c1nn(-c2ccccc2F)c(=O)n(Cc2ccc(C(F)(F)F)cc2)c1=O,0,0.568727610054288,0.0018265113558677,4.2939506,0.0702554521894551,0.41677649884363144
4772,CCN(C)C(=O)c1nn(-c2ccccc2F)c(=O)n(Cc2ccc(C(F)(F)F)cc2)c1=O,0,0.560461311720267,0.0018093309712348,10.731108,0.0932651261293733,0.6143177964344081
4773,CCC(C)NC(=O)c1nn(-c2ccccc2F)c(=O)n(Cc2ccc(C(F)(F)F)cc2)c1=O,0,0.568368542053204,0.0014594902115518,8.190145,0.0737974126957658,0.5014458678385049
4774,CCCNC(=O)c1nn(-c2ccccc2F)c(=O)n(Cc2ccc(C(F)(F)F)cc2)c1=O,0,0.585587446887241,0.0009893446160617,7.813914,0.0745550850945161,0.5112325695906498
4775,Cc1ccc(-n2nc(C(=O)N(C)Cc3ccccc3)c(=O)n(Cc3ccc(C(F)(F)F)cc3)c2=O)cc1Cl,0,0.353951244231941,0.0422722751113551,7.056144,0.0716532929626578,0.31328417569147715
4776,O=C(NCc1ccccn1)c1nn(-c2ccccc2F)c(=O)n(Cc2ccc(C(F)(F)F)cc2)c1=O,0,0.411651612822248,0.002545557578922,6.747459,0.099898080017852,0.35876805716311805
4777,O=C(NCc1cccnc1)c1nn(-c2ccccc2F)c(=O)n(Cc2ccc(C(F)(F)F)cc2)c1=O,0,0.411651612822248,0.0086596397568731,6.181437,0.0694488750707573,0.2766984297337468
4778,COc1ccc(OC)c(-c2cc(CN(C(=O)c3ccccc3)C3CC3)no2)c1,0,0.617529018329172,0.0086888550180088,0.96876085,0.0175669028229518,0.06533526032113426
4779,Cc1cc(C)cc(-n2nc(C(=O)NC(C)C)c(=O)n(Cc3ccc(C(F)(F)F)cc3)c2=O)c1,0,0.633703772697575,0.0024335701212341,12.676515,0.1316172963101788,0.26502845329139524
4780,Cc1cc(C)cc(-n2nc(C(=O)NC3CC3)c(=O)n(Cc3ccc(C(F)(F)F)cc3)c2=O)c1,0,0.63716876850621,0.001446911682619,12.279681,0.1017369094752658,0.28902642010144336
4781,Cc1ccccc1C(=O)N(Cc1ccc(C(F)(F)F)cc1)c1ccc(CC(=O)N(C)C2CCCCC2)cc1,0,0.329425699189729,0.371458951373256,-4.5713916,0.0996040388036973,0.18885296168828852
4782,Cc1cccc(OCC(=O)c2ccc3c(c2)N(Cc2ccc(C(=O)NC4CCCCC4)o2)C(=O)CO3)c1,0,0.442949129967689,0.0227135658082446,3.0579467,0.0263460295737511,0.21453042726717714
4783,CCC(Oc1ccc2c(c1)C(c1ccc(F)cc1)N(C(=O)C(C)(C)C)CC2)C(=O)NCC(C)C,0,0.601843945232378,0.0385374104957242,-11.277988,0.0307631406098584,0.16581521206710456
4784,Cc1nn(-c2ccc(F)cc2)c(Oc2ccccc2F)c1CCC(=O)NCc1ccco1,0,0.416781853860302,0.184027200004877,5.0032916,0.04567167781635,0.12493463321453405
4785,Cc1nn(-c2ccc(F)cc2)c(Oc2ccccc2F)c1CCC(=O)NC(C)C,0,0.626108268150832,0.0057893111824058,2.2470522,0.0469617784715123,0.1933437566949
4786,Cc1nn(-c2ccc(F)cc2)c(Oc2ccccc2F)c1CCC(=O)N1CCCC1,0,0.585093902360119,0.0058421284596437,-0.75320524,0.0276472438122751,0.10924323155836627
4787,CCN(CC)C(=O)CCc1c(C)nn(-c2ccc(F)cc2)c1Oc1ccccc1F,0,0.519085952095066,0.062689671922104,4.436093,0.0387641432622349,0.24848558048631436
4788,Cc1nn(-c2ccc(F)cc2)c(Oc2ccccc2F)c1CCC(=O)N(C)C(C)C,0,0.544555212051181,0.0257413165870848,-2.6151848,0.0426811073143025,0.2283509525107102
4789,Cc1nn(-c2ccc(F)cc2)c(Oc2ccccc2F)c1CCC(=O)Nc1cccc(F)c1,0,0.377164336929354,0.077254064140356,4.1864476,0.0948984435491005,0.2028846225888711
4790,Cc1nn(-c2ccc(F)cc2)c(Oc2ccccc2F)c1CCC(=O)Nc1ccccc1,0,0.399425163033411,0.0428152850915807,8.748225,0.0424313233058269,0.16283038961430357
4791,Cc1nn(-c2ccc(F)cc2)c(Oc2ccccc2F)c1CCC(=O)NCC(C)C,0,0.568145587505668,0.0236503820891927,-0.21301126,0.0339929311835208,0.2158650275532347
4792,CCCNC(=O)c1cccc(Nc2c(Oc3ccc4c(c3)CCC4)cnn(-c3cccc(Cl)c3)c2=O)c1,0,0.298769015003853,0.29376245153307,3.951877,0.0486500338495575,0.10597022864206178
4793,CCNC(=O)c1cncc(-c2ccc(Oc3ccccc3)cc2)c1,0,0.763221371783399,0.0268571531878185,-3.6629047,0.0118371888295076,0.2075240179706744
4794,CC(C)CNC(=O)c1nn(-c2ccc(C(F)(F)F)cc2)c(=O)n(Cc2ccc(C(F)(F)F)cc2)c1=O,0,0.506580496031822,0.214612284070562,6.687219,0.1577562333325536,0.3560406699229145
4795,CCC(C)NC(=O)c1nn(-c2ccc(C(F)(F)F)cc2)c(=O)n(Cc2ccc(C(F)(F)F)cc2)c1=O,0,0.504174427160582,0.10523768808693,9.770244,0.1685012893541669,0.43066098253197527
4796,CCNC(=O)c1nn(-c2ccc(Cl)cc2)c(=O)n(Cc2ccc(C(F)(F)F)cc2)c1=O,0,0.644728224623907,0.0064417959242553,-5.4730296,0.1098315025573453,0.5144892987389947
4797,Cc1ccccc1C(=O)N(Cc1ccc(C(F)(F)F)cc1)c1ccc(CC(=O)NCc2ccccc2)cc1,0,0.282701997726971,0.693760267040426,3.3298311,0.0761439550719716,0.12808167578925003
4798,Cc1cccc(-n2nc(C(=O)NC3CC3)c(=O)n(Cc3ccc(C(F)(F)F)cc3)c2=O)c1,0,0.655812722374492,0.0015275950480081,6.603193,0.0687324300458327,0.2919279406113904
4799,Cc1cccc(-n2nc(C(=O)NCC3CC3)c(=O)n(Cc3ccc(C(F)(F)F)cc3)c2=O)c1,0,0.615664640200407,0.001498704509498,3.9893656,0.0605935699552828,0.14492268301083774
4800,CCCNC(=O)c1nn(-c2cccc(C)c2)c(=O)n(Cc2ccc(C(F)(F)F)cc2)c1=O,0,0.631065640223635,0.0020528275896568,5.6438684,0.0663664461710727,0.3641809247269666
4801,CCN(CC)C(=O)c1nn(-c2cccc(C)c2)c(=O)n(Cc2ccc(C(F)(F)F)cc2)c1=O,0,0.565991874022926,0.001120193573641,6.899877,0.0609452224443957,0.39657299692727677
4802,Cc1cccc(-n2nc(C(=O)NC(C)C)c(=O)n(Cc3ccc(C(F)(F)F)cc3)c2=O)c1,0,0.653196719041285,0.0017075196026766,8.052006,0.085859613479237,0.332522414450414
4803,CCC(C)NC(=O)c1nn(-c2cccc(C)c2)c(=O)n(Cc2ccc(C(F)(F)F)cc2)c1=O,0,0.611795825759679,0.0020438575463914,6.201436,0.0550322372256179,0.36838838699980003
4804,Cc1cccc(-n2nc(C(=O)Nc3ccc(F)cc3)c(=O)n(Cc3ccc(C(F)(F)F)cc3)c2=O)c1,0,0.419003698167852,0.0026763348796208,2.2668047,0.1021493982672985,0.2664912481930988
4805,Cc1cccc(-n2nc(C(=O)NCc3cccnc3)c(=O)n(Cc3ccc(C(F)(F)F)cc3)c2=O)c1,0,0.44339110095455,0.0064467203121703,6.122383,0.0666404155309706,0.1987321769234191
4806,Cc1cccc(-n2nc(C(=O)NCCc3ccccn3)c(=O)n(Cc3ccc(C(F)(F)F)cc3)c2=O)c1,0,0.412873571385736,0.0638059598434726,6.0538573,0.0705176821260243,0.25784817069293503
4807,Cc1cccc(-n2nc(C(=O)NC(C)c3ccccc3)c(=O)n(Cc3ccc(C(F)(F)F)cc3)c2=O)c1,0,0.421852068392819,0.0443537441295459,4.4995084,0.0514547265140477,0.17048531499666372
4808,Cc1cccc(-n2nc(C(=O)NCC3CCCO3)c(=O)n(Cc3ccc(C(F)(F)F)cc3)c2=O)c1,0,0.575889558746021,0.0029053424406086,2.328524,0.0824429356626471,0.21423567728930865
4809,COc1ccccc1-n1c(=O)n(Cc2ccccc2)c(=O)c2c1ncn2Cc1ccc(C(C)(C)C)cc1,0,0.341556608638701,0.0058816299451551,-0.41197252,0.0493727928940444,0.17813726747193806
4810,COc1ccccc1-n1c(=O)n(Cc2ccccc2)c(=O)c2c1ncn2Cc1ccccc1C,0,0.393352737683747,0.0034467735132784,1.1494392,0.0242789932010799,0.16067090827174174
4811,COc1ccccc1-n1c(=O)n(Cc2ccccc2)c(=O)c2c1ncn2Cc1cccc(F)c1,0,0.391591135060273,0.0080629718743372,-3.0959423,0.0360250351540647,0.1848737237474986
4812,COc1ccccc1-n1c(=O)n(Cc2ccccc2)c(=O)c2c1ncn2Cc1ccc(F)cc1,0,0.391591135060273,0.0026246959260839,0.15399897,0.0333428570999954,0.1822588392801093
4813,CCOC(=O)C(C)n1cnc2c1c(=O)n(Cc1ccccc1)c(=O)n2-c1ccccc1OC,0,0.403218858655281,0.0060446703906652,-8.62546,0.236761603728043,0.4107751316099816
4814,COc1ccccc1-n1c(=O)n(Cc2ccccc2)c(=O)c2c1ncn2Cc1ccc(C)cc1,0,0.393352737683747,0.0026921512490088,0.11004305,0.0237831530334654,0.17125515508843184
4815,COc1ccc(-c2ccc(N3CCN(C(=O)CN(CC(C)C)C(=O)c4ccccc4F)CC3)nn2)c(OC)c1,0,0.412482467393322,0.0450709954719517,-3.398775,0.0737175290804922,0.1430395510287353
4816,O=C(CN(C(=O)c1ccc2c(c1)OCO2)C1CC1)N1CCCN(c2ccc(-c3ccc(F)cc3)nn2)CC1,0,0.495592539996756,0.0315641678033402,0.93312395,0.0303662288400752,0.10232166345556142
4817,Cc1ccc(-n2nc(C(=O)N(C)Cc3ccccc3)c(=O)n(Cc3ccc(C(F)(F)F)cc3)c2=O)cc1,0,0.394024094009891,0.0381977844803486,6.4687266,0.0489242577494579,0.3025383076236932
4818,COc1ccccc1-n1c(=O)n(Cc2ccccc2)c(=O)c2c1ncn2Cc1ccc(F)c(F)c1,0,0.376112610221544,0.004129132511635,-1.6297797,0.0470580340708789,0.2306386562496217
4819,COc1cccc(Cn2cnc3c2c(=O)n(Cc2ccccc2)c(=O)n3-c2ccccc2OC)c1,0,0.365517930984286,0.0098179400115858,-0.17296779,0.027153719446813,0.1618292252069398
4820,CCN(C)C(=O)c1nn(-c2cccc(C)c2)c(=O)n(Cc2ccc(C(F)(F)F)cc2)c1=O,0,0.604069753268593,0.0011415133975923,9.564041,0.0602423591914818,0.4325272813765639
4821,Cc1ccc(-n2nc(C(=O)NCCc3ccccn3)c(=O)n(Cc3ccc(C(F)(F)F)cc3)c2=O)cc1,0,0.412873571385736,0.0734619075220164,3.5274649,0.1145022608737669,0.2656044987240995
4822,Cc1ccc(-n2nc(C(=O)NCC(C)C)c(=O)n(Cc3ccc(C(F)(F)F)cc3)c2=O)cc1,0,0.612500064960103,0.0026411096752737,0.010493636,0.0551849142966868,0.2691305815714786
4823,Cc1ccc(-n2nc(C(=O)NCC3CCCO3)c(=O)n(Cc3ccc(C(F)(F)F)cc3)c2=O)cc1,0,0.575889558746021,0.0031197974053755,0.29376864,0.0792666586302539,0.25030579762185173
4824,Cc1ccc(-n2nc(C(=O)NC(C)C)c(=O)n(Cc3ccc(C(F)(F)F)cc3)c2=O)cc1,0,0.653196719041285,0.004046350223869,5.1934056,0.0930395172020503,0.3932466890954819
4825,CCOC(=O)C1CCCN(C(=O)c2nn(-c3ccc(C)cc3)c(=O)n(Cc3ccc(C(F)(F)F)cc3)c2=O)C1,0,0.441941509185007,0.0282664623506283,4.232374,0.0792544700098108,0.3658037197052114
4826,CCNC(=O)c1nn(-c2ccc(C)cc2)c(=O)n(Cc2ccc(C(F)(F)F)cc2)c1=O,0,0.671506191833879,0.0028044169867279,3.1654596,0.093689971927621,0.4934865768610058
4827,CCN(C)C(=O)c1nn(-c2ccc(C)cc2)c(=O)n(Cc2ccc(C(F)(F)F)cc2)c1=O,0,0.604069753268593,0.0017233686325238,7.7313037,0.069045282040606,0.4598741695377778
4828,Cc1ccc(-n2nc(C(=O)NCCN3CCOCC3)c(=O)n(Cc3ccc(C(F)(F)F)cc3)c2=O)cc1,0,0.513775363322835,0.034704331399455,3.8836856,0.1973623345599426,0.22191232080913087
4829,Cc1ccc(-n2nc(C(=O)NCc3ccccn3)c(=O)n(Cc3ccc(C(F)(F)F)cc3)c2=O)cc1C,0,0.42970686095877,0.0411765287860958,4.603046,0.2531194215863256,0.18941918944270286
4830,CCC(C)NC(=O)c1nn(-c2ccc(C)c(C)c2)c(=O)n(Cc2ccc(C(F)(F)F)cc2)c1=O,0,0.591614344813967,0.004119034300795,5.9283795,0.1277141840553193,0.35971089233346243
4831,Cc1ccc(-n2nc(C(=O)Nc3cccc(F)c3)c(=O)n(Cc3ccc(C(F)(F)F)cc3)c2=O)cc1C,0,0.400139016804035,0.0389164653969149,-0.42667794,0.3399806112319309,0.24798618669629335
4832,Cc1ccc(-n2nc(C(=O)NCc3ccc(F)cc3)c(=O)n(Cc3ccc(C(F)(F)F)cc3)c2=O)cc1C,0,0.382854228470709,0.0685810760656381,2.2303061,0.2358897752183566,0.210310070622874
4833,CCC(C(=O)Nc1ccc(N2CCCN(C(=O)c3ccc(OC)cc3)CC2)nc1)c1ccccc1,0,0.545079857889773,0.0071415573584493,-0.3717152,0.0224036184210724,0.16067156725539483
4834,CCC(C)NC(=O)c1coc(CN(Cc2ccccc2)Cc2ccc(C(C)C)cc2)n1,0,0.469426786395206,0.0241696805360925,6.2516227,0.0333873096211473,0.19902170432863137
4835,CCC(Oc1ccc2c(c1)C(c1ccccc1)N(C(=O)c1ccco1)CC2)C(=O)NCCC(C)C,0,0.451531681017623,0.166109824931586,-8.907002,0.0308311531953674,0.21880844507124325
4836,CCOC(=O)C1CCN(C(=O)c2cccc(CSc3nc(C(C)C)cc(N4CCCCC4C)n3)c2)CC1,0,0.249550353945165,0.315851742270321,-10.414436,0.0277036238020225,0.2091913936065252
4837,CCC(=O)N1CCc2ccc(OC(CC)C(=O)NCCC(C)C)cc2C1c1cccc(F)c1,0,0.578200600927256,0.0942656424195598,-10.765742,0.0498344316955986,0.15244324009602356
4838,CCC(=O)N1CCc2ccc(OC(CC)C(=O)NCCC(C)C)cc2C1c1cccc(C)c1,0,0.571303618444668,0.202342658411387,-7.0183454,0.1028227424824879,0.35387565322740855
4839,CCN(Cc1cc(-c2cc(OC)ccc2OC)on1)C(=O)c1ccc2c(c1)OCO2,0,0.586529922153888,0.0016328246452579,3.8878388,0.0326992630887764,0.1411696861635218
4840,CCC(Oc1ccc2c(c1)C(c1ccc(F)cc1)N(C(=O)C(C)C)CC2)C(=O)NCC(C)C,0,0.61817150903086,0.032124278604756,-11.347185,0.0320274382544589,0.19717419850773815
4841,CCc1ccc(C(=O)N(CCC(=O)Nc2nnc(-c3cccc(OC)c3)s2)C(C)c2ccccc2)cc1,0,0.280236413641577,0.642050467799193,3.2144656,0.0145262864309579,0.09410506051792455
4842,CCc1cc(N(C)C2CCCCC2)nc(SCc2ccc(C(=O)NCCN(C)C)cc2)n1,0,0.423449815054326,0.0180690191450337,3.3820071,0.0649195319537365,0.2532609583256974
4843,COc1ccc(CCN(C)c2cc(C(C)(C)C)nc(SCc3ccc(C(=O)NCC4CC4)o3)n2)cc1OC,0,0.239018663967517,0.918654355918118,3.1045074,0.0214052953967689,0.10158806533758166
4844,CCc1cc(N(C)C2CCCCC2)nc(SCc2ccc(C(=O)NCCN3CCOCC3)cc2)n1,0,0.390341943943431,0.0105292921190595,0.5205208,0.030872584404764,0.12613036275353723
4845,CCc1cc(N(C)C2CCCCC2)nc(SCc2ccc(C(=O)NCc3ccccn3)cc2)n1,0,0.328882780015769,0.0491743618805028,-1.3321806,0.0146723145674755,0.13083883527977647
4846,COc1ccc(CCNC(=O)c2nnc(N3CCC(C)CC3)c3ccccc23)cc1,0,0.675979783833903,0.241781001671069,-3.627204,0.0145135485581743,0.11233178892088003
4847,COc1ccccc1-n1c(=O)n(Cc2ccccc2)c(=O)c2c1ncn2Cc1ccccc1,0,0.407169140794186,0.0049658861613544,-1.0505731,0.0309462608065065,0.18279163435621099
4848,Cc1ccc(-n2nc(C(C)(C)C)cc2NC(=O)CN(CC(C)C)C(=O)c2ccc(Cl)cc2)c(C)c1,0,0.426287953058369,0.184515930697726,2.213251,0.0226969313913011,0.16253451194675397
4849,CC(C)c1ccc(-n2cc(-c3ccccc3)nc2NC(=O)CN(C(=O)c2ccc(Cl)cc2Cl)C2CC2)cc1,0,0.253505624807168,0.361964546712779,9.152321,0.0608418474090764,0.07155563879548407
4850,CCCCc1ccc(C(=O)N(CCCC)CC(=O)Nc2cc(C(C)(C)C)nn2-c2ccc(C)cc2C)cc1,0,0.298015530377362,0.802453965889633,7.3385634,0.0307148210567824,0.1650565382462142
4851,COc1ccc(CCOc2nc(-c3ccc(C(F)(F)F)cc3)n(-c3cccc(NC(=O)c4cccs4)c3)n2)cc1,0,0.210838627395183,0.144416196361489,1.1545249,0.0346829957434832,0.06911502749614698
4852,COc1ccc(NC(=O)C2CC2)cc1N1CCCN(Cc2cccc(Cl)c2)C1=O,0,0.756329574252979,0.0014120294088782,-1.2221416,0.0308469364625116,0.09748516962051752
4853,CN(Cc1ccccc1)c1cc(C(C)(C)C)nc(SCc2cccc(C(=O)NCC3CCCO3)c2)n1,0,0.301725279853338,0.4444625989979,-6.780565,0.0288910596086956,0.14407597232869426
4854,Cc1ccc(-n2nc(C(C)(C)C)cc2NC(=O)CN(CC(C)C)C(=O)c2cccc(C(F)(F)F)c2)c(C)c1,0,0.378581501042295,0.511366394325736,1.4404377,0.0646815542074088,0.22997413378718995
4855,Cc1ccc(-n2nc(C(C)(C)C)cc2NC(=O)CN(CC(C)C)C(=O)NC23CC4CC(CC(C4)C2)C3)c(C)c1,0,0.434536211572833,0.875334658703097,1.1045355,0.0458691263820303,0.2444269735070806
4856,CC1CCN(c2nnc(C(=O)NCCc3ccccc3)c3ccccc23)CC1,0,0.737171820129246,0.274248550683087,-5.044793,0.0131727413806487,0.12712774447297362
4857,CCC(C)N(CCC(=O)Nc1nnc(-c2cccc(Cl)c2)s1)C(=O)c1ccc(C(F)(F)F)cc1,0,0.394340478920187,0.384126706016717,4.9052205,0.0571109629123917,0.15191481819711297
4858,COc1cccc(-c2nc(OCc3ccc(F)cc3)nn2-c2cccc(NC(=O)c3ccccc3F)c2)c1,0,0.27381083976472,0.274650115916973,-0.18123734,0.044847291912926,0.11246130943143914
4859,CCC(C)N(CCC(=O)Nc1nnc(-c2cccc(Cl)c2)s1)C(=O)c1ccccc1OC,0,0.465936391708234,0.0567524763197966,4.109452,0.0395716998314481,0.12172970798576148
4860,CCC(C)N(CCC(=O)Nc1nnc(-c2cccc(Cl)c2)s1)C(=O)c1ccc(C(C)(C)C)cc1,0,0.388193650841805,0.0720935558695348,5.124931,0.0698578033903674,0.13850772010717685
4861,CCC(C)N(CCC(=O)Nc1nnc(-c2cccc(Cl)c2)s1)C(=O)c1ccccc1F,0,0.496693287631841,0.0395395381277511,3.8634343,0.0365462779825505,0.16429813432242849
4862,O=C(CC(c1ccc(C(F)(F)F)cc1)c1cn(Cc2ccccc2)c2ccccc12)NCCN1CCCC1,0,0.276286901015614,0.966188619371198,6.627958,0.3095595720490388,0.1153428373181961
4863,CCC(=O)Nc1cccc(-n2nc(OCCc3ccc(OC)cc3)nc2-c2ccc(Cl)c(Cl)c2)c1,0,0.288777382582603,0.0757954673955502,4.4090385,0.0286129558274324,0.12294822673248243
4864,CCC(C)N(CCC(=O)Nc1nnc(-c2ccc(Cl)cc2)s1)C(=O)c1ccccc1OC,0,0.465936391708234,0.0187695147911895,1.9240159,0.0377309134887579,0.12452979045826598
4865,O=C(NCCN1CCOCC1)c1cccc(Nc2c(Oc3ccccc3)cnn(Cc3ccccc3)c2=O)c1,0,0.324243228971053,0.4029593238116,1.4660906,0.0224775331020621,0.1098521191873526
4866,Cc1c(C(=O)O)nn(-c2ccc(F)cc2)c1Oc1ccc(NC(=O)CC(C)(C)C)cc1S(=O)(=O)NC(C)C,0,0.34779190398781,0.243013153573241,3.1299505,0.6880151852861848,0.30045551172133933
4867,Cc1ccc(C)c(-n2nc(C(=O)O)c(C)c2Oc2ccc(NC(=O)C3CCC3)cc2S(=O)(=O)N2CCOCC2)c1,0,0.414894503711268,0.271941043143449,-3.9051929,0.7822434722208654,0.37748970883848076
4868,COc1ccc(CCOc2nc(-c3ccccc3F)n(-c3cccc(NC(=O)C4CCC4)c3)n2)cc1,0,0.340790321559099,0.0620930763607653,1.6000634,0.0306131163935614,0.07132989045836373
4869,CC(C)c1cc(N2CCCCC2C)nc(SCc2cccc(C(=O)N3CCCC3)c2)n1,0,0.439756358094064,0.0201750581593718,-13.157053,0.0204940319436968,0.10046411951337289
4870,Cc1noc(-c2ccc3c(c2)OCO3)c1C(=O)NCc1ccc(C(F)(F)F)cc1,0,0.700903607568035,0.0055665072340688,-7.862228,0.0402975356227306,0.12571137526998885
4871,CC(C)c1cc(N2CCCCC2C)nc(SCc2cccc(C(=O)N3CCOCC3)c2)n1,0,0.46400588816966,0.0045424765342615,-13.024848,0.0220493249694966,0.20559650802809842
4872,COc1ccc(CCN(C)c2cc(C(C)(C)C)nc(SCc3ccc(C(=O)NCC4CCCO4)o3)n2)cc1OC,0,0.23155038330864,0.843696105767625,2.2214622,0.0386585295121594,0.10304469803227967
4873,CCC(C)C(=O)Nc1ccc(Oc2c(C)c(C(=O)O)nn2-c2ccc(F)cc2)c(S(=O)(=O)N2CCOCC2)c1,0,0.402669850043222,0.163269301724424,-6.7846365,0.7205123988194847,0.4207758556370947
4874,Cc1c(C(=O)O)nn(-c2ccc(F)cc2)c1Oc1ccc(NC(=O)C2CCCC2)cc1S(=O)(=O)N1CCOCC1,0,0.41350183212628,0.223087619800603,-5.9828343,0.3680577988920626,0.27889454262189195
4875,CCOC(=O)c1csc(CSc2nnc(-c3cccc(C)c3)n2-c2ccccc2)n1,0,0.294075467208413,0.0799695976946178,-1.256966,0.0270125552118413,0.1207918306101172
4876,CCCN(CCC(=O)Nc1nnc(-c2ccc(Cl)cc2)s1)C(=O)c1cccc(C(F)(F)F)c1,0,0.430081651232316,0.0920099120027322,0.21755373,0.0483754204207106,0.14939986501015182
4877,Cc1cc(N(C)Cc2ccccc2)nc(SCc2cccc(C(=O)NCC3CC3)c2)n1,0,0.386760363638301,0.0193215299031561,-6.2940907,0.0113281268115903,0.09995458699531799
4878,CCCCc1ccc(C(=O)N(CCC(=O)Nc2nnc(-c3cccc(Cl)c3)s2)C(C)CC)cc1,0,0.328409912624108,0.166690699274346,7.256513,0.0209805707161414,0.14082923668668867
4879,CCCN(CCC(=O)Nc1nnc(-c2ccc(Cl)cc2)s1)C(=O)c1ccc(OC)cc1OC,0,0.442037738532687,0.0061237618883189,-0.52782285,0.0472403163859927,0.12335715449975695
4880,O=C(NCCN1CCCC1)c1ccc(Cn2c(Cc3ccccc3)nc3cc(Cl)c(Cl)cc32)cc1,0,0.327717587334322,0.515729498284469,1.9082636,0.0985115959267766,0.07749186193128894
4881,CCOC(=O)C1CCCN(C(=O)c2ccc(CSc3nc(CC)cc(N(C)C4CCCCC4)n3)cc2)C1,0,0.243000832492788,0.775129084324813,1.3544487,0.0278991540547316,0.1815671406729588
4882,Cc1cccc(NC(=O)N(CC(=O)Nc2cc(C(C)(C)C)nn2-c2ccc(C)cc2C)CC(C)C)c1,0,0.413219356351372,0.115186206558028,3.999443,0.019126459853491,0.17848431062624628
4883,O=C(NCc1ccc(F)cc1)c1csc(-c2cccc(OCc3ccc(C(F)(F)F)cc3)c2)n1,0,0.304482852165317,0.0228791035865923,0.6381506,0.0368004482546989,0.13084752159009325
4884,CCC(C)NS(=O)(=O)c1cc(NC(=O)CC(C)C)ccc1Oc1c(C)c(C(=O)O)nn1-c1ccc(OC)cc1,0,0.288573640663235,0.449695984743163,2.1223712,0.7296013084989639,0.30772699775712525
4885,Cc1c(C(=O)O)nn(-c2cccc(F)c2)c1Oc1ccc(NC(=O)C2CC2)cc1S(=O)(=O)N1CCOCC1,0,0.440782808763672,0.162261867773075,-10.495862,0.4033709581597584,0.29277701796087396
4886,Cc1c(C(=O)O)nn(-c2cccc(F)c2)c1Oc1ccc(NC(=O)CC(C)C)cc1S(=O)(=O)NC(C)(C)C,0,0.34779190398781,0.235177642251615,3.5632596,0.6523101256986331,0.28920495112067945
4887,COc1ccc(-n2nc(C(=O)O)c(C)c2Oc2ccc(NC(=O)C(C)C)cc2S(=O)(=O)NCC(C)C)cc1,0,0.325052311444704,0.341282657678642,5.4533825,0.7380929299957056,0.5050260426293366
4888,CCC(CC)C(=O)Nc1ccc(Oc2c(C)c(C(=O)O)nn2-c2cccc(F)c2)c(S(=O)(=O)NC2CC2)c1,0,0.319859576048681,0.272973986988666,4.40529,0.5741405274746484,0.23270630907196307
4889,Cc1c(C(=O)O)nn(-c2ccccc2)c1Oc1ccc(NC(=O)C(C)C)cc1S(=O)(=O)NC(C)(C)C,0,0.406119928479154,0.15056667372982,9.214305,0.5416583886825984,0.3769602089605697
4890,CCC(C)NS(=O)(=O)c1cc(NC(=O)C(C)C)ccc1Oc1c(C)c(C(=O)O)nn1-c1cc(C)ccc1C,0,0.328941360303648,0.505993657280543,8.899994,0.7269086650319574,0.4431651588618485
4891,Cc1c(C(=O)O)nn(-c2ccccc2)c1Oc1ccc(NC(=O)C2CCC2)cc1S(=O)(=O)NC(C)(C)C,0,0.392940005458832,0.195875738935874,7.733682,0.6124208974886498,0.35561147443850194
4892,Cc1c(C(=O)O)nn(-c2ccccc2)c1Oc1ccc(NC(=O)CC(C)C)cc1S(=O)(=O)NC(C)(C)C,0,0.364623830290482,0.307359180619932,4.9794335,0.583656746476216,0.3396265654509224
4893,Cc1c(C(=O)O)nn(-c2ccccc2)c1Oc1ccc(NC(=O)CC(C)(C)C)cc1S(=O)(=O)NC(C)(C)C,0,0.35875293354067,0.594524517127576,9.790192,0.5336314311930557,0.3793155106231392
4894,Cc1ccc(C)c(-n2nc(C(=O)O)c(C)c2Oc2ccc(NC(=O)C3CCCC3)cc2S(=O)(=O)NC(C)C)c1,0,0.334157827444854,0.582736808430188,9.5182905,0.7913203871022026,0.35281187597792885
4895,Cc1ccc(-n2nc(C(=O)O)c(C)c2Oc2ccc(NC(=O)c3ccccc3C)cc2S(=O)(=O)NC(C)C)cc1,0,0.253860019133915,0.678804905515027,0.5151051,0.6651675831531337,0.2992123294542116
4896,CCC(C)C(=O)Nc1ccc(Oc2c(C)c(C(=O)O)nn2-c2ccccc2)c(S(=O)(=O)NC(C)(C)C)c1,0,0.364623830290482,0.307359180619932,7.8771358,0.5403801503075877,0.35285566178057354
4897,CCCNS(=O)(=O)c1cc(NC(=O)C2CCCC2)ccc1Oc1c(C)c(C(=O)O)nn1-c1ccc(C)cc1,0,0.33565611527497,0.251848171791375,7.657515,0.369764815904973,0.27270437274436676
4898,CCC(C)NS(=O)(=O)c1cc(NC(=O)CC(C)C)ccc1Oc1c(C)c(C(=O)O)nn1-c1cccc(F)c1,0,0.311655003790009,0.368018075246035,0.15416265,0.5441923528708088,0.29210490744549644
4899,CCC(C)NS(=O)(=O)c1cc(NC(=O)C2CC2)ccc1Oc1c(C)c(C(=O)O)nn1-c1cccc(F)c1,0,0.356270471936636,0.401927263877769,-3.2626128,0.6388484006347209,0.24989362418782446
4900,CCC(C)NS(=O)(=O)c1cc(NC(=O)C(C)C)ccc1Oc1c(C)c(C(=O)O)nn1-c1ccccc1,0,0.365519247602887,0.201142763023141,4.9332485,0.467491294440398,0.45136427158536974
4901,Cc1c(C(=O)O)nn(-c2ccccc2)c1Oc1ccc(NC(=O)C(C)C)cc1S(=O)(=O)NCC(C)C,0,0.368319761855645,0.174761172394751,4.5803785,0.3138354780340577,0.428431035290625
4902,CCC(C)NS(=O)(=O)c1cc(NC(=O)CC(C)C)ccc1Oc1c(C)c(C(=O)O)nn1-c1ccccc1,0,0.326738028999924,0.345380069586997,1.2002586,0.475938358135217,0.31840551876872736
4903,COc1ccc(-n2nc(C)c(-c3ccccc3)c2NC(=O)CN(CC(C)C)C(=O)Nc2cccc(C)c2C)cc1,0,0.250776187347534,0.726005629818514,6.046562,0.025789822619522,0.10921075912306102
4904,O=C(c1ccc(C(F)(F)F)cc1)N(CCc1nc(-c2ccc(C(F)(F)F)cc2)no1)C1CCCCC1,0,0.34206559787924,0.595949119367319,-1.3559889,0.0484058061581857,0.416748945652209
4905,CCC(C)N(CC(=O)N1CCCN(c2ccc(-c3ccc(C)cc3)nn2)CC1)C(=O)c1cccc(OC)c1,0,0.441418846039341,0.042857963709628,-1.064068,0.0260016870654058,0.19589744330495312
4906,CCCCN(CC(=O)N1CCN(c2ccc(-c3ccc(OC)cc3)nn2)CC1)C(=O)c1cccc(F)c1,0,0.439264264030756,0.0804202016215318,-3.0394516,0.0336332867146205,0.1395569489413378
4907,CCCN(C)c1cc(C(C)(C)C)nc(SCc2cccc(C(=O)NCC3CC3)c2)n1,0,0.448951211374359,0.248682235768105,-5.610013,0.0148005199402894,0.1132899393043395
4908,CC(C)CNC(=O)c1cccc(CSc2nc(N(C)C3CCCCC3)cc(C(C)(C)C)n2)c1,0,0.367999007983116,0.0707717036329688,-8.760161,0.021685014207721,0.2948909567995673
4909,CN(c1cc(C(C)(C)C)nc(SCc2cccc(C(=O)N3CCCC3)c2)n1)C1CCCCC1,0,0.381843691222104,0.149317143902672,-9.687392,0.019936302612415,0.14972310568998481
4910,Cc1cc(Cl)ccc1-c1ccc2nc(-c3ccccc3)c(CCC(=O)N3CCCC3)n2c1,0,0.368750249564841,0.383315122494123,1.2691559,0.0215056835081242,0.08025060569259576
4911,CCc1cc(N(C)C2CCCCC2)nc(SCc2cccc(C(=O)NCCN3CCOCC3)c2)n1,0,0.390341943943431,0.0109977555951874,-4.8770747,0.0228705290287725,0.1546642688520169
4912,CCC(C)NC(=O)C(C)n1c(=O)n(Cc2ccccc2)c(=O)c2ccc(Cl)cc21,0,0.673134313994921,0.0010675344653338,-0.69562685,0.1247873394369751,0.2654293941007276
4913,Cc1c(C(=O)O)nn(-c2cccc(F)c2)c1Oc1ccc(NC(=O)C(C)C)cc1S(=O)(=O)NCc1ccco1,0,0.25856220256492,0.686274005363474,5.171065,0.2810953657897344,0.25854629983122024
4914,CCN(CC)C(=O)CCc1c(-c2ccccc2)nc2ccc(-c3ccccc3Cl)cn12,0,0.353046596624631,0.76859182479066,7.2573066,0.021015691966458,0.16953809584451224
4915,Cc1cc2nc(Cc3ccccc3F)n(Cc3ccc(C(=O)NCc4ccncc4)cc3)c2cc1C,0,0.323739069399656,0.554079152300012,7.132673,0.0785829704552403,0.1094604684531818
4916,Cc1c(C(=O)O)nn(-c2ccccc2)c1Oc1ccc(NC(=O)CC(C)(C)C)cc1S(=O)(=O)NC(C)C,0,0.364623830290482,0.205265918573602,5.6613,0.4878634555247769,0.3693745776701004
4917,CCCNS(=O)(=O)c1cc(NC(=O)CC(C)(C)C)ccc1Oc1c(C)c(C(=O)O)nn1-c1ccccc1,0,0.345424730319769,0.251429052402451,8.101068,0.3467672713870861,0.2345838095353039
4918,Cc1c(C(=O)O)nn(-c2ccccc2)c1Oc1ccc(NC(=O)CC(C)(C)C)cc1S(=O)(=O)N1CCOCC1,0,0.423264965714515,0.241694978336341,-2.4933207,0.7033355896661345,0.2239258820987661
4919,CCCNS(=O)(=O)c1cc(NC(=O)C2CCCC2)ccc1Oc1c(C)c(C(=O)O)nn1-c1ccccc1,0,0.353617657321722,0.2385531197125,9.472684,0.2308518390649507,0.2450544148169475
4920,Cc1c(C(=O)O)nn(-c2ccccc2)c1Oc1ccc(NC(=O)C(C)C)cc1S(=O)(=O)NC(C)C,0,0.404057080070784,0.0102310681257477,4.980034,0.6562902087245722,0.44285670637701297
4921,CCN(CC(=O)N1CCN(c2ccc(-c3ccc(OC)cc3)nn2)CC1)C(=O)c1ccccc1C,0,0.52416106007417,0.0010057411111022,-2.3731177,0.0331775547922072,0.17463895847734145
4922,Cc1cc2nc(Cc3ccccc3Cl)n(Cc3ccc(C(=O)NC(C)C)cc3)c2cc1C,0,0.390371265224327,0.157139946009159,2.6347623,0.0360642515195322,0.10316973695775633
4923,CC(C)c1cc(N(C)C2CCCCC2)nc(SCc2ccc(C(=O)NCC3CCCO3)o2)n1,0,0.398572486039746,0.0492276108016612,3.090076,0.0210220570190719,0.0724507190681936
4924,COc1ccc(CCNC(=O)c2ccccc2N2CCC(NC(=O)c3cc(F)cc(F)c3)CC2)cc1,0,0.489805920353019,0.266134244378086,-3.6947079,0.0670051485529363,0.14941727783750927
4925,Cc1cccc(CN(C(=O)C2CCCC2)c2ccc(CC(=O)NCC3CCCO3)cc2)c1,0,0.662810801634246,0.0332683380877659,-3.8706746,0.0310942524997732,0.10775141736077727
4926,CCN(CC(=O)N1CCN(c2ccc(-c3ccc(C)cc3)nn2)CC1)C(=O)c1ccccc1,0,0.584947177142425,0.0038233662055396,-2.2383268,0.0199910293246105,0.20791220163494514
4927,COc1ccc(OC)c(-c2cc(CN(CC(C)C)C(=O)c3ccccc3Cl)no2)c1,0,0.486039580104604,0.0245285801811579,-0.6466934,0.0272996124660263,0.19996636907192397
4928,CN(C)c1nc(N2CCCC2)nc2c1CN(C(=O)OCc1ccccc1)CC2,0,0.81161815267404,0.0009497417955895,-9.636202,0.0176915058919668,0.1079405538989536
4929,COc1cccc(COc2ccc(-c3nc(C(=O)Nc4cccc(Cl)c4)cs3)cc2)c1,0,0.358446157751248,0.0675993456012481,1.8303076,0.0071934323962509,0.12147240547917962
4930,COc1cccc(COc2ccc(-c3nc(C(=O)Nc4cccc(OC)c4)cs3)cc2)c1,0,0.378264635290337,0.0388183870602487,1.2879847,0.0062404665963013,0.12434738469293158
4931,Cc1cccc(-c2nnc(NC(=O)CN(C(=O)c3ccc(C(C)(C)C)cc3)C(C)C)s2)c1,0,0.552878309177726,0.0343035493319066,-0.5361301,0.0278603634108533,0.20903142397614632
4932,CCC(C)C(=O)Nc1ccc(Oc2c(C)c(C(=O)O)nn2-c2cccc(F)c2)c(S(=O)(=O)NCc2ccco2)c1,0,0.230995077620591,0.41224725800787,3.8878746,0.2339369326972639,0.26542499669875347
4933,O=C(OCc1ccccc1)N1CCc2nc(N3CCOCC3)nc(N3CCCC3)c2C1,0,0.748589077238385,0.0010435369706377,-6.83108,0.0208715737410788,0.09274029276409644
4934,O=C(c1ccc(C(F)(F)F)cc1)N(CCc1nc(-c2cccc(C(F)(F)F)c2)no1)Cc1ccco1,0,0.275480548242388,0.325504991750375,1.6168813,0.0475111238077841,0.19311761858207613
4935,CCC(C)C(=O)Nc1ccc(Oc2c(C)c(C(=O)O)nn2-c2ccc(OC)cc2)c(S(=O)(=O)NC(C)(C)C)c1,0,0.323029047072237,0.4658376056207,9.102525,0.85146298382708,0.39526550534787686
4936,Cc1ccc(C)c(-n2nc(C(=O)O)c(C)c2Oc2ccc(NC(=O)C(C)C)cc2S(=O)(=O)NC(C)C)c1,0,0.369572398648472,0.208274529458185,8.183714,0.7262309204095856,0.4994583885895131
4937,COc1ccc(-n2nc(C(=O)O)c(C)c2Oc2ccc(NC(=O)C(C)C)cc2S(=O)(=O)NC2CC2)cc1,0,0.360534270594506,0.281899011758797,5.8786883,0.7574703518555478,0.3001856447223563
4938,COc1ccc(-n2nc(C(=O)O)c(C)c2Oc2ccc(NC(=O)C3CCC3)cc2S(=O)(=O)NC2CC2)cc1,0,0.351021379873503,0.369419306155869,3.8861246,0.5281740142129819,0.23244532179233124
4939,COc1ccc(-n2nc(C(=O)O)c(C)c2Oc2ccc(NC(=O)C(C)C)cc2S(=O)(=O)NC(C)(C)C)cc1,0,0.359954057362791,0.284672818014063,10.302965,0.8430318901281719,0.3822957367393804
4940,Cc1c(C(=O)O)nn(-c2ccc(F)cc2)c1Oc1ccc(NC(=O)C2CCCC2)cc1S(=O)(=O)NC1CC1,0,0.36457505399543,0.291663242796192,4.497305,0.5457570803567524,0.1973087534912815
4941,COc1ccc(-n2nc(C(=O)O)c(C)c2Oc2ccc(NC(=O)C3CCCC3)cc2S(=O)(=O)NC2CC2)cc1,0,0.336803674601973,0.268997194721962,8.203929,0.6357895008413257,0.18130758030657876
4942,COc1ccc(-n2nc(C(=O)O)c(C)c2Oc2ccc(NC(=O)CC(C)C)cc2S(=O)(=O)NC(C)(C)C)cc1,0,0.323029047072237,0.424898735718751,5.8317037,0.8259283931568352,0.281806248306545
4943,Cc1cccc(-n2nc(C(=O)O)c(C)c2Oc2ccc(NC(=O)CC(C)C)cc2S(=O)(=O)N2CCOCC2)c1C,0,0.388276803435988,0.342067616381792,-4.442348,0.8236715085044098,0.3086450454917089
4944,CCC(CC)C(=O)Nc1ccc(Oc2c(C)c(C(=O)O)nn2-c2ccc(OC)cc2)c(S(=O)(=O)NC2CC2)c1,0,0.29534969877118,0.38107292718974,7.2808127,0.7823648168085732,0.21200875547661716
4945,CCC(C)NS(=O)(=O)c1cc(NC(=O)CC(C)C)ccc1Oc1c(C)c(C(=O)O)nn1-c1ccc(C)cc1,0,0.30830296547232,0.629591287470115,1.5782129,0.5230234616862918,0.33936690990181717
4946,CCC(CC)C(=O)Nc1ccc(Oc2c(C)c(C(=O)O)nn2-c2ccc(F)cc2)c(S(=O)(=O)NC2CC2)c1,0,0.319859576048681,0.291663242796192,4.419289,0.6547137426397359,0.28195635290155446
4947,COc1ccc(-n2nc(C(=O)O)c(C)c2Oc2ccc(NC(=O)C3CCCC3)cc2S(=O)(=O)NC(C)(C)C)cc1,0,0.329419099836712,0.488921781777347,11.536325,0.8298339867386346,0.21130777869186793
4948,CCC(C)NS(=O)(=O)c1cc(NC(=O)C2CC2)ccc1Oc1c(C)c(C(=O)O)nn1-c1ccc(C)cc1,0,0.355575671819181,0.2385531197125,-1.0263877,0.6435233211684047,0.3228313755583935
4949,COc1ccc(-n2nc(C(=O)O)c(C)c2Oc2ccc(NC(=O)C3CCCC3)cc2S(=O)(=O)NCC(C)C)cc1,0,0.299250388428583,0.25188740240713,6.933454,0.5396059136727019,0.2692520394256631
4950,CCCNS(=O)(=O)c1cc(NC(=O)C(C)C)ccc1Oc1c(C)c(C(=O)O)nn1-c1ccc(C)cc1,0,0.367153513573824,0.237480792972627,5.5598583,0.4919819896564446,0.4940829678241322
4951,CCCNS(=O)(=O)c1cc(NC(=O)CC(C)C)ccc1Oc1c(C)c(C(=O)O)nn1-c1ccc(C)cc1,0,0.328993584500857,0.276645745663519,2.6664052,0.4260606849379357,0.32973125512523566
4952,CCCNS(=O)(=O)c1cc(NC(=O)C2CC2)ccc1Oc1c(C)c(C(=O)O)nn1-c1ccc(C)cc1,0,0.37274707535349,0.193117834250747,0.3494681,0.4403633028639221,0.34344200026175536
4953,COc1ccc(C(CC(=O)NCCc2ccccn2)c2cn(Cc3ccc(C)cc3)c3ccccc23)cc1OC,0,0.216703036628141,0.806218805291839,7.2230277,0.0198122828160094,0.1062588163427487
4954,O=c1c2c(ncn2Cc2ccc(C(F)(F)F)cc2)n(-c2ccc(Cl)cc2)c(=O)n1CCc1ccccc1,0,0.302257044239667,0.241606005314173,1.0808433,0.0645921194299494,0.23341202011189455
4955,Cc1ccc2oc(CN(C(=O)c3ccc(Cl)cc3)C3CCCCC3)nc2c1,0,0.575427165655209,0.141228586498756,-0.9448503,0.0179918181515681,0.26745312790876674
4956,CCC(Oc1ccc2c(c1)C(c1ccccc1)N(C(=O)C1CC1)CC2)C(=O)NCCC(C)C,0,0.594170269397283,0.128129886099922,-8.693971,0.0259147086280693,0.11723617116018825
4957,Cc1ccc(-n2nc(C(=O)O)c(C)c2Oc2ccc(NC(=O)C3CC3)cc2S(=O)(=O)NCc2ccco2)cc1,0,0.262667949694252,0.38097296824676,-0.32783246,0.271835006400656,0.17303724567549772
4958,Cc1c(C(=O)O)nn(-c2ccc(Cl)cc2)c1Oc1ccc(NC(=O)C(C)C)cc1S(=O)(=O)NCc1ccco1,0,0.240107943337945,0.534285733558037,4.1685834,0.2430623267522631,0.25761155243433576
4959,CCC(C)NS(=O)(=O)c1cc(NC(=O)C2CCC2)ccc1Oc1c(C)c(C(=O)O)nn1-c1ccc(C)cc1,0,0.335706796768798,0.2385531197125,2.4364934,0.63461518891209,0.38511133199464104
4960,Cc1c(C(=O)O)nn(-c2ccc(F)cc2)c1Oc1ccc(NC(=O)C(C)C)cc1S(=O)(=O)NC(C)C,0,0.387570707372872,0.183605432057098,1.988891,0.7523995783571812,0.46339067372401044
4961,O=C(CC(c1ccc(C(F)(F)F)cc1)c1cn(Cc2ccccc2)c2ccccc12)NCc1ccncc1,0,0.244307523550235,0.887133600384615,10.719974,0.0335062686008787,0.18667974220839106
4962,CCC(O)CN(Cc1ccco1)Cc1ccccc1F,0,0.844088221277716,0.0041856848712032,6.325854,0.1813901505975419,0.2320881472204463
4963,O=C(CC(c1ccc(C(F)(F)F)cc1)c1cn(Cc2ccccc2)c2ccccc12)N1CCOCC1,0,0.326560685382999,0.0822424878414373,5.8782363,0.0468743925609696,0.15016151384606605
4964,CC(C)c1ccc(OCC2c3ccsc3CCN2C(=O)CN(CC2CC2)C(=O)C2CCCC2)cc1,0,0.442330035586887,0.217508925144944,-3.592256,0.0180867674424245,0.09789394621324582
4965,Fc1cccc(Oc2nc(N3CCCCC3)nc3c2CN(Cc2ccco2)CC3)c1,0,0.617414316315756,0.005409542061372,-1.8849815,0.0205966556680938,0.12421473648467603
4966,O=C(c1ccccc1Cl)N(CCc1nc(-c2cccc(C(F)(F)F)c2)no1)C1CCCCC1,0,0.410397168843063,0.087802383171299,-0.1769799,0.0384646806589282,0.3219071135642346
4967,COc1ccc(OC)c(-c2cc(CN(C(=O)c3ccc(Cl)cc3)C(C)C)no2)c1,0,0.540064658862638,0.0155779806061359,-2.243506,0.0267225039694072,0.1747603421574418
4968,Cc1nn(-c2ccc(F)cc2)c2nc(CC3CCCCC3)nc(N3CCCN(C(=O)c4cccc(Cl)c4)CC3)c12,0,0.282758691322826,0.371020940493635,-2.4834228,0.0784799469645264,0.13577057185701114
4969,CCC(C)C(=O)Nc1ccc(Oc2c(C)c(C(=O)O)nn2-c2ccccc2)c(S(=O)(=O)N(CC)CC)c1,0,0.36919799026348,0.174941400945542,7.2482257,0.3351727595898763,0.33650400144738357
4970,Cc1cc2nc(Cc3ccccc3F)n(Cc3ccc(C(=O)NCc4ccccn4)cc3)c2cc1C,0,0.323739069399656,0.357286184791295,4.278664,0.0396765785861139,0.09795406627161667
4971,CN(C)CCNC(=O)c1nn(-c2ccccc2F)c(=O)n(Cc2ccc(C(F)(F)F)cc2)c1=O,0,0.523249592244898,0.0070774112502006,10.905659,0.3501941775327555,0.3013847223223964
4972,CCCNC(=O)c1cncc(-c2ccc(Oc3ccccc3)cc2)c1,0,0.712808433521661,0.0315616575536009,-6.3987417,0.0090105519023945,0.24976161033449867
4973,COc1ccc(C(=O)N(CCc2nc(-c3ccccc3)no2)Cc2ccccc2)cc1,0,0.421252029859912,0.0422053924231342,6.518808,0.006680011627805,0.1572494637154715
4974,CCOC(=O)c1ccc(Oc2ccccc2)nc1,0,0.774215002409106,0.805597243904081,-5.282418,0.1240806793182055,0.2202836153287812
4975,O=C(CC(c1ccc(C(F)(F)F)cc1)c1cn(Cc2ccccc2)c2ccccc12)NCc1ccccc1,0,0.228900950713067,0.901583523476552,9.783115,0.0417894215955699,0.17701835859997644
4976,COc1ccc(OC)c(-c2cc(CN(CC(C)C)C(=O)c3cccc(F)c3)no2)c1,0,0.531938550573661,0.0177566655537211,-5.0278606,0.0370375388257629,0.13386151922369643
4977,COc1ccccc1-n1ccc(C#N)c1C(=O)O,0,0.893300387756956,0.0304459939009895,-12.065923,0.1617197838298364,0.07686429688542856
4978,O=C(NC1CCCCCC1)c1nnn2c1Sc1c(C(=O)NC3CCCCCC3)nnn1CC2,0,0.656610982201692,0.0209522800421823,9.114154,0.03818273189176,0.15519094532486943
4979,O=c1oc(-c2ccc(F)cc2)nc2ccccc12,0,0.657357637576501,0.844308650491021,-1.7254792,0.5223548348576007,0.513779101434366
4980,CCOc1ccc2nc(SCc3cccc4ccccc34)nc(C)c2c1,0,0.333577811408272,0.110908200452448,-1.8612835,0.0122131102735655,0.12539204788907854
4981,CCNc1nnc(-c2ccccc2OC)s1,0,0.884616487559388,0.0386064309568342,-11.241904,0.0388479652130427,0.18147900158687863
4982,COc1ccc(-c2nc3ccccc3c(=O)[nH]2)cc1,0,0.762319711593425,0.345806606676969,0.21917999,0.0672777161030806,0.18268969735789198
4983,Cn1c(=O)n(C2CCCCC2)c(=O)c2ccccc21,0,0.786790179784515,0.849488774415592,5.1009145,0.793688808137817,0.29662901930755503
4984,CCCCc1c(C)nn(-c2nc3ccccc3s2)c1O,0,0.792890220992597,0.0018925989295977,0.65976703,0.0189055673017944,0.15327866261285125
4985,COc1cccc2[nH]c3c(=O)n(-c4ccc(Cl)cc4)c(=O)[nH]c3c12,0,0.588070596843882,0.042688769060172,-5.5308123,0.3140452561300104,0.3540617420201332
4986,Cc1ccccc1-n1nc(-c2ccccc2)cc1O,0,0.754885469823651,0.0761099920604683,3.5986376,0.0660949607321848,0.1294045202977933
4987,COc1ccccc1-c1cn[nH]c1N,0,0.754794860310975,0.986489446583669,-7.505223,0.0358846760680622,0.1187180192027721
4988,CC1(C)CC(=O)c2c(-c3ccccc3)n[nH]c2C1,0,0.831365822234029,0.314063738590499,-16.573215,0.1949722713964985,0.1595142687548086
4989,c1ccc(COc2ccc(-c3ccnc4ncnn34)cc2)cc1,0,0.579763720895919,0.0156717853313687,-3.7869296,0.013250464787467,0.129210328557326
4990,Cc1nnc(SCc2cc(O)n(-c3ccc(Cl)cc3)n2)s1,0,0.734995027056158,0.0016566185442898,-5.8835263,0.0173737086652376,0.15122820284766386
4991,Cc1nn(-c2ccc(F)cc2)c(O)c1Cc1ccc(Cl)cc1,0,0.783321332673443,0.0454111148090917,2.9436822,0.1410541461349529,0.449606711909058
4992,Cc1nn(-c2ccc(F)cc2)c(O)c1Cc1ccccc1Cl,0,0.783321332673443,0.0151207487255663,3.630292,0.0724324099740788,0.3898074650623917
4993,COc1ccc(-n2nc(C)c(Cc3ccccc3Cl)c2O)cc1,0,0.782663953064862,0.0066410909379145,2.8101168,0.0224271894189694,0.22661537556863848
4994,COc1ccc(-n2nc(C(F)(F)F)cc2O)cc1,0,0.900199541442085,0.211962729176708,1.4373006,0.2165618186711696,0.5738468379828134
4995,Cc1nc2nccc(-c3ccc(F)cc3)n2n1,0,0.641126909991975,0.742109113376902,-5.3184724,0.140757727972355,0.39533466371255793
4996,Cc1nc2nccc(-c3ccc(OCc4ccccc4)cc3)n2n1,0,0.576154642881162,0.0084468108496391,-8.480416,0.0152483908934686,0.11739357966526491
4997,FC(F)(F)c1nc2nccc(-c3ccc(Br)cc3)n2n1,0,0.678484133110394,0.560215280824493,-0.03292954,0.2139673171715257,0.6139651159808296
4998,FC(F)(F)c1nc2nccc(-c3ccc(Cl)cc3)n2n1,0,0.690748248340822,0.55027786940954,-7.271013,0.2948272557057936,0.6657309756692807
4999,Clc1cccc(-c2cnn3c(-c4ccccc4)ccnc23)c1,0,0.536343054515125,0.13174824711443,3.5458474,0.0126124401563178,0.1628165257617798
5000,NC(=O)c1cc2c([nH]c1=O)CCCC2=O,0,0.676427094673283,0.140360648130614,7.5878444,0.8535102034361973,0.40633825539710217
5001,CC1(C)CC(=O)c2ccc(=O)[nH]c2C1,0,0.675679548953211,0.102251493243414,2.1164536,0.0842033793231062,0.16268804848144564
5002,Brc1ccc(-c2ccnc3nc(-c4cccnc4)nn23)cc1,0,0.553018454150027,0.0308851804819963,5.28075,0.011119318734424,0.25541478707557896
5003,Fc1ccc(-c2ccnc3nc(-c4cccnc4)nn23)cc1,0,0.569469465956168,0.033561322130029,2.2613459,0.0158502538136199,0.20406726979421563
5004,COc1ccc(-c2c(-c3ccccc3)nn(-c3ccccc3)c2N)cc1OC,0,0.547007127289332,0.0131889260521965,-2.1926215,0.0206875580988649,0.12349482538202386
5005,CC(=O)c1cc2ccccc2[nH]1,0,0.636416823834315,0.998246189413957,6.5773673,0.0027159522492298,0.11857381228808266
5006,CC(C)(CO)NC(=O)c1ccc(F)cc1,0,0.791937704882546,0.0590889920881299,8.846766,0.1071506886784822,0.24714830672343074
5007,COc1ccccc1C(=O)NC(C)(C)CO,0,0.805894650325887,0.560130615934006,3.3993802,0.1799707926094205,0.16683448329029835
5008,Oc1cc(C(F)(F)F)nn1-c1ccc(F)cc1,0,0.785437120691057,0.146400733025826,-3.500627,0.3671426246805415,0.5768797622223729
5009,Cn1nc(NC(=O)C2CCCCC2)c2cccnc21,0,0.899869572031425,0.0087294706338678,4.646342,0.093361392997026,0.11764510253188712
5010,Oc1c2c(nn1-c1nc3ccccc3s1)CCCC2,0,0.739714478248581,0.0114156940079014,4.7078004,0.0334624494963714,0.1605945798604136
5011,O=C(O)CCNC1=NCCCC1,0,0.652776599540708,0.684292313859705,6.466953,0.0618975061943964,0.18638819701503584
5012,CCn1c(=O)[nH]c(=O)c2c3c(cnc21)C(=O)CC(C)(C)C3,0,0.855336816190663,0.14522250189711,8.757626,0.3229036770910693,0.43541401935496243
5013,Oc1nnc2c(-c3cccc(Cl)c3)cnn2c1-c1ccccc1,0,0.609148254082746,0.0318659232251281,4.040004,0.0216080823332601,0.27838083245762335
5014,N#Cc1cnn(-c2ccccc2F)c1N,0,0.760769239416087,0.107999308875589,4.160039,0.0528372166172162,0.09004023275497616
5015,Cc1nn(C)c2nc3c(c(N)c12)C(=O)CC(C)(C)C3,0,0.784113604723122,0.0169864610251965,3.9315705,0.0204644408457385,0.18184918341268275
5016,CS(=O)(=O)c1cnc2ncnn2c1-c1ccc(Cl)cc1,0,0.721748477383542,0.674592946307848,-1.1233459,0.735413672357846,0.5909765888979059
5017,CS(=O)(=O)c1cnc2ncnn2c1-c1ccccc1,0,0.70128767678492,0.24325184106975,1.8538219,0.7542341521316956,0.5022336350236412
5018,O=C1Nc2ccc(Br)cc2C12NCCc1c2[nH]c2ccc(Cl)cc12,0,0.533601127343377,0.0719395820231218,-2.9697242,0.0308866881943459,0.15300450242314037
5019,COc1ccc2c3c([nH]c2c1)C1(NCC3)C(=O)Nc2ccc(Br)cc21,0,0.589649869006698,0.0055831850541063,4.1394114,0.0198817448162063,0.11976542789352669
5020,CC(C)c1cc(O)n(-c2nc3ccccc3s2)n1,0,0.767785701517599,0.0363556116322629,-10.503621,0.0318790332112591,0.1131969282715917
5021,N#Cc1cnn(-c2ccc(Cl)cc2)c1N,0,0.795947950209247,0.779519140585093,5.524827,0.0636408671813276,0.07854830245938108
5022,COc1ccc(-n2ncc3c(N)c4c(nc32)CCCC4=O)cc1,0,0.786262823480138,0.0027545423418921,1.4140824,0.0353966698160738,0.17628308609772952
5023,CC(=O)c1cc2c(-c3ccccc3)nc(N)n2nc1-c1ccc(-c2ccccc2)cc1,0,0.400634525276646,0.872916991759722,3.125824,0.0372650386083231,0.19720307981577262
5024,Cc1ccc(-c2cc(O)n(-c3nc4ccccc4[nH]3)n2)cc1,0,0.594099181364993,0.0145617693901797,-11.9338455,0.012674524304467,0.11868597016970135
5025,O=C(NCc1ccco1)c1cccnc1,0,0.822059688352545,0.993933097014708,-0.07229197,0.0582747839585672,0.1380804270059643
5026,CN(C(=O)c1ccc(Cl)cc1)c1ccccc1,0,0.791490090713432,0.99839410290522,0.091056466,0.4314087868857099,0.42491384155965495
5027,O=C(Nc1ccc(F)cc1)c1cccnc1,0,0.837396026900982,0.993215440599506,-3.824247,0.3828630615302855,0.278003657414298
5028,CC(C)CNC(=O)c1cccnc1,0,0.761099795635163,0.99891548931593,-1.2983311,0.0204740947147484,0.1743416847522083
5029,O=C(NC1CCCCCC1)c1cccnc1,0,0.774971824308675,0.998766946893849,9.21794,0.0485713044048546,0.1395590051202537
5030,O=C(NC1CCCCCC1)c1ccc(C(=O)NC2CCCCCC2)cc1,0,0.775190230622014,0.999482049911144,11.564777,0.063485613226007,0.5652096602021662
5031,CC(C)N(Cc1ccccc1)S(C)(=O)=O,0,0.786996624458352,0.998449902052421,9.745435,0.4330805326782079,0.22970005248922284
5032,CCCN(CCC)S(=O)(=O)c1ccc(OC)cc1,0,0.765224917865248,0.993258689457962,-5.104991,0.2665514875645059,0.4328489204714027
5033,CC(C)(C)NS(=O)(=O)c1ccc(F)cc1,0,0.844636746072248,0.998389908357973,12.490417,0.4608966584159932,0.4188789794436202
5034,CCCN(CCC)S(=O)(=O)c1ccc(F)cc1,0,0.787260581563471,0.996953120456121,3.3159065,0.1869254939978768,0.49089875855070153
5035,CN(Cc1ccccc1)C(=O)c1ccccc1Cl,0,0.824592679758338,0.21435269216988,9.907409,0.2362311171343663,0.48690043140373207
5036,CS(=O)(=O)Nc1ccc(F)c(Cl)c1,0,0.831916227073837,0.964605888040785,-6.211451,0.0844554801441149,0.36191985867130005
5037,CS(=O)(=O)Nc1ccc(F)c(F)c1,0,0.794886667007299,0.995493455678891,-3.1540208,0.0592713833669296,0.36217804616087673
5038,CCCN(CCC)C(=O)c1cccc(Cl)c1,0,0.768942454604213,0.986919922207772,3.1727824,0.5417703564000592,0.5592179258176764
5039,Cc1onc(-c2ccccc2Cl)c1C(=O)NCC(C)C,0,0.934813300843574,0.0086659730764299,-14.164245,0.0260729623125392,0.17923028999355606
5040,Cc1onc(-c2ccccc2Cl)c1C(=O)NC(C)C,0,0.935548135797947,0.0015226012294381,-9.557791,0.1089407696247397,0.19493818725480574
5041,O=C(c1cccc(Br)c1)N1CCc2ccccc2C1,0,0.786330022981762,0.0300860639192706,-5.420326,0.0847325510984791,0.424121152235483
5042,CCN(CC)C(=O)c1cc(Cl)ccc1Cl,0,0.799055983195648,0.787080798202518,4.663058,0.4410904297999765,0.34702710683477606
5043,CCCN(CCC)C(=O)c1cc(Cl)ccc1Cl,0,0.785352635021274,0.325984794482168,1.4037088,0.400909329428097,0.6743501816156343
5044,COc1ccccc1CC(=O)N1CC(C)OC(C)C1,0,0.835437144651857,0.0077083681394982,-2.856193,0.3055015929212931,0.33870922738612125
5045,CCOc1ccccc1C(=O)N1CCCC1,0,0.780442912361591,0.617829527536929,1.2354859,0.1800346639590636,0.16637978081429472
5046,CCOc1ccccc1C(N)=O,0,0.730808307463966,0.998688683257558,5.840526,0.0037861555264426,0.13547006622933186
5047,CCOc1ccccc1C(=O)N1CCCCC1,0,0.803009440712558,0.314175178030167,1.9361125,0.7490671390607756,0.27381346277048685
5048,Cc1ccnc(NS(=O)(=O)c2ccc(NC(=O)c3c(-c4ccccc4Cl)noc3C)cc2)n1,0,0.414205113047616,0.31484876998065,-0.4463476,0.2718281558349598,0.20791248110634006
5049,Cc1cccc(C(=O)NCCC(C)C)c1,0,0.804234180844852,0.936585741063544,2.443151,0.0485909813083709,0.4343433658956287
5050,COc1ccccc1NC(=O)Cc1ccc(Br)cc1,0,0.933931493092218,0.139863364642749,8.143044,0.0687486161026443,0.4133270139861683
5051,Cc1cc(Br)ccc1NC(=O)Cc1cccs1,0,0.911945434876154,0.0014156003275036,6.6811814,0.0331400108838289,0.12979470184539527
5052,CCC(CC)NC(=O)c1ccc(Cl)cc1,0,0.837539774943943,0.998608749034172,1.2829846,0.30347110164706,0.32243093029862335
5053,COCC(=O)Nc1ccc(Cl)cc1C(=O)c1ccccc1,0,0.863296834488638,0.130729963540266,3.4889355,0.2704542518982716,0.5105236467674169
5054,CCOC(=O)c1ccccc1NC(=O)COC,0,0.787048574390788,0.5777705076362,9.357048,0.4603690231951143,0.5493223911686256
5055,Cc1onc(-c2ccccc2)c1C(=O)NC1CCCC1,0,0.930398850016973,0.0064196440014204,-3.0954137,0.0264830997263236,0.0798378752499563
5056,COc1ccccc1CNC(=O)c1c(-c2ccccc2)noc1C,0,0.779473003795832,0.0046277960543906,-0.119648576,0.0128637573847332,0.11133092724412756
5057,Cc1onc(-c2ccccc2)c1C(=O)N(C)c1ccccc1,0,0.734559585950596,0.384877949958705,-7.530607,0.0548131693957071,0.21368207677349976
5058,Cc1cccc(NC(=O)c2c(-c3ccccc3)noc2C)c1,0,0.786345522883656,0.0040088595614335,-1.2045877,0.0149165198413505,0.09688717230990163
5059,CCCN(CCC)C(=O)c1c(-c2ccccc2)noc1C,0,0.808417118806674,0.606464354039428,-8.691127,0.0680393686225097,0.27380258531039336
5060,Cc1onc(-c2ccccc2)c1C(=O)Nc1ccc(OCc2ccccc2)cc1,0,0.477930867959701,0.0134789900403072,-0.8488085,0.0234537296386294,0.1072058249561609
5061,Cc1onc(-c2ccccc2)c1C(=O)NCCC(C)C,0,0.906888235668995,0.0059152885037394,-5.4135404,0.0368300867725807,0.15362047163329653
5062,CCC(CC)NC(=O)c1c(-c2ccccc2)noc1C,0,0.904898225515728,0.0688899449120618,-1.0001171,0.0471134671455221,0.16197302193293397
5063,COc1ccc(NC(=O)Cc2ccc(F)cc2)cc1,0,0.916168978194116,0.336421263429237,4.54303,0.0679771299416479,0.19994480970998152
5064,CCCN(CCC)C(=O)c1cccc(F)c1,0,0.750799129173251,0.99036130575825,6.8876863,0.1405918127610487,0.3844902540794877
5065,Cc1onc(-c2ccccc2)c1C(=O)Nc1nnc(Cc2ccc(Cl)cc2)s1,0,0.500436044687432,0.0266831883202805,4.650566,0.0118270517783839,0.0920156135079735
5066,CCOCC(=O)Nc1ccccc1C(C)C,0,0.829893216695108,0.141393499451304,0.838601,0.2424593948595812,0.5867310444120059
5067,CCOCC(=O)Nc1ccccc1C(=O)OCC,0,0.783394486122854,0.0925513743235918,6.7464337,0.5506949640289589,0.5572778341988348
5068,CCOCC(=O)Nc1ccccc1C#N,0,0.80857186771581,0.0097904525734715,7.2507415,0.0170908894556072,0.06537766330096792
5069,CCOCC(=O)Nc1ccccc1C(N)=O,0,0.771260932926566,0.165454182695806,5.4813237,0.3544582496656088,0.6391610019792576
5070,Cc1onc(-c2ccccc2)c1C(=O)N(CCC#N)CCC#N,0,0.817406354461551,0.0099914604941315,10.323786,0.0098081771597986,0.06312491764276754
5071,CCSc1ccccc1C(=O)N1CCCC1,0,0.75053623239115,0.0325583974948487,0.3015083,0.3229057301970877,0.15514353167692446
5072,CCCN(CCC)C(=O)c1ccccc1SCC,0,0.692892623814974,0.159683048535297,2.3144698,0.6825603540052211,0.5968832577824387
5073,CCSc1ccccc1C(=O)N1CCCCC1,0,0.764977355582665,0.0246673226642502,3.394381,0.7581849647333625,0.31221871858084593
5074,CCC(CC)C(=O)Nc1cccc(C(=O)Nc2ccccc2C(=O)Nc2ccc(OC)cc2)c1,0,0.389445805682081,0.139800250963344,5.0078335,0.0874381295837758,0.3357727744702414
5075,CCCC(=O)Nc1cccc(C(=O)Nc2ccccc2C(=O)NCc2ccccc2)c1,0,0.502139524450199,0.0140692004339755,-0.3906299,0.0348199796025523,0.3696235480910871
5076,COc1cc(NC(C)=O)cc(OC)c1OC,0,0.846415769528414,0.999075278410922,4.976972,0.5524392178816941,0.30966010199356464
5077,CCC(C(=O)Nc1ccccc1C(=O)NC1CCCCC1)c1ccccc1,0,0.767233478561549,0.154993992368277,-5.489971,0.0530506232063397,0.3902504497383049
5078,CCC(C)(C)c1nnc(NC(=O)c2c(-c3ccccc3)noc2C)s1,0,0.730663551258907,0.0022405679140819,-4.312941,0.0082046229709366,0.12391402998066996
5079,CCC(=O)Nc1cccc(C(=O)Nc2ccccc2C(=O)NCc2ccc(C)cc2)c1,0,0.529947625203867,0.00883170735305,3.3124623,0.0343743445815739,0.32395959851045875
5080,O=C(Nc1nnc(CCCc2ccccc2)s1)C1CCN(C(=O)c2ccco2)CC1,0,0.623264809236101,0.0531760035208731,-6.369494,0.0130859185010597,0.0766844067567234
5081,CCCCC(=O)Nc1nnc(CCNC(=O)c2cccc(OC)c2)s1,0,0.715209000633611,0.0022734297669006,-5.7507606,0.0215745704870776,0.14033990621470985
5082,CN(C)C(=O)N1CCC(C(=O)Nc2nnc(CCCc3ccccc3)s2)CC1,0,0.806934588038628,0.516740219128503,-1.545985,0.0144225465470607,0.13769137488285374
5083,CCN(C(=O)c1c(-c2ccccc2)noc1C)c1ccccc1C,0,0.704123648152118,0.85168272753308,1.970291,0.0346772017303769,0.20119943668846113
5084,CCCN(C(=O)c1c(-c2ccccc2)noc1C)c1cccc(C)c1,0,0.658296951581809,0.0430232329306103,-3.6947145,0.0256807160704171,0.1809464876525578
5085,Cc1onc(-c2ccccc2)c1C(=O)Nc1nnc(CCNC(=O)c2ccccc2Cl)s1,0,0.417057389841774,0.0526655970910263,3.7068596,0.0327497077336429,0.11706183182924312
5086,O=c1oc(-c2cccc(Br)c2)nc2ccc(Cl)cc12,0,0.666254941696951,0.607799241899839,-0.3728385,0.1316323135781246,0.39959049341669967
5087,CC(=O)c1cn[nH]n1,0,0.519005220748266,0.998199072566964,14.548034,0.1332357285184845,0.3501732987992071
5088,CCc1ccccc1NC(=O)C(C)C,0,0.781656046867171,0.997171302421039,-2.9524555,0.0573008372638072,0.3676753661775595
5089,CCN(C(=O)c1c(-c2ccccc2)noc1C)C1CCCCC1,0,0.837889067359714,0.0340256203439644,-5.068462,0.0292339328432235,0.1815928217386617
5090,O=S(=O)(c1ccc(F)cc1)N1CCCC1,0,0.77228043548108,0.862947325208721,15.02031,0.0704126208863409,0.21071044664404698
5091,CN(Cc1ccccc1)C(=O)c1ccccc1Br,0,0.846044322512341,0.467599147157694,10.80395,0.1046517891406045,0.5905790273129389
5092,CS(=O)(=O)Nc1nc2ccccc2s1,0,0.850157716200317,0.99758134774836,5.319177,0.7709279278693022,0.33204776835302174
5093,Cc1onc(-c2ccccc2Cl)c1C(=O)Nc1ccc(OCc2ccccc2)cc1,0,0.408450291824717,0.0401757676928345,-3.5849423,0.0255070883098649,0.1126672896341216
5094,Cc1ccc2nc(N(S(=O)(=O)c3ccc(Br)cc3)S(=O)(=O)c3ccc(Br)cc3)sc2c1,0,0.292294039925953,0.620605379182981,11.891958,0.3012109208132389,0.22727046116002528
5095,Cc1onc(-c2ccccc2)c1C(=O)Nc1ccccc1C(F)(F)F,0,0.732164775499585,0.0312105389830961,-3.5709682,0.0402984561079301,0.3838853085500234
5096,Cc1onc(-c2ccccc2)c1C(=O)NCc1ccccn1,0,0.802657367674858,0.0847338265625899,-4.288615,0.2029788016356883,0.14811604207810353
5097,Cc1onc(-c2ccccc2)c1C(=O)NC(C)C,0,0.902798846816578,0.0987221044392035,-5.3794546,0.1610602478457727,0.2035665239581471
5098,COC(=O)CNC(=O)c1c(-c2ccccc2)noc1C,0,0.855400204527277,0.002709893994116,-1.8280525,0.1616235994322006,0.4092401932333938
5099,Cc1onc(-c2ccccc2)c1C(=O)N1CCOCC1,0,0.839978204004458,0.0132784507805075,-12.597196,0.2501519038465636,0.16524031635815753
5100,Cc1onc(-c2ccccc2)c1C(=O)N1CC(C)OC(C)C1,0,0.855461875002704,0.003278488841094,-7.133311,0.0906560473699222,0.18314490641803122
5101,CC(=O)Nc1cccc(NC(=O)c2c(-c3ccccc3)noc2C)c1,0,0.758043082621193,0.626309612122631,-4.743275,0.0543454308117243,0.1626972005757329
5102,Cc1onc(-c2ccccc2)c1C(=O)NCc1ccncc1,0,0.802657367674858,0.0168471220232628,0.57710874,0.0228812385336273,0.13503094624974848
5103,CCc1sc(NC(=O)c2c(-c3ccccc3)noc2C)nc1-c1ccccc1,0,0.483136867516206,0.0809833720876718,0.90028584,0.0134658305724863,0.11082635756004414
5104,CCCC(=O)Nc1cccc(C(=O)Nc2ccccc2C(=O)NCc2ccc(C)cc2)c1,0,0.475134906676642,0.0481856557054029,1.2988635,0.035685252263278,0.3460303259167546
5105,Cc1ccc(-c2cc[nH]n2)o1,0,0.671361752497725,0.103562317750308,5.066124,0.0229787347501853,0.10160312364653763
5106,CCOc1ccc2c(C)c(C(=O)Nc3cccc(OC)c3)oc2c1,0,0.755030877907755,0.0040884390161972,3.77385,0.0193691512902258,0.2666894879986568
5107,CS(=O)(=O)N1CCNCC1,0,0.532249031419515,0.99849483165548,9.737068,0.1545762603728259,0.18486451057733275
5108,CSc1ccc(-c2cc[nH]n2)cc1,0,0.737557498216961,0.624000550827877,-3.1352816,0.0243314402601564,0.2057635249184086
5109,O=C(O)Cn1nc(-c2ccc(Br)cc2)ccc1=O,0,0.937477689025215,0.891714479536765,0.36238134,0.8415854650310916,0.7528636291527456
5110,O=C(O)CCCn1cnnn1,0,0.637362926695248,0.99574402949614,7.572225,0.1727586776009746,0.5252421659654363
5111,c1ccc(-c2cc[nH]n2)nc1,0,0.659774144503794,0.301600503558843,3.0865498,0.0594277546507423,0.14600791869778962
5112,CCCCc1nc(-n2cccc2)sc1C(=O)O,0,0.887154274086336,0.0021627871098282,2.7518191,0.0936912999560775,0.2492927997036245
5113,Nc1nccc(-c2ccc(Cl)cc2Cl)n1,0,0.832854413509554,0.763605304707397,-7.6011405,0.8031845458743759,0.4722703122723207
5114,Cc1nc2ccc(Br)cc2c(=O)n1N,0,0.717907010436748,0.814374026339751,5.5040035,0.0640857165810615,0.2343741379164773
5115,COc1ccc(-c2cc[nH]n2)cc1,0,0.756496143862831,0.996885832536284,3.9192343,0.0135583284471408,0.12419477693684947
5116,COC(=O)[C@@H](Cc1ccccc1)NC(=O)c1snnc1-c1ccc(OC)cc1,0,0.616722688906632,0.0046275065495066,-0.9199521,0.0216732423287185,0.1350377758686072
5117,CC(C)[C@H](NC(=O)c1ccncc1C(=O)NCCc1ccc(F)cc1)C(=O)NCCc1ccc(F)cc1,0,0.369476837315225,0.841254828273343,-2.591413,0.05265115854434,0.2311671235371883
5118,CC(C)[C@H](NC(=O)c1ccncc1C(=O)NC1CCCCCCC1)C(=O)NC1CCCCCCC1,0,0.511963384424329,0.304732260879167,7.8070426,0.0592898488269351,0.45884751397891543
5119,Cn1nc(-c2ccc(Cl)cc2)cc1C(=O)NC1CC1,0,0.935998089045719,0.19945844666097,-3.5254827,0.041858850988546,0.09740146817918377
5120,Cn1nc(-c2ccc(Cl)cc2)cc1C(=O)NCC1CCOCC1,0,0.935623589502892,0.002008115226218,-8.690809,0.0472580392394962,0.1374775466855461
5121,Cn1nc(-c2ccccc2Cl)cc1C(=O)NC1CC1,0,0.935998089045719,0.0124451695162076,-5.1436872,0.0528229891728942,0.10850408256292403
5122,O=C(NCC1CCCN2CCCCC12)c1cc2c(Cl)cccc2s1,0,0.868264480401549,0.005329790108492,-10.424147,0.1490229445680066,0.3415309929167374
5123,CN1CCN(C(=O)c2cc(-c3ccc(Cl)cc3)nn2-c2ccccc2)CC1,0,0.697002661796444,0.0826491369502215,-6.6410813,0.1324484345995172,0.16615456378697474
5124,COC(=O)Cn1c(C)nc2ccc(F)cc2c1=O,0,0.746388224560607,0.0024704560075644,-8.908277,0.0557943888786557,0.7834289380036903
5125,Cc1n[nH]c(-c2ccc(Cl)cc2)c1CC(=O)NCCc1nnc2ccccn12,0,0.525896894219739,0.0138181771686257,-1.017343,0.0743737555861778,0.1324527306744598
5126,Cc1n[nH]c(-c2ccc(Cl)cc2)c1CC(=O)NCCc1nc2ccccc2[nH]1,0,0.465137420808819,0.0054523797973107,-0.76126146,0.0566755819965857,0.12072146845017265
5127,Cc1n[nH]c(-c2ccc(F)cc2)c1CC(=O)NCCc1nnc2ccccn12,0,0.539519007815733,0.0157112865522638,-0.35513186,0.1195056329249806,0.14448440265964707
5128,COc1ccc(-c2[nH]nc(C)c2CC(=O)NCCc2nc3ccccc3[nH]2)cc1,0,0.452342009958037,0.006510999392005,2.0196695,0.0668416007457377,0.12537285116676525
5129,CC(=O)N(c1nc(C)c(C(=O)Nc2ccc3cc[nH]c3c2)s1)C(C)C,0,0.742918382085122,0.0025167076278884,-3.1393929,0.0157605010577513,0.1018345133073582
5130,COCCN(C(C)=O)c1nc(C)c(C(=O)NC2CCCC2)s1,0,0.86948363143323,0.0009694744653281,-8.537773,0.0209704117431544,0.08201709045422775
5131,Cc1nc(C(=O)Nc2ccccn2)c(C(C)C)s1,0,0.922539234172382,0.107457355485861,-16.585413,0.0247480033940178,0.17061019452326134
5132,COc1cccc(-c2cnc(-c3cccc(OC)c3)cn2)c1,0,0.732817734234481,0.995989944589179,-9.180459,0.0056056202137599,0.1597810041415199
5133,CCCCc1nc(C)sc1C(=O)O,0,0.810083905763636,0.319254976689264,15.861154,0.1646007809415575,0.4260996542765394
5134,COc1cccc2[nH]c(C(=O)O)cc12,0,0.761240431608948,0.998266539510409,2.2597442,0.0897947308936843,0.23277873028561563
5135,Cc1nc(C(=O)O)c(-c2ccccc2Cl)s1,0,0.891595549377947,0.094671523769506,-4.312265,0.4001074930282245,0.39362356725489894
5136,Cc1nc(C(=O)O)c(-c2ccc(Cl)cc2)s1,0,0.891595549377947,0.895595564856621,-5.172584,0.6750781161822763,0.6430118164687117
5137,Cc1nc(CC(=O)O)cs1,0,0.698399191562818,0.96097616125884,9.460797,0.0700243177418768,0.26162259309405506
5138,Cn1nc(-c2cccc(Cl)c2)cc1C(=O)O,0,0.87143154721165,0.472436025889772,-3.0694718,0.8030382102360081,0.616614067742341
5139,COc1ccc(C(=O)Nc2cnn(C)c2)cc1,0,0.873945047365479,0.0206987766695245,-8.161434,0.0371579361756463,0.14150643897141363
5140,CC(C)n1cc(C(=O)Nc2ccc3cc[nH]c3c2)c2ccccc2c1=O,0,0.580690852768484,0.0096259043111089,6.851724,0.0425965378527506,0.12177382896057651
5141,CC(C)Cn1cc(C(=O)Nc2ccc3cc[nH]c3c2)c2ccccc2c1=O,0,0.567346388251052,0.0078478149138049,9.132543,0.0220998128483613,0.12121832445114678
5142,COc1ccc(-c2nnsc2C(=O)Nc2nc(-c3cccnc3)cs2)cc1,0,0.549590379626405,0.0086230206566522,-1.1603175,0.0044932583136191,0.07483942173121269
5143,CCCCc1nc(C)sc1C(=O)Nc1ccc(Cn2cncn2)cc1,0,0.701457128157558,0.0017702364448538,-11.06581,0.0116425521774717,0.0828139296143448
5144,COC(=O)[C@H](Cc1ccccc1)NC(=O)c1cnc2scc(C)n2c1=O,0,0.68795919958547,0.0010111621821442,-7.1531057,0.0367694919219339,0.22129016987599276
5145,COc1ccc(-c2n[nH]c(C)c2CC(=O)N[C@@H](C)c2nc3ccccc3[nH]2)cc1,0,0.468582234845136,0.0028104590017782,-6.161423,0.056586441562257,0.15733140009380256
5146,Cc1nc(-c2ccccc2)sc1C(=O)O,0,0.84447684885586,0.370543629189089,6.530274,0.8117318591830128,0.5300927968827456
5147,Nc1c(C(=O)O)cnn1-c1cc(F)cc(F)c1,0,0.830141923690899,0.967415385479841,-12.752198,0.7772618667279497,0.6508140435988935
5148,O=c1ccc(-c2ccc(Cl)cc2)n[nH]1,0,0.77677424031366,0.999154966520912,4.6299005,0.5041874588976486,0.25602611773768374
5149,O=c1ccc(-c2ccccc2)nn1Cc1ccccc1Cl,0,0.739824151786064,0.902147871744657,1.2447761,0.0247041349730761,0.18704646179780027
5150,O=c1ccc(-c2ccccc2)nn1Cc1ccc(Br)cc1,0,0.727760699715835,0.921406233767686,6.46219,0.0217802485800671,0.28402486118926873
5151,COc1cc(F)ccc1-c1ccc(=O)n(CC(=O)c2ccc3c(c2)CCN3C(C)=O)n1,0,0.592033986215116,0.0020976691103238,2.667564,0.0735864279599724,0.47364724880015163
5152,COc1ccc(NC(C)=O)cc1NC(=O)c1cc(-c2ccccc2)nc2ccccc12,0,0.477581754334911,0.718904054425256,-1.5632014,0.0255035948059154,0.1680156964621987
5153,COc1ccc(-c2ccc(=O)n(CC(=O)Nc3nc4ccccc4[nH]3)n2)cc1,0,0.557787291813532,0.0178319334675518,3.0084157,0.0311199487676687,0.11818847835296487
5154,O=C(Cn1nc(-c2ccc(Cl)cc2)ccc1=O)Nc1nc2ccccc2[nH]1,0,0.569541118267354,0.0984373265537805,-0.45535266,0.0256256865799415,0.22309870670227747
5155,COc1ccc(-c2ccc(=O)n(CC(=O)NCC(=O)O)n2)cc1,0,0.782726611956056,0.0016789977775566,9.039411,0.3077206677027865,0.7978252677482448
5156,COc1ccc(-c2ccc(=O)n(CC(=O)N[C@@H](CCSC)C(=O)O)n2)cc1,0,0.661577182889933,0.001243727520987,10.942609,0.304254321427137,0.5939706973729331
5157,COc1ccc(-c2ccc(=O)n(CC(=O)NCCC(=O)O)n2)cc1,0,0.764677847067539,0.0025749864340108,6.7527404,0.3302582514788209,0.5305340847508011
5158,CCCCc1nnc(NC(=O)c2csc(NC3CCCC3)n2)s1,0,0.789505176928339,0.0042911397521379,0.8516263,0.0073497066829441,0.08321678827327289
5159,COc1cc(F)ccc1-c1ccc(=O)n(CC(=O)Nc2ccc(C(C)C)cc2)n1,0,0.688671691539886,0.0062748033073531,1.6835092,0.0615380750408808,0.21347909730368872
5160,COc1cc(F)ccc1-c1ccc(=O)n(CC(=O)Nc2ccc(F)cc2)n1,0,0.748580389024306,0.0017654812249295,2.3621335,0.1297325807902984,0.5121343208062707
5161,COc1cc(F)ccc1-c1ccc(=O)n(CC(=O)Nc2ccc(NC(C)=O)cc2)n1,0,0.650516205791186,0.0180248572352266,1.7549886,0.1944247109838388,0.4020949529931695
5162,COc1cc(F)ccc1-c1ccc(=O)n(CC(=O)Nc2ccc(Cl)cc2)n1,0,0.728263867810975,0.002368531528577,3.2666345,0.0607103632835499,0.39237557956837665
5163,COC(=O)[C@H](Cc1ccccc1)NC(=O)c1cn(C)c2ccccc12,0,0.728890745827589,0.103876433456766,-6.12062,0.0340996241086305,0.1404464836533483
5164,CSCC[C@H](NC(=O)Cn1nc(-c2ccc(SC)cc2)ccc1=O)C(=O)O,0,0.612799466688354,0.0057981736220619,9.368416,0.2998184795338016,0.6815324425515298
5165,COC(=O)CNC(=O)c1cc(-c2ccc(Cl)cc2)nn1C,0,0.871622028954553,0.0104356430889781,-2.1658702,0.0630753609902198,0.5073462877431114
5166,COC(=O)[C@H](CCSC)NC(=O)c1cc(-c2ccc(Cl)cc2)nn1C,0,0.746367225742778,0.0007546707799997,1.6882001,0.0366120122025377,0.20838662147603695
5167,COC(=O)[C@H](C)NC(=O)c1cc(-c2ccc(Cl)cc2)nn1C,0,0.874503613968799,0.0013622969310478,-11.695597,0.0523978481877436,0.37357018846441886
5168,COC(=O)[C@H](CC(C)C)NC(=O)c1cc(-c2ccc(Cl)cc2)nn1C,0,0.800368080110934,0.0009244486140182,-8.139026,0.0318955443465235,0.3296568533969739
5169,COC(=O)[C@H](Cc1ccccc1)NC(=O)c1cc(-c2ccccc2)nn1C,0,0.683444368760354,0.0224413763424395,-1.5069704,0.0248710696401718,0.21066105700863527
5170,O=C(CCC1NC(=O)c2ccccc2NC1=O)NCc1nnnn1-c1ccccc1,0,0.556233739315239,0.0843994348675141,2.4029927,0.0745759674885588,0.1998465229939289
5171,O=C(CCCc1nc2ccccc2c(=O)[nH]1)NCc1nnnn1-c1ccccc1,0,0.494886076058296,0.0165536738972771,7.66865,0.0887003492033125,0.13991499086960824
5172,O=C(CCc1nc2ccccc2c(=O)[nH]1)NCc1nnnn1-c1ccccc1,0,0.521787909821518,0.0096956345216619,5.7301965,0.129901514066129,0.1919642083410738
5173,O=C(O)c1cc2ccc(Cl)cc2s1,0,0.788047538993636,0.99178483417322,6.925094,0.1403862837755506,0.3742902015110826
5174,O=C(Nc1cccc(C(=O)NC2CCCCC2)c1)NC1CCS(=O)(=O)C1,0,0.744617860358964,0.0018817615852764,-1.6136943,0.1556076402919367,0.12680861523530235
5175,O=C(Nc1cccc(C(=O)NC2CCCCCCC2)c1)NC1CCS(=O)(=O)C1,0,0.71370228886189,0.0045234483559862,-2.088049,0.084575679519615,0.12722975084653976
5176,COc1ccc2c(c1)c1cn[nH]c(=O)c1n2C,0,0.686177631708272,0.266316916726564,4.866656,0.0558279663352048,0.20596260077272627
5177,Cc1nc(C)c(C(=O)O)o1,0,0.632938858714718,0.998688128571516,18.613358,0.3293987649244624,0.4097081189566392
5178,COc1ccc(-c2ccc(=O)n(CC(=O)O)n2)cc1,0,0.886568012271515,0.0508182413437145,2.8525958,0.8483101894630384,0.6991606195313004
5179,COc1ccc(NC(=O)CCCn2cccc2)cc1-c1nnc(C)o1,0,0.713603178413937,0.0006034534874985,-9.417037,0.0305550145300643,0.1539895498607048
5180,CC(=O)COc1cc(O)c2c(=O)cc(-c3ccccc3)oc2c1,0,0.800827835169211,0.996951084245696,-1.2677748,0.4108023442375325,0.7184784637358896
5181,COc1ccccc1-c1ccc(=O)n(Cc2ccc(F)cc2Cl)n1,0,0.723518831384053,0.0067238792289664,2.0829706,0.0237049138445383,0.19607220631422126
5182,COc1cc(F)ccc1-c1ccc(=O)n(CC(=O)Nc2ccc(Br)cc2)n1,0,0.670590302858543,0.0038712283457278,6.5400023,0.0428446502377266,0.44170734597699035
5183,CSc1ccc(-c2ccc(=O)n(CC(=O)NCC(=O)O)n2)cc1,0,0.759555264261778,0.0042477303541747,5.4517837,0.4241353050538747,0.760958062300983
5184,COC(=O)[C@H](Cc1ccccc1)NC(=O)c1sc(-c2ccc(F)cc2)nc1C,0,0.642028801619032,0.0024200881013023,-8.388108,0.0163615559935471,0.2958525062405754
5185,COc1ccc(NC(C)=O)cc1NC(=O)c1cccc2c(=O)c(C)c(-c3ccccc3)oc12,0,0.453915359764092,0.0630084714492297,-3.265256,0.1474167503250361,0.2571960242336818
5186,COc1ccc(-c2n[nH]c(C)c2CC(=O)N[C@H](c2nc3ccccc3[nH]2)C(C)C)cc1,0,0.417095177193187,0.0074646301604273,-2.6615093,0.055001251017095,0.13650293953927334
5187,Cc1ccc(C)n1CC(=O)N1CC=C(c2c[nH]c3ccccc23)CC1,0,0.77574697329509,0.0018885398362587,2.2899194,0.0286705024406957,0.14831313440620814
5188,Cc1nc2ccc(F)cc2c(=O)n1CCN,0,0.815623359478722,0.815841314521929,-7.6286054,0.2238707158669039,0.5332329317342497
5189,CCN(CC(=O)Nc1cc(Cl)ccc1Oc1ccccc1)S(=O)(=O)c1ccc(C)cc1,0,0.509746711902515,0.0165874201522842,4.4268584,0.0283427744672066,0.38028187248437995
5190,Cc1cc(S(=O)(=O)NC2CCCCC2)ccc1OCC(=O)Nc1ccccc1Cl,0,0.678061631997894,0.0086467655160321,-10.495244,0.026735666682863,0.3535899138965357
5191,Cc1cc(S(=O)(=O)NC2CCCCC2)ccc1OCC(=O)NCc1ccncc1,0,0.688266330414656,0.0169776561779211,-10.931561,0.0169218249197859,0.25601214430243635
5192,Cc1cc(S(=O)(=O)NC2CCCCC2)ccc1OCC(=O)Nc1cccc(F)c1,0,0.714296024901165,0.0047960832915303,-13.506394,0.0357582097522583,0.22367995222811268
5193,Cc1cc(S(=O)(=O)NC2CCCCC2)ccc1OCC(=O)Nc1ccccc1Oc1ccccc1,0,0.414528223164925,0.0864063567839815,-3.3572187,0.0447760793952932,0.309135912072728
5194,COc1ccc(C(=O)NC2CCCCC2)cc1S(=O)(=O)N1CCCCC1,0,0.852114259729428,0.001498163339873,-5.631142,0.0389359825207966,0.5772760790670336
5195,CCNC(=O)c1sc(-c2cccnc2)nc1C,0,0.904783980100768,0.0051414960834519,-7.401306,0.0299152088014139,0.14161068166432336
5196,O=C(c1sc2cc(Cl)ccc2c1Cl)N1CCCC1,0,0.761944150357368,0.196925972133789,2.341035,0.0526185868502769,0.1310542510521633
5197,O=C(NC1CCCCC1)c1sc2cc(Cl)ccc2c1Cl,0,0.799209400406695,0.093547778185889,7.4192853,0.0379970252870546,0.2666546873370539
5198,COc1ccc2c(Cl)c(C(=O)Nc3ccccc3)sc2c1,0,0.75207946322768,0.106868001206138,6.3712735,0.0282978449505587,0.26157654625087395
5199,CC(c1nc2ccccc2n1CC(=O)N(c1ccccc1)C(C)C)N1CCCCC1,0,0.578883734338969,0.0494312937238981,-5.6772285,0.0658594788868516,0.1895611250223903
5200,Cc1cccc(-c2nc3ccccc3[nH]2)c1,0,0.650666260781288,0.173943923784537,0.29380608,0.0473188500859743,0.13264927823656605
5201,COCc1nc2cc(Cl)ccc2[nH]1,0,0.800984525317848,0.0805502191515843,-4.5010185,0.0427747196166894,0.18301639103143205
5202,CN1CC(c2nc3ccccc3o2)CC1=O,0,0.729468845256221,0.0345433778852402,0.077804446,0.1007286671295439,0.3024586894224908
5203,O=C1CC(c2nc3cc(Cl)ccc3o2)CN1c1ccccc1,0,0.718193173761753,0.326571857440183,-4.292422,0.0208856804017067,0.284278820023102
5204,Cc1ccc2oc(C3CC(=O)N(c4ccccc4)C3)nc2c1,0,0.723890325315314,0.0024451076874673,-6.6140594,0.0229905884925374,0.2033616273633208
5205,Cc1ccc2nc(C)[nH]c2c1,0,0.605927945947549,0.237532421877872,2.903664,0.010936329513361,0.09894102118085842
5206,Cc1c(-c2cccs2)nc2ccccc2c1C(=O)O,0,0.765440648529165,0.0664433287185052,9.049794,0.8033463278486094,0.22264681992255292
5207,Cc1onc(-c2ccccc2)c1C(=O)NCc1cccs1,0,0.799726454841096,0.0040318788530675,0.83525884,0.0211896251032326,0.07181662507968867
5208,COC(=O)c1sc2cccc(Br)c2c1Cl,0,0.741368122703026,0.19233751820634,0.6681551,0.0728815434764058,0.21409121303847475
5209,COC(=O)c1sc2cccc(F)c2c1Cl,0,0.718201615002507,0.072468342658022,-3.029323,0.033577399369776,0.26808367600796734
5210,COc1ccccc1-c1cc(C(N)=O)c2cc(Cl)ccc2n1,0,0.802271573724995,0.0138872407278225,-3.0745578,0.1278535896931093,0.44014496959477256
5211,O=C(NC1CCCCCCC1)c1cccc(C(=O)NC2CCCCCCC2)c1,0,0.732807441736106,0.904070747210612,11.110519,0.0453018704500286,0.6014655535192547
5212,Cc1onc(-c2ccccc2)c1C(=O)NCC(C)C,0,0.916648569468652,0.0133880243633427,-11.206149,0.0476855287456302,0.16874095140456508
5213,Cc1onc(-c2ccccc2)c1C(=O)NC(C)C(C)(C)C,0,0.932965139822731,0.0042439731080328,-5.8349257,0.0515305954203539,0.25076100061495643
5214,Cc1cc(C)cc(NC(=O)c2c(-c3ccccc3)noc2C)c1,0,0.773744519662071,0.0426762636569274,4.471908,0.0144713632581783,0.09741573464997791
5215,Cc1ccc(C(C)NC(=O)c2c(-c3ccccc3)noc2C)cc1,0,0.772443979080506,0.0117173395129302,-1.5178131,0.0275508064039181,0.12839296173002196
5216,Cc1ccc(C(C)NC(=O)c2c(-c3ccccc3)noc2C)c(C)c1,0,0.748335002218351,0.0027889284156754,-6.2433205,0.0160319862672492,0.11213222903923689
5217,CCNC(=O)c1c(-c2c(F)cccc2Cl)noc1C,0,0.940441612879772,0.0069927135691759,-2.1860678,0.0424943164316465,0.27992684096582565
5218,COc1ccc(C)cc1NC(=O)c1c(-c2ccccc2)noc1C,0,0.780876364398812,0.0050456902808644,1.1198734,0.0118281842972739,0.11061436964586027
5219,Cc1onc(-c2c(F)cccc2Cl)c1C(=O)NC1CCN(C)CC1,0,0.921671924841372,0.057521696511263,-11.273391,0.1733441990793034,0.3751713599488464
5220,Cc1onc(-c2c(F)cccc2Cl)c1C(=O)NC1CCN(C(C)C)CC1,0,0.870334898134091,0.0402581995503861,-10.680002,0.1617014155465447,0.3174417851729127
5221,CCOc1cccc2[nH]c(C(=O)OC)cc12,0,0.806001576326738,0.0231537549819941,0.60294116,0.0719635723441092,0.27144783301508013
5222,COC(=O)c1cc2ccc(OCc3ccccc3)cc2[nH]1,0,0.7441768803528,0.0096360873059292,-0.7353982,0.0408147410726679,0.18081735001190502
5223,CC(C)(C)C1CCc2c(sc(NC(=O)CCC(=O)O)c2C(=O)NC2CCCC2)C1,0,0.63649651421848,0.0451765315331767,1.7365881,0.083424146375495,0.23675974734368532
5224,CCc1cc(C(=O)Nc2cc(C)ccc2F)cs1,0,0.890276134225634,0.0027376252167932,-1.0543356,0.024866326412999,0.11227086377248549
5225,CCOC(=O)c1csc(C)c1-c1ccccc1,0,0.767668386981849,0.960697433131561,-6.952042,0.2965396237556888,0.5217638031148032
5226,CCCC(C)NC(=O)c1csc(CC)c1,0,0.818689067459813,0.0276031261734823,-9.102584,0.0294157001923338,0.14074540519833365
5227,CCc1cc(C(=O)NC(C)(C)CC)cs1,0,0.837167732927447,0.041631787980016,2.3881388,0.0339768381408812,0.2644975098509518
5228,CCN(C(=O)c1cc(-c2cc(OC)ccc2OC)nc2ccccc12)c1ccccc1,0,0.414476011537395,0.0635797992853175,-4.2040763,0.0144683224318484,0.1659218127848411
5229,O=C(Nc1cccc2c1CCCC2)NC12CC3CC(CC(C3)C1)C2,0,0.816239800949939,0.0847522947637676,6.348252,0.0581706510542874,0.2710862083023412
5230,CCOc1ccccc1-c1cc(C(=O)NC2C3CC4CC(C3)CC2C4)c2ccccc2n1,0,0.556295462710076,0.0500520466238259,5.3499928,0.018203570809728,0.17295712204767105
5231,CC(C)(C)C1CCc2sc(C(=O)NC3C4CC5CC(C4)CC3C5)cc2C1,0,0.735291129423416,0.0421827352511249,1.9134029,0.1972175592931257,0.35630052181781613
5232,O=C(CC1CCCC1)NCc1cccc(CNC(=O)CC2CCCC2)c1,0,0.737235126627193,0.357167306845453,10.904113,0.0243895698999454,0.20208697879686519
5233,CCOC(=O)COc1ccc(C)cc1OC,0,0.716923036934331,0.844747384617514,11.932065,0.0953359175528763,0.43225697220017717
5234,CCn1cc(NC(=O)C2C3CCC(C3)C2C(=O)O)c(C(=O)NC2CCCCC2)n1,0,0.676929170678001,0.0146051742489511,8.157321,0.1480319927833759,0.3088606113364681
5235,CCn1cc(NC(=O)C2C3CCC(O3)C2C(=O)O)c(C(=O)NC2CCCCC2)n1,0,0.664245282631145,0.0099406390011382,-1.9209707,0.2171751759185589,0.30463678250293125
5236,CCn1cc(NC(=O)C2C3CCC(CC3)C2C(=O)O)c(C(=O)NC2CCCCC2)n1,0,0.659591788263436,0.0173911922295525,16.850918,0.1221063692206007,0.3459720607733677
5237,CCn1cc(NC(=O)C2C3CCC(O3)C2C(=O)O)c(C(=O)NC2CCCC2)n1,0,0.674631128625662,0.0050536288551508,-1.5216635,0.1445279006549555,0.23106982478372623
5238,CCn1cc(NC(=O)C2C3CCC(CC3)C2C(=O)O)c(C(=O)NC2CCCC2)n1,0,0.676929170678001,0.0060347486148474,17.336266,0.1580049304876127,0.21739541151930397
5239,CCn1cc(NC(=O)C2C3CCC(C3)C2C(=O)O)c(C(=O)NC2CCCC2)n1,0,0.691727861365552,0.0047296808013453,8.598744,0.1193627899976282,0.25337972974715306
5240,O=C(Nc1ccc(Br)cn1)c1cccnc1,0,0.917751615399133,0.966386711235248,-7.2618976,0.059933958815321,0.23017621006781436
5241,Cc1cc(C)cc(NC(=O)C2CC3CCC2C3)c1,0,0.843160882299146,0.485429186881278,2.2842526,0.2989638245445367,0.11898788515455302
5242,Cc1cccc(NC(=O)C2CC3CCC2C3)c1C,0,0.843160882299146,0.0772935961357655,-3.476659,0.2011383612895401,0.13060730833304796
5243,O=C(Nc1ccc(F)c(Cl)c1)C1CC2CCC1C2,0,0.866288584350192,0.0117287107721762,-14.73783,0.0469774731661916,0.0893990271374798
5244,O=C(Nc1cccc(C(F)(F)F)c1)C1CC2CCC1C2,0,0.87022802514442,0.0037688370788924,-17.354856,0.1119664646881689,0.102928741901174
5245,O=C(Nc1ccc(Br)cc1)c1cc(-c2ccccc2Cl)nc2ccccc12,0,0.393672353082585,0.204349114165071,3.3559823,0.0207852824476495,0.21151189298885104
5246,CC(C)NC(=O)c1ccc(Br)o1,0,0.848501226384296,0.629188461662809,11.020572,0.019919417345124,0.17872672566847397
5247,Cc1cc(Cl)ccc1OC(C)C(=O)Nc1nc2ccc(Cl)cc2s1,0,0.665753502656198,0.0678683030304523,-0.13624156,0.0234962074270164,0.13484935193531294
5248,CCC(C)(C)C1CCc2c(sc(NC(=O)CCC3CCCCC3)c2C(N)=O)C1,0,0.612787878005602,0.130276272869888,-1.8355113,0.0711482818730222,0.48262173402332803
5249,Cc1onc(-c2ccccc2)c1C(=O)NCCC(c1ccccc1)c1ccccc1,0,0.442186703592232,0.404944209272314,9.569461,0.1122809109180357,0.12890082378720508
5250,Cc1ccc(-c2csc(NC(=O)c3c(-c4c(Cl)cccc4Cl)noc3C)n2)cc1,0,0.383155044527338,0.29585478627676,5.767535,0.0482237397004719,0.08059233981882039
5251,Cc1ccc(C(=O)NC2CC2)o1,0,0.72077974448535,0.121680744704125,12.965933,0.0253018448004924,0.1087684350500336
5252,Cc1onc(-c2ccccc2Cl)c1C(=O)NC1CC1,0,0.93653204705186,0.0187641918736994,-14.063205,0.0694264275628068,0.09729196668528985
5253,CCN(CC)C(=O)c1ccccc1OC,0,0.756960107199403,0.99711075640281,0.2644279,0.1381042454456989,0.230679769515005
5254,COc1ccc(C)cc1NC(=O)C(C)Oc1ccc(Cl)cc1Cl,0,0.845485607652705,0.0438734617809545,8.291483,0.0837532296272921,0.2782192550415193
5255,O=C(NC1CC1)c1ccc(Br)o1,0,0.84286075038337,0.131838333068399,9.565476,0.033677892318568,0.16927459567782538
5256,Cc1onc(-c2ccccc2)c1C(=O)N1CCC(C)CC1,0,0.847289016876573,0.0155368588973777,-4.33297,0.0384572140654938,0.21298595364259548
5257,O=C(Nc1cccc(Br)c1)C1CC1,0,0.845536400030107,0.133369083141495,-14.805238,0.0407226995585294,0.1037794217127211
5258,COc1ccc(C)cc1NC(=O)C(C)Oc1ccc(Cl)cc1C,0,0.883337725786024,0.0057910931467384,2.3558655,0.0484877990522625,0.2596179763768308
5259,Cc1onc(-c2ccccc2)c1C(=O)NC12CC3CC(CC(C3)C1)C2,0,0.906450228917161,0.0156796192574137,3.9482508,0.0131344419354265,0.14245834046572453
5260,O=C(c1ccc(Br)cc1)N1CCc2ccccc2C1,0,0.786330022981762,0.585831345646742,-2.586876,0.0831585314625188,0.4504113129852033
5261,CCC(C(=O)N1CCOCC1)N(c1ccccc1F)S(C)(=O)=O,0,0.805722473745624,0.0088008425915333,-6.783853,0.316790532026576,0.4732526730230102
5262,CN(Cc1nc(-c2ccc(Cl)cc2)no1)S(C)(=O)=O,0,0.860113089632836,0.0730015612136711,-10.95651,0.1825511005682845,0.3337234334506419
5263,CCOc1ccc(C(=O)NC)cc1Cl,0,0.835300602329085,0.195633367203826,-6.326782,0.0335951286004785,0.3003655879378362
5264,O=C(c1ccccc1Cl)N1CCC(c2ccn3ncc(C(=O)N4CCCCC4)c3c2)CC1,0,0.583980802743839,0.0421119936177049,-0.3729596,0.0804191742348274,0.13952484111235577
5265,CC(C)Cc1ccc(S(=O)(=O)N2CCC(c3ccn4ncc(C(=O)N5CCCC5)c4c3)CC2)cc1,0,0.511027239915413,0.0082194640424714,-10.311517,0.0245647306379809,0.0782648875743442
5266,Cc1c(C(N)=O)cc(-c2ccc(F)cc2)n1C,0,0.847654543720667,0.92735401847839,-0.87875724,0.6649490690280451,0.6523879817161384
5267,COc1ccc(-c2ccc(C(N)=O)o2)cc1,0,0.855173355625102,0.0847000232954479,11.6418295,0.2886136110932969,0.4521443823785094
5268,Cc1onc(-c2ccccc2F)c1C(=O)N1CCCC1,0,0.845277325746659,0.0161843309037455,-12.939122,0.052871346036861,0.12750326011619045
5269,CNC(=O)c1cccc(-c2noc(C)n2)c1,0,0.825220188566264,0.0317845400091996,-14.5783415,0.0448116862818315,0.24335157454408546
5270,CCNC(=O)c1c(-c2cccnc2)noc1C,0,0.87403091818713,0.0141850625288192,0.38784063,0.0317218093786728,0.145094040603831
5271,CCNC(=O)c1cccnc1N(C)C,0,0.775292173599492,0.148897943567539,-3.6797233,0.0626899081252267,0.15736568180559599
5272,CC(C)NC(=O)c1ccc(-n2cccc2)nc1,0,0.874744214827882,0.165844476433362,-5.9825625,0.092545110359852,0.15120973643772168
5273,CNC(=O)c1cc(C)nc2ccc(Cl)cc12,0,0.824119430974235,0.0423827866722752,-10.52188,0.0992803383477257,0.3032360430990404
5274,CCCN(C)C(=O)c1cc(C)nc2c(C)cccc12,0,0.843555123350248,0.0065793363719792,-0.27591944,0.1253566787457518,0.43067100932010405
5275,CCNC(=O)c1cc(C)nc2ccc(F)cc12,0,0.863614703212571,0.0052210226257655,-3.891271,0.0744595925745869,0.5641419045295847
5276,Cc1cc(C(=O)NC(C)C)c2cc(F)ccc2n1,0,0.884902109304901,0.015595511098396,-2.1116252,0.1167592211650207,0.5114059859973192
5277,Cc1cc(C(=O)NCC(C)C)c2cc(F)ccc2n1,0,0.921135115723588,0.0023761148836747,-11.573749,0.0654044128598355,0.3995544859749527
5278,Cc1cc(C(=O)NC2CC2)c2cc(F)ccc2n1,0,0.881773280355554,0.0119184151212108,-9.835289,0.4124245934622763,0.3331870956236139
5279,Cc1cc(C(N)=O)c2cc(F)ccc2n1,0,0.769287884505958,0.205208390661557,-3.2177625,0.0866014383354275,0.3465248516098623
5280,Cc1oc(-c2cccc(Cl)c2)nc1CN(C)C,0,0.836551570401475,0.0171620073956971,-1.2324055,0.0712884375524031,0.49095630853251687
5281,COC1CCN(C(=O)c2ccc(F)cc2)CC1,0,0.787767315270892,0.566196125482545,-7.724151,0.0866497716281459,0.39414187060401884
5282,CN(Cc1cccs1)C(=O)c1cc(F)ccc1F,0,0.835233814498509,0.0092286500696876,-1.0218568,0.0715050541074759,0.10933139991494176
5283,CN(Cc1cccs1)C(=O)c1ccc(F)c(Cl)c1,0,0.838631999834195,0.0025353549748096,4.12046,0.03768993536521,0.1292209743300159
5284,Cc1nc(-c2ccccc2F)sc1C(=O)N(C)C,0,0.835171804452273,0.0546705480171488,5.426169,0.0395879396800984,0.521480515738536
5285,Cc1nc(-c2ccccc2F)sc1C(=O)NC(C)C,0,0.934659144855951,0.0034037861669625,-4.445881,0.0296596527788257,0.2572509381926381
5286,CCNC(=O)C1(c2cccc(Cl)c2)CC1,0,0.838445256503443,0.0477291464921433,1.7589215,0.0720629522111341,0.10385246362515546
5287,CC(C)NC(=O)C1(c2cccc(Cl)c2)CC1,0,0.8607278542968,0.0282063775856414,-5.093276,0.0697420638064576,0.11814714382627604
5288,CCNC(=O)C1(c2cccc(C(F)(F)F)c2)CC1,0,0.885933836305834,0.0108112213134286,-4.926642,0.0784387429611841,0.12753729648532303
5289,CCc1cc(C(=O)NC2CC2)on1,0,0.758136844811748,0.0442330902381986,8.641861,0.0178977398383074,0.10784557969953275
5290,CCc1cc(C(=O)NC2CCCC2)on1,0,0.825068497244755,0.0341032613586387,14.3667555,0.0153033051828415,0.07143673695291013
5291,Cc1cc(C(=O)NC2CCCCCC2)on1,0,0.781781796060676,0.0933924822016895,12.671765,0.0423322848085007,0.12937049730249883
5292,Cc1cc(CN(C)C(=O)c2cccc(F)c2)no1,0,0.837450763579024,0.0539354345832219,-8.3826065,0.042232749699011,0.16619615783337144
5293,Cc1nnsc1CN(C)C(=O)c1ccccc1F,0,0.854809418690186,0.0023876181870865,-5.7435246,0.035888791358644,0.18754027384542074
5294,Cc1cc(CN(C)C(=O)c2ccccc2F)no1,0,0.837450763579024,0.0459493753925141,-7.821173,0.0513359203941175,0.22920590427247448
5295,Cc1cc(CN(C)C(=O)c2cccc(Cl)c2)on1,0,0.85630633901038,0.0029879785371459,7.3398166,0.0431926015344471,0.1963631241709567
5296,Cc1cc(CN(C)C(=O)c2ccccc2Cl)on1,0,0.85630633901038,0.0103128957071534,7.36955,0.0623307022580386,0.24313049990496705
5297,Cc1cc(CN(C)C(=O)c2ccccc2Cl)no1,0,0.85630633901038,0.0297347630329589,-2.2864037,0.0548009617868234,0.19732909280115804
5298,CCCNC(=O)c1cc(C)n(C)n1,0,0.75168201799563,0.0280418630462434,-2.834378,0.0298491024783035,0.20896705675629307
5299,CCC(C)NC(=O)c1ccnn1C,0,0.754236367910649,0.0444686601679991,1.1481017,0.042171962458062,0.16618500377652504
5300,CCC(C)NC(=O)c1cc(C)n(C)n1,0,0.788824193625226,0.0181761880370006,-2.9153168,0.049300530814829,0.2016920729907225
5301,Cn1nccc1C(=O)NC1CCCCC1,0,0.798149496796555,0.423010361363238,10.9577265,0.0349640755248103,0.13321336338885753
5302,Cc1cccc(-c2ocnc2C(=O)NC2CC2)c1,0,0.899415349062926,0.0022204718882645,-7.4413757,0.0764463183983134,0.09814026509251744
5303,CSc1ncccc1-c1nnc(C)o1,0,0.706174251509134,0.0484928189148601,3.416955,0.0238580986316144,0.17539087849423418
5304,Cc1nnc(-c2cccc(C(F)(F)F)c2)o1,0,0.752423166516363,0.0488723882619322,-11.51098,0.080527952159655,0.2212776413739707
5305,Cc1nnc(-c2ccccc2C)o1,0,0.665704497211028,0.237373193358799,0.7394146,0.015304375945325,0.15310756161915678
5306,COCc1nnc(-c2ccccc2F)o1,0,0.773757787518681,0.0794623262721913,-13.075715,0.0329270444434257,0.285545968787748
5307,CCc1nnc(-c2ccc3c(c2)OCO3)o1,0,0.771394983264097,0.519121462175678,-8.067766,0.0376517814909995,0.2470151568638194
5308,CCC1CCC(NC(=O)c2cccnc2)CC1,0,0.870328115709325,0.948003157040899,-1.7612463,0.0368612664088919,0.17593096622363605
5309,Cc1scc(C(=O)NC2CCN(C(C)C)CC2)c1C,0,0.922963503302175,0.024024829307339,-12.182641,0.1207888483703952,0.446085366377142
5310,CC(C)c1cc(C(=O)NC2CCN(C(C)C)CC2)cs1,0,0.921889225969201,0.0214602872495773,-3.094971,0.0902064843929913,0.215860813728134
5311,CC(C)N1CCC(NC(=O)c2cccnc2)CC1,0,0.883675617804542,0.904542600044853,-9.219682,0.0529855586916759,0.25763908782086065
5312,CC(C)N1CCC(NC(=O)c2ccccc2)CC1,0,0.887193100705473,0.829585750811302,-11.420565,0.6128164849589893,0.3559558358888676
5313,Cc1cccc(C(=O)NC2CCN(C(C)C)CC2)c1,0,0.905735337415674,0.241210139988338,-12.492438,0.6138059131803862,0.5585429307667408
5314,NC(=O)c1sc2cccc(F)c2c1Cl,0,0.802956374036062,0.526601543779791,2.6255417,0.0515483473829982,0.2350576321284669
5315,CCc1cc(C(=O)N2CCCC2)cs1,0,0.732710298674782,0.111976109941773,3.791883,0.0414856661465667,0.11659307062623814
5316,Cc1cc(C(=O)N2CCC(C)CC2)cs1,0,0.716555857420861,0.05053119314917,13.7543,0.0298751956809924,0.15530956315374705
5317,O=C(c1sc2cccc(F)c2c1Cl)N1CCCCC1,0,0.767439442364523,0.0274518592698304,-5.3817334,0.0362144447235264,0.29206570316649516
5318,CCCN1CCN(C(=O)c2ccccc2OC)CC1,0,0.830103551516818,0.0380232141434735,-3.6963267,0.5756053680182222,0.4222158514507707
5319,CC(C)c1cc(C(=O)NC2CCN(C)CC2)cs1,0,0.912044506247374,0.0269868534461976,0.9157556,0.0776493191654584,0.27751969047033825
5320,Cc1cccc(C(=O)NC2CCN(C)CC2)c1,0,0.8432666613592,0.57702357952992,-8.279565,0.4285364005560478,0.3069240051549992
5321,Cc1cc(C(=O)N2CCCCC2)cs1,0,0.696067910038762,0.0306652561333434,14.14881,0.0577207630413328,0.17320133951550112
5322,CCc1cc(C(=O)NC2CCN(Cc3ccccc3)CC2)cs1,0,0.907393063956375,0.0199680141761976,-12.919892,0.1976749706134561,0.32958977548637136
5323,Cc1cc(C(=O)N2CCN(C)CC2)cs1,0,0.720500377298331,0.0661483495209233,11.12071,0.110610399413556,0.17851914002980115
5324,CC(C)c1cc(C(=O)N2CCN(C)CC2)cs1,0,0.805829560291636,0.126016028773998,3.9957724,0.0845265517415173,0.193503893599033
5325,CCN1CCC(NC(=O)c2ccccc2)CC1,0,0.862977516603343,0.450862839063039,-9.630327,0.7621518537152022,0.393627622286565
5326,CCN1CCC(NC(=O)c2csc(C(C)C)c2)CC1,0,0.9189687995458,0.0042452722134466,-2.718155,0.1008468423440691,0.2878690684985529
5327,CCN1CCC(NC(=O)c2csc(C)c2)CC1,0,0.89477683194192,0.0016645099776987,2.7470927,0.1003407709294783,0.22836339254932175
5328,CCc1noc(C)c1C(=O)NCC1CCCCC1,0,0.893582238822609,0.0032462385224293,2.8960185,0.03386935262319,0.13572772914857473
5329,CCc1noc(C)c1C(=O)NC(C)(C)CC,0,0.85432455113313,0.0130334188270166,5.6363783,0.0194373998415312,0.19269013578393818
5330,CCc1noc(C)c1C(=O)NC(C)(C)C,0,0.812606397957597,0.208474016493399,-4.5451846,0.0211364836453036,0.1804355559611049
5331,CCNC(=O)c1c(CC)noc1C,0,0.766011579255396,0.0404050879209983,2.0741,0.0265107510725896,0.14606093912480564
5332,CCc1noc(C)c1C(=O)NC(CC)CC,0,0.835467186043374,0.294318323193835,-1.8416703,0.0214275717291025,0.1716053300008278
5333,CCC(CC)NC(=O)c1cc(C)on1,0,0.79974878864339,0.0632662786301062,14.00665,0.029426012130671,0.1594820326612991
5334,O=C(Nc1ccc(F)c(F)c1)C1CC1,0,0.773973383403677,0.0928318997783976,-12.186819,0.2422043413164764,0.2854765890377935
5335,Cc1ccc(NC(=O)C2CC2)cc1,0,0.734019929813666,0.997452656108193,-2.5683167,0.0263649106961738,0.1722137657341944
5336,Cc1cc(C(=O)NCCN(C)C)cs1,0,0.816774641399079,0.8303617265975,9.269888,0.0792851170697396,0.2570391019642629
5337,O=C(Nc1cccc(F)c1)C1CC1,0,0.740217502271227,0.107184192082924,-14.402446,0.0981278534206458,0.10729958288360279
5338,CCc1cc(C(=O)Nc2ccc(Cl)cn2)cs1,0,0.92208073100538,0.0235100079447219,-3.1514254,0.0181476148202211,0.09197361786725286
5339,Cc1cc(C(=O)Nc2ccc(Cl)cn2)cs1,0,0.890594162938105,0.687235398051917,2.4698453,0.0285804226147284,0.10507536155406472
5340,CCc1cc(C(=O)Nc2ccc(Br)cn2)cs1,0,0.938444681329391,0.0144024683152707,-8.14755,0.0161139749744916,0.09472717348959692
5341,Cc1cc(C(=O)Nc2ccc(Br)cn2)cs1,0,0.921944483136396,0.0914146110615514,-4.325131,0.0223190697113105,0.11362686289052534
5342,Cc1noc(C)c1C(=O)NCC1CCCCC1,0,0.877235246821933,0.0046194863314068,7.0289216,0.0357632972506415,0.1345547943503567
5343,COc1ccc(CNC(C)=O)cc1OC,0,0.813613556877939,0.986615194994356,4.2508383,0.0789729698840036,0.4558843645125544
5344,CCc1noc(C)c1C(=O)NC(C)C,0,0.79983163812437,0.0260039892877763,2.1576977,0.0276091700426369,0.15316746421364943
5345,CCc1cc(C(=O)N2CCOCC2)cs1,0,0.767590991191522,0.040800260337334,-3.4883308,0.0667734042072489,0.14290183959710753
5346,CC(C)c1cc(C(=O)N2CCOCC2)cs1,0,0.792527023761889,0.229577933738301,-6.5100718,0.0340853880013761,0.14401754053636082
5347,CCCC(C)NC(=O)c1c(C)noc1C,0,0.828506297519672,0.0457310589310463,-3.717135,0.0239534391284623,0.11808786857498713
5348,Cc1noc(C)c1C(=O)NCC(C)C,0,0.799730647159376,0.0593316163532063,-2.2748864,0.0285964665487938,0.134536277782863
5349,CC(C)(C)C1CCC(NC(=O)c2cccnc2)CC1,0,0.884989432905138,0.974496003342614,-1.3953769,0.0763237608543407,0.19059894741331032
5350,CCC1CCC(NC(=O)c2c(-c3ccccc3)noc2C)CC1,0,0.912887646224477,0.0082091035509986,-8.6024475,0.0181797489489896,0.13147823471990044
5351,CCCNC(=O)c1c(C)noc1C,0,0.768919577829735,0.0369780518108473,9.833886,0.0244486422571102,0.12757109142123232
5352,CCc1c(C(=O)NC(C)C)csc1C,0,0.818058684849205,0.0349373016749876,5.799221,0.0227071893321328,0.25800994511854203
5353,Cc1onc(-c2ccccc2Cl)c1C(=O)NC1CCC(C)CC1,0,0.892370467847706,0.0038399721795006,-16.508514,0.0164579374774414,0.12681789643739227
5354,Cc1noc(C)c1C(=O)NC1CCCC1,0,0.80791000124862,0.0624274244888882,4.353764,0.0186272046100656,0.06814249773914013
5355,Cc1onc(-c2c(F)cccc2Cl)c1C(=O)NC1CC1,0,0.944401273783919,0.0289726662466439,-10.878751,0.0315729407505843,0.1435628141291543
5356,Cc1noc(C)c1C(=O)NC1CC1,0,0.743160916719842,0.074566766535262,-3.9002,0.0225284857792912,0.11372090545579931
5357,CCc1noc(C)c1C(=O)Nc1ccc(C)c(C)c1,0,0.917378228302579,0.0042634736988078,-5.7023664,0.0462235541043026,0.17408321716082525
5358,O=C(Cc1c(Cl)cccc1Cl)N1CCOCC1,0,0.828368040387871,0.228270177653776,-16.042177,0.4562102945653591,0.4791430669967496
5359,O=C(Nc1ccc(F)c(Cl)c1)C1CCC1,0,0.825989615248552,0.178285662900949,-9.053849,0.0908926427784102,0.17127481153321378
5360,CCc1cc(Br)ccc1NC(=O)Cc1cccs1,0,0.894693503393075,0.0018689253776995,4.421029,0.0407141242461105,0.1253991413205563
5361,Cc1cc(NC(=O)C2CCC2)ccc1Br,0,0.873447736767418,0.228012602358164,4.69249,0.0370562209637638,0.14600165076868196
5362,CCc1noc(C)c1C(=O)Nc1ccc(Br)c(Cl)c1,0,0.907800406042553,0.0043264695589105,-5.4776134,0.0305589990399059,0.15896358473528793
5363,O=C(NCC1CCN(C(=O)c2cccnc2)CC1)c1cccnc1,0,0.929693151556924,0.920159050697057,-16.013124,0.0290907971627614,0.16573680140716046
5364,CCCCN1CCN(C(=O)Nc2ccc(C)cc2Cl)CC1,0,0.922152869537494,0.0030836797345048,-11.231151,0.3785507802709218,0.5644207558694749
5365,Cn1ncc(Cl)c1C(=O)Nc1ccccn1,0,0.86383375537322,0.061052031410729,-5.2689953,0.0524888836109031,0.23842944627289256
5366,COc1ccccc1CCNS(C)(=O)=O,0,0.811718410649482,0.127664962759073,-1.1909637,0.2216980267415834,0.199410794272168
5367,Cc1ccccc1CC(=O)N1CCOCC1,0,0.752092109262344,0.0949063717185515,0.1821549,0.1529009842779271,0.21947348007691092
5368,CCC(=O)NC1CCCCC1C(C)(C)C,0,0.746778403921042,0.394164834822675,13.000147,0.057125706158409,0.32452518112998446
5369,COC(=O)c1ccc(C)c(NC(=O)C2C3CCC(C3)C2C(=O)O)c1,0,0.82688336728969,0.132431771979631,8.807599,0.8272290646928605,0.5105894052854106
5370,COc1cccc(N2CCN(CC(=O)NC3CCCC3)CC2)c1,0,0.900471767893076,0.0008435102006809,-6.1903696,0.0316414992132866,0.08747675348528762
5371,O=C(O)C1C2CCC(C2)C1C(=O)Nc1cccc(C(F)(F)F)c1,0,0.894132263661455,0.0057593634275159,1.6221968,0.2080787787769506,0.32315803663052667
5372,Cc1cc(F)ccc1NC(=O)C1C2CCC(C2)C1C(=O)O,0,0.899591409730688,0.0048407573558318,2.389997,0.4136174544999203,0.25303902727016647
5373,Cc1onc(-c2ccccc2Cl)c1C(=O)NC(C)C1CCCO1,0,0.92742599583141,0.0007472553786272,-17.439617,0.030252805921647,0.0706790896656367
5374,CCCNC(=O)c1c(C)cc(C)cc1C,0,0.807352339107148,0.851640185349496,15.872317,0.0579856383554837,0.6173924149529948
5375,COc1cccc(CSc2ccccn2)c1,0,0.753019766167864,0.0218589404353681,-7.074576,0.0847592008509455,0.1683273170769862
5376,COc1cccc(CSc2nc3ccccc3o2)c1,0,0.668321265745234,0.0221339584308235,1.9049555,0.0128958272156508,0.2492529959138603
5377,CCc1cccc(NC(=O)Cc2ccccc2OC)c1,0,0.902626313837837,0.0312100045983436,10.962316,0.0757208111886994,0.28199911530264243
5378,Cc1noc(C)c1C(=O)N1CCCCCCC1,0,0.752784780452434,0.0377867469966532,0.5712036,0.0425393860706089,0.17476351898404352
5379,CC(C)(C)C1CCCCC1NC(=O)Cc1cccs1,0,0.889579556014033,0.0035425886950143,8.440649,0.0830349749794584,0.1427870983466451
5380,COc1cccc(NC(=O)CN2CCN(c3ccccc3)CC2)c1,0,0.917098928875139,0.0017061238223046,1.3402513,0.0348379690811079,0.21406006204852193
5381,O=C(NC1CCCCC1)NC1C2CC3CC(C2)CC1C3,0,0.796700759108259,0.899340501934922,16.617147,0.0753899967737872,0.2886660532469906
5382,Cc1nnc(SCc2ccccc2Cl)n1C,0,0.788030392311305,0.0342791058664392,-21.262081,0.1017255709028143,0.3822899728718583
5383,Cc1scc(C(=O)N2CCCCCCC2)c1C,0,0.743716929700416,0.394759736366439,-1.2625188,0.1751119345380557,0.42757140923494796
5384,COc1cccc(CSc2nnc(C)s2)c1,0,0.782994903087582,0.0120886793974078,-8.586924,0.0523164350604074,0.15137885621641672
5385,Clc1ccccc1-c1nc(CSc2ncccn2)cs1,0,0.522281755078532,0.380953935453487,-6.317982,0.013863828496783,0.20300562474198952
5386,CCn1c(COc2ccc(F)cc2)nnc1SCC(N)=O,0,0.785306612519707,0.0008938460166582,-10.989365,0.1678973136943165,0.3622985126159194
5387,CCn1c(COc2ccc(Cl)cc2)nnc1SCC(N)=O,0,0.787799201416097,0.0029080011664491,-11.038673,0.2106420002273355,0.36948422308270934
5388,CCN(Cc1ccncc1)S(C)(=O)=O,0,0.746722799154906,0.696335623715047,-5.645721,0.055136407481543,0.21089288973404755
5389,O=C(CN1CCCCC1)NC1CC1,0,0.698297637496683,0.786336307738252,9.918235,0.0214912466380314,0.16802363591680522
5390,CCc1c(-c2nnc(-c3cccc(F)c3)o2)csc1C,0,0.713189194168481,0.0200229696648802,-13.564847,0.0155431034501438,0.12071764649845422
5391,Cc1cc(-c2nnc(-c3cccc(F)c3)o2)cs1,0,0.700796806593217,0.0212328335493859,-10.945565,0.0234727915771889,0.10156063942960299
5392,Nc1nnc(SCc2csc(-c3ccccc3Cl)n2)s1,0,0.72126329542624,0.0057226999260332,-8.994791,0.0230733018062844,0.08756241222435926
5393,O=C(NC1CCCC1)c1ccsc1NC(=O)C1C2CCC(CC2)C1C(=O)O,0,0.716991048594389,0.0020337707137741,15.276893,0.0530659816299462,0.25458611648072366
5394,Cc1sc(NC(=O)C2CCCCC2C(=O)O)c(C(=O)NC2CCCC2)c1C,0,0.708766512173178,0.0145707087721291,-14.9836645,0.0842226884297063,0.23423991392796326
5395,CCc1c(C)sc(NC(=O)C2C3CCC(CC3)C2C(=O)O)c1C(=O)NC1CCCC1,0,0.622042168323659,0.0105257898628187,15.842219,0.1282624668670684,0.25449953921190444
5396,O=C(O)C1C2CCC(CC2)C1C(=O)Nc1sccc1C(=O)N1CCCCC1,0,0.824346315821015,0.0014313615869074,17.681128,0.1689981633722214,0.4865555896598902
5397,Cc1sc(NC(=O)C2CCCCC2C(=O)O)c(C(=O)NC2CCCCC2)c1C,0,0.680812175397428,0.0237861229893951,-14.772561,0.0699662020488079,0.3594654134981946
5398,CCC1CCc2c(sc(NC(=O)C3C4CCC(CC4)C3C(=O)O)c2C(=O)NC2CC2)C1,0,0.61179245434933,0.0155014444972333,14.696462,0.079899551842031,0.20706444701105364
5399,O=C(NC1CCCC1)c1c(NC(=O)C2C3CCC(CC3)C2C(=O)O)sc2c1CCC2,0,0.658265253689542,0.0064957531639684,17.06557,0.0627092158857055,0.23335287036991903
5400,CCC1CCc2c(sc(NC(=O)CC(C)CC(=O)O)c2C(=O)NC2CCCCC2)C1,0,0.549336790217336,0.0195079734019327,1.3858465,0.0500553199995161,0.27041598508978326
5401,O=C(NC1CCCCC1)c1c(NC(=O)C2C3CCC(O3)C2C(=O)O)sc2c1CCC2,0,0.663122817622795,0.0048039561126758,-1.4063879,0.0651705876726327,0.22400804020969073
5402,O=C(NC1CCCC1)c1c(NC(=O)C2C3CCC(O3)C2C(=O)O)sc2c1CCC2,0,0.681990207480742,0.0060702230427827,-1.5698532,0.0657914008430891,0.20141016041433651
5403,O=C(O)C1C2CCC(CC2)C1C(=O)Nc1sc2c(c1C(=O)N1CCOCC1)CCCC2,0,0.740656639364125,0.0047926476804382,14.7567625,0.2166405692198281,0.36396760797992483
5404,O=C(O)C1C2CCC(CC2)C1C(=O)Nc1sc2c(c1C(=O)N1CCCCC1)CCCC2,0,0.723728444814208,0.0045671276789712,19.033394,0.1233359468930642,0.37289266121499737
5405,CC(CC(=O)O)CC(=O)Nc1sc2c(c1C(=O)NC1CCCC1)CCC(C(C)(C)C)C2,0,0.546212782497373,0.161755903362931,1.3455819,0.0697604644587571,0.20650123712414342
5406,CC12CC3CC(C)(C1)CC(C(=O)Nc1cccc(-c4nnn[nH]4)c1)(C3)C2,0,0.880785523816295,0.002100662275343,10.504252,0.0278967521506191,0.16561650503344422
5407,O=C(NC1CCCCC1)c1c(NC(=O)C2CCCCC2C(=O)O)sc2c1CCCC2,0,0.637420553879263,0.0548512895936623,-6.1740623,0.0605622582966578,0.2876096014557277
5408,CC(NC(=O)c1cccnc1)C(C)(C)C,0,0.8059838798893,0.997883768597973,-10.285698,0.0555609365355894,0.2801195597875473
5409,CCOC(=O)CNC(=O)c1csc(C)c1,0,0.789853565566356,0.0518247148291064,6.170181,0.0648767202989213,0.2192922743613106
5410,CCCCc1ccc(-c2csc(NC(=O)CC3(CC(=O)O)CCCC3)n2)cc1,0,0.581007425349892,0.0807687823498486,-4.3749585,0.03346578610856,0.13613245857797698
5411,CCc1c(-c2nnc(-c3ccc(Cl)cc3Cl)o2)csc1C,0,0.619480574608469,0.0750765037839303,-6.753221,0.021130060119798,0.1065226187677133
5412,CCCNC(=O)c1cc(OC)cc(OC)c1,0,0.828207863735211,0.985633122938302,4.6200585,0.1063465854200995,0.5522047550831367
5413,O=C(Cc1cccs1)Nc1ccc(Cl)cc1C(F)(F)F,0,0.879700496835081,0.0074260828124208,3.6707244,0.1201455209714204,0.13876779000406136
5414,Cc1cc(C(=O)NCc2ccccn2)cs1,0,0.882442794700328,0.0049382217241096,-7.6309037,0.0358959213878048,0.10448334759720494
5415,Cn1c(SCC(=O)NC2CCCCCC2)nnc1C1CCCC1,0,0.661132632425722,0.0011401409688272,12.6733885,0.0270003784995122,0.10697103225467297
5416,Cc1cc(C(=O)NC(C)C(C)(C)C)cs1,0,0.822355263335963,0.140333713837735,-4.9907923,0.045879954342658,0.29343269723431215
5417,Cc1occc1C(=O)NC1CCCC1,0,0.782378672927901,0.0947043758584229,14.279095,0.0349589903255543,0.07732722645595368
5418,COc1ccccc1-c1cc(C(=O)Nc2ccc(C(F)(F)F)cc2)c2ccccc2n1,0,0.427195959346099,0.134325383272881,1.6745034,0.0316001845787891,0.15182375850605886
5419,CC(=O)Nc1cccc(NC(=O)c2cc(-c3cc(C)sc3C)nc3ccc(Cl)cc23)c1,0,0.376030278753634,0.312834799458311,-5.433969,0.0330998986254938,0.1440056232384441
5420,O=C(Nc1ccc(S(=O)(=O)NC23CC4CC(CC(C4)C2)C3)cc1)C1CCCO1,0,0.789968770608086,0.0101803059331947,3.4277344,0.0499774682126755,0.36954194781730854
5421,O=C(Nc1ccccn1)c1ccc(Br)s1,0,0.919461977883119,0.477962540459006,9.518032,0.0773143262261519,0.16602341212567345
5422,O=C(Cc1ccccc1Cl)N1CCOCC1,0,0.786990453459661,0.503676566159172,-9.809495,0.4420048186196398,0.27291545367407805
5423,Cc1scc(C(=O)NCC2CCCCC2)c1C,0,0.872139221631527,0.059952209825188,4.2571654,0.040044656408921,0.3768438744878143
5424,Cc1scc(C(=O)N2CCCC2)c1C,0,0.695910522824938,0.239172711388797,-4.238905,0.0357232207776513,0.11225383481960374
5425,CSc1ccccc1NC(=O)c1c(-c2ccccc2)noc1C,0,0.711255194562104,0.0157735510351008,-1.1782827,0.0101319770145536,0.11745575448651743
5426,CCCNC(=O)c1cccc(OC)c1,0,0.791892647709398,0.143622355563357,-5.395742,0.016515730535886,0.3920707668080025
5427,CN1CCC(NC(=O)c2ccccc2)CC1,0,0.815779561691932,0.968100675276885,-0.86695325,0.5721053686646681,0.23072296289996413
5428,O=C(NCC1CCCCC1)c1ccncc1,0,0.84602949323158,0.997653580522893,7.0464597,0.0376247623214202,0.15858143629364257
5429,CSc1ccccc1NC(=O)c1oc2ccccc2c1C,0,0.711494493948542,0.175062737648428,3.717338,0.02112406154532,0.1537854739976212
5430,Cc1occc1C(=O)NC(C)C(C)(C)C,0,0.81337621775031,0.0998496292839253,8.339284,0.041257600476391,0.17560572401859453
5431,CCNC(=O)c1sc2cccc(Cl)c2c1Cl,0,0.881975370429074,0.0075693207277958,5.351114,0.0727907031112784,0.29091529273442795
5432,Cc1cc(F)ccc1NC(=O)Cc1cccs1,0,0.887348459568056,0.0041780477715995,7.6556106,0.0398436052437716,0.11484325721931818
5433,Cc1cc(C(=O)N2CCCCCC2)cs1,0,0.716211971830404,0.0405765853324131,14.653365,0.0484664505974941,0.12984344433913925
5434,CC(CNC(=O)CCC1CCCC1)NC(=O)CCC1CCCC1,0,0.681846549212698,0.791641859346263,6.160116,0.0304027925697776,0.16396576556555922
5435,O=C(c1cccnc1)N1CCCCC1,0,0.675036012688403,0.990493316879443,3.2485523,0.4107771563278101,0.19032263830719343
5436,CC1CCCCN1C(=O)c1cccnc1,0,0.701484953351185,0.814285844759755,0.6708516,0.1724726963276344,0.14264940503486173
5437,N#Cc1c(-c2ccc(-c3ccccc3)cc2)csc1N,0,0.74687273900756,0.699382909713558,1.9122342,0.0062006441049941,0.08476317753392494
5438,Cc1onc(-c2ccccc2)c1C(=O)N1C(C)CCCC1C,0,0.839842267150734,0.0105055422613152,-6.917106,0.0501674714274484,0.1446767915356065
5439,CC(C)(CNC(=O)C1C2CCC(C2)C1C(=O)O)CNC(=O)C1C2CCC(C2)C1C(=O)O,0,0.459923377346722,0.976145104429912,19.889004,0.7741991856837674,0.6602494008751985
5440,CCC(C)c1ccc(C(CC)NC(=O)NC23CC4CC(CC(C4)C2)C3)cc1,0,0.642783241645976,0.438056182571079,12.966287,0.0853188200564244,0.2893614572403984
5441,Cc1onc(-c2ccccc2)c1C(=O)Nc1ccn(Cc2ccc(F)cc2)n1,0,0.564030107533126,0.0015257458110234,-2.5689151,0.0176408518599376,0.08994713767480343
5442,CC(NC(=O)NC12CC3CC(CC(C3)C1)C2)C1CCCO1,0,0.840133007967772,0.0136215988000195,9.563799,0.0399129183779517,0.19306180205327322
5443,CC(=O)Nc1ccc(S(=O)(=O)NCCC(c2ccccc2)c2ccccc2)cc1,0,0.588035274838068,0.825933827263892,6.887585,0.0420045360671794,0.388713574423463
5444,COc1ccc(C(C)(C)C)cc1NC(=O)C(C)Oc1ccc(C)cc1,0,0.856772169374307,0.0097517490433475,3.5519795,0.0868848780526327,0.37665374975950605
5445,Cc1cc(C(=O)NC2CCCC2)c(C)o1,0,0.809434522866627,0.133188439086904,13.814148,0.0288784394631729,0.08155732168790417
5446,O=C(NC1CC1)c1ccc(Br)s1,0,0.852452952764608,0.526644905360128,10.9248495,0.036235082250865,0.13589958909133898
5447,Cc1ccc(C(=O)NC2CC2)s1,0,0.741978013319954,0.138815567685759,11.427428,0.0184240446453215,0.11037238091394237
5448,O=C(NC1CC1)c1cccs1,0,0.712448259212966,0.111917556585375,10.17552,0.0642044380762002,0.15496515916407555
5449,Cc1onc(-c2ccccc2)c1C(=O)Oc1cccnc1,0,0.688816937681516,0.0211909318411551,-3.0045035,0.042482064545167,0.14791469241756003
5450,CCOc1ccccc1C(=O)N(C(C)CC)C(C)CC,0,0.749852770747229,0.532831279177124,-1.888207,0.4848974733929509,0.5865743996110571
5451,Cc1onc(-c2c(Cl)cccc2Cl)c1C(=O)Nc1ccc(Nc2ccccc2)cc1,0,0.353799205763978,0.233137270985078,7.363541,0.0811201887712774,0.14034086377335245
5452,CC(C)CN(CC(C)C)C(=O)c1cccc(F)c1,0,0.782954454933038,0.995229097644097,-1.4940457,0.1310430980663029,0.3593717247487066
5453,O=C(NCc1cccs1)c1cccnc1,0,0.856546163786049,0.994481524285944,-1.3946257,0.0461965172171936,0.12160573866585238
5454,O=C(NC12CC3CC(CC(C3)C1)C2)N1CCC(Cc2ccccc2)CC1,0,0.845696210801081,0.0537551274258336,2.8156986,0.0579036236652407,0.2747378056450557
5455,CCOC(=O)c1csc2ccccc12,0,0.705700878176071,0.835315008076817,-1.380365,0.0191274776659629,0.4369350724202275
5456,CSc1ccccc1NC(=O)Cc1ccc(Br)cc1,0,0.84116897536493,0.210308315362259,5.480648,0.0663757038201317,0.4406158258787348
5457,CC1=NN(C(=O)c2ccc(Br)cc2)C(O)(C(F)F)C1,0,0.904607595378746,0.0544016394082801,-6.5364623,0.0881686580323575,0.39772326178517237
5458,CCOc1ccccc1C(=O)N1CCCCC1C,0,0.821068184210993,0.0049039620083944,1.3382753,0.5654243583951225,0.25785540828630016
5459,CC1=NN(C(=O)c2ccc(Cl)cc2)C(O)(C(F)F)C1,0,0.908957101858591,0.201237875101579,-13.067035,0.2671832341742559,0.3925362981814745
5460,Cc1c(-c2cccc(Cl)c2)nc2ccccc2c1C(=O)N1CCOCC1,0,0.677307275309949,0.0033352546074495,-2.6254983,0.0736921782335513,0.29713048219797117
5461,O=C(CCC1CCCC1)NCc1cccc(CNC(=O)CCC2CCCC2)c1,0,0.60511223245949,0.673265997323615,8.310008,0.0318965295621177,0.22246657649397666
5462,Cc1ccc(NC(=O)CCC2CCCCC2)c(NC(=O)CCC2CCCCC2)c1,0,0.518538207553257,0.82093065205192,7.424331,0.099471736867318,0.46808825360872863
5463,CC(C)(C)C1CCc2c(sc(NC(=O)CCC3CCCCC3)c2C#N)C1,0,0.697104262097062,0.0465867344551517,3.095788,0.0119225334023242,0.09845934765290694
5464,CC(CNC(=O)CCC1CCCCC1)NC(=O)CCC1CCCCC1,0,0.650130710540933,0.541819530779651,8.239995,0.0607691789990478,0.41761004603603435
5465,O=C(NC12CC3CC(CC(C3)C1)C2)c1ccccc1C(=O)NC12CC3CC(CC(C3)C1)C2,0,0.696713025111143,0.990730341930944,15.904071,0.0344593155987718,0.4456748357150141
5466,O=C(Nc1ccc(F)c(Cl)c1)C1CC1,0,0.804374356936143,0.440299520344707,-14.879399,0.1156556702419806,0.18500875284232957
5467,O=C(CCCC(=O)NC12CC3CC(CC(C3)C1)C2)NC12CC3CC(CC(C3)C1)C2,0,0.69968748077564,0.999568380423561,21.180967,0.0713447198271624,0.3798290566286499
5468,CC(NC(=O)CCC(=O)NC(C)C1CC2CCC1C2)C1CC2CCC1C2,0,0.727975532714751,0.726840009667731,4.3680387,0.0812773525230783,0.17332369448013432
5469,O=C(NC12CC3CC(CC(C3)C1)C2)c1cccc(C(=O)NC23CC4CC(CC(C4)C2)C3)c1,0,0.696713025111143,0.983058614100352,14.8048525,0.0341279517992871,0.35860661380215497
5470,O=C(CCC1CCCC1)Nc1cccc(NC(=O)CCC2CCCC2)c1,0,0.645523492733494,0.74542611851281,5.8413653,0.0446305472037309,0.1891529033556843
5471,CC1(C)CC(NC(=O)CCC2CCCCC2)CC(C)(CNC(=O)CCC2CCCCC2)C1,0,0.423140517485282,0.695209527870952,8.800494,0.2711672057792799,0.4034199217276998
5472,CCC(C)(C)C1CCc2c(sc(NC(=O)C3CC4CCC3C4)c2C#N)C1,0,0.756751930460252,0.0122728086543515,-11.815459,0.0224590925954304,0.06070108710903642
5473,O=C(CCC(=O)NC1CCCCCC1)NC1CCCCCC1,0,0.764333054505576,0.999602077923663,16.982296,0.0896972836476988,0.2773399914382125
5474,O=C(CCC1CCCC1)NCc1ccc(CNC(=O)CCC2CCCC2)cc1,0,0.60511223245949,0.994690432687489,6.3899455,0.0321207907609341,0.19219897800070396
5475,CC(=O)Nc1nc(-c2ccc(Cl)cc2Cl)cs1,0,0.904022875848263,0.802713266919015,-10.952107,0.2412894187163931,0.1976591205884405
5476,Cc1ccc(C(=O)Nc2ccccn2)o1,0,0.811958692071765,0.0816800107985986,4.434489,0.1035891247316568,0.16062874507452268
5477,COc1cccc(C)c1,0,0.553237986247291,0.998527888909932,8.585935,0.003794508471304,0.0939725078846101
5478,COc1ccc(-c2c(C#N)c(N)nc(OC)c2C#N)cc1OC,0,0.919066911690363,0.0082688655635591,-2.125206,0.1801620477750209,0.08717567524439379
5479,COc1ccc(C(C)N)cc1OC,0,0.771823146887175,0.998038224920144,10.136171,0.0160690137032435,0.17015884706940917
5480,Cc1onc(-c2cccnc2)c1C(=O)NCCc1ccc(Cl)cc1,0,0.768419620804272,0.0037918710036893,3.3910356,0.017312444669655,0.14850276103609983
5481,Cc1cccc(-c2ccc(C(=O)Nc3ccccc3)cn2)c1,0,0.779989747345136,0.101440933937741,0.922006,0.0110788758617274,0.27847334040145977
5482,CC12CCC(O)CC1CCC1C2CCC2(C)C1CCC2(C)O,0,0.705878330929627,0.999623524219465,20.127655,0.9708836640652296,0.7803790860350459
5483,CC(=O)C1=CCC2C3CC[C@H]4C[C@H](O)CCC4(C)C3CCC12C,0,0.772262227464419,0.997909728873469,15.09489,0.9869474949258767,0.8900140621892083
5484,Cc1noc(-c2ccccc2Cl)c1C(=O)NCc1ccc(C(F)(F)F)cc1,0,0.656968420552365,0.025416457743268,-2.1275434,0.0479018812098628,0.1757948406002568
5485,C1CCc2sc3nc(C4CC4)nc(N4CCCCCC4)c3c2CC1,0,0.701450199114128,0.165259287845482,6.3624263,0.0182770580624422,0.09866316578221489
5486,O=C(NCCN1CCCC1)c1c2c(nc3ccccc13)C(=O)N(C1CCCCC1)C2,0,0.827056926736765,0.0422546220456878,-2.6610322,0.0429061455731108,0.12117082352980357
5487,O=C(CC1CCN(C(=O)c2ccc3oc(C4CC4)nc3c2)CC1)NC1CCCC1,0,0.830050220663964,0.0056420358237215,1.8691581,0.0218118467065567,0.08100324096819769
5488,CC1(C)CC(n2c(SCCc3ccccc3)nc3c(c2=O)C2(CCCCC2)Cc2ccccc2-3)CCO1,0,0.268252842588883,0.449110131267753,9.161586,0.0387626027288888,0.1592992872443107
5489,CCOc1nc(NCC2CCCO2)nc(N2CC3CC(C2)c2cccc(=O)n2C3)n1,0,0.765406752352383,0.0047760599905022,-9.429013,0.0211607423970305,0.1378104459039864
5490,CN1CCN(C(=O)c2c3c(nc4ccccc24)C(=O)N(C2CCCCC2)C3)CC1,0,0.788611013777626,0.0034457449203319,3.525577,0.1076961085857384,0.3345473045082294
5491,O=C(COc1ccccc1)c1ccc2c(c1)N(Cc1ccc(C(=O)NC3CCCCC3)o1)C(=O)CO2,0,0.468080163782691,0.0152330762974365,4.1104074,0.0223535892619608,0.2317804712647534
5492,O=C(Cn1cc(C(=O)C2CCCCC2)c2ccccc21)NC1CCCCCC1,0,0.569292156906763,0.0334294840809246,7.6062646,0.0250844156816835,0.15985758497026653
5493,O=C(Nc1c(C(=O)N2CCC(N3CCCCC3)CC2)oc2ccccc12)C1CCCCC1,0,0.727549747899147,0.013798467473571,11.837351,0.0803444114000498,0.5953950755238718
5494,NC(=O)C1(N2CCCCC2)CCN(c2ccc3nnc(-c4ccccc4)n3n2)CC1,0,0.714614403557131,0.0094923890720895,9.259537,0.0751807915015518,0.12209787922787103
5495,O=S(=O)(c1ccc(C2CCCCC2)cc1)N1CCN(C23CC4CC(CC(C4)C2)C3)CC1,0,0.658103947675301,0.306537064216664,9.591544,0.0658182880836906,0.5048492195074635
5496,O=C(COc1ccccc1)c1ccc2c(c1)N(Cc1nc(C(=O)NC3CCCCC3)co1)C(=O)CO2,0,0.477499847593331,0.008907694493655,2.7970428,0.0166093611174605,0.13974250847263733
5497,COc1ccc(S(=O)(=O)NC2CCCCC2)cc1-c1noc(C2CCCCC2)n1,0,0.745491525863749,0.0080439878936286,-13.051381,0.0224861254810323,0.1507852978149611
5498,Cc1ccc(CNC(=O)c2nc(CCN(C)C(=O)NC3CCCCC3)no2)cc1,0,0.74562853281072,0.0045364701895024,14.457995,0.0182343503622874,0.1855023719031834
5499,O=C(NC1CCCCCC1)c1c2c(nc3ccccc13)C(=O)N(C1CCCCC1)C2,0,0.733049154260392,0.0307138036732616,1.05823,0.0194218287963497,0.2316223639183878
5500,CC1CC(C)CN(C(=O)CSc2nc3ccccc3c(=O)n2Cc2ccc(C(=O)NC3CCCCC3)cc2)C1,0,0.329159137321914,0.237742256074579,9.085914,0.0217395355746264,0.12558097529737566
5501,CC1CCN(c2ccc(-c3noc(CCC(=O)NC4CCCCCC4)n3)cc2)CC1,0,0.696331400426351,0.0343251866856174,-3.2636538,0.0221747573666269,0.16526320491913696
5502,CC(=O)c1ccc(NC(=O)C2CCN(c3cc(C)nc4cc(-c5ccc(C)cc5)nn34)CC2)cc1,0,0.414651490781141,0.0102926749572263,-11.736171,0.0367152483926818,0.11206502241806697
5503,O=C(NC1CCCCC1)c1ccc(SCCN2CCCCC2)nc1,0,0.796730610510402,0.0204649311088538,3.684332,0.0313988794217132,0.32228502431436445
5504,O=C(CC1CCCCC1)N1CCCC(COc2cccc(C(=O)N3CCCC3)c2)C1,0,0.690678209055783,0.0068722294170176,-9.3034315,0.0344133720330409,0.18998381691371938
5505,CC1CCc2c(sc3nc(SCC(=O)NC45CC6CC(CC(C6)C4)C5)n(-c4ccccc4)c(=O)c23)C1,0,0.344432393803499,0.423780409778728,8.86085,0.0162717854216604,0.13386360698915695
5506,Clc1ccc(Cc2nc3nc4c(c(N5CCC(Cc6ccccc6)CC5)n3n2)CCCC4)cc1,0,0.37391631059045,0.158956692956464,4.9055505,0.0286186992714943,0.17977700788311854
5507,O=C(NC1CCCCC1)c1ccc(N2CC3CC(C2)c2cccc(=O)n2C3)c(NS(=O)(=O)c2ccc(F)cc2)c1,0,0.460185972622239,0.677236277720641,-0.791989,0.0986668787619619,0.12910175735328608
5508,O=C(c1ccco1)N1c2nc(C3CCCCC3)nn2C2(CCCCC2)[C@@H]2CCCC[C@@H]21,0,0.61366021579618,0.144781522573164,0.7942792,0.0300768509987129,0.10155211969274328
5509,CC(NC(=O)NC12CC3CC(CC(C3)C1)C2)c1c(-n2cccc2)sc2c1CCCC2,0,0.646426576902528,0.219544180933785,10.751857,0.0228198457023551,0.09159707960697558
5510,O=C1c2nc3ccccc3c(C(=O)N(Cc3ccco3)C3CCCC3)c2CN1C1CCCCC1,0,0.492797286348528,0.0350746888254361,-0.09445739,0.0156032382654506,0.07739492485375275
5511,Cc1noc(-c2ccc(OC3CN(C(=O)Cc4ccsc4)C3)cc2)n1,0,0.703793508942739,0.0008855354743152,-8.30801,0.0116820554570055,0.07635884616178396
5512,Cc1ccn(-c2ccc(C(=O)NC3CCCC3)cn2)n1,0,0.930189326426302,0.0039547161862539,-13.772175,0.0360942231148046,0.06295924186941046
5513,c1cc(-c2csc(C3CC3)n2)cc(-c2noc(-c3ccncc3)n2)c1,0,0.530929936334819,0.0029067603489372,-12.745536,0.0022550820372593,0.08290195565915096
5514,O=C(NC(Cc1ccccc1)c1nnc(N2CCCCCC2)o1)C1CCCC1,0,0.816304235556559,0.0161679219362919,2.0760622,0.0140203721316343,0.07767367681445303
5515,O=C(NC1CCCC1)C(c1ccccc1)N(C(=O)CSC12CC3CC(CC(C3)C1)C2)c1ccc(F)cc1,0,0.423400853058242,0.279867926800424,5.715924,0.0713053646985143,0.10925130116685826
5516,O=C(Nc1nnc(CCS(=O)(=O)c2ccc3ccccc3c2)s1)C1CCCCC1,0,0.633447158749987,0.0018305800008662,3.1987753,0.0272238796841517,0.12505585122490434
5517,CCOC(=O)C1CCN(C(=O)COc2ccc(S(=O)(=O)NC3CCCCC3)cc2C)CC1,0,0.591327739145316,0.0042135156988225,-13.484363,0.0524520785654214,0.30121067925350886
5518,CCc1cc(N(C)C2CCCCC2)nc(SCc2ccc(C(=O)NC3CC3)cc2)n1,0,0.477690523491588,0.0298877814178271,1.2578481,0.0256737854473183,0.12774667531314682
5519,COc1ccccc1NC(=O)N1CCCC(c2nnc(C(=O)Nc3ccc(F)cc3)s2)C1,0,0.596319468565267,0.0060076999726804,-5.1696615,0.0376180718853345,0.13171661477331795
5520,Cc1nnc(-c2cc(CCC(C)C)n(-c3cccc(C(=O)NC4C[C@H]5CC[C@@H]4C5)c3)n2)o1,0,0.581703225048667,0.0068724926621614,-7.4103293,0.0151206822334405,0.06719016851446466
5521,CC1CCc2c(sc3ncnc(N4CC5(C)CC4CC(C)(C)C5)c23)C1,0,0.70196779171761,0.0888111963694568,4.186394,0.0232126510036621,0.09077150163196909
5522,CC1CCN(S(=O)(=O)c2ccc3c(c2)N(CC(=O)NCCN2CCC(Cc4ccccc4)CC2)C(=O)CO3)CC1,0,0.49964294571157,0.0941390798972867,-2.152204,0.1102281126448094,0.5614447060491169
5523,O=C(CC1(CC2=Nc3ccccc3S(=O)(=O)N2)CCCC1)NC1CCCCCCC1,0,0.715292128441658,0.0511225858474505,7.640455,0.0386293297984708,0.10119596125757842
5524,CN(CCc1noc(C2CCCCC2)n1)S(=O)(=O)c1ccc(C2CCCCC2)cc1,0,0.614538210319084,0.0640678024923901,6.5894294,0.0180914329396635,0.3524380773219958
5525,O=C(Cn1nc(N2CCC(Cc3ccccc3)CC2)ccc1=O)NCCc1ccccc1,0,0.596514678820484,0.0100161012156847,0.52180946,0.0101996425876617,0.17562128582779346
5526,Clc1ccc(Cc2nc3nc4c(c(N5CCN(c6ccccn6)CC5)n3n2)CCCC4)cc1,0,0.459891992860296,0.0089214267610867,0.14821589,0.0398900818714429,0.147537758534892
5527,COc1ccccc1CN(C(=O)Nc1cn(CC(C)C)c(=O)c2ccccc12)C1CCN(C)CC1,0,0.53227300295115,0.747037857952015,2.7666879,0.0637458256335063,0.1746539338780117
5528,CCOC(=O)C1CCN(C(=O)c2cccc(CSc3nc(C)cc(N(C)C4CCCCC4)n3)c2)CC1,0,0.272303160097815,0.647182296801657,-9.734611,0.0322037944442959,0.21508341076554963
5529,O=C(CSc1nc(-c2ccccc2)no1)N1CCCCC1,0,0.812871252749871,0.0046848666479617,-2.0275474,0.0193085693672103,0.18187688631482885
5530,CC1CCCC(NC(=O)c2ccc(CSc3nc4cccnc4n3Cc3ccccc3)cc2)C1C,0,0.311622475534623,0.028436889723084,2.1869073,0.0093026754193657,0.10969317692884598
5531,O=C(Nc1ccc(OCc2cc(C(=O)NC3CCCCC3)no2)cc1)c1ccccc1,0,0.585171998784554,0.0257339168715807,-5.158266,0.0136817750619338,0.11560299011590139
5532,Cc1cccc(C2c3cc(OC(C)C(=O)NCC4CCCO4)ccc3CCN2C(=O)c2ccco2)c1,0,0.531938143909378,0.0297765053703636,-11.411496,0.031478040057877,0.09774787019788875
5533,O=C(NC1CC2CCC1C2)c1cncn1-c1ccc(-c2cc(C(F)(F)F)cc(C(F)(F)F)c2)cc1,0,0.422296079907134,0.347221836319283,6.9702964,0.3271088771011504,0.0884662693913088
5534,CCC(C)N(CCC(=O)Nc1nnc(-c2ccc(Cl)cc2)s1)C(=O)c1cccc(OC)c1,0,0.465936391708234,0.0159454939943624,2.2718954,0.026398346171674,0.10845582711522588
5535,CCn1c(SCc2cccc(C(=O)NCc3cccc(C(F)(F)F)c3)c2)nnc1-c1cccc(OC)c1,0,0.262579856678023,0.358381393450424,-5.4172273,0.0219742642576078,0.14611071788132055
5536,CCC(C)N(CCC(=O)Nc1nnc(-c2cccc(Cl)c2)s1)C(=O)c1ccc(-c2ccccc2)cc1,0,0.264331257673192,0.604115105499335,8.449943,0.0283253528803722,0.15953919126169297
5537,CN1CCC(N(C)c2ccc(NC(=O)C3CC3)cc2CN(C(=O)Nc2cccc(F)c2)C2CCCCC2)CC1,0,0.430522761177527,0.587954150741582,-13.158767,0.0777793165341946,0.10899129594556123
5538,CC(C)C(=O)Nc1ccc(N(C)C2CCN(C)CC2)c(CN(C(=O)Nc2cccc(F)c2)C2CCCCC2)c1,0,0.413717575149553,0.665097120602281,-8.047919,0.1659656603706248,0.22226936866794378
5539,CC(C)(C)c1cc(NC(=O)CN(Cc2ccco2)C(=O)C23CC4CC(CC(C4)C2)C3)n(-c2ccc(Cl)c(Cl)c2)n1,0,0.317766328144205,0.346226381992587,8.285253,0.0568520442198201,0.15108938623328694
5540,CCC(C)(C)C1CCc2c(sc(NC(=O)C3CC4CCC3C4)c2C(N)=O)C1,0,0.762937795305691,0.0064727474266385,-9.977195,0.0523047055134549,0.1065023244499567
5541,O=C(NC1CCCC1)c1c(NC(=O)C2CCCCC2C(=O)O)sc2c1CCC2,0,0.696578913080895,0.0071215836838461,-9.3742695,0.0543883293165959,0.22834753930846285
5542,Cc1cccc(NC(=O)C23CC4CC(C2)CC(C(=O)Nc2cccc(C)c2)(C4)C3)c1,0,0.712623990707103,0.769220374644928,8.256288,0.0528406305865072,0.3092358653738771
5543,O=C(c1ccccc1Cl)c1cc(Br)ccc1NC(=O)C1CCCCC1,0,0.630368526266159,0.161501952052021,4.759646,0.0752796570122495,0.4439515205185254
5544,O=C(c1cc(NC(=O)C23CC4CC(CC(C4)C2)C3)cc(NC(=O)C23CC4CC(CC(C4)C2)C3)c1)N1CCOCC1,0,0.513810112171599,0.942653352845944,8.345775,0.0480600467673966,0.2312896555541891
5545,O=C(COC(=O)C(Cc1ccccc1)NC(=O)C12CC3CC(CC(C3)C1)C2)c1ccc(Br)cc1,0,0.384606985810881,0.515239312113479,6.994986,0.0519696211486579,0.47675902093241385
5546,Cc1ccc(C(=O)COC(=O)C(Cc2c[nH]c3ccccc23)NC(=O)C23CC4CC(CC(C4)C2)C3)cc1,0,0.332275213477218,0.814628237085841,5.6806264,0.0158133996967948,0.18975734755817922
5547,CC1CCC(C(=O)NC(Cc2ccccc2)C(=O)OCC(=O)c2ccc(N(C)C)cc2)CC1,0,0.461110909688629,0.0492952476270293,-5.337648,0.0988588909590502,0.2779282463485851
5548,Cc1oc(C)c(C(=O)NC(Cc2ccccc2)C(=O)O)c1C(=O)NC(Cc1ccccc1)C(=O)O,0,0.350410038579322,0.998327941639956,0.7551154,0.4437624573225687,0.7454809737476046
5549,COc1cc(Cc2nccc3cc(OC)c(OC)cc23)c(NC(=O)CC23CC4CC(CC(C4)C2)C3)cc1OC,0,0.344675409383952,0.791570008390606,14.118894,0.0569613080636858,0.19945455200259266
5550,O=C(CC12CC3CC(CC(C3)C1)C2)Nc1ccccc1C(=O)Cc1ccccc1,0,0.650450165291611,0.398892196095289,8.892319,0.063229852709626,0.38992586014997865
5551,O=C(Nc1cccc(NC(=O)C2(c3ccccc3)CC2)c1)C12CC3CC(CC(C3)C1)C2,0,0.677516633864547,0.724139240147713,1.8412956,0.030460499153327,0.11522861070790746
5552,Cc1ccc(-c2nc(CCNC(=O)c3cccc4ccccc34)cs2)cc1,0,0.520156726787102,0.0335659435236062,4.5678954,0.0058792267887552,0.13064130351130168
5553,Cc1ccc(-c2nc(CCNC(=O)c3sc4ccccc4c3Cl)cs2)cc1,0,0.439082284447618,0.169953310850058,2.2557473,0.0098518697534799,0.08553395648815246
5554,O=C(CSc1nc2ccc(NC(=O)C34C[C@H]5C[C@@H](C3)C[C@@H](C4)C5)cc2s1)Nc1ccc(F)cc1,0,0.392639943988242,0.245257183632444,6.113766,0.0196794069591258,0.14765444406647538
5555,CCOc1ccc(C(CNC(=O)C23CC4CC(CC(C4)C2)C3)c2c[nH]c3ccccc23)cc1OC,0,0.420114222502142,0.33451368571233,-1.709594,0.0190660132519815,0.14963518745803867
5556,CCCC(=O)Nc1ccc2c(c1)nc(CCNC(=O)c1ccc(C)c(F)c1)n2C,0,0.638899616142785,0.0401732675111927,-0.13247478,0.0474734588868729,0.21402078997901333
5557,Cn1c(CCNC(=O)c2ccccc2F)nc2cc(NC(=O)C3CCCCC3)ccc21,0,0.625022797562043,0.0358571289583228,1.0863847,0.0232221173662324,0.1866941565504618
5558,O=C(Nc1ccc(CCc2nc3ccccc3n2-c2ccccc2)cc1)C1CCCCC1,0,0.393847307203399,0.0381435804347702,7.636337,0.0335701231973215,0.12609725771503444
5559,Cc1ccc(C(=O)Cn2nc3n(C(C)C)c(=O)c4ccc(C(=O)NC5CCCCC5)cc4n3c2=O)c(C)c1,0,0.39138195238653,0.11021684826977,15.344552,0.1178121123832257,0.19311674403359405
5560,CCc1ccc(CNC(=O)CCCc2nnc(C(=O)Nc3ccccc3)s2)cc1,0,0.560650254157271,0.0082207734306852,2.7369714,0.0066031088151782,0.1246131564124969
5561,Cc1ccccc1-c1noc(CSc2ccc(-c3ccc(C4CCCCC4)cc3)nn2)n1,0,0.304539479597339,0.485813112415889,9.334699,0.0140795556938653,0.15835236131477667
5562,Cc1ccc(-c2noc(CSc3ccc(-c4ccc(C5CCCCC5)cc4)nn3)n2)cc1,0,0.304539479597339,0.22827480999808,4.1123767,0.0134351111338993,0.1824622083641944
5563,CSc1ccc(-c2noc(CSc3ccc(-c4ccc(C5CCCCC5)cc4)nn3)n2)cc1,0,0.261214395698934,0.608947004350841,2.3686428,0.0236409552585231,0.33282415185345016
5564,CCOc1ccc(-c2noc(CSc3ccc(-c4ccc(C5CCCCC5)cc4)nn3)n2)cc1,0,0.257324127176957,0.141429662181996,2.074954,0.0286519909230019,0.1750097057224425
5565,Cc1cn2c(=O)cc(COC(=O)c3ccc(NC(=O)C45C[C@H]6C[C@@H](C4)C[C@@H](C5)C6)cc3)nc2s1,0,0.543658156105511,0.0051621738805678,6.0534654,0.070649831652388,0.16197239967649607
5566,Cc1cc2nc(COC(=O)c3ccc(NC(=O)C45C[C@H]6C[C@@H](C4)C[C@@H](C5)C6)cc3)cc(=O)n2o1,0,0.57388634078862,0.0052895856530175,4.0353265,0.0973315848122286,0.16840534256989967
5567,Cc1cc2nc(COC(=O)c3ccc(Cl)c(NC(=O)C45CC6CC(CC(C6)C4)C5)c3)cc(=O)n2o1,0,0.51169541655858,0.0113447992755291,7.1186976,0.1089931832292853,0.18906378056995993
5568,Cc1cccc(-c2nnc(SCc3noc(CCC(=O)Nc4ccc(F)cc4)n3)o2)c1,0,0.401904662787806,0.0043095867033167,3.076641,0.0170741305193186,0.1787683958273539
5569,Cc1ccc(-c2nnc(SCc3noc(CCC(=O)Nc4ccc(F)cc4F)n3)o2)cc1,0,0.383604336003884,0.0109242976592152,4.0399804,0.0328714495859354,0.20922131464120647
5570,CCC(=O)Nc1ccc(Cl)c(NC(=O)C2(c3ccc(C)cc3)CCCC2)c1,0,0.719826065577061,0.366302241385649,1.546501,0.0479763820078019,0.13477309381523647
5571,O=C(Nc1ccc2oc3c(c2c1)CCCC3)NC12CC3CC(CC(C3)C1)C2,0,0.749260913192832,0.138117966271195,2.5106144,0.0496862025352977,0.2525575125186395
5572,Cc1nnc(-c2cc(CCC(C)C)n(-c3cccc(C(=O)NC(Cc4ccccc4)c4ccccc4)c3)n2)o1,0,0.226614876627628,0.447788373250729,-1.0148897,0.0221936539479835,0.09100797616649418
5573,Cc1ccc(-c2onc3c2CCCC3)cc1NC(=O)C12C[C@H]3C[C@@H](C1)C[C@@H](C2)C3,0,0.732995658926924,0.264175687415678,5.7913256,0.0255775512636743,0.16848476572618526
5574,O=C1CSC(c2cccc(NC(=O)C34CC5CC(CC(C5)C3)C4)c2)N1c1ccc(C(F)(F)F)cc1,0,0.51212440063527,0.0810242503634761,3.5031533,0.0410927479278168,0.11329754440173949
5575,O=C(NC1CCCCC1NC(=O)C(c1ccccc1)c1ccccc1)c1csc(COc2ccccc2)n1,0,0.293308229648234,0.748518739468186,-3.4411774,0.0262795693886712,0.14294289609310956
5576,Cc1ccc(C(C)C)c(OCc2ccccc2C(=O)NC23CC4CC(CC(C4)C2)C3)c1,0,0.59077321639089,0.636277857390139,-0.17202234,0.5788635664934535,0.49119595001084954
5577,OC(CSCc1nnc(-c2ccccc2)o1)C(O)CSCc1nnc(-c2ccccc2)o1,0,0.33594637617843,0.137176952294571,-12.474372,0.0664694540857459,0.26397431502105195
5578,Cc1ccc(-c2noc(CCCC(=O)N3CCC(Cc4nc(C5CCOCC5)no4)CC3)n2)cc1,0,0.474681819255398,0.0060938023246387,-3.4820442,0.0207162763028081,0.13169044144440592
5579,CC1CCC(NC(=O)c2ccc(CSc3nc4cccnc4n3Cc3cccc(F)c3)cc2)CC1,0,0.313863677131746,0.0853104811868471,-4.861009,0.0196800427197988,0.11210207775444825
5580,Cc1ccc(C(=O)C(C)n2nc3n(C)c(=O)c4ccc(C(=O)NC5CCCC5)cc4n3c2=O)cc1C,0,0.43551438148404,0.0134904160446124,14.555932,0.3584097538513172,0.1479952962801237
5581,Cc1ccc(C(=O)NCCc2csc(-c3ccc(C(F)(F)F)cc3)n2)cc1,0,0.657814541720523,0.0453461081087133,-1.4335401,0.0274024856407108,0.24281516536095774
5582,Cc1cc(C)cc(C(=O)NCCc2csc(-c3ccc(C(F)(F)F)cc3)n2)c1,0,0.617122641312829,0.0544418520860605,0.54448307,0.030012126727374,0.1680793146986026
5583,Cc1ccc(-c2nnc(SCc3noc(CCC(=O)Nc4ccc(F)c(Cl)c4)n3)o2)cc1,0,0.352711235004799,0.0118236038103827,2.592485,0.02553529587469,0.14309218476975621
5584,O=C(NC1CCCCCC1)c1cccc(-c2ccc(S(=O)(=O)N3CCCCC3)cc2)c1,0,0.666922918248617,0.0488533417129083,-1.4829144,0.0363429032692717,0.46888792118460687
5585,Cc1cc(C)cc(NC(=O)CCn2nnc3cc(C(=O)NC4CCCCC4)ccc32)c1,0,0.62843314425879,0.010636580382022,10.124393,0.0235070626859712,0.1533662702856638
5586,CCc1ccc(NC(=O)CCn2nnc3cc(C(=O)NC4CCCCC4)ccc32)cc1,0,0.603763440505101,0.0031605747131934,4.7623205,0.0276838874944426,0.1784775160383913
5587,CCN1C(=O)C(Cc2cccs2)c2cc(Br)ccc21,0,0.822461277662535,0.0016181105748137,-8.303085,0.0353605827311864,0.10597638692054016
5588,CCN1C(=O)C(Cc2oc3ccc(F)cc3c2C)c2cc(Br)ccc21,0,0.593082345653514,0.0289545625818102,-7.931641,0.0278462736915495,0.1723696530993877
5589,COc1ccc(C(=O)N2CCCC2COc2ccc(C(=O)NC(C)C)cc2)cc1F,0,0.750967495029798,0.876055825943343,-3.9778013,0.066289929545602,0.17034968893425578
5590,Cc1cccc(C(=O)N2CCCC2c2cc(C)on2)c1,0,0.841026196113662,0.0059691021225803,-9.684965,0.0680110149743257,0.09445362190173169
5591,O=C(Cn1ncc2ccccc21)N1CCN(c2cccc(C(F)(F)F)c2)CC1,0,0.690667366888243,0.0012082875070907,-0.35415113,0.0742168562197332,0.25993823765367197
5592,NCCc1c[nH]c2ccc(Cl)cc12,0,0.757249925377164,0.997867851897681,-4.165311,0.0822699273276311,0.242839719968641
5593,COc1ccc2c(c1)[nH]c1c(C)nccc12,0,0.672864251026778,0.992582391219371,9.305917,0.0760171115896508,0.18656157552225267
5594,COc1ccc(-c2oc(=O)n(C)c2-c2ccc(OC)cc2)cc1,0,0.741406635055417,0.408427279533119,-13.731536,0.0596443044949672,0.2004787431996195
5595,CCC1CCCCN1C(=O)c1c(-c2ccccc2)noc1C,0,0.858299085452355,0.0121731862077033,-10.267925,0.0357328858754185,0.14820939616004172
5596,CC12CCC3C(CC[C@H]4CC(O)CCC34C)C1CCC2=O,0,0.732972735378759,0.999633745201324,17.634731,0.9594936281327388,0.8801836496233927
5597,c1ccc(CNc2ccccc2)cc1,0,0.769458499016116,0.985437860284457,11.395827,0.0502170065808158,0.1947205234255945
5598,O=c1oc(-c2cccc(F)c2)nc2ccccc12,0,0.657357637576501,0.490541287420938,0.6054841,0.5630448449821305,0.5244404582417428
5599,COc1ccc(-c2nc3ccc(Br)cc3c(=O)o2)cc1,0,0.719123348319053,0.200556858034871,2.9979372,0.0427565469501548,0.3660693256138576
5600,CN1CCN(c2nc3c(c(=O)n(C)c(=O)n3C)n2CC(=O)C23CC4CC(CC(C4)C2)C3)CC1,0,0.684561553090128,0.0863196389617959,3.9486914,0.0552820033656117,0.22140260421451127
5601,O=c1cc(-c2ccccc2Cl)oc2ccc(F)cc12,0,0.663836649976559,0.96719965039004,-1.9318367,0.2879608235943232,0.31179816104980335
5602,Oc1nc2ccccc2s1,0,0.624311579308603,0.999136061356925,8.637741,0.0304951385397552,0.2399653289156415
5603,O=C(c1ccccc1)c1cc2ccccc2o1,0,0.619173656461219,0.991208370514288,11.111178,0.1745327854457494,0.3335063931580973
5604,O=C(Nc1ccccn1)c1ccc(Cl)s1,0,0.873886259778519,0.190424017369229,8.059461,0.2917821301357176,0.17185012133886793
5605,Cc1ccccc1-c1nnc(-c2ccccc2)o1,0,0.680413958006936,0.938179496501237,-3.7134304,0.0436885616042976,0.13794085756948854
5606,Cc1ccc(-c2nnc3c4ccccc4c(-c4ccccc4)nn23)cc1,0,0.459407435179427,0.205326491508157,0.5926846,0.0128428990094596,0.10277070659075042
5607,Cc1ccc(C(=O)c2cc3ccccc3o2)cc1C,0,0.635293743280721,0.332831350594049,12.950698,0.371254744577671,0.33354633513759085
5608,COc1ccccc1-c1nc(-c2ccccn2)no1,0,0.717851108477973,0.0511150096247564,-6.965737,0.0191205307344154,0.1417922258006032
5609,CCNc1nnc(-c2ccc(C)cc2)s1,0,0.862081704427252,0.0739739347131495,-14.102597,0.0421720419316432,0.16712620037055537
5610,CCN(CC)C(=O)c1cc(-c2ccc(F)cc2)on1,0,0.850601378913066,0.0621730675069205,-4.6228547,0.0552577430316947,0.33074853171694635
5611,CCC(=O)Nc1ccc2oc(-c3ccccc3Br)nc2c1,0,0.754425858285844,0.0078319061366777,-7.72763,0.0168000646265163,0.16335126660476812
5612,c1ccc(CSc2ccc(-c3cccs3)nn2)cc1,0,0.659775889344161,0.076402821143335,0.8351196,0.008192815969806,0.09023042624008135
5613,Brc1ccc(-c2cn3ccccc3n2)cc1,0,0.659433705836375,0.521249321515279,-0.73931974,0.0507043743478085,0.22502989909329812
5614,NC1(C(=O)O)CC1,0,0.470406674809456,0.999523772145347,15.667787,0.4941489548874243,0.42338775775860044
5615,COC(=O)c1c(C)nc2nonc2c1N,0,0.671406379253035,0.513554885259322,-3.3470068,0.1210181914677945,0.3017704704182405
5616,CSCCC(NC(=O)C12CC3CC(CC(C3)C1)C2)C(=O)OCC(=O)c1ccc(Cl)cc1,0,0.430247708362216,0.0376298346568748,7.445559,0.0635216934784548,0.5904229939717296
5617,COc1ccc(C(=O)O)cc1Cl,0,0.76910432326907,0.999486609292309,2.007196,0.0053055663311816,0.1505972022731253
5618,CCOc1nc(-c2ccc(OC)cc2)ccc1-c1noc(C)n1,0,0.71780359647679,0.0022940984942348,1.4126083,0.0192972298031314,0.1595870405539733
5619,CCN(CC)C(=O)CSc1nc(C)cc(-c2cccs2)c1C#N,0,0.743916930929314,0.0017327664027709,1.1620597,0.005084692720174,0.06251180588883919
5620,Cc1ccccc1C(=O)Nc1nnc(-c2ccc(Cl)c(Cl)c2)s1,0,0.705757632787478,0.0647452695415374,0.22005594,0.0157087441376729,0.13781958689930668
5621,COc1ccc(Cc2nn3c(-c4ccccc4)nnc3s2)cc1,0,0.577295312136326,0.000752179541367,-1.5248601,0.0062476879356604,0.17249960807298828
5622,Cc1cc(N2CCC(C(=O)N(C)Cc3ccccc3)CC2)n2nc(C)c(-c3ccc(Cl)cc3)c2n1,0,0.370537310917838,0.151020887675181,-14.829448,0.0435549292708059,0.152445461374935
5623,Cc1c(C(=O)Nc2nonc2-c2ccc(OC(C)C)cc2)oc2ccc(Cl)cc12,0,0.466975316522709,0.0419320661413461,-1.6141679,0.0589063813653917,0.12685873011775864
5624,Cc1onc(-c2ccccn2)c1C(=O)NCC(C)c1ccccc1,0,0.779699860504968,0.0061842281908426,0.26762652,0.0230778213020714,0.15166572111863616
5625,CC(=O)Nc1cccc(NC(=O)CSc2nccn2-c2cc(C)ccc2C)c1,0,0.615186800728441,0.0169697760741734,5.3978243,0.0227389075614264,0.15570562986093792
5626,Cc1cc(N2CCC(C(=O)NCc3ccc(F)cc3)CC2)n2nc(-c3ccc(F)cc3)cc2n1,0,0.474946723844911,0.245801845568987,-14.899322,0.0534040468183821,0.09731376562570122
5627,Cc1onc(-c2ccccc2)c1C(=O)Nc1nnc(C(F)(F)F)s1,0,0.774237170327002,0.0015369945464134,-2.4499302,0.2606470247905141,0.4188357154759116
5628,CC(C)(C)C(=O)Nc1nn2c(-c3ccccc3)nnc2s1,0,0.789709432139528,0.0023260779060241,-12.440028,0.0214101937792594,0.217920997458583
5629,O=C(Cn1c(=O)oc2ccc(C(=O)N3CCCCC3)cc21)NC1CCCCCCC1,0,0.832013365298509,0.0033880072110964,-3.1383748,0.0438708405407352,0.3416295614515655
5630,COc1ccc(Cn2c(SCc3ccc(C(=O)NC4CC4)cc3)nc3cccnc32)cc1,0,0.4000241588171,0.0030465503137427,-0.30048358,0.0089025904625713,0.07512713881506365
5631,CCc1ccc(NC(=O)NCCn2nnc3cc(C(=O)NC(C)C)ccc32)cc1,0,0.573398383244595,0.0053025139055071,2.3051777,0.101980496273313,0.20658989162312205
5632,Cc1ccccc1NC(=O)Cn1c(=O)n(Cc2ccc(F)cc2)c(=O)c2sc3ncccc3c21,0,0.418607482178504,0.0047993028964555,12.063139,0.0262372983284225,0.15994507206543243
5633,Cc1ccccc1-c1nnc(SCc2noc(CCC(=O)Nc3ccc(F)cc3)n2)o1,0,0.401904662787806,0.0063922521673198,3.756301,0.0191911873776619,0.1559136733313818
5634,CCc1ccc(CNC(=O)C2CCN(c3cc(C)nc4cc(-c5ccc(F)cc5)nn34)CC2)cc1,0,0.432779686021153,0.0244349015093609,-12.663472,0.0311826604044157,0.09146570535002722
5635,Cc1ccc2[nH]c(-c3nc(CCN(C)C(=O)c4ccc(C(C)C)cc4)no3)cc2c1,0,0.494317198059195,0.0227291906198844,1.3477947,0.0148189237949384,0.14615280883199336
5636,CCCN(CCc1c[nH]c2ccc(NC(=O)CO[C@@H]3C[C@H](C)CC[C@H]3C(C)C)cc12)CC1CC1,0,0.38791725094937,0.436973711526137,-2.7343678,0.0439096132622346,0.10826067320281454
5637,CC(CC(=O)Nc1ccc2[nH]cc(CCN3CCN(c4cccc(C(F)(F)F)c4)CC3)c2c1)CC(C)(C)C,0,0.332612201065398,0.796094256565543,4.76006,0.1012476606096142,0.17183921311082312
5638,CCCCN(CC(=O)N(CCc1c[nH]c2ccccc12)Cc1ccc(C(C)(C)C)cc1)C(=O)C1CCC1,0,0.327525988785134,0.885227290101348,5.3760586,0.0236160046677677,0.11639836014853215
5639,CCCN(CCc1c[nH]c2ccc(NC(=O)c3c(-c4ccccc4)noc3C)cc12)CC1CC1,0,0.304689482888139,0.431072077135664,-0.9095707,0.0312511466734914,0.07930725302040809
5640,CC(C)NC(=O)N1CCN(C(=O)C(Cc2c[nH]c3ccccc23)NC(=O)NC23CC4CC(CC(C4)C2)C3)CC1C,0,0.438131876313748,0.772296285151085,13.200603,0.0926319834078988,0.1574157169022654
5641,Cc1ccc(Cn2cc(C(CC(=O)NCCc3ccccn3)c3ccc(C(C)(C)C)cc3)c3ccccc32)cc1,0,0.214016202145019,0.687982095935828,9.430567,0.038211703922832,0.1763069295586583
5642,CCN1CCN(C(=O)CC(c2ccc(C(F)(F)F)cc2)c2cn(Cc3ccc(F)cc3)c3ccccc23)CC1,0,0.250829269538364,0.825276340256738,6.3097014,0.2410656471300172,0.18722622928593444
5643,O=C(CC(c1ccc(C(F)(F)F)cc1)c1cn(Cc2ccc(F)cc2)c2ccccc12)NCc1ccncc1,0,0.217611252780692,0.54065665083437,10.989327,0.0838849760142736,0.18861315236387105
5644,Cc1ccc(Cn2cc(C(CC(=O)NCc3ccco3)c3ccc(Cl)c(C(F)(F)F)c3)c3ccccc32)cc1,0,0.212065537085196,0.455849803672135,11.239504,0.0916998930669156,0.13235021908964897
5645,O=C(CC(c1ccc(C(F)(F)F)cc1)c1cn(Cc2ccccc2)c2ccccc12)NCCN1CCOCC1,0,0.30014055229072,0.807955180934051,7.6407638,0.1101922524409751,0.1488629633311786
5646,CCN1CCN(C(=O)CC(c2ccc(C(F)(F)F)cc2)c2cn(Cc3ccccc3)c3ccccc23)CC1,0,0.282953394567569,0.594705525077387,5.0005317,0.2188182750623974,0.19558168785515018
5647,O=C(CC(c1ccc(C(F)(F)F)cc1)c1cn(Cc2ccccc2)c2ccccc12)N1CCCC1,0,0.298690187994917,0.105206888781438,6.4445767,0.05122443246163,0.09864064279272879
5648,O=C(O)c1cc(-c2c[nH]c3ccccc23)nc2ccccc12,0,0.583751817143106,0.349851643207775,4.708592,0.4933358577088285,0.32344258750854865
5649,CCCN(C)C(=O)c1cc2cc(Br)ccc2[nH]1,0,0.925143747943749,0.0202937145074266,-5.1768146,0.0590487859170207,0.4525170303570927
5650,CCN(CC)C(=O)c1cc2cc(Br)ccc2[nH]1,0,0.925143747943749,0.0920124494232434,-2.6860867,0.0724980554446045,0.43799266759168026
5651,O=C(CN(CCc1ccccc1)C(=O)c1ccc(Cl)cc1)N1CCN(c2ccc(-c3ccccc3)nn2)CC1,0,0.320638541903948,0.111904995268048,3.785563,0.0149893196897497,0.1446341856071947
5652,CC(=O)c1ccc(-c2ccc3nc(-c4ccc(C)cc4)c(CCC(=O)N4CCCC4)n3c2)cc1,0,0.351660921294464,0.372228272172494,-4.1268682,0.0140533350969709,0.08945294497383373
5653,CCN(CC)C(=O)CCc1c(-c2ccc(C)cc2)nc2ccc(-c3ccc(C(C)=O)cc3)cn12,0,0.308440212029964,0.984984225870117,1.2205244,0.0317059361182029,0.1828769800978752
5654,COc1cccc(-c2ccc(C(=O)N(C)Cc3ccco3)cn2)c1,0,0.719699076993518,0.0018092143902198,-3.8041496,0.0177511662250479,0.18205902510498684
5655,CC(C)(C)OCC(O)CN(Cc1ccco1)Cc1ccccc1F,0,0.800584709586974,0.0010532464858258,5.984226,0.1765665371613059,0.15408723488384962
5656,Cc1ccc(NC(=O)N(CCC(C)C)CC(=O)Nc2ccon2)cc1C,0,0.787695018635809,0.0017188546985807,-1.5544521,0.0165280332990228,0.1371799886253931
5657,CCNC(=O)c1cc(-c2ccc(Cl)cc2Cl)nc2ccccc12,0,0.729096512259932,0.0151455208737811,-1.9861653,0.0425790223388652,0.3231129932262634
5658,CC1CCc2c(C(=O)Nc3nc4ccccc4n3CCN3CCCCC3)csc2C1,0,0.632140606873296,0.0260896800253092,0.32854867,0.0230284202578144,0.08160124221809259
5659,Clc1ccccc1-c1nc(CN2CCN(Cc3ccco3)CC2)cs1,0,0.664214581004087,0.0966215278970385,-10.227309,0.0341600211335149,0.13700194681054215
5660,CCN1CCC(NC(=O)c2cc(C)oc2C)CC1,0,0.893351507338493,0.0056167489802641,4.352239,0.1769770195436585,0.35859058783390063
5661,CN1CCN(C(=O)c2ccc(Br)s2)CC1,0,0.788094950153511,0.966938699685348,1.0188423,0.1598366793554284,0.2896693562846509
5662,CN1CCN(C(=O)c2ccc(Cl)s2)CC1,0,0.752164405171413,0.774996214188183,1.7825588,0.3392026140701611,0.2788688418016746
5663,Cc1scc(C(=O)NC2CCN(Cc3ccccc3)CC2)c1C,0,0.926668059369892,0.0213533587251237,-16.36248,0.2330422289467055,0.43013159515393085
5664,CCCN1CCN(C(=O)c2cccc(OC)c2)CC1,0,0.830103551516818,0.0129237857370387,-13.884469,0.3842513778869895,0.3866960743916084
5665,CC(C)c1cc(C(=O)NCc2cccnc2)cs1,0,0.916913977889823,0.309569856155977,-9.411061,0.0172623925184481,0.10991933982519224
5666,Cc1cc(C(=O)NC2CCN(C(C)C)CC2)c(C)o1,0,0.912040206425158,0.0039635093166473,1.2653114,0.1394387958976019,0.32987418592550166
5667,c1ccc2c(NC34CC5CC(CC(C5)C3)C4)nc(N3CCCCC3)nc2c1,0,0.834002369982689,0.150071678813703,1.1441265,0.0209440354689181,0.14387639522151754
5668,CC12CC3CC(C)(C1)CC(Nc1nc(N4CCOCC4)nc4ccccc14)(C3)C2,0,0.825432278935338,0.0038181281273212,5.1960835,0.0235368077141585,0.16305702040246456
5669,Cc1nc2cc(-c3ccccc3)nn2c(C)c1C,0,0.649573842538055,0.201825884180803,-8.317393,0.1123413099254006,0.3286402098773379
5670,CC1(C)CC(=O)c2cnc(-c3ccncc3)nc2C1,0,0.783701240398509,0.685391057902925,-12.283397,0.0337269221045932,0.18278820921516542
5671,c1ccc(-c2nnc(SCc3cccnc3)o2)cc1,0,0.679139496256692,0.0097484675693377,-10.756005,0.0103552389022571,0.18861987939624392
5672,O=C(CN1CCOCC1)Nc1cc(C23C[C@H]4C[C@@H](C2)C[C@@H](C3)C4)ccc1Br,0,0.774624941223306,0.0252504703570448,8.564129,0.039361048689072,0.48963304352799286
5673,CC(C)(C)C(=O)c1cc2ccccc2nc1N,0,0.76307859184703,0.15339587708129,-5.614538,0.1137521744956705,0.23208395172622537
5674,c1ccc(COc2ccccc2-n2cnnn2)nc1,0,0.706738445796708,0.0014939561474881,-2.707477,0.0631063282488712,0.13494390527094732
5675,COc1ccccc1-c1nc(CN)no1,0,0.814540847312205,0.824536557535646,-4.5402317,0.0363029102039109,0.12240288678781627
5676,CC(C)CC(NC(=O)c1ccc(C23CC4CC(CC(C4)C2)C3)cc1)C(=O)NCc1ccccn1,0,0.582887051105401,0.340693835064155,-9.485581,0.0213508406863624,0.34026323704950123
5677,CCc1nn2c(=O)cc(COc3ccc(NC(=O)C45CC6CC(CC(C6)C4)C5)cc3)nc2s1,0,0.582638263559343,0.0036287776661714,0.8076037,0.0419712003937504,0.17621497253699606
5678,Cc1ccc(Cn2c(SCc3ccc(C(=O)NCc4ccccc4)cc3)nc3ccncc32)cc1,0,0.277538236375599,0.0597711853237923,2.1658645,0.0081429438268673,0.09737643345536254
5679,O=C(NCC(c1ccccc1Cl)N1CCCC1)C12CC3CC(CC(C3)C1)C2,0,0.787050175173468,0.0234678652354642,-12.924527,0.0619908225244692,0.31279844505715715
5680,Cc1ccc(C(CNC(=O)C23CC4CC(CC(C4)C2)C3)N2CCCC2)cc1,0,0.83405449308179,0.222318078290457,-6.4577312,0.1001350258591779,0.28015708874963535
5681,Cc1ccc(C(CNC(=O)C23CC4CC(CC(C4)C2)C3)N2CCCCC2)cc1,0,0.791467751329381,0.360982979140029,-4.544215,0.129346418755058,0.5097272604360664
5682,Cc1ccc(C(CNC(=O)C23CC4CC(CC(C4)C2)C3)N2CCCCCC2)cc1,0,0.740112426715871,0.803848215077134,-2.1269596,0.0628378201793236,0.49860079809553837
5683,COc1ccc(-c2cc3nc(C)cc(N4CCC(C)CC4)n3n2)cc1OC,0,0.699533848762359,0.0098703824494034,-12.476766,0.0319539215961734,0.19673148394492546
5684,O=C(NCC(c1ccco1)N1CCCC1)C12CC3CC(CC(C3)C1)C2,0,0.886285240525772,0.0032081370905814,-15.239678,0.0535288365326246,0.14821787517433027
5685,Cc1ccc(C(CNC(=O)C23CC4CC(CC(C4)C2)C3)N2CCC(C)CC2)o1,0,0.800678483673405,0.006567588978071,-8.104103,0.1484319943172305,0.30944697414385597
5686,Cc1cc(N2CCCCC2)n2nc(-c3cccc(Cl)c3)c(C)c2n1,0,0.680097798931635,0.0206911276008474,-11.0788765,0.0256984996530505,0.18373973014057324
5687,Cc1cc(N2CCC(C)CC2)n2nc(-c3ccc(Cl)cc3)c(C)c2n1,0,0.655687901022079,0.155923118351192,-10.100894,0.0389439568695076,0.15927468630582803
5688,Cc1ccc(NC(=O)N2CC=C(c3c[nH]c4ccccc34)CC2)c(C)c1,0,0.666328706549596,0.0447524509700845,5.8904986,0.0147009561526241,0.14405664006790908
5689,Cc1onc(-c2cccnc2)c1C(=O)NCCc1ccccc1,0,0.786478702369297,0.0053670243423404,2.3294253,0.017853071097172,0.133472320597741
5690,Cc1onc(-c2cccnc2)c1C(=O)N1CCN(C(=O)c2ccco2)CC1,0,0.705737753716734,0.0048453959433205,-4.250319,0.0623772368906088,0.14722390685244321
5691,Cc1onc(-c2ccncc2)c1C(=O)NCc1cccc(F)c1,0,0.803604188851002,0.0106903728239506,-7.312505,0.0320552563933368,0.27224284559608397
5692,O=C(NCCN1CCCC1)c1ccc(Cn2c(SCc3ccc(F)cc3Cl)nc3ccncc32)cc1,0,0.297971246960652,0.35543852119807,-0.010303378,0.1152834888554057,0.07718140664847617
5693,OC1(c2cccc(Cl)c2)CCNCC1,0,0.744069453361208,0.614051692212765,15.882663,0.7665301683597602,0.28487882633546313
5694,Fc1ccc2c(C3CCNCC3)noc2c1,0,0.801696564149612,0.0532750375663494,-0.4290694,0.5980814558156918,0.20958947328811955
5695,CC12CC3CC(C)(C1)CC(Nc1cc4c(S(=O)(=O)c5ccccc5)nnn4c4ccsc14)(C3)C2,0,0.381627907533596,0.0900085533773623,10.55081,0.0251602568749276,0.08174807817917298
5696,Cc1cc(C)c2c(=O)n(Cc3ccc(Cl)cc3)c(=O)n(-c3ccccc3)c2n1,0,0.532424847793191,0.0097611715497061,-11.266685,0.1702726710183562,0.4605873023856951
5697,COc1ccccc1-n1c(=O)n(Cc2cc(C)ccc2C)c(=O)c2c(C)cc(C)nc21,0,0.50800741843064,0.0126439523535973,-2.9260998,0.0321199083594406,0.23451316191210364
5698,COc1ccccc1-n1c(=O)n(Cc2ccccc2)c(=O)c2c(C)cc(C)nc21,0,0.539295666246561,0.0236680967873795,-9.716352,0.0328122931469094,0.23535020223915648
5699,Cc1cc(N2CCOCC2)n2nc(C)c(-c3ccc(Cl)cc3)c2n1,0,0.714524869643604,0.0584713607591739,-21.174467,0.045991688995738,0.18376109442244454
5700,CCC(=O)Nc1c(-c2ccc(C)cc2)nc2ccc(Cl)cn12,0,0.782787060698456,0.0026473308624526,-0.34493828,0.0526430470055633,0.1971133522219742
5701,NCc1noc(-c2ccccc2Cl)n1,0,0.819967983481401,0.965473331379196,-5.8631444,0.0770524629359975,0.164472177809112
5702,Cc1cccnc1-c1ccnc(Cl)n1,0,0.671851610006394,0.125266693345814,1.7644867,0.0438337800311902,0.176195236291304
5703,CC(C)(N)c1cn(-c2cccc(Cl)c2)nn1,0,0.869071511423019,0.162747601871501,-2.9419537,0.1451797673885854,0.16738047748597587
5704,CCC(CC)O[C@@H]1C=C(C(=O)O)C[C@H](N)[C@H]1N,0,0.656447410897406,0.395869073251925,4.2972784,0.1906705501594174,0.6106066355196311
5705,O=C(NCCn1nc(C(=O)NC2CC2)c2c1CCOC2)c1ccc2ccccc2n1,0,0.65201165137506,0.0167037144517981,-0.42626905,0.1027501298598804,0.06941019160594278
5706,COc1ccc(F)cc1S(=O)(=O)N1CCn2c(n[nH]c2=O)C1,0,0.85007405929477,0.003561671594611,-13.159012,0.2975406506248997,0.4557795964349289
5707,Cc1cnc(-c2ccccc2)n1C1CNC1,0,0.826586819875591,0.551028389809136,-13.032476,0.2167726433766005,0.13611391568078096
5708,COc1ccc(C(=O)N2CCC(n3c(C)cnc3-c3ccncc3)CC2)cn1,0,0.698372806920797,0.0053836526294625,-8.709609,0.0202148389973776,0.13092935051115037
5709,COc1ccc(C(=O)N2CCn3c(nnc3C3CCN(C)CC3)C2)cn1,0,0.821048851413023,0.0016519482330649,-0.5789096,0.0233628904376419,0.15824871963517725
5710,O=C(CCC1CCCCC1)N1CCCC1CCc1noc(-c2ccncc2)n1,0,0.708862104265207,0.0031410675806701,-5.9889617,0.0167214760724339,0.08221188792353203
5711,O=C(CC1CCCC1)N1CCCC(CC2CC2)(c2noc(-c3cccnc3)n2)C1,0,0.727273992171146,0.0021661613890412,-7.004224,0.0107889382893254,0.07242116431056275
5712,O=C(c1cn2c(n1)C(c1ccccc1)N(C(=O)C1CC1)CC2)N1CCCCC1,0,0.825214386151613,0.0008481248058163,-8.03389,0.025536121689298,0.09379983271319861
5713,CCOC(=O)CSc1nc2c(c(=O)n1CC1CCCCC1)C1(CCCCC1)Cc1ccccc1-2,0,0.292448130559732,0.0576196062140356,8.945332,0.0346807987046408,0.31392917041923524
5714,CCSc1nc2c(c(=O)n1C1CCOC(C)(C)C1)C1(CCCC1)Cc1ccccc1-2,0,0.480605257756572,0.0945188040055854,8.127149,0.0330129361183853,0.09520715264326614
5715,CC(C)C(NC(=O)c1ccc(C23CC4CC(CC(C4)C2)C3)cc1)C(=O)N1CCN(c2ccccn2)CC1,0,0.627018513876575,0.0160240005416737,-7.709552,0.0229208274146041,0.20414907872439159
5716,O=C(C1CCCCC1)N1c2nc(-c3cccnc3)nn2C2(CCCCC2)[C@@H]2CCCC[C@@H]21,0,0.628541264856802,0.244295946368652,5.2097473,0.026178839210788,0.15050686165705388
5717,Cc1cc(N2CCCC2)n2nc(C)c(-c3ccc(F)cc3)c2n1,0,0.7225565426006,0.11787580417208,-19.685596,0.0414156665187166,0.09756646293501825
5718,CCc1ccc(NC(=O)c2ccc(-n3cnc4cccnc43)cc2)cc1,0,0.603462744085227,0.0015529700357531,1.3551773,0.0276009165081762,0.13065731884095805
5719,Fc1cccc(-c2noc(CC3CCNCC3)n2)c1,0,0.921506371676339,0.0028576435125661,-4.9012303,0.0397413796174872,0.15727166704561776
5720,Cc1cccc(-n2cnc3cc(C(=O)NCc4cccnc4)ccc32)c1,0,0.615615912317439,0.0049815382388192,-3.1527152,0.0090259431820135,0.13897208197408695
5721,COc1ccc(-c2cc3nc(C)cc(N4CCC(C(=O)Nc5cc(Cl)ccc5C)CC4)n3n2)cc1,0,0.398781765079778,0.100407170171388,-11.502017,0.0505568367063331,0.09924644247471368
5722,CCCNC(=O)c1ccc(-c2cccc(F)c2)nc1,0,0.915489093829253,0.01506994966847,-13.993228,0.0534648805117648,0.39928884583553076
5723,Cn1c(=O)n(Cc2ccc(Cl)cc2)c(=O)c2cnc(-c3cccnc3)nc21,0,0.544925355032665,0.0137033215860512,-5.464655,0.0331122222736515,0.33473829973138425
5724,Cc1ccc(-c2nc3ccccn3c2CCC(=O)Nc2cccc(F)c2)cc1,0,0.533857226908497,0.0271683542253643,3.098537,0.0165207354410035,0.20534862749330163
5725,Cc1ccc(-c2nc3ccccn3c2CCC(=O)Nc2ccccc2C)cc1,0,0.526154201897484,0.226897035403072,9.255527,0.0164065192752986,0.16925996057419582
5726,Cn1cc(CC(=O)NC2CCCCC2)c2cccnc21,0,0.93229634071856,0.0092310469772535,-7.9927354,0.1389926107930977,0.17755913191741268
5727,COc1c(C(=O)NC(C)(C)C)sc2cc(Cl)ccc12,0,0.906384417322933,0.0046257183021362,2.0621452,0.0477472085168282,0.36830771707061255
5728,Cc1noc(-c2ccc(SCC(=O)NC(C)c3ccccc3)nc2)n1,0,0.683350892208138,0.0048301362699676,-4.0720506,0.016371074323524,0.12540112143743704
5729,Cc1cc(C)n(-c2ccc(C(=O)NC3CCCCC3)cn2)n1,0,0.947430649917269,0.0022107076230092,-6.1184926,0.0233591433574246,0.10735698258396069
5730,Cc1csc(-c2ccc(N3CCN(C(=O)Cc4ccc(Cl)cc4)CC3)nc2)n1,0,0.648012653445837,0.0114384253753938,-6.857699,0.0136974628415452,0.12653283912102375
5731,Cn1cnc2c1CN(C(=O)c1ccc(F)c(Cl)c1)CC2,0,0.809693452822434,0.0478669401761127,-16.420898,0.0560975932559609,0.28350976084822477
5732,CN(Cc1ccncc1)C(=O)c1cc(Cl)ccc1F,0,0.864046510116171,0.737699873473603,6.0289226,0.0441616790966075,0.3339503581833126
5733,CC(C)(C)C1CCc2c(sc3nc(CCC(=O)NC4CCCC4)[nH]c(=O)c23)C1,0,0.808889828401769,0.0368347765472901,5.888544,0.0169229192290139,0.11810668255930576
5734,Cc1c(C(=O)Nc2nonc2-c2ccc(OC(C)C)cc2)oc2ccc(Br)cc12,0,0.420984632114972,0.0467248767592165,2.7089815,0.0358189383656087,0.12534011087738162
5735,COc1cc(=O)n2c(c1C(=O)Nc1cccc3c1CCCC3)CCCC2,0,0.921705402930358,0.001218064116209,-9.754022,0.0590914125818226,0.13630375466250555
5736,CN1CCC(Oc2ccc(C(=O)NCCc3ccccn3)cn2)CC1,0,0.870143094160879,0.137693170914779,-12.96662,0.0370329743587779,0.17536354382855096
5737,CCNC(=O)c1c(-c2c(Cl)cccc2Cl)noc1C,0,0.939674116208353,0.0077678547139839,6.092014,0.1425639141509292,0.19718434387024936
5738,O=C(CSc1nc2ccc(NC(=O)C3CCCCC3)cc2s1)Nc1ccccc1,0,0.508341974430489,0.0556280926648325,6.4401517,0.0092628947591416,0.17748756809644237
5739,CC(C)(C)C1CCc2c(sc(NC(=O)C34CC5CC(CC(C5)C3)C4)c2C(=O)Nc2ccccc2C(F)(F)F)C1,0,0.396400453206648,0.748046781478415,3.4943504,0.3737153885804866,0.15151219714987968
5740,COc1ccc(CC(C)(C)O)cc1OC,0,0.82589202226589,0.996805323197354,5.496543,0.5952713530775454,0.20632428988537832
5741,COc1ccc2nc(O)cc(C)c2c1,0,0.747726055807857,0.505063402080262,3.5740056,0.0386570518892205,0.1662580069732768
5742,CC(C)CC(NC(=O)c1ccccc1)C(=O)OCC(=O)N1CCN(C23CC4CC(CC(C4)C2)C3)CC1,0,0.558849593365339,0.0060672751593054,-8.795021,0.0445400045576962,0.3850463216090457
5743,O=C(Nc1ccc(Cc2ccncc2)cc1)c1ccc(C23CC4CC(CC(C4)C2)C3)o1,0,0.560289451002043,0.174847799096285,9.082619,0.0118212215317041,0.2003965309415503
5744,CCc1ccc(NC(=O)c2cc(S(=O)(=O)NCC34CC5CC(CC(C5)C3)C4)c(Cl)cc2Cl)cc1,0,0.448979527089865,0.869178800548924,11.2540045,0.0291239305498399,0.36852110046634523
5745,CCOC(=O)CC(NC(=O)c1cccc2c1C(=O)N(C1CCCCC1)C2)c1ccc(C)cc1,0,0.622770214008991,0.0165873648026131,-2.9742174,0.1118144713125632,0.33258165878696105
5746,CCC(=O)N1CCc2cc(S(=O)(=O)NC(CC(C)C)C(=O)Nc3cccc(C)c3C)ccc21,0,0.609696656271011,0.0264567567617771,-7.1752777,0.0343502888026951,0.2607560257946816
5747,CCn1c(CNC(=O)C23CC4CC(CC(C4)C2)C3)nnc1SCC(=O)Nc1ccc(C)cc1,0,0.569024821487374,0.0059185260939856,3.6543455,0.0192046777270021,0.20471111030763645
5748,CCCCn1c(CNC(=O)C23CC4CC(CC(C4)C2)C3)nnc1SCC(=O)Nc1ccc(C)cc1,0,0.455421313182848,0.0361797678861741,4.3898997,0.0137653541059761,0.16820840402062415
5749,Cc1ccc(CSc2nc3ccncc3n2Cc2ccc(C(=O)NC3CCCCC3)cc2)cc1,0,0.329527430612542,0.113322570567838,3.7306414,0.0184710553076664,0.10885895328311246
5750,O=C(NC1CCCCCC1)c1ccc(Cn2c(SCc3ccccc3F)nc3ccncc32)cc1,0,0.242770247634716,0.053654202624342,3.3809361,0.0182094844864336,0.1136217187990988
5751,Cc1ccc2occ(CC(=O)Nc3sc4c(c3C(=O)NCC3CCCO3)CCCC4)c2c1,0,0.564490440858784,0.0230175809403008,6.5112596,0.0117699762260574,0.08051612142609389
5752,Cc1ccccc1NC(=O)CSc1nc2ccc(NC(=O)C3CCCCC3)cc2s1,0,0.472404047104866,0.108441765366727,6.445105,0.0112679904112786,0.18702995930873953
5753,Cc1ccccc1NC(=O)CSc1nc2ccc(NC(=O)C34C[C@H]5C[C@@H](C3)C[C@@H](C4)C5)cc2s1,0,0.386695998161772,0.219393457239522,8.068889,0.0139467452005482,0.15549176838305762
5754,Cc1cccc(NC(=O)CSc2nc3ccc(NC(=O)C4CCCCC4)cc3s2)c1,0,0.472404047104866,0.0863978212536508,5.3812037,0.007680838322438,0.16177212776327626
5755,Cc1ccc(NC(=O)CSc2nc3ccc(NC(=O)C4CCCCC4)cc3s2)cc1C,0,0.438378217040244,0.190988594432842,4.5978503,0.0167313066398234,0.211803330201236
5756,CC(=O)N1CCC(N(CCCN2CCC(C)CC2)C(=O)Nc2ccc(Br)c(C)c2)CC1,0,0.62398543462402,0.0040822907308704,-1.7516477,0.0553660662062318,0.4006898091241049
5757,CC(C)CCn1c(SCC(=O)c2ccccc2)nc2cc(C(=O)NC3CCCCC3)ccc2c1=O,0,0.24351025782343,0.0962989621295989,8.561742,0.0201145481171021,0.13755916514099184
5758,O=C(NC1CCCCC1)c1ccc(Cn2c(SCc3ccc(Cl)cc3)nc3ccncc32)cc1,0,0.300726196636426,0.0662470775021208,1.8744112,0.0197976929741239,0.11565348814487168
5759,Cc1ccc(NC(=O)CN(C)C(=O)c2ccc3c(c2)nnn3C2CCCC2)c(C)c1,0,0.698667400782701,0.002666464861273,5.553948,0.0228586139471168,0.07874365699667193
5760,Cc1ccc(-c2noc(CCC(=O)Nc3ccc4sc(NC(=O)C5CCCCC5)nc4c3)n2)cc1,0,0.342254414313656,0.107305645227029,1.0593797,0.0125378780691871,0.09530280408155821
5761,O=C(NC1CCCCC1)c1ccc(NC(=O)c2nnc(COc3ccc(F)cc3)s2)cc1,0,0.54549308537691,0.0072834834102313,-8.495262,0.0386643565391367,0.20075176509083
5762,CC(=O)N1CCC(C(=O)O)CC1,0,0.618132757125084,0.999549054654153,6.165964,0.0613936551461566,0.2912620416635475
5763,O=C(CCCn1nnc2cc(S(=O)(=O)N3CCCCC3)ccc21)Nc1ccc2ccccc2c1,0,0.430724334110097,0.0024068571590981,3.4320312,0.0240185733452211,0.1104897621665469
5764,COc1ccc(CCNC(=O)c2ccc3c(c2)nc(C)n3-c2ccc(OCc3ccccc3)cc2)cc1OC,0,0.247617958630364,0.412913051011997,0.48658693,0.0353098740651632,0.09847083372744532
5765,Cc1ccc(S(=O)(=O)Nc2cc(C(=O)NC3CCCC(C)C3C)ccc2N2CCCCC2)cc1,0,0.581265833991899,0.114013079046346,0.69920766,0.0563092791710617,0.19414983697856375
5766,CCc1ccc(CNC(=O)c2ccc(-c3nc(CCN(C)C(=O)Nc4ccccc4C)no3)cc2)cc1,0,0.329232165029532,0.240260939427297,5.5768943,0.0208858753581224,0.117319794410327
5767,Cc1ccc(CN(C(=O)C2CC2)c2ccc(CC(=O)NCCN3CCCCC3)cc2)cc1,0,0.648269520246567,0.916455354393549,-7.950047,0.105702054214767,0.20930127574922025
5768,O=C(COc1ccc(F)cc1)c1ccc2c(c1)N(Cc1ccc(C(=O)NC3CCCCC3)o1)C(=O)CO2,0,0.446196724442191,0.0572988732554798,1.144118,0.0476555531241917,0.14576926703421825
5769,CN1CC(C(=O)O)CC1=O,0,0.54046820398737,0.998989476792449,7.2533593,0.7503214240324142,0.562470477675826
5770,CC(=O)c1cccc(NC(=O)COc2ccc(S(=O)(=O)NC3CCCCC3)cc2C)c1,0,0.602809230123126,0.0069458698947084,-10.012517,0.0525561858343347,0.3647904302328523
5771,Cc1ccc(-c2cc3nc(C)cc(N4CCC(C(=O)Nc5ccc(F)cc5F)CC4)n3n2)cc1,0,0.45684495467962,0.0355666487755779,-8.442598,0.1029172314087987,0.188323171236011
5772,Cc1ccc(-c2cc3nc(C)cc(N4CCC(C(=O)NCc5ccccc5F)CC4)n3n2)cc1,0,0.47254556205397,0.021188621056986,-13.099549,0.0281938037639677,0.0979017960248744
5773,Cc1ccc(-c2cc3nc(C)cc(N4CCC(C(=O)NC5CCCCC5)CC4)n3n2)cc1,0,0.651598455246945,0.0102832190477765,-11.2644,0.0270529032501379,0.12268735727169422
5774,Cc1cc(N2CCC(C(=O)Nc3ccc(C(C)C)cc3)CC2)n2nc(-c3ccc(Cl)cc3)cc2n1,0,0.356663539581022,0.0896699229172092,-11.06539,0.0423343950372696,0.10024298351860095
5775,CC(=O)Nc1ccc(NC(=O)C2CCN(c3cc(C)nc4cc(-c5ccc(C)cc5)nn34)CC2)cc1,0,0.425296554373104,0.0271239033345265,-9.678445,0.0556370190328083,0.12243447119136316
5776,Cc1cc(N2CCC(C(=O)NCc3ccccc3F)CC2)n2nc(-c3ccccc3)cc2n1,0,0.497411913396526,0.0322761510383812,-14.346486,0.0231211623914008,0.09569172735872793
5777,COc1cc(-c2ncc(C(=O)N(C)C3CCCCC3)c(N3CCCCC3C)n2)cc(OC)c1OC,0,0.552365084206684,0.337309101927379,-4.925024,0.0192883954851767,0.17216836522313556
5778,Cc1c(-c2ccc(Br)cc2)nc2ccccc2c1C(=O)O,0,0.73620458876478,0.205059873026362,11.219771,0.7636466522077995,0.7050696750506251
5779,Cc1ccc(-c2cc3nc(C)cc(N4CCC(C(=O)Nc5ccc(C)c(C)c5)CC4)n3n2)cc1,0,0.444122602190989,0.0780498061552729,-11.504134,0.0306497918559442,0.10856691698201111
5780,Cc1ccc(CNC(=O)C2CCN(c3cc(C)nc4cc(-c5ccc(C)cc5)nn34)CC2)cc1,0,0.469046600168167,0.0322173619266396,-11.482066,0.0233506382177041,0.09140061891913506
5781,Cc1ccc(-c2cc3nc(C)cc(N4CCC(C(=O)Nc5ccc(F)cc5C)CC4)n3n2)cc1,0,0.450816435923175,0.0800366340775009,-12.119405,0.0567094123609463,0.12287174303831398
5782,Cc1ccc(-c2cc3nc(C)cc(N4CCC(C(=O)Nc5ccc(F)cc5Cl)CC4)n3n2)cc1,0,0.411639373911885,0.0385576250963931,-8.429441,0.0808245512266248,0.12756584780259833
5783,Cc1cccc(-c2ncc(C(=O)N(C)C3CCCCC3)c(N(C)C3CCCCC3)n2)c1,0,0.629294162622058,0.151660047522782,-2.180151,0.016905313148767,0.3403458516671238
5784,CCc1ccc(NC(=O)C2CCN(c3cc(C)nc4cc(-c5ccc(F)cc5)nn34)CC2)cc1,0,0.444010753754449,0.0089140982559033,-12.641229,0.057708404880684,0.10210650452135248
5785,CC1CCC(NC(=O)C2(c3ccc(NS(=O)(=O)c4ccc(C5CCCCC5)cc4)cc3)CC2)CC1,0,0.476847931412406,0.272806296908686,-2.7572823,0.0947288503656733,0.11700066438706931
5786,CCOc1ccc(NC(=O)C2CCN(c3cc(C)nc4cc(-c5ccc(C)cc5)nn34)CC2)cc1,0,0.416695199411041,0.0071546376792057,-11.173301,0.0369244737095863,0.1010523489593607
5787,CCc1ccc(CNC(=O)C2CCN(c3cc(C)nc4cc(-c5ccccc5)nn34)CC2)cc1,0,0.455553090173001,0.0411366784928725,-12.622151,0.0182616614889485,0.08880998452785759
5788,O=C(NC1CCCCC1)C1(c2ccc(NS(=O)(=O)c3ccc(C4CCCCC4)cc3)cc2)CC1,0,0.509087990333341,0.673153922329353,0.5545701,0.0514251418008802,0.12682121995473639
5789,Cc1ccc(-c2cc3nc(C)cc(N4CCC(C(=O)NC(C)C)CC4)n3n2)cc1,0,0.735660928995589,0.0042440106974262,-14.123958,0.0358344863721504,0.1421379251908956
5790,Cc1cccc(NC(=O)C2CCN(c3cc(C)nc4cc(-c5ccc(Cl)cc5)nn34)CC2)c1,0,0.436032205840395,0.0152485067267503,-11.857713,0.0379645523640428,0.10004212855246619
5791,CC(=O)N1CCC(C(=O)Nc2ccc(OCc3nnc(-c4ccccc4)o3)cc2)CC1,0,0.655372510345968,0.0016002101220276,-14.866786,0.0234520371501314,0.1330136415193277
5792,CCCCN(CC(=O)Nc1c(-c2ccccc2)c(C)nn1-c1ccc(OC)cc1)C(=O)NC1CCCCC1,0,0.348395482525593,0.624907888027979,2.00287,0.0352834015066182,0.10710229242647347
5793,Cc1cc(N2CCC(C(=O)NC(C)C)CC2)n2nc(-c3ccc(Cl)cc3)cc2n1,0,0.701620501474024,0.0035150515459214,-17.899225,0.0405547472405115,0.11702933294576359
5794,CCc1ccccc1NC(=O)C1CCN(c2cc(C)nc3cc(-c4ccc(C)cc4)nn23)CC1,0,0.437631411101826,0.0126984039901374,-12.435224,0.0305750090407687,0.10433057751622636
5795,Cc1ccc(-c2cc3nc(C)cc(N4CCC(C(=O)Nc5cc(Cl)ccc5C)CC4)n3n2)cc1,0,0.404735388046805,0.0313389965464418,-10.466852,0.0361992350658911,0.10929065442977552
5796,Cc1cc(N2CCC(C(=O)NCc3ccccc3)CC2)n2nc(-c3ccccc3)cc2n1,0,0.519606650086132,0.0525797073782485,-15.250497,0.0173096389872988,0.08763418550440989
5797,CCCCN(CC(=O)Nc1cc(C(C)(C)C)nn1-c1ccc(C)cc1C)C(=O)NC12CC3CC(CC(C3)C1)C2,0,0.406183993856658,0.869525679092243,6.009434,0.0505584971886616,0.2502839589704817
5798,CCc1ccc(CNC(=O)C2CCN(c3cc(C)nc4cc(-c5ccc(Cl)cc5)nn34)CC2)cc1,0,0.392363473211703,0.0190430993861501,-12.945151,0.0261733029910362,0.09379016525921063
5799,Cc1ccc(-c2cc3nc(C)cc(N4CCC(C(=O)Nc5ccc(Cl)cc5C)CC4)n3n2)cc1,0,0.404735388046805,0.0259141659011209,-12.14811,0.0370959316860919,0.10502639198874977
5800,Cc1ccc(-c2cc3nc(C)cc(N4CCC(C(=O)Nc5cccc(Cl)c5C)CC4)n3n2)cc1,0,0.404735388046805,0.0379073577958997,-9.634849,0.0346224753306852,0.10469929448882793
5801,CCC(C)NC(=O)C1CCN(c2cc(C)nc3cc(-c4ccc(F)cc4)nn23)CC1,0,0.692542342436807,0.0027848778089734,-14.439313,0.0542921354420753,0.1318031381524518
5802,Cc1cc(N2CCC(C(=O)NCc3ccccc3Cl)CC2)n2nc(-c3ccccc3)cc2n1,0,0.461191804125603,0.0208967036448368,-14.981021,0.0262077496629108,0.09175132208848213
5803,Cc1cc(N2CCC(C(=O)Nc3cccc(C(F)(F)F)c3)CC2)n2nc(-c3ccc(F)cc3)cc2n1,0,0.366697921084343,0.0276214529460901,-12.38443,0.1462669950857062,0.19088869437352585
5804,Cc1ccc(-c2cc3nc(C)cc(N4CCC(C(=O)Nc5cccc(Cl)c5)CC4)n3n2)cc1,0,0.436032205840395,0.011276564998683,-10.143962,0.0397929295942435,0.10492323864493953
5805,Cn1c(=O)n(Cc2ccc(F)cc2)c(=O)c2cnc(-c3ccncc3)nc21,0,0.553694817219436,0.0312204829995259,-5.554017,0.0678179129441912,0.43911916111801197
5806,Cc1cc(N2CCC(C(=O)NCc3cccc(Cl)c3)CC2)n2nc(-c3ccccc3F)cc2n1,0,0.437649856326318,0.130822944424214,-10.554981,0.0408379653259595,0.09800773615369465
5807,CCOc1ccccc1CNC(=O)C1CCN(c2cc(C)nc3cc(-c4ccccc4F)nn23)CC1,0,0.406460000894805,0.0117196977798428,-8.170626,0.0501056453154665,0.08722694362647358
5808,Cc1cc(N2CCC(C(=O)Nc3c(C)cccc3C)CC2)n2nc(-c3ccc(F)cc3)cc2n1,0,0.450816435923174,0.0905792426838193,-7.861722,0.0623471819726861,0.11110186277051486
5809,Cc1ccccc1C1CCCN1C(=O)c1cnn2c(C(F)F)cc(C3CC3)nc12,0,0.634699725686621,0.0083507837734576,-0.052103996,0.0308360792110507,0.07293362349158992
5810,Cn1c(=O)n(Cc2ccc(Cl)cc2)c(=O)c2cnc(-c3ccncc3)nc21,0,0.544925355032665,0.0253625849072351,-8.808492,0.0448585297528157,0.33393196536371844
5811,Cc1ccc(CNC(=O)C2CCN(c3cc(C)nc4cc(-c5ccccc5)nn34)CC2)cc1,0,0.495723289219901,0.0447066068782725,-12.842139,0.0188225101353786,0.0901379078284609
5812,CC(C)Sc1nc2c(c(=O)n1C1CCOC(C)(C)C1)C1(CCCCC1)Cc1ccccc1-2,0,0.404898187075687,0.0711702019775727,6.334307,0.042410198726437,0.28899922774227216
5813,CC(C)CCSc1nc2c(c(=O)n1C1CCOC(C)(C)C1)C1(CCCCC1)Cc1ccccc1-2,0,0.343483901162324,0.0989930149432621,8.026847,0.0344414945895672,0.14140979080087895
5814,O=C(CSc1nc2c(c(=O)n1CC1CCCCC1)C1(CCCC1)Cc1ccccc1-2)c1ccc(Cl)cc1,0,0.187370775380953,0.331247362724309,5.04025,0.0273124538967755,0.11884016351085389
5815,CC1(C)CC(=O)C2=C(C1)N(Cc1cccnc1)C(=O)C2(NC(=O)CCC1CCCCC1)C(F)(F)F,0,0.617441912348905,0.0125587960519618,-12.6495695,0.1138032111823076,0.45228210869216756
5816,COc1ccc(C2(C(=O)N3CCC[C@H]3Cn3cc(C(=O)NC4CCCC4)nn3)CC2)cc1,0,0.719420508245105,0.0178738992766237,4.856714,0.0278602614081446,0.07044816102188017
5817,O=C(NC1CCCC1)c1cn(C[C@@H]2CCCN2C(=O)C2(c3ccccc3)CCCC2)nn1,0,0.753641942346218,0.0160649597369615,3.2516298,0.0440966057383037,0.07733247549567093
5818,Cc1cc(N2CC(C)CC(C)C2)nc2ccc(NC(=O)CCC(=O)N3CCC(Cc4ccccc4)CC3)cc12,0,0.396631504584566,0.266762731112901,-0.099642634,0.0312778265964343,0.16169634518764636
5819,CC1CN(C(=O)c2c(NC(=O)c3ccccc3F)sc3c2CCC(C(C)(C)C)C3)CC(C)O1,0,0.638112809647962,0.0136251610104036,-3.1739466,0.0443958403173688,0.184777811767648
5820,CCn1cc(C(=O)NC2CCCCCCC2)c(=O)c2cc(S(=O)(=O)N3CC(C)CC(C)C3)ccc21,0,0.651938683482186,0.0102415420352468,-0.8229449,0.0225115871070839,0.18609759272626286
5821,CCn1cc(C(=O)NC2CCCCCC2)c(=O)c2cc(S(=O)(=O)N3CC(C)CC(C)C3)ccc21,0,0.642214621406919,0.0089046961936945,-1.0012162,0.0205965425126042,0.19807921540965762
5822,COc1ccc(/C=C\c2onc(C)c2S(=O)(=O)N2CCC(C(=O)NC3CCCC(C)C3C)CC2)cc1,0,0.582467542168687,0.145303991549437,-1.7796267,0.0226780748044252,0.13134912226295445
5823,CCn1cc(C(=O)NC2CCCCC2C)c(=O)c2cc(S(=O)(=O)N3CCCCCC3)ccc21,0,0.713463875345798,0.0041064371913689,-0.33285594,0.0180481833047689,0.16771726426907177
5824,Cc1noc(/C=C/c2ccco2)c1S(=O)(=O)N1CCC(C(=O)NC2CCCC(C)C2C)CC1,0,0.674612979953539,0.0222204374395081,4.5302105,0.0206040169543679,0.1044057207925613
5825,O=C(NC1CCCC1)c1cn(C[C@@H]2CCCN2Cc2c[nH]c3ccccc23)nn1,0,0.675649988192992,0.0064419686333796,5.025641,0.0268194709208926,0.09301562018902514
5826,CC1CCCN(C(=O)c2c(NC(=O)c3ccccc3)sc3c2CCC(C(C)(C)C)C3)C1,0,0.636565334449117,0.045013558268587,-5.3182483,0.037744466102478,0.2276385617237176
5827,CC(C)(C)C1CCc2c(sc(NC(=O)c3cccs3)c2C(=O)N2CCCCCC2)C1,0,0.609993525173976,0.0519554099457451,-8.731244,0.026179212891769,0.10549640035509203
5828,CC1CCCCC1NC(=O)C1CCC(CNS(=O)(=O)c2cccc3nsnc23)CC1,0,0.701713571777883,0.0089720565810657,6.550386,0.0275712984034361,0.15289255770665722
5829,Cc1cccc(-c2ocnc2C(=O)N2C[C@@H](F)C[C@H]2Cn2cc(C(=O)NC(C)C)nn2)c1,0,0.631664636274263,0.0037005226079106,3.0635023,0.0508170838566288,0.08343261318224535
5830,Cc1ccc(CSC2=Nc3ccccc3C3=NC(c4ccccc4)C(=O)N23)cc1,0,0.605102753710654,0.12176772426585,7.187721,0.018746297687289,0.14159403404936935
5831,CC1CCCC(C)N1C(=O)Cn1cc(C(=O)C2CCCCC2)c2ccccc21,0,0.68478883597806,0.0409783141454821,4.162022,0.045688314515629,0.1930866086765249
5832,Cn1c2ccccc2c2c(C(=O)N3CCN(c4ccc(F)cc4)CC3)cn(C3CCCCC3)c(=O)c21,0,0.40492328384443,0.1295358072049,5.794955,0.0384664593670501,0.17042753022925403
5833,CC(C)NC(=O)c1cn(C[C@@H]2C[C@H](F)CN2C(=O)CCCc2c[nH]c3ccccc23)nn1,0,0.563035308879372,0.0899687628614562,8.372938,0.0430448961219012,0.07152057543507354
5834,Cc1cccc(OCC(=O)N2CCC[C@H]2Cn2cc(C(=O)NC3CCCC3)nn2)c1,0,0.755338820201788,0.0034561977014038,3.2004795,0.0152781925685522,0.06661587941253803
5835,Cc1ccc(CN2CCC[C@H]2Cn2cc(C(=O)NC3CCCC3)nn2)nc1,0,0.846779749700747,0.0027297119197588,-1.3005878,0.0187922154685535,0.07767421792006286
5836,Cc1ccc(C(=O)N2CCC[C@H]2Cn2cc(C(=O)NCc3ccccc3)nn2)cc1F,0,0.663697327457757,0.0122944422300086,-1.4825284,0.0251577159120913,0.1057910999197507
5837,O=C(CCC1CCCCC1)N1CCCC(OCCc2noc(C3CC3)n2)C1,0,0.69005505416736,0.0021247693636535,-2.9190145,0.0171526204293686,0.07023643036489943
5838,O=C(NCc1ccccc1)c1cn(C[C@@H]2CCCN2C(=O)CCC2CCCC2)nn1,0,0.726203854677523,0.0117736796809696,-2.9733734,0.0147141662033644,0.06909280281115929
5839,COc1ccc(-n2c(=O)c3c4c(sc3n(Cc3ccc(C(C)(C)C)cc3)c2=O)CCCC4)c(OC)c1,0,0.362339008006456,0.127974693669445,9.007787,0.0311365695324223,0.24105457709944256
5840,Cc1cccc(C(=O)N2CCC[C@H]2Cn2cc(C(=O)NCc3ccccc3)nn2)c1,0,0.686358309372918,0.0063136952672908,-8.495602,0.021212054370015,0.08056332025517435
5841,COCCn1c(C)cc(C(=O)N2C[C@@H](F)C[C@H]2Cn2cc(C(=O)NC(C)C)nn2)c1C,0,0.682993234139771,0.010352139472537,6.933825,0.0426714129592824,0.09163579516007181
5842,O=C(NCc1ccccc1)c1cn(C[C@@H]2CCCN2C(=O)CC2CCCC2)nn1,0,0.781737882418259,0.0037523296439988,0.4823209,0.0182324241736422,0.0724287234822039
5843,CC(C)NC(=O)c1cn(C[C@@H]2C[C@H](F)CN2C(=O)c2ccc(F)c(F)c2)nn1,0,0.839321515467354,0.522071902350193,2.6132207,0.0928135909048646,0.2508861449582634
5844,CN(CCc1noc(-c2nn(CC3CC3)c3c2COCC3)n1)C(=O)C1CCCCC1,0,0.693566797829065,0.0032249416591824,-0.4890411,0.0100641850418174,0.07438903853518361
5845,Cc1ccc(C(=O)N2C[C@@H](F)C[C@H]2Cn2cc(C(=O)NC(C)C)nn2)cc1C,0,0.853640670308186,0.0052464787356439,3.933107,0.0384535193887878,0.11710236799332932
5846,CN(CCc1noc(-c2nn(CC3CC3)c3c2COCC3)n1)C(=O)NC1CCCC1,0,0.747624592537056,0.0024506373513513,7.9526076,0.0135606507247959,0.06455138696039076
5847,COc1ccc(-n2c(=O)c3c4c(sc3n(Cc3cc(C)ccc3C)c2=O)CCCC4)c(OC)c1,0,0.416128292739875,0.0033327359333239,13.35835,0.0274399285806831,0.17862242516567983
5848,CN(C)C(=O)c1cn(C[C@@H]2C[C@H](F)CN2C(=O)CCC2CCCC2)nn1,0,0.771792356453575,0.0022248890199604,0.6090132,0.0176695989083496,0.06695832246128812
5849,CC(C)NC(=O)c1cn(C[C@@H]2C[C@H](F)CN2C(=O)CCC2CCCC2)nn1,0,0.788446926475897,0.0124985222516699,2.035112,0.0195536605253034,0.06047472613902579
5850,Cc1cc(C(=O)N2C[C@@H](F)C[C@H]2Cn2cc(C(=O)NC(C)C)nn2)ccn1,0,0.853297163763565,0.0721911377844975,1.646087,0.0487131188449903,0.11425168126449503
5851,CC(C)NC(=O)c1cn(C[C@@H]2C[C@H](F)CN2C(=O)Cc2ccccc2F)nn1,0,0.813499123689864,0.0830059141147673,0.017052889,0.0521052491781974,0.13112856109871857
5852,NC(=O)c1cn(C[C@@H]2C[C@H](F)CN2C(=O)CCC2CCCCC2)nn1,0,0.843461682168241,0.0035917910319329,-4.492657,0.0326974044531318,0.09518525161230106
5853,O=C(Cn1c(=O)n(Cc2ccc(C(=O)NC3CCCC3)cc2)c(=O)c2ccccc21)c1ccc(F)cc1,0,0.390681428918939,0.0108763786028239,1.727151,0.0312305858343143,0.10590418449639674
5854,COc1cccc(CC(=O)N2C[C@@H](F)C[C@H]2Cn2cc(C(=O)NC(C)C)nn2)c1,0,0.758696928572148,0.0033741956645411,-0.59142554,0.0412015265685161,0.07813510338218274
5855,CS(=O)(=O)N1CCC(c2noc(CCNC(=O)C3(c4ccccc4)CCCC3)n2)CC1,0,0.700058585354292,0.350856821943201,-16.684433,0.0218323934918035,0.06919999323259182
5856,CCCNC(=O)Cc1ccc(-n2c(=O)c3ccccc3n(Cc3ccc(N4CCCC4=O)cc3)c2=O)cc1,0,0.393286868337262,0.32957324934676,9.761024,0.159630421463417,0.1910058651277425
5857,CN(C1CCCCC1)S(=O)(=O)c1ccc2c(c1)c(=O)c(C(=O)NC1CCCCCC1)cn2C,0,0.66634105421983,0.0407801492620427,4.6007056,0.0304107037858569,0.2953816918529162
5858,O=C(Nc1cc(NC(=O)C2CCCCC2)c2c(c1)Oc1ccccc1CC2)C1CCCCC1,0,0.554827060734,0.367522787663384,15.227382,0.0565161052858984,0.47091847728932634
5859,Cc1ccc(Cn2c(=O)n(Cc3ccc(C(=O)NC4CCCC4)cc3)c(=O)c3ccccc32)cc1,0,0.461025768018354,0.0060305000012404,2.329558,0.0159018428361293,0.07799282265393462
5860,Cc1cc(N2CCCC2=O)c(NC(=O)C2CCCCC2)cc1NC(=O)C1CCCCC1,0,0.68389555274585,0.151460072710656,10.530446,0.0678070235128418,0.44663642163786416
5861,O=C(NC1CCCC1)c1ccc(Cn2c(=O)c3ccccc3n(Cc3ccc(Cl)cc3)c2=O)cc1,0,0.432202178648304,0.0079162441242277,-0.4929688,0.0272467968635864,0.08790718168868646
5862,CC(C)NC(=O)c1cn(C[C@@H]2C[C@H](F)CN2C(=O)c2cccnc2)nn1,0,0.860734866522974,0.0284863205460825,-1.720949,0.0870275820405604,0.08877413758987987
5863,CCOC(=O)c1c(CN2CCCCC2)n(C2CCCCC2)c2cc(Br)c(O)cc12,0,0.571764842173803,0.0950095096885248,-2.1953974,0.3547512139908618,0.4124246662452024
5864,O=C(c1ccc(Cl)c(Cl)c1)N(CCc1csc2nc(-c3ccc(Cl)cc3)cn12)Cc1ccccc1,0,0.210292155010149,0.485161115238794,8.176785,0.021049309530439,0.08647480940232477
5865,Cc1ccc(-c2ccc(N3CCCN(C(=O)CN(Cc4ccccc4)C(=O)c4ccccc4Cl)CC3)nn2)cc1,0,0.302717448732558,0.219858724562276,3.4116592,0.020113767917933,0.16060824125876577
5866,CCN1CCN(c2c(CN(CC(C)C)C(=O)Nc3cccc(C)c3)c(C)nn2-c2ccccc2)CC1,0,0.466204516573679,0.0375153487348816,-7.777803,0.0430589573442425,0.13123695587296408
5867,COc1cccc(COc2ccc(-c3nc(C(=O)NCCN4CCOCC4)cs3)cc2)c1,0,0.535031192702075,0.0062866263780229,-0.8831532,0.0232589034714539,0.12848586054430228
5868,Cc1ccc(-c2noc(CCN(C(=O)c3ccc(C(F)(F)F)cc3)C3CCCCC3)n2)cc1,0,0.450043494973156,0.169985947133319,-3.0754383,0.0249374433016868,0.2564879774869848
5869,COc1cccc(-c2nnc(SCC(=O)NCc3cc(NC(C)=O)ccc3OC)n2-c2ccccc2)c1,0,0.301804231998939,0.276568059890674,-1.2981176,0.0349219253183846,0.1341610443137652
5870,Cc1ccc(-c2nc(CCNC(=O)c3oc4ccc(Br)cc4c3C)cs2)cc1,0,0.40728414221644,0.0479311181713653,4.9641385,0.0164896245702475,0.0966256317331135
5871,CCCCN(C)C(=O)c1c[nH]c2ccc(S(=O)(=O)N(CC)c3cccc(C)c3)cc2c1=O,0,0.557312207530811,0.0026389568068947,5.8603845,0.0671995910534221,0.2993546155460817
5872,CCOC(=O)c1ccc(OC2CC3CCC(C2)N3C(=O)c2ccc(CSc3ccccc3C(C)(C)C)cc2)cc1,0,0.210143801007976,0.889761943546896,1.4796745,0.2248687709051473,0.2843319425222719
5873,Cc1ccc(-c2noc(CCCC(=O)N3CCC(c4nc(C5CCOCC5)no4)CC3)n2)cc1,0,0.51425231089713,0.0072651089384628,-8.117657,0.0210557695880175,0.1445591492702908
5874,CCOc1ccc(NC(=O)CSc2nc3cc(C(=O)NCC4CCCO4)ccc3c(=O)n2Cc2ccco2)cc1,0,0.207061054179254,0.315127916678054,7.8481517,0.0557137004757172,0.108808891405338
5875,CCCCC(O)(CCCC)C1=NN(c2ccc(C)cc2)C(=O)C(c2ccccc2)(c2ccccc2)O1,0,0.347116293933808,0.206500851894427,11.551253,0.0834682057382258,0.1747934061877448
5876,O=C1CN(C(=O)C2(c3ccc(Cl)cc3)CCCC2)C(c2ccc(F)cc2)c2cc(Cl)ccc2N1,0,0.44840790538978,0.248748251943893,-2.9884114,0.1044864726637835,0.17803196538898206
5877,CCCN(C(=O)C1CCC(C)CC1)c1nc(-c2ccc(C3CCCCC3)cc2)cs1,0,0.482949204002222,0.305514124051231,-3.9333658,0.0407995577278395,0.21702563206166753
5878,CCCN(C(=O)Nc1ccc(C)c(C)c1)c1nc(-c2ccc(C3CCCCC3)cc2)cs1,0,0.416909451056148,0.308339826059066,4.637634,0.0235903100305819,0.12579353069407034
5879,CCOc1ccccc1NC(=O)N(CC)c1nc(-c2ccc(C3CCCCC3)cc2)cs1,0,0.411151798995768,0.190257988165592,8.237878,0.0197521796997484,0.12000171297869722
5880,O=C(c1cc(-c2ccc(F)cc2)no1)N1CCCC1c1cccs1,0,0.702927467977253,0.0051309352864639,-8.75512,0.0070177824204817,0.08534446239925639
5881,O=C(c1cc(-c2ccccc2)no1)N1CCCC1c1cccs1,0,0.718020443336641,0.0053852868056156,-6.4805245,0.0083151087044961,0.0759272045708787
5882,O=C(c1c(F)cccc1F)N1CCCC1c1cccs1,0,0.819159900962712,0.0089073193396657,-5.7576547,0.0716000430192776,0.14049405505594761
5883,CC(C)c1cc(C(=O)N2CCCC2c2ccco2)on1,0,0.860599350821222,0.0017735163218783,-4.5897155,0.01545227692299,0.06275707220837815
5884,O=C(c1c(F)cccc1Cl)N1CCCC1c1ccco1,0,0.836762229132617,0.0012874226285441,0.22837937,0.1045990543121183,0.10401284296281972
5885,CCn1nccc1C1CCCN1C(=O)c1c(F)cccc1F,0,0.873399038065515,0.0033966555452682,0.38871562,0.1029715978049014,0.11678010020157084
5886,O=C(NC1CCCCCC1)C1c2ccccc2C(=O)N(C2CCCC2)C1c1cccs1,0,0.614946041455587,0.0278072386391496,0.86097944,0.0204829946251584,0.11224614189237592
5887,Cc1cc(C2CCCN2C(=O)c2cccc(F)c2)no1,0,0.844993676976337,0.0065789823993211,-14.375183,0.0580946796622204,0.0983855400762198
5888,Cc1cc(C2CCCN2C(=O)c2ccccc2F)no1,0,0.844993676976337,0.0022166809385579,-8.198,0.0665454776889744,0.09613832765529598
5889,Cc1cc(C2CCCN2C(=O)c2c(F)cccc2Cl)no1,0,0.84847898769265,0.0020058937259146,-9.155713,0.0350535391763176,0.1423514357700969
5890,CCCc1cc(C2CCCN2C(=O)c2ccc(-c3ccccc3)cc2)no1,0,0.622423052884398,0.0301214836771008,-2.8913922,0.0217376949992325,0.09295059635837268
5891,O=C(NC1CCCCCCC1)C1c2ccccc2C(=O)N1CCCN1CCCCC1,0,0.759764308848965,0.451442733034561,3.473576,0.0937608242289587,0.5712231214285368
5892,Cc1ccccc1NC(=O)Cc1csc2nc(-c3cccc(Br)c3)cn12,0,0.480570714368379,0.0380167840365411,4.9668803,0.0069467763433305,0.07610123986029363
5893,O=C(c1ccc(OC2CCN(C(=O)c3ccco3)CC2)nc1)N1CCOCC1,0,0.798323086278255,0.0010096668025328,-5.9981766,0.0555819474452585,0.19954261285885064
5894,CCNC(=O)c1ccc(OC2CCN(C(=O)c3ccnn3C)C2)nc1,0,0.869592701937,0.0010265638880806,-5.31337,0.0411487315407672,0.08755246231381267
5895,CCOc1cc(=O)n2c(c1C(=O)Nc1ccc(Br)c(C)c1)CCCC2,0,0.839436271198483,0.0016033830304733,-7.7514243,0.0446958977130121,0.13525447917359795
5896,O=c1[nH]nc2n1CCCCC2,0,0.582351306612402,0.918037838330483,8.886996,0.488415200417115,0.3099845727575802
5897,CCOc1ccc2c(n1)CCN(C(=O)c1ccc(OC)cc1)C2,0,0.870801118581949,0.0013597572925706,-12.416261,0.0480667317190213,0.45885777845087866
5898,CCOc1ccc2c(n1)CCN(C(=O)c1ccccc1C)C2,0,0.874188514265726,0.0014291918311141,-10.247976,0.0556744849889411,0.4168111245582974
5899,Cc1cccc(C(=O)N2CCCC2c2cc(C(C)C)on2)c1,0,0.857288389112036,0.0024747255407951,-15.372283,0.0274375615607584,0.10183083979699008
5900,Cc1ccc(C)c(C(=O)N2CCCC2c2cc(C)on2)c1,0,0.846492291898227,0.0028158540758979,-14.141203,0.0488341023326794,0.10622988420595476
5901,CCc1cc2c(cc3n2CC(C)(C(=O)NC2CCCCCC2)N(Cc2ccccn2)C3=O)s1,0,0.54551460764558,0.0197354005496908,9.54758,0.0212673518019214,0.08648041634142549
5902,CCCCN(CC)CCCN1C(=O)c2cc3occc3n2CC1(C)C(=O)NC1CCCCCC1,0,0.506525809668386,0.0029332845455753,8.505483,0.0782510242705153,0.15116366942109705
5903,Cc1cc2c(cc3n2CC(C)(C(=O)NC2CCCCCC2)N(CCC(C)C)C3=O)o1,0,0.726145310123682,0.0042318043468589,11.285016,0.015306882369974,0.13173897822686978
5904,Cc1ccc(Cn2c(=O)c3ccccc3n3c(CCC(=O)NCCC(C)C)nnc23)cc1,0,0.463012502040892,0.0049460904388206,2.5083566,0.0189225525248113,0.1195858979140896
5905,CC(C)Cn1c(=O)c2ccc(C(=O)NC3CCCCC3)cc2n2c(=O)n(CC(=O)c3ccccc3)nc12,0,0.390671780449312,0.0058767650414245,13.266973,0.0296239067600615,0.28744260419558487
5906,CCOc1ccc(C(=O)Cn2nc3n(C)c(=O)c4ccc(C(=O)NC5CCCCC5)cc4n3c2=O)cc1,0,0.387784069294893,0.0046996880288838,13.926951,0.2192706762416569,0.26858008277391365
5907,CC12CCC(=O)C[C@@H]1CCC1C2CCC2(C)C1CC[C@]2(C)O,0,0.722179484618997,0.998425738011203,21.609709,0.9887736451290275,0.8783359357805338
5908,Cc1nccn1CCNC(=O)CCC[C@@H]1[C@H]2CCCN3CCC[C@@H](CN1C(=O)c1cccnc1)[C@@H]23,0,0.630870734793205,0.0071638943617773,6.341735,0.0347148952987057,0.14688011682573657
5909,O=C(C1CCCCC1)N1CCCC1c1nc2ccccc2s1,0,0.815062231163312,0.0196312244157592,-1.2204294,0.0281535393109852,0.08557167962485743
5910,O=C(NCC(c1ccccc1Cl)N1CCCCC1)C12CC3CC(CC(C3)C1)C2,0,0.736186773308303,0.197039342799933,-10.333941,0.064175136026848,0.4766273806306386
5911,Clc1ccc(Cc2nc3nc4c(c(N5CCN(Cc6ccccc6)CC5)n3n2)CCCC4)cc1,0,0.425583365975326,0.0590924267213835,2.0667167,0.0513380616115477,0.18908142684151394
5912,O=C(Nc1nc2c(s1)CN(Cc1ccccc1)CC2)c1ccc(Cl)cc1Cl,0,0.62877966825273,0.0198695891889567,-6.194637,0.0130870485100215,0.10265928844644953
5913,CN1CCN(C(=O)c2ccc(Cl)cc2Cl)CC1,0,0.783972571308176,0.539827933139892,-6.313664,0.907689223943614,0.616114270093562
5914,Cc1ccccc1C(=O)N(Cc1ccc(C(F)(F)F)cc1)c1ccc(CC(=O)NCCN2CCCC2)cc1,0,0.396493740790516,0.68625357575314,-0.22187865,0.3298395546681386,0.10542479385625543
5915,CCN1CCC(NC(=O)c2c(-c3c(F)cccc3Cl)noc2C)CC1,0,0.897925852443278,0.0074367773541697,-11.829579,0.1689771575742598,0.3429178041442408
5916,CCN1CCN(C(=O)c2ccccc2CSc2nnc(C(C)C)n2-c2cccc(C(F)(F)F)c2)CC1,0,0.388737470407093,0.392459235872624,-5.2845445,0.129023460009164,0.25853081193384303
5917,O=C(NC1CCN(c2ccccc2C(=O)N2CCN(C3CCCCCC3)CC2)CC1)c1ccc(Cl)cc1Cl,0,0.467451327666616,0.349151565960702,-1.721417,0.1301701978964642,0.5550930104567449
5918,O=C(NC1CCN(Cc2ccccc2)CC1)c1ccc(-c2cccnc2)nc1,0,0.744255440310207,0.0112751544690764,-5.2188454,0.0202603755535978,0.2541621523206102
5919,Cc1ccc(NC(=O)CCN2CCN(c3ccccc3)CC2)cc1,0,0.918013287244388,0.36342271440905,-1.2465167,0.1306287165812472,0.2996321646835117
5920,O=C(NC1CCCCCCC1)C1CCN(S(=O)(=O)c2cc(C(=O)N3CCCC3)cs2)CC1,0,0.695990737076618,0.0035621966920224,-12.110885,0.0265924081614147,0.17333307987450386
5921,Cc1sc(-c2noc(C3CCC3)n2)cc1S(=O)(=O)N1CCCC(C(=O)NC2CCCCCC2)C1,0,0.57358956133146,0.0912288580001522,-1.859614,0.0198469974678003,0.09075043762374965
5922,Cc1ccc(CNC(=O)C2(C)Cn3cnc(C(=O)NC4CCCCCCC4)c3C(=O)N2C2CC2)cc1,0,0.643644711750376,0.0074203000452933,7.574447,0.035072369111062,0.12291125906462386
5923,O=C(CC1CCN(C(=O)c2ccc3oc(C4CC4)nc3c2)CC1)NC1CCCCCC1,0,0.702002486741357,0.0094591311000392,2.0953465,0.0218584851050345,0.10177381205099374
5924,CC(C)NC(=O)c1ccc2c(c1)nc(CN(C)C(=O)Nc1ccccc1Cl)n2C,0,0.662336377226819,0.0206142939111912,-1.6199695,0.0805898288949081,0.24413756979306278
5925,Cc1cccc(NC(=O)N(C)Cc2nc3cc(C(=O)NC(C)C)ccc3n2C)c1,0,0.693906607802863,0.0040592152070984,0.05537498,0.0578206985727889,0.17191540907592434
5926,O=C1COc2ccc(S(=O)(=O)NC3CCCCCCC3)cc2N1Cc1noc(C2CCC2)n1,0,0.679405775524399,0.0018314574795808,-9.525012,0.0377690337971057,0.09267551541304289
5927,O=C(NCc1ccc(S(=O)(=O)N2CCCCCC2)s1)C1(c2ccccc2)CC1,0,0.778495322104661,0.0023854040888707,2.3955197,0.0119859412031115,0.10716894480449375
5928,O=C(CN1C(=O)CCCc2cc(S(=O)(=O)N3CCCCCC3)ccc21)NC1CCCCCCC1,0,0.6731735907746,0.0101215834528644,-1.2872251,0.0430475826912561,0.45647333543849555
5929,CCC(C)NC(=O)c1ccc(CSc2nc3ccncc3n2Cc2ccc(C)cc2)cc1,0,0.359007438689456,0.0794491932814747,0.38214445,0.0256875313648468,0.11476017609284073
5930,Cc1ccc(Cn2c(SCc3ccc(C(=O)NC(C)C)cc3)nc3ccncc32)cc1,0,0.408552360911579,0.0722128817812062,0.027426243,0.0232202797414082,0.10334843321583571
5931,CCCNC(=O)c1ccc(CSc2nc3ccncc3n2Cc2ccc(C)cc2)cc1,0,0.389436741597847,0.0642813116121352,0.08458042,0.0126492389301332,0.11119912835138202
5932,Cc1ccc(Cn2c(SCc3ccc(C(=O)NCC4CCCO4)cc3)nc3ccncc32)cc1,0,0.366060981062663,0.0438445970401364,-1.6978321,0.0094037778107817,0.07085556848429733
5933,CNC(=O)c1ccc(CSc2nc3ccncc3n2Cc2ccc(C)cc2)cc1,0,0.484528543620435,0.0078498863690912,-0.7042541,0.0059438842948234,0.11167149659069461
5934,Cc1ccc(Cn2c(SCc3ccc(C(=O)NCCN4CCCC4)cc3)nc3ccncc32)cc1,0,0.341583128401748,0.0640419244910452,0.06822801,0.0347733585715516,0.07531175295293097
5935,CCNC(=O)c1ccc(Cn2c(SCc3ccc(C)cc3)nc3ccncc32)cc1,0,0.438497238584569,0.0103531204677427,2.2252855,0.0145148527805462,0.11254769589640672
5936,Cc1cccc(CSc2nc3ccncc3n2Cc2ccc(C(=O)NCCN(C)C)cc2)c1,0,0.376681526748321,0.0413391669229202,-0.1452105,0.0526626323129716,0.13875682160299022
5937,CCN(CC)CCNC(=O)c1ccc(Cn2c(SCc3cccc(C)c3)nc3ccncc32)cc1,0,0.296475637342193,0.0740658925489972,-0.6587708,0.0757515888594148,0.15438493195833194
5938,Cc1cccc(CSc2nc3ccncc3n2Cc2ccc(C(=O)NCC3CCCO3)cc2)c1,0,0.366060981062663,0.0340851253354723,-5.0225186,0.0111923817948339,0.07287615938248876
5939,CN(C)CCNC(=O)c1ccc(Cn2c(SCc3ccc(F)cc3)nc3ccncc32)cc1,0,0.377071109085009,0.142893086919899,2.5803943,0.1090627737348923,0.11325346668928674
5940,CCNC(=O)c1ccc(Cn2c(SCc3ccc(F)cc3)nc3ccncc32)cc1,0,0.441903282832062,0.0057271954873051,0.643062,0.0241498206794509,0.11840530618000618
5941,CNC(=O)c1ccc(Cn2c(SCc3ccc(F)cc3)nc3ccncc32)cc1,0,0.485976817914535,0.0038260033002147,-0.9157576,0.0137211799632687,0.10898667297100999
5942,Cc1ccccc1CSc1nc2ccncc2n1Cc1ccc(C(=O)NCCN(C)C)cc1,0,0.376681526748321,0.0358426377385319,1.7876457,0.0471206487405433,0.13907727939971165
5943,CCCNC(=O)c1ccc(Cn2c(SCc3ccccc3C)nc3ccncc32)cc1,0,0.389436741597847,0.0390907409655347,-1.0212843,0.0114856650661174,0.11159136850084923
5944,COc1ccc(CNC(=O)c2ccc(Cn3c(SCc4ccc(OC)cc4)nc4ccncc43)cc2)cc1,0,0.235581421979024,0.496250955816639,2.9939995,0.0188040620016226,0.1093837177764098
5945,O=C(NCCc1c[nH]cn1)c1ccc(Cn2c(SCc3ccc(Cl)cc3)nc3ccncc32)cc1,0,0.272989758980765,0.0655584668308717,2.2629128,0.0160719900022551,0.09555832355592334
5946,CCNC(=O)c1ccc(Cn2c(SCc3ccc(Cl)cc3)nc3ccncc32)cc1,0,0.405583094028264,0.0592582113888268,1.8754152,0.0258363093773903,0.11377328651814911
5947,CCNC(=O)c1ccc(Cn2c(SCc3ccc(F)cc3Cl)nc3ccncc32)cc1,0,0.384091745979309,0.0450637927457935,1.5573891,0.0363414003831088,0.1260732529721348
5948,CNC(=O)c1ccc(Cn2c(SCc3ccc(Cl)cc3)nc3ccncc32)cc1,0,0.453883846037188,0.0101605176569279,-0.8468718,0.0132342605770006,0.11320072262468231
5949,COc1ccc(CSc2nc3ccncc3n2Cc2ccc(C(=O)NC3CCS(=O)(=O)C3)cc2)cc1,0,0.352096519246011,0.0256031961252183,2.8540702,0.0391697593495048,0.06981077635621209
5950,O=C(NCCN1CCCC1)c1ccc(Cn2c(SCc3cccc(Cl)c3)nc3ccncc32)cc1,0,0.314640973666213,0.597511344684884,0.13941479,0.0450246119774147,0.07348669875738736
5951,CCCCN(CCC(=O)Nc1nnc(-c2ccc(C)cc2)s1)C(=O)c1ccccc1OC,0,0.477930246160865,0.0086247137498942,0.795858,0.0335408787254612,0.12534602699386896
5952,CC(C)C(=O)Nc1ccc(C(=O)Nc2ccccc2C(=O)N(C)Cc2ccccc2)cc1,0,0.565957391632604,0.0082770032600597,5.5101705,0.0382056388154989,0.31050293752341557
5953,O=C(Nc1ccc2cc[nH]c2c1)c1ccc(-n2cccc2)cc1,0,0.584856351688605,0.0075161508846198,4.622639,0.006543436075993,0.09970851816607748
5954,Cc1ccc(C(=O)N2CCCC(COc3ccc(C(=O)NC4CC4)cc3)C2)cc1C,0,0.784838427134718,0.0050303760821949,-10.590926,0.0287894097573819,0.3453961748161285
5955,CCCN1C(=O)COc2ccc(-c3noc(-c4cnccn4)n3)cc21,0,0.720822625982716,0.0023591004544037,-10.873794,0.0128701988454489,0.10903792016685288
5956,CCN1C(=O)COc2ccc(-c3noc(-c4cnccn4)n3)cc21,0,0.72661304510517,0.0060892335839058,-13.608217,0.0164784038653224,0.1576047109515135
5957,O=C(CCc1nc(C2CCCN2C(=O)c2ccccc2)no1)NC1CCCCCC1,0,0.73160742734716,0.0234358301730589,-9.247414,0.0254151073719031,0.0966470747047313
5958,Cc1ncc(C(=O)Nc2ccccc2)c(C2CCN(C(=O)COc3ccccc3)CC2)n1,0,0.642667578464544,0.0013515773143377,-2.7022872,0.0239025946944768,0.10022885045159216
5959,CC(=O)Nc1ccccc1-c1nnc(SC(C)C(=O)Nc2c(C)cc(C)cc2C)[nH]c1=O,0,0.490476573231893,0.0356372207336595,-8.074428,0.0532964993792302,0.32645309516409177
5960,COc1ccc(NC(C)=O)cc1NC(=O)Cc1csc(NC(=O)Nc2cccc(Cl)c2)n1,0,0.399595441440364,0.105404602164983,1.4246444,0.039506962723534,0.11025946149155827
5961,CC1CCC(NC(=O)CCc2nc(-c3ccc(S(=O)(=O)N4CCCCC4)cc3)no2)CC1,0,0.67750809400599,0.0282000203785417,-5.2838116,0.019480607699645,0.157777322214191
5962,CCC(Sc1nnc(-c2ccccc2NC(C)=O)c(=O)[nH]1)C(=O)Nc1ccc(C(=O)OC)cc1,0,0.328966262544827,0.0513327169749568,0.8312305,0.0575240082862418,0.36309089039878184
5963,CCNC(=O)C1CCCN(S(=O)(=O)c2cc(-c3noc(C4CCC4)n3)sc2C)C1,0,0.743377149919962,0.0021006147110217,-0.21152067,0.0157447601292526,0.08843848646206254
5964,Cc1sc(-c2noc(C(C)C)n2)cc1S(=O)(=O)N1CCCC(C(=O)NC2CCCCCC2)C1,0,0.59416082800616,0.0097379277430411,4.7238536,0.0203612534853012,0.10819648007392361
5965,CC(C)c1cc(C2CCCN2C(=O)c2cccc(F)c2)no1,0,0.863141946941734,0.0033410247666079,-16.249218,0.0346525869065565,0.10143331307630814
5966,c1ccc(-c2ccc(-c3cc[nH]n3)cc2)cc1,0,0.699766759305942,0.997339197154389,8.149722,0.0305881274256808,0.20381078375260256
5967,CCc1ccc2[nH]cc(S(=O)(=O)c3ccc(Cl)cc3)c(=O)c2c1,0,0.787072496738874,0.0038603097920296,5.6321654,0.1415613884449926,0.39246421029795925
5968,CCc1ccc2c(c1)-c1ccccc1S(=O)(=O)N2CC(=O)Nc1ccccc1C(=O)NC(C)CC,0,0.505276641115689,0.0129427706204903,6.932834,0.073655724953742,0.22754933919424536
5969,O=C(Nc1ccc(S(=O)(=O)Nc2ccnn2-c2ccccc2)cc1)C1CCCCC1,0,0.62040909026507,0.8036334450821,5.6519313,0.0759610149470765,0.12843221971934526
5970,COc1cc2c(cc1OC)CN(c1nc(Cc3ccc(Cl)cc3Cl)nc3c1nnn3C)CC2,0,0.418668416651936,0.015803663128855,-11.090873,0.0545073531668111,0.17544513302776796
5971,Cc1cc(N2CCOCC2)n2nc(C(F)(F)F)c(-c3ccc(Cl)cc3)c2n1,0,0.650376921493053,0.0257704633843538,-16.133413,0.0585692345832274,0.40952148204039907
5972,Cc1cc(N2CCOCC2)n2nc(C(F)(F)F)c(-c3ccc(F)cc3)c2n1,0,0.636174373447533,0.0644384469408251,-17.435953,0.0722945247272287,0.4141954426884301
5973,O=C(NCCN1CCOCC1)c1ccc(Cn2c(SCc3ccc(Cl)cc3)nc3ccncc32)cc1,0,0.327220508438523,0.210544426555861,0.26362514,0.0383301501468374,0.0998207129071144
5974,Cc1ccc(C2(C(=O)Nc3cc(C(F)(F)F)ccc3N3CCOCC3)CCCC2)cc1,0,0.712871299156496,0.0426329620245221,-5.43056,0.0843085850422539,0.135416843538606
5975,Cc1ccc(-c2ncccc2C(=O)Nc2cccc(F)c2)s1,0,0.772879223284098,0.407697035908552,-1.4212182,0.0184439614411636,0.0966153957128056
5976,O=C(c1ccc(OC2CCN(C(=O)c3cccc(F)c3)CC2)nc1)N1CCOCC1,0,0.769725820941454,0.0058163049002712,-15.084271,0.0430739499273297,0.2802875778472561
5977,O=C(OCc1ccccc1)N1CCc2nc(N3CCOCC3)nc(Oc3ccc(F)cc3F)c2C1,0,0.542466882445033,0.0047981484818704,-10.685804,0.0540457039296371,0.19303863124743076
5978,COc1ccccc1-n1c(SCc2ccccc2C)nc2ccccc2c1=O,0,0.356641940733653,0.0276644374359751,2.4574971,0.0095768427601131,0.16692345962032992
5979,O=C(OCc1ccccc1)N1CCc2nc(N3CCOCC3)nc(Oc3ccc(F)c(F)c3)c2C1,0,0.542466882445033,0.0031156013718826,-12.528881,0.0406607431585871,0.18379199330637447
5980,CN(Cc1ccccc1)c1cc(C(C)(C)C)nc(SCc2cccc(C(=O)NCCN3CCOCC3)c2)n1,0,0.297506767263195,0.771637354048059,-4.6331773,0.0891934677863606,0.2056755393861453
5981,Cc1onc(-c2ccccc2)c1C(=O)Nc1ccc(N2CCOCC2)c2nonc12,0,0.551301672012256,0.006009643996614,-3.8620563,0.1606603957398192,0.08999280641455414
5982,O=C(NC12CC3CC(CC(C3)C1)C2)c1ccc(C(=O)NC23CC4CC(CC(C4)C2)C3)nc1,0,0.735494362250801,0.924421190981668,14.641236,0.020662562929134,0.2484959629341367
5983,CC(C)N(C(=O)c1cccc(F)c1)C(C)C,0,0.770747218822486,0.324291993792703,-1.1631896,0.1415899118178827,0.28247747447777316
5984,COc1ccc(C23CC4CC(CC(C4)C2)C3)cc1C(=O)NCCc1ccccc1,0,0.743203598333847,0.728070975861161,0.85825956,0.0735916615838466,0.4873629507491405
5985,COc1ccc2c(c1OC)C(=O)O[C@@H]2[C@H]1c2c(c(-c3cc4ccccc4o3)c3c(c2OC)OCO3)CCN1C,0,0.319842456419381,0.953516834644966,16.40326,0.6173590976276283,0.3126649967594763
5986,Cc1ccc2[nH]cc(CCNC(=O)c3cc(-c4ccccn4)nc4ccccc34)c2c1,0,0.428594345410231,0.0603379121349059,2.999166,0.0201328442779051,0.14440618722691517
5987,Cc1ccc2[nH]cc(CCNC(=O)c3cc(-c4cccnc4)nc4ccccc34)c2c1,0,0.428594345410231,0.157953785075625,2.281793,0.0163409778937689,0.13116648255831692
5988,CCc1ccc(C(C)NC(=O)c2cccc(C3CCCN(C(=O)NC(C)C)C3)c2)cc1,0,0.686554444323363,0.656454556195829,-5.9058805,0.0584734268288362,0.20194272932727722
5989,Cc1cc(N2CCC(C(=O)NCc3ccccc3C)CC2)n2nc(-c3ccccc3F)cc2n1,0,0.47254556205397,0.0367229425877706,-10.400052,0.0319349563686158,0.08922568436266146
5990,Cc1ccc(-c2cc3nc(C)cc(N4CCC(C(=O)NCc5ccc(F)cc5Cl)CC4)n3n2)cc1,0,0.409168095376698,0.0166380458678355,-14.243108,0.037733202108924,0.10358622646469476
5991,O=C(c1ccc(OC2CCN(C(=O)c3cccc(Cl)c3)CC2)nc1)N1CCOCC1,0,0.74685918090475,0.0047506808945156,-14.883534,0.0715091245170769,0.39195114994122365
5992,O=C(c1ccc(OC2CCN(C(=O)c3ccsc3)CC2)nc1)N1CCOCC1,0,0.786167113088928,0.0048332959280086,-15.370019,0.0400568787921462,0.1628980440293683
5993,Cn1cccc1-c1noc(C2CCN(S(=O)(=O)C3CC3)CC2)n1,0,0.849414365079966,0.0026297675523027,-16.857244,0.0147260792845618,0.07512907927349285
5994,COc1ccc(C(=O)N2CCC(CCOc3ccc(F)cc3)CC2)cn1,0,0.792399769195187,0.0029396744419712,-15.601887,0.0196738840528273,0.14126707839268093
5995,O=C(c1ccc(OC2CCN(C(=O)c3ccccc3)CC2)nc1)N1CCOCC1,0,0.793997267512891,0.0019204788918429,-13.107683,0.043920580837261,0.26203470660275957
5996,COCCn1ncc(N2CCC(NC(=O)c3ccc(OC)nc3)CC2)cc1=O,0,0.74631599883843,0.0011442609574374,-9.96852,0.03549631655193,0.14097036104227237
5997,COc1ccc(C(=O)N[C@@H]2CCC[C@@H]2C(=O)Nc2cc(F)ccc2C)cn1,0,0.846469821218521,0.0015225414652477,-23.155474,0.0254022259609689,0.1365972688945598
5998,CN(Cc1ccccc1)C(=O)CCc1nc(C2CCCN2C(=O)NC2CCCCC2)no1,0,0.707709600212853,0.0303144538130364,-8.480376,0.020001896819099,0.10120598760271715
5999,COc1ccc(C(=O)N2CC(N(C3CCOCC3)S(C)(=O)=O)C2)cn1,0,0.744334181968505,0.0092324328148887,-20.482231,0.0380523821490734,0.10042420074614829
6000,Cc1ccc(-c2noc(CCCC(=O)N3CCc4c(c(-c5nncn5CC5CC5)nn4C)C3)n2)cc1,0,0.375757952802475,0.0697502520341555,-3.469356,0.0196813697989798,0.07419295164497566
6001,O=C(Cc1cccnc1)N1CCCC(c2nc(CCOc3ccc(F)cc3)no2)C1,0,0.59514361320525,0.0092764403640631,-0.2544316,0.0133186854439335,0.1006399263068684
6002,O=C(c1cc(C2CC2)[nH]n1)N1CCCCC1CCn1cc(-c2ccccc2)nn1,0,0.696950466475171,0.0020044698779455,0.15694559,0.0226897160562171,0.06915050323561009
6003,COc1ccc2[nH]c(C(=O)N3CCCCC3CCn3cc(C(=O)NC4CC4)nn3)cc2c1,0,0.592542699138731,0.0127718279870254,1.4749125,0.0298302420657101,0.06727246718964087
6004,CCn1cc(C(=O)N2CCCCC2CCn2cc(C(=O)NC3CC3)nn2)cn1,0,0.778297878206237,0.0007909696569151,5.7194242,0.0164275483723659,0.07510088708809533
6005,O=C(NC1CC1)c1cn(CCC2CCCCN2C(=O)c2ccc(Cn3ccnc3)o2)nn1,0,0.577699303854336,0.0015717989330572,2.5280824,0.0171699106299973,0.06808361381060728
6006,Cn1cccc1-c1noc(C2CCN(C(=O)Cn3c(=O)oc4ccccc43)CC2)n1,0,0.515053008182944,0.0068420327420353,-4.270141,0.0407484778888143,0.112686140598669
6007,Cn1cccc1-c1noc(C2CCN(C(=O)NCCc3ccccc3)CC2)n1,0,0.738527708730951,0.368958969250651,-13.364171,0.0125283560491279,0.10768736076297089
6008,Cc1ccc(C(=O)N2CCCCC2CCn2cc(C(=O)NCC3CC3)nn2)c(O)n1,0,0.718224913769702,0.0259960368363839,-7.2959332,0.0230334495871306,0.0851147180295094
6009,COc1ccc(C(=O)N2CCCCC2CCn2cc(C(=O)NCC3CC3)nn2)cn1,0,0.710543727106046,0.011791064755256,-4.1040072,0.01385844273048,0.07151477472961931
6010,Cc1cc(C)n(CC(=O)N2CCCCC2CCn2cc(C(=O)NCC3CC3)nn2)n1,0,0.71034706107938,0.0016199841487896,0.09899402,0.0155803223643496,0.06453563121599346
6011,O=C(NCC1CC1)c1cn(CCC2CCCCN2S(=O)(=O)c2ccccc2)nn1,0,0.708990178959154,0.0173082661417492,-3.969575,0.0191080964142987,0.07479443216743395
6012,COc1ccc(CNC(=O)N2CCCCC2CCn2cc(C(=O)NCC3CC3)nn2)cc1,0,0.624128906980247,0.815370576129467,-3.13589,0.0166570038000848,0.07244021036696312
6013,COc1ccc(C(=O)N2CCC(c3nc(C)no3)N(S(C)(=O)=O)CC2)cn1,0,0.739471609079925,0.0032888011179119,-12.420449,0.057068703151433,0.3051402097346111
6014,O=C(CCC1CCCCC1)N1CCC(CCc2noc(-c3cccnc3)n2)C1,0,0.714819357455583,0.0031452933726965,-7.6025567,0.0147278478201326,0.07502973570538334
6015,Cc1ccncc1C(=O)N1CCCC(CC2CC2)(c2noc(C3CCOCC3)n2)C1,0,0.748519036818821,0.0023056903706423,-9.725764,0.0145358167950671,0.08067249656107064
6016,Cc1ccc(-c2n[nH]cc2CN2CCCC(F)(C(=O)NCC3CC3)C2)cc1,0,0.82078782074787,0.0020872333824661,5.447005,0.0236382073224286,0.066563804338543
6017,COc1ccc(C(=O)N2CCC(CC3CC3)(c3noc(-c4ccc(F)cc4)n3)CC2)cn1,0,0.574559603484095,0.0331674134089743,-18.63113,0.0132054771973076,0.06917249857155536
6018,COc1ccc(C(=O)N2CCC(CC3CC3)(c3noc(-c4ccncc4)n3)CC2)cn1,0,0.603336076417955,0.0060986418193976,-18.806837,0.010094548584778,0.06785519165698477
6019,Cc1ccc(C(=O)N2CCC[C@H]2Cn2cc(C(=O)NCc3ccccc3)nn2)c(C)c1,0,0.668263373540889,0.003140935981798,-8.115211,0.0479523515161501,0.08400085134418576
6020,O=C(NCc1ccccc1)c1cn(C[C@@H]2CC(F)(F)CN2C(=O)CCC2CCCC2)nn1,0,0.675357272573658,0.0331102927319524,-9.830381,0.0240918010077466,0.09139611779367876
6021,CC(=O)N(CCc1noc(C2CC2)n1)C1CCN(C(=O)CCC2CCCCC2)C1,0,0.666499981497559,0.0077817633001562,-3.2237968,0.0141583629810272,0.0779773278642892
6022,CC(=O)N(CCc1noc(C2CC2)n1)C1CCN(C(=O)CC2CCCCC2)C1,0,0.717477644422344,0.0009597471780162,-1.7741385,0.0160481631135564,0.07694460173595417
6023,O=C(NC1CCCC1)c1cn(CC2(O)CCN(C(=O)CCC3CCCCC3)CC2)nn1,0,0.691291061558841,0.0084934683287971,7.388988,0.019075118160293,0.08132822223253504
6024,O=C(NC1CCCC1)c1cn(CC2(O)CCN(C(=O)CC3CCCCC3)CC2)nn1,0,0.739557565639363,0.0030942313774932,7.421825,0.0179913367713332,0.08149070033731108
6025,O=C(c1cn(C[C@@H]2CC(F)(F)CN2C(=O)CCC2CCCCC2)nn1)N1CCCC1,0,0.704949938727489,0.0025045328496175,-6.5962157,0.0264901331624249,0.0990267258201204
6026,CCOC(=O)c1sc(NC(=O)C(CC)OC(=O)C(CCSC)NC(=O)c2ccccc2)nc1C,0,0.418896623029412,0.224276390798103,3.7459655,0.0687346386303503,0.13428797012453622
6027,CCN(CC)CCNC(=O)C(Cc1c[nH]c2ccccc12)NC(=O)c1ccc(C23CC4CC(CC(C4)C2)C3)cc1,0,0.303364061486067,0.80134427664378,-4.128083,0.0474853523940784,0.32664889429536365
6028,Cc1ccc(CNC(=O)CSc2nc3c(sc4ccccc43)c(=O)n2CCCC(=O)NC2CCCCC2)cc1,0,0.195106073784717,0.826689129301663,13.674994,0.0233974268636285,0.12239712780814946
6029,Cn1c2ccccc2c2c(C(=O)N3CCN(c4ccccc4F)CC3)cn(C3CCCCC3)c(=O)c21,0,0.40492328384443,0.157176638585731,9.361211,0.0543187596111748,0.15903517748758875
6030,COc1ccc(NC(C)=O)cc1NC(=O)Cc1csc(NC(=O)Nc2ccccc2OC)n1,0,0.395231821351171,0.278439916665005,3.938633,0.0562340387522896,0.11725967905003538
6031,CCOc1ccc(NC(=O)C(CC)Sc2nnc(-c3ccccc3NC(C)=O)c(=O)[nH]2)cc1,0,0.409693528140441,0.0042588385528197,2.3139625,0.0632646603967051,0.25129045121051713
6032,CCC(Sc1nnc(-c2ccccc2NC(C)=O)c(=O)[nH]1)C(=O)Nc1c(C)cc(C)cc1C,0,0.44982136617508,0.0162171112853581,-4.0655646,0.0664230181535443,0.3211420138422007
6033,CCC(Sc1nnc(-c2ccccc2NC(C)=O)c(=O)[nH]1)C(=O)Nc1cc(Cl)ccc1OC,0,0.410280299772499,0.0213792947083584,-2.2098565,0.0595423141003211,0.27097490433923127
6034,CCC(=O)Nc1ccccc1-c1nnc(SC(CC)C(=O)Nc2cccc(Cl)c2)[nH]c1=O,0,0.42047777004914,0.0189707332050893,6.320102,0.046251006077628,0.2663365798882911
6035,CCC(=O)Nc1ccccc1-c1nnc(SC(CC)C(=O)Nc2ccc(Cl)cc2)[nH]c1=O,0,0.42047777004914,0.0127935860316816,5.8461237,0.0396709314436305,0.3152287895266722
6036,CCC(=O)Nc1ccccc1-c1nnc(SC(CC)C(=O)Nc2ccc(C)cc2C)[nH]c1=O,0,0.427003405862229,0.0105850825542969,7.1761603,0.0392867426774536,0.3370696618837408
6037,Cc1sc(-c2noc(C(C)C)n2)cc1S(=O)(=O)N1CCC(C(=O)NC2CCCCCC2)CC1,0,0.59416082800616,0.0140702846237167,-7.9694867,0.0206681411171179,0.12589993451577577
6038,CCNC(=O)C1CCN(S(=O)(=O)c2cc(-c3noc(C4CCC4)n3)sc2C)CC1,0,0.743377149919962,0.0024937471648555,-16.98915,0.0189233857967153,0.0980675626383051
6039,CCNC(=O)C1CCCN(S(=O)(=O)c2cc(-c3noc(C4CC4)n3)sc2C)C1,0,0.763840879655031,0.0019508422970722,2.3017673,0.0153759056004413,0.07608185044890747
6040,Cc1sc(-c2noc(C3CC3)n2)cc1S(=O)(=O)N1CCCC(C(=O)NC2CCC(C)CC2)C1,0,0.651394384644215,0.0085744723057946,-0.92422605,0.017636359466094,0.08490431367802637
6041,Cc1sc(-c2noc(C3CC3)n2)cc1S(=O)(=O)N1CCCC(C(=O)N2CCOCC2)C1,0,0.665244374594346,0.0065363822312374,-0.5638194,0.0189350235902185,0.08321602716426658
6042,CCCCN(CC)CCNC(=O)c1c2c(nc3ccccc13)C(=O)N(C1CCCCC1)C2,0,0.633721338605382,0.0148129147998414,0.7423483,0.0908528370102069,0.25722677754261036
6043,CC(C)NC(=O)CSC1=Nc2ccccc2C2=NC(c3ccccc3)C(=O)N12,0,0.867762724026748,0.0051251833232549,3.2789626,0.0456097237729135,0.1419178429531584
6044,CC(=O)Nc1cccc(NC(=O)c2cc3cccnc3n(Cc3ccccc3)c2=O)c1,0,0.523227338309517,0.013951875233543,-3.616683,0.0384705823686458,0.209102724146969
6045,CC(=O)Nc1cccc(NC(=O)c2cccn(Cc3ccc(C(F)(F)F)cc3)c2=O)c1,0,0.640256840788344,0.0111155632114687,-9.416442,0.0685088472989295,0.17856904643323576
6046,CC(=O)Nc1cccc(NC(=O)c2cccn(Cc3cccc(C)c3)c2=O)c1,0,0.717066043753297,0.0030648714137563,-12.634847,0.0362039037002189,0.20746969083889333
6047,O=C(NC1CCCCC1)C1CCCN(S(=O)(=O)c2cc(-c3noc(C4CCCC4)n3)cs2)C1,0,0.644322607655911,0.0069356105314674,-8.821887,0.0182603837818679,0.08080985722117809
6048,CCCC(=O)N1CCc2c(c(-c3nnc(-c4ccccc4Cl)o3)nn2C)C1,0,0.686734834593783,0.0034809532402435,-19.01756,0.0214190441174204,0.15842355748075848
6049,O=C(CCc1nc(C2CCCN2C(=O)c2ccccc2)no1)NC1CCCCC1,0,0.808111245652914,0.0147463438262654,-10.009574,0.0341831059342803,0.09571495979468082
6050,CCC(CC)NC(=O)CCc1nc(C2CCCN2C(=O)c2ccccc2)no1,0,0.754429741468982,0.002289580540655,-9.434525,0.0242091387023905,0.09270204406113594
6051,COc1ccc(CCC(=O)N2CC(n3cc(C(=O)NCC4CC4)nn3)C2)cc1,0,0.745124362496605,0.0092082053586023,-4.6796837,0.0183691175252134,0.07238792942167262
6052,O=C(CCC1CCCC1)N1CCCC1CCc1noc(-c2ccccn2)n1,0,0.737780382455964,0.0022341486127989,-5.7567534,0.0136752820926405,0.06647774328147303
6053,Cc1cccc(CC(=O)NCc2nc(C(=O)N3CCC(C)CC3)c(C)o2)c1,0,0.878974000240367,0.0062255624708164,-7.584501,0.0134742262388753,0.15725728200686168
6054,O=C(COCc1ccccc1)NC1CCCCC1NC(=O)c1csc(COc2ccccc2F)n1,0,0.437538937249399,0.0079095216827023,-2.5305998,0.0104438048531196,0.12625458619792912
6055,CCCN1CCN(c2ccc(NC(C)=O)c(C(=O)O)c2)CC1,0,0.868691332118811,0.0036505538794563,-2.637436,0.6600772505889237,0.7277409850532927
6056,Cc1cccc(CN2C(=O)c3ccccc3S(=O)(=O)c3ccc(C(=O)NC4CCCCC4)cc32)c1,0,0.55703719745766,0.0272503104859291,-1.9191295,0.0370852386971779,0.43293329242107886
6057,CCc1ccccc1NC(=O)CN1C(=O)CN=C(c2ccccc2)c2cc(Br)ccc21,0,0.573456910578523,0.0112904361347019,6.600679,0.0656269680323879,0.23353019481637177
6058,CC1CCN(S(=O)(=O)c2ccc3c(c2)CCCC(=O)N3CC(=O)NC2CCCCCC2)CC1,0,0.659278382228461,0.0038321594649327,-7.531099,0.0390438434311064,0.441138128554858
6059,Cc1ccc(-c2ncc3c(=O)n(Cc4ccc(Cl)cc4)c(=O)n(C)c3n2)cc1,0,0.536654725273865,0.0099468945217227,-9.585555,0.0317598316760733,0.388535371494587
6060,CCCNC(=O)c1ccccc1-c1ocnc1C(=O)OCC,0,0.829571480341714,0.0011426795249784,1.7165457,0.0706715366268483,0.33977648773633884
6061,O=C(NC1CCCCCC1)c1ncoc1-c1ccccc1C(=O)N1CCCCCC1,0,0.73544172346053,0.0022397709463617,-3.57592,0.0226803883009154,0.16951001012356356
6062,O=C(c1ccccc1Br)N1CCc2nc(-c3ccccc3)ncc2C1,0,0.65753647458968,0.0202826143078936,-3.814279,0.0173704129999837,0.2292641663033707
6063,Cc1ccccc1OCc1nn2c(Cc3ccccc3)nnc2s1,0,0.557945665605362,0.0009045615430909,-3.0913482,0.0089658789401964,0.1448508445034921
6064,Clc1ccc(/C=C\c2nccc3c2[nH]c2ccccc23)cc1,0,0.517268949119324,0.964625808064948,7.237288,0.0132976913888967,0.13057038229256052
6065,Fc1ccc(-c2nnc3sc(COc4ccccc4)nn23)cc1,0,0.57516327133028,0.0007656801613269,-9.782985,0.0117695609983093,0.150797825243382
6066,O=C(NC1CC1)c1ccc(CSc2nc3cccnc3n2Cc2ccccc2F)cc1,0,0.426213015838215,0.0031519469152303,2.6516666,0.0068260459737472,0.07655369049484659
6067,CCOC(=O)c1c(NC(=O)CSc2nc(N)c3c4c(sc3n2)COC(C)(C)C4)sc2c1CCC(C(C)(C)C)C2,0,0.197350154840076,0.712335255935677,5.1168056,0.0895802167185962,0.10588281418017012
6068,NC(=O)NCC(=O)NC(Cc1c[nH]cn1)C(=O)O,0,0.405635186243932,0.954082058789517,12.172864,0.1988497162410206,0.5502605888084268
6069,COc1ccc(-c2nnc(SCC(=O)CSc3nnc(-c4ccc(OC)cc4)n3C)n2C)cc1,0,0.304109361704595,0.0162574544701816,-10.098577,0.0399863767781295,0.3863931113618643
6070,CCC(C)(C(=O)NC1CCCC1)N(C(=O)CCc1cc(C(C)(C)C)c(O)c(C(C)(C)C)c1)c1ccc(C)cc1,0,0.368592146722399,0.4531290041112,-4.1746707,0.8635885257564588,0.2773900318593844
6071,CCOc1ccc(C(=O)c2oc3ccccc3c2NC(=O)Cc2coc3cc(C)cc(C)c23)cc1,0,0.272543279442514,0.326912683813266,16.430855,0.1846431405700684,0.14851776420697937
6072,CCOc1ccc(C(=O)c2oc3ccccc3c2NC(=O)Cc2coc3cc(C)ccc23)cc1,0,0.292591967497594,0.379290796322821,13.382323,0.0688698454812905,0.16038748976055783
6073,O=C(NC1CCCCC1)C(c1ccccc1)N(CCN1CCOCC1)C(=O)Cc1c[nH]c2ccccc12,0,0.462673487949145,0.130486711513715,4.111813,0.018101534512124,0.17643762112616385
6074,CC(C)c1ccc(CN(CC2CCCO2)S(=O)(=O)c2ccc(S(=O)(=O)N(C)C3CCCCC3)cc2)cc1,0,0.410893446918126,0.176364042870089,3.6712184,0.0499402700060636,0.26455255755523027
6075,CC(C)Cn1cc(NC(=O)NC(c2cccs2)C(C)C)c2ccccc2c1=O,0,0.597519268985041,0.221800573274145,4.1568093,0.0164787409012227,0.07941613846289991
6076,Cc1ccc(C)c(C(=O)Cn2nc3n(C(C)C)c(=O)c4ccc(C(=O)NC5CCCCC5)cc4n3c2=O)c1,0,0.39138195238653,0.163116252325936,16.772404,0.1666710123233165,0.17962615613304328
6077,Cc1ccc(NC(=O)C2CCCN(C(=O)c3nnc(C(=O)Nc4ccc(Cl)cc4)s3)C2)cc1C,0,0.537699147120924,0.0054228719768063,-6.182013,0.0379752083561979,0.12192225009409079
6078,Cc1ccc(NC(=O)C2CCCN(C(=O)c3nnc(C(=O)Nc4ccc5c(c4)OCO5)s3)C2)c(C)c1,0,0.54066118957685,0.0841834122014807,-4.0095243,0.0277129750371256,0.09803131450201205
6079,Cc1cc(F)ccc1NC(=O)C1CCCN(C(=O)c2nnc(C(=O)Nc3ccc4c(c3)OCO4)s2)C1,0,0.537878958722912,0.0864227516980137,-3.1955957,0.0437585056011076,0.15239990062673442
6080,CCc1ccc(NC(=O)C2CCCN(S(=O)(=O)c3cc(-c4noc(C5CCC5)n4)sc3C)C2)cc1,0,0.476930937363992,0.27519564790893,-1.1748362,0.0177649973500841,0.08786461041821356
6081,CC(C)C(NC(=O)Cn1cc(C(=O)C2CC2)c2ccccc21)c1ccc2c(c1)OCCCO2,0,0.523829747459918,0.0274274063652258,-11.653343,0.0193833267810405,0.06753421247391651
6082,O=S(=O)(NC1CCCCCC1)c1ccc(-c2cnc(C3CCC3)o2)s1,0,0.765079221860221,0.0051115355807466,-10.049969,0.021877666353055,0.12502087392064098
6083,O=S(=O)(NC1CCCCCCC1)c1ccc(-c2cnc(C3CCC3)o2)s1,0,0.769021525183347,0.0622681153288309,-8.554986,0.0224419395498332,0.11643319518117863
6084,O=S(=O)(NC1CCCCCCC1)c1ccc(-c2cnc(C3CCCC3)o2)s1,0,0.713656204618755,0.0667463913163986,-3.6268497,0.0222135573986289,0.11096774615423644
6085,Cc1ccc(-c2noc(C3CC3)n2)cc1S(=O)(=O)NC(C)C(=O)NC1CCCCCCC1,0,0.649212465652594,0.0062068658843522,-7.4468303,0.0330010714940441,0.08231673382313891
6086,COc1cc(-c2nc(=O)c(CCC(=O)N3CCC(Cc4ccccc4)CC3)n[nH]2)ccc1OCC1CCC1,0,0.42813141844326,0.0851023570014551,-9.712623,0.0152945125085036,0.08143732209901058
6087,CCc1ccc(NC(=O)N(CC(=O)Nc2cc(C(C)(C)C)nn2-c2ccc(C)cc2C)CC(C)C)cc1,0,0.369309461878351,0.10255697723428,4.676516,0.0213844988715129,0.18928929640943012
6088,COc1ccc(OC)c(-c2cc(C(=O)NC(Cc3ccccc3)C(=O)NC3CC3)no2)c1,0,0.535745157183163,0.0065191601692814,-0.81488097,0.0314863272874066,0.07351722736877478
6089,COc1ccc(S(=O)(=O)NC(C)C(=O)Nc2cc(Cl)ccc2Oc2ccccc2)cc1OC,0,0.458918903107265,0.01491307911436,1.4692084,0.0382986441513055,0.3248541085620716
6090,COc1ccc(-c2nnc3c4ccccc4cnn23)cc1OC,0,0.582127912205312,0.0110418440237605,7.257009,0.0115503406603686,0.1083687400234633
6091,COc1ccc(Cn2c(SCc3ccc(C(=O)NCCc4c[nH]cn4)cc3)nc3cccnc32)cc1,0,0.275737269574372,0.0698630792236354,4.927459,0.0164658900313155,0.11386534829387218
6092,COc1ccc(-c2cc3nc(C)cc(N4CCCC4)n3n2)cc1OC,0,0.730300926153521,0.0106941208421422,-13.59038,0.0230420406000981,0.08664537926471164
6093,COc1ccc(S(N)(=O)=O)cc1-c1noc(C)n1,0,0.878153204974373,0.0273762597927829,-17.458755,0.5214837616152673,0.3807725748862505
6094,CCOC(=O)c1ccccc1NC(=O)c1nnn(-c2ccc3noc(-c4ccccc4)c3c2)c1C,0,0.356586964330365,0.0284723021945304,5.162766,0.0807295585803534,0.12116801366615151
6095,Cc1cc(N2CCOCC2)n2nc(C)c(-c3ccc(F)cc3)c2n1,0,0.725995420589894,0.153012596158921,-21.881401,0.0541190906387826,0.15910160866279818
6096,Cc1cc(N2CCCCC2)n2nc(C)c(-c3ccc(F)cc3)c2n1,0,0.71010438093967,0.0365838908282099,-18.849308,0.0441639007565275,0.17538978682803982
6097,Cc1cc(N2CCC(C)CC2)n2ncc(-c3ccc(F)cc3)c2n1,0,0.712019451507894,0.249762583556469,-10.962794,0.0316940060331012,0.1454634573375066
6098,Cc1cc(N2CCCC2)n2nc(C(F)(F)F)c(-c3ccc(F)cc3)c2n1,0,0.629632442322233,0.0430376625829327,-15.995591,0.0347217747927138,0.16936822967607473
6099,Cc1nn2c(N3CCCC3)cc(C(C)(C)C)nc2c1-c1ccc(F)cc1,0,0.667736159980334,0.0089163293778949,-12.773789,0.0231104003553788,0.10351680353581305
6100,Cc1ccc(-c2c(C(F)(F)F)nn3c(N4CCCC4)cc(C)nc23)cc1,0,0.667952541774329,0.0156436185086542,-12.627032,0.0285867095932065,0.15568490352959002
6101,CC(C)N1CCn2c(nc3cc(NC(=O)Nc4ccccc4)ccc32)C1,0,0.753634506808074,0.0108146117988541,-3.537786,0.132370751706755,0.11177563813079064
6102,O=C(NCCc1nc(-c2ccccc2)no1)c1cc(-c2ccc(Cl)cc2)on1,0,0.530488534654785,0.0070710949381054,3.252615,0.0182860469379161,0.12573952945374872
6103,Cc1c(C(=O)Nc2ccccc2)nnn1-c1ccc(Cl)cc1,0,0.805136040901335,0.352433891028124,-2.734776,0.04483860379935,0.20400374333630297
6104,Cc1c(C(=O)Nc2cccc(F)c2)nnn1-c1ccc(Cl)cc1,0,0.797547953667738,0.0030041209303632,-12.725881,0.0380234211712804,0.21314898881534713
6105,Cc1c(C(=O)Nc2ccc(F)cc2)nnn1-c1ccc(Cl)cc1,0,0.797547953667738,0.106571447756344,-6.7655272,0.0771794442325044,0.2985112019335864
6106,Cc1cccc(NC(=O)c2nnn(-c3ccc(Cl)cc3)c2C)c1C,0,0.780516533553765,0.0057056889078974,0.82356584,0.0302145122840395,0.15557129726217764
6107,Cc1c(C(=O)Nc2ccccc2)nnn1-c1ccc(F)cc1,0,0.808029816993953,0.0747018428092502,-6.244552,0.061163823077121,0.2648830356958373
6108,Cc1ccc(NC(=O)c2nnn(-c3ccc(F)cc3)c2C)cc1,0,0.807395627047007,0.0394175790604303,-6.115248,0.0693357507258154,0.21457057121636297
6109,Cc1c(C(=O)Nc2ccc(Cl)cc2)nnn1-c1ccc(F)cc1,0,0.797547953667738,0.106571447756344,-6.3968205,0.0598309353047903,0.2707174950376613
6110,Cc1c(C(=O)Nc2ccc(F)c(Cl)c2)nnn1-c1ccc(F)cc1,0,0.783650047753588,0.0047154285905868,-9.436735,0.0966927471123088,0.31666776725697765
6111,Cc1c(C(=O)Nc2ccc(F)cc2)nnn1-c1ccc(F)cc1,0,0.807873975322437,0.074174254135511,-8.53783,0.2047148272656897,0.4199350077399127
6112,Cc1ccc(C)c(NC(=O)c2nnn(-c3ccc(F)cc3)c2C)c1,0,0.800826071300504,0.0079757882358429,-2.0967436,0.0465199771365409,0.2229821395402387
6113,COc1ccc(Cl)cc1NC(=O)c1nnn(-c2ccc(F)cc2)c1C,0,0.771007625423603,0.001329496672399,-8.171996,0.0499063142632695,0.3008987518532208
6114,Cc1ccc(Cl)cc1NC(=O)c1nnn(-c2ccc(F)cc2)c1C,0,0.782780629929934,0.0070134525476475,-5.812154,0.032150050858386,0.2405163291528858
6115,CCOc1ccc(NC(=O)c2nnn(-c3ccc(F)cc3)c2C)cc1,0,0.773088362831087,0.0105837842078458,-10.623984,0.0659956979711483,0.17298183788345178
6116,Cc1c(C(=O)Nc2ccc(Br)cc2)nnn1-c1ccc(F)cc1,0,0.759089916958016,0.0741591617644053,-2.668745,0.0343933778773071,0.2504929362898384
6117,Cc1c(C(=O)Nc2ccccc2)nnn1-c1ccc(Br)cc1,0,0.779400532758253,0.0591470577020193,0.026454568,0.0271264609746975,0.18540018149704238
6118,Cc1c(C(=O)Nc2ccccc2F)nnn1-c1ccc(Br)cc1,0,0.759089916958016,0.0033502187799931,-3.0089488,0.0235100123231695,0.3024198145281269
6119,Cc1c(C(=O)Nc2ccc(F)cc2)nnn1-c1ccc(Br)cc1,0,0.759089916958016,0.0741591617644053,-2.400412,0.0389150949492556,0.2334126943216909
6120,Cc1ccc(C)c(NC(=O)c2nnn(-c3ccc(Br)cc3)c2C)c1,0,0.735024920644523,0.0093572906017484,2.953689,0.021242447224445,0.15165226869189727
6121,Cc1ccc(NC(=O)c2nnn(-c3ccc(Br)cc3)c2C)cc1C,0,0.735024920644523,0.0061219967918101,-2.0154006,0.0260242560791113,0.15635781331751927
6122,COc1ccc(NC(=O)c2nnn(-c3ccc(Cl)cc3)c2C)c(OC)c1,0,0.741189298145966,0.0014276451517265,-2.3567076,0.0328305360342646,0.2086638070808397
6123,COc1ccc(NC(=O)c2nnn(-c3ccc(Br)cc3)c2C)cc1OC,0,0.686518541852713,0.0103361513122601,-5.8717446,0.0325605316750976,0.1934100196705551
6124,Cc1c(C(=O)Nc2ccc(F)cc2F)nnn1-c1ccc(Br)cc1,0,0.735257336063586,0.0115217254148527,0.68704903,0.0467843333708157,0.28242149053162663
6125,CCC(C)NC(=O)c1ccc(CSc2nc3cccnc3n2Cc2cccc(F)c2)cc1,0,0.36479665853369,0.0222738183945439,-6.217041,0.0282234521405704,0.1261759931942218
6126,Cc1ccc(Cn2c(SCc3ccc(C(=O)NCc4ccccn4)cc3)nc3cccnc32)cc1,0,0.301568417973331,0.0309298474766653,0.14765084,0.004966584093303,0.09004810787963594
6127,Cc1cccc(Cn2c(SCc3ccc(C(=O)NC(C)C)cc3)nc3cccnc32)c1,0,0.408552360911579,0.0231186908842858,-3.5775814,0.0128774550435455,0.11217521625926297
6128,COc1ccc(Cn2c(SCc3ccc(C(=O)NCc4ccccn4)cc3)nc3cccnc32)cc1,0,0.286451261952126,0.0257674392684551,-1.3349197,0.0084174642444955,0.12155895319891633
6129,COc1ccc2nc(N(CCN(C)C)C(=O)CCc3ccccc3)sc2c1,0,0.593006480130192,0.0046323593160493,-5.439094,0.0555119723201982,0.16851123787886516
6130,COc1ccc(NC(=O)CCc2ccc3nc(NC(=O)C(C)C)sc3c2)c(OC)c1,0,0.553250088826337,0.0110503745383427,5.669882,0.0242390231497311,0.1467166311167136
6131,O=C(NC1CCCCC1)C1CCN(c2ccc3nnc(-c4ccccc4)n3n2)CC1,0,0.720768948114688,0.0041138348140588,-11.270591,0.0244100707291635,0.10720230257785304
6132,O=C(C1CCN(c2ccc3nnc(-c4ccccc4)n3n2)CC1)N1CCCCC1,0,0.6877371054086,0.003924522886292,-13.291362,0.0409173588492052,0.13036114037673407
6133,Fc1ccccc1-c1ccc(SCc2nc(-c3ccccc3)no2)nn1,0,0.481359164539964,0.0121374397150698,3.9573474,0.0114583761087886,0.21408033143790184
6134,Fc1ccccc1-c1ccc(SCc2nc(-c3cccc(Br)c3)no2)nn1,0,0.385780364760504,0.0520439365114144,7.11179,0.0176066519232522,0.19205026654372445
6135,Fc1ccccc1-c1ccc(SCc2nc(-c3ccccc3Cl)no2)nn1,0,0.42606407108002,0.0762030528604111,6.074859,0.0115207772322207,0.18435632561981447
6136,COc1cc2c(=O)n(Cc3ccc(C(=O)NC(C)C)cc3)c(=O)n(Cc3ccc(F)cc3)c2cc1OC,0,0.395544028290339,0.0685522605714233,0.9055451,0.1495557882043098,0.2138008798203052
6137,O=C(CCc1nc(CSc2nnc(-c3ccccc3)o2)no1)Nc1cccc(Br)c1,0,0.355994522687747,0.0037895780168638,1.9515473,0.0193313089709949,0.12678645833821517
6138,Cc1cc(C)cc(NC(=O)CCc2nc(CSc3nnc(-c4ccccc4C)o3)no2)c1,0,0.378250571526905,0.0131398301554105,8.292724,0.0150858418697612,0.1296286900502344
6139,Cc1cc(F)ccc1NC(=O)CCc1nc(CSc2nnc(-c3ccccc3C)o2)no1,0,0.381370826915883,0.0080031020890981,4.7490306,0.0217405667015218,0.15724485347673567
6140,Cc1ccc(NC(=O)CCc2nc(CSc3nnc(-c4ccccc4C)o3)no2)c(C)c1,0,0.378250571526905,0.0144359596222257,3.736816,0.0168491213913831,0.13971387431773488
6141,Cc1cccc(-c2nnc(SCc3noc(CCC(=O)Nc4ccc(Cl)cc4F)n3)o2)c1,0,0.352711235004799,0.0121582351205496,4.6389875,0.0286922850856945,0.1829485154074743
6142,Cc1ccc(-c2nnc(SCc3noc(CCC(=O)Nc4c(F)cccc4F)n3)o2)cc1,0,0.383604336003884,0.0189209405826453,0.13781953,0.0348873008912333,0.21775117254374887
6143,Cc1cc(NC(=O)CCc2nc(CSc3nnc(-c4cccnc4)o3)no2)no1,0,0.425191540546144,0.0457047624036653,2.5448527,0.020989627483345,0.12874201472088476
6144,COc1ccccc1-n1c(=O)n(Cc2cccc(F)c2)c(=O)c2cccnc21,0,0.548558967929733,0.0174675340931878,-2.3451,0.0624412337533922,0.3337272444630428
6145,COc1ccccc1-n1c(=O)n(Cc2ccccc2Cl)c(=O)c2cccnc21,0,0.533487296085131,0.0039868688757479,-0.25085366,0.0316394004073641,0.2975006632162408
6146,COc1ccccc1-n1c(=O)n(Cc2ccc(F)cc2)c(=O)c2cccnc21,0,0.548558967929733,0.0211918712388882,1.2068714,0.0629777619232146,0.375916970759019
6147,Cc1ccc(-c2cc3nc(C)cc(N4CCC(C(=O)NC(C)c5ccccc5)CC4)n3n2)cc1,0,0.456303140259062,0.0469417953808394,-15.204036,0.0284134745251147,0.094754772938894
6148,COc1ccccc1NC(=O)C1CCN(c2cc(C)nc3cc(-c4ccc(C)cc4)nn23)CC1,0,0.464555702274877,0.0314990687126513,-11.321363,0.0329512804574413,0.0935939227145346
6149,CCCNC(=O)C1CCN(c2cc(C)nc3cc(-c4ccc(Cl)cc4)nn23)CC1,0,0.686087148263759,0.0033604450510601,-21.017645,0.0420612278095046,0.10608332632776085
6150,Cc1cc(N2CCC(C(=O)NCc3ccc(Cl)cc3)CC2)n2nc(-c3ccccc3F)cc2n1,0,0.437649856326318,0.081199740621805,-14.356515,0.0444672109237107,0.09910914615615649
6151,CCCCN(C)S(=O)(=O)c1cc(-c2nc(-c3ccccc3)no2)sc1C,0,0.603356716499572,0.0029708614856968,-9.400551,0.0123999599827139,0.1216927251714904
6152,Cn1c(=O)n(CC(=O)N2CCCC2)c(=O)c2cc(S(=O)(=O)N3CCCc4ccccc43)ccc21,0,0.560471839188924,0.0035602562020718,-1.0414085,0.0817226410476821,0.2257910345310834
6153,COC(=O)c1ccccc1NC(=O)CSc1nnc2ccc(C(=O)NCc3ccc(C)cc3)cn12,0,0.287610682803998,0.0137509793004714,4.0211616,0.0225152849925495,0.12627695560785202
6154,COc1ccc(-c2nnc(COc3cccc(NC(=O)c4cccc(NC(C)=O)c4)c3)o2)cc1,0,0.398345978705036,0.0225475000016444,-5.941519,0.0261777147803595,0.1287718303203334
6155,O=C(Nc1cccc(OCc2nnc(-c3ccc(Cl)cc3)o2)c1)c1cc2ccccc2[nH]1,0,0.349998845479603,0.0262919109898694,-10.38019,0.0109840708297966,0.08999643124213287
6156,Cc1ccc(NC(=O)CSc2ccc(-n3nc4c(c3C)CCC4)nn2)c(F)c1,0,0.66571980862561,0.0049799392696333,4.6376204,0.0315496332758256,0.10701049215568421
6157,O=C(Nc1ccc(N2CCCN(C(=O)c3ccc(Cl)cc3Cl)CC2)nc1)c1ccccc1C(F)(F)F,0,0.442897002608283,0.176401796322849,-1.2088877,0.1052706260792524,0.3665736001828762
6158,CC1(C)CC(n2c(SCC(=O)c3ccc(Cl)cc3)nc3c(c2=O)C2(CCCC2)Cc2ccccc2-3)CCO1,0,0.19434769959084,0.32397708529621,4.8505015,0.0368655464840521,0.09756749886058931
6159,Cc1ccc(Nc2c(-c3cccnc3)nc3cc(C)ccn23)cc1,0,0.592776527303141,0.0133011270800909,5.438972,0.0143307024069516,0.13809776076587896
6160,Cc1cc(C)n2c(Nc3ccccc3C)c(-c3ccccc3)nc2n1,0,0.5710421023785,0.115901002416681,-0.38911784,0.0171633513535041,0.13546357987822172
6161,CC1CCCC(C)N1CCNC(=O)c1ccc2c(c1)ncn2C1CCCCC1,0,0.826190421019495,0.0179038146481569,-4.0237246,0.1120493586982618,0.32240275902526266
6162,O=C(NCCN1CCC(Cc2ccccc2)CC1)c1ccc2c(c1)ncn2C1CCCCC1,0,0.543110716293722,0.616681396403119,-7.15917,0.0520835840846963,0.2600715192702244
6163,Cc1ccc(NC(=O)CN2C(=O)CN=C(c3ccccc3)c3ccccc32)cc1Cl,0,0.680279755161912,0.0187713872241452,7.4448066,0.2349098472055322,0.24009811226045974
6164,CC(C)C(NC(=O)c1ccc(C23CC4CC(CC(C4)C2)C3)cc1)C(=O)N(C)Cc1ccco1,0,0.636326442148568,0.343923057444518,-12.232441,0.061188290976145,0.40077879471238775
6165,COc1ccccc1CNC(=O)CCc1nnc2n(Cc3ccc(C)cc3)c(=O)c3ccccc3n12,0,0.36535166831635,0.0842761423634052,6.738629,0.0175872115320503,0.11090284304424305
6166,CCCN1C(=O)c2cc(C(C)(C)C)nn2CC1(C)C(=O)NC1CCCCCCC1,0,0.826574014520089,0.0037793280438388,4.2857876,0.0198821244755495,0.19398849056842976
6167,CC(C)(C)c1cc2n(n1)CC(C)(C(=O)NC1CCCCCCC1)N(Cc1ccccc1F)C2=O,0,0.689425800034498,0.0219513836491344,4.7253623,0.0359525621678082,0.2749156143286822
6168,CC(C)c1cc2n(n1)CC(C)(C(=O)NC1CCCCCCC1)N(Cc1ccccc1)C2=O,0,0.741814809267258,0.0050947374780501,2.9698033,0.0226962669020129,0.18648879422404194
6169,COc1ccc2cc3n(c2c1)CC(C)(C(=O)NC1CCCCC1)N(CCN1CCCCCC1)C3=O,0,0.673369366483448,0.0032840277500277,0.23870528,0.0517295671515567,0.19986782722134783
6170,CC1CCC(NC(=O)CCc2nnc3n(Cc4ccc(Cl)cc4)c(=O)c4ccccc4n23)CC1,0,0.446707178479668,0.0072571150616182,0.8427218,0.0297080611597999,0.1457462482618746
6171,CC1(C(=O)NC2CCCCCC2)Cn2c(ccc2-c2ccco2)C(=O)N1C1CCCCC1,0,0.674090079427791,0.0246312053118459,5.3969398,0.0232367185982143,0.10426728379809873
6172,CC(CN1C(=O)c2nc3ccccc3n2CC1(C)C(=O)NC1CCCCCCC1)c1ccccc1,0,0.549100729400429,0.0358251603073816,5.834232,0.0151919838669681,0.10890537008552807
6173,CC(=O)Nc1c2n(c3ccc(F)cc13)CC(C)(C(=O)NC1CCCCCCC1)N(CCC(C)C)C2=O,0,0.572199844734037,0.110571935739214,1.6794182,0.0642301563220379,0.28526150858129035
6174,COc1cc2c(NC(C)=O)c3n(c2cc1OC)CC(C)(C(=O)NC1CCCCCC1)N(C1CCCCCC1)C3=O,0,0.467904400568589,0.499678995517032,8.332147,0.1247264572080508,0.1776006753086157
6175,CC(=O)Nc1c2n(c3ccc(F)cc13)CC(C)(C(=O)NC1CCCCCC1)N(C1CCCCCC1)C2=O,0,0.531861663336708,0.530912199496999,6.0001597,0.083495872771027,0.3166122550927243
6176,CCN1CCC2(CC1)OC(=O)C(C)=C2C(=O)Nc1cccc(C)c1C,0,0.858186495264612,0.0109468047676374,-1.9968622,0.3682157558197783,0.7034617855678954
6177,O=C(COCc1cc(-c2ccc3c(c2)OCO3)on1)Nc1cc(-c2cccc(Cl)c2)no1,0,0.434281080432359,0.0037185623091164,-1.9603103,0.0198721775761889,0.09284388269295962
6178,O=C1CN=C(c2ccccc2)c2cc(Cl)ccc2N1Cc1ccc(Br)cc1F,0,0.501881928716803,0.521928098879774,4.5351515,0.1458500748090558,0.349337091868739
6179,Cc1ccc(Cl)cc1N1CCN(CCNC(=O)CCc2nnc3n(CCC(C)C)c(=O)c4ccccc4n23)CC1,0,0.314573362206002,0.0740039033925492,3.777938,0.0530228856472891,0.12969625272627014
6180,CCOc1ccccc1N(CC)C(=O)c1noc2c1CCCC2,0,0.845581143156434,0.0009225137773306,2.466227,0.0386924244148501,0.1453225774012174
6181,CCCCS(=O)(=O)N1CCC(Oc2ccc(-n3cnnn3)cc2)CC1,0,0.740757228505932,0.0004758603934366,-9.190575,0.0189105174185439,0.12273557088442874
6182,CCC(C(=O)Nc1cccc(Cl)c1C)n1nc(C)c2c(C)n(-c3ccc(C)cc3)nc2c1=O,0,0.448199533370646,0.0262723721815965,-4.23116,0.1310826561789502,0.1668538028202819
6183,Cc1nc2c(c(Nc3ccccc3OC(C)C)n1)CCC2,0,0.926675237331144,0.0009642022634162,-6.005178,0.0913601143516994,0.134758348336474
6184,CC(CCc1ccccc1)NC(=O)Cc1ccc(NC(=O)N2CCCCc3ccccc32)cc1,0,0.4770973694818,0.910743886867646,5.747469,0.0596547904736448,0.23945188816728655
6185,OC1(c2ccccc2F)CCNCC1,0,0.709532989510107,0.299951477460134,11.8158,0.2269399203477085,0.23711050165048694
6186,c1ccc(C2(c3ccccc3)NC(CC34CC5CC(CC(C5)C3)C4)=Nc3ccccc32)cc1,0,0.462366774215239,0.605437830388398,11.29893,0.055849916334016,0.14194340581480577
6187,COc1ccc(CN2C(=O)c3cc(C(C)(C)C)nn3CC2(C)C(=O)NC2CCCCCCC2)cc1,0,0.66484806973329,0.0269492307335157,4.680306,0.0199211548820558,0.17345280791863288
6188,CC(C)(C)c1cc2n(n1)CC(C)(C(=O)NC1CCCCCC1)N(CCCc1ccccc1)C2=O,0,0.620576044733014,0.0205128649996768,3.414627,0.0168899796845375,0.19461963288160383
6189,CCN(C(=O)CC12CC3CC(CC(C3)C1)C2)c1nc(-c2ccccc2)cs1,0,0.659597548862377,0.0784484259083856,15.596286,0.0174650106927988,0.16524468458409888
6190,COc1ccccc1C(=O)N1c2nc(C3CCCCC3)nn2C2(CCCCC2)[C@@H]2CCCC[C@@H]21,0,0.543762495092036,0.199031671954117,6.9345717,0.026815897531041,0.12097522517307624
6191,Cc1ccc(NC(=O)CSc2nc3ccccc3c(=O)n2Cc2ccc(C(=O)NCCC(C)C)cc2)cc1C,0,0.201946180465192,0.383413891102881,2.6038938,0.0193484026656617,0.11876375393468566
6192,Cc1cc(C)cc(NC(=O)CSc2nc3ccccc3c(=O)n2Cc2ccc(C(=O)NCCC(C)C)cc2)c1,0,0.201946180465192,0.460628401796795,8.022214,0.0178311726613117,0.11010237145085863
6193,Cn1c(=O)n(C)c2cc(S(=O)(=O)N3CCCc4ccccc43)ccc21,0,0.704790270748842,0.0928473011878964,-2.726501,0.0461566684505752,0.3090158875630061
6194,Cc1onc(-c2ccc(F)cc2)c1C(=O)Nc1ccc(Cl)cc1,0,0.757265199387525,0.0480910707349099,-1.842829,0.054544387534168,0.2648582433690375
6195,Cc1onc(-c2ccc(F)cc2)c1C(=O)NCc1ccccc1Cl,0,0.764106214179121,0.0034535285808461,-6.150616,0.0230876878840707,0.17697544094298173
6196,CCCNC(=O)c1c(-c2ccc(F)cc2)noc1C,0,0.921250142883286,0.026142526522009,-5.428377,0.0380057975986116,0.28142062402536294
6197,Cc1onc(-c2ccc(F)cc2)c1C(=O)NCCC(C)C,0,0.915586176035373,0.0044729665460133,-6.6688056,0.0257808371399104,0.17966206595511997
6198,Cc1ccc(CNC(=O)c2c(-c3ccc(F)cc3F)noc2C)cc1,0,0.774235037402817,0.0032038285873646,-3.936952,0.0252800765768024,0.16966471459801355
6199,CCCNC(=O)c1c(-c2ccccc2Cl)noc1C,0,0.931898978126398,0.0093765974067795,-10.178728,0.043835276777951,0.170969250435776
6200,Cc1onc(-c2ccc(Br)cc2)c1C(=O)NCc1cccc(Cl)c1,0,0.664638758883213,0.0188612690155496,8.549294,0.0179097282856988,0.13373432809889896
6201,Cc1onc(-c2ccc(Br)cc2)c1C(=O)NCc1ccccc1,0,0.742304938740259,0.0115210942875809,1.6693043,0.0141675448027559,0.12181239282204928
6202,Cc1cccc(C)c1NC(=O)c1c(-c2ccc(Br)cc2)noc1C,0,0.667352690577878,0.155316611580484,10.924838,0.0263204598118016,0.16201886563557039
6203,COc1ccccc1Nc1ncc2c(n1)CCN(Cc1ccccc1)C2,0,0.761682142954157,0.0106965290976625,-4.657236,0.0374302149678049,0.2174172460212937
6204,Cc1ccc(-c2nc3cnccn3c2Nc2ccc(C(=O)NC3CCCCC3)cc2)cc1,0,0.44219135497866,0.0680060245791629,-2.5848937,0.0224249899963536,0.12450759891072165
6205,O=C(NC1CCCCC1)c1cccc(Nc2c(-c3ccc(Cl)cc3)nc3cnccn23)c1,0,0.403525170742389,0.0924437217185412,0.42070174,0.0276279924041824,0.11902758625439484
6206,O=C(NC1CCCCC1)c1cccc(Nc2c(-c3ccc(F)cc3)nc3cnccn23)c1,0,0.449141387597584,0.0354054249758349,-0.39426684,0.0416749851863339,0.1033829536985724
6207,Cc1ccn2cc(-c3ccc(NC(=O)c4ccccc4)cc3)nc2n1,0,0.619160105021529,0.0039655374275204,-8.552928,0.0167214442193878,0.13215745865097292
6208,Cc1ccn2cc(-c3ccc(NS(=O)(=O)c4ccccc4F)cc3)nc2n1,0,0.584575476488692,0.0013364439927839,-7.6426935,0.1668187272782569,0.39913156052534887
6209,Cc1ccn2cc(-c3ccc(NS(=O)(=O)c4ccccc4Cl)cc3)nc2n1,0,0.559635652977163,0.0025583417303414,-7.4489655,0.1346492683434491,0.2237981605405107
6210,Cc1cc(C2CCCN2C(=O)c2c(F)cccc2F)no1,0,0.853336049607126,0.0047742908152343,-3.3235254,0.0448536199895824,0.22602385097410976
6211,CCCc1cc(C2CCCN2C(=O)c2cccc(F)c2)no1,0,0.863941768778589,0.0014381334065858,-9.765261,0.0418324896845013,0.09024874648105129
6212,CCN(CC)CCSc1ccc(C(=O)Nc2ccc(F)cc2)cn1,0,0.735625045263128,0.004575057140727,0.6011671,0.2864640243735005,0.27040097002212654
6213,COc1ccccc1-n1c(=O)n(Cc2ccccc2C)c(=O)c2c(C(=O)N3CCCC3)cc(C)nc21,0,0.433116720032629,0.0025827719684702,3.2481856,0.0348109932456205,0.11337967859627796
6214,COc1ccccc1-n1c(=O)n(Cc2cccc(F)c2)c(=O)c2c(C(=O)N3CCCC3)cc(C)nc21,0,0.430423957015226,0.0035602406869177,-5.794531,0.056127647142927,0.20271987405318287
6215,COc1ccccc1-n1c(=O)n(Cc2ccccc2)c(=O)c2c(C(=O)N3CCCC3)cc(C)nc21,0,0.447334202834977,0.002110332307992,-4.1989756,0.0317525688423832,0.11927035015156795
6216,COc1ccc(C2(C(=O)NCc3ccc(S(=O)(=O)N4CCC(C)CC4)s3)CC2)cc1,0,0.703170714845327,0.0131527389638046,-1.0526798,0.0143928021904132,0.0899591135595583
6217,COC(=O)c1ncoc1-c1ccccc1C(=O)NC(C)CCc1ccccc1,0,0.631153571472698,0.0013423047962435,-4.733698,0.0358906167187656,0.37533519635968016
6218,COC(=O)c1ncoc1-c1ccccc1C(=O)NCc1ccccc1C,0,0.713646900991464,0.0006363341153892,-5.542045,0.0202916267435688,0.18240441185183282
6219,Cc1ccc(-c2nc3ccccn3c2CCC(=O)Nc2cccc(C)c2C)cc1,0,0.494683932935099,0.0205510626640835,10.70893,0.0221266768930135,0.1788740317397888
6220,Cc1ccc(-c2nc3ccccn3c2CCC(=O)Nc2ccc(C)cc2C)cc1,0,0.494683932935099,0.0175285446232672,7.60724,0.0204454899552583,0.15490246515886197
6221,Cc1ccc(-c2nc3ccccn3c2CCC(=O)Nc2cccc(Br)c2)cc1,0,0.441788573250567,0.0128655819521768,6.5074344,0.0121990466710978,0.16930631991360365
6222,CCC(C)NC(=O)CCc1c(-c2ccc(Cl)cc2)nc2ccccn12,0,0.707106441081603,0.002265485861772,2.4723268,0.0320037492618999,0.16041570614121536
6223,CCn1c(=O)n(Cc2ccc(F)cc2)c(=O)c2cnc(-c3ccc(OC)cc3)nc21,0,0.50929140482757,0.0033983695133063,-3.9560528,0.067655767796107,0.3865823646429892
6224,CCn1c(=O)n(Cc2ccc(F)cc2)c(=O)c2cnc(-c3ccc(Cl)cc3)nc21,0,0.516171803400547,0.0095002146956474,-10.281864,0.0569387211480401,0.553264388781337
6225,CCN(CC)C(=O)c1cc(C)nc2c1c(=O)n(Cc1ccc(Cl)cc1)c(=O)n2C,0,0.642539121387579,0.0047007705813932,-9.57404,0.1112194114039505,0.5521603060493657
6226,CC(C)Oc1ccc(CNC(=O)CCc2c(-c3ccc(Br)cc3)nc3ccccn23)cc1,0,0.338385806219725,0.524384902178741,7.572183,0.0266044754994227,0.1591982256540403
6227,Cc1ccc(NC(=O)N(C)Cc2nc3cc(C(=O)NC(C)C)ccc3n2C)cc1,0,0.693906607802863,0.0023902992382344,-1.4400587,0.0520599045515544,0.19201106873389046
6228,COc1cc(OC)c(NC(=O)N(C)Cc2nc3cc(C(=O)NC(C)C)ccc3n2C)cc1Cl,0,0.539223751248612,0.0536210290226881,5.628963,0.3582333374043904,0.31109782987284057
6229,CC(C)NC(=O)c1ccc2c(c1)nc(CN(C)C(=O)Nc1cccc(Br)c1)n2C,0,0.60349042987126,0.0105729669326954,-0.78593695,0.050212708684221,0.21429173310303193
6230,COc1cc(NC(=O)N(C)Cc2nc3cc(C(=O)NC(C)C)ccc3n2C)cc(OC)c1,0,0.588119191639396,0.0176654273225504,11.114423,0.2062134591603176,0.2010343896215554
6231,CC(C)NC(=O)c1ccc2c(c1)nc(CN(C)C(=O)Nc1ccc3c(c1)OCO3)n2C,0,0.657229874523016,0.14604917480156,3.5341344,0.1236931105955702,0.17675315752269843
6232,O=C(CCc1c(-c2ccccc2)nc2ccccn12)Nc1ccccc1Cl,0,0.519052776080187,0.0291010865285306,7.0029655,0.0245171178954341,0.1678762171383811
6233,O=C(CCc1c(-c2ccccc2)nc2ccccn12)Nc1ccccc1F,0,0.560781342961467,0.0634203492915326,5.9622126,0.0260912772252947,0.22535077970740355
6234,CC(C)CCNC(=O)c1ncoc1-c1ccccc1C(=O)N1CCCCCC1,0,0.813578396253599,0.0023905342026675,-12.883629,0.0226419515393055,0.20372068096035828
6235,Cc1ccc(C(=O)N2CCc3c(c(-c4nc(-c5ccccc5)no4)nn3C)C2)cc1C,0,0.508213962131319,0.0130403174232369,-16.254633,0.0242458496348815,0.11570312328967866
6236,CC(C)NC(=O)N1CCCC(c2cccc(C(=O)NCCN3CCOCC3)c2)C1,0,0.763815133815499,0.315037234873059,-1.140791,0.0565390449989752,0.31331114215235967
6237,Cc1cc(C)c(CNC(=O)C2CC(=O)N(c3cccc(NC(=O)C4CCC4)c3)C2)c(C)c1,0,0.722260057759033,0.0073324108376678,-5.0526233,0.0251157595307118,0.13102169904342034
6238,Cc1cc(C(=O)N2CCCCC2)c2c(=O)n(Cc3ccc(Cl)cc3)c(=O)n(C)c2n1,0,0.644811660111555,0.0054077897597884,-7.7794766,0.0441236037734121,0.6056598123737092
6239,Cc1ccccc1C(=O)N1CCc2c(c(-c3nc(-c4ccccc4F)no3)nn2C)C1,0,0.507007514573709,0.0106846309951865,-12.020537,0.031639229073482,0.1306775841667491
6240,Cc1ccc(C(=O)N2CCc3c(c(-c4nc(-c5ccccc5F)no4)nn3C)C2)cc1,0,0.507007514573708,0.0154854628882933,-12.7843275,0.0316864663069698,0.11512293380590741
6241,O=C(c1ccc(Cl)cc1)N1CCc2nc(-c3ccc(Cl)cc3)ncc2C1,0,0.646328894351406,0.12067694358708,-6.253306,0.0232963654156272,0.2177983502553494
6242,O=C(c1cccc(Br)c1)N1CCc2nc(-c3ccccc3)ncc2C1,0,0.65753647458968,0.0113527485170433,-5.3397307,0.0142118091304792,0.18857033561874037
6243,O=C(NCc1cccnc1-c1ccc(F)cc1)c1ccccc1Cl,0,0.760947767133024,0.0045873186255664,0.94782007,0.0156125205033686,0.43814381407464154
6244,O=C(NCc1cccnc1-c1ccc(F)cc1)c1ccccc1F,0,0.789213054579584,0.004500634971368,-4.471493,0.020207199969723,0.4054899066446748
6245,CC(C)NC(=O)c1ccc(OCC2CCCN2C(=O)c2ccc(N(C)C)cc2)cc1,0,0.759412650466395,0.0029704782668545,-8.190876,0.0487240992745781,0.3624920423068242
6246,Cc1ccc(C(=O)N2CCCC2COc2ccc(C(=O)NC(C)C)cc2)cc1C,0,0.8015808549225,0.0098542442568503,-2.9944258,0.0741524745275131,0.45089521702344354
6247,O=C(c1cccc(Cl)c1)N1CCc2nc(-c3ccc(Cl)cc3)ncc2C1,0,0.646328894351406,0.0318696897426202,-6.347985,0.016755086956594,0.25703670298183445
6248,Cc1ccc(C(=O)N2CCCC2COc2ccc(C(=O)NC(C)C)cc2)cc1F,0,0.801442253162873,0.0231799655269815,-1.2546726,0.0399662891343983,0.23864019183647792
6249,CCC(=O)N1CCc2sc(S(=O)(=O)Nc3cccc(Cl)c3)cc2C1,0,0.876787072160118,0.0014104064320539,-3.8725848,0.0259345278505625,0.44109452906763097
6250,O=C(c1ccc(OC2CCN(C(=O)c3ccc(F)cc3)CC2)nc1)N1CCOCC1,0,0.769725820941454,0.013792304020711,-14.589339,0.0429067656331946,0.30795740225170054
6251,COc1ccc(C(=O)N2CCC(c3noc(N)c3C)CC2)cn1,0,0.930246303998031,0.0611142903834826,3.6855454,0.0160798403484746,0.11384842623638869
6252,COc1cccc(N2CCN(CC(=O)N3CCC(C(N)=O)CC3)CC2)c1,0,0.829185002701413,0.0027537734417193,3.0302958,0.0655501313819249,0.336408968447004
6253,COc1ccc(C(=O)NC2CCN(c3nnc4ccc(Cl)cn34)CC2)cn1,0,0.739440123314114,0.0018312156321632,-16.145212,0.0366251593279746,0.1756799854696541
6254,COc1cccc(C(O)CN2CCN(c3cccc(OC)c3)CC2)c1,0,0.874093757421757,0.294261196073563,-7.3110313,0.2657647972174143,0.5523639236790227
6255,Cc1cc(C2CCCN2C(=O)c2ccccc2C)no1,0,0.841026196113662,0.0034572285539973,-10.836862,0.0587537140498082,0.11331907491648667
6256,CC(C)c1cc(C2CCCN2C(=O)c2ccccc2)no1,0,0.861435087397817,0.0012050642902301,-14.66554,0.0519340474583416,0.08838508741621437
6257,Cc1cc(C2CCCN2C(=O)c2ccccc2)no1,0,0.829493773937051,0.0037806785407499,-9.466823,0.2030751097686121,0.10688257894917623
6258,COc1ccc(C(=O)N2CCCC2c2cc(C)on2)cc1,0,0.870110398087875,0.0008934497430328,-6.3751874,0.0395743820408072,0.08907197719080642
6259,COc1ccc(C(=O)N2CCc3c(c(-c4nc(C)no4)nn3C)C2)cc1,0,0.715627427553815,0.0015152325428281,-19.490547,0.021419125111958,0.1372826431919035
6260,COc1ccc(Cl)cc1C(=O)N1CCn2cnnc2C1,0,0.843341282396106,0.0276247119489727,-7.39875,0.2715228752443001,0.3350676824411492
6261,COc1ccc(C(=O)N2CCn3cnnc3C2)cc1OC,0,0.840814517227354,0.0376754096060897,2.7022285,0.1672264093031722,0.33202591486349486
6262,COc1ccc(C(=O)N2CCn3c(nnc3C(C)C)C2)cn1,0,0.857886142333092,0.0026885326769059,-3.5518613,0.0276276682709496,0.16891610451570266
6263,Cc1nc2c(n1C)CN(C(=O)c1ccc(F)c(Cl)c1)CC2,0,0.812262504255418,0.0122282470510532,-15.4517145,0.0998385421477221,0.3836597609216219
6264,COc1ccc(C(=O)N(CC2CCOC2)C2CC2)cn1,0,0.821600999628395,0.0008676406246766,-20.531054,0.0163359108883225,0.08112196904250712
6265,O=C1CCCN1Cc1noc(-c2cccc(Cl)c2)n1,0,0.864837598825429,0.0279203404443612,-15.426563,0.028008751146905,0.11200878548927196
6266,CCNC(=O)c1ccc(OC2CCN(C(=O)CC3CCCCC3)C2)nc1,0,0.847708060092792,0.000637079632899,-8.165305,0.0174437989323701,0.1375683919327097
6267,CN1CCC(Oc2ccc(C(=O)N3CCOCC3)cn2)CC1,0,0.834612616576659,0.019222078306792,-10.446858,0.0450940785822057,0.29641166546330466
6268,O=C(NC1CCN(c2cc(-c3ccc(F)cc3)n[nH]2)CC1)c1cccnc1,0,0.745390014785526,0.0216021489876638,-15.858771,0.0212050185809575,0.12123215304617445
6269,COc1ccc(C(=O)NC2CCN(c3cn[nH]c(=O)c3)CC2)cn1,0,0.850601907653209,0.0040980189186798,-17.327423,0.0241711330836907,0.12242405572886945
6270,Cc1cc(NC(=O)N(C)CC2CCOCC2)ccc1Br,0,0.911867717705552,0.001977636744857,-13.706512,0.0367200884900296,0.3091609571722639
6271,COc1ccc(Cl)cc1S(=O)(=O)N1CCCC(Cn2cnc3cccnc32)C1,0,0.633029104697971,0.0017038826328862,-10.806709,0.0156504929664546,0.18254049706383435
6272,COc1ccc(C(=O)NCCc2noc(-c3ccccc3)n2)cn1,0,0.746683643998239,0.004097320513247,-13.53549,0.0175393734286024,0.1374782837512976
6273,COc1ccc(C(=O)NCCc2noc(-c3ccncc3)n2)cn1,0,0.732313587482456,0.0042447918168267,-15.049563,0.0159521649728306,0.13539467914115244
6274,O=C(Cn1nc2c(cc1=O)CCCCC2)NCC1(Cc2nnc3ccccn23)CCCCC1,0,0.585413316277772,0.0020027330995801,-3.388185,0.043219169470978,0.18300894894784087
6275,O=C(Cc1cccnc1)N1CCC(CCOc2ccc(F)cc2)C1,0,0.818266083460152,0.0095095936983758,-9.688084,0.0221791161176082,0.1588788716923317
6276,CCc1ccc(CNC(=O)Cn2c(C)cc3nc4n(c(=O)c32)CCCC4)cc1,0,0.742190767796317,0.0022119749350034,12.454591,0.0393601947746835,0.13864936508406595
6277,COc1ccc(C(=O)NCC2Cn3cccc3C(=O)N2CC(C)C)cn1,0,0.856272655446478,0.0007474204870642,-7.0671268,0.0257598851086176,0.12623796333093576
6278,Cn1cnnc1-c1nn(C)c2c1CN(C(=O)c1c3c(nc4ccccc14)C(=O)N(C1CCCCC1)C3)CC2,0,0.419354626383685,0.0547681578606788,9.948416,0.0507741480574817,0.08511252923786773
6279,O=C(O)c1cc2c(s1)CCN(C(=O)c1ccc(Cl)cc1)C2,0,0.922967889057174,0.0480527440955343,-13.357638,0.3975545664016242,0.520052551812198
6280,O=C(O)c1cc2c(s1)CCN(C(=O)c1ccc(F)cc1)C2,0,0.927913517773969,0.0329084737519532,-16.486095,0.2754830243821856,0.5552526210487332
6281,CN1CCCN(C(=O)CCc2nc(C3CCCN3C(=O)c3ccccc3)no2)CC1,0,0.74975277617642,0.0071266242263818,-16.373352,0.0320953573546742,0.10409549069785493
6282,Cc1cnc(-c2ccccc2)n1CC1CCCN(C(=O)NC2CCCCC2)C1,0,0.841780522213436,0.0041948171095823,-4.8026485,0.018499296796809,0.16288291228172874
6283,COc1ccc2cc(C(=O)N3CCCCC3CCn3cc(C(=O)NC4CC4)nn3)[nH]c2c1,0,0.592542699138731,0.0099502820019627,3.1789079,0.0273819122902111,0.06788171449951251
6284,Cn1cccc1-c1noc(C2CCN(C(=O)c3cccc(C#N)c3)CC2)n1,0,0.715529009200156,0.0174496131906861,-8.324598,0.0061318036471719,0.05201776890532972
6285,Cn1cccc1-c1noc(C2CCN(S(=O)(=O)c3ccccc3)CC2)n1,0,0.703182527665378,0.0028724686031709,-11.087522,0.011751018739083,0.2014161289832647
6286,CC(=O)N1CCC(Cc2ccc(CN(C(=O)NC3CCCCC3)C3CC3)cc2)CC1,0,0.749561341250041,0.0092994940676044,-2.5034933,0.0367750596293592,0.14789761903337728
6287,COc1ccc(C(=O)N2CCCCC2CCn2cc(C(=O)NCC3CC3)nn2)c(OC)n1,0,0.631371838968352,0.0389179841164833,-7.3574486,0.0115945157814365,0.07620419379096577
6288,O=C(NCC1CC1)c1cn(CCC2CCCCN2C(=O)CC2CCCCC2)nn1,0,0.725540740599957,0.0016719471146196,5.7855825,0.0144747688119255,0.08282490355324176
6289,O=C(NCC1CC1)c1cn(CCC2CCCCN2C(=O)NCCc2ccccc2)nn1,0,0.647253039464151,0.386627460784961,-8.925274,0.0206707082404818,0.08811079957162199
6290,COc1cccc(S(=O)(=O)N2CCCCC2CCn2cc(C(=O)NCC3CC3)nn2)c1,0,0.630661509646572,0.0267498538152157,-1.1401491,0.0171755176758089,0.07173272668871923
6291,COc1ccc(C(=O)N2CCC3(CCC3O)CC2)cn1,0,0.888165369176088,0.0368419930890068,-4.543955,0.0477383072649446,0.11847828257047928
6292,CCCN1C(=O)CC[C@]2(CNC(=O)c3ccc(OC)nc3)CCC[C@@H]12,0,0.859231013298263,0.0019301463587943,-17.692375,0.0118163216417424,0.10828759725197697
6293,CCn1cc(C(=O)NC[C@@]23CCC[C@H]2N(CC2CCCCC2)C(=O)CC3)cn1,0,0.81497081749136,0.0006190804747699,-7.478125,0.0148750132823221,0.09142647243847397
6294,COc1ccc(C(=O)N2CCn3c(nnc3C3CCN(C(=O)N(C)C)CC3)C2)cn1,0,0.750170353528936,0.0238250213133926,11.578317,0.0287242422758747,0.20566333003295845
6295,COc1ccc(C(=O)N2CCC3(CCC(=O)N3Cc3ccc(F)cc3)CC2)cn1,0,0.795701478910127,0.0062202576132691,-14.398723,0.0241598683077086,0.19142490861383238
6296,COc1ccc(S(=O)(=O)N2CC(c3nc(-c4ccncc4)no3)C2)cc1,0,0.674648369830035,0.0017983887295564,-10.144441,0.0164392805259701,0.09312022358853908
6297,Cc1ccc(NC(=O)c2cnc(N(C)C)nc2C2CCN(S(C)(=O)=O)C2)c(C)c1,0,0.801010740392906,0.0116534368219409,-12.99767,0.0260993299035714,0.20068715758210134
6298,Cc1ccc(-c2[nH]ncc2CNC(=O)c2cn3c(n2)C(=O)N(CC2CC2)CC3)cc1,0,0.659322297450597,0.0182179580237665,-4.828293,0.0205250216901991,0.05944795841965417
6299,COc1ccc(C(=O)N2CCC(CCc3noc(-c4ccc(F)cc4)n3)CC2)cn1,0,0.615436028178664,0.0236706367727549,-12.298196,0.0133980603569626,0.10452481337035002
6300,CN1C(=O)C2(CCN(Cc3cccnc3)CC2)c2cc(C(=O)NCC3CCCC3)ccc21,0,0.785308672499847,0.0213878547272449,-14.110481,0.0223624142746183,0.1058637342790955
6301,CNC(=O)c1cn(C[C@@H]2CC(F)(F)CN2C(=O)CCC2CCCCC2)nn1,0,0.816983615383455,0.0014070342877947,-7.0295644,0.0386914190219794,0.22764531794430357
6302,CC(C)NC(=O)c1cc2n(n1)C[C@@H](NC(=O)CCc1nc(-c3ccccc3)no1)C2,0,0.615424484597692,0.016363342135136,-8.490924,0.0331834112547555,0.07461803653885339
6303,Cc1onc(-c2ccccc2)c1CNC(=O)c1cncn1-c1ccc(-c2ccc(F)c(F)c2)cc1,0,0.345010770301883,0.975426363844956,7.9589047,0.0441375162978851,0.11681213177608167
6304,Brc1cccc(-c2nc(NCc3ccccc3)c3ccccc3n2)c1,0,0.487870930434632,0.138343809430164,-1.241592,0.0086410664617124,0.14239319318065352
6305,CCC(C)NC(=O)c1csc(CN(CCC(c2ccccc2)c2ccccc2)Cc2ccc(C(C)(C)C)cc2)n1,0,0.192327419779585,0.583861262506026,10.683647,0.457167314203469,0.21509872728969626
6306,O=C(NC1CC2CCC1C2)c1cncn1-c1cccc(-c2ccccc2C(F)(F)F)c1,0,0.602048019057039,0.128951714156474,3.2916956,0.0231469467213591,0.07305828100512969
6307,COc1ccc(Cl)cc1-c1cccc(-n2cncc2C(=O)NC2CC(C)CC(C)(C)C2)c1,0,0.506009284855934,0.163097086335855,8.018111,0.0161360888990798,0.12217925004551211
6308,Cc1ccc(C(=O)N(CCc2csc3nc(-c4ccc(F)cc4)cn23)Cc2ccccc2)cc1,0,0.27676443108262,0.393430444034823,5.475609,0.0120680624799465,0.0818318628590666
6309,Cc1ccc(Cn2cc(C(CC(=O)NCCc3ccccn3)c3cccc(C(F)(F)F)c3)c3ccccc32)cc1,0,0.213001636085264,0.51907297415246,8.121914,0.0468325551860312,0.1960185278048788
6310,O=C(CC(c1ccc(C(F)(F)F)cc1)c1cn(Cc2ccc(F)cc2)c2ccccc12)NCCN1CCOCC1,0,0.266009678034951,0.785502103267052,8.243167,0.1797955631659294,0.14891999342583873
6311,O=C(c1ccc(C(F)(F)F)cc1)N(CCc1ccccc1)CCc1nc(-c2cccc(C(F)(F)F)c2)no1,0,0.236622328756521,0.42384350277655,3.5144396,0.0358266162443541,0.24392565856596038
6312,CCCCc1ccc(S(=O)(=O)Nc2ccn(C34CC5CC(CC(C5)C3)C4)n2)cc1,0,0.698263360843068,0.0847872435600457,9.499686,0.0302487014573484,0.20172897291922723
6313,O=C(NC12CC3CC(CC(C3)C1)C2)c1ccc(C(=O)NC23CC4CC(CC(C4)C2)C3)cc1,0,0.696713025111143,0.987401269586682,14.788587,0.038969610865334,0.38257251431946676
6314,CCCC1CCc2c(sc(NC(=O)C3C4CCC(CC4)C3C(=O)O)c2C(N)=O)C1,0,0.652036931094211,0.0271395046924207,17.176388,0.1356967859190425,0.5320946746168461
6315,O=C(NC1CCCCC1)c1c(NC(=O)C2C3CCC(C3)C2C(=O)O)sc2c1CCCC2,0,0.628178670027687,0.0600756888168648,9.750538,0.0488809651346031,0.25218854948074565
6316,Cc1cc(C(=O)NC2CCC(C)CC2)no1,0,0.834863332866146,0.0368054256513375,2.474587,0.0243489492764635,0.12706483450636014
6317,COc1ccc(C(=O)COC(=O)C(CCSC)NC(=O)C23CC4CC(CC(C4)C2)C3)cc1,0,0.422483632852058,0.170816713879122,11.714063,0.0800415630046603,0.5384807394867556
6318,COc1cccc(-n2c(=O)c3c(n4c(SCCC(C)C)nnc24)-c2ccccc2CC32CCCCC2)c1,0,0.276726202329784,0.340375203019392,9.455882,0.0198943981978692,0.16031365708776965
6319,CC(C)CC(NC(=O)C1CCC(C)CC1)C(=O)OCC(=O)c1ccc(Cl)cc1,0,0.51091553843475,0.0088468178425105,-9.124557,0.3098834435228593,0.5832055796847712
6320,O=C(COc1ccc(C2CCCCC2)cc1)Nc1ccc(NC(=O)COc2ccc(C3CCCCC3)cc2)cc1,0,0.274866616217946,0.786434838955679,7.394197,0.0737924375510223,0.3658601915377272
6321,COc1ccc([C@H]2C[C@@H](C(F)(F)F)n3ncc(C(=O)NCC4C5CC6CC(C5)CC4C6)c3N2)cc1OC,0,0.53835128664494,0.952436625456437,-0.040882707,0.1325343142448216,0.12748097379382467
6322,O=C(NCC12CC3CC(CC(C3)C1)C2)c1cnn2c1NC(c1ccc(F)cc1)CC2C(F)(F)F,0,0.562735395825358,0.161534398945877,3.3835807,0.0752972014833992,0.16326503913083185
6323,COc1ccc(C2CC(C(F)(F)F)n3ncc(C(=O)NCC45CC6CC(CC(C6)C4)C5)c3N2)cc1OC,0,0.527721585946204,0.772799750929694,5.963843,0.1178609859439144,0.15290274547024937
6324,O=C(CC12CC3CC(CC(C3)C1)C2)Nc1ccc(C(=O)NCCc2ccccc2)cc1,0,0.651369697944565,0.270391850510798,9.574053,0.0224635771149853,0.31123687753719886
6325,O=C(NC1CCCCC1)c1ccc(NCCC(=O)c2cc3ccccc3o2)cc1,0,0.545391170992269,0.0677111988459656,1.2896384,0.0189814742365129,0.2158742736121809
6326,CCCc1cc2c(cc1NC(=O)COc1ccc(C34CC5CC(CC(C5)C3)C4)cc1)OCO2,0,0.578164879741332,0.22502516697595,1.2913002,0.0424464589973721,0.3962018293319365
6327,O=C(Nc1ccccc1C(=O)NC1CCCCC1)c1ccc(C23CC4CC(CC(C4)C2)C3)o1,0,0.586152413198423,0.345992888165451,2.6389122,0.027013515917024,0.2900978696286705
6328,CC1CCCCN1C(=O)c1ccccc1NC(=O)c1ccc(C23CC4CC(CC(C4)C2)C3)o1,0,0.625109296737826,0.18343293293376,2.6811209,0.0411342407168244,0.28782775621034384
6329,COc1ccc(C(=O)N2CCCCc3ccccc32)cc1C12CC3CC(CC(C3)C1)C2,0,0.601959287195979,0.967099140645952,2.1301422,0.0713284126232405,0.5986973229371179
6330,COC(=O)C(NC(=O)C(NC(=O)c1ccc(C23CC4CC(CC(C4)C2)C3)cc1)C(C)C)C(C)C,0,0.559609560806173,0.160713440186796,-14.448787,0.3487948822382232,0.5257760685678956
6331,CC(C)C(NC(=O)c1ccc(C23CC4CC(CC(C4)C2)C3)cc1)C(=O)N1CCc2ccccc2C1,0,0.627853655396256,0.251099220919097,-7.886419,0.0420461951935779,0.45619230716431164
6332,CC(C)CCNC(=O)C(Cc1c[nH]c2ccccc12)NC(=O)c1ccc(C23CC4CC(CC(C4)C2)C3)cc1,0,0.322860141461642,0.955898785729246,-6.426599,0.0156305733668498,0.2119267437393284
6333,CC(C)C(NC(=O)c1ccc(C23CC4CC(CC(C4)C2)C3)cc1)C(=O)NCc1ccc2c(c1)OCO2,0,0.578007935458069,0.100477128342834,-8.19382,0.0360277637821149,0.4029845155160813
6334,Cc1ccc(Cc2c(C)nc3nc(SCC(=O)NC4CCCCCCC4)nn3c2C)cc1,0,0.536331862384599,0.0202939078267652,4.474499,0.0375599279217774,0.22338218255969972
6335,CCCNC(=O)Cc1ccc(-n2c(=O)c3ccccc3n(Cc3ccc(F)cc3Cl)c2=O)cc1,0,0.434175928547317,0.0101431579601598,3.7212172,0.1156473349455568,0.25758421968253076
6336,Cc1ccc(Cn2c(=O)n(-c3ccc(CC(=O)NCc4ccccc4)cc3)c(=O)c3sccc32)cc1,0,0.363115256260356,0.229529082788789,-0.007828712,0.0180517901699023,0.10453605654185757
6337,Cc1ccc(CNC(=O)Cc2ccc(-n3c(=O)c4sccc4n(Cc4ccc(C)cc4)c3=O)cc2)cc1,0,0.344556592591506,0.805420195086925,2.2845159,0.0352879343714423,0.10514664519541442
6338,O=C(Cn1c(=O)n(Cc2cccs2)c(=O)c2ccc(Cl)cc21)c1ccccc1,0,0.469899783333007,0.0027749747492506,0.22439289,0.0278594558563277,0.13198986090205772
6339,CC(C)(C)C(=O)Cn1c(=O)n(Cc2ccc(C(=O)NCCc3ccc(Cl)cc3)cc2)c(=O)c2ccccc21,0,0.363489267395733,0.232744720357395,-2.2673542,0.0296839846836527,0.22315045175331277
6340,O=C(Cn1c(=O)n(Cc2ccc(C(=O)NC3CCCC3)cc2)c(=O)c2ccccc21)c1ccc(Br)cc1,0,0.336682500830097,0.0792686554937479,7.8478675,0.0243336397709097,0.09846360253171904
6341,Cc1ccc(CNC(=O)c2ccc(Cn3c(=O)c4ccccc4n(CC(=O)c4ccc(F)cc4)c3=O)cc2)cc1,0,0.297034614364372,0.706869950715325,-1.7457601,0.0276254976174018,0.14196570175402515
6342,CCn1cc(C(=O)NC2CCC(C)CC2)c(=O)c2cc(S(=O)(=O)N(C)C3CCCCC3)ccc21,0,0.658596962797603,0.0144004472379951,2.488977,0.0239924069502496,0.1910895111754319
6343,CCn1cc(C(=O)NC2CCC(C)CC2)c(=O)c2cc(S(=O)(=O)N3CC(C)CC(C)C3)ccc21,0,0.690554217772913,0.0336320110135674,-3.8068533,0.0167573113024721,0.17904273574964844
6344,Cc1cc(N2CCC(C(=O)NC(C)C)CC2)n2nc(C)c(-c3ccc(Cl)cc3)c2n1,0,0.67215742348364,0.0048334995914853,-21.029198,0.0463015148829364,0.15004313881514503
6345,Cc1cc(N2CCC(C(=O)N3CC(C)CC(C)C3)CC2)n2nc(C)c(-c3ccc(Cl)cc3)c2n1,0,0.505192699573365,0.0343956141855615,-20.1008,0.0296034047278244,0.17708559045677746
6346,CCCCn1c(CNC(=O)C23CC4CC(CC(C4)C2)C3)nnc1SCC(=O)Nc1ccccc1,0,0.482697447918186,0.028090047479439,4.728534,0.0115717414091388,0.1558774842845602
6347,Cc1ccc(C(=O)NC(C)C23CC4CC(CC(C4)C2)C3)cc1NC1=NC2CS(=O)(=O)CC2S1,0,0.670073403242111,0.206245749973094,10.034332,0.0331925757951042,0.10936542987088986
6348,CC1CCN(S(=O)(=O)c2ccc3c(c2)N(CC(=O)NC(C)C24C[C@H]5C[C@@H](C2)C[C@@H](C4)C5)C(=O)CO3)CC1,0,0.608100580901393,0.0892827636808058,-0.57553166,0.0416729841825931,0.3423514218283941
6349,CC(NC(=O)CN1C(=O)COc2ccc(S(=O)(=O)N3CCCC3)cc21)C12C[C@H]3C[C@@H](C1)C[C@@H](C2)C3,0,0.646721174506348,0.0079282887909135,1.5457743,0.0284915809734435,0.18615051348020595
6350,CC(NC(=O)CN1C(=O)COc2ccc(S(=O)(=O)N3CCCCCC3)cc21)C12C[C@H]3C[C@@H](C1)C[C@@H](C2)C3,0,0.60636934038475,0.0854912735242039,1.5552799,0.0386890085858493,0.4644186871885846
6351,Cc1ccc(Cn2c(=O)c3ccccc3n3c(CCC(=O)NCC(C)c4ccccc4)nnc23)cc1,0,0.360737635145076,0.0829860640748476,5.8467007,0.0186276027295081,0.11769684021744467
6352,CCN1CCCC1CNC(=O)c1ccc(Cn2c(SCc3ccc(C)cc3)nc3ccncc32)cc1,0,0.316984226168526,0.0274633580055046,3.3046832,0.0322586275620921,0.07520398417767878
6353,Cc1cc(N2CCC(C)CC2)n2nc(C)c(-c3ccc(Cl)cc3)c2n1,0,0.655687901022079,0.090645775915391,-16.944761,0.0398766509532177,0.19604901611900266
6354,Cc1ccc(Cn2c(SCc3ccc(C(=O)NC(C)c4ccccc4)cc3)nc3ccncc32)cc1,0,0.248904268616449,0.0478700915872781,2.7322493,0.0123281563407917,0.09518005505296569
6355,Cc1ccc(Cn2c(SCc3ccc(C(=O)NC4CCCCC4C)cc3)nc3ccncc32)cc1,0,0.308897523024251,0.0340674087754063,6.186153,0.0150027553885504,0.1111587096943849
6356,CC1CCCCC1NC(=O)c1ccc(CSc2nc3ccncc3n2Cc2ccc(F)cc2)cc1,0,0.313863677131746,0.0430461956026889,5.510652,0.0201976657123104,0.12603463513743235
6357,Cc1ccccc1Cn1c(SCc2ccc(C(=O)NC3CCCC(C)C3C)cc2)nc2ccncc21,0,0.29041995912912,0.0375085937311027,10.821041,0.01415580505864,0.13004996926785636
6358,Cc1ccc(CSc2nc3ccncc3n2Cc2ccc(C(=O)NC3CCCCCC3)cc2)cc1,0,0.239190340315334,0.138683235206237,4.120935,0.0177761846643258,0.10780015226141255
6359,Cc1ccc(CSc2nc3ccncc3n2Cc2ccc(C(=O)NCc3cccc(C)c3)cc2)cc1,0,0.257627269711639,0.0427813164631417,4.820237,0.0093961096617777,0.09957865736752722
6360,Cc1ccc(CSc2nc3ccncc3n2Cc2ccc(C(=O)NCc3ccccc3C)cc2)cc1,0,0.257627269711639,0.0534943718434622,4.0347085,0.0104997861763894,0.09589373287352218
6361,Cc1ccc(CNC(=O)c2ccc(Cn3c(SCc4cccc(C)c4)nc4ccncc43)cc2)cc1,0,0.257627269711639,0.0767943907410048,1.564876,0.0121396270558998,0.10155330600413177
6362,Cc1cccc(CSc2nc3ccncc3n2Cc2ccc(C(=O)NC3CCCC(C)C3C)cc2)c1,0,0.29041995912912,0.0368752889808666,3.3658524,0.0111083623784677,0.11103323005595592
6363,Cc1ccc(-c2onc3ccc(-c4cc(C(=O)O)c5cc(C(C)C)ccc5n4)cc23)cc1,0,0.343038697120036,0.150059098136788,2.65304,0.3435170146669306,0.20552098318457598
6364,Cc1cc(N2CCC(C)CC2)n2nc(C(F)(F)F)c(-c3ccccc3Cl)c2n1,0,0.551985613266817,0.0515148470096971,-12.328618,0.040471100177009,0.2981405419954113
6365,Cc1cc(N2CCC(C)CC2)n2nc(C)c(-c3ccc(F)cc3)c2n1,0,0.694774787331683,0.139393512961174,-17.57579,0.0403435607683581,0.2176609862261695
6366,Cc1nn2c(N3CCC(C)CC3)cc(C(C)(C)C)nc2c1-c1ccc(F)cc1,0,0.598565490060517,0.0548820856766467,-9.710261,0.0284216847268745,0.15706211920866106
6367,Cc1cc(N2CCC(C)CC2)n2ncc(-c3ccc(Cl)cc3)c2n1,0,0.683521707131811,0.107351741061397,-10.56289,0.0282643150311276,0.14020049658592804
6368,Cc1cc(N2CCCC2)n2ncc(-c3ccccc3Cl)c2n1,0,0.717945214003388,0.0077345334419177,-18.42193,0.0206530351633996,0.08110971562447526
6369,Cc1nn(CCCC(=O)NC(C)C23CC4CC(CC(C4)C2)C3)c(=O)c2c1sc1ccccc12,0,0.53077493508423,0.034323130123625,13.368028,0.0258634464223091,0.12048548298165115
6370,CC1CCCC(NC(=O)c2ccc(CNS(=O)(=O)c3ccc4c(c3)C(C)(C)C(=O)N4C)cc2)C1C,0,0.631236517254421,0.0390599952675653,0.41071236,0.019572864017797,0.16205999427610002
6371,CC(C)Cn1c(=O)c2sccc2n2c(CCC(=O)NCCC34CC5CC(CC(C5)C3)C4)nnc12,0,0.516501919562242,0.0159860020130045,13.943969,0.0178934623448094,0.10266258104904617
6372,CCCn1c(=O)c2sccc2n2c(CCC(=O)NC(C)C34CC5CC(CC(C5)C3)C4)nnc12,0,0.565478470134847,0.0071868682366291,11.896928,0.0344666314057988,0.10064703248496705
6373,CCCCn1c(=O)c2sccc2n2c(CCC(=O)NCCC34CC5CC(CC(C5)C3)C4)nnc12,0,0.485737858149118,0.0313848870113631,16.934566,0.0202116959099022,0.09213302885056959
6374,CC(C)CCNC(=O)Cc1ccc(-n2c(=O)c3ccccc3n(Cc3ccc(Cl)cc3)c2=O)cc1,0,0.394110605142073,0.0118981284532319,1.252942,0.0567002983727213,0.16425635442448164
6375,CC(C)CCNC(=O)Cc1ccc(-n2c(=O)c3ccccc3n(Cc3ccccc3F)c2=O)cc1,0,0.419781758374593,0.0818619089547658,5.957419,0.0529018776026581,0.20265572354074796
6376,CC(C)NC(=O)Cc1ccc(-n2c(=O)c3ccccc3n(Cc3ccc(F)cc3)c2=O)cc1,0,0.494444063212188,0.0110550208144042,5.216399,0.1207943500012439,0.38685076461032475
6377,O=C(Cc1ccc(-n2c(=O)c3ccccc3n(Cc3ccc(Cl)cc3)c2=O)cc1)NC1CCCCC1,0,0.410408448610409,0.003917550400555,2.414803,0.0782637576932075,0.1730949378158094
6378,Cc1ccc(Cn2c(=O)n(-c3ccc(CC(=O)NC4CCCCC4)cc3)c(=O)c3ccccc32)cc1,0,0.440740620367645,0.0050193891892089,4.5365243,0.0297908104992528,0.15404957435510086
6379,O=C(Cc1ccc(-n2c(=O)c3ccccc3n(Cc3cccc(Cl)c3)c2=O)cc1)NC1CC1,0,0.477798001761,0.0158592771260513,4.4459567,0.0576198635517318,0.2129947027659283
6380,Cc1cccc(Cn2c(=O)n(-c3ccc(CC(=O)NC4CC4)cc3)c(=O)c3ccccc32)c1,0,0.500921395787351,0.0069933322260116,3.5756712,0.0399016996224555,0.18766582048872543
6381,Cc1ccc(Cn2c(=O)n(-c3ccc(CC(=O)NC4CC4)cc3)c(=O)c3ccccc32)cc1,0,0.500921395787351,0.0109559787911326,4.6785793,0.0685398815951785,0.16441834224670843
6382,Cc1ccccc1Cn1c(=O)n(-c2ccc(CC(=O)NCC(C)C)cc2)c(=O)c2ccccc21,0,0.460437536659049,0.0419612334729184,5.862786,0.0314073781719009,0.1399658467878706
6383,Cc1ccc(C)c(Cn2c(=O)n(-c3ccc(CC(=O)NCC(C)C)cc3)c(=O)c3ccccc32)c1,0,0.442325651979655,0.0087697805164273,4.025559,0.0281538989310283,0.13757375115430098
6384,Cc1ccc(Cn2c(=O)n(-c3ccc(CC(=O)NCC(C)C)cc3)c(=O)c3ccccc32)cc1,0,0.460437536659049,0.0055335604044448,0.2922994,0.0296794223686334,0.13849429075757047
6385,CC(C)CNC(=O)Cc1ccc(-n2c(=O)c3ccccc3n(Cc3cccc(C(F)(F)F)c3)c2=O)cc1,0,0.397876910442951,0.12445108054087,1.9035422,0.1038871622524038,0.24033903654323305
6386,O=C(NC1CCCCCC1)c1ccc(Cn2c(SCc3ccc(F)cc3Cl)nc3ccncc32)cc1,0,0.209196616281165,0.459687935356964,1.5840396,0.0312161321275217,0.1166539183657918
6387,Cc1ccc(CNC(=O)c2ccc(Cn3c(SCc4ccc(Cl)cc4)nc4ccncc43)cc2)cc1,0,0.235962066131429,0.386093016477916,4.222852,0.0131947349589081,0.10166021332169477
6388,CC(NC(=O)c1ccc(Cn2c(SCc3cccc(Cl)c3)nc3ccncc32)cc1)c1ccccc1,0,0.229234203242432,0.25173377931769,2.8156667,0.0159925146743492,0.10103454288370692
6389,COc1ccc(CSc2nc3ccncc3n2Cc2ccc(C(=O)NCc3cccc(C)c3)cc2)cc1,0,0.246706818145837,0.441446279960482,3.5638595,0.0086851043900155,0.10228540150189233
6390,O=C(NCCc1ccccc1)c1ccc(Cn2c(SCc3cccc(C(F)(F)F)c3)nc3ccncc32)cc1,0,0.207572040234795,0.359895111478703,2.8943563,0.0287429110660984,0.14550443137473237
6391,Cc1ccc(CCNC(=O)c2ccc(Cn3c(SCc4cccc(Cl)c4)nc4ccncc43)cc2)cc1,0,0.216869101964723,0.377032504470467,6.5683074,0.0139697977261935,0.1033597995010572
6392,COc1ccc(CSc2nc3ccncc3n2Cc2ccc(C(=O)NC3CCCc4ccccc43)cc2)cc1,0,0.227598281810841,0.619796653438252,7.975057,0.0110213316785951,0.09025835664942965
6393,c1cc(C2CCCCC2)ccc1-c1ccc(SCc2nc(-c3ccc4c(c3)OCO4)no2)nn1,0,0.304022904251531,0.731178961368341,0.060341477,0.0066749955132325,0.18621893002700746
6394,O=C(CC1CCN(C(=O)c2nnc(C(=O)Nc3ccccc3)s2)CC1)NCCN1CCCCCC1,0,0.579384096881476,0.0403726028497535,-5.498055,0.022214568089077,0.1454726852577575
6395,CN(CCNC(=O)c1cccc(C2CCCN(C(=O)Nc3ccc(Cl)cc3)C2)c1)C1CCCCC1,0,0.512904799247252,0.164819785753485,1.6779548,0.0744489519507147,0.19139933164365555
6396,COc1ccc(C(=O)OCc2cc(=O)n3oc(C)cc3n2)cc1NC(=O)C12CC3CC(CC(C3)C1)C2,0,0.516407001236688,0.0210209234496333,9.11173,0.0764097914662183,0.20723036539579048
6397,Cc1ccc(C)c(NC(=O)c2ccc(N3CCC(C)CC3)c(S(=O)(=O)N3CCC(C)CC3)c2)c1,0,0.633611201852865,0.0687546870118347,-2.6941118,0.0438407354480845,0.29937845570047217
6398,CCN(CC)S(=O)(=O)c1ccc2c(c1)cc(C(=O)NC(C)C13CC4CC(CC(C4)C1)C3)n2C,0,0.644260265534203,0.0387584515850828,6.0987506,0.01952986486344,0.19417421217269423
6399,COc1cc(OC)c(-c2cc(C(=O)NCc3ccccc3)c3c(-c4ccccc4)[nH]nc3n2)cc1OC,0,0.3058590274413,0.114641023338467,5.4989023,0.0263586359912831,0.1437582903096677
6400,CCc1nc(-c2ccc(C)c(S(=O)(=O)N3CCC(C(=O)NC4CCCCCC4)CC3)c2)no1,0,0.637776761027549,0.0021278357920279,-10.606402,0.0225896159361348,0.15749609806717843
6401,CCC(Cc1ccccc1)NC(=O)c1cc(S(=O)(=O)N2CC(C)CC(C)C2)ccc1Sc1cccc(Cl)c1,0,0.30345334163675,0.270089282521382,8.392313,0.0385720371334782,0.35931037478946604
6402,CC1CCN(S(=O)(=O)c2ccc3nc(-c4cccnc4)cc(C(=O)NC4CCCC(C)C4C)c3c2)CC1,0,0.494676182934508,0.323844048746707,-1.6812737,0.0172831785470151,0.13061269891503924
6403,CCCn1c2c(c(O)c(C(=O)Nc3nc(C45CC6CC(CC(C6)C4)C5)cs3)c1=O)CCCC2,0,0.646714201292796,0.133762468552934,5.372796,0.0252202147466558,0.18397540397650608
6404,O=C(CSc1nnc(COc2ccc(C3CCCCC3)cc2)n1-c1ccccc1)NC1CCCCC1,0,0.339917932902287,0.461631835367416,5.702433,0.0300994003790037,0.17479925228182105
6405,Cc1cccc(NC(=O)c2ccccc2NC(=O)CC23CC4CC(CC(C4)C2)C3)c1,0,0.664676569917152,0.236423691414592,7.5800033,0.0291576868027234,0.30880636257741
6406,O=C(NC1CCCCC1)c1ccc(NC(=O)C2CCCN2S(=O)(=O)c2ccccc2)cc1,0,0.696445786823211,0.0027197305339919,-2.692328,0.0396039535843972,0.2807278354088002
6407,CCOC(=O)c1cc(C(C)c2ccccc2)sc1NC(=O)CCC1CCCC1,0,0.55511660257726,0.0572771314543365,-10.276576,0.0359802885939208,0.11255283281008469
6408,Cc1nc2c(OCc3ccc(C(F)(F)F)cc3)cccn2c(=O)c1-c1cc(C)n(-c2cccc(F)c2)n1,0,0.277494447299974,0.0871162619397578,7.719312,0.2952381572118793,0.31174222876780744
6409,Cc1nc2c(OCc3ccc(C(F)(F)F)cc3)cccn2c(=O)c1-c1cc(C)n(-c2ccc(Cl)cc2)n1,0,0.266237133468688,0.16538298064025,5.010141,0.2118388012209313,0.19800552002478894
6410,Cc1cc(C)cc(OCc2nc(C(=O)NC3CCCCC3NC(=O)NC34CC5CC(CC(C5)C3)C4)cs2)c1,0,0.426543555238569,0.788660454206527,0.92109954,0.0253710655382584,0.1445035540441641
6411,Cc1ccc(OCc2nc(C(=O)NC3CCCCC3NC(=O)CC(C)CC(C)(C)C)cs2)cc1,0,0.480912142296166,0.0745499806817655,-8.573834,0.0197680836691683,0.13767538031667179
6412,CCc1ccccc1NC(=O)NC1CCCCC1NC(=O)c1csc(COc2ccc(C(C)C)cc2)n1,0,0.310006013309909,0.593902564435074,-8.149082,0.0150805407900051,0.10256376707440318
6413,CCCCN(C)C(=O)c1ccc(-n2nc(C(=O)OCC)cc2-c2ccc(C3CCCCC3)cc2)cc1,0,0.317600266594307,0.0936130513536402,6.4134727,0.0430677253481432,0.16421679232321035
6414,Nc1c2c(nc3oc(-c4ccccc4)cc13)CCCC2=O,0,0.738072379137076,0.0627267646950602,0.119072795,0.0308807601443532,0.14411339194474232
6415,Cc1ccc(CNC(=O)c2ccccc2NC(=O)c2cccc(NC(=O)C(C)C)c2)cc1,0,0.505462918478593,0.0083899019086754,1.8682865,0.0307526044974784,0.31119395985062426
6416,CC(C)Cc1ccc(-c2cc(C(=O)NC3CCCCCC3)c3ccccc3n2)cc1,0,0.493248514387256,0.3739096938577,-8.18404,0.0218806621565413,0.20296900348138083
6417,CCn1c(Cn2nnc(-c3ccccc3)n2)nnc1SCC(=O)NC(C)C12C[C@H]3C[C@@H](C1)C[C@@H](C2)C3,0,0.440211771519759,0.188860902884906,7.02731,0.02685572176789,0.16357317851595665
6418,COc1ccc(C(=O)NCCc2ccco2)cc1C12CC3CC(CC(C3)C1)C2,0,0.789435047125432,0.557485728968737,1.5258344,0.054744095355322,0.41487722423864115
6419,Cc1nc(-c2ccccc2)sc1C(=O)N[C@@H](Cc1ccccc1)C(=O)O,0,0.699238394512557,0.778440561288412,-2.0691755,0.043145833489096,0.512644440697491
6420,COc1cccc(-c2nc(C)c(C(=O)N[C@@H](Cc3ccccc3)C(=O)O)s2)c1,0,0.637556287438315,0.0136567654287758,-2.0998044,0.0260768070877593,0.444825311208501
6421,CCCN(C(=O)CC12CC3CC(CC(C3)C1)C2)c1nc(-c2ccc(C3CCCCC3)cc2)cs1,0,0.403258955018346,0.659123526547706,12.9430065,0.0387082786583642,0.18579001221182748
6422,CC1=C(C(=O)Nc2cc(C)ccc2C)C2(CCCCC2)OC1=O,0,0.844537251874572,0.0054430010759636,3.7828107,0.1498139841250381,0.49834492857941937
6423,COc1ccc(Cn2c(SCc3ccc(C(=O)NC4CCCCCC4)cc3)nc3cccnc32)cc1,0,0.229306445806005,0.0520111576091559,2.1531348,0.0175114679122252,0.12921496383317516
6424,Cc1ccc(Cn2c(SCc3ccc(C(=O)NCc4cccc(C)c4)cc3)nc3cccnc32)cc1,0,0.257627269711639,0.0538887507444282,3.6556916,0.0061703073519375,0.09964712594929964
6425,Cc1cccc(Cn2c(SCc3ccc(C(=O)NC4CCCCCC4)cc3)nc3cccnc32)c1,0,0.239190340315334,0.124412867334347,0.87994707,0.0111322528951033,0.12622709827673173
6426,COc1ccc2[nH]cc(CCNc3ccc(S(=O)(=O)C4CCCCC4)nn3)c2c1,0,0.611445674618899,0.0549407143803985,-1.1577892,0.0273732464323158,0.15103411970716216
6427,Cc1ccccc1C(=O)Nc1ccc(OCc2cc(C(=O)NC3CCC(C)CC3)no2)cc1,0,0.52413706871431,0.0465625328302782,-10.40701,0.0191620097502697,0.12282858438258704
6428,CCOC(=O)c1ccc(NC(=O)CCc2nc(-c3ccc(N4CCC(C)CC4)cc3)no2)cc1,0,0.483768428175066,0.0052620213783067,-0.7064782,0.0253984753843035,0.15632918381750655
6429,CCc1cccc(NC(=O)CCn2nnc3cc(C(=O)NC4CCCCC4)ccc32)c1,0,0.603763440505101,0.0042107773640749,7.0868716,0.0282645370420971,0.16759031631793125
6430,Cc1ccc(C(=O)N2CCCC(COc3ccc(C(=O)NC(C)C)cc3)C2)cc1F,0,0.773517090330108,0.0262420221306754,-9.504263,0.0396960352955437,0.22497124180431233
6431,Cc1onc(-c2ccccc2)c1C(=O)O,0,0.813160796445655,0.473033976360994,-2.1394136,0.8318219951804663,0.5412223321150698
6432,NS(=O)(=O)c1ccc(Cl)cc1,0,0.719786726369891,0.999573251486608,0.6489769,0.1972937690983439,0.3698865588931473
6433,O=C(O)Cc1ccc(O)c(-c2ccccc2)c1,0,0.848682641827325,0.995935637156696,-1.3397083,0.9510953634039038,0.8422143386413075
6434,CCC(C(=O)N1CCOCC1)c1ccccc1,0,0.799248201726465,0.987869158904523,-8.726156,0.8139863414337504,0.40015248284239185
6435,O=C(O)CCc1ccno1,0,0.672199409584207,0.998916622210097,-0.6112561,0.1541498268299885,0.3406096429164391
6436,CC(=O)Nc1ccc2cc[nH]c2c1,0,0.682988564657152,0.995001891106259,-1.3870735,0.0058394808160573,0.1677334885583157
6437,N#Cc1ccc2ccccc2c1,0,0.57046424261303,0.99740666559818,13.71677,0.0450424560622123,0.08245190075333275
6438,Nc1nc(-c2ccccc2Cl)cs1,0,0.785986029502733,0.616831337998791,-2.7842848,0.080708193236777,0.13949060647975514
6439,Nc1nc(-c2ccc(-c3ccccc3)cc2)cs1,0,0.746644317107135,0.989817897861066,3.5686903,0.0404964495904515,0.3509706424101499
6440,Nc1nc2c(s1)CCCC2,0,0.616184353561786,0.458307387326376,19.528765,0.0902520468503346,0.26315429941456353
6441,CC1(O)CCC12CCN(C(=O)C1CCC1)CC2,0,0.756870545051489,0.869579144666078,-2.1157606,0.1854013119432276,0.22418080047969707
6442,COC(=O)c1cc2ccccc2[nH]1,0,0.672911176577796,0.995861579181986,4.6481404,0.005344620611184,0.14912507849774087
6443,c1csc(-c2cc[nH]n2)c1,0,0.662478287635787,0.418635347633635,11.184903,0.0281537609121617,0.13413613482948952
6444,CS(=O)(=O)c1ccccc1Cl,0,0.6763012329231,0.998475869911113,10.922371,0.0186604760059966,0.16954285340571512
6445,CCOC(=O)c1c[nH]c2ccc(C(=O)OC)cc2c1=O,0,0.857645268178614,0.0015669892375212,3.0317812,0.3638640437254116,0.65631739786324
6446,N#Cc1cnc2ccc(F)cc2c1O,0,0.686923273239965,0.0112040507893127,-12.777894,0.0404525688446352,0.0933521068776294
6447,N#Cc1cnc2ccc(Cl)cc2c1O,0,0.717312518428312,0.544244415159469,-15.447661,0.0290332694938696,0.09270189910071089
6448,COC(=O)c1cncc(C(=O)OC)c1,0,0.648162922197798,0.999231613055624,-12.859139,0.0307569590721309,0.20001406931465046
6449,Cc1onc(-c2ccccc2)c1C(=O)N(C(C)C)C(C)C,0,0.855739956082223,0.605400809215183,-12.317619,0.0894789430756264,0.257056701461414
6450,Cc1onc(-c2ccccc2F)c1C(=O)N(C)C,0,0.81985468851596,0.0439510462309351,-4.553264,0.0738660427115602,0.47782863634205547
6451,CC1(C)CC(=O)c2ccc(O)cc2O1,0,0.684552293311453,0.57434117050999,1.6731836,0.0599999560983376,0.1714932022602185
6452,O=C(O)c1cccc(Br)c1,0,0.755096003854966,0.999472957677683,10.848155,0.0272964868481552,0.3723666696731823
6453,Cc1scc(C(=O)N2CCN(C)CC2)c1C,0,0.743993832919165,0.909477071554617,-9.929763,0.1497983190182567,0.2792780937815092
6454,CCC(=O)c1c[nH]c2ccccc12,0,0.695725498244053,0.994723427362643,7.4012885,0.003005054895011,0.12419582813964383
6455,CS(=O)(=O)Nc1ccc(F)cc1,0,0.759325772321146,0.996671093557198,4.6544023,0.0495316928054182,0.4720601846580063
6456,O=C(Nc1ccccc1)C1CC1,0,0.706105750915739,0.997253646345786,2.931829,0.1007736866574796,0.12796593326265718
6457,CNC(=O)c1c(-c2cccc(F)c2)noc1C,0,0.865705937801624,0.0038620445447182,-15.989802,0.0454653475819846,0.5623136516485812
6458,Cc1onc(-c2ccccc2)c1C(=O)NC(C)(C)C,0,0.899674642916873,0.19186983196447,-7.3417344,0.0609426093596214,0.21399518009405197
6459,O=C(c1cc(-c2cccc(F)c2)ns1)N1CCCC1,0,0.843687504789949,0.0035829518366286,-16.065197,0.0285568461857719,0.11127303517553473
6460,C(=C/c1ccc2ccccc2n1)\c1ccc(/C=C/c2ccc3ccccc3n2)cc1,0,0.329447100941895,0.943021025816927,16.505102,0.0746138548496255,0.2539425733057718
6461,CCOC(=O)c1c(-c2ccccc2)oc2ccc(O)cc12,0,0.737996651107945,0.38756214707132,2.517704,0.7194356297570569,0.5953470682001333
6462,O=C(O)c1ccc(F)cc1,0,0.641685772839607,0.999682737610728,10.044888,0.1451745002563655,0.382751320264225
6463,FC(F)(F)Oc1ccc(-n2cccn2)cc1,0,0.789746857779296,0.232912109891669,-7.438814,0.3014850684372189,0.19919109558686157
6464,Cn1nc(-c2ccc(Cl)cc2)cc1C(=O)O,0,0.87143154721165,0.976332081902489,-1.0496768,0.8478500928540414,0.5115406086526393
6465,CCC(=O)c1cc(OC)ccc1O,0,0.723394019873224,0.988207312171964,7.4297414,0.0017258698786514,0.12941998254125864
6466,c1ccc2c(c1)CCCC2,0,0.508629720614004,0.998879137681202,13.600215,0.0069102089595267,0.14296211191675157
6467,COc1ccc(-c2cc(=O)c3cc(O)ccc3o2)cc1,0,0.77510298189573,0.999357537301081,1.4926895,0.3607538218194557,0.6269723716605596
6468,Nc1c(C(=O)O)cnn1-c1ccc(OC(F)(F)F)cc1,0,0.901231647409116,0.31775017922453,-12.869567,0.891598598659408,0.7149222090314028
6469,Nc1nc(C(=O)O)c(-c2ccc(F)cc2)s1,0,0.84067159561254,0.941738853710596,-3.8641648,0.7118670799152057,0.7443367781392214
6470,Cc1ccccc1Cl,0,0.501501666006764,0.999042015515494,15.474292,0.0053128180070427,0.16509671030047168
6471,COc1ccc(-c2nc3ccccc3c(=O)o2)cc1OC,0,0.739298182375425,0.386243731094426,4.788287,0.0735686457266291,0.3056313468651563
6472,CN(C)C(=O)c1cc(-c2ccccc2F)nc2ccccc12,0,0.72104265918108,0.1996461262681,-2.7113862,0.1088305815211454,0.4913254894846138
6473,Cc1c(C(=O)O)nnn1-c1ccc(C(F)(F)F)cc1,0,0.909486957080612,0.27036722878177,-3.586028,0.6757114683587225,0.39931133333848184
6474,O=C(O)c1nnn(-c2ccc(C(F)(F)F)cc2)c1C(F)(F)F,0,0.862061242429127,0.363305174662546,9.232593,0.745217990940635,0.7316697065653911
6475,CCOC(=O)C1CCN(c2cc(C)nc3nc(Cc4ccccc4)nn23)CC1,0,0.634946203072195,0.0007847967002351,-15.8701725,0.0287831604786281,0.13082355071439206
6476,Cc1cc(N(CCO)CCO)n2nc(Cc3ccc(Cl)cc3)nc2n1,0,0.662354308722862,0.0017600222942466,-0.009205222,0.1019556119432889,0.21333492155352607
6477,CCC(C(=O)Nc1ccc(F)cc1)n1nc(-c2cc(C)ccc2C)ccc1=O,0,0.7205344850938,0.004599417267026,-3.3713899,0.0661151425441742,0.48241853774981547
6478,CCC(C(=O)Nc1ccc(Cl)cc1)n1nc(-c2cc(C)ccc2C)ccc1=O,0,0.676272364144005,0.0105646569343905,-1.3243437,0.0477430936345337,0.343393601955683
6479,COc1ccccc1-n1c(=O)c2c3c(sc2n(Cc2ccc(C)cc2)c1=O)CN(C(C)=O)CC3,0,0.453046118349759,0.0021577946493956,5.207384,0.0355636964890613,0.2014070906936493
6480,CCOC(=O)c1ncn2c(N)c(C#N)nnc12,0,0.708849900955238,0.0017539640880993,4.895201,0.03004310925788,0.09248324139511235
6481,c1nc(SCc2ccc3c(c2)OCO3)c2nc[nH]c2n1,0,0.588410853910894,0.169126777420691,-9.607044,0.0254102553643333,0.22208038470866467
6482,COc1cc(C(=O)O)ccc1OCc1ccc(Cl)cc1,0,0.914141961193921,0.994228013345168,-0.56946987,0.8703789100407261,0.60830165665291
6483,O=C(O)c1ccc(NCc2cccnc2)cc1Cl,0,0.888993664817497,0.056554207519488,-6.7496715,0.3877549332982722,0.4372874262322507
6484,CC(c1ccccc1)C(CC(=O)O)C(=O)NCC12CC3CC(CC(C3)C1)C2,0,0.756355706487489,0.0516461364207742,7.6442523,0.3700889280259617,0.7849731581672351
6485,O=S(=O)(Cc1ccccc1)N1CCC(Oc2ccc(-n3cnnn3)cc2)CC1,0,0.630033955505651,0.00076219643566,-5.6658673,0.0229170381889198,0.1300548447132074
6486,Cc1ccc(C(=O)Nc2ccc3cc[nH]c3c2)cc1,0,0.71481621872524,0.146326532973489,3.8705573,0.0222525075100796,0.1539965884177174
6487,CCOC(=O)c1cccc(C(=O)OCC)n1,0,0.722320121764372,0.99779661001807,13.447288,0.1342165042680023,0.35021478475360657
6488,NC(=O)c1ccccn1,0,0.577262792156486,0.999360780228278,4.178882,0.0839543776664581,0.44042235232074933
6489,Cc1nc2ccc(Br)cc2s1,0,0.673160793483453,0.495737340445788,-8.439976,0.0271658310531309,0.12256356459588942
6490,Oc1ccnc2ccccc12,0,0.614103356782718,0.998125736666718,5.1778874,0.039811581166916,0.12906397347365087
6491,O=C(O)CCc1c[nH]c2ccccc12,0,0.777085125640898,0.996580067919926,-4.9624224,0.653365422306051,0.6962535963262264
6492,O=C(Nc1ccc(Br)cc1)c1cccnc1,0,0.916020949157752,0.998953897707777,0.31035674,0.0681769057000412,0.20669596089522754
6493,Clc1ccc(OCc2ccccc2)cc1,0,0.758953232611442,0.997669825053451,3.3962617,0.7019665800730515,0.19869466462967658
6494,c1ccc(COc2ccc(-c3ccc(OCc4ccccc4)cc3)cc2)cc1,0,0.370992102110046,0.999381117068554,4.6880774,0.1215431861331259,0.5922345785237422
6495,COC(=O)c1ccncc1,0,0.538889582808722,0.998406336312192,1.2127436,0.0109733879644897,0.18662955442285958
6496,COc1ccc(C(=O)c2ccccc2)cc1,0,0.731057588748956,0.998572107109132,7.925016,0.7503582065148047,0.42590485434032266
6497,NC(=O)C(O)C(O)C(N)=O,0,0.333652777250497,0.999573711279641,17.692572,0.8085670227073747,0.6377027642045069
6498,CCOc1ccccc1-c1c(C#N)c(N)nc(OC)c1C#N,0,0.928243527259098,0.0038990505750123,5.394415,0.0228501760472237,0.08937819572900166
6499,CC(=O)c1ccc(Br)cc1,0,0.635066803079801,0.998566889060406,15.183696,0.0064581969651472,0.1946690408101191
6500,CSc1ccccc1C(N)=O,0,0.678294187335521,0.99748288681055,8.404787,0.0192736571595428,0.29463443500988706
6501,O=C(O)c1ccc(-c2ccc(Br)cc2)o1,0,0.906550590694593,0.783963542865289,6.82457,0.7773448818697074,0.5387363202657798
6502,COC(=O)c1cc(-c2ccccc2)on1,0,0.701354824583203,0.445870122325524,6.780523,0.0936209150042914,0.16515074208568498
6503,Cc1cc2nc(-c3ccc(OCc4ccccc4)cc3)cc(C(F)(F)F)n2n1,0,0.479911631726121,0.166130038614693,-6.475,0.0559772041050757,0.30299187564835595
6504,COc1cccc2ccc(/C=C/c3ccc(Cl)cc3)nc12,0,0.67300422147638,0.462256649382883,9.725804,0.0550615997799471,0.22418097409160045
6505,Cc1cc2c(cn1)C(=O)c1ccccc1-2,0,0.55153278351326,0.996502465215091,7.759111,0.2288869985249101,0.1404681835141473
6506,Cc1oc2c(c1C(=O)NC(Cc1ccccc1)C(=O)O)CCCC2,0,0.884782345865319,0.849394140041582,-4.174526,0.4585370072081696,0.4955474077222431
6507,NC(=O)NC(Cc1ccccc1)C(=O)O,0,0.66616609783777,0.999060662683975,7.8616405,0.906080310240042,0.6619513987102186
6508,Nc1nc(-c2cccc(C(F)(F)F)c2)cs1,0,0.834411746492058,0.0158095585784716,-7.385694,0.3065821244580278,0.28434488085694887
6509,COc1ccc2c(Cl)c(C(N)=O)sc2c1,0,0.878937615677058,0.0721147083312456,4.6915555,0.0657348335028393,0.42404996120794597
6510,c1ccc2c(c1)Cc1cccnc1-2,0,0.501276902959559,0.992392866218411,13.756219,0.0415710906308825,0.14174792440988773
6511,Nc1nc(-c2ccc(O)cc2)cs1,0,0.726982772673879,0.990272890287152,11.739905,0.0666497424890582,0.1808028797420705
6512,Cn1ncc(-c2ccno2)c1C(=O)O,0,0.761382924220003,0.413149053858007,-2.9318256,0.0880637621793862,0.2858618964308429
6513,COc1cc(C(F)(F)F)ccc1C(=O)O,0,0.831908606761498,0.999179854688268,-7.889378,0.1057906815974011,0.3155636420761402
6514,NC1CCCNC1=O,0,0.433950118227305,0.998638469391978,8.865143,0.0678266542935547,0.22477840228380042
6515,COC(=O)c1ccc[nH]1,0,0.563898395157008,0.993152966001937,12.455232,0.0258751675954126,0.20473115700903052
6516,CC(N)(C(=O)O)C(F)(F)F,0,0.576811028292484,0.999717619644805,9.346203,0.8343994477490133,0.7328139238548254
6517,NC(CC(=O)O)C(F)(F)F,0,0.607439525879256,0.999695116102284,14.647065,0.8724628568424536,0.8075426900404541
6518,O=C(O)c1ccns1,0,0.610873258302934,0.999623778791654,7.1374907,0.8379234687005247,0.7452377331520059
6519,N#Cc1nc2ccccc2s1,0,0.591794619992317,0.9960278049812,10.626613,0.0230680403924251,0.09604779237929177
6520,NCCS(N)(=O)=O,0,0.456628984641113,0.999305122242756,4.457494,0.7348326244343565,0.6084674585378211
6521,O=C(O)c1csc(-c2ccc(F)cc2)n1,0,0.850968805266076,0.645969298810758,-0.04665768,0.8354262523887236,0.5772714760399621
6522,N#CCC(=O)c1ccccc1Br,0,0.723906662153093,0.99397773842734,17.801231,0.031605281581193,0.07600900875885788
6523,O=C(O)c1cc(-c2cccc(Cl)c2)no1,0,0.850292800512117,0.339938399308324,-1.9716344,0.8770809187071639,0.5964422180339686
6524,Cc1nc(-c2cccc(Cl)c2)cs1,0,0.696916450985607,0.123575234306976,6.8547873,0.0186716617174724,0.14908169257702966
6525,CN1C(=O)CSc2ccccc21,0,0.604484952828712,0.744493670009305,13.6089115,0.005605450623045,0.14458267455933516
6526,O=C(c1ccccc1)c1ccc(F)cc1,0,0.680733140716738,0.999478591908038,12.9721,0.8626154123108414,0.3366402663814144
6527,O=C(O)c1ccc(Br)cc1,0,0.755096003854966,0.9994783896193,13.572364,0.0257261949080364,0.41090065037204776
6528,COc1ccc(C(=O)O)cc1OC,0,0.767198655468122,0.99924377433951,10.580598,0.0077593619800337,0.1860166843850845
6529,CCCN(C)C(=O)c1ccc(-c2cccc(C(F)(F)F)c2)s1,0,0.780670907820164,0.0541289634215635,-3.9804716,0.0449093764512042,0.1734599479172148
6530,CCNC(=O)c1csc(-c2cccc(OC)c2)n1,0,0.920962899104391,0.0019864359198969,-4.493702,0.0351567546383859,0.24678379515055032
6531,COc1cccc(C(=O)N(C)C)c1,0,0.686360161468866,0.989499522277513,-0.9029685,0.0058485318326344,0.12083356125892677
6532,CC(=O)Nc1ccc(C#N)c(Cl)c1,0,0.745097590322248,0.996066690697953,-7.6993175,0.0169931863979291,0.09622411652400333
6533,CCSc1ccccc1C(=O)N(CC)CC,0,0.732471702021609,0.344100788805589,-3.7123265,0.6663509173839463,0.5480752019327404
6534,Cc1c(C(=O)O)oc2cc(OCc3ccccc3)ccc12,0,0.784805397597699,0.0094453881944881,2.0081453,0.8283496539655072,0.5562529019403546
6535,Cc1nc(-c2ccccc2)c(C(=O)O)s1,0,0.84447684885586,0.785857593606299,4.6896915,0.4931224892441515,0.5140538110257635
6536,CCCc1nc(C)sc1C(=O)O,0,0.784119968068407,0.620773046453414,17.728727,0.1715556350578845,0.31058801254701673
6537,Cc1sc(Cl)nc1C(=O)Nc1ccc2cc[nH]c2c1,0,0.753506393397069,0.0081207446385627,-3.365326,0.0145144004976576,0.09713963933562049
6538,Cc1nc(Cl)sc1C(=O)O,0,0.711903152494995,0.894301801248617,14.186751,0.8130209739755845,0.7062130673913762
6539,CC(=O)Nc1nc2ccccc2s1,0,0.752562464990293,0.993937031388455,-12.3949,0.0224934522724702,0.15756935477631934
6540,CC(C)N(C(=O)c1ccccc1Cl)C(C)C,0,0.789407573768501,0.991669897190573,5.542031,0.5144132353349797,0.3206151117849346
6541,O=S(=O)(Cc1c(F)cccc1Cl)N1CCOCC1,0,0.851057270382536,0.0529923506897043,-8.159636,0.1814855213240473,0.308783428947755
6542,CNC(=O)c1cc(C)nc2ccc(F)cc12,0,0.795432288505383,0.0615515524678338,-0.9619274,0.0551207609571636,0.4776085065537864
6543,CNC(=O)c1cc(C)on1,0,0.611646428563845,0.991783221780067,14.383743,0.0372198865546814,0.24299279053759673
6544,Cc1cc(CNC(=O)c2ccccc2)on1,0,0.852216849021572,0.0651728033890454,5.9545236,0.1003549069014998,0.14480442923680106
6545,OC(COc1ccc(C23CC4CC(CC(C4)C2)C3)cc1)CN1CCN(c2ccccc2)CC1,0,0.667870771773992,0.979346350983616,1.274166,0.347264762566499,0.48918146510526517
6546,O=C(O)CC(NC(=O)C12CC3CC(CC(C3)C1)C2)c1ccc(OC2CCCC2)cc1,0,0.67203546392561,0.553756766004987,0.79911864,0.6387057348184179,0.3340441336296474
6547,O=S(=O)(NCC12CC3CC(CC(C3)C1)C2)c1ccc(C2CCCCC2)cc1,0,0.751858810841485,0.662587958922805,17.016188,0.1320368735721171,0.7134592073079766
6548,O=S(N(CCOc1ccccc1)S(=O)C12CC3CC(CC(C3)C1)C2)C12CC3CC(CC(C3)C1)C2,0,0.463611033774096,0.68104226051771,10.304361,0.1134124391516216,0.5816815738750473
6549,O=S(N(CCOc1ccccc1Cl)S(=O)C12CC3CC(CC(C3)C1)C2)C12CC3CC(CC(C3)C1)C2,0,0.392965025701148,0.906802632806563,9.228515,0.1449494977246323,0.6317320600998096
6550,O=S(N(CCOc1ccc(F)cc1)S(=O)C12CC3CC(CC(C3)C1)C2)C12CC3CC(CC(C3)C1)C2,0,0.437982496541273,0.829261951647171,8.964177,0.0961159330176814,0.27386261073950846
6551,O=C(NC1CCCCC1)c1cccc(NC(=O)c2nnc(COc3ccc(Cl)cc3)s2)c1,0,0.501564683413741,0.0223480729329417,-6.332814,0.0263050376229728,0.14753201856537407
6552,O=C(NC1CCCCCCC1)c1nnc(-c2ccc(S(=O)(=O)N3CCCCC3)cc2)o1,0,0.749753200500803,0.0072464417139031,-4.6629677,0.0313738057812694,0.1790900540964165
6553,O=C(NC1CCCCC1)c1csc(CN(CCC(c2ccccc2)c2ccccc2)Cc2ccc(Cl)cc2)n1,0,0.202587390255215,0.707402263308934,9.637153,0.0365101834796299,0.1574287903774138
6554,O=C(NCC1CC1)c1cn(CCC2CCCCN2S(=O)(=O)c2cccc(F)c2)nn1,0,0.685589593264394,0.0231755935599083,-10.728162,0.0217866967239035,0.09361914309338341
6555,O=C(NC1CC1)c1cn(-c2ccc(F)cc2)nn1,0,0.88754087346119,0.006640644518574,-17.694927,0.0783402434968059,0.12292741396794074
6556,O=C(NCC1CCCO1)c1ccc(NC(=O)c2ccc(C34CC5CC(CC(C5)C3)C4)o2)cc1,0,0.658111077669785,0.0995456590943092,-1.0042329,0.0268874491311727,0.1886075610192294
6557,O=C(NC1CCCCCC1)c1sc2ccccc2c1Cl,0,0.776551730923693,0.640919163775096,6.0242906,0.0466223334302445,0.24966994376868157
6558,O=C(c1sc2cc(Cl)ccc2c1Cl)N1CCCCC1,0,0.737755030006587,0.112340955456603,2.3152714,0.068618852584594,0.37210919727506686
6559,O=C(NCCC12CC3CC(CC(C3)C1)C2)c1ccc(S(=O)(=O)N2CCCC2)cc1,0,0.766851946646865,0.099136642240781,14.305,0.0255757629504848,0.2050067074000975
6560,O=C(c1ccc(F)cc1)N1c2nc(C3CCCCC3)nn2C2(CCCCC2)[C@@H]2CCCC[C@@H]21,0,0.536097382653734,0.189998475564924,3.373302,0.04657059334017,0.1424256321931948
6561,O=C(NC12CC3CC(CC(C3)C1)C2)c1cccc(NC(=O)C2CCCN2S(=O)(=O)c2ccccc2)c1,0,0.613325420623245,0.116683958720755,4.978603,0.0218540621296172,0.17536792615492697
6562,O=C(CSc1nc2cc(C(=O)NCC3CCCO3)ccc2c(=O)n1Cc1ccco1)NC1CCCCC1,0,0.325222045227971,0.219614704521507,12.1601,0.0354432118749344,0.09770250582402948
6563,O=C(CSc1nc2ccccc2c(=O)n1Cc1ccc(C(=O)NC2CCCCC2)cc1)Nc1ccc(F)cc1,0,0.229634298203604,0.327823038892971,5.7025285,0.0298512981110043,0.28413686307100516
6564,O=C(NCC1CC1)c1cn(CCC2CCCCN2C(=O)COc2ccccc2)nn1,0,0.683737335464821,0.0097541373558437,2.9283185,0.0180414555069478,0.07229969292477546
6565,O=C(NC(Cc1ccccc1)C(=O)OCC(=O)N1CCN(C23CC4CC(CC(C4)C2)C3)CC1)c1ccccc1,0,0.528104176560869,0.225215325579973,-3.9934201,0.0250749535037925,0.39368871642390413
6566,O=C(CCc1nc(-c2ccc(S(=O)(=O)N3CCCC3)cc2)no1)NC1CCCCCCC1,0,0.675632187769096,0.0362214557707627,-3.9487772,0.0239605307345856,0.0941094734333239
6567,O=C(CCC1CN(C(=O)CC2CCCCC2)CC12CCCCC2)N1CCCC1,0,0.680631764444852,0.0245341582279311,8.947043,0.0356921409823458,0.22582844765581625
6568,O=C(CCC1CCCCC1)NCCC12CC3CC(CC(C3)C1)C2,0,0.727819192167349,0.736328929624234,21.803543,0.2218355757854792,0.4680273851254337
6569,O=C(CCC1CN(C(=O)CCC2CCCC2)CC12CCCCC2)N1CCOCC1,0,0.67215307833024,0.0098704119824759,3.4232936,0.0318197334535636,0.1436455432988158
6570,O=C(CC12CC3CC(CC(C3)C1)C2)Nc1nnc(C23CC4CC(CC(C4)C2)C3)s1,0,0.706450453523856,0.509058704763311,15.279235,0.0443581891672434,0.14296263257458444
6571,O=C(CC12CC3CC(CC(C3)C1)C2)Nc1ccccc1C(=O)NC12CC3CC(CC(C3)C1)C2,0,0.588837803328975,0.350225186352093,12.470353,0.0475703485386801,0.33954293368274524
6572,O=C(Nc1nnc(CCCc2ccccc2)s1)C1CCCCC1,0,0.862503403786582,0.022026610917162,6.421843,0.0110239450600861,0.12076105584220383
6573,O=C(OCc1cc(=O)n2nc(C3CCCCC3)sc2n1)c1ccc(NC(=O)C2CCCCC2)cc1,0,0.479855281450278,0.0345977415768032,3.8596263,0.0632809706588602,0.2048965051687129
6574,O=C(C1CCCCC1)N1c2nc(C3CCCCC3)nn2C2(CCCCC2)[C@@H]2CCCC[C@@H]21,0,0.53146790593639,0.939726989016662,12.389992,0.0638533688014347,0.17007496393006094
6575,O=C(NCc1ccccc1)C1CCCC1,0,0.803081620485847,0.996707109737112,13.682082,0.236477624199449,0.11280537219974358
6576,O=C(c1sc2nccc3c2c1N=NN3Cc1ccccc1)C12CC3CC(CC(C3)C1)C2,0,0.433727553025607,0.116043784509766,8.627304,0.0204673056811072,0.12582919454399885
6577,O=C(OCCC12CC3CC(CC(C3)C1)C2)C12CC3CC(CC(C3)C1)C2,0,0.643544869253017,0.995057944512724,15.443381,0.3205507144413274,0.5779156359593538
6578,O=C(Nc1nnc(COc2ccc(C3CCCCC3)cc2)s1)C12CC3CC(CC(C3)C1)C2,0,0.558083145615627,0.211714497663431,1.5145899,0.048799489384995,0.18236635015195865
6579,O=C(c1ccccc1Cl)c1cc(Cl)ccc1NC(=O)C12CC3CC(CC(C3)C1)C2,0,0.574730300888723,0.934006082360343,7.0612445,0.0828444615154734,0.6016081403677538
6580,O=C(Nc1ccc(-n2nncc2C23CC4CC(CC(C4)C2)C3)cc1)C12CC3CC(CC(C3)C1)C2,0,0.623971072282254,0.212401114531424,6.717855,0.0466167018870505,0.14097343618523808
6581,O=C(NCC(c1cccs1)N1CCCCC1)C12CC3CC(CC(C3)C1)C2,0,0.818604318430268,0.0780743400980756,1.6715068,0.0459451401571587,0.18214639179996445
6582,O=C1C(C23CC4CC(CC(C4)C2)C3)CCC1C12CC3CC(CC(C3)C1)C2,0,0.594155967453978,0.99987434494225,32.6358,0.7522631859254675,0.7179597847942666
6583,N#Cc1c(-c2cccc(Br)c2)cc(-c2ccccc2)nc1N,0,0.732809956224067,0.0120989487878118,1.5717431,0.0037573323599554,0.11898627633346374
6584,Nc1nc(-c2ccc3c(c2)OCO3)cs1,0,0.799336385972707,0.353185580526979,5.558558,0.1586004351675271,0.1567716331262719
6585,N#Cc1c(-c2ccco2)noc1N,0,0.706756765178585,0.0241376481992056,9.433835,0.0283099016487113,0.0777050314459386
6586,N#Cc1c(N)oc2c(-c3cccc(Cl)c3)snc12,0,0.735096251579446,0.0032133897553138,-1.0715165,0.0214391450095395,0.057931943928752935
6587,NCc1nc(-c2ccccc2)cs1,0,0.78858141238891,0.879155865329482,5.925268,0.0403462767312107,0.206757368202372
6588,NCC1Cc2ccccc2O1,0,0.644818474285459,0.375680486161655,11.091388,0.0843723228925385,0.1770960718848747
6589,NC(=O)c1c(-c2ccc(F)cc2)noc1N,0,0.79489933506805,0.957255623794688,-6.3346543,0.6163732401607961,0.7458316248443813
6590,N#Cc1c(SCC(=O)NC23CC4CC(CC(C4)C2)C3)nsc1SCC(=O)NC12CC3CC(CC(C3)C1)C2,0,0.418291024349873,0.538967857370363,15.013022,0.0437901668247477,0.08331108581195043
6591,Fc1ccccc1-c1nn2c(-c3ccccn3)nnc2s1,0,0.570396660854552,0.103496258746512,-2.7837791,0.0140430104656853,0.20272266105808617
6592,Fc1ccccc1-c1nn2c(-c3cccs3)nnc2s1,0,0.566571466734796,0.0076829695851221,-2.6585243,0.010803899622924,0.08530806028187399
6593,Cn1nc(C23CC4CC(CC(C4)C2)C3)cc1C(=O)NC1CCCCC1,0,0.904682500269926,0.0075587455588164,13.817815,0.0157874945644036,0.15277678814220846
6594,Cn1cnnc1-c1ccco1,0,0.608841475158136,0.254334536707271,16.398777,0.0436583992793111,0.32482887982366304
6595,Cc1cccc(Cl)c1,0,0.501501666006764,0.999742367085061,13.746155,0.0077828156999553,0.20382567106222133
6596,Cc1ccc(CNC(=O)c2ccc(N3CCCC3)c(NC(=O)NC34CC5CC(CC(C5)C3)C4)c2)cc1,0,0.496491305625641,0.724105639485244,4.8452888,0.0123996304809684,0.11649846909127308
6597,Cc1ccc(CNC(=O)CSc2nc(NC3CCCCC3)c3ccccc3n2)cc1,0,0.411542420781473,0.0451447062673026,0.8193182,0.0173456086123102,0.16739898693604713
6598,Cc1ccc(/C=C\c2nccc3c2[nH]c2ccccc23)cc1,0,0.538540343997424,0.998675776602119,8.330529,0.0080640030845654,0.12437814177515667
6599,Cc1cc(C(=O)NC2CC2)no1,0,0.708946926773246,0.082496303476726,7.260699,0.0269886546348096,0.1194099544029148
6600,COc1ccc2c(c1)c(CC(=O)Nc1ccc(C(=O)NC3CCCCC3)cc1)c(C)n2C(=O)c1ccc(Cl)cc1,0,0.269728981811719,0.902837124709297,-1.0703176,0.3604961127150402,0.15405174629726964
6601,Cc1onc(-c2ccccc2Cl)c1C(=O)NCC1CCCCC1,0,0.888796308002576,0.0125188194515339,-5.6257224,0.0159344428259427,0.14582109690457762
6602,Cc1onc(-c2ccccn2)c1C(=O)NC1CCCCC1,0,0.94048184791398,0.0012467894125893,-5.2268863,0.0272020680010009,0.12621461212176685
6603,COc1ccc(-c2cn3c(C)c(C(=O)N4CCc5ccccc54)sc3n2)cc1,0,0.515130076007578,0.0046383427224389,-0.3569256,0.0068304378372417,0.07306235484374156
6604,Cc1oc(C23CC4CC(CC(C4)C2)C3)cc1C(=O)NCC12CC3CC(CC(C3)C1)C2,0,0.66475532331693,0.753238765470439,14.808494,0.3523076263971734,0.43772795638734
6605,Cc1oc(-c2ccc3c(c2)OCO3)cc1C(=O)O,0,0.881700479950803,0.848877516036482,6.1594787,0.7615257303695974,0.4304107836333827
6606,Cc1ccccc1C(=O)Nc1ccc(OCc2cc(C(=O)NCC3CCCCC3)no2)cc1,0,0.4996185856333,0.0868037280614498,-5.5353737,0.0105468769051509,0.1144868250274522
6607,Cc1ccc(NC(=O)NC23CC4CC(CC(C4)C2)C3)cc1NC(=O)NC12CC3CC(CC(C3)C1)C2,0,0.418712948111804,0.97141101229215,10.357841,0.0682692075656343,0.33838117723834904
6608,Cc1ccc(C(=O)Nc2ccccc2C(=O)NCC2CCCO2)cc1NC(=O)c1ccccc1,0,0.489704901266171,0.0406580388869486,1.7118317,0.0427969222358803,0.22635008856163963
6609,Cc1ccc(OCc2nc(C(=O)NC3CCCCC3NC(=O)NC34CC5CC(CC(C5)C3)C4)cs2)cc1,0,0.457738714780867,0.813493658609302,-2.6196747,0.0210738346774122,0.13083716763188202
6610,Cc1ccc(NC(=O)Cn2c(=O)c(CCC(=O)NC3CCCCC3)nc3ccccc32)cc1,0,0.578428546458436,0.002414697293246,6.0219784,0.0165600275759375,0.19941051502696386
6611,Cc1ccc(NC(=O)CCn2nnc3cc(C(=O)NCC4CCCCC4)ccc32)cc1,0,0.603922813268447,0.0028467760569571,0.3375014,0.0167318990584022,0.15212126804532414
6612,CSCCC(NC(=O)C12CC3CC(CC(C3)C1)C2)C(=O)OCC(=O)c1ccc(C)cc1,0,0.457970415104229,0.0681865431955178,10.457328,0.1190936351613044,0.553142211435699
6613,COc1ccc(C(=O)N(CCC(=O)Nc2nnc(-c3ccc(C)cc3)s2)C2CCCCC2)c(OC)c1,0,0.419668449851629,0.536168424049055,1.4976906,0.0294666752238346,0.11007425014666342
6614,Cc1ccc(-c2cc3nc4c(c(C(F)(F)F)n3n2)CCCC4)cc1,0,0.652091537680842,0.0350165897050296,-5.400011,0.0481269542646249,0.47455905861681097
6615,Cc1ccc(-c2cn3ccccc3n2)cc1,0,0.599372352917363,0.411525650343224,1.9651831,0.166257338151124,0.20706353231861466
6616,Cc1ccc(-c2cc(C(F)F)n3ncc(C(=O)N(C)C45CC6CC(CC(C6)C4)C5)c3n2)cc1,0,0.513638154621314,0.197261323927679,-9.838414,0.0282365337134289,0.17730347346419917
6617,Cc1ccc(NC(=O)NCCn2nnc3cc(C(=O)NC4CCCC4)ccc32)c(C)c1,0,0.567671420779901,0.0083579421139746,7.389522,0.0341367943916355,0.07400023938323368
6618,Cc1ccc(NC(=O)CSc2nc3ccc(NC(=O)C4CCCCC4)cc3s2)c(C)c1,0,0.438378217040244,0.200553738298337,5.128226,0.0106014771458531,0.2219552218885676
6619,Cc1nn2c(-c3cccc(NC(=O)C4CCCCC4)c3)nnc2c2ccccc12,0,0.551214529902038,0.0017708379550801,1.4580156,0.0229692457111492,0.09589302667728751
6620,CC(c1ccccc1)N(CCC(=O)Nc1nnc(-c2ccc(Cl)cc2)s1)C(=O)CSc1ccccc1,0,0.231946768134256,0.395426714015485,5.431231,0.0094961717838205,0.1071602111153211
6621,CC1CCN(S(=O)(=O)c2ccc3c(c2)c(=O)c(C(=O)NC(C)CCc2ccccc2)cn3C)CC1,0,0.541267753131217,0.0418967816108738,-8.526416,0.0244648353342222,0.16844755014680785
6622,CC(NC(=O)c1c(NC(=O)c2ccccc2)sc2c1CCCC2)C12CC3CC(CC(C3)C1)C2,0,0.554587462375458,0.395700292818842,6.963569,0.0164260592363156,0.2025312464322754
6623,CC(NC(=O)C12CC3CC(CC(C3)C1)C2)C12CC3CC(CC(C3)C1)C2,0,0.775078166438132,0.852225324700219,16.525503,0.3205883035224504,0.5441471616108964
6624,CSc1ccc(Cl)cc1,0,0.566518795193706,0.999180683413775,7.6807656,0.0092751826759556,0.1487128011075854
6625,CSCCC(NC(=O)C12CC3CC(CC(C3)C1)C2)C(=O)OCC(=O)c1ccc(Br)cc1,0,0.389192900607458,0.219448865437888,15.067801,0.0478347708839669,0.5668041434891017
6626,COc1cccc(CC(=O)N2CCCCC2CCn2cc(C(=O)NC3CC3)nn2)c1,0,0.719285584657199,0.0125109271245835,-1.9688137,0.0223821329486309,0.06999839487699429
6627,COc1cccc(C2CC(C(F)(F)F)n3ncc(C(=O)NCC45CC6CC(CC(C6)C4)C5)c3N2)c1,0,0.583475405845334,0.28058157032012,6.9072356,0.065477156068134,0.15558477159826833
6628,COc1ccc(CN(CCC(c2ccccc2)c2ccccc2)Cc2nc(C(=O)NC3CCCCC3)cs2)cc1,0,0.198114541563347,0.822525978161881,8.97589,0.0270435918538397,0.1619809832994355
6629,COc1ccc(CC(=O)NC2CCCCC2NC(=O)c2csc(COc3ccccc3OC)n2)cc1,0,0.426316642013713,0.160190139168019,0.7747501,0.0233124858896595,0.13677051530384568
6630,COc1ccc(C2CC(C(F)(F)F)n3ncc(C(=O)NCC45CC6CC(CC(C6)C4)C5)c3N2)cc1,0,0.583475405845334,0.371308461095441,6.663461,0.0656236758243224,0.1594985652891622
6631,COc1ccc(C(C(=O)NC2CCCCC2)N(Cc2ccco2)C(=O)Cc2c[nH]c3ccccc23)cc1OC,0,0.281218698247394,0.440941453698867,1.2938117,0.028666120081414,0.10722632830104
6632,COc1ccc(-c2nnc(N)o2)cc1OC,0,0.841399493628508,0.373995484839261,2.577279,0.1088046446371232,0.3133847309524744
6633,COc1ccc(-c2cc(C(=O)NC3CCS(=O)(=O)C3)on2)cc1,0,0.902554810775374,0.0005333408486414,5.3729653,0.2622299230760079,0.08304027274091066
6634,COc1ccc(-c2nnc3sc(C4CCC4)nn23)cc1,0,0.741996735843207,0.0010522686197718,-10.918279,0.011336160976596,0.0822908212855999
6635,COc1ccc(NC(=O)N(Cc2cccn2Cc2csc(-c3ccc(OC)cc3)n2)C2CCCCC2)cc1,0,0.251903874818859,0.151785324644822,-5.3407626,0.0383682036009856,0.06784394724557286
6636,COc1ccc(-c2nn3c(-c4ccco4)nnc3c3ccccc23)cc1,0,0.491201352030632,0.0127888053716158,-2.034168,0.0089662768153992,0.09520960559306584
6637,COc1ccc2[nH]c3ccccc3c2c1,0,0.635554671204451,0.998576515419266,8.517112,0.0762151270600493,0.18059829094491597
6638,COc1ccc(C(=O)NCCc2c[nH]c3ccccc23)cc1C12CC3CC(CC(C3)C1)C2,0,0.535589005334169,0.997663295783124,0.9034728,0.0120481794207255,0.17811182026865033
6639,COc1ccc(C(=O)N2CCN(C3(c4ccccc4)CCCCC3)CC2)cc1C12CC3CC(CC(C3)C1)C2,0,0.442656681300761,0.982590277548932,-0.8093883,0.1131037000544264,0.48667666112338137
6640,COC(=O)c1cc(C23CC4CC(CC(C4)C2)C3)oc1CNCc1ccccc1,0,0.731005355496692,0.172661711260985,7.8698916,0.0770361109601294,0.39040382341753166
6641,COC(=O)c1nc(N)sc1-c1cccc(F)c1,0,0.832880933501283,0.0057636096505376,-5.186601,0.0568425732129616,0.5196679566874725
6642,Cn1c(=O)c2c(nc3n(CCOC45CC6CC(CC(C6)C4)C5)c(C45CC6CC(CC(C6)C4)C5)cn23)n(C)c1=O,0,0.496058513569624,0.660215417987293,12.663263,0.0825314029737103,0.24521269647562374
6643,CN(C(=O)Nc1cccc(NC(=O)N(C)C23CC4CC(CC(C4)C2)C3)c1)C12CC3CC(CC(C3)C1)C2,0,0.502474876417832,0.921844425683567,-19.143456,0.0521951214560916,0.19636507754406965
6644,CCn1c(CNC(=O)C23CC4CC(CC(C4)C2)C3)nnc1SCC(=O)c1ccccc1,0,0.495849809399251,0.0079180889280554,1.5606204,0.017119652067035,0.1832921934862603
6645,CCn1c(CNC(=O)C23CC4CC(CC(C4)C2)C3)nnc1SCC(=O)Nc1ccc(OC)cc1,0,0.525646416477763,0.0172402878698168,4.9138875,0.029643458962699,0.23241348295516784
6646,CCn1c(CNC(=O)C23CC4CC(CC(C4)C2)C3)nnc1SCC(=O)N1CCCc2ccccc21,0,0.584940151757398,0.0360126853155219,9.506518,0.022390784070723,0.14557976009598886
6647,CCc1cc(N(C)C2CCCCC2)nc(SCc2ccc(C(=O)NCCc3ccccn3)cc2)n1,0,0.300868860326025,0.103682213956655,-0.6943269,0.0137439952515854,0.13885413167396088
6648,CCc1ccc(NC(=O)Cn2c(=O)c(CCC(=O)NC3CCCCC3)nc3ccccc32)cc1,0,0.531798984109324,0.0029344260660233,7.787189,0.0204646274423935,0.18317599690595535
6649,CCc1ccc(C(=O)COC(=O)CNC(=O)C23CC4CC(CC(C4)C2)C3)cc1,0,0.579143515970685,0.0527496589749643,-2.9538574,0.3675294560878799,0.6704099374181682
6650,CCC(C)NC(=O)c1cn(-c2ccccc2Cl)nn1,0,0.934421612094419,0.0048798440110522,-15.342195,0.036094055914152,0.1638068563900797
6651,CCSc1nc2c(c(=O)n1CC1CCCCC1)C1(CCCCC1)Cc1ccccc1-2,0,0.42459250124984,0.405134187974598,7.697477,0.0322399429673493,0.28401357600569577
6652,CCOc1ccc([C@H]2[C@H](C(=O)C34CC5CC(CC(C5)C3)C4)N3C=Cc4ccccc4[C@H]3C2(C#N)C#N)cc1,0,0.471953662131362,0.128369443658576,8.978572,0.0702565741379344,0.06526284979496767
6653,CCOc1ccc(CNC(=O)c2nc(N3CCCCC3)c3oc4ccccc4c3n2)cc1,0,0.477792044912291,0.0038198256569794,-3.6496248,0.007662365965441,0.09411558583435484
6654,CCOc1ccccc1NC(=O)c1c(NC(=O)C23CC4CC(CC(C4)C2)C3)sc2c1CCC(C)C2,0,0.47265416163961,0.240905908937762,4.8240914,0.0329513939279901,0.2778991225750196
6655,CCOC(=O)C(C)Sc1nnc(CNC(=O)C23CC4CC(CC(C4)C2)C3)n1C1CCCCC1,0,0.435612807454487,0.0161711503196444,0.4907714,0.0339895992233609,0.23680746280263149
6656,CCOC(=O)N1CCC(NC(=O)C(NC(=O)c2ccc(C34CC5CC(CC(C5)C3)C4)cc2)C(C)C)CC1,0,0.560334530168476,0.386667521241782,-9.329767,0.0456384294663119,0.3436881222607077
6657,CCOC(=O)CC[C@@H](C)[C@H]1CCC2C3CCC4C[C@H](O)CCC4(C)[C@H]3C[C@H](O)C21C,0,0.617256571830413,0.999190592105222,11.961597,0.9693488654536478,0.8698870144775042
6658,CCN1CCN(Cc2ccc(NC(=O)COc3ccccc3-c3nnc(-c4ccccc4)o3)cc2)CC1,0,0.362968318041716,0.010323518599553,-3.0840354,0.0385385488955779,0.10756310469714073
6659,CCN(CC)CCNC(=O)C(NC(=O)c1ccc(C23CC4CC(CC(C4)C2)C3)cc1)C(C)C,0,0.553101323960694,0.375550846049288,-9.836572,0.1976521518505078,0.6339103137366265
6660,CCN(C(=O)c1ccc(C(C)(C)C)cc1)c1nc(-c2ccc(C3CCCCC3)cc2)cs1,0,0.400065704074865,0.545043214544309,7.062692,0.0415098489932123,0.2275438039312799
6661,CCCNC(=O)c1cc(-c2ccccc2OC)on1,0,0.896623341081889,0.0059216588067217,-7.8147254,0.0419039345782665,0.11863308073423626
6662,CCCn1c(=O)c(C(=O)NC23CC4CC(CC(C4)C2)C3)c(O)c2ccccc21,0,0.847097038081033,0.0063123793666107,2.826354,0.0341942608560789,0.19614991805928456
6663,CCCN(CCC)C(=O)c1sc2ccccc2c1Cl,0,0.774423020283903,0.855017146358194,0.60852015,0.0818417535474786,0.5746896688474008
6664,CCCCc1ccc(NC(=O)CSc2cn(CC(=O)N3CCC(C)CC3)c3ccccc23)cc1,0,0.386208204030083,0.0684416235856464,11.533383,0.0187173543535024,0.12098106155318847
6665,CCOC(=O)c1c(NC(=O)CCC2CCCC2)sc2c1CCC(C(C)(C)CC)C2,0,0.497755996664854,0.107784209651318,-7.202169,0.0896057369844323,0.13187928974572802
6666,CCC(Oc1ccc2c(c1)C(c1ccc(F)cc1)N(C(=O)C1CCCC1)CC2)C(=O)NCC1CCCO1,0,0.548438688111643,0.224029502384337,0.7258159,0.0383955024883684,0.07397774055201481
6667,COC(=O)N1CCCc2cc(NC(=O)CC34CC5CC(C)(CC(C)(C5)C3)C4)ccc21,0,0.712563915062196,0.0302408924997084,5.9953647,0.1532783596523042,0.35144497478846437
6668,Cc1nc2sc3c(c2c(=O)n1NC(=O)C12CC4CC(CC(C4)C1)C2)CCCC3,0,0.834998651103034,0.0073278764107879,10.383604,0.0288891418541783,0.17014852035954747
6669,CC(=O)N1CCC(Cc2ccc(CN(C(=O)c3cccc(C)c3)C3CC3)cc2)CC1,0,0.705903679996789,0.0114443248676931,-0.44707596,0.0402767927285842,0.1300193778877989
6670,CC(=O)N1CCC(Cc2ccc(CN(C(=O)CCC3CCCC3)C3CC3)cc2)CC1,0,0.608371597836106,0.0454650839348821,-6.2029505,0.035905118315711,0.13376558096479874
6671,CC1CC(C)CN(S(=O)(=O)c2ccc3c(c2)c(=O)c(C(=O)NC(C)CCc2ccccc2)cn3C)C1,0,0.522307393507388,0.105168215581975,-3.387957,0.0192995207062681,0.1569377881776985
6672,CC(CCC(=O)O)C1CCC2C3CCC4C[C@H](O)CC[C@]4(C)C3CC(=O)[C@]12C,0,0.730367663157964,0.998658784086628,17.771765,0.9758871249181428,0.900201438252024
6673,CC1CCN(c2cc(-c3noc(C(=O)NC4CCCCCC4)n3)ccn2)CC1,0,0.808174029282162,0.0027700187838337,0.23252857,0.009875968091955,0.12059732770096321
6674,CC1CCN(C(=O)CSc2cn(CCNC(=O)c3cccc(C(F)(F)F)c3)c3ccccc23)CC1,0,0.437060734221248,0.265789857179979,8.619985,0.0337204710216443,0.16537278773552497
6675,CC1CCC(NS(=O)(=O)c2ccc3c(c2)c(=O)n(CC(=O)N2CCCCCC2)c(=O)n3C)CC1,0,0.688946558364655,0.0033393366110105,-10.521765,0.0460546431788211,0.3873267233718946
6676,CC1CCC(NC(=O)c2cc(COc3ccc(NC(=O)c4cccc(Cl)c4)cc3)on2)CC1,0,0.480338142222883,0.0353997172811437,-6.604559,0.0305605634541812,0.15358969938610273
6677,CC1CCC(OC(=O)CCC(=O)Nc2nc(C34CC5CC(CC(C5)C3)C4)cs2)CC1C,0,0.571764261963444,0.351854478717014,11.802002,0.0755940474894594,0.17911655363608453
6678,CC12CCC(O)CC1CCC1C2CCC2(C)C(OC(=O)c3ccccc3)CCC12,0,0.660472155864791,0.768565883161407,4.543463,0.9686233882956088,0.8409548736731072
6679,CC12CC3CC(C)(C1)CC(Nc1nc(N4CCCC4)nc4ccccc14)(C3)C2,0,0.77951753749144,0.156148869522352,8.07266,0.0263652307415995,0.0970369324476958
6680,CC12CC3CC(C)(C1)CC(Nc1cc4c(S(=O)(=O)c5ccccc5)nnn4c4ccccc14)(C3)C2,0,0.390014548108034,0.0409496458342814,8.463913,0.021504029669319,0.12547759530460745
6681,Cc1cc(N2CC(C)CC(C)C2)nc2ccc(NC(=O)CCC(=O)NC3CCCCCC3)cc12,0,0.54718019199422,0.0922207879320129,2.338522,0.0241930916669832,0.2189430790151749
6682,CC(NC(=O)C1CCCN(S(=O)(=O)N2CCCCC2)C1)C12CC3CC(CC(C3)C1)C2,0,0.718286463120366,0.0232562546621686,12.303986,0.0198753593785852,0.2436394016643164
6683,CC(C)c1nc2ccc(C(=O)NCCC34CC5CC(CC(C5)C3)C4)cc2o1,0,0.782294792643196,0.0648428405805384,4.935085,0.0148517387568022,0.24883181189491865
6684,CC1CCC(NC(=O)C(NC(=O)c2ccc(C34CC5CC(CC(C5)C3)C4)cc2)C(C)C)CC1,0,0.592279133163304,0.294282550514947,-13.25273,0.1364797750094086,0.4534942012295923
6685,CC(C)C(NC(=O)c1ccc(C23CC4CC(CC(C4)C2)C3)cc1)C(=O)N1CCN(c2ccccc2F)CC1,0,0.558590025695008,0.806073481974347,-5.6292915,0.0426332436434263,0.16344342648145407
6686,CC(C)C(NC(=O)c1ccc(C23CC4CC(CC(C4)C2)C3)cc1)C(=O)N(C)Cc1ccccc1,0,0.58986420907146,0.822604058297208,-9.279836,0.045151071519775,0.4806237719527777
6687,CC(C)NC(=O)c1cc(-c2cccc(Cl)c2)on1,0,0.926578766762357,0.0042047866760125,2.653564,0.0521502711109126,0.20459262914079393
6688,COc1ccc(Cn2c(SCc3ccc(C(=O)NC(C)C)cc3)nc3cccnc32)cc1,0,0.389245651559503,0.0132335940333336,-1.2470869,0.0185064210032647,0.11241313883035482
6689,CC(C)NC(=O)N1CCCC1c1cccs1,0,0.843676805882462,0.125335639272636,3.2019458,0.0502183276100873,0.11721187202329006
6690,CC(C)N(Cc1ccccc1)C(=O)c1c2c(nc3ccccc13)C(=O)N(C1CCCCC1)C2,0,0.519780011094711,0.0358398439923605,0.49024665,0.0246845147018491,0.19842162775068886
6691,CC(C)Cc1ccc(S(=O)(=O)Nc2ccc(Oc3ccc(C(=O)NC4CCCC4)cn3)cc2)cc1,0,0.407554182025721,0.290655979848158,-2.1487038,0.1051056275636902,0.08967976315693774
6692,COc1ccc(NC(=O)C(CC(C)C)NC(=O)c2ccc(C34CC5CC(CC(C5)C3)C4)cc2)cc1,0,0.497046172217254,0.583189239300739,-6.1501756,0.2587499397508555,0.4502763700499782
6693,CC(C)CC(NC(=O)c1ccc(C23CC4CC(CC(C4)C2)C3)cc1)C(=O)NCCN1CCC(C)CC1,0,0.500304609745874,0.431251073272822,-8.922908,0.074063423831699,0.3463687985436751
6694,CC(C)CNC(=O)c1cccc(Nc2c(Oc3ccc4c(c3)CCC4)cnn(-c3cccc(Cl)c3)c2=O)c1,0,0.28029997664056,0.708808017219021,1.1476411,0.0383195945569268,0.10886436515497763
6695,CC(C)CN(CCNC(=O)C(NC(=O)c1ccc(C23CC4CC(CC(C4)C2)C3)cc1)C(C)C)CC(C)C,0,0.383356151009704,0.915543988471354,-8.296436,0.1122836842005313,0.5003175164030027
6696,COc1ccc(-n2nc(C)c(-c3ccccc3)c2NC(=O)CN(CC(C)C)C(=O)Nc2cccc(C)c2)cc1,0,0.268674620415618,0.377322852499225,2.338838,0.0253744983480623,0.10160040034922795
6697,CC(C)CCNC(=O)C(NC(=O)c1ccc(C23CC4CC(CC(C4)C2)C3)cc1)C(C)C,0,0.61193568530974,0.804670575202572,-12.843211,0.0870438666970368,0.46282113334495795
6698,Cc1ccc(/C=C/c2onc(C)c2S(=O)(=O)N2CCC(C(=O)NCC3CCN(CCC(C)C)CC3)CC2)cc1,0,0.454379845345115,0.825979159598666,-6.7088227,0.0422636198461773,0.18277579633699786
6699,CC(C)CCn1c(SCC(=O)c2c[nH]c3ccccc23)nc2cc(C(=O)NCC(C)C)ccc2c1=O,0,0.173883623552528,0.342159855799273,8.187814,0.0172699676316369,0.12826898521190247
6700,CC(C)CC(=O)N1c2nc(C3CCCCC3)nn2C2(CCCCC2)[C@@H]2CCCC[C@@H]21,0,0.617441142904412,0.570528107846154,2.8116388,0.0426600372724781,0.17555251748224251
6701,CC(C)(NC(=O)c1cn(-c2cccc(Cl)c2)nn1)c1cn(Cc2ccc(Cl)cc2)nn1,0,0.4757525545253,0.005851514084155,-3.5348592,0.068658784065091,0.1384550298523994
6702,CC(C)(NC(=O)c1cn(-c2cccc(Cl)c2)nn1)c1cn(-c2cccc(Cl)c2)nn1,0,0.507663177291478,0.0040912874178613,0.8915013,0.0866118253526587,0.1324320649943353
6703,CN(c1cc(C(C)(C)C)nc(SCc2cccc(C(=O)NCCc3ccccn3)c2)n1)C1CCCCC1,0,0.269041627176442,0.585852499528451,-3.7679977,0.0230688455557666,0.21931007188708213
6704,Cc1noc(-c2ccc(C(C)(C)C)cc2)c1C(=O)NC1CC(C)(C)N(C)C(C)(C)C1,0,0.741646340337915,0.0604069289053578,-9.155947,0.1233050377902275,0.19828041898517695
6705,CC(C)(C)S(=O)CCC(=O)O,0,0.701317541232822,0.998796487648832,3.1985402,0.5579394816673727,0.5457183682484554
6706,COc1cc(CNC23CC4CC(C)(CC(C)(C4)C2)C3)cc(Cl)c1OCC(=O)NC(C)(C)C,0,0.562776780622514,0.0609548854089876,3.9204988,0.1372724385111184,0.4133193281912823
6707,CC(C)(C)C(=O)N1CCCC(C(=O)NCc2ccccc2)C1,0,0.932742943684888,0.0685572109278598,-15.580418,0.0629854879969319,0.35125869997210674
6708,c1ccc(-c2nnc3sc(-c4ccc5c(c4)OCO5)nn23)cc1,0,0.566767214006123,0.163878871170016,-14.022506,0.006214173352096,0.0913828008271218
6709,C(=C/c1nn2c(-c3ccccc3)nnc2s1)\c1cccs1,0,0.572330101590387,0.0025273455536445,-0.4923457,0.0080439817802389,0.08985081525704355
6710,c1ccc(Cc2cn3cc(-c4ccccc4)nc3s2)cc1,0,0.536458072728592,0.0474963975376375,-0.34211707,0.0117159960702594,0.09007776493011553
6711,c1cc2c(cc1-c1nnc(C3CCC3)o1)OCO2,0,0.812494116651887,0.0116419437902822,-15.863347,0.0426806956701387,0.09599731220687824
6712,c1cc(C23CC4CC(CC(C4)C2)C3)oc1C12CC3CC(CC(C3)C1)C2,0,0.625037703781804,0.99911002474261,21.34792,0.68202891735525,0.6416950331254625
6713,Cc1ccc(C(=O)Nc2ccc3c(c2)ncn3-c2ccccc2)cc1,0,0.59822926647017,0.343131324428648,-0.31935823,0.0170342856245609,0.11815242393777067
6714,Cc1cc(C)c(C#N)c(Nc2ccc(Oc3ccccc3)cc2)n1,0,0.726870682708926,0.525974156031305,-1.7995796,0.0120845284260772,0.06834962743638999
6715,COc1ccccc1-c1nnc(-c2ccncc2)o1,0,0.717851108477973,0.0780091077903791,-8.406197,0.0180551995230907,0.135922079898137
6716,CCc1ccccc1NC(=O)c1nnn(-c2ccc(F)cc2)c1C,0,0.798472902585618,0.0017417110411995,-9.377324,0.0430889840036658,0.2586923099366165
6717,Cc1c(S(=O)(=O)c2ccccc2)nnn1-c1ccc(Br)cc1,0,0.702407637299806,0.318465038618208,3.7423692,0.0926535420041603,0.39116948125252315
6718,COc1cccc(-c2csc(-c3ccccn3)n2)c1,0,0.722717378375574,0.0083944603023741,-4.391171,0.007067137794714,0.16385628535068136
6719,COc1ccccc1-c1noc(-c2ccncc2)n1,0,0.717851108477973,0.0487874790011783,-8.958195,0.0124719402177542,0.176120694156636
6720,Cc1nc(SCc2ccccc2F)cc(-c2ccccc2)n1,0,0.506994212223335,0.0713083693197625,9.138768,0.0193839958978564,0.2205325287134154
6721,N#Cc1ccccc1CSc1cc(-c2ccccc2)ncn1,0,0.532165125872711,0.0152741763824658,0.6238662,0.0033713848167403,0.07280541337140732
6722,CN(C(=O)CSc1nnc(-c2ccccc2)o1)c1ccccc1,0,0.672081069360343,0.0110074546453796,-11.2431345,0.0132850780545584,0.18952449569542754
6723,O=C(c1cc(-c2ccc(F)cc2)no1)N1CCCC1c1ccco1,0,0.728323687287553,0.0038541380311491,-3.4491882,0.0199404040046552,0.06910260529853662
6724,O=c1ccc(-c2ccc(S(=O)(=O)Nc3ccc(Cl)cc3)s2)n[nH]1,0,0.741101097893469,0.129090663381919,-2.2886825,0.0401521087763508,0.166643901432225
6725,Cc1ccc(CNC(=O)c2c(-c3cccnc3)noc2C)cc1,0,0.80286214401522,0.0058680559635823,1.1332353,0.013586837516105,0.12284105523406645
6726,Cc1onc(-c2ccccn2)c1C(=O)NCc1cccnc1,0,0.798605787506335,0.0017707248987046,-4.2632504,0.0397611461749165,0.14305809855527096
6727,COc1ccccc1CNC(=O)c1c(-c2ccncc2)noc1C,0,0.780832562403796,0.0103010571862339,-3.2637196,0.019980068267151,0.12895895308148264
6728,CC(Sc1ncc(-c2cccc(Br)c2)o1)C(=O)Nc1ccccc1,0,0.593553852142755,0.0312692875117788,2.0756693,0.0112187950930092,0.23528874880913633
6729,O=S(=O)(Cc1ccc(Cl)cc1)c1ccc(NCc2ccccc2)nn1,0,0.712571341523699,0.0045866782064332,0.3536135,0.0271736596315113,0.16142481842959594
6730,Cc1sc(-c2noc(C3CC3)n2)cc1NC(=O)c1cccc(Cl)c1,0,0.719673761739185,0.0099620552819579,-11.549996,0.0051416105600545,0.08021432565508267
6731,CN(C(=O)c1cc2c(=O)n(C)c(=O)n(C)c2s1)c1ccccc1,0,0.716847194293883,0.0174809266866078,-6.256794,0.0631866064430068,0.4164093820690832
6732,O=c1c(SCc2ccccc2F)nccn1-c1ccc(F)cc1,0,0.682561227717823,0.0144835490707431,2.97858,0.0284009131449533,0.280741827179954
6733,O=c1c(SCc2ccccc2F)nccn1-c1ccc(Cl)cc1,0,0.659895116954252,0.0311489014993787,6.048084,0.0167862860627903,0.22283875740174897
6734,O=c1c(SCc2ccccc2F)nccn1-c1ccc(Br)cc1,0,0.617723917857531,0.0209456657330453,8.51349,0.0150332382130615,0.21032033204495107
6735,Cc1ccc(CNC(=O)c2c(-c3ccc(Br)cc3)noc2C)cc1,0,0.71138507385954,0.0139066425936049,3.972145,0.0128017549655575,0.11145984418739041
6736,O=C(Nc1ccc(F)cc1)c1ccc(-c2cccc(F)c2)nc1,0,0.784321682576676,0.0092501850026219,-5.72414,0.1069619637491795,0.34060368442791905
6737,COc1ccc(C(=O)NCc2ccc(-c3nc(C(C)C)no3)s2)cn1,0,0.727286199939521,0.0022446100946243,-19.208658,0.008222349835757,0.08152039452175174
6738,CCc1nnc(-c2ccc(S(=O)(=O)Nc3ccc(F)cc3)o2)o1,0,0.768515079131041,0.001876297539542,-4.474442,0.0689152139148206,0.294595269003498
6739,COc1ccc(C(=O)NCCc2noc(-c3cccnc3)n2)cn1,0,0.732313587482456,0.0017746227622794,-12.507793,0.0153469131229271,0.12108172780960332
6740,Cc1nn(-c2ccc(Cl)cc2)c(O)c1Cc1ccccc1,0,0.789269459956188,0.121241878386721,2.5502276,0.0835010002615653,0.3192169228099301
6741,COc1ccc(-n2nc(C)c(Cc3ccc(Br)cc3)c2O)cc1,0,0.743982265773388,0.0024698596330323,6.0581255,0.0140857070109347,0.22886627979040158
6742,Cc1onc(-c2ccccc2)c1C(=O)Nc1ccc(Cl)cc1,0,0.771226288535439,0.157656320972089,-0.009567976,0.0425381890040545,0.1346560760550047
6743,Cc1onc(-c2ccccc2)c1C(=O)Nc1ccccc1,0,0.790067090276797,0.28396819627624,0.8878554,0.0318614712491126,0.11745991099054072
6744,Cc1ccc(NC(=O)c2c(-c3ccccc3)noc2C)cc1,0,0.786345522883656,0.0676447892312286,-0.020383716,0.0185052674775687,0.10994279783804486
6745,Cc1onc(-c2ccccc2)c1C(=O)Nc1ccc(Br)cn1,0,0.766762828306293,0.0171711030106031,-2.6740305,0.0136586130131012,0.13567703484967786
6746,CCC(NC(=O)c1c(-c2ccccc2)noc1C)c1ccccc1,0,0.751107187091822,0.0149109883546005,1.9561881,0.0390445766388302,0.12783871033517225
6747,c1ccc(-c2cnc(-c3ccc(-c4ncc(-c5ccccc5)o4)cc3)o2)cc1,0,0.373755907899833,0.811827976666921,-7.024522,0.016883805146528,0.10405093894821063
6748,Cc1nc(C)c(C(=O)O)s1,0,0.67094747770302,0.998796781511383,19.502462,0.4985684857328171,0.5209764855927144
6749,Cc1onc(-c2ccccc2Cl)c1C(=O)Nc1nnc(Cc2ccc(Cl)cc2)s1,0,0.429374920538925,0.0520935673226371,2.396999,0.0369249229510608,0.09585059359196878
6750,COc1ccccc1-c1nn2c(-c3ccccc3Cl)nnc2s1,0,0.560106045814983,0.0388093174408656,-2.1588182,0.0080213244395942,0.11237202121222908
6751,CCOC(=O)C(Cc1c[nH]c2ccccc12)NC(=O)c1ccccc1Br,0,0.601490351636296,0.816345793051418,-5.803537,0.0177413788135222,0.2492900605453634
6752,CCOc1ccccc1-c1nc(-c2ccncc2)no1,0,0.726052692180908,0.0071290738396876,-11.86651,0.0094872761631057,0.14827524614843904
6753,CC1(C)CC(=O)c2sc(N)nc2C1,0,0.688912366352816,0.585207969223754,8.582519,0.0272816561464092,0.29290883732661255
6754,Nc1nnc(SCc2ccc3c(c2)OCO3)s1,0,0.859128417735462,0.0979279673756351,-5.128478,0.0543808646039287,0.23786059196106754
6755,CCN1CCOC(=O)C1CC(=O)Nc1cc(C)cc(C)c1,0,0.860226774998971,0.0021560264981698,11.09118,0.4743430472686563,0.48491895706325466
6756,CCOc1ccc(NC(=O)CSc2nnc(CNC(=O)C34CC5CC(CC(C5)C3)C4)n2CC)cc1,0,0.476163607822966,0.0285566593397341,3.7108598,0.0295931091300667,0.22675795696813045
6757,Cc1ccc(Cl)cc1NC(=O)CSc1ccc(C(=O)O)cn1,0,0.817162272888706,0.0014984917340659,-0.35497367,0.1763979763805586,0.5870696579796302
6758,Cc1ccc(CSc2nc3cccnc3n2Cc2ccc(C(=O)NC3CCCCC3)cc2)cc1,0,0.329527430612542,0.0754330722011299,1.261345,0.0194124522775493,0.10037763984432564
6759,CC(C)N1CC(C(=O)O)CC1=O,0,0.650888004725554,0.990459942194496,9.597239,0.5455963118703205,0.5205600942289381
6760,O=C(C1CCCCC1)N(Cc1cccnc1)c1nc2ccc(F)cc2s1,0,0.654003249508799,0.0078472051919956,-1.2943243,0.009154281011179,0.2054862855815116
6761,CCC(=O)Nc1c(-c2ccc(C)cc2)nc2ccc(C)cn12,0,0.79400437915861,0.192870647826175,-0.5627389,0.1079517325775788,0.1861582009195764
6762,Cc1onc(-c2ccccc2)c1C(=O)Nc1ccncc1,0,0.798359973514043,0.163573515668683,-7.4865355,0.0305985489603837,0.15836988085819276
6763,CCN(C(=O)c1c(-c2ccccc2)noc1C)c1ccccc1,0,0.720999937156941,0.169431070925843,-8.966085,0.0428039801773293,0.20068386714419123
6764,O=C(c1cccc(F)c1)N1CCc2ccccc2C1,0,0.766691947706656,0.171060765280217,-10.096799,0.1087533149152658,0.18673674201496296
6765,Cc1ccc2nc(O)cc(O)c2c1,0,0.643039547803022,0.994081724008137,-7.11704,0.0140694852655326,0.18893881058278206
6766,CCOC(=O)c1cnc2ccccc2c1O,0,0.782533712412269,0.223768424985405,-5.1512775,0.1991571764761062,0.47367978354188145
6767,COC(=O)C(Cc1c[nH]c2ccccc12)NC(=O)c1ccccc1Br,0,0.643836742568515,0.914370540165298,-7.7482085,0.0179216449423383,0.2920989210549536
6768,O=c1c(-c2cccc3ccccc23)c(C(F)(F)F)oc2cc(O)ccc12,0,0.500949473088538,0.857840655237686,14.761975,0.060363638361184,0.6842214642189202
6769,CCSc1nc2c(c(=O)n1CC1CCCC1)C1(CCCCC1)Cc1ccccc1-2,0,0.461612180917203,0.342017249092761,7.745789,0.0294934864599229,0.10582678049877088
6770,NC(=O)CC(N)C(=O)O,0,0.423939477377112,0.999581485348445,23.18242,0.7923197514298989,0.715203472875882
6771,CCOC(=O)c1c(-c2cc(Cl)c(OC)c(Cl)c2)oc2ccc(O)cc12,0,0.621601190036337,0.0734185190476617,2.719017,0.4202341867269759,0.7253326238644576
6772,CC(=O)C(C)Oc1cc(O)c2c(=O)cc(-c3ccccc3)oc2c1,0,0.794313882140042,0.99329897909688,-4.332302,0.5202858597040141,0.6923483040186195
6773,COc1ccc(-c2cc(=O)c3cc(Cl)ccc3o2)cc1,0,0.71114482726339,0.997022471136698,-4.1424236,0.1461229300376744,0.5280482829225476
6774,Cn1c(=O)n(Cc2ccc(Cl)cc2)c(=O)c2c1ncn2CCO,0,0.756832867757591,0.993061107446182,-4.398755,0.6140993783916414,0.6665958952063025
6775,CCc1cccc(NC(=O)C2=C(C)C(=O)OC23CCCCC3)c1,0,0.864393276951967,0.0016725917370902,2.0672603,0.102660690681154,0.45086000215719857
6776,O=c1c(O)c(-c2ccc(OCc3ccccc3)cc2)oc2ccccc12,0,0.580546693179859,0.994374886403381,1.7526544,0.1016998866621537,0.6720953676480298
6777,CC(C)C(=O)N1c2nc(C3CCCCC3)nn2C2(CCCCC2)[C@@H]2CCCC[C@@H]21,0,0.656406286397329,0.706856723080736,4.909276,0.0390310281542874,0.19157318668898232
6778,O=C(CC1(N2Cc3ccccc3C2=O)CCCCC1)N1CCC2(O)CCCCC2C1,0,0.822392708999235,0.0086621230411363,-12.042039,0.1972805361458603,0.5110544373922626
6779,Cc1cc(N2CCC(C)CC2)n2nc(CN3CCC4(CC3)OCCO4)nc2n1,0,0.799200332988692,0.0023476140253669,7.931172,0.0302950249673009,0.14749313592684815
6780,COc1ccccc1NC(=O)Cc1ccc(Cl)cc1,0,0.926928193305385,0.275011425913185,6.5006766,0.1123444842226983,0.4150238084864741
6781,COc1ccc(CCC(=O)Nc2ccccc2C(=O)NC2CCCCC2)cc1,0,0.751256442723215,0.0084072684352121,-2.449128,0.0268672469727246,0.23035262366665005
6782,O=c1cc(-c2ccccc2)oc2cc(OCc3cccc4ccccc34)cc(O)c12,0,0.412370177890065,0.999067193875993,-0.101302624,0.0387928052419145,0.3934786182802462
6783,CCOC(=O)C(Cc1c[nH]c2ccccc12)NC(=O)c1ccccc1Cl,0,0.649377241244701,0.458527952857544,-3.8546877,0.02798687565494,0.2284766807340402
6784,O=c1oc(-c2ccc(F)cc2)nc2ccc(Br)cc12,0,0.68560475847825,0.753767150778641,-1.6223904,0.0920174806044922,0.40667855561564126
6785,COC(=O)c1c(C)oc2ccc(OCc3ccccc3)cc12,0,0.679848826958342,0.281480603421911,-1.4762316,0.1384222688898837,0.40077930771345355
6786,CCOC(=O)c1c(C)oc2ccc(OCc3ccccc3)cc12,0,0.651139030873056,0.456082587875263,-4.2039485,0.1673649476309805,0.3416482029886919
6787,O=S(=O)(c1ccc(Cl)cc1)N1CCN(Cc2ccncc2)CC1,0,0.84735869470899,0.838938722001786,2.2984486,0.0194483128198664,0.330340138180834
6788,CCCOc1cccc(-c2nc3ccccc3c(=O)o2)c1,0,0.732229538539683,0.0014604284168241,-0.4241345,0.052610162586931,0.2994084571263308
6789,COc1ccc2oc(C)c(C(=O)OC(C)C)c2c1,0,0.781702783712193,0.202625076481866,4.8038955,0.1508387141312632,0.3786660210895787
6790,COc1cc2nc(-c3ccccc3Br)oc(=O)c2cc1OC,0,0.71209960522823,0.0481681021537858,-5.2015257,0.0673854560525627,0.3967386019509384
6791,O=c1oc(-c2cccc(Cl)c2)nc2ccccc12,0,0.669979526502405,0.605685831305698,1.862089,0.4298772858877746,0.4360210823759503
6792,O=c1[nH]c2ccccc2n1Cc1ccc(Cl)cc1,0,0.753828145781442,0.658916085226871,1.3520468,0.6706676733071476,0.4185247062787922
6793,COc1cc2nc(-c3ccc(C)c(C)c3)oc(=O)c2cc1OC,0,0.740708945759746,0.0301561705263619,4.9966908,0.0618890341049101,0.2987242242687806
6794,O=C(c1cccs1)c1c[nH]c2ccccc12,0,0.66804184163256,0.250981429830179,0.88541925,0.0417577374374185,0.11101597255225304
6795,O=C(NCc1cccnc1)c1ccc(Cn2c(SCc3ccc(F)cc3)nc3ccncc32)cc1,0,0.305870753446354,0.0463053145477033,0.5731956,0.0128052365732172,0.10110969548810238
6796,CCC(CC)C(=O)Nc1ccc2nc(SCC(=O)Nc3ccccc3C)sc2c1,0,0.451750546246377,0.142318695429588,8.11632,0.0132121237211016,0.19385177825163497
6797,Cc1ccc(NC(=O)CSc2nc3ccc(NC(=O)C4CCCCC4)cc3s2)cc1,0,0.472404047104866,0.0853063077149301,6.207473,0.010033423574898,0.19034675395339642
6798,Cc1ccc(NC(=O)CSc2nc3ccc(NC(=O)C(C)C)cc3s2)c(C)c1,0,0.542346214630187,0.0896821497077365,3.073166,0.0126562284794543,0.21779378545204153
6799,COc1cccc(OC)c1C(=O)N1CCCC1c1cccs1,0,0.861998215424362,0.0039934312704696,-10.510295,0.0554036356826403,0.12158302694029592
6800,COc1ccccc1C(=O)N1CCCC1c1cccs1,0,0.860481715984005,0.0015038814306459,-4.0618043,0.1648246661882649,0.09995061562489606
6801,COc1cccc(OC)c1C(=O)N1CCCC1c1ccco1,0,0.869391019456085,0.0035915523375658,4.8279357,0.0742219916114175,0.1314365891137417
6802,CC(C)C(=O)N1CCCC1c1nc2ccccc2s1,0,0.837752301218193,0.146387116096278,-9.033115,0.0263741026756651,0.08946342762664412
6803,O=C(NCc1cccnc1)c1ccc(CSc2nc3cccnc3n2Cc2ccc(F)cc2)cc1,0,0.305870753446354,0.0320671752459123,-0.58365524,0.0097819289518037,0.10771845257966642
6804,O=C(NCc1ccccn1)c1ccc(Cn2c(SCc3cccc(C(F)(F)F)c3)nc3ccncc32)cc1,0,0.243594066167575,0.234086202138482,-0.808004,0.0345809883749629,0.1602955479747684
6805,Cc1ccn2cc(-c3ccc(NC(=O)c4ccc(-c5ccccc5)cc4)cc3)nc2n1,0,0.422633369860588,0.11428451311845,-3.2710342,0.0274730180823158,0.12568027653404973
6806,Cc1ccc(-n2ncc(C(=O)Nc3ccc(C)c(C)c3)c2C2CCNCC2)cc1,0,0.69096447610771,0.0110891682854607,0.4352697,0.0546489444324256,0.11159661580241306
6807,Cc1onc(-c2ccc(F)cc2)c1C(=O)NCCc1ccccc1,0,0.777239092272125,0.0279072642265223,-0.08942878,0.028854246127047,0.1537268019002643
6808,Cc1onc(-c2ccc(F)cc2F)c1C(=O)NCc1ccccc1Br,0,0.686929912866365,0.0046683472097123,-6.568769,0.0187492997048059,0.1751009190501288
6809,COc1cccc(NC(=O)N(C)Cc2nc3cc(C(=O)NC(C)C)ccc3n2C)c1,0,0.653231836412824,0.0085227217017939,2.525618,0.1344125783732586,0.19345168154001685
6810,CC(C)NC(=O)c1ccc2c(c1)nc(CN(C)C(=O)Nc1ccc(Cl)cc1)n2C,0,0.662336377226819,0.0551138800753461,-4.2571406,0.0663073976263596,0.2413515626312019
6811,CC(C)NC(=O)c1ccc2c(c1)nc(CN(C)C(=O)Nc1ccc(Br)cc1)n2C,0,0.60349042987126,0.0622766784692752,3.221068,0.0518939704406268,0.24999549472534227
6812,O=C(Nc1ccccc1)c1ccc(-c2cccc(F)c2)nc1,0,0.787966122334639,0.0305223800750092,-3.251223,0.0288276097665246,0.23198276975406915
6813,CCC(NC(=O)c1cccc(CN2C(=O)C3CCCN3C(=O)c3ccccc32)c1)c1ccc(OC)cc1,0,0.5120610282545,0.0213376189850187,-9.133854,0.091521642336801,0.2387174622637945
6814,Cc1cccc(C(=O)N2CCCC2COc2ccc(C(=O)NC(C)C)cc2)c1,0,0.828856457589998,0.0135707377043006,-7.528386,0.0652627501749156,0.3286115816266452
6815,COc1ccc(C(=O)N2CCCC2COc2ccc(C(=O)NC(C)C)cc2)cc1,0,0.777626448269196,0.0608827710765342,-1.69737,0.0733163497679746,0.33631712324674523
6816,Cc1cc(N2CCCCC2)n2nc(CN3CCCC(C)C3)nc2n1,0,0.866811121076003,0.0014384075428136,-10.735194,0.0151426205157534,0.14585854059871586
6817,CCCN(C)Cc1nc2nc(C)cc(N3CCCCCC3)n2n1,0,0.84857592215178,0.0032720757553236,-7.6888366,0.024315340134074,0.1826070034046961
6818,COc1cc(F)nc(N)n1,0,0.570497756914966,0.996810138900513,5.2190213,0.1431771251362179,0.4243809724518816
6819,COc1ccccc1-n1c(SCc2cccc(C)c2)nc2ccccc2c1=O,0,0.356641940733653,0.037841147927186,0.115044236,0.0128147729900963,0.22662821563984492
6820,CCOC(=O)c1cc(-c2cccc(NC(=O)C(C)C)c2)n(-c2cccc(F)c2)n1,0,0.626059906302937,0.0054570978830559,2.5531092,0.0674953483500088,0.22499966807820249
6821,CCOC(=O)c1cc(-c2cccc(NC(=O)C(C)C)c2)n(-c2cccc(C)c2)n1,0,0.622480668464074,0.0023426565110044,2.5666914,0.0364292167590166,0.18360605204728828
6822,COc1cccc(COc2ccc(-c3nc(C(=O)Nc4cccc(C(F)(F)F)c4)cs3)cc2)c1,0,0.318349883398174,0.0567573761971092,-1.0777965,0.0340213340907194,0.1652146942959017
6823,Cc1cc2nc(Cc3ccccc3)n(Cc3ccc(C(=O)NCc4cccnc4)cc3)c2cc1C,0,0.343055439188825,0.11859136087659,2.6241126,0.0398511214308161,0.09459052610278254
6824,COc1ccc(-n2nc(-c3ccccc3Cl)cc2O)cc1,0,0.797586103877913,0.028171234930104,-6.7273536,0.0337697525309113,0.18941696762650748
6825,Cc1nc2nccc(-c3ccccc3Cl)n2n1,0,0.661126350675814,0.0518538397274271,-4.9911575,0.2829800581818751,0.43653627438472586
6826,COc1ccccc1NC(=O)Cc1ccc(F)cc1,0,0.916168978194116,0.545463560897712,4.1859183,0.085015859951281,0.17220688677536936
6827,Cc1ccc(C)c(C(C)NC(=O)c2c(-c3ccccc3)noc2C)c1,0,0.748335002218351,0.002862501427128,-4.1705313,0.0133504341732794,0.11621013020242495
6828,Cc1onc(-c2ccccc2Cl)c1C(=O)NC(C)C(C)(C)C,0,0.907489213113559,0.0069425588865539,-9.931455,0.0269990530970667,0.21055974021000398
6829,Cc1onc(-c2c(F)cccc2Cl)c1C(=O)NC(C)C,0,0.941608139946635,0.0034100735097201,-6.4804792,0.0500615641679324,0.2506264020261754
6830,Cc1cc(C)cc(C(=O)N2CCCC2c2cc(C)on2)c1,0,0.846492291898227,0.0031399336118751,-5.3288064,0.0517181758609413,0.10713766694544433
6831,CNC(=O)c1ncoc1-c1cccc(C(F)(F)F)c1,0,0.912398599998252,0.0019727274978647,1.4912637,0.1351367317045342,0.4493369326911164
6832,CCC(=O)N1CCc2cc(S(=O)(=O)NC(CC(C)C)C(=O)Nc3cccc(CC)c3)ccc21,0,0.580165999439368,0.0066886340153474,-7.0281353,0.0523438801505651,0.30701167008507574
6833,Cc1cc2c(cc1S(=O)(=O)N(C)CC(=O)Nc1cccc(Br)c1)OC(C)C(=O)N2,0,0.682297291563879,0.0117868600206057,9.558926,0.0377230164227724,0.27922170076680775
6834,O=C(COC(=O)c1ccccc1F)c1ccc(-n2nncc2-c2ccccc2)cc1,0,0.35903368154725,0.0109148873266313,3.7097507,0.0195734256154916,0.15341185028989854
6835,CS(=O)(=O)N(CC(=O)Nc1cc(Cl)ccc1Oc1ccccc1)Cc1ccc(Cl)cc1,0,0.482915672487855,0.0207237356322912,2.8402648,0.0408495671027501,0.4293053509167213
6836,COc1ccc(C(=O)NC2CCN(c3cc(-c4ccc(Cl)cc4)n[nH]3)C2)cn1,0,0.690639349800526,0.0115184696946074,-13.101273,0.0180395304709532,0.07246367852742167
6837,O=C(NCCc1ccncc1)C1CN(C(=O)CC2CCCCC2)CC12CCOCC2,0,0.778328009813284,0.0040608912045246,3.3717494,0.0134984849220125,0.19621722581385306
6838,O=c1c(CN2CCOCC2)c[nH]c2ccccc12,0,0.867267027491327,0.793370468105976,-2.5369816,0.3018501726853889,0.42900596651521405
6839,CCCN(C(=O)c1ccc(Cl)cc1)c1nc(-c2ccc(C)cc2)cs1,0,0.56575766770748,0.240955694447532,4.3711886,0.0310634501620222,0.20909781446900907
6840,CCN(C(=O)CC12CC3CC(CC(C3)C1)C2)c1nc(-c2ccc(C)cc2)cs1,0,0.615731098421844,0.282836829071177,14.872825,0.0211245630030532,0.18321327222562464
6841,Clc1ccccc1-c1nnc(-c2ccccc2Cl)o1,0,0.685960542231833,0.998742905352131,2.632629,0.1217792782366533,0.30718135155029797
6842,O=C(NC1CCCCC1)c1cccc(Nc2c(-c3ccccc3)nc3cnccn23)c1,0,0.473328076674279,0.0605541649515767,0.44384015,0.0098668516585092,0.12516101211976588
6843,O=C(C1CC1)N1CCCC1c1nc2ccccc2s1,0,0.839468362391052,0.0018805121705408,-16.40635,0.048212320884965,0.09730398026621224
6844,COC(=O)C(C)Oc1cc(O)c2c(=O)cc(-c3ccccc3)oc2c1,0,0.734588093708553,0.998551734254395,-2.828641,0.4433576695076756,0.7384219917875746
6845,Cc1c(C(N)=O)nnn1-c1ccccc1,0,0.777500872094234,0.795917065667772,-7.5269213,0.2791449980892211,0.30914559094003025
6846,Cc1cccc(-n2nnc(C(N)=O)c2C)c1,0,0.812806905092685,0.542548708158419,-1.3598061,0.0691609740792386,0.24703101220462337
6847,CCC(C)NC(=O)N1CCN(Cc2nc3cc(C)ccc3o2)CC1,0,0.936232266806112,0.0007340394539205,-7.883381,0.0549252840858167,0.16407277733289588
6848,Cc1ccc(-c2noc(C3CC3)n2)cc1S(=O)(=O)N1CCC(C(=O)N2CCOCC2)CC1,0,0.673233745947961,0.0163802166958024,-20.178593,0.0221825376657314,0.09719291511583789
6849,Cc1ccc(-c2nnc(SCc3noc(CCC(=O)Nc4cc(C)on4)n3)o2)cc1,0,0.416604810873164,0.0131675740888371,1.620344,0.0198979832531823,0.12285091979509584
6850,Cc1ccc(-c2noc(Cc3nc(-c4ccccc4)cs3)n2)cc1,0,0.540166720780785,0.0385302334958726,-5.046798,0.0074556500434965,0.09421663308629405
6851,Clc1ccccc1-c1noc(Cc2nc(-c3ccccc3)cs2)n1,0,0.5115764480696,0.135038319285486,-2.3130836,0.0106411755325945,0.10477905851076681
6852,CCn1c(CCNC(=O)c2ccc(OC)nc2)nc2cccnc21,0,0.74748671352419,0.0008315303651466,-9.482536,0.0263618232766711,0.15025943618073193
6853,O=C(c1ccccc1Br)N1CCc2nc(-c3ccc(F)cc3)ncc2C1,0,0.632694248474314,0.0336243043971096,-6.202191,0.0188105382345476,0.36518787457673246
6854,O=C(c1cccc(Br)c1)N1CCc2nc(-c3ccc(F)cc3)ncc2C1,0,0.632694248474314,0.0250714333520534,-7.683761,0.0138508770256312,0.25113932611948075
6855,Cc1ccc(C(=O)N2CCc3nc(-c4ccc(F)cc4)ncc3C2)cc1,0,0.708482433230684,0.03057953408815,-9.797083,0.0226461279435469,0.16313811579873386
6856,O=C(c1ccc(Cl)cc1)N1CCc2nc(-c3ccccc3)ncc2C1,0,0.702253716109317,0.0291300751483392,-7.3867545,0.0177294630273592,0.20887067971954348
6857,CCCNC(=O)c1cc(-c2ccccc2)cn1CC,0,0.874550637892696,0.289334123710902,-4.7327905,0.05650042675462,0.16580260234495436
6858,COc1c(C(=O)NC(C)C)sc2ccc(F)cc12,0,0.927136183709142,0.0032020081094278,4.0968432,0.0356317670623239,0.2511261124576379
6859,COc1c(C(=O)N2CCCCC2)sc2ccc(F)cc12,0,0.845133405098243,0.0073248359413503,-10.685981,0.0461935297903769,0.20876339070509622
6860,CCCNC(=O)Nc1ccc(NC(=O)N2CCCC(C(=O)NCC3CCCCC3)C2)cc1,0,0.508762044991029,0.0228080079658274,-2.6212668,0.0350328735599882,0.200377979447049
6861,CC(C)NC(=O)c1ccc(-c2ccsc2)nc1,0,0.904333918021978,0.0089218576315105,-5.4808326,0.0415382706511697,0.10222381628070173
6862,O=C(NC1CCCCCC1)c1ccc(-c2ccsc2)nc1,0,0.860428420145569,0.0357839747000467,0.09381068,0.0075981466860328,0.11177622141214119
6863,Cc1ccc(CNC(=O)c2ccc(-c3ccsc3)nc2)o1,0,0.799726454841096,0.0020245706802351,-5.3484454,0.0053951640093872,0.07921015419542107
6864,O=C(NC1CCCCCC1)c1ccc(-c2cncnc2)nc1,0,0.884121521358286,0.0132210835897445,2.5654044,0.0278663742009178,0.24192405659329771
6865,O=C(NC1CC1)c1ccc(-c2cccs2)nc1,0,0.901603556707924,0.0043740898574987,-2.6026804,0.0319538841991337,0.09174120569269581
6866,O=C(NC1CC1)c1ccc(OCC2CCCN2C(=O)Cc2ccc(Cl)cc2)cc1,0,0.751097428418286,0.0072238677727395,-2.2157724,0.033188254850078,0.1020399569170756
6867,CC(C)NC(=O)c1ccc(OCC2CCCN2C(=O)c2ccc(F)c(Cl)c2)cc1,0,0.76039011434615,0.0098206245377389,-6.252908,0.1043014686421562,0.2804667142182972
6868,CCc1ccc(C(=O)N2CCCC(COc3ccc(C(=O)NC4CC4)cc3)C2)cc1,0,0.753997620075461,0.0053101899251533,-12.555606,0.0263235326380791,0.29479523376255934
6869,CCNC(=O)c1nc(-c2ccncc2)cs1,0,0.881225212022274,0.25506840488064,3.1957684,0.0233743419981706,0.20472731652899995
6870,O=C(Cn1c(=O)n(C2CCCCC2)c2ncccc21)NC1CCCCCC1,0,0.837099457351928,0.0019738534046764,1.3655728,0.0236484618516324,0.2511021367104058
6871,Clc1cccc(-c2noc(Cn3ccnc3)n2)c1,0,0.726389628536581,0.0817916899496011,-6.786879,0.0477733181826645,0.2970932181368179
6872,Cc1nccn1Cc1nc(-c2cccc(F)c2)no1,0,0.72360274092425,0.0215518755338543,-17.8751,0.0200207623687612,0.1746155648352742
6873,O=C(NCC1CCCCC1)C1CCCN(c2cnc3nccnc3c2)C1,0,0.91495858056306,0.0007775520728795,-16.638948,0.0138000684585413,0.11316634538645473
6874,Cc1cc(C)cc(NC(=O)c2cnn3c2CCCC3)c1,0,0.91031906873475,0.0038153053461228,3.497786,0.0667863442859656,0.09271940536707761
6875,O=C(NCc1ccc(F)cc1)c1cc(N2CCCC2)n2nccc2n1,0,0.792789982578802,0.0220457584131572,-17.666311,0.0263353201748139,0.08108607758869602
6876,CCCNC(=O)COc1ccc(NC(=O)C2CC2)cn1,0,0.787735067251198,0.0021996347869426,-11.7872305,0.0423421250984884,0.09175460198849793
6877,CCCN(C)C(=O)COc1ccc(NC(=O)C2CC2)cn1,0,0.829338179387819,0.0052904863955884,1.7230648,0.0375224190468571,0.07824006128598206
6878,CCOC(=O)C1CCN(Cc2nc3nc(C)cc(N4CCC(C)CC4)n3n2)CC1,0,0.7136691188394,0.0043890901848588,-15.459754,0.0312919242146724,0.19456207607648773
6879,CCOc1ncccc1CNC(=O)c1ccc(C)nc1,0,0.904291514305578,0.0024253995157121,-6.927415,0.0228186608459664,0.11467834930619758
6880,CCOc1ncccc1CNC(=O)c1ccc(OC)nc1,0,0.876871687536183,0.0028888357313328,-10.789082,0.0197197360349112,0.14586526250251447
6881,CC(=O)N(C)Cc1cccnc1Oc1ccccc1,0,0.844363559554132,0.017443318787171,6.3690724,0.2150646830415237,0.3803327282716862
6882,Cn1nc(-c2ccccc2)cc1N,0,0.712449658797777,0.839076921492072,6.180761,0.0277796931660577,0.1420891880297248
6883,CCCc1c(C(=O)O)nnn1-c1ccccc1F,0,0.900041189445132,0.006337729415077,-7.1128573,0.0781532696272713,0.5113545662883661
6884,Brc1ccc(CSc2nnc(-c3ccccc3)o2)cc1,0,0.636233132948004,0.0114263840874634,0.41371834,0.0160441136034162,0.16099778987552144
6885,Fc1ccccc1-c1nc2ccccc2[nH]1,0,0.65782147540984,0.871618893262896,-0.87615335,0.0925885954479412,0.1435235101554345
6886,O=C(Cn1c(CN2CCCCCC2)nc2ccccc21)N1CCCCCC1,0,0.823852196399833,0.002914331602178,-14.567365,0.0627597126572997,0.19070236688631412
6887,COc1ccc(-c2cc(C(N)=O)c(C)n2C)cc1,0,0.898545082965478,0.0547478541357854,2.1610494,0.4778715376872863,0.3815157997247397
6888,CCNC(=O)c1cncc(OC)c1,0,0.749472731160609,0.0289860397855037,-9.641895,0.0094035208467429,0.12690967377891277
6889,Cc1nc(-c2cccc(F)c2)sc1C(=O)NC1CC1,0,0.935357594373655,0.001828343246593,-14.606672,0.0184027593004963,0.1550982174504077
6890,CCCNC(=O)c1cc(C)nc2c(Cl)cccc12,0,0.921847358160831,0.0027755818867363,-5.904342,0.1308166586634631,0.36206339017852757
6891,CCC(C)NC(=O)c1cc(C)nc2ccc(Cl)cc12,0,0.928151083699732,0.0016564027894337,-10.083834,0.1215512220842809,0.4676336223972502
6892,CCCNC(=O)c1cc(C)nc2ccc(F)cc12,0,0.904406495410474,0.0041116805644879,-5.4268966,0.089906786178654,0.48975673007222725
6893,O=C(NC1CC1)C1(c2cccc(C(F)(F)F)c2)CC1,0,0.897536021073937,0.0022423592579229,-16.323896,0.1230126446779406,0.1200828738481335
6894,CCCNC(=O)c1ccnn1C,0,0.714626811158624,0.231377303147184,2.7208343,0.0207612033077247,0.15030335802670333
6895,Cc1cc(C(=O)NC2CC2)nn1C,0,0.723088858986958,0.0467707592838529,-7.779449,0.0264655643918511,0.10873508391536053
6896,Cc1nnc(-c2ccncc2)o1,0,0.634573848633264,0.194703109191883,-11.087157,0.0163187933487563,0.15047658143452908
6897,CC(C)(C)c1nnc(-c2ccc3c(c2)OCO3)o1,0,0.773932538413675,0.0568507438355844,-15.393605,0.0338691910469119,0.3447523952231956
6898,CCn1c(=O)c2cc(Br)ccc2n(C)c1=O,0,0.795413389841613,0.331731281482522,4.998664,0.0772873187162643,0.2806304031575162
6899,NC1CCCc2c1cnn2-c1ccccn1,0,0.784112998651527,0.0033633234975077,-13.113903,0.1962576283430222,0.1544054987701174
6900,CCCc1c(C(=O)OCC)[nH]c2c1C(=O)CCC2,0,0.834443215381822,0.0043848193246483,4.288806,0.0800679962178807,0.3892377039174989
6901,CCOC(=O)c1c(C)nc2nonc2c1N,0,0.744779216323319,0.321720562457554,-3.5835671,0.0604396707308423,0.40711160302015115
6902,COc1ccc(-c2cc(CN)on2)cc1,0,0.827761262025119,0.0712733681204845,4.438993,0.0704641189040669,0.17959061426556283
6903,O=C(O)Cn1nc(-c2ccccc2)ccc1=O,0,0.853132502913155,0.917314076514619,-3.3595243,0.936251489378459,0.6768784285295326
6904,Cc1c(C(=O)O)nnn1-c1ccc(Br)cc1,0,0.914739080751398,0.93871443839609,-2.3258324,0.2291399534082802,0.502890096239161
6905,Nc1nc(C(=O)O)c(-c2ccc(Cl)cc2)s1,0,0.863983617843756,0.874813051126163,-1.6871731,0.7602200703565248,0.723049753694045
6906,O=c1ccc(-c2noc(C3CC3)n2)c[nH]1,0,0.798047703311045,0.111960194938748,-15.336851,0.1233693092724684,0.09789368826645649
6907,COc1ccccc1-n1c(C)cc(=O)[nH]c1=O,0,0.83416057849336,0.436778078429375,5.002505,0.6800016310953296,0.3359966689910677
6908,CC(C)OC(=O)c1cccc(C(=O)OC(C)C)n1,0,0.767456018300702,0.992629962169005,8.907311,0.6699570868221287,0.4614018644335228
6909,Cc1nn(-c2ccc(F)cc2)c(O)c1C,0,0.777192474740354,0.119765514333262,-10.026128,0.039895600049727,0.2669044245454427
6910,CCn1c(=O)c2ccc(Cl)cc2n(C(C)C(=O)NC(C)C)c1=O,0,0.925981348083274,0.0008550500878178,5.7715693,0.6708248164768841,0.688109972977457
6911,CN1CCN(C(CC(=O)O)c2cccnc2)CC1,0,0.85683122409556,0.534368455036057,-14.117963,0.2843575461305664,0.3005048461337851
6912,CCOC(=O)c1ncn(-c2ccc(F)cc2)c1N,0,0.841456029328556,0.0108604846735271,-5.4404564,0.0730799450623239,0.4449070104601741
6913,COc1cc(=O)c(C(N)=O)nn1-c1ccc(F)cc1,0,0.872000043685946,0.0183444948415244,-12.224473,0.700527096727325,0.6711434949243034
6914,CCOC(=O)c1nc(-c2ccc(Cl)cc2)no1,0,0.785721137909347,0.109478389871238,-11.842992,0.0432560552017895,0.3892621616750275
6915,Cc1cc(C(=O)NC2CC2)c2cc(Cl)ccc2n1,0,0.901616992171495,0.0064358888207146,-13.372205,0.2994110121997634,0.2018807777229746
6916,CCOC(=O)c1ncn(-c2ccc(OC)cc2)c1N,0,0.846222955356541,0.0036026973137239,4.712627,0.0608793547961852,0.14166933845496993
6917,Cc1cc(C(N)=O)c2cc(Cl)ccc2n1,0,0.801853921172246,0.508523786178024,-8.419687,0.1170264873640697,0.2583423070905279
6918,CC(C)NC(=O)c1snc(-c2ccccn2)c1NC(=O)C(C)C,0,0.881509909529098,0.0038212926041066,2.2781334,0.0325373992506518,0.1950097725330045
6919,CCn1c(C(=O)NCC2(C)CCCO2)cc2cc(NC(=O)C3CCCC3)ccc21,0,0.771137172352573,0.0116852240963155,-6.7141857,0.0161415984210618,0.06997638622064115
6920,CC(=O)Nc1c(-c2ccccc2)noc1C(C)=O,0,0.841776377060575,0.796206209845237,-9.514408,0.2288122863214045,0.2951167747817137
6921,Cc1cc(C(=O)NC(C)C)c2cc(Cl)ccc2n1,0,0.901982154233943,0.0147349166532269,-8.747215,0.176355624518195,0.46632592100622833
6922,CCC(CC)NC(=O)COc1ccc(NC(=O)C2CC2)cn1,0,0.770632627182394,0.0030793985314177,-8.605776,0.0503736728867211,0.09177139305940288
6923,CCC(C)NC(=O)c1cn(-c2ccc(Cl)cc2)nn1,0,0.934421612094419,0.0320038549996457,-11.794037,0.0325669012837561,0.16793531376532256
6924,CNC(=O)c1cc(Cl)ccc1OC,0,0.787719727581465,0.996101635574457,-6.377806,0.0037506788455017,0.15567640456082826
6925,CCC(C)NC(=O)c1cn(-c2ccc(F)cc2)nn1,0,0.9155459619092,0.0169955459216785,-13.688286,0.0380709666400671,0.2477460782752446
6926,COCC(C)NC(=O)c1cc(-c2cc(OC)ccc2OC)on1,0,0.841224790041399,0.0007122242245045,-0.42662752,0.1366147088344899,0.2028743999909454
6927,NC(=O)c1ncoc1-c1ccccc1,0,0.774727441188891,0.925665857654829,6.8445888,0.8011686830198322,0.2660512834639226
6928,CC(C)c1c(C(=O)N2CCOCC2)nnn1-c1ccc(Cl)cc1,0,0.865017307544141,0.0260841015383616,-16.913837,0.1156764368952106,0.29363355861734364
6929,CCC(C)NC(=O)c1ccc(Cl)cc1,0,0.818693213861799,0.996493091146978,-3.0240726,0.0612779466336053,0.20989587373612437
6930,Cc1onc(-c2ccccc2Cl)c1C(=O)N1CCOCC1,0,0.855861243069818,0.0140068588740778,-16.273493,0.219022456107397,0.2022401624117581
6931,O=C(CSc1nc2c(c(=O)n1CC1CCCC1)C1(CCCCC1)Cc1ccccc1-2)c1ccc(Cl)cc1,0,0.187370775380953,0.331247362724309,5.0533843,0.0356381830415146,0.11312491606273527
6932,N#CCSc1nc2c(c(=O)n1CC1CCCCC1)C1(CCCCC1)Cc1ccccc1-2,0,0.447215745626301,0.0538591014576766,8.888539,0.0123110629982813,0.08402531462803693
6933,CC1(C)CC(n2c(SCc3ccccc3)nc3c(c2=O)C2(CCCC2)Cc2ccccc2-3)CCO1,0,0.303980091361159,0.103945819034562,6.815042,0.0226061403031234,0.08840546820178904
6934,CC1(C)CC(n2c(SCC(=O)c3ccc(Cl)cc3)nc3c(c2=O)C2(CCCCC2)Cc2ccccc2-3)CCO1,0,0.183768123528158,0.484080494495615,5.142886,0.0445362395327162,0.18534586926660193
6935,CC1=C(C(=O)Nc2ccc(C)cc2C)C2(CCCCC2)OC1=O,0,0.844537251874572,0.0111139782975702,-2.4260802,0.19864352459601,0.6594830289030547
6936,COc1ccc(C(=O)N2c3nc(C4CCCCC4)nn3C3(CCCCC3)[C@@H]3CCCC[C@@H]32)cc1OC,0,0.506605435163289,0.139010273465023,4.8150506,0.0340036159980081,0.1230469393148621
6937,CCOc1ccc2c(c1)C(SCC(=O)NC1CCCCCC1)CC1(CCCC1)O2,0,0.594868527177718,0.0750176547780323,6.9706826,0.0856569960940269,0.1573219744611245
6938,O=C(Nc1ccccc1)C1(CCO)CC12CCOCC2,0,0.885303182155998,0.0479074524034779,10.446013,0.1308700984896761,0.09866327290656526
6939,Cc1ccc(CC2CCOC3(CCN(C(=O)c4cc(CN5CCOCC5)on4)CC3)C2)cc1,0,0.690782462068084,0.0029200030189837,-8.575594,0.0242520143963273,0.13325309633232402
6940,NC(=O)c1sc2cc(F)ccc2c1Cl,0,0.802956374036062,0.368840316792697,9.186246,0.1072558479250707,0.3184999770083943
6941,O=C(O)Cc1ccc(F)cc1,0,0.699568013225119,0.999571408838425,7.5669284,0.0603169216319377,0.43779021593532474
6942,O=C(O)Cc1ccc(Br)cc1,0,0.819302223306449,0.998393091049153,8.484944,0.0257582296551554,0.4623726403035434
6943,CNC(=O)c1ccc(Cl)cc1,0,0.681442286214986,0.999050583726669,0.077367306,0.0065702083571135,0.16722946645950354
6944,O=C(O)[C@@H]1C[C@H]1C(=O)O,0,0.542016658375195,0.99975960980883,15.740096,0.7911356907191304,0.5647410246149208
6945,CC(=O)C(C)(CCC(=O)O)CCC(=O)O,0,0.669008994900591,0.999050124797033,10.744938,0.3975627133538708,0.6753157832271433
6946,Brc1ccc(CN2CCN(Cc3ccncc3)CC2)cc1,0,0.84785395832698,0.631003036958911,1.4463166,0.3404096032966399,0.7663501265475346
6947,Cc1ccc(-c2nc3ccc(Br)cc3c(=O)o2)cc1,0,0.683107534627634,0.491214489492227,0.51739824,0.0601072873040684,0.3084114600541108
6948,Cc1cccc(-c2nc3ccccc3c(=O)o2)c1,0,0.65252195565483,0.171605060485499,3.7167473,0.1502308958432433,0.23964666795279954
6949,Cc1ccc2nc(-c3ccc(Br)cc3)oc(=O)c2c1,0,0.683107534627634,0.0922088551927136,2.1510162,0.0564228569357124,0.3258411953718824
6950,COc1ccc(C(=O)OCCN2CCCCC2)cc1,0,0.764331489291967,0.992278734909725,6.0425253,0.7267366785666115,0.5935154201561519
6951,Cc1c(C#N)c2ccccc2n1C,0,0.596253032272355,0.377588807749606,3.2449508,0.0189354891682961,0.08662568987128665
6952,O=c1oc(-c2ccccc2)nc2ccc(Cl)cc12,0,0.669979526502405,0.789208062556083,-2.2079084,0.3002702204251932,0.4436131179098389
6953,Cc1onc(-c2ccccc2Cl)c1C(=O)Nc1ccc2c(c1)oc1ccccc12,0,0.375940959788841,0.215852686619213,-6.579476,0.0203892354291363,0.10078029524992119
6954,CCOC(=O)c1nc2ccccc2s1,0,0.709998271025492,0.143435889191313,-10.443124,0.0196657614356893,0.3694169110624538
6955,FC(F)(F)COc1ccc(-n2ccnc2)nn1,0,0.822493988535343,0.0013547938824122,-2.9183218,0.3027864972258611,0.26887418244957506
6956,Cc1ccc(-c2ccccc2)nc1C,0,0.660204312287709,0.991013926416801,8.192321,0.0686302918988065,0.1661625367658171
6957,COc1c(Br)cc(Br)cc1C(=O)O,0,0.913442750894069,0.998787336940365,-2.3267515,0.0192521658592066,0.22426345381416418
6958,c1ccc2c(c1)ncn2CC1CCCCC1,0,0.74627620348575,0.321191082109631,-12.095598,0.123442355413537,0.20141531132850726
6959,COC(=O)c1oc2cc(OC)ccc2c1C,0,0.729523413052893,0.225414264819528,12.977309,0.0701194203828543,0.35074262023447167
6960,O=C(O)CCCc1ccncc1,0,0.734864358004625,0.999810215187046,11.290273,0.3241142539315801,0.428007130802562
6961,CC(=O)c1ccc(CC(=O)O)s1,0,0.725379351923291,0.9958410573721,-7.657856,0.0466401342873861,0.25730788686006306
6962,NCc1nc2ccc(Cl)cc2o1,0,0.733508342262571,0.992596429911115,1.5455266,0.0809693147598804,0.14826769633100534
6963,O=S(=O)(c1ccc(Br)cc1)N1CCN(Cc2ccncc2)CC1,0,0.796463365503442,0.387039065180809,5.398541,0.0202362961933966,0.31088857169727346
6964,CCn1nc(C)c(CN)c1C,0,0.687900266834361,0.101965447966063,6.4555297,0.0307220387599575,0.1563910502798322
6965,COc1c(C(=O)NC2CCCC2)sc2cccc(F)c12,0,0.93629746906802,0.0009579642713436,7.5291657,0.0194854881534301,0.08281629566746426
6966,COc1c(C(=O)N2CCCC2)sc2cccc(F)c12,0,0.843962803939029,0.0022871159974352,-4.5655107,0.0309487556578402,0.10142549313770857
6967,COc1c(C(=O)NC2CC2)sc2ccc(Cl)cc12,0,0.935632314573338,0.001431738392878,-5.359924,0.052415128671102,0.11787512645996989
6968,COc1c(C(=O)NC(C)C)sc2cc(Cl)ccc12,0,0.932610442153815,0.0026552986212344,6.530603,0.0550432329824545,0.3004517139569672
6969,CC(C)N1C(=O)CCC1C(=O)O,0,0.656656497498003,0.996935169843005,7.3561797,0.8726784028336533,0.5892082952444009
6970,CC(C)NC(=O)c1ccc(F)cc1,0,0.742044862466517,0.99713653531821,4.845009,0.0146941075354992,0.22072356638303742
6971,CCNC(=O)c1ccc(Br)cc1,0,0.825404044625522,0.99578123752681,10.108847,0.0037992460351883,0.2122950288471687
6972,Cc1nc(C(=O)O)c(-c2cccc(F)c2)s1,0,0.873131018536579,0.0470430624641857,-7.3133388,0.1881973925328736,0.5353576736811061
6973,Cc1nc(C(=O)O)c(-c2ccccc2)s1,0,0.84447684885586,0.488797320996205,-2.8128176,0.4088666600366856,0.40711636755960035
6974,O=C(O)Cn1cnc2ccc(F)cc2c1=O,0,0.80796448521364,0.0590025606995612,-14.119687,0.8712900586265073,0.772082953001598
6975,CCc1nc(C)sc1C(=O)O,0,0.736541531889002,0.904154931700369,15.895549,0.1572696015184816,0.47892995487457224
6976,O=C(O)CCCn1cccn1,0,0.695705200099774,0.99650163954322,9.212339,0.0684879005931636,0.26692979238546205
6977,COc1ccc2cc(C(=O)O)sc2c1,0,0.824688667357715,0.786068481375511,2.4852552,0.0798279044436069,0.313932212785951
6978,CCCNC(=O)c1sc2ccccc2c1Cl,0,0.888095057411301,0.126954359338049,-0.2746998,0.0474211478781178,0.25196048196987214
6979,Cc1ccc2c(Cl)c(C(=O)N3CCCC3)sc2c1,0,0.769557806347884,0.0154857731117102,-1.8123385,0.0287758741599641,0.11337470694278298
6980,O=C(c1sc2cc(F)ccc2c1Cl)N1CCCCC1,0,0.767439442364523,0.066159040982629,0.8456439,0.0421954570625902,0.25116859442445594
6981,COC(=O)c1cc2cc(C(C)(C)C)ccc2s1,0,0.713326654339827,0.883450376736057,5.7110047,0.2217335383629212,0.5095406651378235
6982,Cc1nc(N2CCCCC2C)c2c(C)c(C(=O)N3CCN(c4ccccc4F)CC3)sc2n1,0,0.554501586712681,0.0021710962385003,9.373794,0.0320915621769601,0.12792850336905986
6983,O=C(NC1CCCCC1)c1sc2ccccc2c1Cl,0,0.860033096681467,0.53952924717809,4.523515,0.04497508295687,0.22758474481981777
6984,Cc1c(C(=O)Nc2ccc(S(N)(=O)=O)cc2)nnn1-c1ccc(Cl)cc1,0,0.705362174759057,0.244323961336776,-10.946735,0.0839719644439405,0.3300479942108133
6985,O=C(O)c1cc2c(cn1)[nH]c1ccccc12,0,0.650523229855337,0.996587279819251,1.5691899,0.8301694642749808,0.49373013732702803
6986,CCOC(=O)C1CCCN(c2nc3c(S(=O)(=O)c4ccc(C(C)C)cc4)nnn3c3ccccc23)C1,0,0.360439025910066,0.310458125310571,3.2883267,0.0387666708312562,0.12497740939129873
6987,Cc1c(C(=O)O)nnn1-c1ccc(F)cc1,0,0.832047072929051,0.743556666096945,-9.319184,0.1523345642375969,0.5807286652052357
6988,Cc1c(C(=O)O)nnn1-c1ccc(Cl)cc1,0,0.866633661754794,0.985823651703268,-8.584718,0.4721414920872838,0.5870873734463935
6989,Cc1c(C(=O)O)nnn1-c1ccccc1Br,0,0.914739080751398,0.141339512821842,-6.437676,0.1405122238177823,0.5409011243494358
6990,Clc1ccc2nnc(Cc3ccccc3)n2n1,0,0.695154921396253,0.15021376253011,0.8821291,0.2035363853894261,0.32459815305564577
6991,Cc1ccc(Cn2c(SCc3ccc(C(=O)NCCN4CCOCC4)cc3)nc3ccncc32)cc1,0,0.347701263472302,0.0284197554887434,0.7898747,0.0208481894660717,0.10133942946216005
6992,COc1cccc(CSc2nc3ccncc3n2Cc2ccc(C(=O)NC3CCCCC3)cc2)c1,0,0.316822449934222,0.0790166068425205,-0.17832768,0.0143628973080398,0.11810486762978853
6993,Cc1nnc2sc(SCc3ccccc3Br)nn2c1=O,0,0.664744228315675,0.0026798568481736,-19.75646,0.0225382366398564,0.2437057556112209
6994,Cc1cc(C)c2c(CC(=O)Nc3sc4c(c3C(=O)NCC3CCCO3)CCC4)coc2c1,0,0.568610252653817,0.0113613925416792,9.120465,0.0150217825795359,0.07963910696600755
6995,COc1ccc(-c2ccc(=O)[nH]n2)cc1OC,0,0.869549804669186,0.658334727588504,2.76123,0.1427829587861946,0.23705861224860544
6996,Cc1cc(N2CCC(C)CC2)n2nc(Cc3ccccc3)nc2n1,0,0.742683605324001,0.0048687439834256,-6.7649493,0.0135283892175279,0.12481497464689435
6997,Cc1cc(N2CCCC2)n2nc(Cc3ccc(Cl)cc3)nc2n1,0,0.740367169473153,0.0025615871368818,-13.203382,0.0198017983652698,0.08527396778527299
6998,Cc1nsc(NC(=O)c2oc3ccc(F)cc3c2C)n1,0,0.786314686652479,0.0056752295018198,-7.5663896,0.031844067019448,0.2590893221810192
6999,CCCn1c(CN2CCC(C)CC2)nc2cc(NC(=O)C3CCCCC3)ccc21,0,0.730251501797158,0.0054987612433679,0.17063463,0.0400713469680812,0.21150754206870354
7000,CCCCn1c(CN2CCC(C)CC2)nc2cc(NC(=O)C3CCCCC3)ccc21,0,0.647444359394188,0.0174028818013111,2.818811,0.0477908899918455,0.1814218549624145
7001,Cc1c(CC2C(=O)Nc3ccccc32)oc2ccc(F)cc12,0,0.771079917203226,0.0720847367357999,1.0055314,0.029026392396905,0.11463366015634535
7002,Cc1c(CC2C(=O)N(C)c3ccccc32)oc2ccc(F)cc12,0,0.711196317592796,0.056602363307628,-10.689313,0.0265873288241036,0.136421400157945
7003,Cc1cc(N2CCC(C)CC2)n2nc(C(F)(F)F)c(-c3ccc(F)cc3)c2n1,0,0.569246873843127,0.0984406995975495,-12.726212,0.0444371212360589,0.38719402146719756
7004,Cc1nn2c(N3CCOCC3)cc(C(C)(C)C)nc2c1-c1ccc(F)cc1,0,0.686240360832072,0.0115757954631579,-15.50893,0.0264435778616489,0.13549150413031077
7005,Cc1ccc(-c2c(C(F)(F)F)nn3c(N4CCCCC4)cc(C)nc23)cc1,0,0.631346160789421,0.0678847589051308,-12.825812,0.0389937452994339,0.3879689172092606
7006,CCn1c2c(c(SCc3ccc(F)cc3)nc1=O)CCC2,0,0.642579436697242,0.0039946787023162,-12.170865,0.1553455286143721,0.31847107700402155
7007,Cc1cc(N(C)C)n2nc(-c3ccc(Cl)cc3)c(C)c2n1,0,0.722820666504781,0.432689259235339,-14.720309,0.043669423752194,0.18034511443087733
7008,Cc1cc(N2CCCC2)n2nc(-c3ccc(Cl)cc3)c(C)c2n1,0,0.704953795877305,0.044514810683383,-13.196891,0.0261984984216127,0.08433702927602889
7009,O=C(NCCc1nc(-c2ccccc2)no1)c1cc(-c2ccc(Br)cc2)on1,0,0.485796603992645,0.0152385206020455,6.458671,0.011962671264292,0.1223973051979466
7010,CCOc1ccc(NC(=O)c2oc3ccc(Cl)cc3c2C)c2cccnc12,0,0.500576787310842,0.0374527759995504,2.5924864,0.0348048771263109,0.1621819069352823
7011,CCOc1ccc(NC(=O)c2oc3ccc(Br)cc3c2C)c2cccnc12,0,0.455505379700056,0.0305584858771842,9.807265,0.0174157771501346,0.1572973719744553
7012,CCOc1ccc(NC(=O)c2oc3ccc(F)cc3c2C)c2cccnc12,0,0.548414293494039,0.0225394645102082,7.969644,0.0857253192039453,0.1445619633652772
7013,CC(C)C(=O)Nc1nn2c(-c3ccccc3)nnc2s1,0,0.802793345154317,0.0064762271599781,-6.966063,0.0237303628219941,0.15040865697135092
7014,O=C(NCc1ccccc1)c1cccc(-n2cnc3cccnc32)c1,0,0.62482102089065,0.0050767821566533,-3.631432,0.003676902552692,0.11639598300579532
7015,CCN(CC)C(=O)Cn1c(=O)n(Cc2ccc(F)cc2)c(=O)c2c1c(C)nn2CC,0,0.588687482752276,0.0023560978116405,10.895328,0.2329440972586532,0.5999924783280132
7016,COc1ccc(NC(=O)c2c(C)oc3ccc(OC)cc23)cc1,0,0.790546690061787,0.248802513766838,-5.9622464,0.0251491442729075,0.30640940166034225
7017,CCC(=O)Nc1ccccc1-c1nnc(SC(CC)C(=O)Nc2cccc(C)c2C)[nH]c1=O,0,0.427003405862229,0.0157636704354787,10.187121,0.0432396211581246,0.3317250615422275
7018,O=C(NC1CC1)c1ccc(Cn2c(SCc3ccc(F)cc3Cl)nc3ccncc32)cc1,0,0.367456792040205,0.0449554900312057,-0.37644744,0.0239446981710118,0.07947131791982211
7019,CN1CCN(C(=O)c2nc(-c3nn(-c4ccc(F)cc4)c(=O)n(C)c3=O)no2)CC1,0,0.562096041282383,0.0646942444217072,1.3178035,0.540683810851429,0.5773754570060665
7020,Cc1sc(-c2noc(C3CC3)n2)cc1S(=O)(=O)N1CCC(C(=O)N2CCOCC2)CC1,0,0.665244374594346,0.0066683149536867,-19.052221,0.0189901119240619,0.09573226067183525
7021,CCc1nc(-c2cc(S(=O)(=O)N3CCCC(C(=O)NC4CCC(C)CC4)C3)c(C)s2)no1,0,0.674776119779559,0.0019862123903365,8.472095,0.0157821432844757,0.09999893766756054
7022,COc1cccc(-c2nc(COc3ccccc3-c3nnc(-c4ccccc4)o3)c(C)o2)c1OC,0,0.274688295895497,0.0908563871046138,4.3185782,0.0274089059701999,0.10164914753252305
7023,CCOc1ccccc1-c1nc(COc2ccccc2-c2nnc(-c3ccccc3)o2)c(C)o1,0,0.270805772435723,0.0925541683938726,5.1316023,0.0214184936571284,0.10372143038078072
7024,COc1ccc(Cn2ccc3nc(C)c(C(=O)NC4CCCC4)cc3c2=O)cc1,0,0.723155661618689,0.0007435462734352,-1.6749594,0.014477989325152,0.08426325525358899
7025,CCOC(=O)c1ccc2oc(=O)[nH]c2c1,0,0.753049915838216,0.474267749643897,6.178008,0.3016696095329987,0.6940356183507306
7026,COC(=O)c1c(-c2ccc(Cl)cc2)noc1NC(C)C,0,0.87285501770255,0.0488891765433594,-11.962011,0.1037421300981816,0.24385376934121727
7027,COC(=O)c1c(-c2cccc(Cl)c2)noc1NC1CC1,0,0.875490770984094,0.0011992330915563,-8.69428,0.0482468398798463,0.10087425816917413
7028,Cc1ccc(C)c(NC(=O)c2c(-c3ccc(Br)cc3)noc2C)c1,0,0.667352690577878,0.0474957576933648,6.1615224,0.0191018689064897,0.12702728324407997
7029,Cc1onc(-c2ccc(Br)cc2)c1C(=O)NCCC(C)C,0,0.878898012270799,0.0129920617546753,3.9432797,0.0250814494939121,0.1476314362341658
7030,Cc1cc(C2CCCN2C(=O)c2ccc(F)cc2)no1,0,0.844993676976337,0.0095369298540436,-11.567519,0.0467939381536132,0.11138376661921527
7031,Cc1noc(C)c1C(=O)N1CCCC1c1cc(C(C)C)on1,0,0.868783982309359,0.0006580196746996,-16.759142,0.0273520242630934,0.07297204413378222
7032,O=C(CCc1nc(CSc2nnc(-c3ccccc3)[nH]2)no1)Nc1ccc(F)cc1,0,0.413411215952909,0.0330211526799825,4.729939,0.0204811128354645,0.15790704910067307
7033,O=C(CCc1nc(CSc2nnc(-c3ccc(F)cc3)[nH]2)no1)Nc1nccs1,0,0.407482363338952,0.224085740998459,-1.4093684,0.0158610508373982,0.09168382557792756
7034,COc1cccc(C(=O)N2CCCC(c3nnc(C(=O)Nc4ccc(F)cc4)s3)C2)c1,0,0.649311520455442,0.0020043451531305,-9.708632,0.023358412799751,0.14975098762263575
7035,O=C(Nc1ccc(F)cc1)c1nnc(C2CCCN(C(=O)c3cccc(Cl)c3)C2)s1,0,0.637570273871763,0.0017481446637817,-6.889077,0.0202931122988331,0.20639545463286843
7036,O=C(Nc1cccc(Cl)c1)c1nnc(C2CCCN(C(=O)c3ccccc3F)C2)s1,0,0.637570273871763,0.0020879191381826,-3.1906042,0.0147515057157368,0.16047934000799707
7037,Cc1cccc(NC(=O)N2CCCC(c3nnc(C(=O)Nc4ccc(F)cc4)s3)C2)c1C,0,0.584675038199127,0.0157978157427526,-3.122354,0.0385677276128533,0.1189092611530923
7038,Cc1ccc(-c2cc3nc(C)cc(N4CCC(C(=O)Nc5ccccc5Cl)CC4)n3n2)cc1,0,0.436032205840395,0.0209443016290542,-12.459109,0.0416377639814636,0.1020802004694904
7039,Cc1sc(-c2nc(-c3ccccc3)no2)cc1S(=O)(=O)N1CCCCC1C,0,0.647710771606551,0.0020987570782292,-12.549201,0.0106943996853606,0.09162618211051515
7040,CCOc1ccc(NC(=O)N(C)Cc2nc3cc(C(=O)NC(C)C)ccc3n2C)cc1,0,0.605410856235166,0.0104303926673966,1.4807924,0.1239762177714691,0.2208786205893344
7041,c1cc(-c2nc(-c3ccc(-c4csc(C5CC5)n4)cc3)no2)ccn1,0,0.530929936334819,0.003796441576782,-13.7140045,0.0078530380693023,0.08821850273331537
7042,COc1ccc(S(=O)(=O)N2CCC(n3cnc4c(Cl)cccc4c3=O)CC2)cc1OC,0,0.577133769425853,0.0155832325169934,-11.992782,0.0278753525377926,0.42888412869796266
7043,Cn1c(=O)n(Cc2ccc(F)cc2)c(=O)c2cnc(-c3cccnc3)nc21,0,0.553694817219436,0.0177239983167808,-1.3248556,0.0500116747989186,0.4693284941210683
7044,O=c1[nH]c(SCc2cccc(Cl)c2)nc2c1CN(Cc1ccccc1)CC2,0,0.515495860548802,0.003713719030819,-9.985335,0.0306233428551962,0.23409872857190756
7045,O=c1[nH]c(SCc2cccc(Br)c2)nc2c1CN(Cc1ccccc1)CC2,0,0.470749146248691,0.0151639722512336,-12.657559,0.0270357315635812,0.2309496337734763
7046,CCCCN(C)Cc1nc2nc(C)cc(N3CCC(C)CC3)n2n1,0,0.814946449120758,0.0005651331239426,-2.6064973,0.0223144770385483,0.16960972010193046
7047,COc1ccc(-c2cnn(-c3ccccc3)c2N)cc1OC,0,0.802907397469625,0.234237846565028,-5.0190706,0.0199234512717168,0.13887709225439188
7048,CCOC(=O)c1c(-c2ccccc2)oc2ccc(OC)cc12,0,0.673991380593088,0.421681225989154,2.1229296,0.1105116203024935,0.47664779916976485
7049,O=c1oc(-c2ccccc2Br)nc2ccccc12,0,0.689315900708959,0.781254895220221,-5.105981,0.1562232544282335,0.3432481863729656
7050,Cc1cc(C)c(C#N)c(SCc2ccccc2)n1,0,0.780278234039434,0.0072692804771236,5.293765,0.005424230882371,0.07413354947380846
7051,Cc1ccc(C(=O)COC(=O)CCCC(=O)Nc2cc(C(F)(F)F)ccc2Cl)cc1C,0,0.420505433032855,0.161178083157997,4.27818,0.0628050153824716,0.44164655137618725
7052,Cc1onc(-c2ccccc2)c1C(=O)OCC(=O)c1ccccc1,0,0.529312765062075,0.0208236098613675,-0.4230256,0.0746548530130606,0.2990919170535634
7053,CC(O)CNc1nc2c(c(=O)n(Cc3ccc(Cl)cc3)c(=O)n2C)n1C,0,0.689444491366186,0.0020257574669127,-5.1690817,0.2677780936359545,0.39029991095782546
7054,Nc1nnc(SCc2ccccc2Cl)s1,0,0.858985941396635,0.284262778097326,-2.3945708,0.1435070926133109,0.18917536507096483
7055,Cc1[nH]c2ccccc2c1C(=O)CSc1ccccn1,0,0.58379271852247,0.002808142704957,7.625529,0.0258297617101138,0.1403301504673996
7056,COc1ccc(C(=O)c2oc3ccc(Br)cc3c2NC(C)=O)cc1,0,0.673377209051452,0.0052067807833289,7.474523,0.1116844204443576,0.45725110571819405
7057,COc1ccc(-c2nn3c(-c4ccc(C)cc4)nnc3c3ccccc23)cc1,0,0.454312500943524,0.175334311024552,-1.2708044,0.0075664695008009,0.09754464649059418
7058,N#Cc1cnn2c(C(F)(F)F)cc(-c3ccccc3)nc12,0,0.690117691475294,0.0020490168405145,3.7220426,0.0394630760323444,0.12304621601487738
7059,COc1ccc2nc(C)c(C(N)=O)cc2c1,0,0.829613693192037,0.063077498592763,6.587356,0.0796144012395922,0.3097086309457686
7060,c1ccc(CSc2nnc(SCc3ccccc3)s2)cc1,0,0.585690062291225,0.998420496367863,9.7806425,0.0328579402065837,0.36653105034764755
7061,Cc1cc(C)n(-c2nc3ccccc3s2)n1,0,0.641636031157322,0.429930588641111,8.759405,0.0258606337712099,0.085684922268098
7062,CCOc1nc(OCC)nc(-n2cc(-c3ccccc3)nn2)n1,0,0.686687059317818,0.0021228881812549,-15.5183935,0.0277884235921862,0.16519044837710845
7063,c1ccc(-c2nn3c(C4CCCCC4)nnc3s2)nc1,0,0.724659224442533,0.0017549454155452,-5.6801634,0.0175850413217798,0.16499983872485993
7064,COc1ccc(OC)c(-c2cc(C(=O)NC(C)c3ccccc3)no2)c1,0,0.729322082253862,0.0010630642086385,1.9158019,0.0135762989982852,0.10080335475554081
7065,CCc1ccccc1Nc1cc(C(=O)NC2CCC(C)CC2)c2ccccc2n1,0,0.577311402453704,0.0353376745988338,-8.756445,0.0124625726426327,0.13196817679955625
7066,c1ccc(Cn2c(-c3ccccc3)nc3ccccc32)cc1,0,0.530519053573338,0.738697000974799,2.4445848,0.0201237821208365,0.1373817863942934
7067,Cc1ccccc1-c1nnc(SCC(=O)N(C)c2ccccc2)o1,0,0.661800967494015,0.0059831008060994,-9.711743,0.009465856255484,0.19377591063485475
7068,Cc1ccc(C(=O)Nc2nc(-c3nnn(-c4cccc(C(F)(F)F)c4)c3C)ns2)cc1,0,0.494316120836169,0.0045092799952681,-9.83109,0.0519268162451319,0.11737124960198224
7069,CCCSc1nc2c([nH]c3ccccc32)c(=O)n1C,0,0.589421642385551,0.035457686685873,13.436925,0.0377615975146823,0.2036512061379539
7070,COc1ccc2nc(N(Cc3cccnc3)C(C)=O)sc2c1,0,0.741693465773478,0.0014077661258186,-13.12338,0.0128976179911291,0.2985261722572661
7071,COc1ccc2nc(N(Cc3cccnc3)C(=O)C3CCCCC3)sc2c1,0,0.636121040676471,0.0039951798130289,-3.261106,0.0058297926363394,0.15111577720378355
7072,O=C(CSC1=Nc2ccccc2C2=NC(CC(=O)NC3CCCCC3)C(=O)N12)Nc1ccc(F)cc1,0,0.617007980906595,0.102704786578753,7.730185,0.0650578964303741,0.21704608521904345
7073,Cc1ccccc1NS(=O)(=O)c1ccc2[nH]cc(C(=O)N3CCCC3)c(=O)c2c1,0,0.689505540256954,0.0085082062021284,-2.4709902,0.0942627613791891,0.22072390323409796
7074,COc1ccc2c(c1)c1ccccc1n2C,0,0.60180500944574,0.997382887473501,7.9451175,0.0459150201498942,0.16146488412071322
7075,Cc1onc(-c2ccccc2)c1C(=O)Nc1cccnc1,0,0.798359973514043,0.0073003800641549,-5.3129444,0.0231258230681333,0.12672240051093947
7076,O=c1cc(-c2ccc(O)cc2)oc2cc(O)cc(O)c12,0,0.631832936118062,0.99978567863645,7.414537,0.8695229453009324,0.6476519349019819
7077,O=C(CNC(=O)c1ccc(Cl)cc1)OCc1cc(=O)n2nc(C3CCCCC3)sc2n1,0,0.565842615253779,0.002053121581449,-7.3956504,0.0530352219004529,0.2571681948513938
7078,Cc1cccc(-n2cnc3cc(C(=O)NC4CCCCCC4)ccc32)c1,0,0.692740223020243,0.0166955802506464,-1.2153705,0.0233054363220713,0.15530945646344058
7079,COc1ccc(-c2cn3c(C)c(C(=O)NC(C)(C)C)sc3n2)cc1,0,0.784347568215702,0.0023539986008632,-10.970957,0.0142456655093613,0.09107684449954952
7080,O=C(Nc1ccc(Cl)cc1)c1cccnc1,0,0.865031370039132,0.99617430341151,-2.3383079,0.180138318831172,0.22117190018542696
7081,CCC(CC)C(=O)Nc1cccc(C(=O)OCc2cc(=O)n3nc(C4CCCCC4)sc3n2)c1,0,0.456795136568072,0.0159970682222047,6.387071,0.0576321858651129,0.18066661425221753
7082,O=C(NC1CCN(Cc2ccccc2)CC1)c1ccc(-c2cccc(F)c2)nc1,0,0.708363704126055,0.0065828478885263,-9.666602,0.031161200715412,0.2951108979934093
7083,N#Cc1ccc(-c2ccc(O)cc2)cc1,0,0.759811816805872,0.998660773063619,9.863671,0.1579479138539301,0.09167685148779303
7084,CC(C)c1ccc(S(=O)(=O)c2nnn3c2nc(N2CCCCCC2)c2sccc23)cc1,0,0.444618489724612,0.00548229264762,3.071333,0.0206127904605497,0.08683092373618602
7085,N#Cc1cc2c(nc1SCc1ccc(Cl)cc1)CCCC2,0,0.765089809606846,0.018181176903827,8.515559,0.0030495628099165,0.11990572613374459
7086,COc1ccccc1-c1cc(C(=O)NC2CCCCC2)no1,0,0.939420590659614,0.0020031652528767,-9.889764,0.0106187057665951,0.1051380007226117
7087,c1ccc(CNc2ccccn2)cc1,0,0.79287400119048,0.988899599569302,12.44972,0.0652468684625356,0.221858470474462
7088,COc1cc(OC)cc(C(=O)N2CCn3cnnc3C2)c1,0,0.840814517227354,0.0105774617110858,5.4565883,0.1404774281828317,0.2031806529798194
7089,Cc1c(C(=O)Nc2nonc2-c2ccc(OC(C)C)cc2)oc2ccc(F)cc12,0,0.513052551066058,0.0195613158603764,0.04801607,0.3347072554989882,0.16656195930899503
7090,COc1ccc2sc(N(CCN(C)C)C(=O)c3ccccc3Cl)nc2c1,0,0.634443799138353,0.0020223570308153,-3.3811808,0.0803201906320238,0.1692408224156062
7091,O=C(Nc1cc(-c2ccccc2)nn1-c1ccccc1Cl)c1cc(F)cc(C(F)(F)F)c1,0,0.34927718254021,0.0760292213761472,3.3529606,0.0317373818393214,0.22608225820467717
7092,Cc1ccn2c(NC(=O)c3ccccc3Cl)c(-c3ccccc3)nc2c1,0,0.543734131142193,0.0326195855623815,5.199207,0.0125343070790638,0.11370107482206879
7093,Cc1cccc(CSc2ncccc2C(=O)O)c1,0,0.855094459945712,0.104384886907332,-9.196563,0.5476722056096709,0.3966917716966546
7094,Cc1cccc(C)c1NC(=O)c1c(-c2ccccc2)noc1C,0,0.773744519662071,0.612209624901328,9.436145,0.0247438903245604,0.12933576300851762
7095,O=C(NC1CCCCCC1)c1ccc(-c2cccc(F)c2)nc1,0,0.856631178926629,0.0069910460815055,-8.0805645,0.0217881359670781,0.2927844924447212
7096,O=C(NC1CCCCCC1)c1ccc(-c2ccc(F)cc2)nc1,0,0.856631178926629,0.0469529640047022,1.2531065,0.0272778466362659,0.3652773197576598
7097,CC(C)NC(=O)c1cncc(-c2ccc(Oc3ccccc3)cc2)c1,0,0.737904441739271,0.525160251226298,-6.622837,0.0141303123837669,0.1707720711679413
7098,O=C(NC1CCCCC1)c1cncc(-c2ccc(Oc3ccccc3)cc2)c1,0,0.633786536659601,0.16652664139583,-4.297604,0.0081794409148857,0.19475549735822403
7099,CC(NC(=O)c1cncc(-c2ccc(Oc3ccccc3)cc2)c1)c1ccccc1,0,0.434198165577389,0.617791434392841,-2.5587099,0.0073288491868811,0.14818051436816643
7100,O=C(c1ccc(Br)cc1)N1CCc2nc(-c3ccc(Cl)cc3)ncc2C1,0,0.591147980028703,0.086117036900746,-1.9786738,0.0153514644124272,0.1628995255598063
7101,NC(=O)CCCN=C(c1ccc(Cl)cc1)c1cc(F)ccc1O,1,0.627961486026458,0.415319473342975,11.680259,0.3725812123419067,0.6584094363320359
7102,O=C1Nc2ccc(Cl)cc2C(c2ccccc2Cl)=NC1O,1,0.847697894583369,0.999963695372693,2.6843271,0.9993580751154664,0.8818551871952888
7103,CN1C(=O)C(O)N=C(c2ccccc2)c2cc(Cl)ccc21,1,0.879421465403288,0.999932567836644,-2.5057578,0.9994129196919298,0.8637028561089721
7104,CCn1cnc2c(-c3ccc(F)c(-c4ccc(S(=O)(=O)CC)cc4OC)c3)cnnc21,1,0.448232127078419,0.0526521013156732,9.83823,0.0519409065701536,0.2848361402573703
7105,O=c1[nH]oc2c1CCNC2,1,0.515819868155666,0.915462344539592,14.307915,0.2302781029598409,0.12170856722695181
7106,CCn1ncnc1COc1nn2c(-c3ccccc3F)nnc2cc1C(C)(C)C,1,0.514911729126036,0.0009189172389726,-3.0467758,0.0273478606978531,0.19767422948128938
7107,C[C@@]1(O)CC[C@H]2[C@H](CC[C@@H]3[C@@H]2CC[C@]2(C)[C@@H](C(=O)Cn4cc(C#N)cn4)CC[C@@H]32)C1,1,0.805143916086387,0.0101143194732972,12.729963,0.7737087000667414,0.05666987304381947
