SMILES,phase
O=C(c1ccc(NS(=O)(=O)c2cccc3cccnc23)cc1)N1CCN(CC2CC2)CC1,4
Oc1cc(Cl)ccc1Oc1ccc(Cl)cc1Cl,4
CCC(c1ccccc1)c1c(O)c2ccccc2oc1=O,4
NC(N)=NCCCC(NC(=O)C(O)C(Cc1ccccc1)NC(=O)OCc1ccccc1)C(=O)NC(CCC(=O)O)C(=O)NC(Cc1ccccc1)C(=O)O,4
CCOc1ccc(NC(C)=O)cc1,4
Oc1ccc2c3c1OC1C(O)CCC4(O)C(C2)N(CC2CCC2)CCC314,4
CN1CCN2c3ccccc3Cc3ccccc3C2C1,4
O=C(O)c1cc(O)c2c(c1)C(C1c3cc(C(=O)O)cc(O)c3C(=O)c3c(OC4OC(CO)C(O)C(O)C4O)cccc31)c1cccc(OC3OC(CO)C(O)C(O)C3O)c1C2=O,4
NC(Cc1ccccc1)C(=O)O,4
CS(=O)(=O)c1cccc(CC(NC(=O)c2c(Cl)cc3c(c2Cl)CCN(C(=O)c2ccc4ccoc4c2)C3)C(=O)O)c1,4
CCC1OC(=O)C(C)C(OC2CC(C)(OC)C(O)C(C)O2)C(C)C(OC2OC(C)CC(N(C)C)C2O)C(C)(O)CC(C)C(=NOCOCCOC)C(C)C(O)C1(C)O,4
O=C(c1ccc(OCN2CCCCC2)cc1)c1c(-c2ccc(O)cc2)sc2cc(O)ccc12,4
COc1ccc2cc1Oc1ccc(cc1)CC1c3cc(c(OC)cc3CCN1C)Oc1c(OC)c(OC)cc3c1C(C2)N(C)CC3,4
CC(=O)CC(c1ccc([N+](=O)[O-])cc1)c1c(O)c2ccccc2oc1=O,4
CCCCS(=O)(=O)NC(Cc1ccc(OCCCCC2CCNCC2)cc1)C(=O)O,4
CCC(C)(C)c1ccc(CC(C)CN2CC(C)OC(C)C2)cc1,4
OCc1cc(C(O)CNCCCCCCOCCOCc2c(Cl)cccc2Cl)ccc1O,4
O=C1CN(N=Cc2ccc([N+](=O)[O-])o2)C(=O)N1,4
CON=C(C(=O)NC1C(=O)N2C(C(=O)O)=C(CSc3nc(=O)c(=O)[nH]n3C)CSC12)c1csc(N)n1,4
CN1C(=O)C(O)N=C(c2ccccc2Cl)c2cc(Cl)ccc21,4
C[S+](CCC(N)C(=O)O)CC1OC(n2cnc3c(N)ncnc32)C(O)C1O,4
CC1CCC2C(C)C(=O)OC3OC4(C)CCC1C32OO4,4
CCOC(=O)c1cncn1C(C)c1ccccc1,4
O=P(O)(O)CCCl,4
CC1(C)SC2C(NC=O)C(=O)N2C1C(=O)O,4
CC(C)(C)C(=O)OCOC(=O)C1N2C(=O)C(N=CN3CCCCCC3)C2SC1(C)C,4
CC(C)C1CCC(C(=O)NC(Cc2ccccc2)C(=O)O)CC1,4
CN(C)C(=O)Oc1cccc([N+](C)(C)C)c1,4
CCOC(=O)c1c(CSc2ccccc2)n(C)c2cc(Br)c(O)c(CN(C)C)c12,4
O=C([O-])C(Cl)Cl,4
CCCNC(C)C(=O)Nc1c(C)csc1C(=O)OC,4
CC(C)(C)OC(=O)NC1CCCCCC=CC2CC2(C(=O)NS(=O)(=O)C2CC2)NC(=O)C2CC(OC(=O)N3Cc4cccc(F)c4C3)CN2C1=O,4
CCOC(=O)C1=C(C)NC(C)=C(C(=O)OCC)C1c1ccccc1C=CC(=O)OC(C)(C)C,4
CC(=O)Oc1cc(C(F)(F)F)ccc1C(=O)O,4
CCCCC(CC)COC(=O)CC(C(=O)OCC(CC)CCCC)S(=O)(=O)O,4
Fc1ccc(C(c2ccc(F)cc2)N2CCN(CC=Cc3ccccc3)CC2)cc1,4
CN=C(N)N(C)C(=N)N,4
COc1ccc(Oc2cc(N(C)CCOc3ccc(CC4SC(=O)NC4=O)cc3)ncn2)cc1,4
Cc1ccc(S(=O)(=O)NC(=O)NN2CC3CCCC3C2)cc1,4
CCC(CO[N+](=O)[O-])(CO[N+](=O)[O-])CO[N+](=O)[O-],4
CN1CCCC1Cc1c[nH]c2ccc(CCS(=O)(=O)c3ccccc3)cc12,4
NC(Cc1c[nH]c2ccc(O)cc12)C(=O)O,4
CCCC(=O)OC1(C(=O)CO)CCC2C3CCC4=CC(=O)CCC4(C)C3C(O)CC21C,4
COC1(NC(=O)C(C(=O)O)c2ccsc2)C(=O)N2C(C(=O)O)C(C)(C)SC21,4
O=C(O)COC(=O)Cc1ccccc1Nc1c(Cl)cccc1Cl,4
O=S(=O)(NC1CCCC1)c1cccc2[nH]c(-c3ccc(C(F)(F)F)cc3)nc12,4
CCC1CC(=O)C(C)C(OC2CC(C)(OC)C(O)C(C)O2)C(C)C(OC2OC(C)CC(N(C)C)C2O)C(C)(O)CC(C)CN(C)C(C)C(O)C1(C)O,4
CC[C@@H](CO)NC(=O)[C@@H]1C=C2c3cccc4c3c(cn4C)C[C@H]2N(C)C1,4
CCOC(=O)[C@H](CCc1ccccc1)N[C@@H](C)C(=O)N1CC2(C[C@H]1C(=O)[O-])SCCS2,4
OCCN1CCN(CCC=C2c3ccccc3Sc3ccc(C(F)(F)F)cc32)CC1,4
CC(C)c1cccc(C(C)C)c1O,4
FCOC(C(F)(F)F)C(F)(F)F,4
O=C(O)c1ccccc1O,4
CCCCc1nc(Cl)c(C(=O)OCOC(=O)OC(C)C)n1Cc1ccc(-c2ccccc2-c2nn[nH]n2)cc1,4
Cc1c(N(C)CS(=O)(=O)O)c(=O)n(-c2ccccc2)n1C,4
CCC(CC)COC(=O)C(C)NP(=O)(OCC1OC(C#N)(c2ccc3c(N)ncnn23)C(O)C1O)Oc1ccccc1,4
CC(C)(C)c1ccc(C(=O)CCCN2CCC(OC(c3ccccc3)c3ccccc3)CC2)cc1,4
CCC(=O)OC1CCC2C3CCC4=CC(=O)CCC4(C)C3CCC12C,4
C[C@@H](Cc1ccc2c(c1)OCO2)NC[C@H](O)c1ccc(O)c(O)c1,4
NC1CN(c2c(F)cc3c(=O)c(C(=O)O)cn(C4CC4F)c3c2Cl)CC12CC2,4
CC1=CC(=O)c2ccccc2C1=O,4
C=CCOc1ccccc1OC[C@@H](O)CNC(C)C,4
CC(=O)[C@H]1CC[C@H]2[C@@H]3C=CC4=CC(=O)CC[C@@]4(C)[C@@H]3CC[C@]12C,4
CCN(CC)Cc1cc(Nc2ccnc3cc(Cl)ccc23)ccc1O,4
Nc1ccc(C(=O)Oc2ccccc2)c(O)c1,4
COc1ccc(C(Cl)=C(c2ccc(OC)cc2)c2ccc(OC)cc2)cc1,4
O=C(Nc1ccc([N+](=O)[O-])cc1Cl)c1cc(Cl)ccc1O,4
CCC1(CC)C(=O)NC(=O)N(C)C1=O,4
CCN(CC)[C@@H](C)CN1c2ccccc2Sc2ccccc21,4
NC(CCC(=O)NC(CS)C(=O)NCC(=O)O)C(=O)O,4
COc1ccc(-c2cc(=O)c3c(O)c(OC)c(O)cc3o2)cc1OC,4
NC(=O)Cc1cccc(C(=O)c2ccccc2)c1N,4
CCCCCC(O)CC(=O)CCc1ccc(O)c(OC)c1,4
O=C(O)CNC(=O)c1c(O)c2ccccc2n(OCC2CC2)c1=O,4
FC(F)OC(F)C(F)(F)F,4
CN(C)C(=O)Oc1cc(OC(=O)N(C)C)cc(C(O)CNC(C)(C)C)c1,4
COc1ccc2cccc(CCNC(C)=O)c2c1,4
CCCCCC(O)C=CC1C(O)CC(=O)C1CC=CCCCC(=O)O,4
CC1(C)SC2C(NC(=O)C(N)c3ccccc3)C(=O)N2C1C(=O)OCOC(=O)C1N2C(=O)CC2S(=O)(=O)C1(C)C,4
COC=C(C(=O)OC)c1ccccc1C=Cc1ccccc1,4
CNC(C)C1CCC(N)C(OC2C(N)CC(N)C(OC3OCC(C)(O)C(NC)C3O)C2O)O1,4
CCCCC(C)CC(O)C=CC1C(O)CC(=O)C1CCCCC=CC(=O)O,4
NCC1OC(OC2C(CO)OC(OC3C(O)C(N)CC(N)C3OC3OC(CN)C(O)C(O)C3N)C2O)C(N)C(O)C1O,4
CC(=O)C1CCC2C3CCC4CC(O)CCC4(C)C3CCC12C,4
C[N+](C)(C)CCOP(=O)([O-])OCC(O)CO,4
NC(=O)c1ncn(C2OC(CO)C(O)C2O)c1O,4
Cc1cn(C2CC(N=[N+]=[N-])C(COP(=O)(O)OP(=O)(O)OP(=O)(O)O)O2)c(=O)[nH]c1=O,4
CCOC([O-])=Nc1c[n+](N2CCOCC2)no1,4
CC(C)OC(=O)CCCC=CCC1C(O)CC(O)C1C=CC(O)COc1cccc(C(F)(F)F)c1,4
C#CC1(O)CCC2C3C(C)CC4=C(CCC(=O)C4)C3CCC21C,4
O=C(O)CCCN1CCC(OC(c2ccc(Cl)cc2)c2ccccn2)CC1,4
CC(C)=CCCC(C)=CCCC(C)=CCCC(C)=CCCC(C)=CCCC(C)=CCC1=C(C)C(=O)c2ccccc2C1=O,4
OCC1OC(OC2C(O)C(CO)OC(OC3C(O)C(O)OC(CO)C3O)C2O)C(O)C(O)C1O,4
Cn1c(=O)c2c(ncn2CC2OCCO2)n(C)c1=O,4
Cc1cc(C(C)(C)C)c(O)c(C)c1CC1=NCCN1,4
CN(C)c1ccc(O)c2c1CC1CC3C(N(C)C)C(=O)C(C(N)=O)=C(O)C3(O)C(=O)C1=C2O,4
Cc1cc2c(s1)Nc1ccccc1N=C2N1CCN(C)CC1,4
CC(=O)Oc1ccccc1C(=O)Nc1ncc([N+](=O)[O-])s1,4
COCCOC(=O)C1=C(C)NC(C)=C(C(=O)OC(C)C)C1c1cccc([N+](=O)[O-])c1,4
CC1(C)NC(=O)N(c2ccc([N+](=O)[O-])c(C(F)(F)F)c2)C1=O,4
COC(=O)C1=C(C)NC(C)=C(C(=O)OC)C1c1ccccc1[N+](=O)[O-],4
C=CCN1CCC23c4c5ccc(O)c4OC2C(=O)CCC3(O)C1C5,4
CCOc1ccc2ccccc2c1C(=O)NC1C(=O)N2C1SC(C)(C)C2C(=O)O,4
CN1CCC23c4c5ccc(O)c4OC2C(O)C=CC3C1C5,4
CCCCC(C)(O)CC=CC1C(O)CC(=O)C1CCCCCCC(=O)OC,4
CCCCN1CC(O)C(O)C(O)C1CO,4
CC(=O)c1ccc2c(c1)N(CCCN1CCN(CCO)CC1)c1ccccc1S2,4
OCCN1CC(O)C(O)C(O)C1CO,4
C[N+]1(C)C2CC(OC(=O)C(CO)c3ccccc3)CC1C1OC12,4
C=C1c2cccc(O)c2C(O)=C2C(=O)C3(O)C(O)=C(C(N)=O)C(=O)C(N(C)C)C3C(O)C12,4
CN(C)C(=N)N=C(N)N,4
Cc1cnc(NC(=O)C2=C(O)c3ccccc3S(=O)(=O)N2C)s1,4
CCCCC(F)(F)C1(O)CCC2C(CC(=O)C2CCCCCCC(=O)O)O1,4
Cc1c(OCC(F)(F)F)ccnc1CS(=O)c1nc2ccccc2[nH]1,4
OCC1OC(OC2C(CO)OC(O)(CO)C2O)C(O)C(O)C1O,4
NCC1OC(OC2C(N)CC(N)C(OC3OC(CO)C(O)C(N)C3O)C2O)C(O)C(O)C1O,4
O=C(O)c1cc(N=Nc2ccc(O)c(C(=O)O)c2)ccc1O,4
CC(C)NCC1CCc2cc(CO)c([N+](=O)[O-])cc2N1,4
CC12COC(=O)CC1CCC1C2CCC2(C)C1CCC2(C)O,4
O=C(O)CCCO,4
CN(C)C1C(=O)C(C(N)=O)=C(O)C2(O)C(=O)C3=C(O)c4c(O)cccc4C(C)(O)C3CC12,4
CCCCCN=C(N)NN=Cc1c[nH]c2ccc(OC)cc12,4
O=C(O)c1cc(N=Nc2ccc(S(=O)(=O)Nc3ccccn3)cc2)ccc1O,4
CC12Cc3cn[nH]c3CC1CCC1C2CCC2(C)C1CCC2(C)O,4
NC(CC(=O)N1CCn2c(nnc2C(F)(F)F)C1)Cc1cc(F)c(F)cc1F,4
CCCc1nn(C)c2c(=O)[nH]c(-c3cc(S(=O)(=O)N4CCN(C)CC4)ccc3OCC)nc12,4
COC1C=COC2(C)Oc3c(C)c(O)c4c(O)c(c5c(nc6cc(C)ccn65)c4c3C2=O)NC(=O)C(C)=CC=CC(C)C(O)C(C)C(O)C(C)C(OC(C)=O)C1C,4
COC1C=COC2(C)Oc3c(C)c(O)c4c(O)c(c(C=NN5CCN(C)CC5)c(O)c4c3C2=O)NC(=O)C(C)=CC=CC(C)C(O)C(C)C(O)C(C)C(OC(C)=O)C1C,4
COC1C=COC2(C)Oc3c(C)c(O)c4c(O)c(c5c(c4c3C2=O)=NC2(CCN(CC(C)C)CC2)N=5)NC(=O)C(C)=CC=CC(C)C(O)C(C)C(O)C(C)C(OC(C)=O)C1C,4
CCOc1cc(CC(=O)NC(CC(C)C)c2ccccc2N2CCCCC2)ccc1C(=O)O,4
COCCCOc1ccnc(CS(=O)c2nc3ccccc3[nH]2)c1C,4
CC12C=CC(=O)C=C1CCC1C2C(=O)CC2(C)C1CCC2(O)C(=O)CO,4
CC12C=CC(=O)C=C1CCC1C2C(O)CC2(C)C1CCC2(O)C(=O)COP(=O)(O)O,4
CC12C=CC(=O)C=C1CCC1C2C(O)CC2(C)C1CCC2(O)C(=O)CO,4
CN1C(C(=O)Nc2ccccn2)=C(O)c2ccccc2S1(=O)=O,4
CC(N=C(NC#N)Nc1ccncc1)C(C)(C)C,4
COc1ccnc(CS(=O)c2nc3ccc(OC(F)F)cc3[nH]2)c1OC,4
CN(C)C1C(=O)C(C(N)=O)=C(O)C2(O)C(=O)C3=C(O)c4c(O)cccc4C(C)(O)C3C(O)C12,4
CC12CC(=CO)C(=O)CC1CCC1C2CCC2(C)C1CCC2(C)O,4
COC1CC(OC2C(C)OC(OC3C(C)=CCC4CC(CC5(CCC(C)C(C(C)C)O5)O4)OC(=O)C4C=C(C)C(O)C5OCC(=CC=CC3C)C45O)CC2OC)OC(C)C1O,4
O=[N+]([O-])OC1COC2C(O)COC12,4
O=[N+]([O-])OC1COC2C(O[N+](=O)[O-])COC12,4
CN(C)C1C(=O)C(C(N)=O)=C(O)C2(O)C(=O)C3=C(O)c4c(O)ccc(Cl)c4C(O)C3CC12,4
Clc1cccc(Cl)c1NC1=NCCN1,4
O=C1CN=C(c2ccccc2Cl)c2cc([N+](=O)[O-])ccc2N1,4
CN=C(NC#N)NCCSCc1nc[nH]c1C,4
C=C1CCC(O)CC1=CC=C1CCCC2(C)C1CCC2C(C)CCCC(C)C,4
O=C(NC(CO)C(O)c1ccc([N+](=O)[O-])cc1)C(Cl)Cl,4
CC(CCC(=O)O)C1CCC2C3C(O)CC4CC(O)CCC4(C)C3CCC12C,4
CCOc1nc2cccc(C(=O)OC(C)OC(=O)OC3CCCCC3)c2n1Cc1ccc(-c2ccccc2-c2nn[nH]n2)cc1,4
C=C1C(=CC=C2CCCC3(C)C2CCC3C(C)CCCC(C)(C)O)CC(O)CC1O,4
C=C1CCC(O)CC1=CC=C1CCCC2(C)C1CCC2C(C)CCCC(C)(C)O,4
CCCC1OC2CC3C4CCC5=CC(=O)C=CC5(C)C4C(O)CC3(C)C2(C(=O)CO)O1,4
CN=C(NC)NCc1ccccc1,4
CC1CC2C3CCC4=CC(=O)C=CC4(C)C3(F)C(O)CC2(C)C1(O)C(=O)CO,4
O=C(O)CCNC(=O)c1ccc(N=Nc2ccc(O)c(C(=O)O)c2)cc1,4
Cn1cnc([N+](=O)[O-])c1Sc1ncnc2nc[nH]c12,4
CN1C2CCC1CC(OC(=O)C(CO)c1ccccc1)C2,4
CC(OC1OCCN(Cc2n[nH]c(=O)[nH]2)C1c1ccc(F)cc1)c1cc(C(F)(F)F)cc(C(F)(F)F)c1,4
CCCC(CCC)C(=O)OC1CC2CCC(C1)[N+]2(C)C.[Br-],4
NC(N)=NC(=O)c1nc(Cl)c(N)nc1N,4
O=c1[nH]cnc2[nH]ncc12,4
CN1CCN(C2=Nc3cc(Cl)ccc3Nc3ccccc32)CC1,4
O=c1oc2ccccc2c(O)c1Cc1c(O)c2ccccc2oc1=O,4
CC12CCC(=O)C=C1CCC1C2C(O)CC2(C)C1CCC2(O)C(=O)CO,4
O=c1[nH]cnc2c1ncn2C1CCC(CO)O1,4
CN1C2CCC1CC(OC(=O)C(O)c1ccccc1)C2,4
NC(N)=NN=Cc1c(Cl)cccc1Cl,4
C[N+]1(C)CCC(OC(=O)C(O)(c2ccccc2)C2CCCC2)C1.[Br-],4
CCC1=C(C)CN(C(=O)NCCc2ccc(S(=O)(=O)NC(=O)NC3CCC(C)CC3)cc2)C1=O,4
COc1c(N2CCNC(C)C2)c(F)cc2c(=O)c(C(=O)O)cn(C3CC3)c12,4
Nc1nc2c(ncn2COC(CO)CO)c(=O)[nH]1,4
O=C1OCCN1N=Cc1ccc([N+](=O)[O-])o1,4
CC(C)C(=O)Nc1ccc([N+](=O)[O-])c(C(F)(F)F)c1,4
NC(N)=Nc1nc(CSCCC(N)=NS(N)(=O)=O)cs1,4
CCC1(O)CCC2C3CCC4=CCCCC4C3CCC21C,4
COc1ccc2nc(S(=O)Cc3ncc(C)c(OC)c3C)[nH]c2c1,4
CC(C)C1C(=O)N2CCCC2C2(O)OC(NC(=O)C3CC4c5cccc6[nH]cc(c56)CC4N(C)C3)(C(C)C)C(=O)N12,4
C=C1CCC(O)CC1=CC=C1CCCC2(C)C1CCC2C(C)C=CC(C)C(C)C,4
C=C1C(CO)C(O)CC1n1cnc2c(=O)[nH]c(N)nc21,4
CCN(CC)C(=O)C(C#N)=Cc1cc(O)c(O)c([N+](=O)[O-])c1,4
CCCCCc1cc(O)c2c(c1)OC(C)(C)C1CCC(C)=CC21,4
CC1c2cccc(O)c2C(O)=C2C(=O)C3(O)C(O)=C(C(N)=O)C(=O)C(N(C)C)C3C(O)C21,4
O=C(OC1CC2CC3CC(C1)N2CC3=O)c1c[nH]c2ccccc12,4
CCC(=C(CC)c1ccc(OP(=O)(O)O)cc1)c1ccc(OP(=O)(O)O)cc1,4
CN1CCC[C@@H](CC2c3ccccc3Sc3ccccc32)C1,4
CC(C)(N)Cc1ccc(Cl)cc1,4
C#CCN(C)Cc1ccccc1,4
COc1ccccc1OC[C@@H](O)COC(N)=O,4
Cc1ccccc1[C@H](OCCN(C)C)c1ccccc1,4
COc1ccc(C2C(=O)c3ccccc3C2=O)cc1,4
CC(C)(C)c1ccc(CN2CCN([C@@H](c3ccccc3)c3ccc(Cl)cc3)CC2)cc1,4
O=C([O-])c1cccnc1,4
CN(C)CCCN1c2ccccc2Sc2ccc(C(F)(F)F)cc21,4
Cc1cccc(CN2CCN([C@H](c3ccccc3)c3ccc(Cl)cc3)CC2)c1,4
CC[C@@H](c1ccccc1)c1c(O)oc2ccccc2c1=O,4
O=C([O-])CCCc1ccc(N(CCCl)CCCl)cc1,4
COC(=O)[C@H]1[C@H]2C[C@@H]3c4[nH]c5ccccc5c4CCN3C[C@H]2C[C@@H](OC(=O)c2cc(OC)c(OC)c(OC)c2)[C@@H]1OC,4
CC1(C)S[C@@H]2[C@H](NC(=O)COc3ccccc3)C(=O)N2[C@H]1C(=O)[O-],4
O[C@](CCN1CCCC1)(c1ccccc1)C1CCCCC1,4
COc1ccc2c3c1O[C@H]1[C@@H](O)CC[C@H]4[C@@H](C2)N(C)CC[C@@]341,4
CCCCNc1ccc(C(=O)OCCOCCOCCOCCOCCOCCOCCOCCOCCOC)cc1,4
O=c1[nH]c2cc(Cl)ccc2o1,4
NS(=O)(=O)c1cc(Cl)c(Cl)c(S(N)(=O)=O)c1,4
C[C@@H](N)[C@@H](O)c1ccccc1,4
NS(=O)(=O)c1cc2c(cc1Cl)NC=NS2(=O)=O,4
O=C1C(CC[S@](=O)c2ccccc2)C(=O)N(c2ccccc2)N1c1ccccc1,4
O=[P@]1(N(CCCl)CCCl)NCCCO1,4
CCC[C@@](C)(COC(N)=O)COC(=O)NC(C)C,4
CN(C)CC[C@H](c1ccc(Br)cc1)c1ccccn1,4
C[C@H]1C[C@@H]2[C@H]([C@@H](O)C[C@@]3(C)[C@H]2CC[C@]3(O)C(=O)CO)[C@@]2(C)C=CC(=O)C=C12,4
OCCN1CCN(CCCN2c3ccccc3Sc3ccc(Cl)cc32)CC1,4
CC[C@]1(c2ccccc2)CCC(=O)NC1=O,4
CCC1(CC)C(=O)NC[C@@H](C)C1=O,4
CCN(CCO)CCC[C@@H](C)Nc1ccnc2cc(Cl)ccc12,4
COC(=O)[C@@H](c1ccccc1)[C@@H]1CCCCN1,4
CC(=O)OCC(=O)[C@@]1(O)CC[C@H]2[C@@H]3CCC4=CC(=O)CC[C@]4(C)[C@@]3(F)[C@@H](O)C[C@@]21C,4
CC(=O)OCC(=O)[C@@]1(O)CC[C@H]2[C@@H]3CCC4=CC(=O)C=C[C@]4(C)[C@H]3[C@@H](O)C[C@@]21C,4
CN[C@@]1(C)[C@H]2CC[C@H](C2)C1(C)C,4
CC[N+](CC)(CCNC(=O)C(=O)NCC[N+](CC)(CC)Cc1ccccc1Cl)Cc1ccccc1Cl,4
CN1CCN(CCCN2c3ccccc3Sc3ccc(Cl)cc32)CC1,4
OCCOCCN1CCN([C@@H](c2ccccc2)c2ccc(Cl)cc2)CC1,4
COC(=O)[C@H]1[C@H]2C[C@@H]3c4[nH]c5cc(OC)ccc5c4CCN3C[C@H]2C[C@@H](OC(=O)/C=C/c2cc(OC)c(OC)c(OC)c2)[C@@H]1OC,4
C[C@]1(O)CC[C@H]2[C@@H]3CCC4=CC(=O)CC[C@]4(C)[C@@]3(F)[C@@H](O)C[C@@]21C,4
CN(C)CCCN1c2ccccc2Sc2ccccc21,4
N[C@@H](Cc1cc(I)c(Oc2ccc(O)c(I)c2)c(I)c1)C(=O)[O-],4
CCOC(=O)C1(c2ccccc2)CCN(CCc2ccc(N)cc2)CC1,4
CN1C(=O)C[C@@](C)(c2ccccc2)C1=O,4
COc1ccc2c(c1)[C@]13CCCC[C@@H]1[C@H](C2)N(C)CC3,4
CCN1C(=O)N[C@H](c2ccccc2)C1=O,4
C[C@]12CC[C@@H]3c4ccc(O)cc4CC[C@H]3[C@@H]1CC[C@@H]2O,4
CN(C)CCCN1c2ccccc2Sc2ccc(Cl)cc21,4
CN1CC[C@]23c4c5ccc(O)c4O[C@H]2C(=O)CC[C@@]3(O)[C@H]1C5,4
CN(C)CCCN1c2ccccc2CCc2ccccc21,4
NS(=O)(=O)c1cc2c(cc1Cl)NCNS2(=O)=O,4
CN(C)CCC=C1c2ccccc2CCc2ccccc21,4
C#C[C@]1(O)CC[C@H]2[C@@H]3CCC4=C(CCC(=O)C4)[C@H]3CC[C@@]21C,4
NNCCc1ccccc1,4
CC(=O)c1ccc2c(c1)Sc1ccccc1N2CCCN1CCN(CCO)CC1,4
N[C@@H]1C[C@H]1c1ccccc1,4
C#C[C@](O)(/C=C/Cl)CC,4
CN1[C@@H](CSCC(F)(F)F)Nc2cc(Cl)c(S(N)(=O)=O)cc2S1(=O)=O,4
COc1cc2c(c(OC)c1OC)-c1ccc(OC)c(=O)cc1[C@@H](NC(C)=O)CC2,4
CN1CCC(=C2c3ccccc3C=Cc3ccccc32)CC1,4
CCSc1ccc2c(c1)N(CCCN1CCN(C)CC1)c1ccccc1S2,4
CC(C)(C(=O)c1cccnc1)c1cccnc1,4
CC(=O)OCC(=O)[C@@]1(O)[C@H](C)C[C@H]2[C@@H]3C[C@H](F)C4=CC(=O)C=C[C@]4(C)[C@H]3[C@@H](O)C[C@@]21C,4
CCCC(CCC)C(=O)O[C@H]1C[C@H]2CC[C@@H](C1)N2C,4
CN(C)CC/C=C1/c2ccccc2Sc2ccc(Cl)cc21,4
O=c1[nH]cc(N(CCCl)CCCl)c(=O)[nH]1,4
CCC(=O)O[C@@](Cc1ccccc1)(c1ccccc1)[C@@H](C)CN(C)C,4
CSc1ccc2c(c1)N(CC[C@H]1CCCCN1C)c1ccccc1S2,4
C[C@@](N)(Cc1ccc(O)c(O)c1)C(=O)[O-],4
Cc1cc(C)cc(OC[C@H]2CNC(=O)O2)c1,4
COC1=CC(=O)C[C@@H](C)[C@]12Oc1c(Cl)c(OC)cc(OC)c1C2=O,4
C#C[C@]1(O)CC[C@H]2[C@@H]3CCc4cc(OC)ccc4[C@H]3CC[C@@]21C,4
OCCN(CCO)c1nc(N2CCCCC2)c2nc(N(CCO)CCO)nc(N3CCCCC3)c2n1,4
CN1CCN(CCCN2c3ccccc3Sc3ccc(C(F)(F)F)cc32)CC1,4
NS(=O)(=O)c1cc2c(cc1Cl)N[C@H](C(Cl)Cl)NS2(=O)=O,4
CC(=O)O[C@]1(C(C)=O)CC[C@H]2[C@@H]3C[C@H](C)C4=CC(=O)CC[C@]4(C)[C@H]3CC[C@@]21C,4
Cc1cc(C(=O)NNCc2ccccc2)no1,4
O[C@@](CCN1CCCCC1)(c1ccccc1)[C@H]1C[C@H]2C=C[C@@H]1C2,4
NS(=O)(=O)c1cc2c(cc1C(F)(F)F)NCNS2(=O)=O,4
NS(=O)(=O)c1cc2c(cc1C(F)(F)F)N[C@H](Cc1ccccc1)NS2(=O)=O,4
CC(=O)OCC(=O)[C@@]1(O)[C@H](OC(C)=O)C[C@H]2[C@@H]3CCC4=CC(=O)C=C[C@]4(C)[C@@]3(F)[C@@H](O)C[C@@]21C,4
OCCN1CCN(CCCN2c3ccccc3Sc3ccc(C(F)(F)F)cc32)CC1,4
CC(=O)/N=c1\sc(S(N)(=O)=O)nn1C,4
CN1C(=O)CCS(=O)(=O)[C@@H]1c1ccc(Cl)cc1,4
CN(C)[C@@H]1C(O)=C(C(N)=O)C(=O)[C@@]2(O)C(O)=C3C(=O)c4c(O)ccc(Cl)c4[C@@H](O)[C@H]3C[C@@H]12,4
CC(=O)S[C@@H]1CC2=CC(=O)CC[C@]2(C)[C@H]2CC[C@@]3(C)[C@@H](CC[C@@]34CCC(=O)O4)[C@H]12,4
NC(N)=NCCN1CCCCCCC1,4
CC[C@]1(C)CC(=O)NC1=O,4
NS(=O)(=O)c1cc2c(cc1Cl)NC(CSCc1ccccc1)=NS2(=O)=O,4
C/N=C1/CN(O)C(c2ccccc2)=c2cc(Cl)ccc2=N1,4
NS(=O)(=O)c1cc([C@@]2(O)NC(=O)c3ccccc32)ccc1Cl,4
CCCC[C@H]1C(=O)N(c2ccccc2)N(c2ccc(O)cc2)C1=O,4
CN1[C@@H](CCl)Nc2cc(Cl)c(S(N)(=O)=O)cc2S1(=O)=O,4
C[C@@H](Cc1ccccc1)N(C)Cc1ccccc1,4
CCCC(C)(COC(N)=O)COC(N)=O,4
CC1=C(C/C=C(\C)CCC[C@H](C)CCC[C@H](C)CCCC(C)C)C(=O)c2ccccc2C1=O,4
O=P([O-])([O-])OCC(Cl)(Cl)Cl,4
Cc1noc(NS(=O)(=O)c2ccc(N)cc2)c1C,4
CC[C@@H](CO)NC(=O)[C@@H]1C=C2c3cccc4[nH]cc(c34)C[C@H]2N(C)C1,4
CN1C(=O)OC(C)(C)C1=O,4
CC[C@]1(c2ccccc2)NC(=O)N(C)C1=O,4
CN(C)CCOC(c1ccccc1)c1ccccc1,4
CC1(C)S[C@@H]2[C@H](NC(=O)Cc3ccccc3)C(=O)N2[C@H]1C(=O)[O-],4
O=C1O[C@H]([C@@H](O)CO)C(O)=C1O,4
CCC(=O)C(C[C@@H](C)N(C)C)(c1ccccc1)c1ccccc1,4
CCCCCCCCCCCCCCCC(=O)OC/C=C(C)/C=C/C=C(C)/C=C/C1=C(C)CCCC1(C)C,4
CCCc1cc(=O)[nH]c(=S)[nH]1,4
Cn1c(=O)c2c(ncn2C)n(C)c1=O,4
C#CC1(OC(N)=O)CCCCC1,4
CN1C[C@H](C(=O)N[C@]2(C)O[C@@]3(O)[C@@H]4CCCN4C(=O)[C@H](Cc4ccccc4)N3C2=O)C=C2c3cccc4[nH]cc(c34)C[C@H]21,4
CCN(CC)CC(=O)Nc1c(C)cccc1C,4
CN(C)CCO[C@@](C)(c1ccccc1)c1ccccn1,4
C[C@H](C[N+](C)(C)C)OC(N)=O,4
CN(C)CCN(Cc1ccccc1)c1ccccn1,4
CCN(CC)CCC[C@@H](C)Nc1ccnc2cc(Cl)ccc12,4
Cc1cc(C)nc(NS(=O)(=O)c2ccc(N)cc2)n1,4
CC[C@]1(C)OC(=O)N(C)C1=O,4
O[C@@](CCN1CCCCC1)(c1ccccc1)C1CCCCC1,4
Nc1nc(=O)c2nc(CNc3ccc(C(=O)N[C@@H](CCC(=O)[O-])C(=O)[O-])cc3)cnc2[nH]1,4
O=c1c(Cc2c(O)oc3ccccc3c2=O)c(O)oc2ccccc12,4
C#C[C@]1(O)CC[C@H]2[C@@H]3CCc4cc(O)ccc4[C@H]3CC[C@@]21C,4
C[N+]1(C)[C@@H]2CC[C@H]1C[C@@H](OC(=O)[C@H](O)c1ccccc1)C2,4
CC[C@H](C)C(C)(COC(N)=O)COC(N)=O,4
CN(C)CC[C@@](O)(c1ccccc1)c1ccccc1Cl,4
C[C@H]1NCCO[C@@H]1c1ccccc1,4
O=C1c2ccccc2C(=O)C1c1ccccc1,4
CN1CCC(OC(c2ccccc2)c2ccccc2)CC1,4
N[C@@H](Cc1ccc(O)cc1)C(=O)[O-],4
Cc1cc(/C=C/c2ccc3cc(N(C)C)ccc3[n+]2C)c(C)n1-c1ccccc1,4
C[C@@H](CN(C)C)CN1c2ccccc2Sc2ccccc21,4
CC1=C(/C=C/C(C)=C/C=C/C(C)=C/C=C/C=C(C)/C=C/C=C(C)/C=C/C2=C(C)CCCC2(C)C)C(C)(C)CCC1,4
C=C1c2cccc(O)c2C(=O)C2=C(O)[C@]3(O)C(=O)C(C(N)=O)=C(O)[C@@H](N(C)C)[C@@H]3[C@@H](O)[C@H]12,4
CCCCCCCCCCCCCCCC(=O)OC[C@@H](NC(=O)C(Cl)Cl)[C@H](O)c1ccc([N+](=O)[O-])cc1,4
Nc1ccc(S(=O)(=O)Nc2ccccn2)cc1,4
CC[C@@H](C)C1(CC)C(=O)NC(=O)NC1=O,4
Cc1cc(O)c2ccccc2c1O,4
Nc1ccc(S(=O)(=O)Nc2ncccn2)cc1,4
C[C@]12CC[C@H]3C(=CCc4cc(O)ccc43)[C@@H]1CCC2=O,4
CCOC(=O)C1(c2ccccc2)CCN(C)CC1,4
CN[C@@H](C)Cc1ccccc1,4
COc1ccc2c3c1O[C@H]1C(=O)CC[C@H]4[C@@H](C2)N(C)CC[C@]314,4
Cc1ccnc(NS(=O)(=O)c2ccc(N)cc2)n1,4
CCN(CC)C(=O)N1CCN(C)CC1,4
Nc1ccc(C(=O)[O-])c(O)c1,4
CC(=O)N(c1onc(C)c1C)S(=O)(=O)c1ccc(N)cc1,4
CN(Cc1cnc2nc(N)nc(N)c2n1)c1ccc(C(=O)N[C@@H](CCC(=O)[O-])C(=O)[O-])cc1,4
O[C@@](CCN1CCCCC1)(c1ccccc1)C1CCCC1,4
Cc1nnc(NS(=O)(=O)c2ccc(N)cc2)s1,4
CN1C(=O)C[C@@H](c2ccccc2)C1=O,4
C[C@H](COc1ccccc1)N(CCCl)Cc1ccccc1,4
S=c1nc[nH]c2nc[nH]c12,4
CCC1(c2ccccc2)C(=O)NCNC1=O,4
CN1[C@@H]2CC[C@H]1C[C@@H](OC(c1ccccc1)c1ccccc1)C2,4
C[C@H]1O[C@@H](O[C@H]2[C@@H](O)C[C@H](O[C@H]3[C@@H](O)C[C@H](O[C@H]4CC[C@@]5(C)[C@H](CC[C@@H]6[C@@H]5C[C@@H](O)[C@]5(C)[C@@H](C7=CC(=O)OC7)CC[C@]65O)C4)O[C@@H]3C)O[C@@H]2C)C[C@H](O)[C@@H]1O,4
CC(=O)C[C@@H](c1ccccc1)c1c(O)oc2ccccc2c1=O,4
COC(=O)[C@H]1[C@H]2C[C@@H]3c4[nH]c5cc(OC)ccc5c4CCN3C[C@H]2C[C@@H](OC(=O)c2cc(OC)c(OC)c(OC)c2)[C@@H]1OC,4
CCCCC(=O)O[C@H]1CC[C@H]2[C@@H]3CCc4cc(O)ccc4[C@H]3CC[C@]12C,4
COc1c2occc2cc2ccc(=O)oc12,4
CS(=O)(=O)OCCCCOS(C)(=O)=O,4
C=CCC1([C@H](C)CC)C(=O)NC(=O)NC1=O,4
CN(C)CCO[C@@H](c1ccccc1)c1ccc(Br)cc1,4
C[C@H](N)Cc1ccccc1,4
C[C@]12CCC(=O)C=C1CC[C@@H]1[C@@H]2[C@@H](O)C[C@@]2(C)[C@H]1CC[C@]2(O)C(=O)COC(=O)CCC1CCCC1,4
CN(C)C(=O)Oc1ccc[n+](C)c1,4
CC(=O)Nc1nnc(S(N)(=O)=O)s1,4
CCC(C)(C)[C@H]1C(=O)N2CCC[C@H]2[C@]2(O)O[C@](NC(=O)[C@@H]3C[C@@H]4c5cccc6[nH]cc(c56)C[C@H]4N(C)C3)(C(C)C)C(=O)N12,4
COc1ccc2c3c1O[C@H]1C(=O)CC[C@@]4(O)[C@@H](C2)N(C)CC[C@]314,4
CCc1nc(N)nc(N)c1-c1ccc(Cl)cc1,4
CC(=O)OCC(=O)[C@@]1(O)CC[C@H]2[C@@H]3CCC4=CC(=O)CC[C@]4(C)[C@H]3C(=O)C[C@@]21C,4
CN(C)CC[C@@H](c1ccc(Cl)cc1)c1ccccn1,4
C=CCC1([C@H](C)CCC)C(=O)NC(=O)NC1=O,4
Cn1cc[nH]c1=S,4
CCN(CC)CCNC(=O)c1ccc(N)cc1,4
NC(=O)NC(=O)Cc1ccccc1,4
CCN(CC)C(=S)SSC(=S)N(CC)CC,4
C[C@@H](CN1c2ccccc2Sc2ccccc21)N(C)C,4
Cn1c(=O)c2c(ncn2C[C@H](O)CO)n(C)c1=O,4
CCCN(CCC)S(=O)(=O)c1ccc(C(=O)[O-])cc1,4
COc1cc(N[C@H](C)CCCN)c2ncccc2c1,4
COc1ccc2c3c1O[C@H]1[C@@H](O)C=C[C@H]4[C@@H](C2)N(C)CC[C@@]341,4
Nc1nc(=O)c2c([nH]1)NC[C@H](CNc1ccc(C(=O)N[C@@H](CCC(=O)[O-])C(=O)[O-])cc1)N2C=O,4
CNC[C@H](O)c1cccc(O)c1,4
NNC(=O)c1ccncc1,4
O=C1NC(=O)C(c2ccccc2)(c2ccccc2)N1,4
NNc1nncc2ccccc12,4
CN1CC[C@]23CCCC[C@H]2[C@H]1Cc1ccc(O)cc13,4
CC1=C(/C=C/C(C)=C/C=C/C(C)=C/CO)C(C)(C)CCC1,4
CCS(=O)(=O)CCn1c([N+](=O)[O-])cnc1C,4
Cc1ccc(C(=O)c2cc(O)c(O)c([N+](=O)[O-])c2)cc1,4
COc1ccc2c(C(=S)N(C)CC(=O)O)cccc2c1C(F)(F)F,4
CCCCC[C@H](O)/C=C/[C@@H]1[C@H]2C/C(=C/CCCC(=O)[O-])O[C@H]2C[C@H]1O,4
CCC1=C[C@@H]2CN(C1)Cc1c([nH]c3ccccc13)[C@@](C(=O)OC)(c1cc3c(cc1OC)N(C)[C@H]1[C@@](O)(C(=O)OC)[C@H](OC(C)=O)[C@]4(CC)C=CCN5CC[C@]31[C@@H]54)C2,4
CCC(CC)[C@H](NC(C)=O)[C@@H]1[C@H](O)[C@@H](C(=O)O)C[C@H]1NC(=N)N,4
CCC1(CCC(C)C)C(=O)NC(=O)NC1=O,4
CCC1(c2ccccc2)C(=O)NC(=O)NC1=O,4
CCCC(C)C1(CC)C(=O)N=C([O-])NC1=O,4
CC1=C(CC(=O)O)c2cc(F)ccc2/C1=C\c1ccc([S+](C)[O-])cc1,4
CC1=Nc2ccc(Cl)cc2S(=O)(=O)N1,4
CC1CC(OC(=O)C(O)c2ccccc2)CC(C)(C)C1,4
CC1CCC(C(C)C)C(O)C1,4
CC1CN(c2cc3c(cc2F)c(=O)c(C(=O)O)cn3-c2ccc(F)cc2F)CCN1,4
CN(C)CC/C=C1/c2ccccc2COc2ccc(CC(=O)O)cc21,4
CCCCCNC(=N)N/N=C/c1c[nH]c2ccc(OC)cc12,4
CC1CNc2c(cccc2S(=O)(=O)N[C@@H](CCCNC(=N)N)C(=O)N2CC[C@@H](C)C[C@@H]2C(=O)O)C1,4
CCCCC1=NC2(CCCC2)C(=O)N1Cc1ccc(-c2ccccc2-c2nnn[nH]2)cc1,4
CCCCCCCCCc1ccc(OCCOCCOCCOCCOCCOCCOCCOCCOCCO)cc1,4
CCCCCCCCCCC[C@@H](C[C@@H]1OC(=O)[C@H]1CCCCCC)OC(=O)[C@H](CC(C)C)NC=O,4
CCC(=O)N(c1ccccc1)C1(COC)CCN(CCc2cccs2)CC1,4
CCC(=O)N(c1ccccc1)C1(COC)CCN(CCn2nnn(CC)c2=O)CC1,4
CC(CN1c2ccccc2Sc2ccc(S(=O)(=O)N(C)C)cc21)N(C)C,4
CC(C)(O/N=C(\C(=O)N[C@@H]1C(=O)N2C(C(=O)[O-])=C(C[n+]3ccccc3)CS[C@H]12)c1csc(N)n1)C(=O)O,4
CCC(=O)[N-]S(=O)(=O)c1ccc(-c2c(-c3ccccc3)noc2C)cc1,4
CCC(=O)O[C@]1(C(=O)SCF)[C@H](C)C[C@H]2[C@@H]3C[C@H](F)C4=CC(=O)C=C[C@]4(C)[C@@]3(F)[C@@H](O)C[C@@]21C,4
CCC(=O)O[C@]1(C(=O)CCl)[C@@H](C)C[C@H]2[C@@H]3CCC4=CC(=O)C=C[C@]4(C)[C@@]3(F)[C@@H](O)C[C@@]21C,4
CCCCC(=O)N(Cc1ccc(-c2ccccc2-c2nnn[nH]2)cc1)[C@H](C(=O)O)C(C)C,4
CCOC(=O)C1=C[C@]2(CC)CCCN3CCc4c(n1c1ccccc41)[C@@H]32,4
CN(C)/N=N/c1[nH]cnc1C(N)=O,4
C(=C/c1ccccc1)\CN1CCN(C(c2ccccc2)c2ccccc2)CC1,4
CCC1(c2cccc(O)c2)CCCCN(C)C1,4
CC1(C)S[C@@H]2[C@H](NC(=O)[C@H](NC(=O)N3CCNC3=O)c3ccccc3)C(=O)N2[C@H]1C(=O)O,4
CC1(C)[C@@H](OC(=O)CCC(=O)O)CC[C@]2(C)[C@H]3C(=O)C=C4[C@@H]5C[C@@](C)(C(=O)O)CC[C@]5(C)CC[C@@]4(C)[C@]3(C)CC[C@@H]12,4
CCCN(CCC)C(=O)C(CCC(=O)O)NC(=O)c1ccccc1,4
CC1(C)[C@@H]2CC[C@@]1(C)C(=O)C2,4
CC1(C)[C@H](C(=O)O)N2C(=O)C[C@H]2S1(=O)=O,4
CCCCOc1ccc(OCCCN2CCOCC2)cc1,4
CCCCNc1ccc(C(=O)OCCN(C)C)cc1,4
CCCCNC(=N)NC(=N)N,4
CCCCN1CCCCC1C(=O)Nc1c(C)cccc1C,4
CCCCc1nc(Cl)c(CO)n1Cc1ccc(-c2ccccc2-c2nnn[nH]2)cc1,4
CC(Cc1ccc(O)cc1)NCC(O)c1cc(O)cc(O)c1,4
CC1(C)O[C@@H]2C[C@H]3[C@@H]4C[C@H](F)C5=CC(=O)C=C[C@]5(C)[C@@]4(F)[C@@H](O)C[C@]3(C)[C@]2(C(=O)CO)O1,4
CC1(C)O[C@@H]2C[C@H]3[C@@H]4C[C@H](F)C5=CC(=O)C=C[C@]5(C)[C@H]4[C@@H](O)C[C@]3(C)[C@]2(C(=O)CO)O1,4
CC1(C)S[C@@H]2[C@H](/N=C/N3CCCCCC3)C(=O)N2[C@H]1C(=O)O,4
CCCSc1ccc2[nH]c(NC(=O)OC)nc2c1,4
CCN1CCC[C@H]1CNC(=O)c1c(OC)ccc(Br)c1OC,4
CC(C)(Oc1ccc(CCNC(=O)c2ccc(Cl)cc2)cc1)C(=O)O,4
CCN1CCCC1CNC(=O)c1cc(S(N)(=O)=O)ccc1OC,4
CCN(CC)C(=O)Nc1ccc(OCC(O)CNC(C)(C)C)c(C(C)=O)c1,4
CC(C)NCC(O)c1ccc2ccccc2c1,4
CC(C)NNC(=O)c1ccncc1,4
CN(C)c1cc(NC(=O)CNC(C)(C)C)c(O)c2c1C[C@H]1C[C@H]3[C@H](N(C)C)C(O)=C(C(N)=O)C(=O)[C@@]3(O)C(O)=C1C2=O,4
N=C(N)NC(=N)NCCc1ccccc1,4
N=C(N)NC(=O)Cc1c(Cl)cccc1Cl,4
N=C(N)NCCN1CCCCCCC1,4
N=C(N)c1ccc(OCCCCCOc2ccc(C(=N)N)cc2)cc1,4
N=C(NCCCCCCNC(=N)NC(=N)Nc1ccc(Cl)cc1)NC(=N)Nc1ccc(Cl)cc1,4
NC(=O)C[S+]([O-])C(c1ccccc1)c1ccccc1,4
NC(=O)N1CCC(CC(=O)N2CCC([C@H]3c4ncc(Br)cc4CCc4cc(Cl)cc(Br)c43)CC2)CC1,4
NC(=O)N1c2ccccc2C[C@H](O)c2ccccc21,4
NC(=O)CN1CCCC1=O,4
NC(=O)[C@@H]1CCCN1C(=O)[C@H](Cc1c[nH]cn1)NC(=O)[C@@H]1CCC(=O)N1,4
Cn1c(=O)cc(N2CCC[C@@H](N)C2)n(Cc2ccccc2C#N)c1=O,4
Cn1ccnc1S,4
Cn1cnc([N+](=O)[O-])c1Sc1ncnc2[nH]cnc12,4
Cn1nnc(-c2ccc(-c3ccc(N4C[C@H](CO)OC4=O)cc3F)cn2)n1,4
N#C[C@@H]1CCCN1C(=O)CNC12CC3CC(CC(O)(C3)C1)C2,4
NS(=O)(=O)c1cc(C(=O)O)cc(N2CCCC2)c1Oc1ccccc1,4
CC(C)NCC(O)c1ccc(O)c(O)c1,4
CC(C)Cn1cnc2c(N)nc3ccccc3c21,4
CCN1CCCC1CNC(=O)c1cc(S(=O)(=O)CC)c(N)cc1OC,4
CC(C)Cc1ccc(CC(=O)O)cc1,4
CCN1CC(CCN2CCOCC2)C(c2ccccc2)(c2ccccc2)C1=O,4
CCN(CC)CCOC(=O)c1ccc(N)cc1,4
CC(C)C[C@H](NC(=O)[C@H](Cc1ccccc1)NC(=O)c1cnccn1)B(O)O,4
CCOC(=O)C1=C(C)NC(C)=C(C(=O)OC)C1c1cccc([N+](=O)[O-])c1,4
CCN1CCN(C(=O)N[C@@H](C(=O)N[C@@H]2C(=O)N3[C@@H]2SC(C)(C)[C@@H]3C(=O)O)c2ccccc2)C(=O)C1=O,4
CC(C)(C)NCC(O)COc1cccc2c1SCCC2,4
CC(C)(C)NC[C@H](O)COc1cccc2c1CCCC2=O,4
CCNCC(O)c1cccc(O)c1,4
CCC1(c2ccccc2)C(=O)N=C([O-])NC1=O,4
CC(C)(C)c1ccc(C(O)CCCN2CCC(C(O)(c3ccccc3)c3ccccc3)CC2)cc1,4
CCN[C@@H]1C[C@H](N)[C@@H](O[C@H]2OC(CN)=CC[C@H]2N)[C@H](O)[C@H]1O[C@H]1OC[C@](C)(O)[C@H](NC)[C@H]1O,4
CC(C)OP(=O)(F)OC(C)C,4
CCCc1nc(C)c2c(O)nc(-c3cc(S(=O)(=O)N4CCN(CC)CC4)ccc3OCC)nn12,4
CC(C)[C@H](N)C(=O)OCCOCn1cnc2c(=O)nc(N)[nH]c21,4
CCCc1nc(C(C)(C)O)c(C(=O)OCc2oc(=O)oc2C)n1Cc1ccc(-c2ccccc2-c2nnn[nH]2)cc1,4
CC(C)c1ccc2oc3nc(N)c(C(=O)O)cc3c(=O)c2c1,4
CC(CC(c1ccccc1)c1ccccc1)NC(C)(C)C,4
CC(CCc1ccc(O)cc1)NCCc1ccc(O)c(O)c1,4
CCCc1nc(C)c2c(=O)nc(-c3cc(S(=O)(=O)N4CCN(CC)CC4)ccc3OCC)[nH]n12,4
CCOc1ccccc1OC(c1ccccc1)C1CNCCO1,4
CN(C)CC(Oc1ccccc1)Oc1ccccc1,4
N[C@@H](Cc1c[nH]c2ccccc12)C(=O)O,4
O=C(OOC(=O)c1ccccc1)c1ccccc1,4
O=S(=O)(O)c1ccc2nc(-c3ccccc3)[nH]c2c1,4
NC(=O)NC1NC(=O)NC1=O,4
CCCCCCCCCCCCCCCC[n+]1ccccc1,4
CC1CC(OC(=O)c2ccccc2O)CC(C)(C)C1,4
CCCCC(CC)COC(=O)c1ccccc1O,4
CCCCC(CC)COC(=O)C(C#N)=C(c1ccccc1)c1ccccc1,4
CCCCC(CC)COC(=O)/C=C/c1ccc(OC)cc1,4
COc1ccc(C(=O)CC(=O)c2ccc(C(C)(C)C)cc2)cc1,4
CC(C)(CO)[C@@H](O)C(=O)NCCCO,4
CN(C)CCCOc1nn(Cc2ccccc2)c2ccccc12,4
CC#CCn1c(N2CCC[C@@H](N)C2)nc2c1c(=O)n(Cc1nc(C)c3ccccc3n1)c(=O)n2C,4
CNC(C)CCC=C(C)C,4
Cc1cc(N)c2ccccc2[n+]1CCCCCCCCCC[n+]1c(C)cc(N)c2ccccc21,4
Cc1cc2nc3c(=O)[nH]c(=O)nc-3n(C[C@H](O)[C@H](O)[C@H](O)COP(=O)(O)O)c2cc1C,4
Cc1ccc(C(C)C)c(O)c1,4
O=C(O)c1ccc(-n2nc(-c3ccccc3O)nc2-c2ccccc2O)cc1,4
OC(O)C(Cl)(Cl)Cl,4
COc1ccc(C(=O)c2ccccc2)c(O)c1,4
CC(=O)N(CC(O)CO)c1c(I)c(C(=O)NCC(O)CO)c(I)c(C(=O)NCC(O)CO)c1I,4
O=C1[O][Bi]([OH])[O]c2ccccc21,4
C=CCCCCCCCCC(=O)O,4
O=C(Nc1ccc(Cl)cc1)Nc1ccc(Cl)c(Cl)c1,4
CN1CCCN=C1/C=C/c1cccs1,4
CC(C)(O)C(Cl)(Cl)Cl,4
CC(=O)[C@H]1CC[C@H]2[C@@H]3CC[C@H]4C[C@](C)(O)CC[C@]4(C)[C@H]3CC[C@]12C,4
CCCCC1(CCCC)CN(c2ccccc2)c2cc(SC)c(OCC(=O)N[C@@H](C(=O)N[C@@H](CC)C(=O)[O-])c3ccc(O)cc3)cc2S(=O)(=O)N1,4
CO[C@H]1/C=C/O[C@@]2(C)Oc3c(C)c(O)c4c(O)c(cc(O)c4c3C2=O)NC(=O)/C(C)=C\C=C\[C@H](C)[C@H](O)[C@@H](C)[C@@H](O)[C@@H](C)[C@H](OC(C)=O)[C@@H]1C,4
OC[C@H]1NC[C@H](O)[C@@H](O)[C@H]1O,4
CC(C)(NC(=O)C1=C(O)[C@@H]2Oc3c(O)ccc4c3[C@@]23CCN(CC2CC2)[C@H](C4)[C@]3(O)C1)c1nc(-c2ccccc2)no1,4
C[C@@H](OC[C@@]1(c2ccccc2)CC[C@]2(CCC(=O)N2)CN1)c1cc(C(F)(F)F)cc(C(F)(F)F)c1,4
COc1ccc(CN(C(=O)[C@@H](N)Cc2c(C)cc(C(N)=O)cc2C)[C@@H](C)c2ncc(-c3ccccc3)[nH]2)cc1C(=O)[O-],4
CCCCCCCC(=O)N[C@H](CN1CCCC1)[C@H](O)c1ccc2c(c1)OCCO2,4
C=CCN1CC[C@]23c4c5ccc(O)c4O[C@H]2[C@@H](OCCOCCOCCOCCOCCOCCOCCOC)CC[C@@]3(O)[C@H]1C5,4
OC[C@H]1O[C@@H](c2ccc(Cl)c(Cc3ccc(O[C@H]4CCOC4)cc3)c2)[C@H](O)[C@@H](O)[C@@H]1O,4
Cc1ccc([C@@H]2O[C@H](CO)[C@@H](O)[C@H](O)[C@H]2O)cc1Cc1ccc(-c2ccc(F)cc2)s1,4
C[C@H](O)[C@H](O)[C@H]1CNc2[nH]c(N)nc(=O)c2N1,4
NC[C@@H]1O[C@H](O[C@H]2[C@@H](O)[C@H](O[C@@H]3[C@@H](O)[C@H](N)C[C@H](N)[C@H]3O[C@H]3O[C@H](CO)[C@@H](O)[C@H](O)[C@H]3N)O[C@@H]2CO)[C@H](N)[C@@H](O)[C@@H]1O,4
C[C@H]1CN(C[C@H](Cc2ccccc2)C(=O)NCC(=O)[O-])CC[C@@]1(C)c1cccc(O)c1,4
C[C@@H](O[C@H]1OCCN(Cc2nc(=O)[nH][nH]2)[C@H]1c1ccc(F)cc1)c1cc(C(F)(F)F)cc(C(F)(F)F)c1,4
O=C([O-])C1=C/C(=N\Nc2ccc(O)c(C(=O)[O-])c2)C=CC1=O,4
O=C([O-])C1=C/C(=N/Nc2ccc(S(=O)(=O)Nc3ccccn3)cc2)C=CC1=O,4
CC(=O)Nc1c(I)c(C(=O)O)c(I)c(C(=O)NCCO)c1I,4
CCCCC(CC)COC(=O)c1ccc(N(C)C)cc1,4
CN/C(=N/C#N)NCCSCc1nc[nH]c1C,4
CCC(=O)OCC(=O)[C@@]1(OC(=O)CC)[C@@H](C)C[C@H]2[C@@H]3CCC4=CC(=O)C=C[C@]4(C)[C@@]3(Cl)[C@@H](O)C[C@@]21C,4
CC(=O)Nc1c(I)c(NC(C)=O)c(I)c(C(=O)O)c1I,4
CCOC(=O)n1ccn(C)c1=S,4
CN(C)CCN(Cc1cccs1)c1ccccn1,4
CC(=O)[C@]1(O)Cc2c(O)c3c(c(O)c2[C@@H](O[C@H]2C[C@H](N)[C@H](O)[C@H](C)O2)C1)C(=O)c1ccccc1C3=O,4
CC(=O)Nc1ccc(OCC(O)CNC(C)C)cc1,4
CC(=O)N[C@H]1[C@H]([C@H](O)[C@H](O)CO)OC(C(=O)O)=C[C@@H]1NC(=N)N,4
CC[N+](CC)(CC)CCOc1cccc(OCC[N+](CC)(CC)CC)c1OCC[N+](CC)(CC)CC,4
CC[C@]12CCCN3CCc4c(n(c5ccccc45)[C@@](O)(C(=O)OC)C1)[C@@H]32,4
CC[C@]1(O)C[C@H]2CN(CCc3c([nH]c4ccccc34)[C@@](C(=O)OC)(c3cc4c(cc3OC)N(C=O)[C@H]3[C@@](O)(C(=O)OC)[C@H](OC(C)=O)[C@]5(CC)C=CCN6CC[C@]43[C@@H]65)C2)C1,4
CC[C@]1(O)C[C@@H]2CN(CCc3c([nH]c4ccccc34)[C@@](C(=O)OC)(c3cc4c(cc3OC)N(C)[C@H]3[C@@](O)(C(=O)OC)[C@H](OC(C)=O)[C@]5(CC)C=CCN6CC[C@]43[C@@H]65)C2)C1,4
CCn1cc(C(=O)O)c(=O)c2ccc(-c3ccncc3)cc21,4
C1CCN2C[C@H]3C[C@H](CN4CCCC[C@@H]34)[C@H]2C1,4
C1CCC(C(CC2CCCCN2)C2CCCCC2)CC1,4
CC[C@H](Nc1ncnc2[nH]cnc12)c1nc2cccc(F)c2c(=O)n1-c1ccccc1,4
CCn1cc(C(=O)O)c(=O)c2cc(F)c(N3CCN(C)CC3)cc21,4
C=C1/C(=C\C=C2/CCC[C@]3(C)[C@@H]([C@H](C)CCCC(C)C)CC[C@@H]23)C[C@@H](O)C[C@@H]1O,4
C=C1CC[C@@]2(O)[C@H]3Cc4ccc(O)c5c4[C@@]2(CCN3CC2CC2)[C@H]1O5,4
CCc1oc2ccccc2c1C(=O)c1cc(Br)c(O)c(Br)c1,4
C=C1C[C@@H]2CC[C@@]34C[C@H]5O[C@H]6[C@@H](O3)[C@H]3O[C@H](CC[C@@H]3O[C@H]6[C@H]5O4)CC(=O)C[C@@H]3[C@@H](OC)[C@@H](C[C@H](O)CN)O[C@H]3C[C@H]3O[C@@H](CC[C@@H]1O2)C[C@@H](C)C3=C,4
CCc1c2c(nc3ccc(OC(=O)N4CCC(N5CCCCC5)CC4)cc13)-c1cc3c(c(=O)n1C2)COC(=O)[C@]3(O)CC,4
C/C=C/C(=O)N(CC)c1ccccc1C,4
CCOC(=O)c1ccc(N)cc1,4
CCOC(=O)CN[C@@H](C(=O)N1CC[C@H]1C(=O)NCc1ccc(/C(N)=N\O)cc1)C1CCCCC1,4
Cc1ncc(C[n+]2csc(CCO)c2C)c(N)n1,4
CN(C)[C@@H]1C(O)=C(C(N)=O)C(=O)[C@@]2(O)C(O)=C3C(=O)c4c(O)cccc4[C@@](C)(O)[C@H]3C[C@@H]12,4
CC(=O)Oc1c(C)cc(OCC(O)CNC(C)C)c(C)c1C,4
CCO[C@H]1O[C@@H]2O[C@@]3(C)CC[C@H]4[C@H](C)CC[C@@H]([C@H]1C)[C@@]24OO3,4
CC(=O)Oc1c(C)c(C)c2c(c1C)CCC(C)(CCC[C@H](C)CCC[C@H](C)CCCC(C)C)O2,4
CCOc1ccc(Cc2cc([C@]34OC[C@](CO)(O3)[C@@H](O)[C@H](O)[C@H]4O)ccc2Cl)cc1,4
CCOc1ccc(Cc2cc([C@@H]3O[C@H](SC)[C@@H](O)[C@H](O)[C@H]3O)ccc2Cl)cc1,4
CC(=O)OC[C@H]1O[C@@H](n2ncc(=O)[nH]c2=O)[C@H](OC(C)=O)[C@@H]1OC(C)=O,4
CCOc1ccc(Cc2cc([C@@H]3O[C@H](CO)[C@@H](O)[C@H](O)[C@H]3O)ccc2Cl)cc1,4
CC(=O)O[C@@]12CO[C@@H]1C[C@H](O)[C@@]1(C)C(=O)[C@H](O)C3=C(C)[C@@H](OC(=O)[C@H](O)[C@@H](NC(=O)OC(C)(C)C)c4ccccc4)C[C@@](O)([C@@H](OC(=O)c4ccccc4)[C@H]21)C3(C)C,4
CC(=O)O[C@H]1C(=O)[C@@]2(C)[C@H]([C@H](OC(=O)c3ccccc3)[C@]3(O)C[C@H](OC(=O)[C@H](O)[C@@H](NC(=O)c4ccccc4)c4ccccc4)C(C)=C1C3(C)C)[C@]1(OC(C)=O)CO[C@@H]1C[C@@H]2O,4
CC(=O)O[C@H]1C[C@@H]2CC[C@@H]3[C@H](CC[C@@]4(C)[C@H]3C[C@H]([N+]3(C)CCCCC3)[C@@H]4OC(C)=O)[C@@]2(C)C[C@@H]1N1CCCCC1,4
CC(=O)O[C@]1(C(C)=O)CC[C@H]2[C@@H]3C=C(Cl)C4=CC(=O)CC[C@]4(C)[C@H]3CC[C@@]21C,4
CC(=O)O[C@]1(C(C)=O)CC[C@H]2[C@@H]3C=C(Cl)C4=CC(=O)[C@@H]5C[C@@H]5[C@]4(C)[C@H]3CC[C@@]21C,4
CCOC(=O)c1ncn2c1CN(C)C(=O)c1cc(F)ccc1-2,4
CN(C)[C@@H]1C(O)=C(C(N)=O)C(=O)[C@@]2(O)C(O)=C3C(=O)c4c(O)c(NC(=O)CN5CCCC5)cc(F)c4C[C@H]3C[C@@H]12,4
CC(C(=O)O)c1ccc(C(=O)c2cccs2)cc1,4
CCOC(=O)[C@H](CCc1ccccc1)N[C@@H](C)C(=O)N1C(=O)N(C)C[C@H]1C(=O)O,4
CN(C)[C@@H]1C(O)=C(C(N)=O)C(=O)[C@@]2(O)C(O)=C3C(=O)c4c(O)ccc(Cl)c4[C@@](C)(O)[C@H]3C[C@@H]12,4
CCOC(=O)Nc1ccc(NCc2ccc(F)cc2)nc1N,4
CC(C(=O)O)c1ccc2oc(-c3ccc(Cl)cc3)nc2c1,4
NS(=O)(=O)c1cc2c(cc1Cl)N=CNS2(=O)=O,4
N[C@@H]1CCCCN(c2c(F)cc3c(=O)c(C(=O)O)cn(C4CC4)c3c2Cl)C1,4
CC12C=CC(=O)C=C1CCC1C3CC(O)C(O)(C(=O)CO)C3(C)CC(O)C12F,4
CN1[C@@H]2CC[C@H]1C[C@@H](OC(=O)c1c[nH]c3ccccc13)C2,4
CN(N=O)C(=O)N[C@H]1C(O)O[C@H](CO)[C@@H](O)[C@@H]1O,4
CN/C(=N\CCSCc1nc[nH]c1C)NC#N,4
CN1CCN(CC(=O)N2c3ccccc3C(=O)Nc3cccnc32)CC1,4
COc1cc([C@@H]2c3cc4c(cc3[C@H](O)[C@H]3COC(=O)[C@H]23)OCO4)cc(OC)c1OC,4
CNC(=O)Oc1ccc2c(c1)[C@]1(C)CCN(C)[C@@H]1N2C,4
CNC1(c2ccccc2Cl)CCCCC1=O,4
CNC1=Nc2ccc(Cl)cc2C(c2ccccc2)=[N+]([O-])C1,4
CNCCc1ccccn1,4
CNC[C@H](O)c1ccc(O)c(O)c1,4
CN1CCN=C(c2ccccc2)c2cc(Cl)ccc21,4
CN[C@@H]1[C@H](O[C@H]2[C@H](O[C@H]3[C@H](O)[C@@H](O)[C@H](N=C(N)N)[C@@H](O)[C@@H]3N=C(N)N)O[C@@H](C)[C@]2(O)C=O)O[C@@H](CO)[C@H](O)[C@H]1O,4
CN1CCc2cccc3c2[C@H]1Cc1ccc(O)c(O)c1-3,4
CN1C[C@H](CNC(=O)OCc2ccccc2)C[C@@H]2c3cccc4c3c(cn4C)C[C@H]21,4
CN1Cc2c(N)cccc2C(c2ccccc2)C1,4
COc1cc2/c(=N/c3ccc(Br)cc3F)nc[nH]c2cc1OCC1CCN(C)CC1,4
C[C@H]1[C@H](NC(=O)/C(=N\OC(C)(C)C(=O)O)c2csc(N)n2)C(=O)N1S(=O)(=O)O,4
C[C@H]1[C@H](OC(=O)CCC(=O)O)O[C@@H]2O[C@@]3(C)CC[C@H]4[C@H](C)CC[C@@H]1[C@@]24OO3,4
C[C@H]1c2cccc(O)c2C(=O)C2=C(O)[C@]3(O)C(=O)C(C(N)=O)=C(O)[C@@H](N(C)C)[C@@H]3[C@@H](O)[C@@H]21,4
C[C@]1(Cn2ccnn2)[C@H](C(=O)O)N2C(=O)C[C@H]2S1(=O)=O,4
C[C@H]1[C@@H](O)O[C@@H]2O[C@]3(C)CC[C@H]4[C@H](C)CC[C@@H]1[C@@]24OO3,4
CN(Cc1ccc(C(C)(C)C)cc1)Cc1cccc2ccccc12,4
CN(Cc1cc(Br)cc(Br)c1N)C1CCCCC1,4
CN(CCCN1c2ccccc2CCc2ccccc21)CC(=O)c1ccc(Cl)cc1,4
CN(C/C=C/c1ccccc1)Cc1cccc2ccccc12,4
CO/N=C(\C(=O)N[C@@H]1C(=O)N2C(C(=O)O)=C(COC(N)=O)CS[C@H]12)c1ccco1,4
CO/N=C(\C(=O)N[C@@H]1C(=O)N2C(C(=O)O)=C(CSc3nc(=O)c(O)nn3C)CS[C@H]12)c1csc(N)n1,4
CO/N=C(\C(=O)N[C@@H]1C(=O)N2C(C(=O)[O-])=C(C[N+]3(C)CCCC3)CS[C@H]12)c1csc(N)n1,4
COC(=O)CCc1ccc(OCC(O)CNC(C)C)cc1,4
COc1c2ccoc2cc2oc(=O)ccc12,4
COc1cc(CNC(=O)CCCC/C=C/C(C)C)ccc1O,4
COc1cc(NS(=O)(=O)c2ccc(N)cc2)nc(OC)n1,4
COc1cc(OC)c(C(=O)CCCN2CCCC2)c(OC)c1,4
COc1cc(N)c(Cl)cc1C(=O)NC1CCN(Cc2ccccc2)CC1,4
COC[C@H]1C[C@@H](c2nc(-c3ccc4c(c3)COc3cc5c(ccc6nc([C@@H]7CC[C@H](C)N7C(=O)[C@@H](NC(=O)OC)C(C)C)[nH]c65)cc3-4)c[nH]2)N(C(=O)[C@H](NC(=O)OC)c2ccccc2)C1,4
CO[C@@]1(NC(=O)C2SC(=C(C(N)=O)C(=O)O)S2)C(=O)N2C(C(=O)O)=C(CSc3nnnn3C)CS[C@@H]21,4
CO[C@@]1(NC(=O)Cc2cccs2)C(=O)N2C(C(=O)O)=C(COC(N)=O)CS[C@@H]21,4
CO[C@@]12[C@H](COC(N)=O)C3=C(C(=O)C(C)=C(N)C3=O)N1C[C@@H]1N[C@@H]12,4
CN1C(C(=O)Nc2ccccn2)=C(O)c2sccc2S1(=O)=O,4
CN1CCC(=C2c3ccccc3CC(=O)c3sccc32)CC1,4
CN1CCCC(n2nc(Cc3ccc(Cl)cc3)c3ccccc3c2=O)CC1,4
CN1C(=O)CN=C(c2ccccc2F)c2cc([N+](=O)[O-])ccc21,4
CN(C)c1ccc(C(=C2C=CC(=[N+](C)C)C=C2)c2ccc(N(C)C)cc2)cc1,4
CN(C)c1ccc(O)c2c1C[C@H]1C[C@H]3[C@H](N(C)C)C(O)=C(C(N)=O)C(=O)[C@@]3(O)C(O)=C1C2=O,4
C[C@]12CCC(=O)C=C1C=C[C@@H]1[C@@H]2CC[C@@]2(C)[C@H]1CC[C@@]21CCC(=O)O1,4
C[C@]12CC[C@@H]3c4ccc(O)cc4CC[C@H]3[C@@H]1CCC2=O,4
C[C@@H]1[C@H](O)[C@@H](C)/C=C/C=C/CC/C=C/C=C/C=C/C=C/[C@H](O[C@@H]2O[C@H](C)[C@@H](O)[C@H](N)[C@@H]2O)C[C@@H]2O[C@](O)(C[C@@H](O)[C@H](O)CC[C@@H](O)C[C@@H](O)C[C@@H](O)CC(=O)O[C@H]1C)C[C@H](O)[C@H]2C(=O)O,4
COc1ccc2[nH]cc(CCNC(C)=O)c2c1,4
COc1ccc2c(c1OC)C(=O)O[C@@H]2[C@H]1c2c(cc3c(c2OC)OCO3)CCN1C,4
COc1ccc2c(c1)N(C[C@H](C)CN(C)C)c1ccccc1S2,4
COc1ccc(Cc2nccc3cc(OC)c(OC)cc23)cc1OC,4
COc1ccc(-c2cc(=O)c3c(O)cc(O[C@@H]4O[C@H](CO[C@@H]5O[C@@H](C)[C@H](O)[C@@H](O)[C@H]5O)[C@@H](O)[C@H](O)[C@H]4O)cc3o2)cc1O,4
COc1ccc(C(=O)Nc2ccccc2CCC2CCCCN2C)cc1,4
COc1ccc(CC(C)(C)NC[C@H](O)c2cc(O)cc3c2OCC(=O)N3)cc1,4
COc1ccc(CCN2CCC(Nc3nc4ccccc4n3Cc3ccc(F)cc3)CC2)cc1,4
C[C@@H]1C[C@H]2[C@@H]3C[C@H](F)C4=CC(=O)C=C[C@]4(C)[C@H]3[C@@H](O)C[C@]2(C)[C@H]1C(=O)CO,4
CSc1ccc(C(=O)c2[nH]c(=O)[nH]c2C)cc1,4
C[C@@H](O)[C@H]1C(=O)N2C(C(=O)O)=C(SCCNC=N)C[C@H]12,4
C[C@@H](O)[C@H]1C(=O)N2C(C(=O)O)=C(S[C@@H]3CN[C@H](C(=O)N(C)C)C3)[C@H](C)[C@H]12,4
C[C@@H](O)[C@H]1C(=O)N2C(C(=O)O)=C(S[C@@H]3CN[C@H](CNS(N)(=O)=O)C3)[C@H](C)[C@H]12,4
C[C@@H](O)[C@H]1C(=O)N2C(C(=O)[O-])=C(S[C@@H]3CN[C@H](C(=O)Nc4cccc(C(=O)O)c4)C3)[C@H](C)[C@H]12,4
COc1cccc2c1C(=O)c1c(O)c3c(c(O)c1C2=O)C[C@@](O)(C(=O)CO)C[C@@H]3O[C@H]1C[C@H](N)[C@H](O)[C@H](C)O1,4
COc1cccc2c1C(=O)c1c(O)c3c(c(O)c1C2=O)C[C@@](O)(C(C)=O)C[C@@H]3O[C@H]1C[C@H](N)[C@H](O)[C@H](C)O1,4
COc1nc(C)nc(Cl)c1NC1=NCCN1,4
CS(=O)(=O)Nc1ccc([N+](=O)[O-])cc1Oc1ccccc1,4
CC(=O)CC(c1ccccc1)c1c(O)c2ccccc2oc1=O,4
CC(C)C(N)C(=O)OCC(CO)OCn1cnc2c(=O)[nH]c(N)nc21,4
COc1ccc2c(c1)c(CC(=O)OCC(=O)O)c(C)n2C(=O)c1ccc(Cl)cc1,4
C[C@@H]1C[C@H]2[C@@H]3C[C@H](F)C4=CC(=O)C=C[C@]4(C)[C@@]3(F)[C@@H](O)C[C@]2(C)[C@@]1(OC(=O)c1ccco1)C(=O)SCF,4
C[C@H](N[C@@H](CCc1ccccc1)C(=O)O)C(=O)N1CCC[C@H]1C(=O)O,4
C[C@@H]1O[C@@H](O[C@@H]2C=C3CC[C@@H]4[C@H](CC[C@]5(C)[C@@H](c6ccc(=O)oc6)CC[C@]45O)[C@@]3(C)CC2)[C@H](O)[C@H](O)[C@H]1O,4
C[C@H]1CNCCc2ccc(Cl)cc21,4
C[C@H]1O[C@@H](O[C@H]2[C@@H](O)C[C@H](O[C@H]3[C@@H](O)C[C@H](O[C@H]4CC[C@@]5(C)[C@H](CC[C@@H]6[C@@H]5CC[C@]5(C)[C@@H](C7=CC(=O)OC7)CC[C@]65O)C4)O[C@@H]3C)O[C@@H]2C)C[C@H](O)[C@@H]1O,4
C[C@]12CC[C@@H]3c4ccc(O)cc4CC[C@H]3[C@@H]1C[C@@H](O)[C@@H]2O,4
C[C@]12CC[C@@H]3c4ccc(O)cc4C[C@@H](CCCCCCCCC[S+]([O-])CCCC(F)(F)C(F)(F)F)[C@H]3[C@@H]1CC[C@@H]2O,4
C[C@]12CC[C@@H]3c4ccc(OC(=O)c5ccccc5)cc4CC[C@H]3[C@@H]1CC[C@@H]2O,4
Cc1cc(=O)n(-c2ccccc2)n1C,4
Cc1cc(NC(=O)C2=C(O)c3ccccc3S(=O)(=O)N2C)no1,4
Cc1cc(O)cc(C)c1Cl,4
Cc1cc2c(cc1CC(=O)c1sccc1S(=O)(=O)Nc1onc(C)c1Cl)OCO2,4
Cc1cc(CC(=O)O)n(C)c1C(=O)c1ccc(Cl)cc1,4
Cc1c(N(C)C)c(=O)n(-c2ccccc2)n1C,4
C[C@]12CC[C@H]3[C@@H](CCC4=CC(=O)CC[C@@]43C)[C@@H]1CC[C@@H]2O,4
C[C@]12Cc3c[nH]nc3C[C@@H]1CC[C@@H]1[C@@H]2CC[C@@]2(C)[C@H]1CC[C@]2(C)O,4
C[N+](C)(C)CCO,4
C[N+](C)(C)CCOC(=O)CCC(=O)OCC[N+](C)(C)C,4
C[N+](C)(C)CCOC(N)=O,4
C[N+](C)(C)C[C@H](O)CC(=O)[O-],4
Cc1[nH]c(=O)c(C#N)cc1-c1ccncc1,4
Cc1c(C(=O)NN2CCCCC2)nn(-c2ccc(Cl)cc2Cl)c1-c1ccc(Cl)cc1,4
CO/N=C(\C(=O)N[C@@H]1C(=O)N2C(C(=O)O)=C(COC(C)=O)CS[C@H]12)c1csc(N)n1,4
CN[C@@H]1[C@H](O)[C@H](NC)[C@H]2O[C@@]3(O)C(=O)C[C@@H](C)O[C@H]3O[C@@H]2[C@H]1O,4
NCCCC(N)(C(=O)O)C(F)F,4
O=C1CN=C(c2ccccc2)c2cc([N+](=O)[O-])ccc2N1,4
O=NN(CCCl)C(=O)NCCCl,4
O=P(O)(O)C(O)(Cn1ccnc1)P(=O)(O)O,4
O=P1(NCCCl)OCCCN1CCCl,4
O=[N+]([O-])OCC(CO[N+](=O)[O-])O[N+](=O)[O-],4
O=C1NCCN1CCN1CCC(c2cn(-c3ccc(F)cc3)c3ccc(Cl)cc23)CC1,4
O=C1NCC2(CCN(CCc3ccccc3)CC2)O1,4
O=C(c1ccc(F)cc1)C1CCN(CCn2c(=O)[nH]c3ccccc3c2=O)CC1,4
O=C1C(CC[S+]([O-])c2ccccc2)C(=O)N(c2ccccc2)N1c1ccccc1,4
O=C1C(O)=C([C@H]2CC[C@H](c3ccc(Cl)cc3)CC2)C(=O)c2ccccc21,4
O=C1CN=C(c2ccccn2)c2cc(Br)ccc2N1,4
COC(=O)N[C@H](C(=O)N1CC2(CC2)C[C@H]1c1nc(-c2ccc3c(c2)C(F)(F)c2cc(-c4ccc5[nH]c([C@@H]6[C@H]7CC[C@H](C7)N6C(=O)[C@@H](NC(=O)OC)C(C)C)nc5c4)ccc2-3)c[nH]1)C(C)C,4
O=c1[nH]c(=O)n(C2CCCO2)cc1F,4
O=c1[nH]c(=O)n([C@H]2C[C@H](O)[C@@H](CO)O2)cc1F,4
OC[C@@H](O)[C@@H](O)[C@H](O)[C@H](O)CO,4
OCc1cc(C(O)CNCCCCCCOCCCCc2ccccc2)ccc1O,4
Oc1c(Cl)cc(Cl)c(Cl)c1Cc1c(O)c(Cl)cc(Cl)c1Cl,4
Oc1c(Cl)cc(Cl)cc1Sc1cc(Cl)cc(Cl)c1O,4
Oc1ccc(C(O)C2CCCCN2)cc1O,4
Oc1ccc(C2CNCCc3c2cc(O)c(O)c3Cl)cc1,4
Oc1ccc(O)cc1,4
O=C1OC(c2ccc(O)cc2)(c2ccc(O)cc2)c2ccccc21,4
Nc1cc(-c2ccncc2)c[nH]c1=O,4
Nc1c(CC(=O)[O-])cccc1C(=O)c1ccc(Br)cc1,4
Cc1onc(-c2c(F)cccc2Cl)c1C(=O)N[C@@H]1C(=O)N2[C@@H]1SC(C)(C)[C@@H]2C(=O)O,4
NCCCNCCSP(=O)(O)O,4
NCC[C@H](O)C(=O)N[C@@H]1C[C@H](N)[C@@H](O[C@H]2O[C@H](CN)[C@@H](O)[C@H](O)[C@H]2O)[C@H](O)[C@H]1O[C@H]1O[C@H](CO)[C@@H](O)[C@H](N)[C@H]1O,4
NCCc1ccc(O)c(O)c1,4
NC[C@H]1O[C@H](O[C@H]2[C@H](O)[C@@H](O[C@H]3O[C@H](CO)[C@@H](O)[C@H](N)[C@H]3O)[C@H](N)C[C@@H]2N)[C@H](N)C[C@@H]1O,4
Cc1ccccc1-n1c(C)nc2ccccc2c1=O,4
Cc1ccccc1OCC(O)CO,4
Cc1nc(C(=O)NCC(=O)O)c(O)c2ccc(Oc3ccccc3)cc12,4
Cc1ccc(N(CC2=NCCN2)c2cccc(O)c2)cc1,4
Cc1cccc(C)c1NC(=O)CN1CCN(CCCC(c2ccc(F)cc2)c2ccc(F)cc2)CC1,4
Cc1nc2c([nH]1)-c1ccccc1N(C(=O)c1ccc(NC(=O)c3ccccc3-c3ccccc3)cc1)CC2,4
O=C1c2cccc3c2[C@H](CCC3)CN1[C@@H]1CN2CCC1CC2,4
Clc1ccc(CO/N=C(\Cn2ccnc2)c2ccc(Cl)cc2Cl)c(Cl)c1,4
Clc1ccc(COC(Cn2ccnc2)c2ccc(Cl)cc2Cl)c(Cl)c1,4
Clc1ccc(COC(Cn2ccnc2)c2ccc(Cl)cc2Cl)cc1,4
Clc1ccc(CSC(Cn2ccnc2)c2ccc(Cl)cc2Cl)cc1,4
Cl[C@H]1[C@H](Cl)[C@@H](Cl)[C@@H](Cl)[C@H](Cl)[C@H]1Cl,4
O=C1c2c(O)ccc(O)c2C(=O)c2c(NCCNCCO)ccc(NCCNCCO)c21,4
Cc1ncsc1CCCl,4
Cc1nnc(SCC2=C(C(=O)O)N3C(=O)[C@@H](NC(=O)Cn4cnnn4)[C@H]3SC2)s1,4
Oc1cccc(O)c1O,4
Oc1ncnc2[nH]ncc12,4
Sc1ncnc2nc[nH]c12,4
O=C(NCCN1CCOCC1)c1ccc(Cl)cc1,4
O=C(O)P(=O)(O)O,4
O=C(O)c1cccc(-c2noc(-c3ccccc3F)n2)c1,4
O=C(O)c1ccccc1,4
O=C(OCC(O)CO)c1ccccc1Nc1ccnc2cc(Cl)ccc12,4
O=C(O)Cc1ccc(-c2ccccc2)cc1,4
O=C(O)COc1ccc(C(=O)c2cccs2)c(Cl)c1Cl,4
O=C(Nc1ccc(Br)cc1)c1cc(Br)cc(Br)c1O,4
O=C(Nc1ccc(Cl)c(Cl)c1)c1cc(Cl)cc(Cl)c1O,4
O=C(Nc1nc2cccc(-c3ccc(CN4CCS(=O)(=O)CC4)cc3)n2n1)C1CC1,4
O=C(O)C(Cl)(Cl)Cl,4
O=C(O)CCC(=O)c1ccc(-c2ccccc2)cc1,4
O=C(NCCNCC(O)COc1ccc(O)cc1)N1CCOCC1,4
Cc1cc2nc3c(=O)[nH]c(=O)nc-3n(C[C@H](O)[C@H](O)[C@H](O)CO)c2cc1C,4
COC(=O)Nc1nc2cc(C(=O)c3ccccc3)ccc2[nH]1,4
COC(=O)[C@@H]1[C@H]2C[C@H]3c4[nH]c5ccccc5c4CCN3C[C@@H]2CC[C@@H]1O,4
COC(=O)c1ccccc1O,4
COC1=C(OC)C(=O)C(CCCCCCCCCCO)=C(C)C1=O,4
COCC(=O)O[C@]1(CCN(C)CCCc2nc3ccccc3[nH]2)CCc2cc(F)ccc2[C@@H]1C(C)C,4
COC(=O)[C@H]1[C@@H](OC(=O)c2ccccc2)C[C@@H]2CC[C@H]1N2C,4
O=C(NCCO[N+](=O)[O-])c1cccnc1,4
Nc1nc(=O)[nH]cc1F,4
[2H]C([2H])([2H])NC(=O)c1nnc(NC(=O)C2CC2)cc1Nc1cccc(-c2ncn(C)n2)c1OC,4
Nc1ccn([C@@H]2O[C@H](CO)[C@@H](O)[C@@H]2O)c(=O)n1,4
Oc1ccc2c(c1)CC[C@H](c1ccccc1)[C@@H]2c1ccc(OCCN2CCCC2)cc1,4
O=c1[nH]c2ccccc2n1CCCN1CCC(n2c(=O)[nH]c3cc(Cl)ccc32)CC1,4
O=c1[nH]c2ccccc2n1CCCN1CCN(C(c2ccccc2)c2ccccc2)CC1,4
O=c1[nH]cc(F)c(=O)[nH]1,4
O=c1ccc2ccccc2o1,4
Cc1ccc(-c2ncc(Cl)cc2-c2ccc(S(C)(=O)=O)cc2)cn1,4
Nc1nc(O)c2ncn(CCC(CO)CO)c2n1,4
Nc1nc2[nH]cnc2c(=S)[nH]1,4
Nc1ncnc2c1ncn2[C@@H]1O[C@H](CO)[C@@H](O)[C@@H]1O,4
O=C(CCCN1CC=C(n2c(=O)[nH]c3ccccc32)CC1)c1ccc(F)cc1,4
O=C(Cc1ccc(-c2ccc(OCCN3CCOCC3)cc2)cn1)NCc1ccccc1,4
O=C(Cn1ccnc1[N+](=O)[O-])NCc1ccccc1,4
O=C(NC1CCN(CCc2c[nH]c3ccccc23)CC1)c1ccccc1,4
O=C(/C=C/c1cccc(S(=O)(=O)Nc2ccccc2)c1)NO,4
Nc1cc(N2CCCCC2)nc(N)[n+]1[O-],4
Nc1ccc(S(=O)(=O)Nc2nccs2)cc1,4
Nc1ccc(S(N)(=O)=O)cc1,4
Nc1ccn(C[C@@H](CO)OCP(=O)(O)O)c(=O)n1,4
Nc1ccn([C@@H]2O[C@H](CO)[C@@H](O)C2(F)F)c(=O)n1,4
C#C[C@]1(O)CC[C@H]2[C@@H]3CCC4=CC(=O)CC[C@@H]4[C@H]3CC[C@@]21C,4
C[C@@H]1O[C@@H](O[C@H]2C[C@@H](O)[C@]3(CO)[C@H]4[C@H](O)C[C@]5(C)[C@@H](C6=CC(=O)OC6)CC[C@]5(O)[C@@H]4CC[C@]3(O)C2)[C@H](O)[C@H](O)[C@H]1O,4
CC(=O)N[C@@H](CS)C(=O)[O-],4
C=C[C@@H](N)CCC(=O)[O-],4
COc1cc2c(cc1OC)[C@@H]1CC(=O)[C@@H](CC(C)C)CN1CC2,4
Cc1cc(C#N)cc(C)c1Oc1nc(Nc2ccc(C#N)cc2)nc(N)c1Br,4
CN(C)C[C@H](c1ccc(O)cc1)C1(O)CCCCC1,4
CO[C@@H]1C[C@@H]2CC[C@@H](C)[C@@](O)(O2)C(=O)C(=O)N2CCCC[C@H]2C(=O)O[C@H]([C@H](C)C[C@@H]2CC[C@@H](OCCO)[C@H](OC)C2)CC(=O)[C@@H](C)/C=C(\C)[C@@H](O)[C@@H](OC)C(=O)[C@H](C)C[C@H](C)/C=C/C=C/C=C/1C,4
CC(=O)Oc1cc2c(s1)CCN([C@H](C(=O)C1CC1)c1ccccc1F)C2,4
COc1cc(C(C)=O)ccc1OCCCN1CCC(c2noc3cc(F)ccc23)CC1,4
Cc1nc(-c2ccc(OCC(C)C)c(C#N)c2)sc1C(=O)[O-],4
CCCCc1oc2ccc(NS(C)(=O)=O)cc2c1C(=O)c1ccc(OCCCN(CCCC)CCCC)cc1,4
Cc1ccc(Nc2nccc(N(C)c3ccc4c(C)n(C)nc4c3)n2)cc1S(N)(=O)=O,4
N#C[C@@H]1C[C@@H]2C[C@@H]2N1C(=O)[C@@H](N)[C@@]12C[C@@H]3C[C@@H](C[C@@](O)(C3)C1)C2,4
CCCCCCCCc1ccc(CCC(N)(CO)CO)cc1,4
O=C([O-])C[C@H](O)C[C@H](O)/C=C/c1c(C2CC2)nc2ccccc2c1-c1ccc(F)cc1,4
Cc1ccccc1C(=O)Nc1ccc(C(=O)N2CCC[C@@H](O)c3cc(Cl)ccc32)c(C)c1,4
CO[C@H]1O[C@@H]2O[C@@]3(C)CC[C@H]4[C@H](C)CC[C@@H]([C@H]1C)[C@@]24OO3,4
CCCCN(CCCC)C[C@H](O)c1cc(Cl)cc2c1-c1ccc(Cl)cc1/C2=C/c1ccc(Cl)cc1,4
C[C@]12CCC3=C4CCC(=O)C=C4CC[C@H]3[C@@H]1CC[C@@]2(O)CC#N,4
NC(=O)N[C@@H](CCC(=O)[O-])C(=O)[O-],4
Nc1ccncc1,4
CC(=O)O[C@]1(C(C)=O)CC[C@H]2[C@@H]3CCC4=CC(=O)CCC4=C3[C@@H](c3ccc(N(C)C)cc3)C[C@@]21C,4
O=C1[C@@H]2[C@H]3CC[C@H](C3)[C@@H]2C(=O)N1C[C@@H]1CCCC[C@H]1CN1CCN(c2nsc3ccccc23)CC1,4
CC(C)(Oc1ccc(C(=O)c2ccc(Cl)cc2)cc1)C(=O)[O-],4
C[N@@+]1(CC2CC2)CC[C@]23c4c5ccc(O)c4O[C@H]2C(=O)CC[C@@]3(O)[C@H]1C5,4
CC(C)C(=O)Oc1ccc(CO)cc1[C@H](CCN(C(C)C)C(C)C)c1ccccc1,4
CC[C@@H](c1cccc(O)c1)[C@@H](C)CN(C)C,4
CCN(CC)CCNC(=O)c1c(C)[nH]c(/C=C2\C(=O)Nc3ccc(F)cc32)c1C,4
C#CCN[C@@H]1CCc2ccccc21,4
Cc1cn([C@@H]2C[C@@H](O)[C@H](CO)O2)c(=O)[nH]c1=O,4
CC[C@@H]([C@H](C)O)n1ncn(-c2ccc(N3CCN(c4ccc(OC[C@@H]5CO[C@@](Cn6cncn6)(c6ccc(F)cc6F)C5)cc4)CC3)cc2)c1=O,4
O=C(CCCCCCC(=O)Nc1ccccc1)NO,4
Cc1nc(Nc2ncc(C(=O)Nc3c(C)cccc3Cl)s2)cc(N2CCN(CCO)CC2)n1,4
Cc1nc2n(c(=O)c1CCN1CCC(c3noc4cc(F)ccc34)CC1)CCC[C@@H]2O,4
O[C@@H](CNC[C@H](O)[C@H]1CCc2cc(F)ccc2O1)[C@@H]1CCc2cc(F)ccc2O1,4
COCCCOc1cc(C[C@@H](C[C@H](N)[C@@H](O)C[C@H](C(=O)NCC(C)(C)C(N)=O)C(C)C)C(C)C)ccc1OC,4
Cc1nnc(C(C)C)n1[C@@H]1C[C@H]2CC[C@@H](C1)N2CC[C@H](NC(=O)C1CCC(F)(F)CC1)c1ccccc1,4
Cc1cn(-c2cc(NC(=O)c3ccc(C)c(Nc4nccc(-c5cccnc5)n4)c3)cc(C(F)(F)F)c2)cn1,4
C[C@@H](Cc1ccccc1)NC(=O)[C@@H](N)CCCCN,4
CS(=O)(=O)CCNCc1ccc(-c2ccc3ncnc(Nc4ccc(OCc5cccc(F)c5)c(Cl)c4)c3c2)o1,4
Cc1nnc(C(=O)NC(C)(C)c2nc(C(=O)NCc3ccc(F)cc3)c(O)c(=O)n2C)o1,4
COC(c1ccccc1)(c1ccccc1)[C@H](Oc1nc(C)cc(C)n1)C(=O)[O-],4
NC(=O)c1cn(Cc2c(F)cccc2F)nn1,4
CC1=NN(c2ccc(C)c(C)c2)C(=O)/C1=N\Nc1cccc(-c2cccc(C(=O)[O-])c2)c1O,4
C[C@H](Cc1cc2c(c(C(N)=O)c1)N(CCCO)CC2)NCCOc1ccccc1OCC(F)(F)F,4
COC[C@@H](NC(C)=O)C(=O)NCc1ccccc1,4
CCCCCCOC(=O)NC(=N)c1ccc(NCc2nc3cc(C(=O)N(CCC(=O)OCC)c4ccccn4)ccc3n2C)cc1,4
CN1c2c([nH]c(N)nc2=O)NC[C@@H]1CNc1ccc(C(=O)N[C@@H](CCC(=O)[O-])C(=O)[O-])cc1,4
NC(=O)C[S@@](=O)C(c1ccccc1)c1ccccc1,4
COc1ccc(-n2nc(C(N)=O)c3c2C(=O)N(c2ccc(N4CCCCC4=O)cc2)CC3)cc1,4
N#Cc1ccccc1-c1cc(-c2ccccn2)cn(-c2ccccc2)c1=O,4
COc1nc2ccc(Br)cc2cc1[C@@H](c1ccccc1)[C@@](O)(CCN(C)C)c1cccc2ccccc12,4
COc1cc2nccc(Oc3ccc(NC(=O)C4(C(=O)Nc5ccc(F)cc5)CC4)cc3)c2cc1OC,4
C[C@@H]1CCN(C(=O)CC#N)C[C@@H]1N(C)c1ncnc2[nH]ccc12,4
O=S(=O)(O)Oc1ccc(C(c2ccc(OS(=O)(=O)O)cc2)c2ccccn2)cc1,4
Cc1ccc(C(=O)Nc2ccc(CN3CCN(C)CC3)c(C(F)(F)F)c2)cc1C#Cc1cnc2cccnn12,4
COc1ccc(CNc2nc(N3CCC[C@H]3CO)ncc2C(=O)NCc2ncccn2)cc1Cl,4
COc1cc(Nc2c(C#N)cnc3cc(OCCCN4CCN(C)CC4)c(OC)cc23)c(Cl)cc1Cl,4
CNC(=O)c1ccc(N2C(=S)N(c3ccc(C#N)c(C(F)(F)F)c3)C(=O)C2(C)C)cc1F,4
CC(C)(C)c1cc(C(C)(C)C)c(NC(=O)c2c[nH]c3ccccc3c2=O)cc1O,4
C[C@@H](Oc1cc(-c2cnn(C3CCNCC3)c2)cnc1N)c1c(Cl)ccc(F)c1Cl,4
CC(C)c1nc(CN(C)C(=O)N[C@@H](CCN2CCOCC2)C(=O)N[C@H](CC[C@H](Cc2ccccc2)NC(=O)OCc2cncs2)Cc2ccccc2)cs1,4
Nc1nc(CC(=O)Nc2ccc(CCNC[C@H](O)c3ccccc3)cc2)cs1,4
OCCOc1ccc(/C(=C(/CCCl)c2ccccc2)c2ccccc2)cc1,4
CC(C)OC(=O)[C@H](C)N[P@@](=O)(OC[C@H]1O[C@@H](n2ccc(=O)[nH]c2=O)[C@](C)(F)[C@@H]1O)Oc1ccccc1,4
CC(=O)Nc1cccc(-n2c(=O)n(C3CC3)c(=O)c3c(Nc4ccc(I)cc4F)n(C)c(=O)c(C)c32)c1,4
CCN(CC)C(=O)[C@@]1(c2ccccc2)C[C@H]1CN,4
CC(=O)O[C@H]1Cc2ccccc2N(C(N)=O)c2ccccc21,4
C[C@@H]1CCO[C@H]2Cn3cc(C(=O)NCc4ccc(F)cc4F)c(=O)c(O)c3C(=O)N12,4
COC(=O)/C=C/C(=O)OC,4
O=C(NC1CCN(CCCCC2(C(=O)NCC(F)(F)F)c3ccccc3-c3ccccc32)CC1)c1ccccc1-c1ccc(C(F)(F)F)cc1,4
CNC(=O)c1cc(Oc2ccc(NC(=O)Nc3ccc(Cl)c(C(F)(F)F)c3)c(F)c2)ccn1,4
COc1cc2c(cc1Cc1cccc(Cl)c1F)c(=O)c(C(=O)[O-])cn2[C@H](CO)C(C)C,4
CS(=O)(=O)c1ccc(C(=O)Nc2ccc(Cl)c(-c3ccccn3)c2)c(Cl)c1,4
N#Cc1ccc2[nH]cc(CCCCN3CCN(c4ccc5oc(C(N)=O)cc5c4)CC3)c2c1,4
CCCS(=O)(=O)Nc1ccc(F)c(C(=O)c2c[nH]c3ncc(-c4ccc(Cl)cc4)cc23)c1F,4
CCCSc1nc(N[C@@H]2C[C@H]2c2ccc(F)c(F)c2)c2nnn([C@@H]3C[C@H](OCCO)[C@@H](O)[C@H]3O)c2n1,4
Cc1cc(/C=C/C#N)cc(C)c1Nc1ccnc(Nc2ccc(C#N)cc2)n1,4
N#CC[C@H](C1CCCC1)n1cc(-c2ncnc3[nH]ccc23)cn1,4
O=C(Nc1c(Cl)cncc1Cl)c1ccc(OC(F)F)c(OCC2CC2)c1,4
CC(C)C(=O)O[C@@H](C)OC(=O)NCC1(CC(=O)[O-])CCCCC1,4
O=C(NC[C@H]1CN(c2ccc(N3CCOCC3=O)cc2)C(=O)O1)c1ccc(Cl)s1,4
CCOc1nc2cccc(C(=O)OCc3oc(=O)oc3C)c2n1Cc1ccc(-c2ccccc2-c2noc(=O)[nH]2)cc1,4
CC(=O)O[C@H]1CC[C@@]2(C)C(=CC[C@@H]3[C@@H]2CC[C@]2(C)C(c4cccnc4)=CC[C@@H]32)C1,4
CN1C(=O)CC(=O)N(c2ccccc2)c2cc(Cl)ccc21,4
COc1cc2c(Nc3ccc(Br)cc3F)ncnc2cc1OCC1CCN(C)CC1,4
CC(C)(C)NC(=O)N[C@H](C(=O)N1C[C@H]2[C@@H]([C@H]1C(=O)N[C@@H](CC1CCC1)C(=O)C(N)=O)C2(C)C)C(C)(C)C,4
CCC[C@H](NC(=O)[C@@H]1[C@H]2CCC[C@H]2CN1C(=O)[C@@H](NC(=O)[C@@H](NC(=O)c1cnccn1)C1CCCCC1)C(C)(C)C)C(=O)C(=O)NC1CC1,4
CCOC(=O)Nc1ccc(NCc2ccc(F)cc2)cc1N,4
Cc1c(O)c(=O)ccn1C,4
C/C(O)=C(\C#N)C(=O)Nc1ccc(C(F)(F)F)cc1,4
CNC(=O)c1ccccc1Sc1ccc2c(/C=C/c3ccccn3)n[nH]c2c1,4
CC/C=C\C/C=C\C/C=C\C/C=C\C/C=C\CCCC(=O)OCC,4
CC(C)CN(C[C@@H](O)[C@H](Cc1ccccc1)NC(=O)O[C@H]1CO[C@H]2OCC[C@H]21)S(=O)(=O)c1ccc(N)cc1,4
Nc1ncn([C@H]2C[C@H](O)[C@@H](CO)O2)c(=O)n1,4
c1cnc2cc3c(cc2n1)[C@@H]1CNC[C@H]3C1,4
CC(C)/N=C(N)/N=C(\N)Nc1ccc(Cl)cc1,4
C[C@@H]1O[C@@]2(CS1)CN1CCC2CC1,4
Cc1cccc(C)c1OCC(=O)N[C@@H](Cc1ccccc1)[C@@H](O)C[C@H](Cc1ccccc1)NC(=O)[C@H](C(C)C)N1CCCNC1=O,4
NC(=O)N1c2ccccc2CC(=O)c2ccccc21,4
N[C@@H](Cc1cc(I)c(Oc2cc(I)c(O)c(I)c2)c(I)c1)C(=O)[O-],4
CCN(C)C(=O)Oc1cccc([C@H](C)N(C)C)c1,4
CC#C[C@]1(O)CC[C@H]2[C@@H]3CCC4=CC(=O)CCC4=C3[C@@H](c3ccc(N(C)C)cc3)C[C@@]21C,4
CC(=O)NC[C@H]1CN(c2ccc(N3CCOCC3)c(F)c2)C(=O)O1,4
NS(=O)(=O)Cc1noc2ccccc12,4
Cc1cnc(N/C(O)=C2/C(=O)c3ccccc3S(=O)(=O)N2C)s1,4
Clc1ccc2c(c1)CCc1cccnc1C2=C1CCNCC1,4
COc1ccccc1OC[C@@H](O)CN1CCN(CC(=O)Nc2c(C)cccc2C)CC1,4
CO/N=C(\C(=O)N[C@@H]1C(=O)N2C(C(=O)OCOC(=O)C(C)(C)C)=C(/C=C\c3scnc3C)CS[C@H]12)c1csc(N)n1,4
Cc1ccc(NC(=O)c2ccc(CN3CCN(C)CC3)cc2)cc1Nc1nccc(-c2cccnc2)n1,4
COc1ccccc1Oc1c(NS(=O)(=O)c2ccc(C(C)(C)C)cc2)nc(-c2ncccn2)nc1OCCO,4
CC(C)OC(=O)OCOP(=O)(CO[C@H](C)Cn1cnc2c(N)ncnc21)OCOC(=O)OC(C)C,4
COc1ccc2c3c1O[C@H]1C[C@@H](O)C=C[C@@]31CCN(C)C2,4
C[C@]12CCC(=O)C=C1[C@@H]1C[C@@H]1[C@H]1[C@@H]3[C@@H]4C[C@@H]4[C@@]4(CCC(=O)O4)[C@@]3(C)CC[C@@H]12,4
O=C1Cc2cc(CCN3CCN(c4nsc5ccccc45)CC3)c(Cl)cc2N1,4
CN[C@@H]1CCc2[nH]c3ccc(C(N)=O)cc3c2C1,4
C[C@]12C=CC(=O)N[C@@H]1CC[C@@H]1[C@@H]2CC[C@]2(C)[C@@H](C(=O)Nc3cc(C(F)(F)F)ccc3C(F)(F)F)CC[C@@H]12,4
COc1c(N2C[C@@H]3CCCN[C@@H]3C2)c(F)cc2c(=O)c(C(=O)[O-])cn(C3CC3)c12,4
CCN(C(C)=O)c1cccc(-c2ccnc3c(C#N)cnn23)c1,4
CN(CCOc1ccc(NS(C)(=O)=O)cc1)CCc1ccc(NS(C)(=O)=O)cc1,4
O=C1CCc2cc(OCCCCc3nnnn3C3CCCCC3)ccc2N1,4
CN(C)CCc1c[nH]c2ccc(Cn3cncn3)cc12,4
Cc1oncc1C(=O)Nc1ccc(C(F)(F)F)cc1,4
O=C1Nc2ccc(Cl)cc2[C@@](C#CC2CC2)(C(F)(F)F)O1,4
CCOc1nc2cccc(C(=O)O[C@H](C)OC(=O)OC3CCCCC3)c2n1Cc1ccc(-c2ccccc2-c2nnn[nH]2)cc1,4
Nc1nc(NC2CC2)c2ncn([C@H]3C=C[C@@H](CO)C3)c2n1,4
CCCCCOC(=O)Nc1nc(=O)n([C@@H]2O[C@H](C)[C@@H](O)[C@H]2O)cc1F,4
CO[C@H]1/C=C/O[C@@]2(C)Oc3c(C)c(O)c4c(O)c(c(/C=N/N5CCN(C6CCCC6)CC5)c(O)c4c3C2=O)NC(=O)/C(C)=C\C=C\[C@H](C)[C@H](O)[C@@H](C)[C@@H](O)[C@@H](C)[C@H](OC(C)=O)[C@@H]1C,4
CCCc1nn(C)c2c(=O)nc(-c3cc(S(=O)(=O)N4CCN(C)CC4)ccc3OCC)[nH]c12,4
Cc1ccc(-c2cc(C(F)(F)F)nn2-c2ccc(S(N)(=O)=O)cc2)cc1,4
CCOC(=O)C1=C[C@@H](OC(CC)CC)[C@H](NC(C)=O)[C@@H](N)C1,4
CS(=O)(=O)c1ccc(C2=C(c3ccccc3)C(=O)OC2)cc1,4
NCC(=O)CCC(=O)[O-],4
C=C(c1ccc(C(=O)[O-])cc1)c1cc2c(cc1C)C(C)(C)CCC2(C)C,4
CC(C)CN(C[C@@H](O)[C@H](Cc1ccccc1)NC(=O)O[C@H]1CCOC1)S(=O)(=O)c1ccc(N)cc1,4
Cn1nnc2c(C(N)=O)ncn2c1=O,4
CO[C@H]1C[C@@H]2CC[C@@H](C)[C@@](O)(O2)C(=O)C(=O)N2CCCC[C@H]2C(=O)O[C@H]([C@H](C)C[C@@H]2CC[C@@H](O)[C@H](OC)C2)CC(=O)[C@H](C)/C=C(\C)[C@@H](O)[C@@H](OC)C(=O)[C@H](C)C[C@H](C)/C=C/C=C/C=C/1C,4
C=C1C[C@@H]2[C@H](CC[C@]3(C)C(=O)CC[C@@H]23)[C@@]2(C)C=CC(=O)C=C12,4
CC[C@@H](C(N)=O)N1CCCC1=O,4
C=C1/C(=C\C=C2/CCC[C@]3(C)[C@@H]([C@H](C)/C=C/[C@H](C)C(C)C)CC[C@@H]23)C[C@@H](O)C[C@@H]1O,4
CN(C)CCc1c[nH]c2ccc(CS(=O)(=O)N3CCCC3)cc12,4
Cc1onc(-c2ccccc2)c1-c1ccc(S(N)(=O)=O)cc1,4
CC(C)[C@H](N)C(=O)OC[C@@H](CO)OCn1cnc2c(=O)nc(N)[nH]c21,4
CCCc1nc(C)c2c(=O)[nH]c(-c3cc(S(=O)(=O)N4CCN(CC)CC4)ccc3OCC)nn12,4
CN1CCN(C(=O)O[C@H]2c3nccnc3C(=O)N2c2ccc(Cl)cn2)CC1,4
O=C(O[C@H]1CN2CCC1CC2)N1CCc2ccccc2[C@@H]1c1ccccc1,4
NC(=O)C(c1ccccc1)(c1ccccc1)[C@@H]1CCN(CCc2ccc3c(c2)CCO3)C1,4
C#Cc1cccc(Nc2ncnc3cc(OCCOC)c(OCCOC)cc23)c1,4
CNCC[C@H](Oc1cccc2ccccc12)c1cccs1,4
O=C(O[C@@H]1C[C@H]2CC[C@@H](C1)[N+]21CCCC1)C(O)(c1ccccc1)c1ccccc1,4
C[C@@H](NCCCc1cccc(C(F)(F)F)c1)c1cccc2ccccc12,4
CC(C)C[C@H](CN)CC(=O)[O-],4
NC(=O)CC[C@H](N)C(=O)[O-],4
CC[C@H]1OC(=O)[C@H](C)C(=O)[C@H](C)[C@@H](O[C@@H]2O[C@H](C)C[C@H](N(C)C)[C@H]2O)[C@](C)(OC)C[C@@H](C)C(=O)[C@H](C)[C@H]2N(CCCCn3cnc(-c4cccnc4)c3)C(=O)O[C@]12C,4
Nc1ncn([C@@H]2O[C@H](CO)[C@@H](O)[C@H]2O)c(=O)n1,4
COc1c(C)c2c(c(O)c1C/C=C(\C)CCC(=O)[O-])C(=O)OC2,4
CCC(=O)NCC[C@@H]1CCc2ccc3c(c21)CCO3,4
C=C1[C@H](CO)[C@@H](O)C[C@@H]1n1cnc2c(=O)nc(N)[nH]c21,4
O=C1C=CC=C/C1=C1\N/C(=C2/C=CC=CC2=O)N(c2ccc(C(=O)[O-])cc2)N1,4
Nc1cccc2c1CN([C@@H]1CCC(=O)NC1=O)C2=O,4
CNC(=O)c1cc(Oc2ccc(NC(=O)Nc3ccc(Cl)c(C(F)(F)F)c3)cc2)ccn1,4
C=C[C@H]1CN2CC[C@H]1C[C@H]2[C@H](O)c1ccnc2ccc(OC)cc12,4
CCC[C@@]1(CCc2ccccc2)CC(O)=C([C@H](CC)c2cccc(NS(=O)(=O)c3ccc(C(F)(F)F)cn3)c2)C(=O)O1,4
CC(=O)NCCCS(=O)(=O)O,4
CO/N=C1\CN(c2nc3c(cc2F)c(=O)c(C(=O)[O-])cn3C2CC2)C[C@@H]1CN,4
CC(C)(C)C(=O)OCOP(=O)(COCCn1cnc2c(N)ncnc21)OCOC(=O)C(C)(C)C,4
COc1cc2ncnc(Nc3ccc(F)c(Cl)c3)c2cc1OCCCN1CCOCC1,4
CCCc1nc(C(C)(C)O)c(C(=O)OCc2oc(=O)oc2C)n1Cc1ccc(-c2ccccc2-c2nn[nH]n2)cc1,4
C[C@@H](c1ncncc1F)[C@](O)(Cn1cncn1)c1ccc(F)cc1F,4
CCCCC[C@H](O)CC[C@@H]1[C@H]2Cc3cccc(OCC(=O)[O-])c3C[C@H]2C[C@H]1O,4
O=C1CCc2ccc(OCCCCN3CCN(c4cccc(Cl)c4Cl)CC3)cc2N1,4
COc1ccccc1OC[C@H](O)CO,4
COC(=O)[C@@H]1CC2=CC(=O)CC[C@]2(C)[C@@]23O[C@@H]2C[C@@]2(C)[C@@H](CC[C@@]24CCC(=O)O4)[C@H]13,4
CNCC[C@@H](Oc1ccccc1C)c1ccccc1,4
O=C1[C@H](CC[C@H](O)c2ccc(F)cc2)[C@@H](c2ccc(O)cc2)N1c1ccc(F)cc1,4
CN(C)CCC[C@@]1(c2ccc(F)cc2)OCc2cc(C#N)ccc21,4
CN1CCC[C@@H]1Cc1c[nH]c2cc(CCS(=O)(=O)c3ccccc3)ccc12,4
CC(C)CN(C[C@@H](OP(=O)([O-])[O-])[C@H](Cc1ccccc1)NC(=O)O[C@H]1CCOC1)S(=O)(=O)c1ccc(N)cc1,4
CC(C)c1nc(N(C)S(C)(=O)=O)nc(-c2ccc(F)cc2)c1/C=C/[C@@H](O)C[C@@H](O)CC(=O)[O-],4
CC(=O)Oc1ccc2c(c1)CC[C@@H]1[C@@H]2CC[C@]2(C)[C@@H](O)CC[C@@H]12,4
CN1CC(=O)N2[C@H](c3ccc4c(c3)OCO4)c3[nH]c4ccccc4c3C[C@@H]2C1=O,4
COC(=O)N[C@H](C(=O)N[C@@H](Cc1ccccc1)[C@@H](O)CN(Cc1ccc(-c2ccccn2)cc1)NC(=O)[C@@H](NC(=O)OC)C(C)(C)C)C(C)(C)C,4
COc1cc2nc(N(C)CCCNC(=O)[C@@H]3CCCO3)nc(N)c2cc1OC,4
Nc1nc(=O)n([C@@H]2CS[C@H](CO)O2)cc1F,4
C[C@]12C[C@@H]3C[C@](C)(C1)C[C@@](N)(C3)C2,4
CCCCCN(C)CCC(O)(P(=O)([O-])[O-])P(=O)([O-])[O-],4
CC(C)(C)c1nc(-c2cccc(NS(=O)(=O)c3c(F)cccc3F)c2F)c(-c2cnc(N)cn2)s1,4
Cc1ccc(Sc2ccccc2N2CCNCC2)c(C)c1,4
C=CC(=O)N1CCC[C@@H](n2nc(-c3ccc(Oc4ccccc4)cc3)c3c(N)ncnc32)C1,4
COc1cc(OC)cc(N(CCNC(C)C)c2ccc3ncc(-c4cnn(C)c4)nc3c2)c1,4
Cc1nc(NC(=O)N2CCC[C@H]2C(N)=O)sc1-c1ccnc(C(C)(C)C(F)(F)F)c1,4
C=C[C@]1(C)C[C@@H](OC(=O)CS[C@@H]2CC[C@@H](N)C[C@H]2O)[C@]2(C)[C@H](C)CC[C@]3(CCC(=O)[C@H]32)[C@@H](C)[C@@H]1O,4
O=[N+]([O-])c1cn2c(n1)OC[C@@H](OCc1ccc(OC(F)(F)F)cc1)C2,4
CCc1cc(/C(C)=N/OCc2ccc(C3CCCCC3)c(C(F)(F)F)c2)ccc1CN1CC(C(=O)[O-])C1,4
NC(=O)OC[C@H](N)Cc1ccccc1,4
CSc1nc2cc(Cl)c(Oc3cccc(Cl)c3Cl)cc2[nH]1,4
O=C([O-])c1ccc2nc(-c3cc(Cl)cc(Cl)c3)oc2c1,4
Clc1ccc(CCCOCCCN2CCCCC2)cc1,4
CC(C)n1nccc1-c1ncccc1COc1cccc(O)c1C=O,4
COC(=O)/C=C/C(=O)[O-],4
COc1cc2ncnc(Nc3ccc(F)c(Cl)c3)c2cc1NC(=O)/C=C/CN1CCCCC1,4
N#Cc1cccc([C@@H](NCC2CC2)c2ccc(F)c(NC(=O)c3cc(C(F)(F)F)nn3-c3cccc(CN)c3)c2)c1,4
N[C@@H]1c2cccnc2[C@H](OC(=O)N2CCC(n3c(=O)[nH]c4ncccc43)CC2)CC[C@H]1c1cccc(F)c1F,4
O=C(Nc1ccc(C[C@@H]2CC[C@H]([C@H](O)c3ccccc3)N2)cc1)[C@@H]1CCc2nccc(=O)n21,4
C[C@H]1CS(=O)(=O)CCN1/N=C/c1ccc([N+](=O)[O-])o1,4
Cn1cnc2c(F)c(Nc3ccc(Br)cc3Cl)c(C(=O)NOCCO)cc21,4
CO[C@]1(C(=O)N[C@@H](C)c2ccc(-n3cc(F)cn3)nc2)CC[C@H](c2nc(C)cc(Nc3cc(C)[nH]n3)n2)CC1,4
Cc1cn2nc(-c3cc(=O)n4cc(N5CCNC6(CC6)C5)ccc4n3)cc(C)c2n1,4
CCn1c(=O)c(-c2cc(NC(=O)Nc3ccccc3)c(F)cc2Br)cc2cnc(NC)cc21,4
CCN1C(=O)N(c2c(F)c(OC)cc(OC)c2F)Cc2cnc3[nH]c(CN4CCOCC4)cc3c21,4
CN1CCN2c3c(cccc31)[C@@H]1CN(CCCC(=O)c3ccc(F)cc3)CC[C@@H]12,4
C=CC(=O)N1CCC([C@@H]2CCNc3c(C(N)=O)c(-c4ccc(Oc5ccccc5)cc4)nn32)CC1,4
Cc1cnc(Nc2ccc(OCCN3CCCC3)cc2)nc1Nc1cccc(S(=O)(=O)NC(C)(C)C)c1,4
C[C@@H]1[C@H](c2ccccc2)C[C@H](NC(=O)c2cnc3c(c2)C[C@@]2(C3)C(=O)Nc3ncccc32)C(=O)N1CC(F)(F)F,4
O=C(NCc1c(F)cc(F)cc1F)c1cn2c(c(O)c1=O)C(=O)N1[C@H]3CC[C@H](C3)O[C@@H]1C2,4
C=C(C)[C@@H]1CCC(C)=C[C@H]1c1c(O)cc(CCCCC)cc1O,4
N#Cc1ccnc(N2C(=O)CC[C@H]2C(=O)N(c2cncc(F)c2)[C@H](C(=O)NC2CC(F)(F)C2)c2ccccc2Cl)c1,4
C[C@H](Oc1c(Cl)cccc1Cl)C1=NCCN1,4
Cn1c(Cn2ccc(C(F)(F)F)c(Oc3cc(Cl)cc(C#N)c3)c2=O)n[nH]c1=O,4
O=C(Nc1nc(-c2cc(Cl)cs2)c(N2CCN(C3CCCCC3)CC2)s1)c1cnc(N2CCC(C(=O)[O-])CC2)c(Cl)c1,4
COc1cc(Nc2ncc(F)c(Nc3ccc4c(n3)N(COP(=O)([O-])[O-])C(=O)C(C)(C)O4)n2)cc(OC)c1OC,4
COc1cccc(-c2c(C)n(Cc3c(F)cccc3C(F)(F)F)c(=O)n(C[C@H](NCCCC(=O)[O-])c3ccccc3)c2=O)c1F,4
COC(=O)N[C@@H](C)CNc1nccc(-c2cn(C(C)C)nc2-c2cc(Cl)cc(NS(C)(=O)=O)c2F)n1,4
CN(C)c1cc(CNCC(C)(C)C)c(O)c2c1C[C@H]1C[C@H]3[C@H](N(C)C)C(O)=C(C(N)=O)C(=O)[C@@]3(O)C(O)=C1C2=O,4
COC(=O)OCOc1c2n(ccc1=O)N([C@@H]1c3ccccc3SCc3c1ccc(F)c3F)[C@@H]1COCCN1C2=O,4
CN1CCN(c2ccc(C(=O)Nc3n[nH]c4ccc(Cc5cc(F)cc(F)c5)cc34)c(NC3CCOCC3)c2)CC1,4
CCn1c(=O)c2c(nc(/C=C/c3ccc(OC)c(OC)c3)n2C)n(CC)c1=O,4
CC[C@@H]1CN(C(=O)NCC(F)(F)F)C[C@@H]1c1cnc2cnc3[nH]ccc3n12,4
Cc1nn(C)cc1S(=O)(=O)NC(=O)c1ccc(-n2ccc(OCC(C)(C)C(F)(F)F)n2)nc1N1C[C@@H](C)CC1(C)C,4
O=C(/C=C\n1cnc(-c2cc(C(F)(F)F)cc(C(F)(F)F)c2)n1)NNc1cnccn1,4
C[C@@H](Cn1ccc(-c2ccc(C#N)c(Cl)c2)n1)NC(=O)c1cc([C@@H](C)O)[nH]n1,4
COC(=O)/C=C/C(=O)OCCN1C(=O)CCC1=O,4
FC(F)(F)c1ccc(CNc2ccc(Cc3c[nH]c4ncc(Cl)cc34)cn2)cn1,4
N#Cc1ccc([C@H]2CCc3cncn32)c(F)c1,4
COc1ccc(CN2[C@@H]3C[C@H]2CN(c2ccc(-c4cc(OCC(C)(C)O)cn5ncc(C#N)c45)cn2)C3)cn1,4
Cc1ncc(OC[C@@]2(c3cccc(F)c3)C[C@H]2C(=O)Nc2ccc(F)cn2)c(C)n1,4
Cc1ccc(NC(=O)[C@H]2CCCN(C(=O)c3c(C)cccc3F)[C@H]2c2ccc(NC3CCCC3)cc2)cc1C(F)(F)F,4
O=C(Nc1ccc(OC(F)(F)Cl)cc1)c1cnc(N2CC[C@@H](O)C2)c(-c2cc[nH]n2)c1,4
CCC/N=C1\S/C(=C/c2ccc(OC[C@H](O)CO)c(Cl)c2)C(=O)N1c1ccccc1C,4
CC(C)Oc1ccc(-c2nn([C@@H](C)c3oc4ccc(F)cc4c(=O)c3-c3cccc(F)c3)c3ncnc(N)c23)cc1F,4
CCCCC1(CCCC)CS(=O)(=O)c2ccc(N(C)C)cc2[C@@H](c2ccc(OCc3ccc(C[N+]45CCN(CC4)CC5)cc3)cc2)[C@H]1O,4
COC(=O)[C@H](c1ccccc1)[C@H]1CCCCN1C(=O)OC[n+]1cccc(C(=O)N[C@@H](CO)C(=O)[O-])c1,4
COc1cc2nccc(Oc3ccc(NC(=O)Nc4cc(C)on4)c(Cl)c3)c2cc1OC,4
CCN1CCN(c2ccc(Nc3cc(N(C)C(=O)Nc4c(Cl)c(OC)cc(OC)c4Cl)ncn3)cc2)CC1,4
COC(=O)Nc1c(N)nc(-c2nn(Cc3ccccc3F)c3ncc(F)cc23)nc1N,4
CCOc1ccccc1OC[C@H]1CNCCO1,4
CC(C)Nc1nc2cc(Cl)c(Cl)cc2n1[C@H]1O[C@@H](CO)[C@H](O)[C@@H]1O,4
C[C@H]1CO[C@@H]2Cn3cc(C(=O)NCc4ccc(F)cc4F)c(=O)c(O)c3C(=O)N12,4
CN1CCC(COc2cnc(-c3cccc(Cn4nc(-c5cccc(C#N)c5)ccc4=O)c3)nc2)CC1,4
CCCCCCCCCCCCCCCCOCCCO[P@@](=O)([O-])CO[C@H](CO)Cn1ccc(N)nc1=O,4
C1=N/C2=N/c3ccc(OCCN4CCCC4)c(c3)COC/C=C/COCc3cccc(c3)C(=C1)N2,4
CC(C)n1c(=O)cc(N[C@@H](C)c2ccccc2)[nH]c1=O,4
O[C@@](Cn1cnnn1)(c1ccc(F)cc1F)C(F)(F)c1ccc(-c2ccc(OCC(F)(F)F)cc2)cn1,4
CCCS(=O)(=O)N[C@H]1C[C@@H](N(C)c2ncnc3[nH]ccc23)C1,4
CCC(=O)c1ccc2c(c1)N(CCCN1CCN(CCO)CC1)c1ccccc1S2,4
COc1ccc(-n2nccn2)c(C(=O)N2CCC[C@@]2(C)c2nc3ccc(Cl)c(C)c3[nH]2)c1,4
NC(=O)c1ccc2c(c1O)[C@]13CCN(CC4CC4)[C@H](C2)[C@]1(O)CCC(=O)C3,4
CC(C)NC(=O)COc1cccc(-c2nc(Nc3ccc4[nH]ncc4c3)c3ccccc3n2)c1,4
CNC(=O)c1ccc(-c2cnc3ncc(Cc4ccc5ncccc5c4)n3n2)cc1F,4
CC(C)[C@@H](C)[C@@]1(C)CC[C@]2(C)[C@H]3CC[C@@H]4[C@@]5(COC[C@@]4(C)[C@@H](OC[C@](C)(N)C(C)(C)C)[C@H](n4ncnc4-c4ccncc4)C5)C3=CC[C@@]2(C)[C@@H]1C(=O)[O-],4
Cc1cc(Nc2ncnc3ccc(NC4=NC(C)(C)CO4)cc23)ccc1Oc1ccn2ncnc2c1,4
CC(C)(CCCCCC(O)CCCCCC(C)(C)C(=O)[O-])C(=O)[O-],4
CONC(=O)Nc1ccc(-c2sc3c(c2CN(C)C)c(=O)n(-c2ccc(OC)nn2)c(=O)n3Cc2c(F)cccc2F)cc1,4
COc1cnc(-n2cnc(C)n2)c2c1c(C(=O)C(=O)N1CCN(C(=O)c3ccccc3)CC1)cn2COP(=O)([O-])[O-],4
CC(C)Oc1ccc(-c2nc(-c3cccc4c3CC[C@@H]4NCCO)no2)cc1C#N,4
Cn1cc(-c2cc3c(N4CCN(c5ncc([C@@](C)(N)c6ccc(F)cc6)cn5)CC4)ncnn3c2)cn1,4
O=C1N[C@H](O)CCN1[C@@H]1O[C@H](CO)[C@@H](O)C1(F)F,4
[c:1]1(-[c:10]2[o:11][n:12][c:13](-[c:17]3[c:18]([Cl:27])[n+:19]([O-:26])[c:20]([CH3:25])[c:21]([Cl:24])[c:22]3[CH3:23])[n:14]2)[cH:2][c:3]([OH:7])[c:4]([OH:8])[c:5]([N+:9](=[O:15])[O-:16])[cH:6]1,4
CCN(c1cc(-c2ccc(CN3CCOCC3)cc2)cc(C(=O)NCc2c(C)cc(C)[nH]c2=O)c1C)C1CCOCC1,4
CN1CCC(C(=O)c2cccc(NC(=O)c3c(F)cc(F)cc3F)n2)CC1,4
NC(=O)O[C@@H](Cn1ncnn1)c1ccccc1Cl,4
C[C@]12CC[C@@H]3c4ccc(O)cc4CC[C@H]3[C@@H]1[C@@H](O)[C@@H](O)[C@@H]2O,4
CS(=O)(=O)c1ccc(Oc2cc(F)cc(C#N)c2)c2c1[C@H](O)[C@H](F)[C@@H]2F,4
CSc1ccc(OCc2ncc([N+](=O)[O-])n2C)cc1,4
C=CC(=O)Nc1cc(Nc2ncc(C(=O)OC(C)C)c(-c3cn(C)c4ccccc34)n2)c(OC)cc1N(C)CCN(C)C,4
CCOc1ncc(C)c2c1[C@H](c1ccc(C#N)cc1OC)C(C(N)=O)=C(C)N2,4
C=CC(=O)N1CCN(c2nc(=O)n(-c3c(C)ccnc3C(C)C)c3nc(-c4c(O)cccc4F)c(F)cc23)[C@@H](C)C1,4
C[C@@H]1[C@H](c2c(F)ccc(F)c2F)C[C@H](NC(=O)c2cnc3c(c2)C[C@@]2(C3)C(=O)Nc3ncccc32)C(=O)N1CC(F)(F)F,4
CC(=O)N1CCN(c2ccc(OC[C@@H]3CO[C@@](Cn4ccnc4)(c4ccc(Cl)cc4Cl)O3)cc2)CC1,4
Cn1ncnc1[C@H]1c2n[nH]c(=O)c3cc(F)cc(c23)N[C@@H]1c1ccc(F)cc1,4
O=C(NN1C(=O)[C@@H]2[C@@H]3C=C[C@@H]([C@H]4C[C@@H]34)[C@@H]2C1=O)c1ccc(C(F)(F)F)cc1,4
COc1ccc2c(O[C@@H]3C[C@H]4C(=O)N[C@]5(C(=O)NS(=O)(=O)C6CC6)C[C@H]5/C=C\CCCCN(C)C(=O)[C@@H]4C3)cc(-c3nc(C(C)C)cs3)nc2c1C,4
C=CC(=O)Nc1cc(Nc2nccc(-c3cn(C)c4ccccc34)n2)c(OC)cc1N(C)CCN(C)C,4
O=C([O-])CSc1nnc(Br)n1-c1ccc(C2CC2)c2ccccc12,4
CN1CCc2nc(C(=O)N[C@@H]3C[C@@H](C(=O)N(C)C)CC[C@@H]3NC(=O)C(=O)Nc3ccc(Cl)cn3)sc2C1,4
Cc1c(C(=O)Nc2ccc(N3C[C@@H](C)O[C@@H](C)C3)nc2)cccc1-c1ccc(OC(F)(F)F)cc1,4
COc1cc2c(cc1OC)CC(=O)N(CCCN(C)C[C@H]1Cc3cc(OC)c(OC)cc31)CC2,4
CCOC(=O)[C@H](C)C[C@@H](Cc1ccc(-c2ccccc2)cc1)NC(=O)CCC(=O)[O-],4
COC(=O)N[C@H](C(=O)N1CCC[C@H]1c1ncc(-c2ccc(-c3ccc(-c4cnc([C@@H]5CCCN5C(=O)[C@@H](NC(=O)OC)C(C)C)[nH]4)cc3)cc2)[nH]1)C(C)C,4
Cc1ccc(NC(=O)C2(c3ccc4c(c3)OC(F)(F)O4)CC2)nc1-c1cccc(C(=O)[O-])c1,4
CC(C)C[C@H](NC(=O)CNC(=O)c1cc(Cl)ccc1Cl)B1OC(=O)C(CC(=O)[O-])(CC(=O)[O-])O1,4
CC(C)N(CCCCOCC(=O)NS(C)(=O)=O)c1cnc(-c2ccccc2)c(-c2ccccc2)n1,4
Cc1[nH]c2ccccc2c1CCNCc1ccc(/C=C/C(=O)NO)cc1,4
CCS(=O)(=O)N1CC(CC#N)(n2cc(-c3ncnc4[nH]ccc34)cn2)C1,4
O=c1ccc2ccc(OCCCCN3CCN(c4cccc5sccc45)CC3)cc2[nH]1,4
CCc1cc2c(cc1N1CCC(N3CCOCC3)CC1)C(C)(C)c1[nH]c3cc(C#N)ccc3c1C2=O,4
O=C(c1ccc(F)c(F)c1Nc1ccc(I)cc1F)N1CC(O)([C@@H]2CCCCN2)C1,4
CNCC(=O)OCc1cccnc1N(C)C(=O)O[C@@H](C)[n+]1cnn(C[C@](O)(c2cc(F)ccc2F)[C@@H](C)c2nc(-c3ccc(C#N)cc3)cs2)c1,4
CN(C)C(=O)N[C@H]1CC[C@H](CCN2CCN(c3cccc(Cl)c3Cl)CC2)CC1,4
CC(C)OC(=O)[C@H](C)N[P@](=O)(CO[C@H](C)Cn1cnc2c(N)ncnc21)Oc1ccccc1,4
N=C1CCCN1Cc1[nH]c(=O)[nH]c(=O)c1Cl,4
COc1cc2nccc(Oc3ccc(NC(=O)NC4CC4)c(Cl)c3)c2cc1C(N)=O,4
CC(=O)c1c(C)c2cnc(Nc3ccc(N4CCNCC4)cn3)nc2n(C2CCCC2)c1=O,4
C[C@H](CCC(=O)[O-])[C@H]1CC[C@H]2[C@@H]3[C@H](O)C[C@H]4C[C@H](O)CC[C@]4(C)[C@H]3C[C@H](O)[C@]12C,4
CCOc1cc([C@@H](CS(C)(=O)=O)N2C(=O)c3cccc(NC(C)=O)c3C2=O)ccc1OC,4
CCCCCCCCCCCCCCCCO[P@@](=O)([O-])OCC[N+](C)(C)C,4
CCC(=O)NC[C@@H]1C[C@H]1c1cccc2c1CCO2,4
COC(=O)N(C)c1c(N)nc(-c2nn(Cc3ccccc3F)c3ncccc23)nc1N,4
CCCNS(=O)(=O)Nc1ncnc(OCCOc2ncc(Br)cn2)c1-c1ccc(Br)cc1,4
Nc1cccc2c1C(=O)N([C@H]1CCC(=O)NC1=O)C2=O,4
Cc1c(-c2ccc(O)cc2)n(Cc2ccc(OCCN3CCCCCC3)cc2)c2ccc(O)cc12,4
CN(C)C/C=C/C(=O)Nc1cc2c(Nc3ccc(F)c(Cl)c3)ncnc2cc1O[C@H]1CCOC1,4
Cc1cc(Nc2ncc(Cl)c(Nc3ccccc3S(=O)(=O)C(C)C)n2)c(OC(C)C)cc1C1CCNCC1,4
CCOC(=O)N[C@@H]1CC[C@@H]2[C@@H](C1)C[C@H]1C(=O)O[C@H](C)[C@H]1[C@H]2/C=C/c1ccc(-c2cccc(F)c2)cn1,4
Cc1ccc(-n2nccn2)c(C(=O)N2CCN(c3nc4cc(Cl)ccc4o3)CC[C@H]2C)c1,4
Cn1nnc(-c2ccc(-c3ccc(N4C[C@H](COP(=O)([O-])[O-])OC4=O)cc3F)cn2)n1,4
Cc1ccc(=O)n(-c2ccccc2)c1,4
Cc1ccccc1-c1cc(N2CCN(C)CC2)ncc1N(C)C(=O)C(C)(C)c1cc(C(F)(F)F)cc(C(F)(F)F)c1,4
CC[C@H](Nc1ncnc2nc[nH]c12)c1nc2cccc(F)c2c(=O)n1-c1ccccc1,4
COC(=O)N[C@H](C(=O)N1CC2(CC2)C[C@H]1c1ncc(-c2ccc3c(c2)C(F)(F)c2cc(-c4ccc5nc([C@@H]6[C@H]7CC[C@H](C7)N6C(=O)[C@@H](NC(=O)OC)C(C)C)[nH]c5c4)ccc2-3)[nH]1)C(C)C,4
CCCCCCCCCCC(=O)O[C@H]1CC[C@H]2[C@@H]3CCC4=CC(=O)CC[C@]4(C)[C@H]3CC[C@]12C,4
N[C@H](C(=O)[O-])[C@H](O)c1ccc(O)c(O)c1,4
Cc1cnc(C(=O)N[C@H]2CCCCC/C=C\[C@@H]3C[C@@]3(C(=O)NS(=O)(=O)C3CC3)NC(=O)[C@@H]3C[C@@H](Oc4nc5ccccc5c5ccccc45)CN3C2=O)cn1,4
COC(=O)N[C@H](C(=O)N1CCC[C@H]1C(=O)Nc1ccc([C@@H]2CC[C@@H](c3ccc(NC(=O)[C@@H]4CCCN4C(=O)[C@@H](NC(=O)OC)C(C)C)cc3)N2c2ccc(C(C)(C)C)cc2)cc1)C(C)C,4
O=C(c1cc(Cc2n[nH]c(=O)c3ccccc23)ccc1F)N1CCN(C(=O)C2CC2)CC1,4
COc1c(-c2ccc3cc(NS(C)(=O)=O)ccc3c2)cc(-n2ccc(=O)[nH]c2=O)cc1C(C)(C)C,4
O=c1[nH]c2ccccc2n1CCN1CCN(c2cccc(C(F)(F)F)c2)CC1,4
CC(=O)OC[C@H]1O[C@@H](n2ccc(=O)[nH]c2=O)[C@H](OC(C)=O)[C@@H]1OC(C)=O,4
COC(=O)N[C@H](C(=O)N1CCC[C@H]1c1nc(-c2ccc3c(c2)O[C@@H](c2ccccc2)n2c-3cc3cc(-c4c[nH]c([C@@H]5CCCN5C(=O)[C@@H](NC(=O)OC)C(C)C)n4)ccc32)c[nH]1)C(C)C,4
Nc1nc(-n2cc(C(=O)[O-])c(=O)c3cc(F)c(N4CC(O)C4)c(Cl)c32)c(F)cc1F,4
CCOc1cc2ncc(C#N)c(Nc3ccc(OCc4ccccn4)c(Cl)c3)c2cc1NC(=O)/C=C/CN(C)C,4
CO[C@@H]1[C@H](N(C)C(=O)c2ccccc2)C[C@H]2O[C@]1(C)n1c3ccccc3c3c4c(c5c6ccccc6n2c5c31)C(=O)NC4,4
CC(=O)OCC(=O)[C@@]12N=C(C)O[C@@H]1C[C@H]1[C@@H]3CCC4=CC(=O)C=C[C@]4(C)[C@H]3[C@@H](O)C[C@@]12C,4
CC(C)(C)[C@@H]1NC(=O)O[C@@H]2CCC[C@H]2OC/C=C/C(F)(F)c2nc3ccccc3nc2O[C@@H]2C[C@@H](C(=O)N[C@]3(C(=O)NS(=O)(=O)C4(C)CC4)C[C@H]3C(F)F)N(C2)C1=O,4
O=C(Nc1cnn2ccc(N3CCC[C@@H]3c3cc(F)ccc3F)nc12)N1CC[C@H](O)C1,4
CC(C)(CO)c1cc2cc(NC(=O)C3(c4ccc5c(c4)OC(F)(F)O5)CC3)c(F)cc2n1C[C@@H](O)CO,4
CCc1nc(C(N)=O)c(Nc2ccc(N3CCC(N4CCN(C)CC4)CC3)c(OC)c2)nc1NC1CCOCC1,4
CC(C)(C)[C@@H](O)/C=C/c1ccc2c(c1)OCO2,4
Nc1ccncc1N,4
COc1cc(C)c2c(Oc3cccc(C(F)(F)F)c3)c(OC)cc(N[C@H](C)CCCN)c2n1,4
CN1CC[C@@H](NC(=O)Nc2ccc(C#N)cc2)C[C@@H]1c1nc2ccccc2[nH]1,4
CON(C)Cc1ccc(O)c2c1C[C@H]1C[C@H]3[C@H](N(C)C)C(O)=C(C(N)=O)C(=O)[C@@]3(O)C(O)=C1C2=O,4
CCCCCCO[C@@H](C)c1cccc(-c2csc(NC(=O)c3cc(Cl)c(/C=C(\C)C(=O)[O-])c(Cl)c3)n2)c1OC,4
Cn1cnc2c(F)c(Nc3ccc(Br)cc3F)c(C(=O)NOCCO)cc21,4
COc1ccc2c3c1O[C@H]1C(OC(=O)c4ccccc4)=CC[C@H]4[C@@H](C2)N(C)CC[C@]314,4
CO/N=C1\C[C@]2(C[C@@H]3C[C@@H](C/C=C(\C)C[C@@H](C)/C=C/C=C4\CO[C@@H]5[C@H](O)C(C)=C[C@@H](C(=O)O3)[C@]45O)O2)O[C@H](/C(C)=C/C(C)C)[C@H]1C,4
C[C@H](Nc1ncnc2nc[nH]c12)c1cc2cccc(Cl)c2c(=O)n1-c1ccccc1,4
CNC(=O)c1ccc(N2C(=S)N(c3cnc(C#N)c(C(F)(F)F)c3)C(=O)C23CCC3)cc1F,4
C[C@H]1Oc2cc(cnc2N)-c2c(nn(C)c2C#N)CN(C)C(=O)c2ccc(F)cc21,4
COc1ccc(NC(=O)c2ccc(C(=N)N(C)C)cc2)c(C(=O)Nc2ccc(Cl)cn2)c1,4
CN(C)C(=O)c1cc2cnc(Nc3ccc(N4CCNCC4)cn3)nc2n1C1CCCC1,4
CC(C)COc1ccc(CNC(=O)N(Cc2ccc(F)cc2)C2CCN(C)CC2)cc1,4
CC(C)(O)CNc1nc(Nc2ccnc(C(F)(F)F)c2)nc(-c2cccc(C(F)(F)F)n2)n1,4
CC[C@H]1[C@@H](O)[C@@H]2[C@H](CC[C@]3(C)[C@@H]([C@H](C)CCC(=O)[O-])CC[C@@H]23)[C@@]2(C)CC[C@@H](O)C[C@@H]12,4
COC[C@H]1C[C@@H](c2ncc(-c3ccc4c(c3)COc3cc5c(ccc6nc([C@@H]7CC[C@H](C)N7C(=O)[C@@H](NC(=O)OC)C(C)C)[nH]c65)cc3-4)[nH]2)N(C(=O)[C@H](NC(=O)OC)c2ccccc2)C1,4
C=C[C@@H]1C[C@]1(NC(=O)[C@@H]1C[C@@H]2CN1C(=O)[C@H](C(C)(C)C)NC(=O)O[C@@H]1C[C@H]1CCCCCc1nc3ccc(OC)cc3nc1O2)C(=O)NS(=O)(=O)C1CC1,4
CNCc1ccc(-c2[nH]c3cc(F)cc4c3c2CCNC4=O)cc1,4
CCC[C@@H]1CC(=O)N([C@@H](CC)C(N)=O)C1,4
CC1(C)CCC(CN2CCN(c3ccc(C(=O)NS(=O)(=O)c4ccc(NCC5CCOCC5)c([N+](=O)[O-])c4)c(Oc4cnc5[nH]ccc5c4)c3)CC2)=C(c2ccc(Cl)cc2)C1,4
[n:1]1([CH2:6][C:7]([NH:8][CH2:13][c:14]2[cH:15][cH:16][cH:17][cH:18][cH:19]2)=[O:12])[cH:2][cH:3][n:4][c:5]1[N+:9](=[O:10])[O-:11],4
COc1cc2c(cc1OC)[C@H]1C[C@@H](OC(=O)[C@@H](N)C(C)C)[C@H](CC(C)C)CN1CC2,4
CC[C@@H]1[C@@H]2CN(C(=O)[C@H](C(C)(C)C)NC(=O)O[C@@H]3C[C@H]3CCCCC(F)(F)c3nc4ccc(OC)cc4nc3O2)[C@@H]1C(=O)N[C@]1(C(=O)NS(=O)(=O)C2(C)CC2)C[C@H]1C(F)F,4
CCOC(=O)[C@@H](N)Cc1ccc(-c2cc(O[C@H](c3ccc(Cl)cc3-n3ccc(C)n3)C(F)(F)F)nc(N)n2)cc1,4
CC(C)(N)C(=O)N[C@H](Cc1c[nH]c2ccccc12)C(=O)N[C@H](Cc1c[nH]c2ccccc12)NC=O,4
[n:1]1([CH2:7][C@H:8]([CH3:9])[OH:10])[c:2]([CH3:6])[n:3][cH:4][c:5]1[N+:11]([O-:12])=[O:13],4
CC1=NN(c2ccccc2)C(=O)C1,4
C[C@H](NCc1ccc(OCc2cccc(F)c2)cc1)C(N)=O,4
COc1cccc(N2CCN(C3=Nc4c(F)cccc4[C@H](CC(=O)[O-])N3c3cc(C(F)(F)F)ccc3OC)CC2)c1,4
COc1cc(N2CCC(N3CCN(C)CC3)CC2)ccc1Nc1ncc(Cl)c(Nc2ccccc2P(C)(C)=O)n1,4
CCN1CCN(Cc2ccc(Nc3ncc(F)c(-c4cc(F)c5nc(C)n(C(C)C)c5c4)n3)nc2)CC1,4
NC(=O)c1cccc2cn(-c3ccc([C@@H]4CCCNC4)cc3)nc12,4
CC#CC(=O)N1CCC[C@H]1c1nc(-c2ccc(C(=O)Nc3ccccn3)cc2)c2c(N)nccn12,4
C[C@@H](/C=C/[C@H](C)C(C)(C)O)[C@H]1CC[C@H]2/C(=C/C=C3C[C@@H](O)C[C@H](O)C3)CCC[C@]12C,4
COC(=O)c1ccc2c(c1)NC(=O)/C2=C(\Nc1ccc(N(C)C(=O)CN2CCN(C)CC2)cc1)c1ccccc1,4
O=C1CC[C@H](N2C(=O)c3ccccc3C2=O)C(=O)N1,4
CN1CCC[C@@H]1CCO[C@](C)(c1ccccc1)c1ccc(Cl)cc1,4
O=NN(CCCl)C(=O)NC1CCCCC1,4
CC(O)(P(=O)([O-])[O-])P(=O)([O-])[O-],4
CC(C)(Sc1cc(C(C)(C)C)c(O)c(C(C)(C)C)c1)Sc1cc(C(C)(C)C)c(O)c(C(C)(C)C)c1,4
C[C@]12CC[C@@H]3c4ccc(OS(=O)(=O)O)cc4CC[C@H]3[C@@H]1CCC2=O,4
NC[C@@H](CC(=O)[O-])c1ccc(Cl)cc1,4
O=C1Nc2ccc(Cl)cc2C(c2ccccc2Cl)=N[C@@H]1O,4
Cc1ccc(/C(=C\CN2CCCC2)c2ccccn2)cc1,4
CC(C)N(CC[C@@](C(N)=O)(c1ccccc1)c1ccccn1)C(C)C,4
CN(C)CCC=C1c2ccccc2C=Cc2ccccc21,4
CC/C(=C(\c1ccccc1)c1ccc(OCCN(C)C)cc1)c1ccccc1,4
C#C[C@]1(O)CC[C@H]2[C@@H]3CCC4=CC(=O)CC[C@@H]4[C@H]3CC[C@@]21CC,4
CCCCC1C(=O)N(c2ccccc2)N(c2ccccc2)C1=O,4
CN1CCC(=C2c3ccccc3CCc3cccnc32)CC1,4
CC1=C(C(=O)[O-])N2C(=O)[C@@H](NC(=O)[C@H](N)c3ccc(O)cc3)[C@H]2SC1,4
CC1=C(CC(=O)[O-])c2cc(F)ccc2/C1=C\c1ccc([S@](C)=O)cc1,4
C[C@]12C=CC(=O)C=C1[C@@H](F)C[C@@H]1[C@@H]2[C@@H](O)C[C@@]2(C)[C@H]1CC[C@]2(O)C(=O)CO,4
COCCc1ccc(OC[C@H](O)CNC(C)C)cc1,4
CC(C)C[C@H]1C(=O)N2CCC[C@H]2[C@]2(O)O[C@](NC(=O)[C@@H]3C=C4c5cccc6[nH]c(Br)c(c56)C[C@H]4N(C)C3)(C(C)C)C(=O)N12,4
CCCC(CCC)C(=O)[O-],4
CC(C)(C)NC[C@H](O)COc1nsnc1N1CCOCC1,4
COc1ccc2cc([C@H](C)C(=O)[O-])ccc2c1,4
COc1cc2nc(N3CCN(C(=O)c4ccco4)CC3)nc(N)c2cc1OC,4
C#C[C@]1(O)CC[C@H]2[C@@H]3CCC4=Cc5oncc5C[C@]4(C)[C@H]3CC[C@@]21C,4
Cc1ccc(C(=O)c2ccc(CC(=O)[O-])n2C)cc1,4
CC[C@@H]1C(=O)OC[C@@H]1Cc1cncn1C,4
O[C@@H]1CO[C@H]2[C@@H]1OC[C@@H]2O,4
CCc1c(C)[nH]c2c1C(=O)[C@H](CN1CCOCC1)CC2,4
CC(C)(C)NC[C@H](O)c1cc(O)cc(O)c1,4
CC1(C)S[C@@H]2[C@H](NC(=O)[C@H](N)c3ccc(O)cc3)C(=O)N2[C@H]1C(=O)[O-],4
O=[S@](O)CNc1ccc(S(=O)(=O)c2ccc(NC[S@](=O)O)cc2)cc1,4
CN(C)CCO[C@@H](c1ccc(Cl)cc1)c1ccccn1,4
CC(=O)[C@H]1CC[C@H]2[C@@H]3CCC4=CC(=O)CC[C@]4(C)[C@H]3CC[C@]12C,4
Nc1ccc(S(=O)(=O)Nc2ccnn2-c2ccccc2)cc1,4
CC1=C(C(=O)[O-])N2C(=O)[C@@H](NC(=O)[C@H](N)C3=CCC=CC3)[C@H]2SC1,4
C[C@H]1[C@H](c2ccccc2)OCCN1C,4
CCN(CC)CC#CCOC(=O)[C@](O)(c1ccccc1)C1CCCCC1,4
CN1CCN(C2=Nc3ccccc3Oc3ccc(Cl)cc32)CC1,4
CC(=O)O[C@H]1C[C@H](O[C@H]2[C@@H](O)C[C@H](O[C@H]3[C@@H](O)C[C@H](O[C@H]4CC[C@@]5(C)[C@H](CC[C@@H]6[C@@H]5CC[C@]5(C)[C@@H](C7=CC(=O)OC7)CC[C@]65O)C4)O[C@@H]3C)O[C@@H]2C)O[C@H](C)[C@H]1O,4
NC1=NC(=O)[C@@H](c2ccccc2)O1,4
C[C@@](Cc1ccc(O)c(O)c1)(NN)C(=O)[O-],4
CCn1ccc(NS(=O)(=O)c2ccc(N)cc2)nc1=O,4
C[C@H](C(=O)[O-])c1cccc(Oc2ccccc2)c1,4
C=CCC1(CC(C)C)C(=O)NC(=O)NC1=O,4
C[C@H]1C[C@H]2[C@@H]3CCC4=CC(=O)C=C[C@]4(C)[C@H]3C(=O)C[C@]2(C)[C@@]1(O)C(=O)CO,4
O=C1CN=C(c2ccccc2)c2cc(Cl)ccc2N1CC1CC1,4
CN1CC[C@]23c4c5ccc(O)c4O[C@H]2C(=O)CC[C@H]3[C@H]1C5,4
COc1ccc([C@@H]2Sc3ccccc3N(CCN(C)C)C(=O)[C@@H]2OC(C)=O)cc1,4
O=C1CN=C(c2ccccc2)c2cc(Cl)ccc2N1CC(F)(F)F,4
Cc1nnc2n1-c1ccc(Cl)cc1C(c1ccccc1)=NC2,4
COc1ncnc(NS(=O)(=O)c2ccc(N)cc2)c1OC,4
CN1CC[C@@H](CN2c3ccccc3Sc3ccccc32)C1,4
O=c1n(CCCN2CCN(c3cccc(Cl)c3)CC2)nc2ccccn12,4
NC(=[NH2+])NC(=O)c1nc(Cl)c(N)nc1N,4
O=C([O-])c1cc(-c2ccc(F)cc2F)ccc1O,4
Nc1nc2c(ncn2COCCO)c(=O)[nH]1,4
NC(=[NH2+])N/N=C\c1c(Cl)cccc1Cl,4
CC1=C(/C=C/C(C)=C/C=C/C(C)=C\C(=O)[O-])C(C)(C)CCC1,4
N=c1nc(N2CCCCC2)cc(N)n1O,4
O=C(C1CCCCC1)N1CC(=O)N2CCc3ccccc3[C@@H]2C1,4
Cc1nnc2n1-c1ccc(Cl)cc1C(c1ccccc1Cl)=NC2,4
CC(C)NC[C@@H](O)COc1cccc2[nH]ccc12,4
NC(N)=NC[C@@H]1COC2(CCCCC2)O1,4
CN1/C(=C(/O)Nc2ccccn2)C(=O)c2ccccc2S1(=O)=O,4
CCCCNc1cc(C(=O)[O-])cc(S(N)(=O)=O)c1Oc1ccccc1,4
C[C@@H]1Cc2ccccc2N1NC(=O)c1ccc(Cl)c(S(N)(=O)=O)c1,4
COc1cc([C@@H]2c3cc4c(cc3[C@@H](O[C@@H]3O[C@@H]5CO[C@@H](C)O[C@H]5[C@H](O)[C@H]3O)[C@H]3COC(=O)[C@H]23)OCO4)cc(OC)c1O,4
CN1CCC[C@H]1c1cccnc1,4
CN1C(=O)[C@@H](O)N=C(c2ccccc2)c2cc(Cl)ccc21,4
CNC(=NCc1ccccc1)NC,4
Cn1c(=O)c2[n-]cnc2n(C)c1=O,4
C[C@]12CC[C@@H]3c4ccc(OC(=O)N(CCCl)CCCl)cc4CC[C@H]3[C@@H]1CC[C@@H]2OP(=O)([O-])[O-],4
CC1(C)S[C@@H]2[C@H](NC(=O)C3(N)CCCCC3)C(=O)N2[C@H]1C(=O)[O-],4
CC(C)(C)NC[C@H](O)COc1cccc2c1C[C@H](O)[C@H](O)C2,4
N[C@@H](C(=O)N[C@@H]1C(=O)N2C(C(=O)[O-])=C(Cl)CS[C@H]12)c1ccccc1,4
C[C@@H](CN(C)C)CN1c2ccccc2CCc2ccccc21,4
Nc1ccc(S(=O)(=O)c2ccc(N)cc2)cc1,4
C[C@](N)(Cc1ccc(O)cc1)C(=O)[O-],4
O=c1[nH]c(=O)n([C@H]2C[C@H](O)[C@@H](CO)O2)cc1C(F)(F)F,4
Clc1ccc2c(c1)C(N1CCNCC1)=Nc1ccccc1O2,4
CCn1nc(C(=O)[O-])c(=O)c2cc3c(cc21)OCO3,4
Cc1ccc(Cl)c(Nc2ccccc2C(=O)[O-])c1Cl,4
CC[C@]1(c2ccc(N)cc2)CCC(=O)NC1=O,4
CNCCC[C@]12CC[C@H](c3ccccc31)c1ccccc12,4
CCOC(=O)O[C@@H](C)OC(=O)[C@@H]1N2C(=O)[C@@H](NC(=O)[C@H](N)c3ccccc3)[C@H]2SC1(C)C,4
C[C@@H](NCCc1ccc(O)cc1)[C@@H](O)c1ccc(O)cc1,4
CC(C)NC[C@H](O)COc1ccc(CC(N)=O)cc1,4
CC(C)(C)NC[C@@H](O)c1ccc(O)c(CO)c1,4
COc1ccc(CCN(C)CCC[C@@](C#N)(c2ccc(OC)c(OC)c2)C(C)C)cc1OC,4
Cc1ccc(C)c(OCCCC(C)(C)C(=O)[O-])c1,4
C[C@H](CS)C(=O)N1CCC[C@H]1C(=O)[O-],4
O=C1CN(/N=C/c2ccc(-c3ccc([N+](=O)[O-])cc3)o2)C(=O)N1,4
CC(C)Cc1ccc([C@@H](C)C(=O)[O-])cc1,4
COC(=O)Nc1nc2ccc(C(=O)c3ccccc3)cc2[nH]1,4
O=c1ncnc2[nH][nH]cc1-2,4
Cc1cc(NS(=O)(=O)c2ccc(N)cc2)no1,4
CCc1cc(C(N)=S)ccn1,4
NC(=O)OC[C@H](O)COc1ccc(Cl)cc1,4
CCOc1ccc2ccccc2c1NC(=O)[C@@H]1C(=O)N2[C@@H]1SC(C)(C)[C@@H]2C(=O)[O-],4
COc1cnc(NS(=O)(=O)c2ccc(N)cc2)nc1,4
NS(=O)(=O)c1cc(C(=O)[O-])c(NCc2ccco2)cc1Cl,4
C[N@+]12CC[C@H](CC1)[C@@H](OC(=O)C(O)(c1ccccc1)c1ccccc1)C2,4
Nc1nc(=S)c2[nH]cnc2[nH]1,4
CCOc1ccc2nc(S(N)(=O)=O)sc2c1,4
O=C(CCBr)N1CCN(C(=O)CCBr)CC1,4
COc1cc(C(=O)NCc2ccc(OCCN(C)C)cc2)cc(OC)c1OC,4
C#C[C@]1(OC(C)=O)CC[C@H]2[C@@H]3CCC4=C[C@@H](OC(C)=O)CC[C@@H]4[C@H]3CC[C@@]21C,4
CCOC(=O)C(C)(C)Oc1ccc(Cl)cc1,4
CCN(CC)CCOc1ccc(/C(=C(\Cl)c2ccccc2)c2ccccc2)cc1,4
O=C([O-])CNC(=O)c1ccccc1,4
CCC(=O)O[C@H]1[C@H](O[C@@H]2[C@@H](C)[C@H](O[C@H]3C[C@@](C)(OC)[C@@H](O)[C@H](C)O3)[C@@H](C)C(=O)O[C@H](CC)[C@@](C)(O)[C@H](O)[C@@H](C)C(=O)[C@H](C)C[C@@]2(C)O)O[C@H](C)C[C@@H]1N(C)C,4
OC(CCCN1CCCCC1)(c1ccccc1)c1ccccc1,4
c1ccc2[nH]c(-c3cscn3)nc2c1,4
Cc1cccc(Nc2ccccc2C(=O)[O-])c1C,4
O=C(CCCN1CCC(O)(c2ccc(Cl)cc2)CC1)c1ccc(F)cc1,4
CCOC(=O)CCC(=O)O[C@H]1[C@H](O[C@@H]2[C@@H](C)[C@H](O[C@H]3C[C@@](C)(OC)[C@@H](O)[C@H](C)O3)[C@@H](C)C(=O)O[C@H](CC)[C@@](C)(O)[C@H](O)[C@@H](C)C(=O)[C@H](C)C[C@@]2(C)O)O[C@H](C)C[C@@H]1N(C)C,4
O=C1Nc2ccc(Cl)cc2C(c2ccccc2)=N[C@H]1O,4
COc1ccc2c(c1)c(CC(=O)[O-])c(C)n2C(=O)c1ccc(Cl)cc1,4
CC1(C)S[C@@H]2[C@H](NC(=O)[C@H](N)c3ccccc3)C(=O)N2[C@H]1C(=O)[O-],4
CC[C@@H]1NC(=O)c2cc(S(N)(=O)=O)c(Cl)cc2N1,4
CN1C(=O)CN=C(c2ccccc2)c2cc(Cl)ccc21,4
Cc1ccc(O)c([C@H](CCN(C(C)C)C(C)C)c2ccccc2)c1,4
NS(=O)(=O)c1cc2c(cc1Cl)N[C@H]([C@@H]1C[C@@H]3C=C[C@H]1C3)NS2(=O)=O,4
CN[C@@H](C)[C@@H](O)c1ccccc1,4
CCn1cc(C(=O)[O-])c(=O)c2ccc(C)nc21,4
NCCCCCC(=O)[O-],4
Nc1nc(N)c2nc(-c3ccccc3)c(N)nc2n1,4
Cc1cc2cc3c(C)cc(=O)oc3c(C)c2o1,4
CN(C)[C@@H]1C(O)=C(C(N)=O)C(=O)[C@@]2(O)C(O)=C3C(=O)c4c(O)cccc4[C@@](C)(O)[C@H]3[C@H](O)[C@@H]12,4
N[C@@H]1CONC1=O,4
N[C@@H](Cc1ccc(N(CCCl)CCCl)cc1)C(=O)[O-],4
C[n+]1ccccc1/C=N\O,4
CO[C@@H]1[C@@H](OC(N)=O)[C@@H](O)[C@H](Oc2ccc3c(O)c(NC(=O)c4ccc(O)c(CC=C(C)C)c4)c(=O)oc3c2C)OC1(C)C,4
C[C@@H]1[C@H](O)[C@@H](C)/C=C/C=C/C=C/C=C/C=C/C=C/C=C/[C@H](O[C@@H]2O[C@H](C)[C@@H](O)[C@H](N)[C@@H]2O)C[C@@H]2O[C@](O)(C[C@@H](O)C[C@@H](O)[C@H](O)CC[C@@H](O)C[C@@H](O)CC(=O)O[C@H]1C)C[C@H](O)[C@H]2C(=O)[O-],4
CC[C@H]1OC(=O)[C@H](C)[C@@H](O[C@H]2C[C@@](C)(OC)[C@@H](O)[C@H](C)O2)[C@H](C)[C@@H](O[C@@H]2O[C@H](C)C[C@H](N(C)C)[C@H]2O)[C@](C)(O)C[C@@H](C)C(=O)[C@H](C)[C@@H](O)[C@]1(C)O,4
CCC[C@@H]1C[C@@H](C(=O)N[C@@H]([C@H]2O[C@H](SC)[C@H](O)[C@@H](O)[C@H]2O)[C@@H](C)O)N(C)C1,4
CNCCCN1c2ccccc2CCc2ccccc21,4
CNCCC=C1c2ccccc2CCc2ccccc21,4
CN1CCN(CC/C=C2/c3ccccc3Sc3ccc(S(=O)(=O)N(C)C)cc32)CC1,4
CNCCCC1c2ccccc2C=Cc2ccccc21,4
C1N2CN3CN1CN(C2)C3,4
Cc1c(-c2ccccc2)oc2c(C(=O)OCCN3CCCCC3)cccc2c1=O,4
[c:1]1([OH:48])[c:2]2[c:3](/[CH:43]=[N:45]/[N:46]3[CH2:40][CH2:39][N:47]([CH3:38])[CH2:42][CH2:41]3)[c:4]([OH:59])[c:10]3[c:5]4[c:6]([c:7]([CH3:14])[c:8]([OH:49])[c:9]13)[O:50][C@@:12]([CH3:13])([C:11]4=[O:51])[O:52]/[CH:29]=[CH:28]/[C@H:27]([O:53][CH3:37])[C@@H:26]([CH3:34])[C@@H:25]([O:54][C:35]([CH3:36])=[O:55])[C@H:24]([CH3:33])[C@H:23]([OH:56])[C@H:22]([CH3:32])[C@@H:21]([OH:57])[C@@H:20]([CH3:31])/[CH:19]=[CH:18]/[CH:17]=[C:16](/[CH3:30])[C:15](=[O:58])[NH:44]2,4
Cc1onc(-c2ccccc2Cl)c1C(=O)N[C@@H]1C(=O)N2[C@@H]1SC(C)(C)[C@@H]2C(=O)[O-],4
Nc1[nH]c(=O)ncc1F,4
CC1=C(C(=O)[O-])N2C(=O)[C@@H](NC(=O)[C@H](N)c3ccccc3)[C@H]2SC1,4
CC(=O)O[C@]1(C(C)=O)CC[C@H]2[C@@H]3C=C(C)C4=CC(=O)CC[C@]4(C)[C@H]3CC[C@@]21C,4
C[C@]12CCC(=O)C=C1CC[C@@H]1[C@@H]2CC[C@@]2(C)[C@H]1CC[C@]2(C)O,4
Cc1onc(-c2ccccc2)c1C(=O)N[C@@H]1C(=O)N2[C@@H]1SC(C)(C)[C@@H]2C(=O)[O-],4
NC(=O)c1cnccn1,4
Cn1c2nc(Cl)nc-2c(O)n(C)c1=O,4
O=C([O-])[C@H]1N=C(c2ccccc2)c2cc(Cl)ccc2NC1=O,4
CC1(C)S[C@@H]2[C@H](NC(=O)[C@@H](C(=O)Oc3ccc4c(c3)CCC4)c3ccccc3)C(=O)N2[C@H]1C(=O)[O-],4
CC(C)NC[C@@H](O)c1cc(O)cc(O)c1,4
Cc1ccccc1N1C(=O)c2cc(S(N)(=O)=O)c(Cl)cc2N[C@@H]1C,4
CC1=NS(=O)(=O)c2cc(Cl)ccc2N1,4
C#C[C@]1(OC(C)=O)CC[C@H]2[C@@H]3CCC4=CC(=O)CC[C@@H]4[C@H]3CC[C@@]21C,4
CCC[C@H](C)C1(CC)C(=O)NC(=O)NC1=O,4
COc1cc(Cc2cnc(N)nc2N)cc(OC)c1OC,4
CC/C(=C(/CC)c1ccc(O)cc1)c1ccc(O)cc1,4
Clc1cccc(Cl)c1N=C1NCCN1,4
CC1(C)S[C@@H]2[C@H](N3C(=O)[C@@H](c4ccccc4)NC3(C)C)C(=O)N2[C@H]1C(=O)[O-],4
CC(=O)OCC1=C(C(=O)[O-])N2C(=O)[C@@H](NC(=O)[C@H](N)c3ccccc3)[C@H]2SC1,4
CC(C)=CCN1CC[C@]2(C)c3cc(O)ccc3C[C@H]1[C@H]2C,4
N[C@@H](Cc1ccc(O)c(O)c1)C(=O)[O-],4
CC[C@@H](CO)NCCN[C@@H](CC)CO,4
CC(C)NC[C@H](O)COc1cccc2ccccc12,4
C=C(CC)C(=O)c1ccc(OCC(=O)[O-])c(Cl)c1Cl,4
C[C@@H](O)C(=O)OC1(c2ccc(Cl)cc2)CCN(CCCC(=O)c2ccc(F)cc2)CC1,4
Cc1onc(-c2c(Cl)cccc2Cl)c1C(=O)N[C@@H]1C(=O)N2[C@@H]1SC(C)(C)[C@@H]2C(=O)[O-],4
CC(=O)Nc1ccc(O)cc1,4
NC(=O)N1c2ccccc2C=Cc2ccccc21,4
CCC(=O)N(c1ccccc1)C1CCN(CCc2ccccc2)CC1,4
N[C@]12C[C@H]3C[C@H](C[C@H](C3)C1)C2,4
CNNCc1ccc(C(=O)NC(C)C)cc1,4
CC(=O)c1ccc2c(c1)N(CCCN1CCC(CCO)CC1)c1ccccc1S2,4
CO[C@H]1C[C@H](O[C@H]2[C@H](C)[C@@H](O[C@@H]3O[C@H](C)C[C@H](N(C)C)[C@H]3OC(C)=O)[C@@H](C)C[C@@]3(CO3)C(=O)[C@H](C)[C@@H](OC(C)=O)[C@@H](C)[C@@H](C)OC(=O)[C@@H]2C)O[C@@H](C)[C@@H]1OC(C)=O,4
C[C@]12C=CC(=O)C=C1CC[C@@H]1[C@@H]2CC[C@]2(C)OC(=O)CC[C@@H]12,4
CN(C)CC/C=C1/c2ccccc2COc2ccccc21,4
CCN(CC)CCN1C(=O)CN=C(c2ccccc2F)c2cc(Cl)ccc21,4
Clc1ccc([C@@H](c2ccccc2Cl)C(Cl)Cl)cc1,4
CC(C)(S)[C@@H](N)C(=O)[O-],4
CCC[C@@H]1C[C@@H](C(=O)N[C@@H]([C@H]2O[C@H](SC)[C@H](O)[C@@H](O)[C@H]2O)[C@H](C)Cl)N(C)C1,4
CN1CCCC[C@@H]1CCN1c2ccccc2Sc2ccc([S@@](C)=O)cc21,4
C[C@]12CC[C@H]3[C@@H](CC[C@@]45O[C@@H]4C(O)=C(C#N)C[C@]35C)[C@@H]1CC[C@@H]2O,4
COc1ccc(CN(CCN(C)C)c2ccccn2)cc1,4
O=C([O-])[C@H]1/C(=C/CO)O[C@@H]2CC(=O)N21,4
Nc1ccn([C@@H]2CS[C@H](CO)O2)c(=O)n1,4
CC(C)(C)NC(=O)[C@@H]1C[C@@H]2CCCC[C@@H]2CN1C[C@@H](O)[C@H](Cc1ccccc1)NC(=O)[C@H](CC(N)=O)NC(=O)c1ccc2ccccc2n1,4
Nc1nc2ccc(OC(F)(F)F)cc2s1,4
Nc1nc(/C(=C/CC(=O)[O-])C(=O)N[C@@H]2C(=O)N3C(C(=O)[O-])=CCS[C@H]23)cs1,4
NCCCC(O)(P(=O)([O-])[O-])P(=O)([O-])[O-],4
COc1c(C)c2c(c(O)c1C/C=C(\C)CCC(=O)OCCN1CCOCC1)C(=O)OC2,4
CC(C)[C@H](N)C(=O)OCCOCn1cnc2c(=O)[nH]c(N)nc21,4
C[C@@](O)(CS(=O)(=O)c1ccc(F)cc1)C(=O)Nc1ccc(C#N)c(C(F)(F)F)c1,4
CC(C)(C#N)c1cc(Cn2cncn2)cc(C(C)(C)C#N)c1,4
C[C@H]1O[C@H](O[C@H]2[C@H](O)[C@@H](O)[C@@H](O[C@H]3[C@H](O)[C@@H](O)[C@@H](O)O[C@@H]3CO)O[C@@H]2CO)[C@H](O)[C@@H](O)[C@@H]1N[C@H]1C=C(CO)[C@@H](O)[C@H](O)[C@H]1O,4
COc1cccc([C@]2(O)CCCC[C@@H]2CN(C)C)c1,4
O=C1C(=O)C([C@H]2CC[C@H](c3ccc(Cl)cc3)CC2)=C(O)c2ccccc21,4
O=C([O-])COCCN1CCN([C@@H](c2ccccc2)c2ccc(Cl)cc2)CC1,4
COC(=O)C1=C(C)NC(C)=C(C(=O)OCC(C)C)[C@@H]1c1ccccc1[N+](=O)[O-],4
CCOC(=O)[C@H](CCc1ccccc1)N[C@@H](C)C(=O)N1Cc2cc(OC)c(OC)cc2C[C@H]1C(=O)[O-],4
COc1ccccc1OCCNC[C@@H](O)COc1cccc2[nH]c3ccccc3c12,4
CC[C@H]1OC(=O)[C@H](C)[C@H](O[C@H]2C[C@@](C)(OC)[C@@H](O)[C@H](C)O2)[C@H](C)[C@@H](O[C@@H]2O[C@H](C)C[C@H](N(C)C)[C@H]2O)[C@](C)(O)C[C@H](C)[C@@H]2N[C@@H](COCCOC)O[C@H]([C@H]2C)[C@]1(C)O,4
CCCCc1nc(Cl)c(CO)n1Cc1ccc(-c2ccccc2-c2nn[nH]n2)cc1,4
Cc1cc2c(s1)=Nc1ccccc1NC=2N1CCN(C)CC1,4
CC[C@H](C)[C@H]1O[C@]2(CC[C@@H]1C)C[C@@H]1C[C@@H](C/C=C(\C)[C@@H](O[C@H]3C[C@H](OC)[C@@H](O[C@H]4C[C@H](OC)[C@@H](O)[C@H](C)O4)[C@H](C)O3)[C@@H](C)/C=C/C=C3\CO[C@@H]4[C@H](O)C(C)=C[C@@H](C(=O)O1)[C@]34O)O2,4
C[C@@H]1CN(c2c(F)c(N)c3c(=O)c(C(=O)[O-])cn(C4CC4)c3c2F)C[C@H](C)N1,4
COCCCC/C(=N\OCCN)c1ccc(C(F)(F)F)cc1,4
Cc1cn([C@H]2C=C[C@@H](CO)O2)c(=O)[nH]c1=O,4
Nc1nnc(-c2cccc(Cl)c2Cl)c(N)n1,4
CC(=O)OCC(CCn1cnc2cnc(N)nc21)COC(C)=O,4
CCCCN(CCCC)CC[C@@H](O)c1cc2c(Cl)cc(Cl)cc2c2cc(C(F)(F)F)ccc12,4
CC[C@H](C)n1ncn(-c2ccc(N3CCN(c4ccc(OC[C@H]5CO[C@](Cn6cncn6)(c6ccc(Cl)cc6Cl)O5)cc4)CC3)cc2)c1=O,4
CCn1cc(C(=O)[O-])c(=O)c2cc(F)c(N3CCN[C@H](C)C3)c(F)c21,4
Nc1c2c(nc3ccccc13)CCCC2,4
Cc1cccc(Nc2ccncc2S(=O)(=O)NC(=O)NC(C)C)c1,4
NCC1(CC(=O)[O-])CCCCC1,4
COc1ccc([C@@H](CN(C)C)C2(O)CCCCC2)cc1,4
CCC[C@H](N[C@@H](C)C(=O)N1[C@H](C(=O)[O-])C[C@@H]2CCCC[C@@H]21)C(=O)OCC,4
CC(C)n1c(/C=C/[C@H](O)C[C@H](O)CC(=O)[O-])c(-c2ccc(F)cc2)c2ccccc21,4
NC(=O)OCC(COC(N)=O)c1ccccc1,4
Cc1nc2n(c(=O)c1CCN1CCC(c3noc4cc(F)ccc34)CC1)CCCC2,4
Nc1nc(Cl)nc2c1ncn2[C@H]1C[C@H](O)[C@@H](CO)O1,4
CC[C@H](OC(C)=O)C(C[C@H](C)N(C)C)(c1ccccc1)c1ccccc1,4
CC(C)OC(=O)C(C)(C)Oc1ccc(C(=O)c2ccc(Cl)cc2)cc1,4
C[C@@H](N)[C@]12C[C@H]3C[C@H](C[C@H](C3)C1)C2,4
CCOC(=O)N1CCC(=C2c3ccc(Cl)cc3CCc3cccnc32)CC1,4
Cc1ccc(/C(=C\CN2CCCC2)c2cccc(/C=C/C(=O)[O-])n2)cc1,4
CCc1nn(CCCN2CCN(c3cccc(Cl)c3)CC2)c(=O)n1CCOc1ccccc1,4
C=CC[C@@H]1/C=C(\C)C[C@H](C)C[C@H](OC)[C@H]2O[C@@](O)(C(=O)C(=O)N3CCCC[C@H]3C(=O)O[C@H](/C(C)=C/[C@@H]3CC[C@@H](O)[C@H](OC)C3)[C@H](C)[C@@H](O)CC1=O)[C@H](C)C[C@@H]2OC,4
CCCSc1ccc2nc(NC(=O)OC)[nH]c2c1,4
CC[C@@]1(O)C(=O)OCc2c1cc1n(c2=O)Cc2cc3c(CN(C)C)c(O)ccc3nc2-1,4
CC(C)(C)NC(=O)[C@@H]1CN(Cc2cccnc2)CCN1C[C@@H](O)C[C@@H](Cc1ccccc1)C(=O)N[C@H]1c2ccccc2C[C@H]1O,4
O=C(c1ccc(OCCN2CCCCC2)cc1)c1c(-c2ccc(O)cc2)sc2cc(O)ccc12,4
COCc1c(C(C)C)nc(C(C)C)c(/C=C/[C@@H](O)C[C@@H](O)CC(=O)[O-])c1-c1ccc(F)cc1,4
CCCCC1=NC2(CCCC2)C(=O)N1Cc1ccc(-c2ccccc2-c2nn[nH]n2)cc1,4
CN(C)CCc1c[nH]c2ccc(C[C@H]3COC(=O)N3)cc12,4
COC(=O)[C@H](c1ccccc1Cl)N1CCc2sccc2C1,4
CN(C)CCOc1ccc(/C(=C(/CCCl)c2ccccc2)c2ccccc2)cc1,4
N#Cc1ccc(C(c2ccc(C#N)cc2)n2cncn2)cc1,4
O=P([O-])([O-])C(Sc1ccc(Cl)cc1)P(=O)([O-])[O-],4
CCCN(CCC)CCc1cccc2c1CC(=O)N2,4
CCCCc1ncc(/C=C(\Cc2cccs2)C(=O)[O-])n1Cc1ccc(C(=O)[O-])cc1,4
OCCOCCN1CCN(C2=Nc3ccccc3Sc3ccccc32)CC1,4
Cc1c(F)c(N2CCN[C@@H](C)C2)cc2c1c(=O)c(C(=O)[O-])cn2C1CC1,4
O=C1CN2Cc3c(ccc(Cl)c3Cl)N=C2N1,4
CC(C)Nc1cccnc1N1CCN(C(=O)c2cc3cc(NS(C)(=O)=O)ccc3[nH]2)CC1,4
N[C@H]1[C@H]2CN(c3nc4c(cc3F)c(=O)c(C(=O)[O-])cn4-c3ccc(F)cc3F)C[C@@H]12,4
CC(C)(O)c1ccccc1CC[C@@H](SCC1(CC(=O)[O-])CC1)c1cccc(/C=C/c2ccc3ccc(Cl)cc3n2)c1,4
C[C@H](CCc1ccccc1)NC[C@H](O)c1ccc(O)c(C(N)=O)c1,4
CNS(=O)(=O)CCc1ccc2[nH]cc(C3CCN(C)CC3)c2c1,4
CCCc1nc2c(C)cc(-c3nc4ccccc4n3C)cc2n1Cc1ccc(-c2ccccc2C(=O)[O-])cc1,4
O=P([O-])([O-])C(O)(Cc1cccnc1)P(=O)([O-])[O-],4
Cc1ccsc1C(=CCCN1CCC[C@@H](C(=O)[O-])C1)c1sccc1C,4
C=CC1=C(C(=O)[O-])N2C(=O)[C@@H](NC(=O)/C(=N\O)c3csc(N)n3)[C@H]2SC1,4
CC1(C)O[C@@H]2[C@@H](CO[C@@]3(COS(N)(=O)=O)OC(C)(C)O[C@@H]23)O1,4
CCOc1ccccc1OCCN[C@H](C)Cc1ccc(OC)c(S(N)(=O)=O)c1,4
CCCCC(=O)N(Cc1ccc(-c2ccccc2-c2nn[nH]n2)cc1)[C@H](C(=O)[O-])C(C)C,4
COc1cc2c(cc1OC)C(=O)[C@@H](CC1CCN(Cc3ccccc3)CC1)C2,4
COc1ccc(OC)c([C@@H](O)CNC(=O)CN)c1,4
CC(C)c1c(C(=O)Nc2ccccc2)c(-c2ccccc2)c(-c2ccc(F)cc2)n1CC[C@@H](O)C[C@@H](O)CC(=O)[O-],4
C=CCN1C[C@H](C(=O)N(CCCN(C)C)C(=O)NCC)C[C@@H]2c3cccc4[nH]cc(c34)C[C@H]21,4
COc1cc(C(=O)NS(=O)(=O)c2ccccc2C)ccc1Cc1cn(C)c2ccc(NC(=O)OC3CCCC3)cc12,4
C[C@@H]1O[C@@H]1P(=O)([O-])[O-],4
COc1cc(C)c(/C=C/C(C)=C/C=C/C(C)=C/C(=O)[O-])c(C)c1C,4
CN1CCN2c3ncccc3Cc3ccccc3[C@H]2C1,4
C#C[C@]1(O)CC[C@H]2[C@@H]3CCc4cc(OC5CCCC5)ccc4[C@H]3CC[C@@]21C,4
C[C@@H](c1cc2ccccc2s1)N(O)C(N)=O,4
Clc1ccc2nsnc2c1NC1=NCCN1,4
Cc1ccnc2c1NC(=O)c1cccnc1N2C1CC1,4
O=S(=O)(O)O[C@@H]1[C@@H](OS(=O)(=O)O)[C@H](O[C@@H]2CO[C@@H](O)[C@H](OS(=O)(=O)O)[C@H]2S(=O)(=O)O)OC[C@H]1O,4
CCOC(=O)[C@H](CCc1ccccc1)N[C@@H](C)C(=O)N1[C@H](C(=O)[O-])C[C@H]2CCCC[C@@H]21,4
CC(C)(C(=O)[O-])c1ccc([C@H](O)CCCN2CCC(C(O)(c3ccccc3)c3ccccc3)CC2)cc1,4
CC(C)c1nc(CN(C)C(=O)N[C@H](C(=O)N[C@@H](Cc2ccccc2)C[C@H](O)[C@H](Cc2ccccc2)NC(=O)OCc2cncs2)C(C)C)cs1,4
CCCN[C@H]1CCc2nc(N)sc2C1,4
Cc1c(O)cccc1C(=O)N[C@@H](CSc1ccccc1)[C@H](O)CN1C[C@H]2CCCC[C@H]2C[C@H]1C(=O)NC(C)(C)C,4
O=C([O-])CCc1nc(-c2ccccc2)c(-c2ccccc2)o1,4
O=C([O-])CCCc1ccccc1,4
C#C[C@]1(O)CC[C@H]2[C@@H]3CCC4=CCCC[C@@H]4[C@H]3C(=C)C[C@@]21CC,4
COc1cc2nc(N3CCN(C(=O)[C@@H]4CCCO4)CC3)nc(N)c2cc1OC,4
NCCCC[C@H](N[C@@H](CCc1ccccc1)C(=O)[O-])C(=O)N1CCC[C@H]1C(=O)[O-],4
CO/N=C(\C(=O)N[C@@H]1C(=O)N2C(C(=O)O[C@H](C)OC(C)=O)=C(COC(N)=O)CS[C@H]12)c1ccco1,4
O=S(=O)(O)CCS,4
CC[C@H](C)C(=O)O[C@H]1C[C@@H](C)C=C2C=C[C@H](C)[C@H](CC[C@@H]3C[C@@H](O)CC(=O)O3)[C@H]21,4
Cc1cn([C@H]2C[C@H](N=[N+]=[N-])[C@@H](CO)O2)c(=O)[nH]c1=O,4
CC(C)(C)NC[C@H](O)COc1ccccc1C1CCCC1,4
O=C([O-])c1cn(C2CC2)c2cc(N3CCNCC3)c(F)cc2c1=O,4
CNCC[C@@H](Oc1ccc(C(F)(F)F)cc1)c1ccccc1,4
C[C@@H](C(=O)[O-])c1ccc2c(c1)[nH]c1ccc(Cl)cc12,4
CC(C)(C)NC[C@@H](O)COc1cccc2c1CCC(=O)N2,4
C[C@@H](N/C(=N/C#N)Nc1ccncc1)C(C)(C)C,4
O=C([O-])Cc1ccccc1Nc1c(Cl)cccc1Cl,4
COC(=O)C1=C(C)NC(C)=C(C(=O)OCCN(C)Cc2ccccc2)[C@H]1c1cccc([N+](=O)[O-])c1,4
C[C@@H](S)C(=O)NCC(=O)[O-],4
CCCN1C[C@H](CSC)C[C@@H]2c3cccc4[nH]cc(c34)C[C@H]21,4
Nc1nc(=O)c2ncn(COC(CO)CO)c2[nH]1,4
CCCNC[C@H](O)COc1ccccc1C(=O)CCc1ccccc1,4
O[C@@H](c1cc(C(F)(F)F)nc2c(C(F)(F)F)cccc12)[C@H]1CCCCN1,4
O=C(c1ccccc1)c1ccc2n1CC[C@@H]2C(=O)[O-],4
C#CCN(C)[C@H](C)Cc1ccccc1,4
O=C1CC2(CCCC2)CC(=O)N1CCCCN1CCN(c2ncccn2)CC1,4
CCCCCCCCCCCCCCCC(=O)O[C@@H]1[C@@H](O)[C@@H](O)[C@@H]([C@H](NC(=O)[C@@H]2C[C@@H](CCC)CN2C)[C@H](C)Cl)O[C@@H]1SC,4
C[C@H](C(=O)[O-])c1cccc(C(=O)c2ccccc2)c1,4
CCn1cc(C(=O)[O-])c(=O)c2cc(F)c(N3CCNCC3)cc21,4
O=C1CC[C@@]2(O)[C@H]3Cc4ccc(O)c5c4[C@@]2(CCN3CC2CC2)[C@H]1O5,4
CC(=O)CCCCn1c(=O)c2c(ncn2C)n(C)c1=O,4
Cc1cccc(C)c1NC(=O)[C@@H](C)N,4
CCCC(=O)Nc1ccc(OC[C@H](O)CNC(C)C)c(C(C)=O)c1,4
CC(C)NC[C@H](O)COc1ccc(COCCOC(C)C)cc1,4
O=c1[nH]c2ccccc2n1C1CCN(CCCC(c2ccc(F)cc2)c2ccc(F)cc2)CC1,4
C[C@@H](NC(C)(C)C)C(=O)c1cccc(Cl)c1,4
Fc1ccccc1C1=NCC(=S)N(CC(F)(F)F)c2ccc(Cl)cc21,4
NC(=O)c1ncn([C@@H]2O[C@H](CO)[C@@H](O)[C@H]2O)n1,4
CC(C)NC[C@@H](O)COc1ccc(CCOCC2CC2)cc1,4
Cc1ncc2n1-c1ccc(Cl)cc1C(c1ccccc1F)=NC2,4
CCOC(=O)[C@H](CCc1ccccc1)N[C@@H](C)C(=O)N1CCC[C@H]1C(=O)[O-],4
CCCCc1oc2ccccc2c1C(=O)c1cc(I)c(OCCN(CC)CC)c(I)c1,4
Cc1cccc(C)c1OC[C@H](C)N,4
O=C(NC[C@@H]1CCCCN1)c1cc(OCC(F)(F)F)ccc1OCC(F)(F)F,4
CCOC(=O)/C=C(C)/C=C/C=C(C)/C=C/c1c(C)cc(OC)c(C)c1C,4
NC(N)=NC(=O)Cc1c(Cl)cccc1Cl,4
CC(C)/N=c1\cc2n(-c3ccc(Cl)cc3)c3ccccc3nc-2cc1Nc1ccc(Cl)cc1,4
C[C@H](C(=O)[O-])c1ccc(-c2ccccc2)c(F)c1,4
C#C[C@]1(OC(C)=O)CC[C@H]2[C@@H]3CCC4=C/C(=N/O)CC[C@@H]4[C@H]3CC[C@@]21CC,4
NC[C@H]1CC[C@H](C(=O)[O-])CC1,4
C=CC1=C(C(=O)[O-])N2C(=O)[C@@H](NC(=O)/C(=N\OCC(=O)[O-])c3csc(N)n3)[C@H]2SC1,4
CN(C/C=C/C#CC(C)(C)C)Cc1cccc2ccccc12,4
CC[C@H]1OC(=O)[C@H](C)[C@@H](O[C@H]2C[C@@](C)(OC)[C@@H](O)[C@H](C)O2)[C@H](C)[C@@H](O[C@@H]2O[C@H](C)C[C@H](N(C)C)[C@H]2O)[C@](C)(OC)C[C@@H](C)C(=O)[C@H](C)[C@@H](O)[C@]1(C)O,4
CCOC(=O)[C@H](CCc1ccccc1)N[C@H]1CCc2ccccc2N(CC(=O)[O-])C1=O,4
CCC(C)(C)C(=O)O[C@H]1C[C@@H](C)C=C2C=C[C@H](C)[C@H](CC[C@@H]3C[C@@H](O)CC(=O)O3)[C@H]21,4
CCn1cc(C(=O)[O-])c(=O)c2cc(F)c(N3CCNCC3)nc21,4
CN[C@H]1CC[C@@H](c2ccc(Cl)c(Cl)c2)c2ccccc21,4
CC[C@H](C)C(=O)O[C@H]1C[C@H](O)C=C2C=C[C@H](C)[C@H](CC[C@@H](O)C[C@@H](O)CC(=O)[O-])[C@H]21,4
N[C@@H](C(=O)N[C@@H]1C(=O)N2C(C(=O)[O-])=C(Cl)CC[C@H]12)c1ccccc1,4
CCc1cccc2c3c([nH]c12)[C@@](CC)(CC(=O)[O-])OCC3,4
C/C=C/C1=C(C(=O)[O-])N2C(=O)[C@@H](NC(=O)[C@H](N)c3ccc(O)cc3)[C@H]2SC1,4
Nc1ccn([C@H]2CC[C@@H](CO)O2)c(=O)n1,4
Nc1nc(F)nc2c1ncn2[C@@H]1O[C@H](COP(=O)([O-])[O-])[C@@H](O)[C@@H]1O,4
Cc1ccc(-c2nc3ccc(C)cn3c2CC(=O)N(C)C)cc1,4
CC(C)(C)NC(=O)[C@H]1CC[C@H]2[C@@H]3CC[C@H]4NC(=O)C=C[C@]4(C)[C@H]3CC[C@]12C,4
CNS(=O)(=O)Cc1ccc2[nH]cc(CCN(C)C)c2c1,4
CCOC(=O)C1=C(COCCN)NC(C)=C(C(=O)OC)[C@@H]1c1ccccc1Cl,4
CN1CCN(C2=c3ccccc3=Nc3ccc(Cl)cc3N2)CC1,4
COCC1=C(C(=O)O[C@H](C)OC(=O)OC(C)C)N2C(=O)[C@@H](NC(=O)/C(=N\OC)c3csc(N)n3)[C@H]2SC1,4
CO[C@H]1/C=C/O[C@@]2(C)Oc3c(C)c(O)c4c(c3C2=O)C2=NC3(CCN(CC(C)C)CC3)NC2=C(NC(=O)/C(C)=C\C=C\[C@H](C)[C@H](O)[C@@H](C)[C@@H](O)[C@@H](C)[C@H](OC(C)=O)[C@@H]1C)C4=O,4
Fc1ccc([C@@H]2CCNC[C@H]2COc2ccc3c(c2)OCO3)cc1,4
CC(C)NC[C@H](O)c1ccc(NS(C)(=O)=O)cc1,4
O=c1nc[nH]c2c1ncn2[C@H]1CC[C@@H](CO)O1,4
CCOC(=O)C1=C(C)NC(C)=C(C(=O)OC)[C@@H]1c1cccc(Cl)c1Cl,4
CC(C)COC[C@H](CN(Cc1ccccc1)c1ccccc1)N1CCCC1,4
c1ccc([C@H]2CN3CCSC3=N2)cc1,4
CC(C)NCCCC1(C(N)=O)c2ccccc2-c2ccccc21,4
COC(=O)C1=C(C)NC(C)=C(C(=O)OC(C)C)[C@H]1c1cccc2nonc12,4
O=C([O-])[C@@H](S)[C@@H](S)C(=O)[O-],4
OC(Cn1cncn1)(Cn1cncn1)c1ccc(F)cc1F,4
Clc1ccc2c(c1)C(c1ccccc1)=NCc1nncn1-2,4
COc1cc2nc(N3CCN(C(=O)[C@H]4COc5ccccc5O4)CC3)nc(N)c2cc1OC,4
C[C@@H]1COc2c(N3CCN(C)CC3)c(F)cc3c(=O)c(C(=O)[O-])cn1c23,4
Nc1ccc(/N=N/c2ccccc2)c(N)n1,4
CN(C)c1nc(N(C)C)nc(N(C)C)n1,4
CN(C)CCCN1c2ccccc2CCc2ccc(Cl)cc21,4
CCOC(=O)Nc1ccc2c(c1)N(C(=O)CCN1CCOCC1)c1ccccc1S2,4
CCOC(=O)[C@H](CCc1ccccc1)N[C@@H](C)C(=O)N1[C@H](C(=O)[O-])C[C@@H]2CCC[C@@H]21,4
CC[C@H]1OC(=O)[C@H](C)[C@@H](O[C@H]2C[C@@](C)(OC)[C@@H](O)[C@H](C)O2)[C@H](C)[C@@H](O[C@@H]2O[C@H](C)C[C@H](N(C)C)[C@H]2O)[C@](C)(O)C[C@@H](C)CN(C)[C@H](C)[C@@H](O)[C@]1(C)O,4
Clc1ccccc1CN1CCc2sccc2C1,4
CCOC(=O)[C@H](CCc1ccccc1)N[C@@H](C)C(=O)N1Cc2ccccc2C[C@H]1C(=O)[O-],4
CCC(=O)O[C@@H](O[P@](=O)(CCCCc1ccccc1)CC(=O)N1C[C@H](C2CCCCC2)C[C@H]1C(=O)[O-])C(C)C,4
COc1ccc2cc(CCC(C)=O)ccc2c1,4
COc1ccc(C(=O)C2CC2)cc1,0
O=C1Cc2cnc(Nc3ccc([N+](=O)[O-])cc3)nc2-c2ccccc2N1,0
CC(=O)NCc1ccc(N2CCN(c3nnc(Cc4ccccc4)c4ccccc34)CC2)nc1,0
Oc1ccccc1N(O)O,0
C=CCCCN1CC[C@H](NC(=O)CCCn2cccc2)[C@H](O)C1,0
NCc1cccc(C(O)O)c1,0
CCC(=O)O,0
CC(C)(N)c1ccc(O)cc1,0
CC#CCCCC(=O)N[C@@H]1CCN(C(=O)c2cccc(Cl)c2)[C@@H]1C,0
Cc1ccc(CCCO)c(NCc2ccc3nc(NCCCN4CCOCC4)n(Cc4nc(C)ccc4O)c3c2)c1,0
C=C(C)CN1CCC[C@H](NC(=O)c2c(Cl)nn(C)c2C)CC1,0
C=CCN(CC=C)C(=O)CN1CCC(NC(=O)C2[C@@H]3CCC[C@@H]23)CC1,0
O=C(Nc1ccc(-c2nc3ccccc3[nH]2)cc1)c1cncc(Br)c1,0
CN[C@H](Cc1ccccc1)C(=O)N1CCC[C@H]1C(=O)NC(CCCN=C(N)N)C(=O)c1nc2ccccc2n1C,0
CC1=C2C=C(C=CC(C)C=CC1)CC2=O,0
CCc1ccc(C=CC(C)=O)cc1,0
CCCCCCOCCO,0
CSC[C@](C)(C#N)NC(=O)CCc1ccnc2ccccc12,0
CCCC[C@@H](/C=N/NC(=O)N1CCOCC1)NC(=O)O[C@H](Cc1ccccc1)C(C)C,0
CC12OC(=O)C1(C(O)CO)CC(O)S2(=O)=O,0
CCCCCCC(=O)OCC,0
COC(=O)NCCCCCCN,0
CCNC(=O)N1CCOCC1,0
C=C1C=CCCC(C)CC(O)C=C1,0
COC[C@@H]1CCN(c2nnc(-c3ccc(C#N)cc3)n2C[C@H]2CC2(C)C)C1,0
NCc1nc(CN2CCN(C(=O)c3cccc4ccccc34)Cc3ccccc32)c[nH]1,0
CNc1nc2ccccc2s1,0
CC(O)CC1COC(C(C)C(C)(C)CCN)O1,0
CCC(O)C(O)c1ccccc1,0
CC(C)(N)C(=O)N[C@H](COCc1ccccc1)c1nnn(Cc2ccccc2NS(C)(=O)=O)n1,0
COC(CN)c1ccccc1,0
CC(C)[C@H](CO)NCC(=O)N(C)C1(C#N)CCCCC1,0
O=C(N[C@H]1CCc2cc(F)cc(F)c2NC1=O)c1n[nH]c(Cc2ccccc2)n1,0
Cn1c([N+](=O)[O-])cnc1/C=C/c1ccc(Br)cc1,0
C=C[C@@H](C)NC(=O)[C@@H](CC(C)C)C(N)=O,0
C=C(C)CN[C@H]1CCC[C@@H](NC(=O)c2ccc(OC)cc2)C1,0
CC(=NC(CN)C1CN=C(N)C(=O)N1)NC=N,0
CC[C@]1(C)CN(c2ccc(C#N)c(N3CCO[C@](C)(CC)C3)n2)CCO1,0
Cc1cc(C#N)nc(N[C@@H](CO)CNC(=O)c2cc(Cl)no2)n1,0
c1nc2cc(-c3nnc(CCc4ccc5c(c4)OCO5)s3)ccc2[nH]1,0
CC[C@H](F)C(=O)N1C[C@@H](C)[C@H](NC(=O)c2ccc(C#N)[nH]2)C1,0
CCc1nc(-c2cccc(C)c2)c(-c2ccncc2)s1,0
COc1cc2cc(C(=O)N3C[C@H]4C[C@@]45C3=CC(=O)c3[nH]c(C)c(C(=O)N4CCN(C)CC4)c35)[nH]c2c(OC)c1OC,0
CS(=O)(=O)N1CCN(c2ccc(C[C@@H](C#N)NC(=O)[C@H]3N[C@@H]4CC[C@H]3C4)cc2)CC1,0
O=C(O)CC(c1ccc(OCC2COc3ccc(Cl)cc3O2)cc1)c1cnco1,0
CNCCOc1cccc(Cl)c1Cl,0
CCNC(=O)OC1CCCCC1,0
CC(CN)CN=C1NCC(N)CC1C(N)CN,0
CC1=CS(=O)(=O)C2CCC2N2C1CCS2(=O)=O,0
CCNC=NCc1nc(C)c(NC=N)cc1I,0
C#CCCCC(=O)N1C[C@H](O)[C@@H](N(C)C(=O)C[C@H]2CCCC(=O)N2)C1,0
CC(CC1=N[C@H](c2ccccc2)[C@H](c2ccccc2)N1)c1ccccc1,0
CC(=O)NCCCCCCCCN,0
O=C1c2cccc3cc4ccccc4c(c23)C(=O)N1c1ncc[nH]1,0
C=C1Oc2cc3c(cc2C(CCCC)C1=C)OCO3,0
Cc1c[nH]c2ccccc12,0
CC(=O)C(C)C,0
CCOc1ccc(-c2nnc(N3CC[C@@](F)(C#N)C3)n2C2CC2)cc1OC,0
CC(C)c1csc([C@H](C#N)C(=O)[C@H](C)NC(=O)c2cccc(Cl)c2Cl)n1,0
CC1(O)C(OCCN)C2(O)CCCOC12,0
COC(=O)c1ccc(O)cc1OC,0
CC1(C)C[C@@]1(C#N)NS(=O)(=O)CCc1ccc(Cl)cc1,0
CC(C(=N)N)n1nc(N)c2c(I)c(O)ncc21,0
CCN=c1[nH]cc2c(=NC)[nH]c(C)c(C)cc1-2,0
CCCCCCCCCC(=O)OC,0
OC[C@H](c1ccccc1)[C@H]1CCCCN1CCCc1ccccc1,0
COCc1nnc(-c2ccc(-c3ccccc3OC)cc2)n1-c1ccc(OC)nc1,0
CC(C)N1CC(=NNS(=O)(=O)c2cn(C)c(=O)n(C)c2=O)[C@@H](C)C1,0
CCC(=O)C=Cc1ccccc1,0
CC1=NC2CCN(C)C(C#N)C2(N)CO1,0
CN1C(=O)CC2C1CC1C(O)C21CN=CN,0
C=CCN(CC=C)C(=O)CNCCNC(=O)CN1CCC[C@H]1C,0
Cc1nn2c(N)cc(O)ccc(CO)nc2o1,0
CC(C)CO[C@@H]1CCN(c2nnc(COc3ccc(C#N)cc3)n2C[C@H]2CCO[C@@H]2C(C)C)C1,0
CC1CC2(N(C)C)CC(C=O)C3N1C32C,0
CC(=O)Nc1csc2ccccc12,0
CCNC(C)Cc1ccccc1,0
CC[C@@H]1CCCN1c1nnc([C@@]2(C#N)CC23CCCC3)n1CCOC,0
O=C(O)CC(c1ccc2c(c1)OCO2)N1CCc2cc(Oc3cccc4c3nc3n4CCCN3)ccc2C1=O,0
CCN1CCC(C(N)=O)CC1,0
Cc1cccc(COc2cccc(NC(=O)NCc3ccc(OCC#N)cc3)c2)c1,0
Cc1cc(-c2cc(C#N)ccc2C)cc(=O)o1,0
CC(C)(C)c1ccccc1O,0
C=CCN1CC[C@H](N[C@@H](C(=O)O)C(C)C)C1=O,0
OC=NC(O)(O)c1ccccc1,0
COC(=O)CCCCC(=O)OC,0
C=C(C)C[C@H](C)C(=O)N1CC[C@H](NCc2cn(C(C)C)nn2)[C@@H]1C,0
N#Cc1cn(-c2ccc3cnn([C@H]4CCCCO4)c3c2)c2ccc(N)cc12,0
COc1cccc(/C(=C/CNC(=O)C2CCC2)c2ccccc2)c1,0
Cc1c[nH]nc1C(=O)N1C[C@H](O)[C@H](NC(=O)CSCC#N)C1,0
Cc1sc2nc(CS[C@@H](C)C(=O)[C@H](C#N)c3nnc4n3CCCCC4)nc(O)c2c1C,0
C=CCn1c(SCC(=O)Nc2ccc(C)c(C)c2)nnc1[C@@H](NC(=O)c1cccc(C)c1)C(C)C,0
COCCCN,0
CC1CCOCCC2(CN=C(N)C(O)C2N)O1,0
O=C(O)CCNC(=O)C(=O)O,0
CC1C=C(C(=O)O)C2C1OC1C(=O)C2C1C,0
COc1cccc(CN(CCN(C)C)C(=O)c2cccc(COc3cccc(C#N)c3)c2)c1,0
Cc1ccc2cc(C(=O)O)[nH]c2c1,0
NC(=O)Oc1ccccc1,0
CCCCNCc1cccc(F)c1,0
CCCCCCCCC(=O)Cl,0
O=C(/C=C/c1ccc(O)cc1)Nc1ccc(Cl)cc1,0
NS(=O)(=O)c1ccc(-n2nnc(C(=O)O)c2-c2ccc(Br)cc2)cc1,0
C=CCn1c([C@@H]2CCCO2)nnc1N1CCN(c2cccc(C)c2)CC1,0
C[C@H]1C[C@@H](NC(=O)C#CC2CC2)CCN1C(=O)c1ccsn1,0
N#CC1(CS(=O)(=O)NC(=O)c2ccc(C(=O)O)cc2)CCCC1,0
C=C(C(=O)N[C@@H]1CCc2nc(NC(=O)c3ccc4c(c3)COC4)sc2C1)C(F)(F)F,0
Cc1nccc(C(=O)N[C@H]2CCN(Cc3ccc(C#N)cc3)C[C@H]2C)n1,0
CCn1c(=O)n(CC(C)C)c(=O)c2[nH]c(-c3cnn(Cc4cccc(C(F)(F)F)c4)c3)nc21,0
C#CCOCCC(=O)N(C1CC1)[C@@H](C)[C@H](C)CC,0
CC12CC1(O)C(=NO)C1(CN2)CC1C=O,0
C#CCN(CC1CC1)Cn1nc2c(cc1=O)Cc1ccccc1-2,0
COc1ccc(CC(=O)N2CCCC23CN(C(=O)c2ccc(F)c(C)c2N)C3)c(C#N)c1,0
CC1=C2c3occc3N3C(C1CN)C23CN,0
NCc1cccc(O)c1,0
CCOC(=O)CCN(C)CCCOc1ccc(Cc2ccccc2)cc1,0
C[C@H](Cc1ccc(OC(F)(F)F)cc1)C(=O)N1CCCc2cc(C#N)ccc21,0
O=C(NCCS(=O)(=O)Nc1ccc(-n2ccncc2=O)cc1)c1ccc(Cl)s1,0
C=C(C)CCC(=O)NCC1(O)CCN(C(=O)[C@H]2C[C@@H]2C(C)C)CC1,0
Nc1ncnc2c1nc(Br)n2C1CCC1,0
COc1cccc2c1CCC[C@H]2CN(C)CCc1ccc2c(c1)CN(S(=O)(=O)C(F)(F)F)C2,0
CCC(C)N(C)C(C#N)c1ocnc1C=O,0
CC(CN)Cc1nc(O)c(O)c(Br)c1OC=O,0
CCCn1c(=O)c2nc(-c3ccc(Cl)cc3N)[nH]c2n(CCC)c1=O,0
CC(=O)NCC(=O)OCC(=O)O,0
CCNC(=N)C1(C)N=C(CC)NC(=N)C1C=O,0
C=CCO[C@@H](C)C(=O)N1CCCC[C@H]1CNC(=O)c1cc(C)co1,0
C#CCC(=O)CCc1ccc(C=O)c(F)c1C,0
OC(O)c1ccccn1,0
CCOC(=O)C[C@H](SCc1cc(F)ccc1C#N)C(=O)OCC,0
CS(=O)(=O)N[C@H]1CC[C@H](n2cc(C(N)=O)c(Nc3ccc(Cl)cc3)n2)[C@@H](C#N)C1,0
C#Cc1cccc(NC(=O)NC[C@@H]2CCO[C@H]2C(=C)C)c1,0
COc1ccc2[nH]c(=O)ccc2c1,0
CC1OCC2CC(O1)C1(C)C(C#N)C(N)CN21,0
CCOC(=N)C1(N)C(C)CCCC(N)C1(C)N,0
NC(c1ccccc1)C(O)(O)O,0
CCN(CC)CC(=O)OC1CC2(N3CCCCC3)CC(c3ccccc3)C1C(c1ccccc1)C2,0
CC[C@H](OC)C(=O)N[C@@H]1CCCCN(c2ncccc2C#N)C1,0
Nc1ccnc(CO)c1,0
CS(=O)(=O)Nc1ccc(Br)cc1,0
CCCNCc1ccc(Cl)c(Cl)c1,0
COc1ccc(CC(=O)OCC(=O)NCc2cccc(C#N)c2)cc1OC,0
C=C[C@H](O)C(C)(C)C(=O)N1CCC(N2CCC(NC(=O)COc3ccccc3C)CC2)CC1,0
CC1C(=N)N2C(=C1C(C)(C)C)CC=CC2C,0
N#Cc1ccc(C(=O)N2CC[C@H](c3cccnc3)C2)s1,0
C#CC12C(N)CCC(O)(C(=O)NC1CO)C2C,0
CCCC(N)(CC)C(C(=O)O)C(=NC)N(C)C,0
O=C(Nc1ccccc1N1CCNCC1)c1csc(Nc2ccccc2)n1,0
C=CCC(=O)N1CC[C@@H](CNC(=O)c2cc(=O)nc3cccnn23)[C@@H]1c1cccnc1,0
CCOCC1CCC(OCC)C(C)(N)CCO1,0
C=CCCNC(=S)N1CCCCC12CN(C(=O)OC(C)(C)C)C2,0
N#Cc1ccc(N[C@H]2CCN(c3ccccc3OC(F)F)C2=O)cn1,0
CN(c1ccc2ccccc2n1)S(=O)(=O)c1ccccc1CC#N,0
CC(C)CNC(=O)O,0
CC#CCN1CC[C@H](NC(=O)CC2CCOCC2)C1,0
C=CC(=O)Nc1cccc(Nc2cc(-c3[nH]c(SC)nc3-c3ccc(F)cc3)ccn2)c1,0
CC1OCC(C(C)(C)C)C1Cc1cc(O)co1,0
NCc1ccc(Cl)cc1,0
CCOC(=O)c1cc(C#N)c(C)nc1N1CCN(S(=O)(=O)c2cc3c(s2)CCCC3)CC1,0
CCCCCCS(N)(=O)=O,0
COC(=O)c1cc(O)ccc1OC,0
COC(=O)N/N=C\C=C\c1ccc2c(c1)OCO2,0
C=CCOC[C@H](O)CN(C)[C@H]1CCCN(Cc2ccccc2)C1,0
CC(=O)NC1CCCCC1,0
C#CC(C(C)C)C(CN)c1cncc(C)c1C,0
CCC12CCNC=NC(C)(C)C1(N)CC(O)C2,0
CC1(CCO)C2CC(O)C(N1C=N)C2(N)C#N,0
O=C(NC[C@H]1CN(c2ccc(N3CCOCC3=O)c(F)c2)C(=O)O1)c1ccc(Br)s1,0
C#CCN1CCC(C(=O)NC2[C@H]3CN(Cc4cnoc4C)C[C@H]23)CC1,0
CCCCCCC,0
COc1cc2c(Nc3ccc(Cl)c(Cl)c3)ncnc2cc1OCCC1CN(C(=O)OC(C)(C)C)C(C)(C)CO1,0
C=CCn1cc(C(=O)N[C@@H]2CN(Cc3csc(C)n3)C[C@H]2C)nn1,0
CC#CC[C@H](C(=O)NC[C@H]1CCN(C(=O)CCCOC)[C@H]1c1cccnc1)c1ccccc1,0
CN1CCC(c2ccccc2)CC1,0
CCNC(C)c1nc2n3c1C(O)C3CCN2,0
CC1CC2CC(CO)(O1)C(O)C(C(O)C#N)O2,0
CCCCN(CCCC)CC1(C#N)CC1,0
CC(C)(C)OC(=O)N[C@@H]1CCC[C@@H](C(=O)N2CCO[C@@]3(COCCN(C(=O)C#CC4CC4)C3)C2)C1,0
CC1c2snc(O)c2NCC2C(=N)OCCN21,0
CC1C(CN)CC23NCC4C(O)CCC12C43,0
CCC12CC(=O)C(CC1CNC)C2OC(C)C,0
CC(=NN[C@H]1CCOC1)c1sccc1Br,0
CC(C)CC1(C(=O)c2cc(F)c3[nH]ccc3c2)CCNC1,0
OC(CCCl)c1ccccc1,0
COc1ccc([N+](=O)[O-])c(C(=O)N2CCOC[C@]3(CN(C(=O)/C=N/N4CCCCC4)CCO3)C2)n1,0
C=CCN1C[C@H](NC(=O)C2(CCC)CCC2)CC[C@H]1C,0
CCOC(=O)CNC(C)=O,0
C=CCN1C(=S)N[C@H](c2ccc([N+](=O)[O-])s2)C(C(=O)N(C)C)=C1C,0
Cc1ccc(CNC(=O)Cc2c(C)noc2C)c(F)c1,0
CCCCCCCCCCCBr,0
C[C@H](C#N)C(=O)NCC1(NC(=O)[C@H]2CCC(C)(C)C2)CCC1,0
CCCCOCCOC(C)=O,0
CC1=C2C(C)C(C(C)C)C2(C=O)NC=NC1,0
CCC1C2(NC=N)CCN=C2OC2CC21N,0
Cc1ccc([C@H]2CC[C@@H](C(=O)O)N2C(=O)CNC(=O)[C@@H](S)Cc2ccc(O)cc2)cc1,0
C#CCNC(=O)CC(=O)N1C[C@@H](C(F)(F)F)[C@H](NCCC2CC2)C1,0
O=C(Nc1c(C(O)(C(F)(F)F)C(F)(F)F)ccc2ccccc12)c1cccnc1,0
CC[C@@H](C#CC(=O)OC)OCC[C@H]1CCOC1,0
CCC1C(c2ccsc2CC=O)N1C,0
CCCCCCCCCCOC(=O)C[C@@H]1C[C@@H](O)C[C@]2(CCC3(C=CC(=O)C=C3)O2)O1,0
CCCNc1nc(-n2ccc3ncccc32)nc2cnccc12,0
C=CC(C)(C)C(=O)N1C[C@H](CN=c2cc[nH]c(C#N)n2)[C@H](C)C1,0
C[C@H]1C[C@H](NC(=O)OC(C)(C)C)CCN1C(=O)Nc1sccc1C#N,0
c1cc2[nH]cc(CCN3CCCCC3)c2cc1-n1cnnc1,0
ONOC(O)c1ccccc1,0
CC(N)C1C2(N)C(C)CC1(O)C1(C#N)CC21,0
C=C1CCC(C(=O)NC[C@H]2CCN2Cc2nc(C)cs2)CC1,0
N#Cc1ncc2nc1OCCCCCOc1cc(OCCCO)c(Cl)cc1NC(=O)N2,0
CC1(C#N)CCN(Cc2ccc(-c3ccc(Cl)cc3)s2)CC1,0
CC1O[C@@H](OC2CC(O)[C@@]3(CO)C4C(O)C[C@@]5(C)C(C6=CC(=O)OC6)CC[C@]5(O)C4CC[C@]3(O)C2)C(O)C(O)C1O,0
Cn1c(O)cc(Br)c2c(CC(N)CN)ncc1-2,0
CS(=O)(=O)CCNc1nc(-c2ccc3ncnc(Nc4ccc(F)c(Cl)c4)c3c2)cs1,0
CC(=O)Oc1c[nH]c2ccccc12,0
COC(=O)CCc1ccc(F)cc1,0
CC1C(NC=N)C2(N=CN)CC1(C)C2=O,0
NC1(Cc2ccccc2)CC1,0
CCC1C(O)CC2(C)C1OC(C)C21CNC1,0
C#CC[C@@H](CO)NC(=O)Nc1cc(F)ccc1OC,0
CC1N(C)C2(C3NCC2(C)CC3(C)C)S1(=O)=O,0
CCCCN(CCO)CCCC,0
CCCCCCCCOCCCN,0
CC1NC(C)(C)C23CC2(O)CNC(=O)C=C13,0
CN[C@H](C(=O)N[C@H](C(=O)N(C)[C@H](/C=C(\C)C(=O)O)C(C)C)C(C)(C)C)C(C)(C)Cc1ccccc1,0
CC1(C)CC2CC3(C#N)C=C(CO)C1C23,0
C[C@@H](NC(=O)N[C@@H]1CCCN(c2ccc(C#N)cc2)C1=O)c1cc2ccccc2s1,0
C#CC12C(C)=CC(N)(C1C(C)C)S(=O)(=O)N2C,0
C[C@H]1[C@H](NC(=O)c2ccc(C#N)[nH]2)CCCN1C(=O)c1cn(C)cn1,0
OC(O)c1cccc(CCl)c1,0
CCC(C)C,0
CCCCCCCCNC,0
COc1cc(C#N)ccc1COC(=O)[C@@H]1C[C@H](O)CN1C(=O)Cc1ccccc1F,0
O=c1cc(-c2coc3ccccc23)[nH]c2cc3c(cc12)OCO3,0
CC1N=C2C=CNCC(=O)N2C(=O)C1CN,0
CN1Cc2c(C3=CCN4C(=O)OC[C@H]4C3)[nH]c3nccc(c23)-c2cc(F)ccc21,0
CC(N)c1ccccc1,0
C#CC[C@@H](CC(=O)N1CC[C@@H](NCC#CC)C1)c1ccccc1,0
CC1(CC2(CO)OC=NC(C)(C)C2=O)CC1,0
CCC(=O)OCC(C)(O)c1sc(=NC)sc1N,0
Cc1oc(=N)c(N)cc1NC(=O)C(C)C(=N)N,0
CCOc1cccc2cc(C(=O)NNC(=O)c3cc(Cl)ccc3O)c(=O)oc12,0
Nc1ccc(C(=O)O)c(N)c1,0
CCCCOc1cccc(OC)c1,0
CCCNCCCCNC(C)=O,0
C=C(C)CC(C)(C)C(=O)N1CCC(N2CCC(NC(=O)[C@H]3CCc4nc(O)nc(O)c4C3)CC2)CC1,0
CCCC1CC2(O)C(N)C1C(N)(COC)C2O,0
COC(O)C(O)c1ccccc1,0
Clc1ccccc1C1CNCc2cc(OCCCN3CCCCC3)ncc21,0
COCCN(CCNC(=O)c1ccccc1C)c1cnc(C#N)cn1,0
CC1C(O)C2CCC1(C#N)c1sc(=N)cnc12,0
C#CCOc1ccc(NC(=O)N[C@]2(CO)C[C@H](OCC)C2(C)C)cc1,0
O=c1nc(-c2ccccc2)c2cc(-c3ccncc3)ccc2[nH]1,0
CCC1CC(CN)C2(C(N)=O)CCC(C)(C)C12,0
CCCN[C@@H]1Cc2cccc3c2n(c(=O)n3CCC)C1,0
O=c1cccc2n1C[C@@H]1CNC[C@H]2C1,0
Cc1ccc2nc(C)ccc2c1,0
CC1N(C)C(C#N)C(CN)CC1(C)C(O)C#N,0
CC1C2COCC1(N)CCN2C(=N)OCC#N,0
Clc1cc(Cl)cc(Cl)c1,0
O=C(O)C[C@H](NC(=O)CN1CC[C@@H](CCc2ccc3c(n2)NCCC3)C1=O)c1cccnc1,0
O=C(c1cc2c(s1)CCC2)N1CC[C@H]2CCN(C(=O)C#CC3CC3)[C@H]2C1,0
Cc1nccc2ccccc12,0
CC(C)Oc1ccc(C(=O)N2CC[C@@H](CNC(=O)c3ccc(F)nc3)[C@H]2c2cccnc2)cc1C#N,0
COc1ccc([C@H]2[C@H](n3cc(CO)nn3)C(=O)N2c2cc(OC)c(OC)c(OC)c2)cc1O,0
O=C1CC(c2c[nH]c3ccccc23)C(=O)N1CCN1CC=C(c2c[nH]c3ccc(Br)cc23)CC1,0
CCCCCCSc1ccc(C(=O)CCN2CCOCC2)c(Cl)c1Cl,0
O=C(Nc1ccc([C@H]2CNCCO2)cc1)c1cnn(-c2cccc(OC(F)(F)F)c2)n1,0
CCc1cc(=O)c2ccccc2o1,0
C#CC1(CO)OCC(C)C(N)=NCC1(O)C=O,0
C#Cc1ccc(C(=O)N2CC[C@@H](NC(=O)C(C)(C)CC)[C@H](C)C2)nc1,0
CN1CCN(Cc2ccc3c(c2)-c2n[nH]c(-c4ccc(CN(C)C(=O)Nc5ccc(Br)cc5)s4)c2C3)CC1,0
CCOC(=O)C(C)C,0
C=CCn1cc(CN2CC[C@@H](N(C)C(C)C)C2)cn1,0
CC(=O)COC(=O)c1ccccc1,0
CC(C)c1ccc(O)cc1,0
FC(F)(F)c1cnc(CN2C[C@H](C(F)(F)F)[C@@H](C(F)(F)F)C2)s1,0
Cc1ccccc1-c1cc(C(O)(C#Cc2ccc(C#N)cc2)c2cncn2C)ccc1C#N,0
CCC12CC(CC1C(O)CN)C(CNC=O)N2,0
CCc1cc(Cl)c(OC)c(N2CCN(CC(F)CCNC(=O)c3cc4ccccc4o3)CC2)c1,0
CCC1NC(=NC(C)(C)CNC=O)CC1C=O,0
CC1(C)N=CNCC1C12COC(C1)C2N,0
N#Cc1cc(C(=O)NC[C@H]2CCCN2C(=O)c2ccncc2F)c[nH]1,0
Cc1n[nH]c2c1C(c1c(C)nn(-c3ccccc3)c1Cl)C(C#N)=C(N)O2,0
C#CCN1CCC[C@@H]1COC(=O)c1csc(-c2ccccc2)n1,0
NC(O)Cc1ccccc1,0
CCN1CC(C)(OC=O)CCNc2oncc21,0
O=C(O)c1cscc1C(=O)Nc1ccc(-c2ccccc2)cc1,0
CC(Oc1ccccc1)C(=O)O,0
CC(N)CC(C)CNC(=N)C1N=COC1C#N,0
CC1(C#CC(=O)O)CC(=NO)CC2(CC2)N1,0
C=CCC(C)(C)C(=O)NCC[C@H]1CCN(C(=O)[C@H]2CC2(F)F)C1,0
CC(=N)N1CC(O)c2cc(=N)oc(Br)c2C1=O,0
N#Cc1ncc2nc1OCCCCCOc1cc(OCCO)c(Cl)cc1NC(=O)N2,0
CC(CC12CC(N)=NC1(C=O)C2C)N(C)C,0
NC(=NO)c1cn(Cc2ccccc2Cl)c2ccccc12,0
CNc1ccc(C(O)O)cc1,0
CC(=O)N1CCC(n2cc(-c3cnc(N)c4oc(-c5ccccc5)cc34)cn2)CC1,0
COc1cccc(C(=O)O)c1,0
O=C(c1cccc(Br)c1)c1cn(Cc2c[nH]cn2)cc1-c1cccc2ccccc12,0
NC(CCl)c1ccccc1,0
C=C(O)C(N)c1ccccc1,0
CC1C(CO)C2OCC(C#N)(OCC2N)C1C,0
CCc1ccnc(CNC(=O)c2ccccc2OCC#N)c1,0
CC(C)(C)OC(=O)N1CCC(N(C(=O)c2ccc(-c3ocnc3I)cc2)C2CC2)CC1,0
O=C(NCCCN1CCOCC1)c1cccc(-n2ncc3cc(Nc4ccccc4Cl)ccc32)c1,0
Oc1c2c(nc3nc(CCc4ccccc4)nn13)CCC2,0
CN([C@@H]1CCN(Cc2ccccc2)C1)S(=O)(=O)NCCc1c(-c2cccs2)n[nH]c1-c1cccs1,0
CCC(C)(C=O)c1cocc(C)c(=N)nc[nH]1,0
CC1N=CN(C(=N)N)CC12NC(CN)CC2O,0
CN1C(=O)[C@@H](NC(=O)CCCCCCC(=O)NO)N=C(c2ccccc2)c2ccccc21,0
C#CCN1CCO[C@]2(CCN(C(=O)CCc3cccc(F)c3F)C2)C1,0
CC1CC2C(C=NO)=CC3C4N=C(O1)N2C34,0
CCCCCCCCCCC(C)=O,0
CCc1nc(C#N)c(C#N)nc1-c1cccc(S(=O)(=O)N(C)C)c1,0
c1ccc(CC2(c3ccc4cc[nH]c4c3)CCNC2)cc1,0
CCc1nn2c3c1OC1C(O)C31C(N)CC2,0
Oc1nc2c(N3CCN(Cc4ccccc4)CC3)cccc2[nH]1,0
CC12C3CCC(CO)=C3C(C1O)C2C=O,0
Cc1cccc(/C=N/c2ccc(S(N)(=O)=O)cc2)c1O,0
CCC1(C2CC3NC(=N)NC3=N2)NC=NC1C,0
CC1=C(CC(=NO)C(=N)N)C(=O)C(C)CN1,0
CCCC(=O)OCC,0
O=C1Cc2c([nH]c3ccc(Br)cc23)-c2ccccc2N1,0
CCCCCNC,0
CNC(O)c1ccc(O)cc1,0
CC12CNC(C1)C1(CC(=O)n3ncc(O)c31)C2,0
CC(C)(CC#N)C12CC(CO1)N=COCC2=O,0
O=C(O)C(O)Cc1ccccc1,0
CC(C)CON=C1CN(C2CC2)C[C@H]1C,0
CC(=O)c1ccc(NC(=O)C[C@@H]2SC(=Nc3cccc4ccccc34)N(Cc3cocn3)C2=O)cc1,0
COCCOC[C@H](O)CN1[C@@H]2CC[C@H]1[C@H](NC(=O)C#CC(C)C)C2,0
CC1(C)C2CC[C@@]1(CS(=O)(=O)N1CCC3(C=Cc4ccccc43)CC1)[C@@](O)(CC#N)C2,0
CC#CCN1CCC(N(C)C(=O)c2csc(C(F)(F)F)c2)CC1,0
CN1CCC[C@H]1[C@H]1CS(=O)C(c2ccccc2)(c2ccccc2)O1,0
Cc1ccc(N(CCC#N)C(=O)CSc2nnc(N3CCCCC3)n2C[C@@H]2CCCO2)cc1C,0
NC(=O)C(O)Nc1ccccc1,0
C=CCn1cccc1C(=O)N1C[C@@H](C)[C@H](NCC=C(C)C)C1,0
CC1(N)CNC2CC3OCC(C)(C)C3(C)NC21,0
CC(C)COC(=O)N1CCN(c2nnc(-c3cccc(C#N)c3)n2CCOC2CCCCCC2)CC1,0
CCc1c(I)c(N)nc2c1OCC2O,0
CCn1c(-c2cc(C#N)cn2C)nnc1N1CCC[C@@](C)(C(=O)O)C1,0
C#CC1=C(CC)CC23NC=NC2C3CC=C1,0
C=CCOC(=O)CCCCCC,0
C=CCn1c(-c2csc(N3CCOCC3)n2)nnc1N1CCO[C@@H](C(=O)OC)C1,0
Cc1cccc(Cn2ccnc2)c1,0
Nc1c(C(=O)N2CCOCC2)sc2nc3c(cc12)CCCC3,0
C[C@H](NC(=O)C(=O)Nc1ccc(Cl)cc1C(F)(F)F)c1cccc(C#N)c1,0
C[C@@H](CC#N)N(C)CCC(=O)Nc1ccc(N2CCCC2=O)cc1,0
CC(O)c1ccncc1,0
C[C@H](C[C@@H](O)c1ccc(F)cc1)NC(=O)Nc1ccc(S(=O)(=O)[C@H](C)C#N)cc1,0
Cc1nc(C(=O)OCC(=O)N[C@H](C(=O)O)C(C)C)ccc1C#N,0
CCOCC(C)(C)Cn1c(CC2CCCC2)nnc1N1CCN(Cc2ccc(C#N)cc2)CC1,0
C#Cc1ccc(C(=O)NCCCN[C@H](C(=O)OC)C(C)C)cn1,0
CCCCC(=O)O,0
O=C(N[C@H]1CCC[C@H]2SC[C@@H](C(=O)O)N2C1=O)[C@@H](S)Cc1ccccc1,0
C#CC1C(=O)NCC12OC(=O)OCC(C)(C)O2,0
CC(O)CC1(O)C2NC(=N)C1C(N)(CO)C2O,0
CC#CC1CC=Cc2c(C)c(CC)nn2C1,0
C=CC[C@@H](C)NC(=O)/C=C/c1ccccc1-c1nn[nH]n1,0
CCCCCOc1c(OC)ccc2cc(C(=O)NCCc3ccccc3)c(=O)[nH]c12,0
CC1=CC2(C=O)CCC(O)(C(C)=NO)CN2C1,0
COc1ccccc1C=CC(=O)O,0
C#Cc1cccc(Nc2ncnc3cc(NC(=O)c4ccc(C(=O)Nc5ccccc5N)nc4)ccc23)c1,0
CC(C#N)Oc1cc(N)c2cn[nH]c(=N)nc1-2,0
NCc1cc(O)ccc1O,0
CCOC(=O)c1ccc(OC)cc1,0
CNCCOc1ccc(Cl)c(Cl)c1,0
CC(=O)c1cc2ccccc2o1,0
CC1=NC2(CO1)C(=O)C(=O)C(C)NC2CCO,0
CCN(CC)C(=O)N[C@H]1C=C2c3cccc4[nH]cc(c34)C[C@H]2N(C)C1,0
CN(c1ccccc1)C(N)O,0
CC(C)=C(C)CC(=O)N[C@@H]1CC[C@H](CNc2cncc(C#N)n2)C1,0
N#CCSc1ccccc1NC(=O)COC(=O)C1CCSCC1,0
CC(O)OCc1ccccc1,0
CC(C)c1cccc(C(=O)O)c1O,0
CO[C@H](CC(C)C)C(=O)N(C)CCCN=c1cc(C)[nH]cc1C#N,0
CO[C@H]1CC[C@]2(CC1)Cc1ccc(C#CC3CC3)cc1C21CC(=O)N(C)C(N)=N1,0
CCCCCCOC(=O)CC,0
CNC(=O)Cc1ccccc1,0
COc1ccccc1OCCNC(=O)c1cc([N+](=O)[O-])cc([N+](=O)[O-])c1,0
CCOc1cc2c(cc1O)Cc1c(cc(N)c(C#N)c1N)O2,0
C=CC[C@H](C(=C)C)C(=O)Nc1nc2c(s1)C[C@H](NC(=O)CCc1ncccc1C)CC2,0
Cc1nccn1Cc1ccccc1,0
CC(C)(C)OC(=O)N1CCC[C@@](C)(CNC2CCC(C#N)(c3ccccc3)CC2)C1,0
Cc1nccnc1CN[C@H](C)Cc1ccc(C#N)cc1,0
CCCCCCCCCCCC=O,0
CC(CO)CCOc1cc2nn[nH]c(=N)c2o1,0
COc1ccc(CNC2CC2)cc1,0
C#CCNCCNC(=O)[C@H]1CC12CCOCC2,0
CCCNS(=O)(=O)Oc1cc(C(C)(C)C)c(SC2=C(O)OC(C)(CCc3ccc(O)cc3)CC2=O)cc1C,0
CC(=O)Nc1cccc(N(C)C)c1,0
CCCCCCC=O,0
C=CC(C)(C)C(=O)OCCn1cnccc1=O,0
C=C(Br)CN[C@@H]1CCC[C@@H]2CN(C(=O)C(C)(C)C)C[C@@H]21,0
Cc1onc(-c2ccccc2)c1COc1ccc(C(=O)N(C)C2CCOCC2)cn1,0
COc1cccc(C(=O)N2CCC(O)(c3cccnc3)CC2)c1,0
C=C[C@@H]1OCC[C@H]1C(=O)N[C@H]1CCCN(C(=O)Cc2occc2C)CC1,0
CCOc1cc2c(c(O)n1)C(N)C(=O)NC2C,0
CC1N=C2OC(=O)OC23C2N=C(N)C1(O)C23,0
Nc1cccnc1,0
C=CCN1CC[C@H](N(C)C[C@H]2CCCN(C(=O)C3CCCC3)C2)C1=O,0
CC(C)C1N=C(CC(=O)O)NC1C(CO)CO,0
CC1(C=O)C2NC(C=CC13CO3)CCC2O,0
CCC1C2CC(C(C)(O)C2N)C1(N)CCO,0
CCCCCCCCCC(=O)O,0
CC12COCC(OC(=O)CO)(C1)C1(C)CC21,0
CCC(C(=O)Nc1ccc(C(=O)O)cc1NC(=O)C(CC)c1ccccc1)c1ccccc1,0
CC1CC2CC1(C)c1sc(=O)n(C)c1C(=O)N2,0
CN(c1ccccc1)C(O)O,0
COc1cc(OC)c(F)c(N(CCO)c2ccc3ncc(-c4cnn(C)c4)nc3c2)c1F,0
Cn1c(F)c(C(=O)C=O)c(=O)c2snnc21,0
CNCNc1ccccc1,0
CC(C)C#CC(=O)N[C@H]1CCCN(C(=O)CC2CCCC2)CC1,0
CC1(N)CC2(C)C(N)CNC2C(CO)NC1=O,0
N#Cc1nccnc1N[C@H]1C[C@@H](NC(=O)Cc2ccoc2)C12CCC2,0
CC1=C(C#N)C2C3n4nncc4C(N)C23C1,0
CC1=NCC#CC2CNCCC=C2CN1,0
CN(C)CCCOC(=O)C(C)(c1ccccc1)C1CCCCC1,0
CCOC(=O)c1cccs1,0
CC12COCOCCC1Oc1cncc(=O)n12,0
CC12CC(C=O)(C=O)OC1(C)C(C=O)NC2=O,0
CCC1OC2C(CC=O)C3C(=O)OC1C23,0
O=C(Nc1nnc(-c2ccc(Cl)s2)o1)C1CC1,0
O=C(O)Cn1c(=O)c(=O)[nH]c2cc(C(F)(F)F)c(-n3ccc(CNC(=O)c4ccccc4)c3)cc21,0
Cc1ccc(F)cc1C=NN1C(=O)[C@@H](C)N(C)C1=O,0
N#Cc1ccc(N2CC[C@H](NCC3(c4ccccc4)CCCC3)C2=O)cc1,0
CCN=C1N2CCCC2C(=O)C2(CC2)S1(=O)=O,0
CCC(CC)COC(=O)[C@H](C)NP(=O)(OC[C@H]1O[C@@H](n2ccc(N)nc2=O)[C@](C)(O)[C@@H]1O)Oc1ccccc1,0
COc1cccc(COc2ccc(Oc3ncnc4cc(OC)c(OC)cc34)cc2)c1,0
COc1ccc(CC(=O)OCC(=O)Nc2c3c(nc4ccccc24)CCCC3)c(OC)c1OC,0
Cc1noc(NS(=O)(=O)c2ccccc2-c2ccc(-c3ccncn3)cc2)c1C,0
COC(=O)c1cccc2[nH]ccc12,0
Cc1cc(C)c(O)c(C(C)(C)C)c1,0
CCCCCCCCS(=O)(=O)O,0
CC1(C)Cn2nc(O)cc2C(=O)NC(=N)C1O,0
CCC12CCC(=O)C(C(=O)OC)=C1c1ccc3[nH]ncc3c1C2,0
CC(C)(C)c1cccc(CN[C@H]2CS(=O)(=O)C[C@@H](Cc3cc(F)c(N)c(OCC(F)(F)F)c3)[C@@H]2O)c1,0
CCCc1ccc(OC(C)=O)cc1,0
COc1cc2c(cc1OC)C(c1ccccc1)N(C(=O)[C@H](O)[C@@H](O)C(=O)N[C@H](C)c1ccc(-n3cccn3)cc1)CC2,0
C[C@@H](O)[C@@H](C)Oc1nc(Nc2ccc([S@](=N)(=O)C3CC3)cc2)ncc1C(F)(F)F,0
Cc1cc(C(=O)NCC2CN(CC(=O)NCC#N)C2)sc1C,0
C=CC[C@H](C)C(=O)N1CC[C@@H](CNC(=O)CCNC(=O)OC(C)(C)C)[C@@H]1c1cccnc1,0
COc1cccc(C(O)O)c1,0
COc1ccccc1N1CCN(CC2CC(=O)c3ccccc32)CC1,0
CC(C)(O)c1ccccc1CC[C@@H](SCC1(CC(=O)O)CC1)c1cccc(/C=C/c2ccc3sccc3n2)c1,0
C=C(CN1CCCCC1)c1nc(-c2cc(C)ccc2C(F)(F)F)no1,0
COc1cc(OC)cc(OC2=C(Cl)C(=O)c3c(OC)ccc(OC)c3C2=O)c1,0
Cn1c(=S)[nH]c2ccccc2c1=O,0
Cc1ccc(S(=O)(=O)/N=C2/C=C(Sc3nc[nH]n3)C(=O)c3ccccc32)c(C)c1,0
COc1cc(C(=O)N2CC3(CCCN3C(=O)c3ccc(C#N)cc3)C2)cc(OC)c1C,0
CC1CNc2cscc2-c2ccnc(Br)c2C1,0
C=CC[C@@H](C(=C)C)C(=O)Nc1cc([C@@H]2CCCCN2C(=O)CNC(=O)c2ccco2)[nH]n1,0
CN(C)C(=O)Nc1cccc(C(=O)OCc2cc(O)n3ncc(C#N)c3n2)c1,0
Cc1cc(C)c2cc1C(=O)NCCCNC(=O)CCSc1cc-2nc(N)n1,0
NCCc1ccccc1,0
CC1CC2(C)C3(C)CNCC3C(C)C2(N)C1C,0
CC1CC2CC(O)C(C)OC1C2(O)C(N)C#N,0
CC(C)(C)N/C(N)=N/CC1(c2cccc(C(F)(F)F)c2)CCOCC1,0
CCCNCc1c(Cl)cccc1Cl,0
CC12CCC3C(Cc4nn(C/C=C/c5ccccc5)c5c4C3(C)CCC5=O)C1CCC2=O,0
CC#CC1C=C(n2ccnn2)C(NCC)C1,0
CS(=O)(=O)N1CCC(C(=O)O)CC1,0
CCN1CC(NCCC(C)(O)CO)C1,0
CC[C@@H](CNC(=O)Cc1cccc(C(F)F)c1)NC(=O)[C@H](C)C#N,0
CC1NC(C2CNC(=N)C2=NO)C2CNC12C,0
C=CCOC(=O)CCCCCCC,0
CCCC(N)CCC(O)C1CN=CNCC1C,0
CNC(=O)Nc1ccccc1,0
CCNc1ccc(C#N)cc1NC(=O)CC(F)(F)C(F)(F)F,0
CCN(CCNC(=O)[C@@H](C)C1CCCC1)c1cnc(C#N)cn1,0
C=CCCCC(=O)N[C@H]1C[C@@H](Nc2nc(C)ns2)C12CCC2,0
O=C(/C=C/c1cccc2c1N(Cc1ccc3ccccc3c1)C(=O)C2)NS(=O)(=O)c1ccc(Cl)c(Cl)c1,0
CC(C)(C#N)CC(=O)NCCCc1nn(-c2ccccc2)c(N)c1C#N,0
CN1CCN(c2nc(N)nc3c2oc2cccc(F)c23)CC1,0
COc1ncnc(N/C=C/C2CCN(C(=O)OC(C)(C)C)CC2)c1C#N,0
Cc1cccc(C(=O)NCCc2ccccc2)c1,0
C[C@@H]1[C@H](C)[S@@](=O)CCN1S(=O)(=O)CCCS(=O)(=O)NC1(C#N)CC1,0
CCCCOCCCC,0
Cc1ncoc1CNC1CC2(C1)CC(NC(=O)c1ccc(C#N)[nH]1)C2,0
CC1CC23C(C=O)C2(O1)S(=O)(=O)CCCN3C,0
CC1=CC(C(C)=NO)=C(N)C(=O)S(=O)(=O)N1,0
Cc1[nH]ccc1C(=O)NCC[C@@H](Nc1ccc(C#N)cn1)C(C)C,0
CC(=O)c1sc2ccccc2c1C,0
C=CCC(CC=C)C(=O)Nc1cc([C@@H]2CCCCN2C(=O)c2ncc(OC(F)F)cc2Cl)[nH]n1,0
C=CCn1c(CC)nnc1N(CC)Cc1ccc(Cl)cc1,0
CC(CC(=O)O)Cc1cc(O)ncc1CCO,0
CC12CC(O)C(C(O)CC1=O)C21COC(=O)C1,0
CCC(C)(C)C(O)C12COC(C)(C1)C(O)C2,0
Cc1nc(N2C[C@H](NC(=O)c3c[nH]c(C#N)c3)CC[C@@H]2C)ccc1C#N,0
C=CCN/C(N)=N/CCS(=O)(=O)NCc1ccccc1,0
C=CCN1CCC2(CCN(C(=O)[C@@H]3CC34CCCCC4)CC2)C1=O,0
C=CCn1c([C@@H](O)c2cccc(OC)c2)nnc1N1CCN([C@H](C)CC)CC1,0
N#Cc1ccn2ncc(CN3[C@H](COCc4ccccc4)CCC34CCNCC4)c2c1,0
CNCCOc1ccc(Br)cc1Br,0
Cc1ccc(C(=O)C2CC2)cc1C,0
CC(=O)C(O)C(O)(c1nc(C)n(C)n1)C(C)C,0
Cc1ccc(CC2CCN(C(=O)c3cc4ccc(O)cc4[nH]3)CC2)cc1,0
Oc1cc(-c2ccccc2)c2nc(NCc3cccnc3)sc2c1,0
CCS(=O)(=O)N1CCCCC(=O)N2CCc3cc(ccc32)Nc2ncc(C(F)(F)F)c(n2)NCc2ccccc21,0
CC(C)c1ccc(C(C)C)c(O)c1,0
CCCS(=O)(=O)N[C@H]1CC[C@H](CCN2CCN(c3nsc4ccccc34)CC2)CC1,0
Nc1ccc(O)cn1,0
C[C@@H]1C[C@H](NC(=O)C#CC2CC2)CCN1C(=O)CCN1CCCC1=O,0
O=S(=O)(NCCCN1CC=C(c2c[nH]c3ccc(Cl)cc23)CC1)c1ccc(F)cc1,0
Cc1ccc(S(=O)(=O)NCc2ccnc(Br)c2)cc1C#N,0
Cc1cc(=O)n(C)c2ccccc12,0
CCC1CC(C)(C#CCC2=NOS(=O)(=O)N2)O1,0
COc1cc2c(c(OC)c1OC)-c1ccc(SC)c(=O)cc1[C@@H](COC(=O)c1cccc([N+](=O)[O-])c1)C2,0
Cc1cc(C#N)nc(N(C)[C@H]2CCN(C(=O)Cc3ccc(C)o3)C2)n1,0
C#CC1(C)CNCC(OCC(=N)N)CC(=O)N1,0
COc1ccc(OC)c(CCC/N=C(/N)N2CCC(C)CC2)c1,0
C=CC1([C@H](N)C(=O)N2[C@H](C#N)C[C@@H]3C[C@@H]32)CCC1,0
C=CCCCCCC,0
CCc1[nH]c(NC(=N)N)c2oc(=O)cc(C)c12,0
CC12COC3OCC(=N)NCCCC31CCN2,0
CC1NC2CCC(O)(C1CO)C2C(C)OC=N,0
N#CCCn1cc(C=NN[C@@H]2C[C@H]3CC[C@H]2C3)c2ccccc21,0
OC(O)c1ccncc1,0
C[C@@H](C#N)CN[C@@H]1CCc2ccccc2C1,0
C=CCCN(C)C(=O)[C@@H](C)Oc1cccc(Cl)c1Cl,0
C=CCCO[C@H](C)C(=O)N1CC2(CCCN(CCC)C2)C1,0
CCNCCCCCCCN,0
COc1cc(N)c(Cl)cc1C(=O)NC1CC2CCC(C1)N2Cc1ccccc1,0
CC#CCN1CCC[C@@H](NC(=O)C2(F)CCCCC2)[C@@H]1C,0
CN1C(=N)NC2C(N)COCC1C(O)CC2O,0
N#Cc1cccc(S(=O)(=O)N[C@H]2CCc3ccccc32)c1,0
N#CC1(CS(=O)(=O)NCc2cccc(C(=O)NC[C@H]3CCCO3)c2)CCCCC1,0
CCCCCC(O)C1(C#N)NCCOC1CC,0
CC1N=CNC2C34CCN(C)C23C1(O)CC4,0
CC1C(=O)N(C=O)C2CN=CNC3C1C32,0
C#CC1C=C2C(O1)OC(C)C(=O)NC2(C)C,0
Cc1cc2ccccc2cc1C,0
CC[C@@](C)(NC(=O)/C=C/C(=O)c1ccc(C)cc1)C(N)=O,0
NCC(CO)c1ccccc1,0
CN(Cc1nc2cccc(C(=O)NCCc3cnc[nH]3)c2[nH]1)C1CCCc2cccnc21,0
CCCNCc1cc(Cl)ccc1Cl,0
CN1CC2CC1C(O)C1(CC1)C1=CCN2C1,0
C#CC12C3CC(C#N)CN1C(C)C(O)CC32,0
CC1CC2(CCC(C(N)=O)C2)C(C(=N)N)N1C,0
C#Cc1cncc(C(=O)NC(CC)(CC)C(N)=O)c1,0
CCNC(=O)Nc1ccc(-c2nc3c(c(N4CCOCC4)n2)CN(C(=O)NCC)C3)cc1,0
CC1C(C(=N)N)C1(N)c1oc(CN)cc1O,0
CCCCCCCCN(C)C,0
N#Cc1ccccc1OCc1ccc(C(=O)N2CC[C@@]3(CCOC3=O)C2)o1,0
COc1ccc(OC)c(-c2cccc3c(N)c(C(=O)NC(C)C)nnc23)c1,0
CC1(C)C(=O)CCC2Cc3ccoc3C1CN2,0
CCCCCCCCCC=O,0
CCCNc1cnc(N)n1Cc1nsc(C)n1,0
Cc1ccc(C=NNC(=S)Nc2ccc(N(C)C)cc2)cc1F,0
O=C1N(CCN2CCCc3sccc3C2)CCN1c1cccc(Cl)c1,0
NC(=O)CCCCO,0
O=C(O)CCCC(=O)O,0
COc1ccc(C(=O)N2CCCC23CN(C(=O)C2(C#N)CCC2)C3)c(O)c1,0
COCC(=O)Nc1cccc(C2(C3CCCCC3)N=C(N)N(C)C2=O)c1,0
CCCS(=O)(=O)Nc1ccc(F)c(-c2cc3cnc(NCC4CC4)nc3n(C)c2=O)c1F,0
CS(=O)(=O)c1ccc(C(N)=NOCC(=O)N2CCO[C@@H](c3ccc(F)cc3)C2)cc1,0
CC(=O)NCCCCCCN,0
CC#CCN1CC[C@H]2CN(C(=O)CN3C(=O)NC(=O)C3(C)C)CC[C@H]21,0
OC(O)OCc1ccccc1,0
C=C[C@](C)(CC)C(=O)N1C[C@@H](CNC(=O)c2ccnn2C)[C@H](OCC)C1,0
CC1C=CC2(C)CC1CC(S(=O)(=O)O)C2(C)O,0
CCC(O)(O)c1ccccc1,0
NC(C(=O)O)c1ccc(P(=O)(O)O)cc1,0
Cc1cc(O)nc2c(C)cc(S(=O)(=O)Nc3ccc(O)cc3)cc12,0
CCNc1c(NCC#N)sc(=N)nc(O)c1=N,0
CC(C)=NO[C@@H](C)C(=O)N1[C@@H]2CC[C@H]1C[C@@H](NC(=O)c1sc(-c3ccccn3)nc1C)C2,0
C#CCC1(CC#N)CC(CC)C(C#C)OC=N1,0
C#CC(O)CC(C)C(C)C1C(O)CCCN1C,0
CCOC1C(=N)OC(CC(N)CO)C1(C)CC,0
CCCC(=O)OCc1ccccc1,0
CCNCc1cccc([N+](=O)[O-])c1,0
CC1(C)C(C(=O)c2cn(CC3CCOCC3)c3c(O)cccc23)C1(C)C,0
CCCCCCCCCCCO,0
CC1OC2CC(CC1(CN)CCCN)NC2=N,0
Cc1cc(NC(=O)c2ccc(F)c(S(=O)(=O)N(C)C)c2)c(C#N)cc1N(C)C,0
Cc1nc(COC=N)c2c3c(c(O)sc13)CO2,0
O=C(O)COc1cccc2c(CCSC(c3ccccc3)(c3ccccc3)C(F)(F)F)c(CO)oc12,0
C#CCO[C@@H](C)C(=O)N(C)CCCOc1cccc(S(C)(=O)=O)c1,0
CC(=O)NC(C)(C)C(=O)N[C@@H]1CCN(CC#Cc2ccccc2)C1,0
O=Cc1cc(-c2cccs2)cc(F)c1O,0
CC#CC(NCCOCC)C1COC1=N,0
C[C@H](C(=O)N(C)[C@H]1CCCN(CC#N)CC1)n1nnnc1C(C)(C)C,0
C=C1CC(C(=O)N2CCCC23CN(C(=O)[C@H]2CCc4c(C(=O)OCC)ncn4C2)C3)C1,0
OCC(O)(O)Cc1ccccc1,0
CCCc1cccc(OC(C)=O)c1,0
CCCc1cc(O)nc(SCC(=O)NC2CCCCC2)n1,0
CCNc1nc2c[nH]c(=N)c-2c(C(C)(C)C)s1,0
Cc1nc2ccccc2[nH]c1=O,0
CC[C@H](C)CN(C[C@@H](O)[C@H](Cc1ccccc1)NC(=O)OC[C@@H]1CCC(=O)N1)S(=O)(=O)c1ccc(OC)cc1,0
NC(OC(O)O)c1ccccc1,0
CC(C)OC=NCC1(O)CC2(C)CN2C1=N,0
C#CC(CCCCC)OC1(C)CNCC1CC,0
CC1(C)c2ccc(C3=CCNCC3)cc2C(=O)c2c1[nH]c1cc(C#N)ccc21,0
C=CC(C)(C)Cc1nnc(N2CCC(S(=O)(=O)N3CCCC3)CC2)n1C,0
Cc1nsc(C)c1CN(C)[C@@H]1CCCN(C(=O)C#CC2CC2)C1,0
CN(C[C@H]1CCCN(C(=O)C2=CCOCC2)C1)c1nccnc1C#N,0
CC(C)NCC(O)c1cc(O)c(O)c(F)c1,0
C=C1NC(=N)C(NC)C1C(O)CC,0
CC1c2ccccc2CC1C(=O)NCCCCCCC(=O)NO,0
CC1(C)CC(=NO)C(=NO)CNC2C(=O)OC21,0
C#CCN1CC[C@]2(CCCN(Cc3ccccc3O)CC2)C1=O,0
COc1cc(-c2ccc(Cl)c(C)c2)ccc1-n1c(=O)ccc2cc(S(=O)(=O)Nc3ncon3)ccc21,0
CCCOCCC,0
COc1cc(C#N)ccc1OC1CCN(C(=O)NCc2cccc(F)c2)CC1,0
CN(C)S(=O)(=O)NC(=O)CCCc1c(-c2ccc(F)cc2)[nH]c2ccc(C#N)cc12,0
CN1CCN(c2cccnc2)CC1,0
CCOC(=O)c1c(NC(=O)N[C@H](C)c2nc(-c3ccccc3)cs2)c(C#N)cn1CC,0
NC(=O)c1cccc2c1nc(Nc1c(F)cccc1F)c1ccncc12,0
C#Cc1ccc(C(=O)N2CCC[C@H]3CN(CCCF)C[C@H]32)nc1,0
CCC[C@H](C)CC(=O)N[C@@H]1COC2(C1)CN(C(=O)C#CC(C)C)C2,0
CCOC(=O)CNC(=O)C1CCN(c2cc(Br)cnc2C#N)CC1,0
COc1cc(OC)cc(C(C)=O)c1,0
Cc1cc2nccnc2cc1C,0
CC(C)[C@](C)(NC(=O)[C@H](C)Oc1ccc(C#N)cc1)C(N)=O,0
CCC(=O)OC,0
CC1(C)NC=NC1C(C)(O)c1[nH]c(=N)sc1O,0
CCOC12C=CC(C)(C#CCC(=O)O1)OC2,0
CC12OC(C#N)C1C=C(C(=N)N)C2(N)C#N,0
CCC1(O)C(=O)Cc2c1cc1n(c2=O)Cc2cc3cc4c(cc3nc2-1)OCO4,0
C[C@@H]1CCCC[C@@H]1OCC(=O)N(Cc1ccc(C#N)cc1)Cc1cccc(F)c1,0
C=C1CCC(C(=O)N2CC[C@@H](NC(=O)C3=COCCO3)[C@@H]2C)CC1,0
O=C(Cc1cccs1)Nc1nc2c(ccc3ccccc32)s1,0
CCOC(CN)C12CCNCC1(OC)CO2,0
CC(C)(C)c1ccc(O)cc1,0
CCC1CC(=O)CC(CC)(NC)C(O)(C#N)C1,0
CC1CC2C=C1CCC(C=NO)=CCC2=O,0
CCCNC(=O)c1ccccc1N,0
CC(C)OP(C)(=O)CN1CCN(CP(C)(=O)OC(C)C)CC1,0
CC(C)(N)c1ccccc1,0
CC(C)(C)OC(=O)N1CC(O)(C(=O)N2CCN(c3ccc(C#N)cc3F)CC2)C1,0
CC[C@@H](C)Oc1cc2c(cc1OC)CC(=O)N(c1ccc(N(C)C)cc1)C2c1ccc(Cl)cc1,0
CN(C)c1nc2c(c(Nc3ccc(C(C)(C)C#N)cc3)n1)CCN(c1ncccc1C(F)(F)F)CC2,0
CN(C)CCN1C(=O)c2cccc3c2c(cc2cccc(Cl)c23)C1=O,0
COc1ccc(OCC(=O)O)cc1,0
C=CC1(CC(=O)NC2CCN(CCCF)CC2)CCCCC1,0
Oc1ccc2c3c1O[C@H]1c4[nH]c5ccccc5c4C[C@H]4[C@@H](C2)N(CCc2ccccc2)CC[C@]314,0
CC1=CC2C3C(=CCC2(C)C(C)N)CC13,0
COc1cc(NCc2ccc(Br)nc2)ccc1CC#N,0
COc1cc(C(=O)N2CC[C@H]2c2nnc(-c3ccccc3OC(F)(F)F)[nH]2)c(-n2nccn2)cc1Cl,0
O=C(NC1CC1)c1ccc(-c2cnc3c(NCC4CCOCC4)nc(-c4ccccc4)cn23)cc1,0
NS(=O)(=O)c1cc(C(=O)Cn2cnc3ccccc32)c(Cl)cc1Cl,0
O=C(O)CCN1CCC[C@@H]1c1nc2ccccc2n1[C@H]1C[C@H]2CCC[C@@H](C1)N2[C@@H]1C[C@@H]2CCCC[C@@H](C2)C1,0
CNS(=O)(=O)c1cccc(Nc2cc(Nc3ccccc3)ncn2)c1,0
N#Cc1ccc(Oc2ccc(NC(=O)N[C@@H](c3ccccc3)C(F)F)cn2)cc1,0
O=C(NCCn1ccc(-c2ccccc2)n1)N1CC[C@H](F)C1,0
CC(C)(O)Cc1ccc2c(c1)c1cc(OCCCC(F)(F)F)ccc1c1nc(-c3c(C#N)cccc3C#N)[nH]c21,0
Cc1ccnc2ccccc12,0
Cc1ccc(N2C(=O)N(c3ccc(C)cc3)C2=O)cc1,0
OC(O)c1ccc(Cl)cc1,0
CC(=O)N(C)C1CCN(Cc2nc3ccccc3c(=O)n2CC#N)CC1,0
CCCNCc1cc(Cl)cc(Cl)c1,0
COc1ccc(CN[C@H](C)CN(C)C(=O)c2cc(C#N)c[nH]2)nn1,0
C[C@@H](N=c1cc[nH]c(C#N)n1)[C@@H](C)NC(=O)c1cc(F)cc(Cl)c1,0
CNCCCCc1ccccc1,0
CC1(C)C(O)CC2(COC=N)OC1C(O)C2=O,0
Cc1cc(-c2nc(-c3ccc(-c4ccc(C#N)cc4)cc3)no2)nn1C1CCOCC1,0
Cc1cc(C)cc(Oc2c(CSCc3cccc(C#N)c3)c(C)[nH]c(=O)c2I)c1,0
CC(C)Cn1c([C@@H]2CC[C@H](C)O2)nnc1N(C)Cc1cccc(C#N)c1,0
O=C(O)NCc1ccccc1,0
Cc1cc(C)c(CNC(=O)c2cc(-c3ccc(CN4CCOCC4)cc3)cc(N(C)C3CCNCC3)c2C)c(=O)[nH]1,0
O=C(CCN1CCN(c2ccc(Cl)cc2)CC1)Nc1nccs1,0
CCC(c1ccc(-c2ccc(O)c(O)c2)cc1)n1ccnc1,0
C=C(Br)C(=O)Nc1ccc(/C=C/C(=O)c2ccc(Cl)cc2)cc1,0
CCCCC1(CCCC)NS(=O)(=O)c2ccc(N(C)C)cc2[C@@H](c2cccc([N+](=O)[O-])c2)[C@H]1O,0
CN(C)c1ccc(/C=N\c2cccc([N+](=O)[O-])c2)cc1,0
C[C@H](N)c1ccn(C2CCC(C#N)(c3ccccc3)CC2)n1,0
CCCNCc1cc(F)cc(F)c1,0
CCn1c2c(c(=O)n(Cc3ccccc3)c1=O)CN(Cc1cccc(Cl)c1)CC2,0
CCC1C2NCC1(C)Nc1c2nsc1C,0
CC12CC(=O)NCC13C(=O)CS(=O)(=O)CN23,0
CN1CCN(Cc2ccc3c(c2)Cc2c(-c4ccc(CNC(=O)Nc5cccc(C(F)(F)F)c5)s4)n[nH]c2-3)CC1,0
CCC1(O)CNCC(=O)OC(C)(C#N)CNC1,0
COC(=O)c1ccc(OC)c(O)c1,0
Cc1cccc(Cl)c1NC(=O)CN,0
COC(CNc1ncc2c(n1)c(Nc1ccc(F)c(Cl)c1)nc1cc(C(=O)O)ccc12)OC,0
CC1NCC2c3oc(=N)[nH]c3OC1CCC2N,0
Cc1cccc(-c2cccnc2)c1,0
N#Cc1cnc(NC2(CNC(=O)C3(c4ccccc4)CCC3)CC2)cn1,0
CCCCNC(=O)c1ccccc1,0
Cc1ccccc1-c1nn[nH]n1,0
CCC1NCC2N(C=CC23NCC3=O)C1=O,0
C[C@H]1CC[C@@H](C=NN(C)C[C@H](C)O)C1,0
CN1C(=O)CC(C)(C)NC2=NCC1CC=C2,0
O=C(C[C@H]1S/C(=N/CCc2ccccn2)N(CC(=O)NC2CCCC2)C1=O)Nc1cccc(O)c1,0
OCc1ccc(CO)cc1,0
COC(O)c1ccccc1,0
CCCCOC(=O)CCC(C)=O,0
Cc1ccnc(N(C)[C@H]2CCc3c(c4cc(F)ccc4n3CC(=O)O)C2)n1,0
COC(O)COc1ccccc1,0
CCC12CCC1C1NCC(C=NO)(O2)C1C,0
C=CCNC(=O)CN[C@H]1CCC[C@@H](NC(=O)c2n[nH]c(C)c2C)C1,0
CN=C(O)Nc1ccccc1,0
C=CC[C@@H](C=C)Oc1nccc(C(F)(F)F)n1,0
OCOC(O)Cc1ccccc1,0
Cn1cc(CN2[C@H]3CC[C@H]2CN(Cc2n[nH]cc2Br)C3)cc1C#N,0
CC1N2C=NCCC2CC2OC(C)(C)C1(C)O2,0
C#CC1CNC(=O)C(N=CN(C=O)CC)C1C,0
Cc1cc(=O)oc2c(C)cccc12,0
CNCc1ccccc1,0
Cc1cccc(C(=O)NCC2(NC(=O)C#CC(C)(C)C)CCC2)n1,0
COc1cc(OC)c2c(c1)O[C@@]1(c3ccc(Br)cc3)[C@H](c3ccccc3)C[C@H](NC=O)[C@@]21O,0
COC(=O)c1ccccc1C(=O)O,0
C#CC(C)Oc1cscc(C)[nH]c(=N)c(N)c1,0
CC(=O)NCc1cncc(-c2cnc3c(c2)CCCN3C(N)=O)c1,0
C=CCC(F)(F)C(=O)N1CC[C@H]2[C@@H]1CCN2C(=O)Nc1c(C)noc1C,0
COC(=O)c1ccc(OC)cc1O,0
Cc1cccc(C)c1N,0
O=C(O)CCC[C@@H]1CC[C@@H]2[C@@H](/C=C/[C@@H](O)COc3ccccc3)[C@H](O)C[C@@H]2OC1,0
COC(=O)c1cccc(O)c1OC,0
O=C(O)c1ccc(C(F)(F)F)cc1-c1ccc2c(c1)OC[C@H](Cc1ccccc1)[C@H]2O,0
COCC#CCN[C@H]1C[C@H]2C[C@@H](C1)N(C(=O)C13CCC(CC1)C3)C2,0
COC(N)Cc1ccccc1,0
CCc1ccnc(C#N)c(=O)nc(N)oc1N,0
N#Cc1ccc(CNC(=O)N2CCC[C@H](N3CCCC3)CC2)s1,0
CCc1cn2c(-c3cn[nH]c3)cnc2c(Nc2ccc(C(=O)N3CCNCC3)c(Cl)c2)n1,0
C=C(C)C(C)(C)C(=O)NC1CC2(CC(NC[C@H](C)OC)C2)C1,0
Cc1cccc(NC(=O)C(=O)N2CCC(OCCN3CCCC3)CC2)c1C#N,0
COc1nc(N(C)C)ncc1-c1cc2c(n1C(C)C)[C@H](c1ccc(C#N)cc1)N(c1ccc(F)c(Cl)c1)C2=O,0
C=CC[C@H](CC(=O)NC1(c2ccc(NC(=O)C34CC(F)(C3)C4)cc2)CCC1)NC(=O)OC(C)(C)C,0
O=C(c1cc(Cc2n[nH]c(=O)c3c2NCCC3)ccc1F)N1CCN(C(=O)C2CCCO2)CC1,0
CC1C2(N=CN)c3ccnn3C1(C)CC2CN,0
C[C@@H]1CN(CC(=O)N2CC(C)(C)c3ncc(C(F)(F)c4ccccc4)cc32)[C@@H](CN2CCCC2=O)CN1,0
Fc1ccc(Cn2cnc(-c3cc(-c4nn[nH]c4C(F)(F)F)ccn3)c2)cc1,0
CCC(O)C1C(OC)C1C1=CCC(O)C1N,0
C[C@H](Oc1ccc(F)cc1)c1nnc(N(C)[C@H](C)CC#N)n1C[C@@H](C)N(C)C,0
CC(C)c1ccc2ccccc2n1,0
C=CCCN1C[C@@H]2C(CNC(=O)c3c(C)noc3C(C)C)[C@H]2C1,0
C=CCOCCNCCCNC(=O)[C@@H](CC)OC1CCCCC1,0
CCN(C)c1nnc(Cl)c2c1C(O)CC2,0
C=CCN(CC=C)C(=O)COc1ccc(Cc2ccccc2)cc1,0
COc1ccc2ccc(S(=O)(=O)N(C)[C@H]3CCN(Cc4csc(C(=N)N)c4)C3=O)cc2c1,0
CCC(C)(CO)N1C2CC(OC2=N)C1CC#N,0
C=CCN(CC=C)CCc1c[nH]c2ccccc12,0
CC#CCCCC(=O)N[C@@H]1CN(C(=O)c2cc(OC)n(C)n2)C[C@@H]1C,0
Cc1ncncc1C(=O)N1CC[C@@H](NCc2cccc(C#N)c2)[C@@H](C)C1,0
COc1cc(C)c(N)cc1C(C)C,0
C#Cc1cncc(C(=O)N2CC[C@H]3CN(C(=O)C(F)=C4CCCC4)C[C@H]32)c1,0
O=C(/C=C\c1cnccn1)c1ccccc1F,0
CC1(O)CNC(C)(C)C(O)C23CC2CNC13,0
C=CCC(CC=C)C(=O)N1C[C@H](O)[C@@H](N(C)C(=O)c2cncs2)C1,0
C=C(C)CCC(=O)N1C[C@@H](C)[C@@H](NC(=O)c2cc(C)nc(C)c2)C1,0
C#CCN(Cc1nnc(-c2cccc(Cl)c2)o1)C1CCCCC1,0
C#CCO[C@H](C)C(=O)Nc1cccc(S(=O)(=O)C(F)F)c1,0
CC1(O)C(=NCC(CO)C(=N)N)NC(=N)C1N,0
CC(C)(C)c1ccc(CNC(=O)N(O)Cc2ccc(NS(C)(=O)=O)cc2)cc1,0
CN(C)CCCc1ccc(N)cc1,0
CN1CCc2ccc(Cl)c3c2C(CC3)C1,0
C#CC1NC2(C)C3CC3(O)C1C2(C)C(=O)O,0
Cc1[nH]ncc1-c1ccccc1,0
CC1COC2=NCC=CCOC2C1C1CC1,0
O=C(/C=C/c1cccnc1)NCCCCCc1cn(-c2ccccc2-c2ccccc2)nn1,0
OCC(O)Cc1ccccc1,0
O=C(O)CCNCC(=O)O,0
Clc1ccccc1CSc1ncn(-c2ccccc2)n1,0
Oc1ccc2c(c1)OC(c1ccc(OCCN3CCCCC3)cc1)C1=C2CCCOc2cc(O)ccc21,0
CC[C@@H](C)c1nc2ccc(Br)cc2c(=O)n1/N=C/c1cccc(OC)c1OCC(=O)Nc1ccc(F)cc1,0
C#CC(C)OC1C(C)CCC2CCCC1C2N,0
C#Cc1cccc(NC(=O)CN(C)C(=O)[C@@H](C)Oc2ccccc2F)c1,0
CNC(C)=O,0
CCC(=O)NNc1ccc(Br)cc1,0
CCCCCCC(C)=O,0
CC(C)(C)Nc1c(C#N)cnc2cnc(NCc3cccnc3)cc12,0
Cn1cc(-c2cc3c(cn2)cnn3-c2cn(C)c(=O)c(N3CCC[C@H](N)C3)n2)cn1,0
N#Cc1ccccc1N=C1S[C@H](CC(=O)Nc2ccc(Cl)c(C(F)(F)F)c2)C(=O)N1C1CC1,0
Cc1cc2[nH]ccc2c(N=C(NC#N)c2ccncc2)n1,0
CC1CC2CCC3OCC(O)C23CO1,0
CC1N2CC=C3C4C=CC(CC(C=O)=C4)C312,0
CC1C=CCC2CC34COCC3(C4)C(=N1)N2,0
Cc1cccc(C)c1NC(=O)NN,0
OCN(O)C(O)c1ccccc1,0
C[C@H](S)C(=O)NC[C@H]1CCN(C(=O)c2c[nH]c3nc(-c4ccccc4)ccc23)[C@H]1c1cccnc1,0
SCCCNc1nc2c(Cl)cccc2nc1Cl,0
CCS(=O)(=O)N(C)CCCn1c([C@@H](C)Oc2cccc(C)c2C)nnc1N1CC[C@](F)(C#N)C1,0
CCCC(C)C1COC(C)C(C)N1C(C)C#N,0
COCCn1cc(-c2cnc3ccc(N(CC4CC4)c4cc(OC)cc(OC)c4)cc3n2)cn1,0
Cn1cc(C(N)=O)c2ccccc21,0
CCCc1ccc(Oc2c(C)n(-c3noc4cc(Cl)ccc34)c3ccc(OC(F)(F)F)cc23)cc1O[C@@H](C)C(=O)O,0
O=C1CCCN1CC#CCN1CCCC1,0
CC1CC2C3CC(CCN3)C(O)CC2(N)CO1,0
N=C(N)NCCC[C@H]1C[C@@H](OCc2ccccc2)CN1C(=O)[C@@H](Cc1ccccc1)NC(=O)[C@H]1Cc2ccccc2CN1,0
COC(=O)c1ccccc1NC(=O)NN1CCN(C)CC1,0
CCC(CC)c1noc2cc(Nc3n[nH]c4ncccc34)ccc12,0
COCCN(C(=O)COC(=O)c1ccco1)c1c(N)n(Cc2ccccc2)c(=O)[nH]c1=O,0
O=C(CCN1CCN(c2ccccc2)CC1)Nc1ccc(OCc2ccccc2)cc1,0
CCN=c1c(I)coc(CC(C)O)c1NC=O,0
CCC(O)(C(=O)O)c1sc(=N)c(N)nc1C#N,0
COc1ccccc1-c1ccc2ncnc(NCc3cccnc3)c2c1,0
COc1c(Cl)cc(C(=O)O)cc1Cl,0
CCc1nnc(N(CCC#N)CCC(C)C)n1C[C@H]1CCS(=O)(=O)C1,0
Cc1cccc([N+](=O)[O-])c1C(=O)O,0
CC(=O)Nc1ccc(C(C)C)cc1,0
COC[C@@H]1CCCCN1C(=O)c1ccc(C#N)cc1F,0
Cc1sc(-c2ccccc2)cc1-c1cc(C(N)=O)nn1C,0
CCOC(=O)c1sc2cc(Oc3ccnc(C(=O)NC)c3)ccc2c1C,0
CC(C)[C@@H](SCc1ccccc1)C(=O)Oc1ccc(C#N)cc1,0
CC(C)Oc1ccc(C(=O)O)cc1,0
CC(C)(N)C1=CCC=CCCOCCNC1,0
CCC12CC(NCC3OC=NC3CO1)C2=NO,0
NS(=O)(=O)c1cccc(Nc2ncc3ccn(-c4ccccc4)c3n2)c1,0
CC1C=CCNC2CNC(CC#N)C2N1,0
CNCc1cccnc1,0
CC1(C)CC2C(=N)Nc3sc(=N)sc3C21N,0
C#CCN1CCC([C@H](C)NC(=O)[C@H]2CCCCO2)CC1,0
C#CC12CCn3c1c(cc(CC)c3=N)C(C)N2,0
CC1=CC=C2N=C(O)C(Cl)=C(N=C(C)N=C1)S2,0
C[C@H](C[C@H](C)NC(=O)c1ccc(C2CC2)cn1)N=c1cc[nH]cc1C#N,0
C1=CC2N3CCC4(Cc5cocc5C234)OC1,0
CC(C)(C)OC(=O)[C@H](NC(=O)c1ncc(C#N)cc1Cl)c1ccc(F)cc1,0
CC12CC(O)C(CC3NC(CC3N)C(=N)N1)C2,0
COc1ccc2nc(N)ccc2c1,0
C#CCCN1CC2(C[C@@H](NC(=O)c3ccc(N(C)CC)cc3)CO2)C1,0
Oc1ccc(-c2[nH]c(-c3ccccc3)nc2-c2ccncc2)cc1,0
CC(=O)OCc1cc(Nc2cc(C)ccc2C#N)ccc1C,0
Cc1ccccc1N1CCC2CN(CCCSc3nnc(-c4cnccn4)n3C)CC21,0
CC(N)CC1C(N)CNC1C1CC(O)C(N)=N1,0
C=CCn1c([C@H](O)C2CCCC2)nnc1N(C)OC,0
CC(=O)Nc1c(C)cc(O)cc1C,0
O=S(=O)(Nc1ccc(F)cc1)N1CCCCCC1,0
CC1OC(CO)C1NCc1c[nH]c(C=O)n1,0
CC(O)C1C(N)COC2CNC(=O)CC(N)C21,0
C#CC1NC2C(C#N)(C(C)N)C23OCOC13,0
C[C@H](OC(=O)c1c(C(F)F)nc2n1CCCC2)C(=O)N(C)CCC#N,0
CCCN(CCC)CCCC(=O)O,0
CC(C)COC(=O)C(C)C,0
C#C[C@H](NC(=O)c1ccc(-c2nn[nH]n2)nc1)C(C)C,0
CC1(C(C=O)C=O)OC2C=CC1(C#N)C2=O,0
COc1cc([N+](=O)[O-])ccc1/N=C/c1ccc(N(C)C)cc1,0
CCN(c1nc(C#N)nc(N2CCOCC2)n1)C1CCCCC1,0
CCc1ccc2oc(=O)ccc2c1,0
CC(C)c1onc(COc2cc(Cl)ccc2Cl)c1COc1ccc(/C=C/c2cccc(C(=O)O)c2)c(Cl)c1,0
CC(C)C[C@@H](NC(=O)[C@H](Cc1ccccc1)NCC(S)[C@@H](N)CC(C)C)C(=O)O,0
C=C[C@H](N[C@@H]1CCC[C@@H](NC(=O)OC(C)(C)C)C1)C(=O)O,0
CC(C)Oc1cccc2c1/C(=N/Nc1ccc(S(N)(=O)=O)cc1)C(=O)N2,0
Cc1cc(=O)oc2cc(Cl)ccc12,0
Cn1cc(-c2cc(S(C)(=O)=O)cc(S(=O)(=O)c3csc(CN)n3)c2)cn1,0
CCOCC1(C)Oc2c(C)[nH]c(CN)c2C1O,0
CS[C@@H]1CC[C@H](N(C)Cc2cn(CCC#N)nc2-c2ccncc2)C1,0
C#CCC1(C(=O)N2CC[C@H](NC(=O)c3ncccn3)[C@H](C)C2)CCC1,0
C#CCCCC(=O)NCC[C@@H]1CN([C@H](C)COC)C[C@H]1C,0
Cc1nc2ccccc2nc1C,0
OCC(O)(O)c1ccccc1,0
NC(OCO)c1ccccc1,0
CC1NC2C(CCC1N)C2(N(C)C)S(=O)(=O)O,0
CC1(COCC#N)CC(CC=O)CN(C=O)C1,0
NCC(O)Cc1ccccc1,0
Cc1nnsc1C(=O)N1CC[C@@H](CCNc2ccc(C#N)cn2)C1,0
O=C(CC1(O)C(=O)N(Cc2cccc3ccccc23)c2ccccc21)c1cccnc1,0
CC1C2C=CC(C2)C12CS(=O)(=O)C(C=O)=CN2,0
C[C@H](N[C@H]1CC[C@H](F)C1)c1ccc(C#N)cc1,0
CC1=CCOc2c(N)c[nH]c2C2(C)OCC12,0
CC1C2NC(=O)C1(N)CC1C2OCCN1C=N,0
CC[C@@H]1C[C@H]1C(=O)NCC1[C@@H]2CN(CC#N)C[C@@H]12,0
C=CC(CC(=C)C)C(C)C(=O)CO,0
OC(O)c1cccc(S)c1,0
CC1CCCC1,0
Cc1nc2ccccc2c(=O)n1N,0
CC(C)=CCN(Cc1cc2c(=O)n(C)c(C)nc2cc1Cl)c1ccc(C(=O)NCc2cccnc2)cc1,0
CCc1cccc2c1[nH]c1c2ccc2c(C=O)c[nH]c21,0
C#CC1CC(C)(C=O)C(O)C(C)(N(C)C)C1C,0
Cc1ncc2ccccc2n1,0
CCOC(=O)c1c(NC(=O)c2c(-c3ccccc3)noc2C)sc(C)c1-c1ccccc1,0
CCC(N)=O,0
Cc1nn(-c2ccccc2)c2nc(-c3cccs3)cc(C(=O)N(C)C[C@H](C)C#N)c12,0
C#CCOC1CC(O)(CO)C(CCC(C)C)O1,0
CCN1CC(C)(CCNCC(N)=O)N(C)C1=O,0
C=C/C(C)=C/CC(=O)NC1CN(Cc2cc(F)ccc2C#N)C1,0
NCCCCCO,0
CC1OC(C)C2(O)COCC3(COC=N3)CC12,0
COc1ccc(-c2cnc(-c3ccc(S(=O)(=O)NC(CCC(=O)O)C(=O)O)cc3)s2)cc1,0
C=CCN1C(=O)C(=O)N(CC(=O)Nc2cc(-c3nc4cc(F)ccc4n3C)ccc2C)C1=O,0
CC12CCOC(O1)C(C)(N)C1(C2)CS(=O)(=O)N1,0
CCN(C[C@H](C)C#N)S(=O)(=O)N[C@@H](CC(=O)OC)C(=O)O,0
CS(=O)(=O)c1ccc(C(=O)N2CCOc3ccc(-c4ccc5nc[nH]c5c4)cc3C2)cc1,0
Cc1cc(N/N=C/C(=O)NCCCCCCCNc2ccnc3cc(Cl)ccc23)nc2c1c(C)nn2C,0
CC(C=O)C1CCC(OC(=O)c2ncno2)O1,0
C=CCO[C@H]1CO[C@]2(CCCN(Cc3ccc(COC)s3)C2)C1,0
CN(C)C(=O)C=Cc1ccccc1,0
CC(N)C1CC2OC(C)C2N=C(CCO)O1,0
COC(=O)[C@H](C)NP(=O)(OC[C@H]1O[C@@H](n2cc(C)c(=O)[nH]c2=O)C[C@@H]1F)Oc1cccc2ccccc12,0
O[C@@H](CNc1ccc(C(F)(F)F)c(F)c1F)c1ccc(F)c(F)c1,0
CC(C)c1cccc(C(C)C)c1,0
C/C(=N\NC(=O)COc1ccc2c(C)c(C)c(=O)oc2c1)c1ccc(Cl)cc1,0
Cc1cc2c(cc1C)C(=O)CCC2,0
COc1cc2cc(C#N)c(-c3ccc(S(C)(=O)=O)c(F)c3)nc2cc1OC,0
CCC(CC)c1cc(Cn2c(C3CC3)nnc2N(C)[C@@H](C)CC#N)on1,0
OC=NCc1ccccc1,0
CNC(=O)CCN1CCOCC1,0
CCC(=O)c1ccc(O)cc1C,0
CC1NS(=O)(=O)C(n2nnnn2)C(O)C2OC12,0
OCOC(O)(O)c1ccccc1,0
CCC1(C)COCCOc2c(O)cncc2C1,0
C[C@@H]1CN(Cc2ccc(C#N)s2)C[C@H]1NC(=O)[C@H]1CCC(F)(F)C1,0
N#CN(C(=N)NCCCCCOc1ccccc1)c1ccncc1,0
C#CCNCCC(CN)OC(C)C(=N)NCC,0
CCCCc1nc(-c2nc(C)cc(C)c2C(=O)OC)cn1Cc1ccc(-c2ccccc2-c2nn[nH]n2)cc1,0
C#CC(C(C)C(=O)C1CNC(C)C1)N1CC1,0
CCN=CNC(CC)C(C=O)C(O)C(=O)OC,0
CCCN1CCCc2ccccc21,0
CNC(=O)NC1CCN(Cc2cc3nc(-c4cccc5[nH]ccc45)nc(N4CCOCC4)c3s2)C1,0
O=C(CCCCN1CCCCC1)Nc1ccc(-c2cccnc2)cc1,0
CC(C)(CNC(=O)c1cnc2ccccc2n1)c1ccc(F)cc1,0
C=C(O)C(O)c1ccccc1,0
C#CC1CC(COCC(CN)C(C)C)N=CN1,0
COC(=O)c1cc(Cl)c(N)c(Cl)c1,0
CC1(C)C(CO)C2(CO)CN=C(N)C(=O)N12,0
CCC(=O)c1ccc2c(c1)OCO2,0
COCC(=O)Nc1ccccc1Br,0
C=CCCCC(=O)NC[C@@H]1CN(CC(=C)Br)CCCO1,0
C=CC[C@H](CC)NC(=O)C(=O)N1CCC([C@@H]2CCCNC2)CC1,0
Cc1nn(CC(=O)NCCO[C@H]2CCCC[C@H]2C)cc1C#N,0
C#CC(Oc1c(C)n[nH]c1CNC=N)C(C)N,0
CC(N)c1ccc(Cl)cc1,0
OCOc1ccccc1O,0
OC(O)(S)c1ccccc1,0
N#C[C@H](Oc1cccc([N+](=O)[O-])c1Br)c1ccccc1,0
O=C(O)CCCCCO,0
CC(=O)N[C@H](C(=O)NC1CCN(C2CCN(C(=O)c3cccc([C@H](C)C#N)c3)CC2)CC1)C(C)(C)C,0
Cc1ccc2c(C)cc(N3CCO[C@@H](c4cccc(C#N)c4)C3)nc2c1,0
COc1cc(C(C)C)ccc1C,0
CC1CCN2CC(N3CCC3=N)=CC2CN1,0
Oc1ccc(-c2ccc(-c3c(Cc4ccccc4)sc4ccccc34)cc2)cc1Br,0
COc1ccc(OC)c(CCc2cnc3nc(N)nc(N)c3c2C)c1,0
C#C[C@@H](CC)NC(=O)[C@@H]1COCCO1,0
CC(C)C(CO)(CO)C(C#N)C1CC(O)CN1,0
CCC12C(=N)OC(C(C)(C)N1C)C21CO1,0
C#CCC12CC1C1COC2C2(CO2)C1,0
CN1CCC(CO)(NC(=O)c2cc(O)cc(-c3cccc(C#N)c3)c2)CC1,0
CN1CCN(C2Cc3ccccc3Sc3ccc(-c4cncnc4)cc32)CC1,0
C=C[C@@H]1OCCC[C@H]1N[C@H]1CN(Cc2ccccc2)C[C@H]1C,0
N#Cc1ccc(-c2csc(Nc3ccc(N)c(Cl)c3)n2)s1,0
CCC1CCN(c2nnc(-c3cccc(C#N)c3)n2CCC2(O)CCC2)CC1,0
N#Cc1ccncc1C(=O)N[C@@H]1CCN(C(=O)c2ccccn2)C1,0
Cc1cc(C)cc(N)c1,0
CCn1cc2c(nc(NC(=O)Nc3ccccc3)n3nc(-c4ccco4)nc23)n1,0
N#Cc1cccc([C@@H]2CN(C(=O)c3ccc4c(c3)C[C@H](c3ccccc3)OC4=O)CCO2)c1,0
CC(=O)N(O)CCc1ccccc1,0
CC1CC(N)C2(O)CNC3(C)COCC132,0
O=C1NC(=O)N(c2ccc3[nH]cnc3c2)C1c1ccc(-c2ccccc2)cc1,0
C=C(C)[C@@H]1OCC[C@@H]1C(=O)N(C)C1CN(C(=O)[C@@H]2CCCC(F)(F)C2)C1,0
CCC(CC)(Cc1ccc(C(=O)Oc2ccc(C(=N)N)cc2F)s1)C(=O)NCCCCC(=O)O,0
CC1OC(=N)CC2C(C)C3C=CCC3C12,0
C=C(C)Cn1c(C[C@H](O)CC#N)nnc1N1CCc2cccc(OC)c2C1,0
Cc1nc(NC(=O)c2ccc(C(=N)N)cc2)sc1CCC(=O)O,0
CC(=O)NCC(=O)NCC(=O)O,0
Cc1cccc(C(=O)NCCCNc2ccc(C#N)cc2[N+](=O)[O-])c1,0
CCCCCCCCCCCCBr,0
CCCCCO,0
C[C@@H](CNc1ccc(OC(F)(F)F)cc1)NC(=O)[C@H](CCC1CCCCC1)CC(=O)N1CCOCC1,0
C=C(C)CCN1[C@@H]2CC[C@H]1[C@@H](NC(=O)c1cn(C)nc1COC)C2,0
COC(=O)[C@H]1C[C@H](N2CCN(c3cc(C#N)ccn3)CC2)CN1C(=O)OC(C)(C)C,0
CC1OC2(OCCC2O)C2(C)COC1OC2=O,0
CCC1(CC)OCOC(C)(C)C1(C)OC,0
CC#CCN[C@H](C)C[C@@H](C)NC(=O)C1CC2(C1)CS(=O)(=O)C2,0
COC(=O)[C@H]1CCN(c2nnc(-c3ccc(C#N)cc3)n2Cc2ccc(N(C)C)nc2)C1,0
CC(C)C[C@H](N[C@@H](c1ccc(-c2ccc(S(C)(=O)=O)cc2)cc1)C(F)(F)F)C(=O)N[C@@H](C)C#N,0
Cc1cnc(O)c(CC(O)COCC=O)c1O,0
N#Cc1ccc(Sc2nnc(Cc3cccs3)n2CCc2ccccc2)cc1[N+](=O)[O-],0
CCC(NC)C1CCNCC1(C)N(C)CC=O,0
O=C(NO)C1(S(=O)(=O)c2ccc(Oc3ccc(Cl)cc3)cc2)CCN(Cc2ccccc2)CC1,0
CC1CNCC1C1C(C)(C)CNC1(C)C(=O)O,0
COc1ncc(-c2ccc3ncc(-c4nnc(C)o4)n3c2)cc1NS(=O)(=O)c1ccc(F)cc1F,0
CC(=NO)C1(C(=N)NCC#N)OC1C(=N)N,0
CN1CCCc2ccccc21,0
Cc1cc(C#N)ccc1OC[C@@H](O)COc1ccc(C#N)cc1,0
NCc1cccc2ccccc12,0
NCCCn1cc(-c2cc(-c3cc4ccccc4s3)c3[nH]ncc3c2)c2nc(N)ncc21,0
CC(=N)OC1COC2Oc3c(O)oc(O)c3C12,0
Cc1ncoc1C(=O)N(C)C[C@@H](O)CNC(=O)[C@@H](C)C#N,0
CCCCCCn1ccccc1=O,0
C=C[C@H](CC)CC(=O)N1CC[C@H](CCNC(=O)c2ccncn2)C1,0
COC(=O)c1cc(C#N)cc(Nc2ccc(OCC(F)(F)F)cc2)c1,0
CC(C)N1CCC(N2CCN(c3nnc([C@@H]4C[C@H]4C#N)n3CC3CC3)CC2)CC1,0
COc1ccc(NS(N)(=O)=O)cc1,0
Nc1cccc(C(O)O)c1,0
O=C(O)CCCc1cccs1,0
CC1NC(=O)C2C=CC3(CC#N)CC(=NO)C123,0
CC[C@H](C)NC(=O)Cn1cc(Br)cc(C#N)c1=O,0
CN(c1ccccc1)C(O)(O)O,0
CCCC(N)=NCC(CCC)(NC=O)C(C)N,0
NC(N)c1ccccn1,0
C#CCC(N)=NCC1CCOC(C)C1(C)C#N,0
Cc1cc(C)cc(-c2cnc3cc(Cl)c(-c4ccc(Cl)nc4)cc3c2OCC[C@H]2CCCCN2)c1,0
CN(C(=O)O)c1ccccc1,0
COc1ccc(F)c(C(N)=O)c1F,0
N#Cc1cc(NC(=O)COc2ccc(C(N)=O)cc2)ccc1OCC(F)(F)F,0
C#CCN1C(=N)N2C=CC34C(C1CN3C)C24,0
CCCCCCCO,0
OC(O)c1ccc(Cl)c(Cl)c1,0
Cc1ccc(C2CCNCC2)cc1,0
C#CCN1C[C@H]2C(NC(=O)[C@@H]3C[C@H]3c3sccc3C)[C@@H]2C1,0
CC(C)OC(=O)c1ccc(O)cc1,0
CCC(CC1(CC(C)N)CCC1C)C(N)=O,0
CCCCCn1cc(C(=O)NC23CC4CC(CC(C4)C2)C3)c(=O)c2cc(-c3ccc(Cl)s3)ccc21,0
CO/N=C/c1ccc(C(=O)N[C@@H]2C[C@H](O)C2(C)C)cc1,0
CN1CCC(c2c(O)cc(O)c3c(=O)cc(-c4ccccc4Cl)oc23)C(O)C1,0
OCOCC(O)c1ccccc1,0
COc1cc(C=NNc2ccc([N+](=O)[O-])c(Cl)c2)ccc1C(=O)O,0
N#Cc1cccc(NC(=O)c2cccc(NC(=O)CCc3cccc4c3OCO4)c2)c1,0
O=C(N/N=C/c1ccccc1O)c1ccc(O)cc1,0
Cc1[nH]c2sc(CN)c3c2c1C(C)COC3C,0
CNC(=O)CCCCCNC(C)=O,0
COc1ccc(S(=O)(=O)N=C2C=C(Nc3ccc(O)cc3)C(=O)c3ccccc32)cc1,0
COc1nc(CSc2ccc(-c3nccs3)c3c2C(=O)CC(C)C3)ns1,0
C[C@@H]1CN(c2ncccc2F)C(=O)c2cc(COc3ccc(Cl)cn3)nn21,0
CCN(C)C1(C)COC2C3CC(C)CC321,0
OCc1ccc(Cl)cc1,0
CC(=O)c1csc2ccccc12,0
Cc1c2c3ccccc3nc-2n(C)c2ccccc12,0
Cc1cc(C#N)nc(N2CCOC[C@@H]2CNC(=O)Cc2ccon2)n1,0
CN(C)C(O)c1ccccc1O,0
CCCCOC(=O)CCCC,0
CN([C@@H]1CCc2c(CC(=O)O)c3ccccc3n2C1)S(=O)(=O)c1ccc(F)cc1,0
Nc1cncnc1,0
C[C@H](NC(=O)N1CCN(c2ccc(C#N)cn2)CC1)c1cc(F)ccc1N1CCC(O)CC1,0
COc1cc(/C=C\c2ccc(N(C)C)c(N)c2)cc(OC)c1OC,0
N#Cc1ccc(C(=O)NC[C@@H]2CCN2Cc2nnsc2Cl)[nH]1,0
Cc1cccc2cccnc12,0
CCC(C)(C)C,0
Cc1ccc(-c2cccnc2)nc1,0
CC1OC2(C(F)(F)F)CC(O)C2NC1CO,0
CCN(CCC#N)S(=O)(=O)N[C@H](C)c1ccc(Cl)cc1,0
CC(C)C(C)C,0
N#CC1=C(N)Oc2c(ccc3[nH]ccc23)C1c1ccccc1,0
Cc1cccc(O)c1C,0
COc1c(-c2cc(C(F)(F)F)nn2-c2ccc(S(N)(=O)=O)cc2)c(O)c(OC)c2occc12,0
CCNC1COC(C)OC(Cc2nccs2)C1,0
CC(C)c1ccccc1C(C)C,0
CCC(C#N)NC(C)c1cc(=NO)cc(C)o1,0
C[C@H](CNC(=O)C12CC(C(F)(F)F)(C1)C2)N=c1cc[nH]c(C#N)n1,0
COc1ccc(C(=O)C=CO)cc1,0
O=C(C[C@H]1CC[C@H](O)CC1)N[C@H]1CC[C@H](CCN2CCN(c3nccc4sccc34)CC2)CC1,0
CCCCN(C)C,0
C[C@@H](NCC1CC(C)(C)C1)[C@@H]1CCCCN1C(=O)c1ccc(C#N)[nH]1,0
CCCOC(=O)c1ccc(O)cc1,0
O=CNc1cc([C@@H](O)CNCCc2ccc(NC[C@H](O)c3ccccc3)cc2)ccc1O,0
Cn1c2c(c(=O)n(C)c1=O)C(C(F)(F)F)(C(F)(F)F)NC(c1ccc(Cl)cc1)=N2,0
Cc1ccnc2c(Cl)cccc12,0
CN(C(=O)COC[C@H]1CCOC1)[C@H]1CCN(c2cncc(C#N)n2)C1,0
Cn1ccc(-c2ccccc2)c1,0
Cc1ccc(-n2nnc(C(=O)N[C@@H](C#N)c3ccc(C(C)(C)C)cc3)c2C)cc1,0
COCCCn1c(NN=C[C@@H](C)CCc2ccccc2)nc2ccccc2c1=O,0
CN(Cc1ccc(Cl)cc1)[C@H]1CCN(C(=O)C#CC2CC2)C1,0
O=C(O)c1ccc2cc(-c3ccc(CC(O)CO)c(C45CC6CC(CC(C6)C4)C5)c3)ccc2c1,0
O=C[C@@H]1CCCN1C(=O)CCC(=O)NCc1ccc(Cl)cc1,0
NS(=O)(=O)c1cc(C(=O)NCc2ccccc2)c(Cl)cc1Cl,0
CC(NC(=O)O)c1ccccc1,0
CC(=O)C1C2C(=NO)C3(CCN12)COCO3,0
Cc1cc(S(N)(=O)=O)ccc1NC(=O)COc1ccc(Cl)cc1C(=O)c1cc(Cl)cc(C#N)c1,0
N#Cc1c(Cl)cccc1S(=O)(=O)NC1(Cc2cccc(F)c2)CCC1,0
CC(C)(C)OC(=O)N1C[C@H](C#N)[C@H](NC(=O)c2ccc(O)c([N+](=O)[O-])c2)C1,0
C[C@H](Oc1cccc(Br)c1)C(=O)N[C@H](CCC#N)c1ccccc1,0
CC(C)N1C(=O)C(=NOCc2cccnc2)c2ccccc21,0
C=C(C)C(=O)OCCCCCC,0
CCCCCC,0
C[C@H](CCC(C)(C)C)C(=O)N1CC[C@@H](N(C)c2cncc(C#N)n2)C1,0
C#CCOc1ccc(C(=O)N2C[C@@H](C)C[C@@H]2c2ccccc2F)cc1,0
C#Cc1cccc(NC(=O)CN(C)c2nnc(C3CCC3)n2Cc2cccs2)c1,0
COc1ccc([C@@H]2[C@@H](C(=O)O)[C@H](c3ccc4c(c3)OCO4)CN2CC(=O)NC2CCCC2)cc1,0
Oc1ccc(-c2nc3cc(O)cc(-c4nccs4)c3o2)cc1,0
CCC1C(C(C)O)OC2C(=O)NC1(CN)C2C,0
OCc1cccc(CO)c1,0
C=CCC1Oc2cccc(OC)c2-c2ccc3c(c21)C(C)=CC(C)(C)N3,0
C=C(C)CN1C[C@@H]2CN(C(=O)[C@@H](C)Oc3ccc(C)cc3)C[C@]2(C)C1,0
CC(CO)CC1CN(C)S(=O)(=O)C(=O)C(=N)O1,0
C=CCN(CC=C)C(=O)[C@@H](C)OC(=O)c1cc(N)c(F)c(F)c1F,0
C=C(C)CN1CCC(C)(NC(=O)c2cccc(NC(=O)CC)c2)CC1,0
O=C(COc1cccc2[nH]cc(Sc3ccc4ccccc4c3)c12)NS(=O)(=O)c1cc(F)cc(F)c1,0
Cc1cc(N)n2c1C(CN)C(C)(CN)CCC2,0
C#Cc1ccc(C(=O)NC[C@H]2CC[C@@H](NC(=O)[C@@H]3CCCCO3)C2)cc1,0
Cn1nc(C(F)(F)F)cc1-c1cnc(N=C(c2ccccc2)c2ccccc2)nc1,0
Cc1ncoc1C(=O)NC1CC(C)(C)Cc2c1cnn2-c1ccc(F)cc1,0
OCc1ccc(O)cc1,0
C#CC1C(O)CN(C)C(=O)N1CC(C)C(C)N,0
CCCC[C@H](NC(=O)O[C@@H]1C(=O)N(C(=O)Oc2ccc3ccccc3c2)CC1(C)C)C(=O)C(=O)N[C@H](C)c1ccccc1,0
OCc1cccc2ccccc12,0
C#CCCN1CC([C@H](C)NC(=O)c2cn(C)c3ccc(F)cc23)C1,0
C=CCNC(=O)NCCc1cn2c(n1)SCC2,0
CCC1OC2=NCC(C)(NCCNC2=N)C1=O,0
CC12OCOC3COC(c4c[nH]cc4C1O)C32,0
CC(C)NC(=O)c1cccc(Br)c1,0
Cc1cc(C)c(Oc2cc(Nc3ccc(C#N)cc3)ncc2C(=O)NCc2cn(CCCO)nn2)c(C)c1,0
CN1C2CNC(C2)C2(O)CNC(=O)C1C2CO,0
C#Cc1n[nH]c(COC(C)C)c1CCC(C)N,0
CC#CCN1CC[C@@]2(CNC(=O)c3cnn[nH]3)CCC[C@@H]12,0
CCN(C(=O)COC(=O)c1cc2ccccc2cc1O)C1CCS(=O)(=O)C1,0
CC(C)(C#CCO)Cc1cocc1O,0
CCCN(c1ccccc1)S(=O)(=O)c1ccc(-c2ccc3c(cnn3-c3ccc(F)cc3)c2)c(C(F)(F)F)c1,0
CCCCCCCCC(N)=O,0
CCNC(=O)Oc1ccc(C)cc1,0
CCn1ncc2c(NC3CCCCC3)c(C(=O)NCCCCNc3c4c(nc5cc(Cl)ccc35)CCCC4)cnc21,0
C#CC1C(C)CC2OCOC1(CN=CN)C2N,0
COc1ccc(CCCN[C@H](C(=O)O)c2cccc(C#N)c2)cc1OC,0
CC1C2CCN1C1(C)CNC(=N)C(C1)NC2=O,0
O=C(Nc1ccc2[nH]nc(-c3nc4ccc(N5CCOCC5)cc4[nH]3)c2c1)C1CC1(F)F,0
CN=CCc1ccccc1,0
CC(C)C[C@H](C#N)N[C@@H]1CCC[C@@H](n2ncnn2)C1,0
C=CCN(CCOC)C(=O)NC[C@@H](C)CN1CCCCC1,0
CN(C)CCCO/N=C/c1c(N)ncnc1Oc1ccc(NC(=O)C2(C(=O)Nc3ccc(F)cc3)CC2)cc1F,0
Cc1c(-c2ccc(-c3ccccc3F)cc2)nc2ncccc2c1C(=O)O,0
CCC(C)(C)Cn1c(-c2cc(OC)cc(OC)c2)nnc1N(C)C[C@H](C)C#N,0
C=C(C)CN[C@H]1CCN(C(=O)C2(n3cnnn3)CCOCC2)C[C@@H]1C,0
C#CC1c2cnc([nH]2)CCCC2COC1O2,0
CN(Cc1ccc(C(=O)N[C@@H](CCC(=O)O)C(=O)O)cc1)Cc1cnc2nc(N)nc(N)c2n1,0
O=c1[nH]cnc2c(-n3cc(CCN4CCC5(CCc6ccccc65)CC4)cn3)nccc12,0
COCCNc1nc(Nc2ccc(C(=O)N3CCOCC3)cc2OC)ncc1Br,0
CC[C@@H](C)[C@@H](C)C(=O)N(CC#N)c1ccccn1,0
CCOc1cc(N)ccc1C(=O)O,0
C#CCN(Cc1ccc2[nH]c(N)nc(=O)c2c1)c1ccc(C(=O)NC(CCC(=O)O)C(=O)O)cc1,0
CC(C)OC(=O)Cc1ccccc1,0
Cc1ccc(-c2nn(C(C)(C)C)c3ncnc(N)c23)cc1,0
CCC(=O)c1ccccc1OC[C@H](O)CN1CCN(c2ccccc2C)CC1,0
C=CCOCCSC[C@@H]1CCO[C@H]1C,0
C[C@@H]1C[C@H](C)N(S(=O)(=O)Cc2cc(C#N)ccc2F)C1,0
CCNC(=O)CC[C@@H](CO)N(C)C(=O)c1ccc2c(c1)c1c(n2C)CC[C@@H](C2CCOCC2)C1,0
CC1CCNCCC2CC(O)CC2OCC1O,0
CCC[C@@H]1NC(=O)[C@H](C)NC(=O)C[C@H](CC(C)C)NC(=O)[C@H](Cc2cn(CN(C)C)c3ccccc23)NC1=O,0
Cc1ccc(Cc2sc(NC(=O)N3CCN(c4ccc(C#N)cc4F)CC3)nc2C)cc1,0
O=S(=O)(Cc1ccccc1)NN=Cc1ccc(F)c(Cl)c1,0
CNC(=O)[C@H]1O[C@@H](n2cnc3c(NCc4cccc(I)c4)nc(Cl)nc32)[C@H](O)[C@@H]1O,0
CN(C)CCNC(=O)c1cc(Sc2ccc(F)cc2)nc2ccccc12,0
CCCCC/C=C\C/C=C\C/C=C\C/C=C\CCCC(=O)NCCOP(=O)(O)O,0
Cn1cncc1C(OCc1ccc(C#N)cc1-c1cc(Cl)cc(Cl)c1)c1ccc(C#N)nc1,0
CC(=O)Oc1ccc(C(C)=O)cc1,0
C#CCN1CCC[C@H]1C(=O)NC[C@H]1C[C@@H](NCc2ncnn2CC)C1,0
OC(O)(Cl)c1ccccc1,0
C[C@H](NC1[C@H](C)CCC[C@H]1C)c1ccc(C#N)c(F)c1,0
C=C(Cl)CN(C)[C@H]1CCN(C(=O)c2ccccc2O)C1,0
C#CC(N)(C(=N)NC)c1[nH]nc(OCC)c1N,0
CCN(CC)c1ccc(NC(=O)c2cc(OC)cc(OC)c2)c(C)c1,0
COC(C)C(O)c1ccccc1,0
NCCc1ccccc1Cl,0
C[C@]12CCC(=O)C=C1CC[C@H]1[C@@H]3CC[C@](O)(C(=O)CSc4nc5ccccc5s4)[C@@]3(C)C[C@H](O)[C@@]12F,0
C#CCNC(=O)CCN[C@H]1CCN(c2ccccc2C(F)(F)F)C1=O,0
Cc1cccc(-c2ccn(C)c2)c1,0
CCCC(=O)O,0
CC1=NC(C)C(C)C(O)C(O)CC(CCN)N1,0
CCC(CCOCCOC)c1cc(O)c(C(c2cccc(NS(=O)(=O)c3cn(C)cn3)c2)C2CC2)c(=O)o1,0
ON(O)c1ccnnn1,0
O=C(O)c1cccc(CO)c1,0
C=CCC[C@@H](C)NCCCNC(=O)c1ccc(C)nc1OCC,0
C[C@@H](C#N)C(=O)N1C[C@@H](NC(=O)C=C2CCC2)[C@H](c2cncn2C)C1,0
CCCCCC(=O)O,0
CN(C)CCN(C)C,0
Cc1occ(N)c1N(C=O)c1c(N)csc1O,0
Cn1c(N)nc2ccccc2c1=O,0
CN(C)c1cccc(CNCC2CCN(C(=O)c3ccc(Cl)c(Cl)c3)CC2)n1,0
CC[C@@H](Cc1ccc(Br)cc1)NC(=O)CCC(=O)N(CCC#N)c1ccccc1,0
COC(=O)c1ccc(C(=O)O)cc1,0
CCC1C(=O)C2NC1C(C#N)C2CCC(C)O,0
CCCCCCCl,0
CC(C)C1CC2CC(C)(C)OC2(C(C)O)C1,0
Cc1cc(=O)[nH]c(-n2ncc(C(=O)NCc3ccc(F)cc3)c2C)n1,0
CCC1(C(=N)NCCCO)CCN=CNC1=O,0
C=CC(=O)Nc1cc(Nc2nccc(Nc3ccccc3-n3nccn3)n2)c(OC)cc1N(C)CCN(C)C,0
Cc1c(Nc2c(C#N)cncc2-c2ccc(OCCN3CCN(C)CC3)cc2)ccc2[nH]ccc12,0
CC1(C#N)CN(C(=O)c2ccc(C[C@@H]3CC(=O)NC3=O)cc2)C1,0
C=CCc1ccc(OCc2nc([C@H]3CC(=O)N(C4CC4)C3)no2)c(OC)c1,0
C=C[C@](C)(CC)C(=O)N(C)[C@H]1CN(C(=O)c2cnns2)C[C@@H]1O,0
CCCOc1ccc(C(=N)N)cc1,0
CCC(C)CCC(CC)c1noc(=O)n1C=O,0
C#CC1(S(N)(=O)=O)COC(C(C)O)C(C)CO1,0
CC1(C)OC=NC12c1c(n[nH]c1O)NCC2N,0
Cc1ccc(COc2ccc3nc([C@H]4[C@@H](C(=O)O)C4(C)C)n(Cc4ccc(Br)cc4F)c3c2)nc1,0
Cc1noc(C)c1CN1CCN(c2cncc(C#N)n2)CC1,0
CCNC(=S)Nc1ccc(Cl)cc1,0
COC(=O)c1ccc(N2C(=O)CC(N(C)Cc3ccccc3)C2=O)cc1,0
Cc1ncc(C(=O)N[C@@H]2CCN(C(=O)C#CC3CC3)C[C@@H]2C)c(C)n1,0
CC1=c2sc(c(N)cc2=O)=COC=NC(=O)O1,0
CS(=O)(=O)NCc1ccccc1Br,0
O=C(CCCCCC(=O)NCCNc1nonc1/C(=N/O)Nc1ccc(F)c(Br)c1)NO,0
CCC(C)(C)C12CCCC(OC1)C(CCO)N2,0
CC1C2NC=NCC2CC1(C)n1cccn1,0
CCn1c(NC(=O)c2cnn(Cc3ccccc3Cl)c2)nc2cc(C#N)ccc21,0
CCCC(O)c1c(CC)n(C)c(I)cc1=NO,0
CCN(C[C@@H](C)C#N)C(=O)CN1CC[C@H](c2ccccc2)C1(C)C,0
CCC(O)CCC(C)c1nc(C=O)csc1=O,0
CC#C[C@H](CC(=O)Nc1ccc(C2(NC(=O)c3cc(=O)cco3)CCC2)cc1)c1ccc(O)cc1,0
COc1ccc2ccc(=O)oc2c1,0
CNCCc1ccc2c(c1)OCO2,0
COc1ccc(OCCON)cc1,0
Cc1ccc(C(=O)NCC(=O)O)o1,0
Cc1ccc2cccc(N)c2n1,0
C#Cc1c(Cl)n(C(C)C2CO2)c(N)cc1=O,0
COc1cc2c(cc1Nc1cncc(C#N)c1)oc1ccccc12,0
O=C(Nc1ccc(N2CCN(C(=O)c3ccccc3)CC2)cc1)N1Cc2ccccc2C1,0
C[C@@H]1CN(C[C@H]2CCCN2CC#Cc2ccc(OC(F)(F)F)cc2)C[C@@H](C)O1,0
COC(=O)c1ccc(C(=O)O)nc1,0
CNNC(=O)c1nn(-c2ccc(Cl)cc2Cl)c(-c2ccc(Cl)cc2)c1C,0
COc1ccc(CNc2cnc3nc(N)nc(N)c3c2)c2ccccc12,0
CC12C3CNCC(CN3)OC1C1OC2C1O,0
N#Cc1ccc(CCC(=O)N2C[C@H]3COC[C@@H](C2)[C@H]3NC(=O)c2csc(N)n2)cc1,0
CCN1CCN(Cc2ccc(C(=O)Nc3cnc(C#N)c(C(F)(F)F)c3)cc2)CC1,0
C=C(C)CN(Cc1cnn(C(C)C)c1)S(=O)(=O)c1c(C)cc(C)cc1OC,0
CCCNC(=N)OC1OC(=O)NC1(C=O)C=O,0
O=C(NO)c1ccc(-c2ccn(CCNCc3ccc4[nH]ccc4c3)n2)s1,0
Cc1cc(C)c(NC(=O)Nc2cc3ccccc3cc2C(=O)N[C@H](C(=O)O)[C@@H](C)OC(C)(C)C)c(C)c1,0
CC1CC(=O)N2C=CC3(C)C(=NO)C(N1)C23,0
Cc1cc(=N)c(=N)oc2c1C1CCC2OC1=N,0
c1cncc(CNc2ncnc3ccc(-c4cccnc4)cc23)c1,0
COc1ccccc1NC(=O)C(=O)N[C@H](C(=O)N[C@@H](CC(=O)O)C(=O)COc1c(F)c(F)cc(F)c1F)C(C)C,0
N#Cc1cncc(S(=O)(=O)N[C@@H](CC2CC2)c2cc(F)cc(Br)c2)c1,0
CC(C)(C)c1cc(NC(=O)Nc2ccc(Nc3ncnc4ccc(N)cc34)cc2)n(-c2cccc(N)c2)n1,0
COC(=O)c1nc2ccccc2[nH]1,0
ON(O)Oc1ccccc1,0
Cc1csc(Nc2ncnc3ccc(Oc4ccccc4F)cc23)n1,0
CCCCCCCOc1ccc(CN2CC(C(=O)O)C2)cc1,0
CC(c1ccccc1)N(C)CO,0
Cc1c[nH]c2c(=NC(C=O)CO)nc(F)[nH]c12,0
CCC1(CC)C2(NC)CNCC1(OC=N)OC2,0
CCC(=O)Nc1ccc(Cl)c(Cl)c1,0
Cc1ccc(C=CC(=O)NO)cc1,0
CC(C)[C@@H](S)C(=O)N[C@H]1C[C@H]2CC[C@@H](C1)N2C(=O)Cc1ccccc1Cl,0
CCCS(=O)(=O)c1nc(NC2CC2)cc(-c2ccc3c(ccn3C3CC(C)(C)NC(C)(C)C3)c2)n1,0
CCCCCCO,0
COc1ccc(Nc2ncc3c(n2)-c2sc(C)nc2CC3)cn1,0
CCn1cc(CC(=O)NC[C@@H](C)Nc2nc(C)cc(C#N)n2)nn1,0
CCCC1=NCC(C)CC(C)(CNCC#N)N1,0
NCC(O)c1ccc(O)cc1,0
COC(=O)c1cc(Cl)ccc1OC,0
C#CCN1CCC[C@H](NC(=O)C[C@H](C)CCC)C1,0
Cc1ncc2c(=N)c3nc(O)c(=N)c=3c2c1C,0
CCC12OCc3nc[nH]c3C1C(C#N)C2=O,0
Oc1nc2ccccc2n2cc(-c3ccccc3)nc12,0
CCNc1onc2c1C1(O)CNC(COC1)C2,0
COc1c(Br)cc(C(=O)O)cc1Br,0
CC1CCN(c2cc(C#CCN3CCOCC3)ccc2NC(=O)c2ccc(C#N)o2)CC1,0
C#CC(C)(C)C1=NC2CN=C(N)C2(CN)CO1,0
C#CC12CCC34C(CN13)C2N1CC14,0
CNc1ccnc2ccccc12,0
CC1(C)N=C(NC=O)C2(C)C3CNC(=O)C312,0
C[C@H](Cc1ccc(-c2ccc(C(=O)O)cc2)cc1)NC[C@H](O)c1cccc(Cl)c1,0
CC(=O)CCCCCN,0
CCC(O)CC12CCC(NC(=N)O1)C(C=O)C2,0
C=C(C)[C@@H](CC(=O)N[C@@H]1CN(Cc2nnnn2C)C[C@@H]1O)OCC,0
C#CC1C2OCC(C(C=O)CC(=N)O2)N1C,0
CC(=O)Nc1c(C)cc(Cl)cc1Cl,0
CCS(=O)(=O)NCc1noc([C@H](CCCC2CCCCC2)CC(=O)NO)n1,0
CCC12CN3C=NC4C3C41Cn1ncnc12,0
C#CC1CCNC2COCC(O)(C1)C(C)C2=O,0
CC1(C)CN2C(CC#N)=NC3C1C32C=O,0
Cc1[nH]c(C#N)cc1C(=O)NCC(C)(C)c1ccc(C(F)(F)F)cc1,0
CC#Cc1cncc(-c2cc(Cl)c([C@]3(C)CS(=O)(=O)N(C)C(=N)N3)s2)c1,0
O=C(NC(Cc1ccccc1)C(O)CN1CCCCCCCCCCCCOC1=O)O[C@H]1CO[C@H]2OCC[C@H]21,0
CCCCN1C(=O)/C(=C2/Sc3ccc(Cl)cc3N2CC)S/C1=N\c1ccc(N(CC)CCO)cc1C,0
Cc1noc(C)c1C(=O)N[C@@H]1CCc2nc(NC(=O)/C=C/C(=O)c3cccs3)sc2C1,0
CCCCCOC(N)=O,0
COc1sc(C=NN2C(=O)N[C@@](C)(c3ccccc3)C2=O)cc1Br,0
CCNC(=N)N1C2C=CC1(C)C(C)=CC2,0
CCC1CN(c2n[nH]c(C)c2N)C(=N)C(=O)N1,0
CCC(NC)C(C)(N)C(N)CCCCN(C)C,0
C#CCSCCNC(=O)CCN1C(=O)[C@H]2CCCC[C@@H]2C1=O,0
CC(=O)OCCC1CCCCC1,0
Cc1ccc(C(C)(C)C)cc1,0
OCOCc1ccc(O)cc1,0
CCCc1cccc(C(C)C)c1O,0
CCC(C#N)(CC)C(=O)Nc1ccc(F)c(F)c1O,0
CCC1CNC(C)=NCC(C)(N)CC(CO)O1,0
COc1cc(OC)c2cc(-c3ccncc3)cnc2c1,0
CC1(CCC2=CCC(=O)NC2)CCN1,0
CCCCNC(=S)NCCCC,0
C#CCOc1ccccc1CNC(=O)c1ccccc1NC(=O)O,0
C#CCC1(C#N)COCC2CCC(C2)C1(C)N,0
CC(O)C(O)c1ccccc1,0
CC(=NO)C1C=CC23OCC(C=O)C2CC13,0
O=C(Nc1ccccc1F)N1CCCCN2[C@@H](CO)[C@@H](c3ccc(C#Cc4cccnc4)cc3)[C@@H]2C1,0
O=C(O)Oc1ccccc1,0
CC1=NC=C(N)C2=C3C(=CN=C3C(C)=C2C)S1,0
CC[C@@]12C[C@@H](CO1)N(C(=S)Nc1ccccc1C#N)C2,0
COc1cc(C)ccc1C(C)C,0
CC(=O)c1c[nH]c2ccccc12,0
CN1CCN(C2CC(c3ccc(F)cc3)c3ccc(F)cc32)CC1(C)C,0
COc1ccc2ncccc2c1,0
Cc1cc2ncccc2[nH]c1=O,0
CC1OCC2CN(CCC2O)C(C=O)C1C#N,0
CC1=NCC(C)C(CC2COCOCC2N)O1,0
CCC(C)C1C(N=CN)CCCC1(C#N)C#N,0
CC(C)C#CC(=O)N1CCC[C@@H]2[C@@H]1CCN2c1nccnc1F,0
COc1cc(NC(=O)C(=O)NOC2CCCC2)c(F)cc1C#N,0
CC1(OC=O)CCC(CN)C1n1cccc1O,0
CCCCN(CC#N)C(=O)[C@H]1CC=C[C@H]2CCN(Cc3ccccc3)C(=O)[C@@H]12,0
CCN(C)Cc1cccc(Cn2c(-c3ccc[nH]3)nnc2N(C)[C@H](C)CC#N)c1,0
CC12C(O)CNCC1OCC2n1cncc1O,0
C#CC(C)N=C1OC2CCC(CC2)OC1C#N,0
COc1cc(C)ccc1NC(=O)[C@@H](C)c1cccc(C#N)c1,0
CC(C)CCCCCCN,0
C/N=C(/NCc1cccs1)NCc1ncccc1C,0
CNCCc1c[nH]c2ccccc12,0
Cc1ccc(C[C@@H](CO)N[C@H](C)CC2(C#N)CCOCC2)cc1C,0
COCCOC,0
CCC(C)c1[nH]nnc1CC(=N)N(C)C(C)=O,0
CC(N)c1coc2c(c1=N)ON=CS2(=O)=O,0
CN1C(=O)[C@@H](NC(=O)c2ccc(C(C)(C)C)cc2)N=C(c2ccccc2F)c2ccccc21,0
CCCc1c(OCCCc2cc3c(cc2O)CC(CCc2ccccc2)O3)ccc(C(C)=O)c1O,0
CCCCNCc1ccccc1,0
C=CC[C@H](CO)CN[C@@H]1CCCCc2ccc([N+](=O)[O-])cc21,0
CCOc1ccc(C(=O)NO)cc1NC(=O)c1ccccc1,0
O=C(N[C@@H](Cc1ccc(OCCNc2ccccn2)cc1)C(=O)O)c1c(Cl)cccc1Cl,0
C=C[C@@H]1OCC[C@H]1CNC(=O)NCCNC(=O)OC(C)(C)C,0
CC#CC(C)C1CC2(C)OC(=N)NS(=O)(=O)C12,0
CN(C)C(O)Cc1ccccc1,0
CCN1CCOCC1,0
C#CC(OCC)C(=N)NC(C)C(CC)NC=O,0
CC(=O)Nc1cccc(-c2cncc(Nc3ccc4c(c3)C(=O)OC4)n2)c1,0
CC1COC23CCC=C2C2C=CC(O1)C23C,0
NCCCc1ccccc1,0
CC(=O)Oc1onnc1-n1ccc2sncc21,0
CCCCCCOC(=O)C(C)C,0
CCCCCC(=O)NCC(C)C,0
CCOCC(C(=NC)NC)c1cc(N)c(N)[nH]1,0
O[C@@H](CNc1cc(-c2nc(N[C@@H]3CCNC3)c3sccc3n2)ccn1)c1ccccc1,0
CC(O)(CN)c1ccccc1,0
CC(C=O)N=C(N)C(=O)C(C)n1nn[nH]c1=O,0
CCc1scc2c1C1CCCOC(CC1)O2,0
NC(=O)c1ccc(-c2ccnc(Nc3cccc(-c4ccccc4)c3)n2)cc1,0
CC(C)CSc1nc(O)cc(Cc2c(Cl)cccc2Cl)n1,0
NC(=O)NCCC(=O)O,0
CCCCCCCCCCCl,0
C=CC(=O)Nc1cccc(Nc2nc(Nc3ccc(OCCOC)cc3)ncc2SC)c1,0
CC1CN(C=NCC#N)C(=N)C(C(C)(C)N)O1,0
C#CC(=O)N1CCC(OC2CCN(C(=O)[C@@H]3CC[C@H](C)N(C(=O)OC(C)(C)C)C3)CC2)CC1,0
Cc1cc(C(=O)N2CCN(C(=O)OC(C)(C)C)C[C@@H]2C#N)ccc1F,0
CC1=Nc2cn(CCO)nc2OCCN=CN1,0
O=c1[nH]c2cnc(-c3cnc4ccc(F)cn34)nc2n1[C@@H]1CCOc2c(F)cccc21,0
C=CCN[C@@H]1CCC[C@@H]2CN(C(=O)c3cc(C)ccc3F)C[C@@H]21,0
CCCn1c(=O)[nH]c2ccccc21,0
O=C(/C=C/c1cccn(CCCc2cccc(Br)c2)c1=O)NO,0
CCNC(=O)c1cc(Br)ccc1Cl,0
C#CCO[C@@H](C)C(=O)NCCNCc1ccccc1C,0
CC(C=O)N=c1cnn2nnc(=N)[nH]c2c1Cl,0
Cc1cc(C)c(C[C@H](NC(=O)[C@@H]2CCCN2C(=O)[C@@H](N)Cc2c(C)cc(O)cc2C)C(N)=O)c(C)c1,0
CC12CC(C=C3C(=O)CCC3C1=NO)N2,0
CC1(C(C#N)CO)COc2nc(N)ccc2O1,0
C#CCc1nc(I)c(C(N)C(C)N)c(O)c1O,0
O=C1c2ccc3c4c(ccc(c24)C(=O)N1c1cccc(O)c1)C(=O)N(c1cccc(O)c1)C3=O,0
Cc1ncnc(C)c1C(=O)N1CCC(C)(N2CCN([C@@H](C)c3ccc(C(F)(F)F)cc3)[C@@H](C)C2)CC1,0
CCCCCSCCCCC,0
COc1cccc(OC[C@H](C)Oc2cccc(C)c2C#N)c1,0
C#CC1(C)CC2(C=CCN2)C1C,0
CCCC(=O)NCCSC,0
C#CC(=O)N1CC[C@H](CNC(=O)c2ccc(OC(F)F)c(OC(F)F)c2)[C@@H]1c1cccnc1,0
N#CCSCC(=O)N1CCC(Nc2ncccn2)CC1,0
CCOC(=O)c1ccccc1C,0
N[C@H]1CCC[C@H](Nc2c(F)c(F)c(C(F)(F)F)c(F)c2F)C1,0
CCC(CO)C1NC(C)C2CC(NC)=NC21,0
CC(C)(C)OC(=O)COc1cccc(C(=O)Nc2cc(C#N)cn2C(C)(C)C)c1,0
Cc1oc(-c2ccccc2)nc1CCOc1cccc(CC[C@H]2CN(C(=O)Oc3ccccc3)C[C@@H]2C(=O)O)c1,0
CCCCNC(=O)OCCO,0
Nc1ncc(-c2nc(N3CCOCC3)nc(N3CCOCC3)n2)cn1,0
Cc1ccc(NC(=O)c2cc(C)on2)cc1,0
CN(C)Cc1ccc(/C=C/c2n[nH]c3cc([C@@H]4C[C@@]45C(=O)Nc4ccc(OC(F)F)cc45)ccc23)cc1,0
CCC(O)CC(C(C)=O)c1cnsc1OC=N,0
C=C(C)CCN1CCOC[C@@H]1CNC(=O)c1cc2c(cn1)CCCC2,0
CCC(=O)NCCCc1cc(OC)ccc1OCc1cccc(OC)c1,0
Cc1cc(Cl)c2ccccc2n1,0
O=C(NC1[C@@H]2CN(C(=O)C#CC3CC3)C[C@@H]12)c1cccn2nccc12,0
CC1=CC(=NO)CC(=O)N2CC3(CC3)CC12,0
C=CC(=O)N1CCN(c2nc(=O)n(-c3ncccc3C(C)C)c3nc(-c4c(O)cccc4F)c(Cl)cc23)[C@@H](C)C1,0
CC(C)(C)c1cccc(C(=O)O)c1,0
C#CC1(C)OCC2N=CNC(C2OC)C1CC,0
C#CC12CCCOC1(C(=N)N(C)C)C(C)OC2,0
CC1CC2=NCC3=NCC(O)C(CC=O)(C1)N32,0
CC1NC(=NCCO)C(=O)CC(OC=N)C1O,0
CCOC(=O)[C@@H]1CCCN1Cc1cc(C#N)ccc1OC,0
C=CCCN1[C@H]2CC[C@H]1CN(C(=O)C[C@H](C)n1nc(C)cc1C)C2,0
CN(C)c1ccc(-c2cc3c(nc2-c2ccccc2Cl)nc(C(C)(C)C)n2c(=O)[nH]nc32)cc1,0
CCOC(=O)C(CCc1ccccc1)NC(C)C(=O)N1Cc2ccccc2CC1C(=O)OCC,0
O=S(=O)(CC1CC1)N1CCC[C@H](Nc2ncccc2-c2cnc3[nH]ccc3n2)C1,0
COc1ccc(CN(C)c2ccc(S(=O)(=O)N3CCN(C)CC3)cc2[N+](=O)[O-])cc1OC,0
COc1cccc(Cc2nnc(SCC(=O)N(CC#N)c3ccccc3)o2)c1,0
C#C[C@@H]1CCC[C@@H]1Oc1ccc(C2=NO[C@H](CC(=O)OC)C2)cc1,0
CC(c1cnns1)C1NC1C1C=CNS1(=O)=O,0
C#CCCC(=O)N[C@H]1C[C@H]2CC[C@@H](C1)N2C(=O)Cc1ccccc1F,0
CNCC(O)c1ccccc1,0
CCC1=C(CO)C2NCC1C21CN1CC,0
CS(=O)(=O)c1ccc(-c2cccn3nc(Nc4ccc(N5CCCCC5)cc4)nc23)cc1,0
Cc1ncccc1C(=O)N[C@@H]1CC12CCN(c1ncccc1C#N)CC2,0
CC[C@@H]1CCO[C@@H]1C(=O)N1C[C@H](Nc2ccc(C#N)cn2)C(C)(C)C1,0
CCCCc1ncc(/C=C2/C(=O)N(CCCC)C(=O)N2Cc2cccs2)n1Cc1ccc(C(=O)OC)cc1,0
N#Cc1ccc(S(=O)(=O)N2CCOC[C@@H]2CC(=O)c2ccccc2)o1,0
CC(O)c1cccc(O)c1,0
Cc1[nH]cnc1/C=c1\[nH]c(=O)/c(=C/c2cccc(C(=O)c3ccccc3)c2)[nH]c1=O,0
O=C1CC2(C(=O)N1)C(=O)N(Cc1nc3cc(C(F)(F)F)ccc3s1)C(=O)c1ccc(F)cc12,0
C=CC(=O)OC[C@@H](COC(=O)C(=C)C)Oc1ccc([N+](=O)[O-])cc1,0
CC12NCc3cn[nH]c3C1(O)CCC2C(=N)N,0
CCCCCCC(=O)N(O)C1CC(=O)N(c2ccccc2)C1=O,0
N#CCN1CCC[C@H]1[C@@H]1CCCCN1C(=O)Cc1ccc(F)cc1,0
CC1C(C)N(C=O)C(C)(C)C1OCCCCN,0
CN(C)C(=O)Nc1ccc(F)cc1,0
NCOC(O)(O)c1ccccc1,0
OCON(O)c1ccccc1,0
CC(=O)CNc1c(C(C)C)n[nH]c(=O)c1C#N,0
N[C@@H](Cn1c(=O)c(-c2ccccc2Cl)cn(Cc2c(F)cccc2F)c1=O)c1ccccc1,0
COc1ccc(N(C)c2ncnc3ccccc23)cc1,0
CN(S)Cc1ccccc1,0
Clc1ccc([C@]23CNCC[C@H]2C3)cc1Cl,0
Cc1cccc(C2=Nc3ccccc3N=C(c3cc(Cl)ccc3O)C2)c1,0
CC1Cc2nn(C)c(-c3ccccc3Cl)c2-c2nc(Nc3ccn(C)n3)ncc21,0
CCNC1CC2(N)C=CC(OC(=N)N)CC12,0
COc1ccc(Nc2ccnc3cc(-c4cnn(C5CCNCC5)c4)ccc23)cc1,0
Oc1ccc(C(O)Cl)cc1,0
C=CCSCC(=O)Nc1ccc(C2(NC(=O)c3cc(C)ccc3F)CCC2)cc1,0
CC1COC2(C)CN=COC23OCCCC13N,0
CCn1c(=N)sc2cc(NCC(N)CN)[nH]c21,0
CC1=C(C(C)(C)O)C2COC2(C(C)C)CC1,0
CC(C)(c1sc(=O)[nH]c1O)C1CCC1CO,0
CCC(c1ccccc1)C(O)O,0
CNC(=O)c1cc(Oc2ccc3oc(Nc4ccc(C(C)C)cc4)nc3c2)ccn1,0
CCCc1ncnc2c(C(C)=O)onc2c1=N,0
Cn1c(=O)oc2ccccc21,0
CC(O)C(CCN)Nc1cc(O)c(O)c(F)n1,0
Cc1[nH]c(O)c2c1CC1(N)C(=O)N(C)C(C)C21,0
C#CC(=O)N1CCC([C@@H]2CCCCN2C(=O)CCc2cncc(C(F)(F)F)c2)CC1,0
N#Cc1cc(C(=O)OCc2ncc(-c3ccccc3F)o2)ccc1F,0
C#CCC1NCC2(NC3(CN)COC2C3)C1C,0
C=C1CC(C)(C(=O)N2CC(NC(=O)c3c(C)ncnc3O)C2)C1,0
C=CCOc1ccc(-c2nc(Cc3csc(CC)n3)no2)cc1OC,0
C[C@H](CS(=O)(=O)N(C)[C@H](C)CC#N)c1ccccc1,0
CCCCNCC,0
C=C(Cl)CN1CCC[C@H]1CNC(=O)C1CCC(O)CC1,0
COC(=O)Oc1ccccc1,0
CNCc1ccc(Cl)cc1,0
C=C(C)CN(Cc1ccc(CO)o1)S(=O)(=O)c1cnn(Cc2ccccc2)c1,0
C[C@@H](S)C(=O)N1CCCC[C@H]1C1CCN(C(=O)[C@@H]2CC(=O)N(Cc3ccccc3)C2)CC1,0
CSc1ccc(Nc2cnn(C)c2C#N)cc1F,0
C=CCN1C(=O)CC[C@]12CCCN(C(=O)CC(=O)OC(C)C)CC2,0
CC1c2n[nH]nc2C2CC(CN)C1C2C(=N)N,0
Cc1ncc(CO)c(C(=O)N[C@@](C)(C#N)CC(C)C)c1O,0
CCCCCBr,0
CCCCCCC(C)(C)c1cc(O)c2c(c1)OC(C)(C)[C@@H]1CC=C(CO)C[C@@H]21,0
CN1CC2(C)CCC1(C)CC(c1conn1)O2,0
C[C@@H]1CCCN1CCN1CCc2cc(-c3ccc(C(=O)N4CCCC4)cc3)ccc2C1=O,0
O=C(Nc1ncccc1-c1ccc2c3[nH]ncc3c(=O)n(CC(F)(F)F)c2c1)C1CC1,0
OC(O)c1cccc(Cl)c1,0
C#CCC(N)CC1=CC(C#C)CC1(N)CC,0
CCOC(=O)CC(C)C,0
CCNC1C2OC(C)=NC2C2C(=O)C(=N)OC12,0
CC(C)C(=N)N(C)C(N)=NC1(C)CNCC1C,0
O[C@@H]1CCN(Cc2cccc(I)c2)C[C@H]1N1CCC2(C=Cc3ccccc32)CC1,0
CCCCCCCCCC(=O)NO,0
CCOC(=O)CN(C(=O)CSc1nnc(-c2cccc(OC)c2)o1)c1ccc(F)cc1,0
CC(=O)Nc1cc2c3c(c4ccccc4cc3c1)C(=O)N(CCN(C)C)C2=O,0
CC(N)CC1C(C(C)N)=CCC1C(N)=O,0
CCC(C)N1CCCC1c1csc(=O)c(Br)n1,0
CCC(C)=O,0
CC(=O)N(C)c1ccccc1,0
CC1Oc2cc(O)c(Br)nc2C12CCOC=N2,0
CCCC12OCC(N)=NCC1C(C=O)CC2=O,0
Cc1ccc2cccc(O)c2n1,0
CCC1CCOC(C(C)=NO)CC(CC)N1,0
C=C(Cl)CN(CCC)CCNC(=O)[C@@H]1COC(=O)N1,0
COc1ccc(F)cc1C(=O)NC[C@@]12CCCO[C@@H]1CCN(C(=O)C1(C#N)CCC1)C2,0
Cc1ccc2c(c1)CCC2=O,0
Cc1cc(Br)ncc1C#N,0
C#C[C@H](NC(=O)Nc1cccc(OC(F)F)c1)[C@H]1CCCO1,0
CC1CC(C#N)(C(=O)N2C[C@H](C)S(=O)(=O)[C@@H](C)C2)C1,0
C#CC[C@@H](CCOC)N1C(=O)N[C@H](c2cccc(C)c2C)C1=O,0
CC1CCC23CC(C)(C)CCC2(CN3)N1,0
CC1(O)CC(c2c(O)coc2N)C2(N)CC12,0
CC(Nc1nccc(N2C(=O)OC[C@@H]2[C@@H](C)O)n1)c1nc(-c2cccc3ccncc23)no1,0
CC(=O)c1ccc(C)c(C)c1,0
NS(=O)(=O)c1cn(CC(=O)Nc2cccc([N+](=O)[O-])c2)ccc1=O,0
CC1CC2C(C)OC3C4OC(CNC4=N)C23O1,0
OCNCc1ccccc1,0
CCN=c1ncc(F)c2n1CC(=O)OCOC2,0
CCCCCCCCCCCCCl,0
CC(=O)N1CCN(C)CC1,0
COC(=O)CNC(C)=O,0
CC1OC2(C)CN(C=N)C1(C)C(O)(CN)C2N,0
CC(C)C[C@@](C)(C#N)NC(=O)[C@H]1CCCN(C(=O)c2ccccc2)C1,0
CC(C)NC(=O)NC(C)C,0
N#CC1(CNC(=O)c2cccc(CNc3ccncn3)c2)CC1,0
N#CCc1cccc(S(=O)(=O)N[C@@]2(Cc3ccc(Cl)cc3)CCOC2)c1,0
c1ccc2c(c1)CCO[C@]21CC[C@H](NCC2CCCCC2)CC1,0
Cc1cc(C)cc(N(CCC#N)C(=O)[C@H](C)N2CCc3c(C)cccc32)c1,0
Cc1ccoc1C(=O)Nc1ccc(N2C(=O)c3cccc(F)c3C2=O)c2ccccc12,0
O=C(O)/C=C/c1ccc(O)c(O)c1,0
Cc1cc2nccc(C)c2cc1C,0
OC1C[C@@H]2CCCC[C@H]2CC1N1CCC(c2ccccc2I)CC1,0
CC1(CO)C(S(N)(=O)=O)C(O)CC1S(=O)(=O)O,0
N#CCc1ccccc1CC(=O)N1C[C@H]2CCCCN2c2cc(Br)c(F)cc21,0
C#CCOc1ccccc1CNC(=O)C(=O)Nc1ccc(F)cc1-c1cnn(C)c1,0
CC(=O)OC[C@H]1O[C@@H](NC(=S)NCCc2ccc(S(N)(=O)=O)cc2)[C@H](OC(C)=O)[C@@H](OC(C)=O)[C@H]1OC(C)=O,0
CNC(O)c1cccc(O)c1,0
CCC12C=CC3OC(=O)C4C=CC(O4)C1C32,0
CCC(CC)n1c(C)cc2c3c(N)nc(N)nc3ccc21,0
CCOc1cc(=N)n(C(=O)CNC=O)c(F)n1,0
CC1CC=C(C=O)N(C(N)=O)CCOCC1,0
C#CC(N)(C#N)CCC12CC(C)C(C1)C(C)N2,0
N#CCN(CCO)C1CCN(C(=O)c2ccc3ncccc3c2)CC1,0
COCCN1CN(S(=O)(=O)c2ccccc2)c2nc3ccccc3nc21,0
CC1CNC2C(C)c3c(c(O)nn3C)NC12,0
CNCc1ccccn1,0
CC1(C)N=C(N)CC(C)(C)C2(C)CC2C1=NO,0
C#Cc1cncc(C(=O)N2CCCN([C@H]3CCN(CC)C3=O)CC2)c1,0
CN(O)C(O)c1ccccc1,0
C=C(C)CCN1CC[C@]2(CCCCN(C(=O)CN3CC[C@H](C)C3)C2)C1,0
Cc1cc2ccccc2c(=O)[nH]1,0
C#CC[C@H](NC(=O)N(Cc1ccccc1)C[C@H]1CCCO1)c1ccccc1,0
CC(CCC1(C2CC2)C=CC(=O)O1)=NO,0
CN(C)c1cccc2ccccc12,0
CCNC(=O)c1noc(-c2cc(C(C)C)c(O)cc2O)c1C#CC(C)(C)NC(=O)C1CCCCC1,0
C#CC1(C)C2CC(C)(C1N)C(C)(C)NC2CN,0
Cc1n[nH]c2c1C(C(C)C(=N)N)C(C)C=C2,0
C#CCOc1ccccc1NC(=O)NCCCN(C(=O)C1CCC1)C1CC1,0
C=CCCN[C@H](C)C[C@H](C)NC(=O)CCc1ccncn1,0
CN1C(=N)N[C@](C)(c2sc(-c3cccc(-c4cc[nH]n4)c3)cc2F)CS1(=O)=O,0
C#CCN(C(=O)NCCNS(=O)(=O)c1ccccc1)C(C)C,0
C#CC(CN)C1(C(C)O)C2CC(C)C(O)C21,0
COc1ccccc1CCC(=O)O,0
Cc1ccc(O)c(Cn2c(NC3CCN(C)CC3)nc3ccc(C(O)c4ccccc4)cc32)n1,0
CC[C@H]1CN(C(=O)C(=O)Nc2cccc(C#Cc3ccccn3)c2)C[C@H](C)S1(=O)=O,0
CC(C)(c1ccccc1)C(O)O,0
C=CCOCC(=O)NC1(C)CCN(C(=O)C[C@@H]2C[C@@H]2C)CC1,0
Nc1nccc(-c2cc3c([nH]2)C(C2CCC2)CNC3=O)n1,0
COc1cc(S(=O)(=O)NCCc2c(C)[nH]c3ccccc23)c(C)cc1C,0
OC(CCCN1CCN(c2ncc(F)cn2)CC1)c1ccc(F)cc1,0
CCC(CC)n1cc(C(=O)C(F)(F)F)cn1,0
CCN1CCN(Cc2ccc(NC(=O)c3ccc(C)c(NC(=O)N4CCNC4=O)c3)cc2C(F)(F)F)CC1,0
CC(=O)N[C@H](C)C(=O)N1CCC[C@H](N2CCN(CC#N)CC2=O)C1,0
COC(=O)NCC(=O)N[C@H]1CCN(c2cccc(F)c2C#N)[C@@H](C)C1,0
CC1=CC(C#N)(C2NS(=O)(=O)C2O)C(C)(O)C1,0
CC1C(O)CC2(COCC#N)N=COC2C1O,0
Cn1c(=O)cc(O)c2ccccc21,0
CC1(C)CNCc2ncnc(CN)c2C1(C)N,0
C#CC(N)C1C(C)CC2(C)C3C1NCC32N,0
C=CCn1c(CCc2ccsc2)nnc1N1CC[C@H](C)C1,0
C#Cc1cc(Oc2cnc(N)nc2N)c(C(C)C)cc1O,0
COc1cc(CCc2cc(NC(=O)c3ccc(N4C[C@@H](C)N[C@@H](C)C4)cc3)n[nH]2)cc(OC)c1,0
N#Cc1ccc(C(=O)N[C@@H](CC(=O)O)c2ccc(F)cc2)s1,0
COc1cc2ncnc(Nc3c(F)ccc(O)c3Cl)c2cc1OC,0
CC[C@H](N)C(=O)N1CCc2c(C)c3c(n2-c2ccc(C(N)=O)c(c2)N[C@@H](C)[C@H](C)C1)CC(C)(C)CC3=O,0
CC(C(=O)O)c1ccccc1,0
O=C(c1cc2cccc(N3CCN(CCc4ccccn4)CC3)c2o1)N1CCCC1,0
N#Cc1cc(F)cc(F)c1NS(=O)(=O)c1ccc(-c2cnco2)s1,0
Cc1ccc(NC(=O)c2ccnc(N3CCOCC3)c2)cc1Nc1ccnc(OC2CCN(C)CC2)n1,0
CC1CC2C(N=C(N)C2(N)CN)C12CCCO2,0
Cc1nn(CCC#N)c(C)c1CCC(=O)N[C@@H](C)Cc1cccc(Br)c1,0
COC(=O)C=Cc1ccc(Cl)cc1,0
C=C(C)CCN1CCO[C@@H]2CCN(C(=O)c3cncc(Cl)c3)C[C@@H]21,0
OC(O)C(O)Cc1ccccc1,0
CC(N)C(=O)Nc1ccc(Cl)cc1,0
CCNC(=O)OCC(Oc1cccc2sc(C(=N)N)cc12)c1ccccc1,0
C#CC[C@H](NC(=O)NCc1cccnn1)c1ccccc1,0
C#CCNC(=O)C1CCN(c2nnc(Cc3cccc4ccccc34)n2C)CC1,0
COc1ccc(F)cc1C(C)(C)CC(O)(CNc1cccc2ncccc12)C(F)(F)F,0
CCC12C(CCC1(C)N)OC1OC2CC1(C)N,0
CCOC(=O)Nc1ccc(NC(=O)N[C@@H](C2CC2)C(F)(F)F)cc1C#N,0
COC(=O)C1CCCN1C(=O)c1cccc(Nc2c(NC(c3ccc(C)o3)C3(C)COC3)c(=O)c2=O)c1O,0
CC12CCOC(OC1)C(C(=N)NC=O)CC2=O,0
CCCOC1(C=O)COC(C(=O)C#N)CCO1,0
CCCNCCCC1(O)CCCNC1C(C)=O,0
C=CCCO[C@@H](C)C(=O)N(C)C[C@@H]1CCN1Cc1ccc(OC)nn1,0
CCCCOC(C(C)=O)C1C(=O)NCC1OC,0
C#CC1NC23C(C=CC24CN4)CNC3C1C,0
CNC(=O)c1ccc(CCOc2c(C(=O)Cc3c(Cl)cncc3Cl)ccc(OC)c2OC)cc1,0
Cc1cc(O)cc(C)c1C[C@H](N)C(=O)N[C@@H]1Cc2c([nH]c3ccccc23)CN(CC(=O)NCc2ccccc2)C1=O,0
C#CC1CC2(CCC(=NO)CC(C)=C2C)O1,0
C=CCOc1ccccc1CNC(=O)[C@H]1[C@H](C(F)(F)F)[C@H]2CC[C@H]1O2,0
C[C@@H]([C@H](C)S(C)(=O)=O)N(C)c1nnc(-c2ccc(C#N)cc2)n1CC1CCN(C2CC2)CC1,0
COc1ccc(C2CN(C)Cc3cc(OCCCN4CCC(F)CC4)ccc32)cc1Cl,0
C=CCC[C@H]1NC(=O)N([C@H](CC)COC)C1=O,0
CCCCC1=NC2(CCCCC2)C(=O)N1Cc1ccc(-c2ccccc2C(=O)O)cc1,0
Cc1nc(CN)[nH]c1Nc1c(Br)ccnc1O,0
Cc1cccc([C@@H]2CC(=O)N(N(C)C)C3=C2C(=O)CCC3)c1,0
CCCCC(=O)c1ccc(O)cc1,0
COc1cc2ccccc2[nH]c1=O,0
N#Cc1cccc(-c2nc(N)c3cc(CN4CC=CCC4)sc3n2)c1,0
CC1C2=C(CNCC(O)S2(=O)=O)N2C(CO)C12,0
Clc1cncc(N2CCNCC2)n1,0
CC(C)C[C@H](NC(=O)[C@H]1CCCO1)C(=O)N[C@@H](Cc1ccccc1)C(=O)N[C@@H](CC(C)C)C(=O)[C@@]1(C)CO1,0
CCc1nc(=O)c2ccccc2[nH]1,0
O=C(O)c1c(Cl)cccc1Cl,0
CSCC[C@H](NC(=O)c1ccc(CNCc2c[nH]cn2)cc1-c1ccccc1C)C(=O)O,0
CC12CC(NC(CN)(CN)CC1O)C(=N)O2,0
OCN(CO)Cc1ccc(Cl)cc1,0
C#CC1(N)CC(C)C2(C(C)N)NS(=O)(=O)CC12,0
N#Cc1cccc(OCCN2CCC(N3CCNC3=O)CC2)c1,0
C[C@@H]1C[C@H](CNc2ncc(C#N)cc2F)CN1C(=O)C1=CCCC1,0
CCCc1nc(C)n2nc(S(N)(=O)=O)nc2c1Cc1ccc(-c2ccccc2-c2nn[nH]n2)cc1,0
COc1c(Cl)ccc(Cl)c1C(=O)O,0
CCN=C1OCC2(O)C(CN)C3CCC(O3)C12,0
C[C@H](CNc1ccc(-c2sccc2C(=O)O)cc1)NC[C@H](O)c1cccc(Cl)c1,0
CCC1C(C)(O)C2C(C)C(C)(C)C2S1(=O)=O,0
N#C[C@@H](C(=O)c1cnc(Cc2ccc(F)cc2)s1)c1ccc(C(F)(F)F)cn1,0
Cc1cc(OCC(=O)N2C[C@@H](CNC(=O)C#CC3CC3)[C@H](O)C2)no1,0
CC1c2ccoc2N2C3CC(C(=N)N)C1C32,0
CC1(N)C(O)CC2(COc3ocnc3N2)C1O,0
CN1CCN(Cc2ccccc2C(=O)/C=C/c2ccc(/C=C/C(=O)NO)cc2)CC1,0
CN(c1cncc(C#N)n1)[C@@H]1CCN(C(=O)[C@H]2CCC(=O)N2)C1,0
CS(=O)(=O)C1(Cn2c(-c3cnccn3)nnc2N2CCO[C@H](C#N)C2)CCC1,0
COc1ccc2c(c1)CCC2C(CS)C(=O)NC(Cc1c[nH]c2ccccc12)C(=O)O,0
C#CCC(c1c[nH]c(C(C)=O)c1)c1ncco1,0
Cn1c(=O)c(O)cc2ccccc21,0
COc1cccc2c1OCC[C@H]2NC(=O)/C=C\c1ccccc1C#N,0
CC#CC1OCOC2CC1CC2CS(N)(=O)=O,0
CC1CC(C(C)(N)C2(C)CNCC2O)NC=N1,0
CCCNC(=O)c1ccc(N)cc1,0
Cc1cc(Cl)cc(C)c1O,0
Cn1ccc(CCn2c(-c3ccc(C#N)cc3)nnc2N2CCC[C@@H](C(N)=O)C2)n1,0
C=C(C)[C@@H]1OCCC[C@@H]1C(=O)NCCNCCc1ccccc1CC,0
CCCOc1nsnc1OC1CN2CCC1CC2,0
CC1(C#N)OCC(=N)NCCCOC(=O)C1=O,0
CCCO/N=C1/C(=O)N2c3ccccc3[C@@]34CCN5CC6=CCO[C@@H]1[C@@H]([C@H]23)[C@H]6C[C@H]54,0
C=C[C@@H](CC)CC(=O)N1CCO[C@@H](c2cccc(-c3nn[nH]n3)c2)C1,0
NC(=O)c1ccccc1,0
CCc1ccc2c(c1)C(=O)CCC2,0
CN(C)C(=O)N(C)c1ccccc1,0
CC(C)=NO[C@@H](C)C(=O)N1CCO[C@]2(CCN(C(=O)c3ncccc3Br)C2)C1,0
C=CCn1c(CN2CCC[C@@H](O)C2)nnc1N1CCO[C@@H](C(=O)O)C1,0
CC(C)S(=O)(=O)NN=Cc1cc(C(=O)O)ccc1O,0
CC(=NNS(=O)(=O)c1cn(C)c(=O)n(C)c1=O)c1ccc(S(C)(=O)=O)cc1,0
CC1CC(C)(CO)CCC(C)C(C)(C(N)=O)N1,0
Cc1c(Br)[nH]c(O)c(NCC(O)C(C)C)c1=O,0
O=C(Nc1cc([C@@H]2CCCCN2C(=O)C/N=C/c2ccco2)[nH]n1)c1ccc(-c2cccnc2)cc1,0
CC1(CN)NC2C=CNC(=N)CC1NC2,0
O=c1[nH]c2ccc(F)cc2n(C2CCN(C3CCCCCCC3)CC2)c1=O,0
CCCCCCOC(C)=O,0
CCN1CC2C(C=O)C1C1C3CCC(C3C)N21,0
O=C(c1cc(-c2ccoc2)co1)N1CC2CNCC(C2)C1,0
Nc1cccnc1N,0
CC12OC3CC=C(C31)C(S(=O)(=O)O)C2(N)CO,0
C#CCC12OC(C)C(CC)(OCC1OC)C2N,0
CC1CC(=O)C(=NO)COC=NCC#CC1=O,0
CC12COC(c3c(CN)csc3C1O)C2O,0
CC1(CCCNC(=N)N)OCOC1(CO)CO,0
Cc1nsnc(NC(=N)OCC(O)C=O)c1=O,0
C#CC1NC(C)C(C(O)c2ccns2)C1CC,0
CCCCCCNCCCCCC,0
Cn1nccc1C1=C[C@H]2CC[C@@H](C1)N2c1ccc(C#N)c(Cl)c1,0
C#CC(C(=N)N)C1=NCC(CC(C)C)CCO1,0
CCOC1C(O)C2(C)COCC1(CC)CC2O,0
CCCOC(=O)CC,0
CC(N)(C#N)c1nc(F)c(C(O)CN)cc1F,0
Cc1ccc(CCCN(C)C)cc1,0
NCCCC(=O)O,0
CC(=O)NC1Cc2nc(=N)occ2CC1(C)O,0
OCc1cccc(O)c1O,0
COc1ccc(NN=C2C[C@H](C)N(C)C2)c([N+](=O)[O-])c1,0
CN(CCC#N)c1ccc(CN2CC[C@@]3(CCCN(C(=O)c4cnccn4)C3)C2)cc1,0
CC1CC2(CC2)C2C(N)C(N)CC1N2C,0
CC1C2COC(O2)C2OC(N(C)C)=NC12CN,0
CN1CCN(CC(=O)N2CC[C@H]3OCCC[C@@]3(CNC(=O)c3cc(C#N)ccc3F)C2)CC1,0
CC1CCC2COCCCC(CC(=N)N)(C1)C2,0
NCc1cccc(Cl)c1,0
C=CCOC(=O)N1CCC[C@@]2(CCN(Cc3ccc(C#N)c(SC)n3)C2)C1,0
Nc1ccncc1Cl,0
Cc1nc(=O)c2cc(Cl)ccc2[nH]1,0
CCc1cc(O)ccc1-c1cc(NS(=O)(=O)CC)c2cn[nH]c2c1,0
COC(O)c1ccc(O)cc1,0
CCNC(=O)Nc1ccccc1,0
C=C(C)CN1C[C@@H]2CCN(C(=O)COc3ccc(C)cc3OC)[C@@H]2C1,0
CC(=O)c1onc(Cc2cnc(F)nc2)c1O,0
C#CCCCC(=O)N[C@H]1[C@@H]2COC[C@H]1CN(C(=O)c1cc(Br)c(C)cc1O)C2,0
N#Cc1ccc(N2C[C@H](O)[C@H](NC(=O)Cn3ncc4ccccc43)C2)nc1,0
O=C(NCO)c1ccccc1,0
N#Cc1ccc(OC(F)F)c(NC(=O)[C@@H]2Cc3ccccc32)c1,0
CC1=CCCOCCCS(=O)(=O)C2CC12O,0
CC#CC12CN1CC(=N)NC(C)C2C=NO,0
CC1C=CS(=O)(=O)N2C3(C=O)C4CCC(C4)C123,0
CC[C@@H](CNS(=O)(=O)CC)N1C(=O)[C@@](C)(CC(=O)O)C[C@H](c2cc(F)cc(Cl)c2)[C@H]1c1ccc(Cl)cc1,0
CN1CCN(CCCNc2ncc3cc(-c4c(Cl)cccc4Cl)c(NC(=O)NC4CCCCC4)nc3n2)CC1,0
CC(C(=O)NCCCNc1cnc(C#N)cn1)=C1CCCC1,0
O=C(NC1CCC1)C1CN(c2ccccc2)CC(=O)N1c1ccc2ccsc2c1,0
COc1cc(/C=N/NC(=O)c2ccc(O)c(Cl)c2)ccc1OCc1cccc(C(F)(F)F)c1,0
CC1CC(N)(CCO)C(N)c2sc(=N)sc21,0
CC[C@@]1(C)NC(=O)N(N=Cc2cccc3nccn23)C1=O,0
CN(N)CCc1ccccc1F,0
NCc1ccc(CCl)cc1,0
Cc1ccc2c(C3=CCN(CCCCC4(C)C(=O)Nc5ccccc54)CC3)c(C)[nH]c2c1,0
CCOc1ccc(/C=N\[C@@H]2CO[C@@H](C)C2)c(O)c1,0
CC(C)C(=O)NNc1ccccc1,0
COC1CCN(C(C)(C)Cn2c(C(C)C)nnc2N(CCC#N)CC2CC2)CC1,0
OCc1cnccc1O,0
C#C[C@H](CC)NC(=O)Nc1ccc(Oc2ccc(C#N)cc2)cc1,0
NCC(c1ccccc1)C(O)O,0
N=c1c(C(=O)NCCc2ccccc2)cc2c(=O)n3ccccc3nc2n1Cc1ccco1,0
CC(C)(N)Cc1ccccc1Cl,0
O=C(O)Oc1ccc(Cl)cc1,0
Cc1ccccc1NS(=O)(=O)c1ccc(N2CCCC2=O)cc1,0
CCCCOC(N)=O,0
O=C(O)c1ccc(Cl)nc1,0
Cc1cc(NC(=O)C#Cc2ccc3c(c2)OCO3)ccc1CN(C)C,0
C[C@H](CNc1cnc(C#N)cn1)N(C)C(=O)C[C@@H]1CCCCO1,0
C=C(O)c1ccccc1,0
Cn1cnc(-c2cc3nccc(Oc4ccc(NC(=S)NC(=O)Cc5ccccc5)cc4F)c3s2)c1,0
N#C[C@@]1(NC(=O)[C@@H](N)Cc2cccs2)C[C@@H]1c1ccccc1,0
Cc1ccc(CNCc2c(C(=O)O)c(C)n(Cc3ccc(C)cc3)c2C)cc1,0
COC(O)c1ccncc1,0
CCCCn1nnc2ccccc21,0
CC(C)COC(=O)c1ccccc1,0
COc1cc(C(C)C)c(Oc2cnc(N)nc2N)cc1Br,0
CC1OCCC2(NCCCC(C)(C)C2=O)C1=O,0
COC(=O)CNC(=O)CN,0
CC(N)CC(C)(C)CC12COCC1(C)C2,0
CCNCc1ccc(-c2c(OC)ccc3[nH]c(=O)c4sccc4c23)cc1,0
COC(=O)C1=C(C)N(C)C(C)=C(C(=O)OC)C1c1ccc(C(=O)OC)cc1,0
CC(CO)n1cc(C(=O)c2cncc(NC(=O)Cc3ccc(F)cn3)c2)c2cnccc21,0
CN(CCNC(=O)[C@@H]1CCCC[C@@H]1c1ccccc1)c1ccncc1C#N,0
COC[C@H]1CCCN1Cc1ccc(C(=O)NO)cc1,0
C=CCN(C(=O)c1sc2nc(C)nc(N)c2c1C)[C@H](Cc1ccccc1)C(=O)OCC,0
CCC12OCC1NCCS(=O)(=O)CC2(C)C,0
N#Cc1cccc(OCc2c(Br)cccc2[N+](=O)[O-])c1,0
NC(O)c1ccccc1,0
NC(O)C(O)c1ccccc1,0
CN1CC2(CO)CC(NC=N)C1CC2C(=O)O,0
CC(C)(C)OC(=O)N[C@H](C(=O)N1C[C@H]2[C@@H]([C@H]1C(=O)NC(CC1CCC1)C(=O)C(N)=O)C2(Cl)Cl)C(C)(C)C,0
CNC(=O)[C@@H]1[C@H](Nc2nc(Nc3cnn(C)c3)ncc2C(F)(F)F)[C@H]2C=C[C@@H]1C2,0
CC#C[C@H](CC(=O)N1CCCC[C@@H]1C1CCN(C(=O)c2cc(C(C)C)[nH]n2)CC1)c1ccc(O)cc1,0
C=C(Cl)Cn1c(-c2cccc(Cl)c2)nnc1N1C[C@@H](C)N(CC)C[C@H]1C,0
CCC(CC)N1C[C@H](C(=O)Nc2ccc(Oc3ccc(C#N)cc3OC)cc2)CC1=O,0
CC[C@H](c1ccccc1)c1nnc(N2CCN(c3ccc(C#N)cc3F)CC2)n1CCOC,0
CCC1CC2=C(C)C(OC2)c2sncc2O1,0
COc1ccccc1CNc1ncnc2ccc(-c3ccc4c(c3)OCO4)cc12,0
CCC(N)(COC1CCCC1O)C(O)CCO,0
CCC1OC(=O)COCC(C)(CCCN)O1,0
NC=C(O)C(O)c1ccccc1,0
Cc1ccc(-c2cc(C(F)(F)F)nn2-c2ccc(S(N)(=O)=O)cc2)c(C)c1,0
O=Cc1cc(-c2ccc3c(c2)CCO3)cc(F)c1O,0
Cc1cc(C)cc(OCC(=O)O)c1,0
CC(C(N)=O)c1ccccc1,0
Cc1ccc2nc(C)cc(Cl)c2c1,0
OCN(O)c1ccccc1,0
C1=NCc2cccc3c2N1C(C1OCCO1)C3,0
CSc1ccc(O)c(C(=O)O)c1,0
C#Cc1ccc(C(=O)NCCN2CCN(c3cccc(Cl)c3Cl)CC2)cc1,0
NC(=O)[C@@H]1CCCN1C(=O)[C@H](Cc1cnc[nH]1)NC(=O)[C@@H]1CCC(=O)N1,0
CS(=O)(=O)Nc1ccc(C(=O)NCCc2ccccc2)cc1,0
CC(=NNC(N)=O)c1ccccc1,0
C=C(Cl)C(C)(C)C(=O)N1CC[C@H](CNC(=O)C2=COCCO2)C1,0
Fc1ccc2nc(Nc3ccc(OC(F)(F)F)cc3)c(Nc3ccc(OC(F)(F)F)cc3)nc2c1,0
C#CC1OCC2NC1C=C2C(C)C1(O)CC1,0
O=C(NC1CC1)c1ccc(-n2cnc3c(Cl)cc(F)cc32)s1,0
O=C(O)CCC(CP(=O)(O)CNCc1ccccc1)C(=O)O,0
CN1CC1,0
C#CCn1ccc(CN(CC)C(=O)COc2ccccc2C#N)n1,0
CC1CC2OC1(COc1csc(O)n1)OC2=O,0
C#CC(C)C(N)C(C)(C(C)C)C(C)C(C)CN,0
CCC(CC)n1nc(C(=O)Nc2cccc(S(=O)(=O)/N=C3\CCCN3C)c2)cc1C,0
NCC(C(=O)O)c1ccccc1,0
CCCCCCCCCCCC,0
CC(C)NC(=O)c1nnc(N2CCN(c3ccccc3C#N)CC2)n1CCS(=O)(=O)N(C)C,0
O=C(/C=N/O[C@@H]1CCCCO1)NC[C@@H]1OC[C@@H]2CCN(C(=O)c3ccc(OC(F)F)cc3)C[C@@H]21,0
CCCNCCC,0
CCCCCC(=O)C(=O)OCC,0
CSc1nnc(-c2ccccc2)o1,0
Cc1cnccc2cncc-2oc(C#N)c1N,0
Oc1nc2c(c3nc(-c4ccccc4F)cn13)CN(c1ncccn1)CC2,0
CC12CC1C=CN(C=O)C(c1ncsn1)=N2,0
Cc1nc2c(N3CCNCC3)cccc2n1S(=O)(=O)c1ccccc1,0
Cn1ncc(C(=O)N[C@@H](CC2CCC2)c2ccccc2)c1C#N,0
COc1cc2c(Nc3cccc(Br)c3)ncnc2cn1,0
NS(=O)(=O)c1ccc(NC(=O)N2CCN(Cc3ccccc3)CC2)cc1,0
CC#CC1=CN2C3C(=NO)C=C(C)C32C1=NO,0
COc1ccc(OCc2ccc(C(=O)O)cc2)cc1Cc1cnc(N)nc1N,0
CC1CCN(c2nnsn2)C1C(=O)NC(N)=O,0
CCN1CC2CCC=CCC1C21CCN1C,0
Cc1ccc2cc(C)ccc2c1,0
CC(C)(O)Cn1c(=O)n(C2CCOCC2)c2nc(-c3cnc4ccc(C#N)cn34)ncc21,0
CC(C)(C)OC(C(=O)O)c1c(-c2ccc3c(c2)CCCO3)nc(-c2cnn(Cc3ccccc3)c2)c2ccccc12,0
CC1NC2CC1(N)C1OC2CNC2CC21,0
COC(=O)CCN1CCN(C)CC1,0
CCCCCCCNC(=O)Oc1cccc(CN(C)CCCOc2ccc3c(=O)c4cccnc4oc3c2)c1,0
Cc1nnoc1C(C)C1OC(=N)CC(O)C1=O,0
CC(C)ON([C@@H](C(=O)NO)C(C)C)S(=O)(=O)c1ccc(-c2ccc(OCc3ccc(Cl)cc3)cc2)cc1,0
COC(=O)Nc1cc(Cl)cc(Cl)c1,0
Cc1cc(C#N)nc(N2CC[C@@]3(CNC(=O)c4cccnn4)CCC[C@@H]23)n1,0
OCCC(O)c1ccccc1,0
CCC1CC(N)(C(O)CN)CC1c1ccco1,0
CN1C2CCc3ccsc3CC1(CO)S2(=O)=O,0
CC[C@@H]1CCCCN1CCn1c([C@H](C)NS(C)(=O)=O)nnc1N(C)[C@@H](C)CC#N,0
Cc1[nH]c(=N)[nH]c1C1=CC(N)C(=N)NCC1,0
CCCCCCCCC=CC(=O)O,0
CC1NC2=NCC3NC(=O)C(N)COC213,0
CCOC1=NC2CCN(C=O)C(=N)C2N1C=O,0
COC(=O)C[C@@H]1C(=O)NCCN1C(=O)c1cc(C#N)cc(N(C)C)c1,0
Cc1ncc2n1C[C@H](C(=O)N1CCSC[C@@H]1C#N)CC2,0
Cc1ccccc1C(C(=O)NC1CCCCC1)N(C(=O)Cc1c[nH]c2ccccc12)c1cccc(F)c1,0
CC1CC2CC3C=CC45COCC34C5C1O2,0
C#Cc1ccc(C(=O)NC[C@@H]2CCCCCN2C(=O)C(C)(F)F)cc1,0
[N-]=[N+]=NCCCCC#Cc1cncc(OC[C@@H]2CCN2)c1,0
Nc1ncc(-c2cc(N3C[C@@H]4C[C@H]3CO4)nc(N3CCC(F)(F)C3)n2)cc1SC(F)(F)F,0
COc1ccc(S(=O)(=O)NCCC(=O)NCc2ccc(F)cc2)cc1,0
CC(C)CCOCc1ccccc1,0
CNC(C)(C)Cc1ccc(Cl)cc1,0
COc1cc2c(cc1OC)-c1cc(N3CCCc4ccccc43)nc(=O)n1CC2,0
C#CC(C)C1(CCO)CCNC1=NC(C)C=O,0
CCCCn1c(NCCCN2CCN(c3ccccc3)CC2)nc2c1c(=O)n(C)c(=O)n2C,0
CC(=O)Nc1cccc(C(=O)N2CCO[C@]3(CCN(C(=O)[C@@H](C)ON=C(C)C)C3)C2)n1,0
C#CC12CC(NCC)C(=O)N1CCNC2CN,0
CC1=CC(=NO)CCN2CCCNC(C1)C2=O,0
CCc1nn2c(C)cc(C)nc2c1Cc1ccc(-c2nnc(C3CCNCC3)o2)cc1,0
C=CCNC[C@@H]1CN(C(=O)[C@]2(C)CCNC(=O)C2)CCO1,0
NNC(=O)CCC(=O)O,0
C=C[C@H](CC(=O)O[C@H](C)CCCOC)c1ccccc1,0
CC(C)C(N)=O,0
CN1CC2CC1CC1OC(S(=O)(=O)O)CC21O,0
Cc1ccc2oc(=O)ccc2c1,0
CC1OCC(O)(C2C=CC(N)CC2N)C1C,0
CCCC#CC1C(=O)N(c2ncon2)C1C,0
CC12NC3C(N)=NC4C3C1C2CS4(=O)=O,0
CCOC(=O)c1c(O)cccc1O,0
CCCC(c1ccn(C)c1)C(CO)C(=N)NC,0
COc1ccc(C(CN)C(=O)Nc2ccc3cnccc3c2)cc1,0
NCC(Cl)c1ccccc1,0
CCN(C=N)C1=C2NC(=N)CCC2C(=NO)C1,0
C=CC(C)(C)C(=O)N1CC[C@@H](NCc2nccn2CC)[C@H](CC)C1,0
Cc1cc(CNCCC(=O)N(C)Cc2ccccc2Br)ccc1C#N,0
CN(C)CCNC(=O)c1cccc2ccc(-c3ccccc3)nc12,0
C#CCN1CCC(/C=C/c2ccc(C(F)(F)F)cc2)CC1,0
CCCCNCc1cccc(I)c1,0
CCCc1c[nH]c2ccc(F)cc12,0
CC(O)Cc1n[nH]c(C(O)c2csc(O)c2)n1,0
CCCCCCCCCCC,0
OC(O)CCCc1ccccc1,0
COC(=O)CCCNC(=O)c1cc(S(N)(=O)=O)c(Cl)cc1Sc1ccccc1,0
CN(C)Cc1ccccc1,0
[2H]C([2H])(c1cc(Cl)ccc1N)N1CCN(C(=O)CNC(=O)C2CC23CCC(F)(F)CC3)CC1,0
NC1CCC(NC2CC2c2ccc(F)c(F)c2)CC1,0
CCN(C)C1CC2CCC1(CC)CNC2=N,0
NCOC(=O)c1ccccc1,0
CCc1ncc2n1CCN([C@@H](C(=O)NC)c1ccccc1)C2CCc1ccc(C(F)(F)F)cc1,0
C=C(C)CN[C@H](C)C[C@H](C)NC(=O)c1cnc(-c2ccoc2)s1,0
CN1C(=O)[C@]23SS[C@@]1(C)C(=O)N2[C@H]1Nc2ccccc2[C@]1(c1c[nH]c2ccccc12)[C@@H]3O,0
COC(=O)c1cccc(C)c1O,0
N#Cc1cc(F)c(S(=O)(=O)N[C@H](c2ccccc2)C2(CO)CCCCC2)c(F)c1,0
N#Cc1ccc(CN2C[C@@H]3[C@H](C2)[C@H]3NC(=O)Cc2ccccc2)cc1,0
CC(O)(NCO)c1ccccc1,0
C/C(=N\O[C@@H](C)c1nc(C(C)C)no1)c1cc2ccccc2o1,0
CC(C)c1ccc(S(=O)(=O)c2n[nH]c3ccc(N4CCC(N)CC4)cc23)cc1,0
CC1CC(O)C(C)C2C(N)c3cccn3C2C1,0
Cc1ccc2c(c1)nc(O)n2C1CCN(CC2COc3cc(C)c(C)cc3O2)CC1,0
COc1cc(N2CCC(CN3CCC3)CC2)ccc1Nc1ncc(Cl)c(Nc2ccccc2P(C)(C)=O)n1,0
CCN(C)c1cccncc(=N)c(=N)ncs1,0
C[C@H](Oc1cccc(Cl)c1Cl)C(=O)Nc1ccc2oc(-c3ccncc3)nc2c1,0
Cc1nn(Cc2ccc(NC(=O)c3cc4ccccc4[nH]3)cc2Cl)c(C)c1CC(=O)O,0
CCCCC(C)C,0
CC(=O)Nc1ccc2[nH]ccc2c1,0
COCC(=O)Nc1ccc(Br)cc1,0
CC1CN(S(=O)(=O)c2cccc3ccccc23)CCN1C(=O)C1CCCCC1,0
COCC1=C(N2CCC3(CCN(C[C@H](O)c4ccc5c(c4C)COC5=O)CC3)C2=O)COC1=O,0
COC(=O)c1cc(Br)cc(NC(=O)c2cc(C#N)cs2)c1C,0
OC[C@H]1O[C@@H](n2cnc3c(NCc4ccccc4)ncnc32)[C@H](O)[C@@H]1O,0
CC(C)Nc1nnc(-c2ccc3[nH]cc(-c4cc(=O)[nH]c(C5CC5)n4)c3c2)o1,0
COC(=O)CCc1ccc(Cl)cc1,0
CN(C)C(C)(C)c1cccc(-c2cc(-c3ccnn3C3CCOCC3)c3c(N)ncnn23)c1,0
C#CC1CC(=NO)C(C)(C)C(C(O)CO)N1,0
CCC1CC2C(C1)N(C)CC1(CN)CCNC21,0
C#C[C@H](NC(=O)C(=O)Nc1ccc(F)c(Br)c1)C(C)(C)C,0
CC1C(N)=C2C(=O)N3CCC3=CCC2C1N,0
C=CCS(=O)(=O)CCNC(=O)N1CCC[C@H]1c1ccccc1C,0
NS(=O)(=O)c1cc(C(=O)NC2CCCCC2)c(SCCO)cc1Cl,0
CCCCCCCN,0
CC(=N)NCC1CC(N)(S(=O)(=O)O)CC=C1C,0
CS(=O)(=O)NC(=O)c1cc(C2CC2)c(OCC2CCC(F)(F)CC2)cc1F,0
Nc1ccccc1,0
O=C1NCCc2[nH]c(-c3cccc4ccc(-c5ccccc5)nc34)cc21,0
CC=CC(=O)Nc1ccccc1Br,0
CC(=O)OCCCCOc1ccc2[nH]c3nc(O)nc-3cc2c1,0
C=CCn1cc(C(=O)N[C@H]2CC[C@@H](C)N(CCC(C)(C)C)C2)nn1,0
CS(=O)(=O)c1ccc(-c2cccn3nc(Nc4cccc(N5CCN(CC(N)=O)CC5)c4)nc23)cc1,0
Cc1cc(C)n(CC(=O)N/N=C/c2cc(Br)cc([N+](=O)[O-])c2O)n1,0
CCC1CC(O)(CN)C2CN1c1nc(N)cn12,0
CC(C)(CNC(=O)C(F)(F)F)[C@@H](c1ccccc1)c1ccc2c(cnn2-c2ccc(F)cc2)c1,0
C=CCCC(CC)=NNCCO,0
Cc1ccccc1C1CCNCC1,0
CC(=N)N1CC2CC(CN=CN)C(O)(C2)C1C,0
CC(=O)NCCCCN,0
C#CC(N)Cn1nc(CC(C)C)c(=O)nc1Br,0
CC[C@H](C)c1nnc(N2CCN(Cc3ccc(C#N)cc3)CC2)n1Cc1cc(C)on1,0
Cc1nsc(N2[C@H]3CC[C@H]2CN(C(=O)c2cscn2)C3)c1C#N,0
NCCC(=O)NCCC(=O)O,0
COc1ccc(C(=O)N[C@@](C)(C#N)C(C)C)cc1S(=O)(=O)N1CCCCCC1,0
Oc1cccc(-c2nc(N3CCOCC3)c3oc4ncccc4c3n2)c1,0
OC(O)c1ccc(Cl)nn1,0
CC(C)(CN)c1ccccc1,0
CCC(=N)N(C)CC1CCOC(=O)CN=C1N,0
C=CCN(Cc1ccccc1)S(=O)(=O)c1cc(C(=O)NCC(F)(F)F)n(C)c1,0
Cc1cc(=O)c2ccccc2s1,0
CC(C)c1cc(C(C)C)c(S(=O)(=O)NC[C@H]2CC[C@H](C(=O)NNC(=O)c3cc4ccccc4s3)CC2)c(C(C)C)c1,0
CC1OC(=O)NC2=NCCN(C)CC3C1N23,0
CCCNC1(CO)CC(C)CC1C(CC)NC,0
NCc1ccccc1O,0
C=CC[C@@H](CC)NCc1cnc2ccc(Br)cn12,0
CCCN(c1cccc(S(C)(=O)=O)c1)P(=O)(c1ccccc1)c1ccccc1,0
CCc1ccoc1C(=O)NC1[C@@H]2CN(Cc3ccccc3C#N)C[C@@H]12,0
CCOCC1CCNC1C(=O)N(C)CCNC,0
CN1CCC(c2cccnc2)CC1,0
OC(O)=NC(O)c1ccccc1,0
Cc1nc(N)nc2ccccc12,0
C=CCN1C[C@@]2(CCN(Cc3ccc(C(=O)OC)cn3)C2)OCC1=O,0
CC(C)OCc1cc(CN2CCN(c3ccccc3)CC2)c(O)c2ncccc12,0
CCOC(=O)Cc1ccccc1O,0
CC(C)NCCN(CCc1ccccc1)C(=O)CC#Cc1ccccc1,0
COC(=O)[C@@H](C#N)c1nc2ccccc2nc1N1CCC(C)(N2CCCC2)CC1,0
CCC1OC2C(N)Cc3sncc3C2C1(C)N,0
CC(=N)OC1COC1C1C(C)=CCN1C=O,0
O=C(/C(=C/c1ccccc1)c1ccccc1)N1CCCCC1,0
OCCc1ccccn1,0
CC(C)(C)OC(=O)NCC(=O)N[C@H](COc1ccc(/C=C/C(=O)NO)cc1)Cc1c[nH]c2ccccc12,0
CC(CC12CC(O)CN=CNC1CN2)=NO,0
CCNCC12CCOC1c1[nH]nnc1N2,0
CCC(C)(O)C1C2CC(CO)=CC1(O)C2N,0
Cc1cn(C=O)c2c1C1CC(C)C(CN1)N2C,0
CCN=COCc1c(CC)c(C)sc(=N)c1I,0
CC1N=CNCC2(c3ncc(O)o3)OCC1O2,0
CC1CCN2CC(=O)OCC12c1scnc1O,0
COc1ccc2ccc(OC)c3c2c1CCC3CNC(=O)C1CC1,0
CCC(=O)OCCc1ccccc1,0
CCCOCCOC(=O)C1=C(C)NC2=C(C(=O)[C@@H](C(=O)OC)[C@H](C)C2)[C@@H]1c1cccc(Cl)c1,0
CCCCNCc1ccc(Cl)cc1,0
CC(=O)c1c(C)cccc1O,0
COCCN1CCc2ccc(Nc3ncc(Cl)c(NC4CCCCC4)n3)cc2CC1,0
COc1nncc([C@H]2CN3CC[C@H]2C3)n1,0
CCC1=CC2Cc3nc4cc(Cl)ccc4c(N)c3[C@@H](C1)C2,0
CCC12CCC(C(=O)C=O)(C3OCC31)C2O,0
CCC12CCCC(C(C)(C)C)(O1)C(=O)CC2,0
CCCCNCc1cccc(Br)c1,0
C=C(C)CCN1CCC2(C1)CN(C(=O)C1(c3ccccn3)CC1)C2,0
C=CCN(C[C@@H](C)N)[C@H](C)c1cccc(-n2cnnn2)c1,0
CC1CCC2CC1C=CS(=O)(=O)C1C(C)NC21,0
C[C@@H]1C(=O)NN=C2COc3cc(C(F)(F)F)c(N(C)C4(C)CN(C)C4)cc3N21,0
N#Cc1ccc(N2CC[C@H](C(=O)N3CCOCC4(CCC4)C3)C2)c(F)c1,0
CCOCCN1CC[C@]2(CCCN2S(=O)(=O)c2ccccc2C#N)C1=O,0
CCN1C(=N)C(C(N)=O)=C(N)C(C)C1C,0
CCCC1COC(C#N)c2cc(N)c(Br)cc21,0
Oc1cccnc1,0
O=C(O)OC(O)c1ccccc1,0
c1ccc2sc(C3(NCC4CC4)CCCCC3)cc2c1,0
CCCCc1ccc(C(=O)O)nc1,0
COC(=O)c1cc(CSCCC(C)C)sc1N,0
CCCCCc1ccc(CO)cc1,0
C#CCC1(C(C)CO)OC(=O)C(CC)CC1O,0
Cn1c(=O)n(C)c2ccccc21,0
CC(C)S(=O)(=O)NN=C1CCOC[C@H]1CN1CCCCC1,0
CNc1ccc2ccccc2n1,0
COc1ccccc1CN(C)C(=O)c1c(-c2ccccc2C)c2ccccc2c(=O)n1C,0
N#CCN[C@H]1C[C@@H](NC(=O)[C@@H]2COC[C@H]2c2ccccc2)C1,0
CC1(C23COC(CN2)C3)CNCC12CN2,0
C#CC1C(=O)N(C=N)CCC(N)=NC1(C)C#N,0
CCC1CCCC2CNCC(COC2C)C1C,0
O=C(Nc1ccc2c(c1)OCO2)c1cc(C2CC2)on1,0
CC1CC2C(=NO)C(C)C(CCO1)C2CO,0
CC(=O)Nc1cc(C)c(O)c(C)c1,0
CC(CN=C1CC2(O)CC2N1)C(C#N)=NO,0
CC1CCN2C3=NC(CCN(C)C(=N)C3)C12C,0
CC1OC2C=CC1C(C)OC(C)(C)OC2,0
CCc1oc(C(=O)NCC[C@H]2CCN(C(=O)[C@H](C)C#N)C2)cc1C,0
COC(=O)CCc1ccc(N)cc1,0
ONCC(O)c1ccccc1,0
CCOC(=O)c1ccccc1OC,0
C#CCOc1ncccc1C(=O)NCC1(NCCC=C)CCCCC1,0
CSc1nc(-c2ccc(F)cc2)c(-c2ccnc(N[C@H](C)C(C)C)c2)[nH]1,0
Cc1cn2c(-c3cn[nH]c3)cnc2c(Nc2cc(C3(N4C[C@@H](C)O[C@@H](C)C4)CC3)ns2)n1,0
CCOC(c1sncc1O)C(NC=O)C(C)N,0
CC1C(=O)C2CCC(=N)N2CC12CCOC2=O,0
NCOc1ccccc1,0
CN=C(O)c1ccccc1,0
CC(=NO)C1CC(=NO)C23CN=CN2C=NC13,0
O=S(=O)(c1ccccc1)n1cc(CN2CCNCC2)c2ccccc21,0
CS(=O)(=O)c1ccc(OCC(F)(F)F)c(C(=O)N2CCN(c3ccc(C#N)cc3F)CC2)c1,0
CC(O)CNc1ccccc1,0
COc1ccc(NC(=O)CNc2ccc(C#N)cc2)cc1NC(=O)OC(C)(C)C,0
CC(=O)C(N)=NC1CCN(CCC#N)C(=O)C1,0
CN(C)c1ccc(-c2nc3ccc([125I])cc3o2)cc1,0
C=CC(C)(C)c1nnc(-c2ccccc2OC)o1,0
COCNc1ccccc1,0
Cc1ccc(NC(=O)CS(=O)CC(=O)NC2CCN(Cc3ccccc3)CC2)c(C)c1,0
O=c1[nH]c2ccc(/C=C3\c4ccccc4COc4cc(F)ccc43)cc2[nH]1,0
CCCN(CCC)CC(O)COc1ccccc1C(=O)Nc1ccccc1,0
CCn1c(N)cc2c1OC1OC2C2CC1CO2,0
CN=C(O)Oc1ccccc1,0
COCC(=O)NCCCCN,0
C=CCN(CC=C)C(=O)[C@H](C)Sc1n[nH]c(=O)n1C[C@@H]1CCCO1,0
CCC1CC2C(CC3C(=N)N4CCN=C4N32)N1,0
O[C@@H]1c2cnccc2CC[C@H]1[C@H]1c2ccccc2-c2cncn21,0
CC1=C(N)C(C)(O)C2(OCC2=O)S1(=O)=O,0
CC(=O)N1CCc2ccccc21,0
CCC1(CC)C2CC1C(C1CNC=N1)C2N,0
Nc1cc(C(F)F)c(-c2nc(N3C4CCC3COC4)cc(N3C4CCC3COC4)n2)cn1,0
CN(CC(=O)Nc1ccc(F)cc1)CC(=O)NC1CCCCC1,0
CC(C)Oc1ccc(C(=N)N)cc1,0
C=C(C)Cn1c([C@@H]2CCCN2C)nnc1N1CCCC[C@H]1CC,0
Cc1cccc(C)c1NC(=O)CN,0
C#CC(C)C1C2C(N)CC(N)(CN)C12,0
CCOCCOC(C)=O,0
CO[C@H](CC(C)C)C(=O)N1CC[C@@H](CN(C)c2ccc(C#N)nn2)C1,0
Cn1cc(C#N)c2ccc(Nc3ncc(-c4ccccc4CN)o3)cc21,0
CCOC(=O)CC(=O)OCC,0
OC1CCC1,0
CCC1(NC)C2CNC1(C)CC(=N)N2C(C)=N,0
O=C1N(CCN2CCCC(OCc3ccccc3)C2)CCN1c1cccc(Cl)c1,0
CCN(CC)CCCNC(=O)c1cnc(N)c2c(-c3ccc(NC(=O)Nc4cccc(C)c4)cc3)csc12,0
CNC(=O)[C@@]12C[C@@H]1[C@@H](n1cnc3c(NCc4cccc(I)c4)nc(Cl)nc31)[C@H](O)[C@@H]2O,0
C#CC[C@H](NC(=O)c1ccc2c(c1)NC(=O)CCN2C)c1ccccc1,0
NCC(O)=C(O)c1ccccc1,0
N=C(N)c1ccc(-c2cn3c(n2)CCC(c2ccc(C(=N)N)cc2)C3)cc1,0
C#CC1(C)N=CN(C(=O)NC(C)C)C1C(N)=O,0
CCCCCCN(C(=O)c1cccc(OC)c1)C(CC)c1nc2ccccc2c(=O)n1-c1ccc(Cl)cc1C,0
C#CC1CN1c1c[nH]c(NC(C)C=O)c1O,0
C#CC1(N)CC(C)NC2(CCC2O)C(C)C1,0
C#CC(C(N)=O)N1CC(C)(O)C(O)C(N)C1C,0
O=C(N=Nc1ccc(NOC(=O)c2ccccc2Br)cc1)c1ccccc1O,0
COc1ccc([C@H](NC(=O)COc2cc(Br)ccc2C#N)C2CC2)cc1,0
C=CCn1c([C@@H]2COc3ccccc32)nnc1N1CCC[C@@H]1[C@H]1CCCO1,0
CCOc1cccc(O)c1C(C)=O,0
C=C1CC[C@H]2C(C)(C)CCC[C@]2(C)[C@H]1CC/C(C)=C/Cn1c[n+](C)c2nc[nH]/c(=N\OC)c21,0
CC(C(=N)N)C(NC=O)c1cc(CC#N)ns1,0
CC1=CC2C3C1C3C13NCCC1(N)CNC23,0
C[C@H](CN=c1cc[nH]cc1C#N)NC(=O)[C@H](C)OCC1CC1,0
CCC12C3NC4C(NC)C(O)C(C4C31)N2C,0
NC(=O)c1sc2ccc(Cl)c(Cl)c2c1NC(=O)c1ccc(Cl)cc1,0
CC1(C2=NCCN2)CC(O)C(c2nnon2)O1,0
COc1ccc2c(c1)CCN2C(=O)C(=O)Nc1ccc(Oc2ccc(C#N)cc2)cc1,0
Cc1cccc(C)c1[N+](=O)[O-],0
CN1C(=O)C(NC(=O)c2ccc(C(F)(F)F)cc2)N=C(c2ccccc2)c2ccccc21,0
CCc1nc(C#N)cc(N[C@H](C)CNC(=O)c2n[nH]c(C)c2C)n1,0
Cn1c(=O)c(C(=S)NC(=O)C2CC2)c(N)n(Cc2ccccc2)c1=O,0
COCCN1CCN(Cc2ccc(NC(=O)c3ccc(C)c(C#Cc4cnc(C(N)=O)n4C)c3)cc2C(F)(F)F)CC1,0
COc1ccc(NS(=O)(=O)c2ccc(I)cc2)cc1N1CCN(C)CC1,0
CCC1NC(=O)C2(C(=O)OC(OC)C2=O)C1=O,0
Cn1c2ccccc2c2cc(C(=O)NCCN3CCCCC3)c3ncccc3c21,0
COc1cc2c(cc1OC)[C@H](O)[C@@H]1c3c(cc4c(c3-2)OCO4)CCN1C,0
CCNC(C)C(C)C(N)Cc1cnoc1CO,0
CCNC(Cc1cc(O)oc(=NC)c1I)=NC,0
Cc1nc(N)nc(C)c1C(=O)N1CCC(C)(N2CCN([C@@H](C)c3ccc(C(F)(F)F)cc3)[C@@H](C)C2)CC1,0
Cc1nc([C@@H]2CCCN2/C(O)=N/[C@@H](C)c2cccnc2)no1,0
OC(O)(O)c1ccccn1,0
COc1ccc(NC(C)=O)cc1C,0
CC(C)COc1cc(Cl)ccc1COc1ccnn1-c1cc(C(=O)O)ccn1,0
COC(=O)CCCN1CCOCC1,0
Cc1cc(O)cc(C)c1C[C@H](N)C(=O)N1CCC(Cc2ccccc2)CC1,0
CC1CNC2(C)c3cnc(O)cc3C(N1)C2C,0
Cc1ccc(C)c(CC(=O)N2CCN([C@H](C#N)c3ccc(Br)cc3)CC2)c1,0
CC1=NCS(=O)(=O)C(=O)NCC(C)N=C(C)N1,0
C=C(C)Cn1c(CNC(=O)c2cccs2)nnc1N(C)[C@H]1CCS(=O)(=O)C1,0
Cc1ccc2sccc2c1,0
Cc1ccc(C(=O)N2CCC(=CC(=O)N[C@@H]3CCN(Cc4ccc5cc(F)ccc5c4)C3)CC2)nn1,0
C=C[C@@H]1OCC[C@H]1C(=O)NC[C@]1(C)CN(c2ccc(-c3nn[nH]n3)cn2)CCO1,0
CC(C)(C)c1ccc(C(N)=O)cc1,0
CCOc1c(N)coc1C(N=CN)C(C)NC,0
Cc1nn(C)c(Cl)c1CN(Cc1cccnc1)Cc1ccsc1,0
CN1CCN(C)CC1,0
CC(=O)NC1CCN(Cc2cc3nc(-c4cnc(N)nc4)nc(N4CCOCC4)c3s2)C1,0
CN(C)CCOCCNC(=O)C(C)(C)Cc1ccc(C#N)cc1,0
CC(=N)N1CC(=NO)C(C2OC(=O)N3CC23)C1,0
O=C1[C@@H]2Cc3c([nH]c4ccccc34)C(c3cccc([N+](=O)[O-])c3)N2C(=O)CN1CCCO,0
CN1CC2(C)C(CNC=O)C1COC2(C)C#N,0
CCC12COC(C(C(=O)C(=O)CO)C1)C2CO,0
CC1CC=C(C2=CC3C(C2)N3C)C=CC1N,0
Cc1ccc(COc2ccc3nc(C4CCCCC4)n(Cc4cccc(-c5ccc(C(F)(F)F)cc5)c4)c3c2)nc1,0
CCCCCCCCCBr,0
CCOC[C@H]1O[C@@H](n2cnc3c(N)nc(Cl)nc32)[C@H](O)[C@@H]1O,0
C[C@H](COCC(=O)N(CCC#N)CCC#N)c1ccccc1,0
C#CCC1Cc2csc(CCCC)c2C1,0
Cc1ccc2c(c1)c(-c1ccnc3c(Cl)cccc13)c(C)n2CC(=O)O,0
CCNC1C(NC)=NC2C(C)COC(=N)NC12,0
CC(=O)NNC(=O)c1ccncc1,0
COc1ccc2[nH]c3c(c2c1)CC(=O)Nc1ccccc1-3,0
CC1Cc2oc(O)cc2N(C2CNCC2N)C1,0
N#Cc1cccc([C@H]2CN(C(=O)c3ccc(Oc4ccc(Cl)cn4)cc3)CCO2)c1,0
CC(N)C(O)c1nc(CNCCO)c(CN)[nH]1,0
CSc1cccc(C(=O)N2CC[C@H]3CO[C@@H](CNC(=O)C(C)(C)C#N)[C@H]3C2)c1O,0
O=C(/C=C/c1cc(Br)ccc1O)c1cc2ccccc2[nH]1,0
OCOC(CO)c1ccccc1,0
CC(O)c1cccnc1,0
CCS(=O)CCN1C[C@@H](c2ccc3c(c2)OCO3)[C@H](C(=O)O)[C@H]1c1ccc(OC)cc1,0
Fc1cccc(COc2ccc(Nc3ncnc4sc(-c5ccc(CNCc6ccccc6)o5)cc34)cc2Cl)c1,0
CN1CCCC1,0
CCNC(=O)N[C@H]1CCc2c(Cl)c(OC)c(OC)c(OC)c2-c2ccc(OC)c(=O)cc21,0
NC(=O)CCCCCO,0
CC(C)(C(=O)N1CCC[C@@H]1CNc1ncc(C#N)cc1F)C1CCC1,0
CNC(=O)[C@H](C#N)C(=O)C1CCN(S(=O)(=O)c2ccc(OC)c(OC)c2)CC1,0
COc1ccc(OC)c(Nc2nc(Cl)nc3ccccc23)c1,0
CC1OC2OC=NC(C)(CO)C2(O)C1=O,0
O=C1Cc2cc(NC(=O)C[C@]3(O)CC[C@@H](Cc4ccccc4)CC3)ccc2N1,0
CCCCCNCC(=O)O,0
C=CCC1(C(=O)NCCNC[C@H](O)COc2cccc(C)c2)CCC1,0
CC1(C)CCC(CC(=O)Nc2nc3c(s2)C[C@@H](NC(=O)/C=N/O[C@H]2CCCCO2)CC3)CC1,0
CC1(C)C2OCC(O)C1C(C)(O)C1NCC21,0
C#CCCCC(=O)Nc1cc([C@H]2CCCCN2C(=O)c2cc(C)nn2-c2cccc(=O)n2C)[nH]n1,0
C=C(C)Cn1c([C@H]2OCC[C@H]2c2ccccc2)nnc1N1CCOC2(CCCCCC2)C1,0
CNCCCCCc1ccccc1,0
O=C(c1ccc(-c2nnc(-c3cccs3)o2)s1)C(F)(F)F,0
Cc1cc(C)c(O)c(C)c1,0
COC(=O)C1(C#N)CCN(S(=O)(=O)CCc2ccc(OC)cc2)CC1,0
CC(C)(CO)c1ccc(O)cc1,0
CC12CCC(N)(CO)C(CN)(C1)OC2C(=N)N,0
C=C(C)[C@@H]1OCCC[C@@H]1C(=O)N1CCC[C@H](NCc2cnc(C)cn2)C1,0
CCOC(=O)C1=CNC2CC23CCCC13O,0
CC(CNC=N)(COC(=N)N)OCCC(N)=O,0
CC1CC2CCOC2OC(=N)CN=CN1C=N,0
NCC(O)c1ccccc1,0
CC(c1ccc(Cl)cc1)N(C)C,0
COc1ccccc1N1CCN(CCCCNC(=O)c2ccc(Br)cc2)CC1,0
CCCC1C(=N)NCC2N=C(NCC2C)C1C,0
CC(=O)Nc1ccc2cc3ccccc3c3c2c1C(=O)N(CCN(C)C)C3=O,0
COCc1cccc(O)c1,0
CCC1C#CC2CNC(C(=O)N1)C1NCC21,0
CCC(=O)N1CCC(NC(=O)Nc2ccc(Cl)c(Cl)c2)CC1,0
C#CCN1C[C@H]2C[C@@H](NC(=O)c3cnc(O)n3C)C[C@H]1C2,0
O=C(O)NC(O)c1ccccc1,0
C=CCn1c(O)nnc1S(=O)(=O)Cc1csc(-c2cccc(OC)c2)n1,0
CCOC(=O)CCC(C)=O,0
C=CCCOCC(=O)N1CCC(N(C)C(=O)C2=CCOCC2)CC1,0
CCc1cc2nc(C)cc-2c(C(=N)N)cc1C,0
CC1OCC2CC3OC=NCCCC3OC21,0
C=CCC[C@H](C)N1CC=C(CCNC(=O)[C@@H](CC)NC(C)=O)CC1,0
c1ccc(Cc2cccc3c2CCC2CNCCN32)cc1,0
CC[C@](C)(C#N)C(=O)NCC[C@@H]1C(=O)Nc2ccc(F)cc21,0
COc1ccc(Cl)cc1C(=O)N(Cc1nc(-c2cccc(C)c2)no1)C(C)C,0
C#CCN1CCN(C(=O)c2ccccc2NS(=O)(=O)c2ccc(F)c(F)c2)CC1,0
NS(=O)(=O)c1ccc(CN2C(=O)c3cc(Cl)c(Cl)cc3C2=O)cc1,0
COCCN1CCN(c2nnc(-c3cccc(C#N)c3)n2C[C@@H]2CCS(=O)(=O)C2)CC1,0
CCC1CNC2C3CCC(NC)(CNC3=O)C12,0
CC1C2CC(N)C(COC13CNCC3(C)N)O2,0
CN(C)CCCc1ccc(Br)cc1,0
NC1=N[C@@]2(CO1)c1cc(-c3cc(F)cc(Cl)c3)ccc1O[C@@H]1COCC[C@H]12,0
CC(CO)C(O)C(O)c1nc(NC(N)=O)co1,0
CC1(C)C=C(N2Cc3ccccc3C2=O)c2cc(C#N)ccc2C1=O,0
C#CCC(C)(OCCC)c1cc(C)cc(O)n1,0
CCc1ccc2ccccc2c1,0
CCC[C@@]1(C)C[C@@H](C(=O)NCc2ccc(C(=N)N)cc2)n2c1c(Cl)nc(NC1CCC1)c2=O,0
CCN1CC(C)(NC)C(CCO)CCC1C=O,0
Cc1cc(Cl)c2ccc(Cl)cc2n1,0
Nc1ccc(O)c(C(=O)O)c1,0
Cc1c(C(C=O)CO)cn2c1C1CCC2CC1,0
COc1ccc([C@H](C)N2C(=O)c3cccc(N4CCN([C@H](C)c5ccccc5)CC4)c3C2=O)cc1OC,0
C=CCOCC(=O)N[C@]1(CO)CCCN(C(=O)C(C)(C)C=C)C1,0
C#CC1C(C)C2C(C(=N)N)N1c1noc(=N)n12,0
CC#CCN1CC2(C[C@H](NC(=O)C[C@H]3CCCC(=O)N3)CO2)C1,0
C=C[C@](C)(CC)c1nc(CCOCc2ccc(OC)cc2)no1,0
Cc1sc([C@H]2CCCN2C(=O)NCc2ccc(CC#N)cc2)nc1C(=O)O,0
CC(C)C#CC(=O)NC[C@H]1CCC2(CN(Cc3ccsc3)C2)O1,0
CC(OCO)c1ccccc1,0
Cc1cc2ccccc2cn1,0
CCCC(C#CC#N)(CC)C(C)C(C)=NO,0
C=CCN1CC[C@H](NC(=O)c2ncn(C)n2)[C@H](O)C1,0
CCn1ccnc1[C@H](C#N)C(=O)c1cc(C)cc(C)c1,0
Cc1nsc(N2CCN(C/C=C/c3ccccc3)CC2)c1C#N,0
NCNC(O)c1ccccc1,0
CCC1NC(C)(C)CC2OCCC2(N)C1N,0
COC(=O)c1cccc(OC)c1O,0
S=c1[nH]ccn1Cc1ccccc1,0
CCOC(=O)c1cccc(O)c1O,0
Cc1sccc1C(=O)NC[C@@H]1CN(CC#N)CCC1(F)F,0
CC12C3=C4CNC3C3CCC1(C4N)N32,0
CN(C)C(=O)Cn1c(-c2ccccc2)c(C2CCCCC2)c2ccc(C(=O)NS(=O)(=O)CC(=O)O)cc21,0
N#Cc1cncc(N2C[C@@H](S(=O)(=O)c3ccccc3Cl)C[C@H]2C(=O)NCC(F)(F)F)n1,0
CN(c1ccccc1)N(O)O,0
COc1ccc(N(CC(=O)NC2CC3CCC2C3)S(=O)(=O)c2ccc(C)c([N+](=O)[O-])c2)cc1,0
CC(=O)NCCO,0
CCC(CC)C1CCC2(C)OC(=N)CNC2C1,0
Cc1cnc(C(=O)N2CCC[C@@H]2CNc2ccc(C#N)nn2)c(C)c1,0
CCCNC(=O)c1cccc(Br)c1,0
CC(=O)OC1CC(C)(C)C(N)(C(O)CO)C1C,0
ClCCN1CCCC1,0
CCC1=C(O)N=C(C2=CCCC2)S(=O)(=O)C=N1,0
C[C@H](NCCN1Cc2ccccc2OCC1=O)c1ccc(C#N)cc1F,0
CCc1nc2ccccc2[nH]c1=O,0
C#CC(NC1=NC(C)CC1)C(CC)CNC=N,0
CCC(=O)N1CCN(C(C)=O)CC1,0
C#CCN1C[C@H]2OCCN(C(=O)c3ccc4c(=O)ccoc4c3)[C@H]2C1,0
CN1C(=O)C(=O)c2cc(Cl)ccc21,0
CC1CC(N)=NC12C1CCC(CC1)C2N,0
OC(O)c1cccc(Cl)n1,0
Cc1cc(N(C)C(=O)c2ccc(Oc3ccc(F)cc3)nc2)ncc1CN1CCN[C@@H](C)C1,0
COc1cc([C@@H]2c3cc4c(cc3[C@H](OC)[C@H]3COC(=O)[C@H]23)OCO4)cc(OC)c1OC,0
C#CC1OC2=NC(C)(C)C(O)C2=C1C(N)=O,0
NCCCCCCCC(=O)O,0
CNC(=O)c1nc(-c2ccc(Cl)c(S(=O)(=O)NCC(F)(F)F)c2)cnc1N,0
CCCNC1Cc2ccccc2C1,0
CCOC(=O)COc1cccc(N(Cc2cccnc2)S(=O)(=O)CC(F)(F)F)c1,0
CN1CCCCCC1=O,0
C#CCCC(CC)c1nnn2c1CC2C,0
N#CCc1ccncc1-c1ccc(F)cn1,0
CC(C)(C#N)C(C)(CO)C(N)CC(C#N)CN,0
CCc1cc(C(=O)NC[C@H]2CN(c3ccc(C#N)cn3)C[C@H]2O)n[nH]1,0
CC1OCC=CCCCCC(=O)C1=NO,0
NCc1ccccc1,0
C#Cc1nc(CO)c(O)c2cc(=N)nc-2n1C,0
CC(=O)NCC(=O)N1C[C@H]2CCC[C@@H](C1)N2c1ccc(C#N)nc1,0
COc1ccc(C(=O)CN2C(=O)c3ccccc3S2(=O)=O)cc1,0
Cc1snc(-c2oc(=N)[nH]c2N)c1NCCN,0
C=C(C)CN1CC[C@@H]2CN(C(=O)c3nccn3CC)CC[C@@H]21,0
Cc1sc(NC(=O)CN[C@H](c2nncn2C)C(C)C)c(C#N)c1C,0
C=CCCC(C)(C)C(=O)NC1(c2ccc(NC(=O)c3cnnc4ccccc34)cc2)CCC1,0
COc1cc(C2=NN(C(C)=O)C(c3ccccc3)C2)ccc1OCc1cn(CCNc2ccnc3cc(Cl)ccc23)nn1,0
N#Cc1ccc(NC[C@H](O)CNC(=O)c2cnon2)cn1,0
CCCCc1nn2c(-c3ccccc3)cnc2n1Cc1ccc(-c2ccccc2-c2nn[nH]n2)cc1,0
Nc1cccnn1,0
C[C@H](NC(=O)C(=O)N[C@H]1CCN(C(=O)C2CCCC2)C1)c1ccc(C#N)cc1,0
OCc1ccccc1,0
CC1(C)CC(C(=O)N2CCO[C@@]3(COCCN(C(=O)c4ccc(C#N)cc4)C3)C2)C1,0
C=CCOCC(=O)NCCCNCC(=O)NCc1ccccc1C,0
Cc1ccc2ccc(C)cc2c1,0
CC(=O)NC(=S)Nc1ccccc1,0
O=C1CC(CN2CCC(C(=O)c3ccc(F)cc3)CC2)Cc2cc(-c3ccccc3)ccc21,0
O=C(NC(O)O)c1ccccc1,0
CCOC(=O)[C@@H]1C2CCC(C[C@@H]1OC(c1ccc(F)cc1)c1ccc(F)cc1)N2C,0
Cc1cccc(C2CCNCC2)c1,0
COc1ccc2c(c1)CCCC2=O,0
CC1CN=C(N)C1(CC=O)C(=O)CNC(N)=O,0
CCOC(=O)[C@H]1CN(CCCCN2C(=O)c3cc(Cl)ccc3S2(=O)=O)CC[C@H]1c1ccccc1,0
CC12C=CC(C1N)C1(C)C(N)=NCC3OC321,0
CC(N)(CN)CC1CCCC12NC(=O)C2N,0
CN(C)C(=S)SSC(=S)N(C)C,0
CN(C)CC1CC2c3ccccc3Cc3ccc(Cl)cc3N2O1,0
C#CC1CC(OCCC)c2nc(=N)scc21,0
Cc1oc(C(C)C)cc1C(=O)N1C[C@@H]2CCN(C(=O)[C@H](C)C#N)[C@@H]2C1,0
CCC1(C)NC(=O)c2cc(S(=O)(=O)Nc3ccc(F)cc3F)cc(C)c2NC1=O,0
Cc1nn(CC(=O)N[C@@H](C#N)c2ccc(Cl)cc2)cc1-c1ccccc1,0
CCOC(CC(=O)O)c1ccc(OCC2CCCCC2)cc1,0
CCCNC[C@@H](O)COc1ccsc1C(=O)CCc1ccccc1,0
C#CC(C)c1nc(Br)cc(-c2cocn2)c1O,0
CC1CCC#CC=CC(=N)OC(C)(C)S1(=O)=O,0
N=C1N[C@H]2[C@H](COC(=O)N3CCCC3)NC(=N)N3CCC(O)(O)[C@]23N1,0
N#CCNC1(CNC(=O)c2csc(-c3nc[nH]n3)n2)CC1,0
CC(C)C[C@@H](C)CC(=O)O[C@@H](C)c1ccc(C#N)cc1,0
CC(C)c1c(C(C)(C)CN)ncc(Cl)c1N,0
CC1(C)NCC(O)CN=C(CC#N)OCC1=O,0
C=CCCCC(=O)OCc1nnnn1-c1ccccc1,0
N#Cc1ccc(N2CCC[C@H](NC(=O)N3CCN(c4ccc(F)cc4)CC3)C2=O)cc1,0
N#Cc1ccc(OC2CCN(C(=O)CCc3ccc(Cl)s3)CC2)c(F)c1,0
C=CC(C)(C)C(=O)N1CC[C@H]([C@H](C)NC(=O)c2cc(C)c(C)cn2)C1,0
Cc1nnc(CN(C)c2nc(Br)ccc2C#N)s1,0
C#CCN1CCC[C@@H](N(CC)C(=O)c2ccc(N(C)C)nn2)CC1,0
N=C(Cc1ccc(Cl)cc1)NOC(=O)C1CCCCC1,0
COc1ccc2c(c1)/C(=N/N1CC(=O)N(CCCCN3CCN(C)CC3)C1=O)CCO2,0
C#CCNC(=O)[C@H](C)NC1CCN(C(=O)CCCN2CCCC2)CC1,0
C=CC[C@H](C)NCc1ccc(N2CCC(C(=O)O)CC2)o1,0
COc1ccccc1O,0
C[C@@H](Cn1c(-c2cccnc2)nnc1N(CCC#N)CC1CC1)N(C)C(=O)OC(C)(C)C,0
C=CCN1C[C@@H](CCNC(=O)CNC(=O)c2ccc(C)s2)[C@H](C)C1,0
N#Cc1cc(Nc2ccc(C(=O)Nc3ccccc3)cc2)cc([N+](=O)[O-])c1,0
C#CC#Cc1nc(C)c2nc[nH]c(N)c1-2,0
CC(C)(CNS(=O)(=O)c1ccc(C#N)s1)c1ccc2ccccc2c1,0
C=CCN1C[C@@H](NC(=O)C2(Cc3ccc(F)cc3)CC2)[C@H](OC)C1,0
CCCCCCS(=O)(=O)O,0
CC(C)C(OC1OC=NC1C#N)C(O)C(=O)O,0
CCCCCc1ccc(Cl)cc1,0
O=C(NCCc1csc(-c2ccc(F)cc2)n1)c1cccs1,0
Cc1cc(CN2CCc3c(ccc(COc4ccccc4-c4cccc(N5CC[C@@]6(C(=O)O)C[C@H]6C5)n4)c3C)C2)no1,0
CCCc1nc(CC)c(C(=O)O)n1Cc1ccc(-c2ccccc2-c2nn[nH]n2)cc1,0
CC1OC23C(C)C(=NO)C4C(C5CCC1C52)C43,0
O=C(Nc1ccc(S(=O)(=O)Nc2nccs2)cc1)c1ccc(N2C(=O)c3ccccc3C2=O)cc1,0
CC(C)(O)c1ccc(CNCc2cc(C#N)ccc2F)cc1,0
C#CC1(N)c2nc(N)[nH]c2C2NC1CCC2C,0
CCNc1noc(C2CC(CC)CC2CO)n1,0
COc1ccc(-c2nc(C(=O)Nc3ccccc3N3CCNCC3)cs2)cc1C,0
COC(=O)c1sc2ncccc2c1-n1c(C)ccc1C,0
Cc1cc(C)c(C(=O)O)c(C)c1,0
Oc1ccccc1O,0
C#CCNC(=O)[C@H](C)OC(=O)c1cc(Br)cnc1Br,0
CCNC(=O)Oc1ccc2c(c1)[C@@]1(C)CCO[C@H]1O2,0
CC[C@](C)(C#N)C(=O)NCCCOc1ccc(OC)cc1,0
C#CCCC12NCCC1(OC(C)=O)CCC2N,0
Cc1cc(Nc2ccc(C(F)(F)F)cc2)n2nc(C(C)C)nc2n1,0
COC(=O)C1=C2C=CC(C)C=C2c2nc(-c3ccccc3)nn2C1,0
C#CC1(N)Cc2cc(Cl)c(N)nc2OC1CC,0
CCCCCCCC=O,0
COc1cc(OC)c(-c2cn3cc(Br)c(N4CCNCC4)nc3n2)cc1Cl,0
OCOc1ccccc1,0
NC(O)c1ccccn1,0
CCCCc1nc2ccccc2[nH]1,0
CC[C@@H]1[C@@H](NC(=O)c2c[nH]c(C#N)c2)CCN1C(=O)[C@@H]1CCCC12CC2,0
COC[C@@]12CNCC[C@]1(c1ccc(Cl)c(Cl)c1)C2,0
Cc1noc([C@]23COC[C@H]2CN(c2ncc(CC#N)cc2Cl)C3)n1,0
Cc1c(C(=O)N2CC[C@H](CNCc3ccccc3C#N)C2)ccn1C,0
CC(=O)c1ccc(C)cc1C,0
CNC(=O)[C@H](Cc1ccccc1)NC(=O)[C@H](CC(C)C)[C@H](CSc1cccs1)C(=O)NO,0
C#CC1(C)CCC(CC(C)CCO)C(N)C1O,0
C#CCN1CC[C@@H](N(C)C(=O)Cc2cncn2C)C1,0
Cc1ccc(Cl)cc1CNC(=O)N[C@@H](Cc1ccccc1)c1nc(-c2ccc3c(N)n[nH]c3c2)c(Cl)[nH]1,0
Clc1ccc(-c2cc(C3CCN(CCCc4ccccc4)CC3)[nH]n2)cc1,0
CC1C=CC2(c3cc[nH]c3)CC3C(C12)N3C,0
N#CCN(CCC(=O)O)Cc1cnn(CC2CCC2)c1,0
C=CCC(CC=C)C(=O)N[C@@H]1C[C@H]2CC[C@@H]1N2CC(=O)NCC1CC1,0
CCOC(=O)N1CCC(NC(=O)c2cccc3c2C(=O)N(CCOC)C3)CC1,0
CC1=C2CCC3NCC4C(CC1N)N4C23,0
CC(C#N)C1CC(O)C(CNC=O)NC1C#N,0
CC1=NN(C(N)=S)C(=O)C1N=Nc1ccccc1,0
C=C(C)[C@@H]1OCC[C@@H]1C(=O)NC[C@H]1CCCN(C(=O)c2c[nH]c(C#N)c2)C1,0
N#Cc1cc(Cl)cc(CN2CCC3(CC2)OC(=O)c2cc(Cl)ccc23)c1,0
C=CC[C@H](C)C(=O)N1CCO[C@]2(COCCN(C(=O)Cc3cc(F)ccc3Br)C2)C1,0
C[C@@H](Cc1ccncc1)NC(=O)c1ccc(Oc2ccccc2C#N)c(Cl)c1,0
C=CCN1C(=O)[C@@H]2[C@H](C1=O)[C@@]2(CC)c1cccc(NC(=O)c2cccc3nc(C)[nH]c23)c1,0
Cc1cc(C=NNc2ccc(Cl)nc2)c(OC(F)F)cc1C,0
CO[C@@H]1CN(CC#Cc2ccc(F)cc2)C[C@H]1NC(=O)CC(=O)N(C)C,0
CCCCCCCCN,0
CCSCC(=O)c1ccc(Br)cc1,0
CCOC1c2c[nH]c(=N)c(CC)c2NC1(C)C,0
CC(C)N(CCCN)C(=O)c1cccc(-n2nc(C(C)(C)C)cc2NC(=O)Nc2cccc3ccccc23)c1,0
CC1C(N)C2C=C(C3OCCCO3)C(O)C12,0
OC1CCCCCC1,0
CC(C)Oc1ccc2c(c1)C(c1ccc3c(c1)OCO3)=C(C(=O)O)C(c1ccc3c(c1)OCO3)O2,0
CC(C)C1CC(N)(CN)C2OCOC12,0
CCCO,0
C=CCCON=C1CC[C@H](N2C(=O)c3ccccc3C2=O)C1,0
C=CCNC(=O)/C=C\C(=O)N1CCC([C@H]2CCCCN2C(=O)c2ccc(OC)cn2)CC1,0
CC(=NO)C1(C(C)O)C=CN(CC=O)S1(=O)=O,0
NS(=O)(=O)c1cc(C(=O)NCc2ccccc2)c(S(=O)(=O)C2CCCCC2)cc1Cl,0
C=C[C@@](C)(CCOC)C(=O)N[C@H](CC)CS(=O)(=O)c1ccccc1,0
O=c1c2cc(-c3ccc(Cl)cc3)cn2ncn1-c1ccc(N2CCC(O)CC2)nc1,0
CC(C)CCOC(=O)CC(C)C,0
C#CCN[C@H]1CCCN(C(=O)c2ccn3cncc3c2)C1,0
Cc1oncc1S(=O)(=O)Nc1cc(F)c(C#N)c(F)c1,0
NS(=O)(=O)c1ccc(CNS(=O)(=O)c2c(F)c(F)c(F)c(F)c2F)cc1,0
CC(C)c1ccc(C(=O)Nc2cccc(Cc3n[nH]c(=O)c4c3CCCC4)c2)cc1,0
Cc1ccc(CNC(=O)c2cc3c(=O)n4cccc(C)c4nc3n(CCN3CCOCC3)c2=N)cc1,0
COC(=O)c1c(O)cccc1OC,0
CC1CS(=O)(=O)C23C(OCCN2C1=N)C3(C)C,0
C=C(C)C(=O)OCC,0
Cc1cc(=O)oc2c(Cl)c(OCCCCN3CCC(c4noc5cc(F)ccc45)CC3)ccc12,0
C=C(C)CN(CC)C(=O)CSc1nc(C(F)(F)F)ccc1C#N,0
CCCC(=O)C(=O)c1ccccc1,0
CCCOc1cccc(OCC)c1,0
CN(C)CCc1ccc(Cl)cc1Cl,0
COc1ccc2c(Nc3c(Cl)cncc3Cl)cc(=O)oc2c1OCCCCCCCCN(C)C,0
Cc1cccc(C(=O)O)c1[N+](=O)[O-],0
Cc1ccc(C(CC(=O)c2ccc(Cl)cc2)C(=O)O)cc1,0
CCCCCN1C(C(=O)c2ccccc2)=C(NC(=O)c2ccccc2Cl)c2ccccc2S1(=O)=O,0
CCOc1cccc2cccnc12,0
CCCCCCCCCCl,0
CCOC(=O)C1CCCN(C(=O)Cn2nc(Cc3cccnc3)c3ccccc3c2=O)C1,0
Cc1cc(C)c2ccc(Cl)cc2n1,0
C#CCN1C[C@H]2C[C@H]1[C@@H]2NC(=O)c1cccnc1C1CC1,0
CCOCC(C)(C)Cn1c(-c2ccc(C#N)cc2)nnc1N1CCN(C)C(=O)[C@H]1C,0
C=CCN1C[C@]2(CCN(C(=O)[C@H](C)Cn3cccn3)C2)OCC1=O,0
CNCCc1ccccc1,0
CCC[C@@H](C#N)NC(=O)[C@@]1(C)CCCCO1,0
Cc1cccc(COc2c(Br)cc(CCC(=O)O)cc2Br)c1,0
CC(C)CCC(=O)NCC(=O)O,0
CC(O)C1C2C3(C)CC(O)C(NS1(=O)=O)C23N,0
COc1ccc(/C=C2\S/C(=N\c3cccc(C(=O)O)c3)N(C)C2=O)cc1OC,0
Cc1cccc2c1OP(=O)(OCC1CCC(n3cnc4c(N)ncnc43)O1)OC2,0
CCC1COC(CC)C(N)CC(O)CN=C1N,0
O=C(NC1CCCCCC1)c1cc2cccnc2n(Cc2ccccc2)c1=O,0
O=C1CNCC2=C1C(c1ccc(F)c(Br)c1)C1=C(CCS1(=O)=O)N2,0
CS(=O)(=O)NC(=O)CCN1CC(C(=O)NCCCc2ccc(Cl)c(Cl)c2)=C(O)C1=O,0
Nc1cc(C(=O)O)ccc1O,0
CCC1C(=O)C23C(N)=NC4C(=N)N1C2(C)C43,0
C#CC12CC(C)(C3=C1C(C)OC3C)C2N,0
C#CCN(CC)C(=O)C(=O)Nc1cc(NC(=O)NCC)ccc1C,0
Cc1ccc2c(C)cccc2c1,0
COC(=O)CCc1cccc(C)c1,0
N#CC1(NC(=O)[C@@H]2CCCC[C@H]2C(=O)N2CCN(c3ccc(F)cc3)CC2)CC1,0
C[C@@H]1c2ccccc2CCN1c1ccc(COc2ccc(CC#N)cc2)cn1,0
CC[C@@H](C)n1c(SCC(=O)NCC2(CC#N)CC2)nnc1-c1ccccc1,0
Cc1cn(C)c(CC(=O)Nc2cccc(C#N)c2)c1C(=O)O,0
Cc1c(O)c2ccccc2oc1=O,0
CCc1cc2ccccc2nc1Cl,0
CC1(O)CNCCCC(NC=N)c2nc1cs2,0
N[C@H]1CN(c2cc(-c3ccc(F)cc3)ncn2)C[C@@H]1c1cc(F)c(F)cc1F,0
C[C@@H](C#N)CN(C)Cc1ccc(-c2ccc(Cl)cc2)o1,0
CSc1ccccc1C(=O)/C=C\c1c(C(=O)O)nn(C)c1C,0
CCc1ccc(O)c(C(C)(C)C)c1,0
CCOc1ccc(NC(N)=O)cc1,0
COC(=O)CCc1ccc(C)cc1,0
C=C(Cl)CNC[C@H](C)NC(=O)[C@H]1C[C@@H]1C,0
CC1(C)N2Cc3ccccc3C[C@H]2C(=O)N1[C@@H](CC(=O)O)C(=O)O,0
CCOC(=O)c1ccc(CN)cc1,0
CCN(C(=O)OCc1ccccc1)C1CCN(C[C@@H]2[C@@H](c3ccccc3)CN3O[C@H](c4ccccc4)C[C@@H]23)CC1,0
CCCc1nc(O)c(=O)oc(N)ccnc1N,0
CC#CCn1cc(C#N)c2c1OCC2=O,0
Cc1cccc(C(=O)OCc2cc(C#N)ccc2F)c1F,0
S=C(c1ccc(-c2ccccc2)o1)N1CCCCC1,0
O=C1c2cccc(O)c2C(=O)c2c1ccc(C(c1ccccc1)N(CCCl)CCCl)c2O,0
CCO[C@@H]1C[C@H]1C(=O)N1C[C@H]2CCN(C(=O)C#CC(C)C)CC[C@H]2C1,0
Cn1cc(C(=O)O)c2ccccc21,0
C/C(=N\N=C(/S)N1CC2CCC(CC2)C1)c1cc(C)ncn1,0
CCCCCCc1ccc(N)cc1,0
Cc1cc(Nc2nc(N3CCN(C(=O)Cc4ccc(Cl)cc4)CC3)nn3cccc23)n[nH]1,0
CNCCOc1ccc(Cl)cc1Cl,0
N#Cc1ccccc1OCC(=O)NCC(=O)c1cc(Cl)ccc1F,0
CCCCNCc1cccc(Cl)c1,0
N#Cc1cc(F)ccc1N1CCN(C(=O)NC[C@@H]2CSCCN2Cc2ccccc2)CC1,0
COc1ccc(C(=O)c2ccc(OC)cc2O)c(O)c1,0
CN1CC=C(c2ccccc2)CC1,0
CC(=O)N1CCN(CC(=O)O)CC1,0
O=C(c1ccccc1)C(O)O,0
CCCCCCCC/C=C\CCCCCCCC(=O)c1ncc(-c2ncco2)o1,0
CC(=O)NCC(=O)O,0
CC(C)(C)CN(CCC#N)C(=O)Cc1cccc(C(F)(F)F)c1,0
O=C1c2cccc(O)c2C(=O)c2c3c(cc(O)c21)[C@@]12O[C@@]1([C@H](O)CO)[C@H](C#C/C=C\C#C[C@H]2O)N3,0
Cc1ccc2cccnc2c1N,0
C#CC(CO)C(=O)OCC1(C#C)COC(C)=N1,0
C#CC(=N)NC1=NCC(C)CCCC(C)N1,0
Cc1ccc(CNC(C)C)cc1,0
O=[N+]([O-])c1cccc2ccccc12,0
CCc1nnc(NC(=O)Nc2ccc(OC)cc2)s1,0
CCC(=O)N1CCOc2c(cc(-c3ccc(OC)c(OC)c3)cc2OC[C@H]2CCCN(C)C2)C1,0
CCc1ccc(C(=O)N[C@H]2CCc3nc(NC(=O)CCC#N)sc3C2)cn1,0
CNC(CO)c1ccccc1,0
C=C(C)Cn1c(N=c2ccn(C)[nH]2)nnc1-c1ccc(Cl)cc1OC,0
CN1CCN(C(=O)COc2ccccc2)[C@@H](c2nc(-c3cccc(C(F)(F)F)c3)n[nH]2)C1,0
C[C@@H](CCNC(=O)c1cc(C#N)c[nH]1)Nc1cncc(-c2nn[nH]n2)n1,0
Cc1nc(C)n(CC(C)C(=O)N2CCN(S(=O)(=O)c3ccc(Cl)cc3)CC2)n1,0
CC(=O)Nc1ccc(C(C)=O)cc1,0
Cc1n[nH]c(C)c1-c1ccccc1,0
Cc1nccc2c(O)cccc12,0
C=C1CC(C(=O)Nc2cc([C@H]3CCCCN3C(=O)c3c(C)nc4sccn34)[nH]n2)C1,0
COc1ncc(C(=O)N[C@@H](C)CCNC(=O)C#CC2CC2)cn1,0
CCc1ccc(O)cc1,0
CC(N)C1CC(N)C(N)C(C#N)NC(=N)CO1,0
COc1ccccc1C(=O)C(=O)O,0
Cc1cc([N+](=O)[O-])cnc1N[C@H]1C[C@H](CNC(=O)CSCC#N)C1,0
CC1(N)CC(CC#N)N2CCCCCCCC21,0
CNC(=O)Nc1ccc(-c2nc(N3CCOC[C@@H]3C)cc(C3(S(=O)(=O)c4ccncc4)CC3)n2)cc1,0
C=CCCCC(=O)N1C[C@H](Nc2cc(-c3nn[nH]n3)nc(CC)n2)C[C@H]1C,0
COC(O)c1ccccn1,0
C[C@H](CN1CCCC1=O)NS(=O)(=O)c1ccc(C(F)(F)F)cc1C#N,0
CCCCNCCCC,0
CCNC(C)C(OC)C1COC(=N)CN=CN1,0
O=C(NS(=O)(=O)C1CCCC1)c1c(-c2ccc[nH]c2=O)c2cc(Cl)ccc2n1Cc1ccccc1F,0
CC(C)N1CC1(C)C1CC(=NO)C(O)C1(C)O,0
Cc1ccc(/N=c2\oc3cc(O)ccc3cc2C(N)=O)cc1,0
CCCc1c(OCCCSc2ccc(CC(=O)O)cc2Cl)ccc2c(-c3ccccc3)noc12,0
CCC1CCc2coc(O)c2COCO1,0
CCN(O)c1ccccc1,0
CNCCCC(=O)O,0
CCc1nc(-c2ccccc2Cl)c(C(=O)N2CCN(c3cccc(Cl)c3)CC2)o1,0
CC(C)CCC(=O)O,0
CN(C)C(O)c1ccccc1,0
CC1C2CCc3[nH]c(I)c(CN)c(=O)c3C12,0
N#Cc1ccccc1NC(=O)CCN1C[C@H](c2ccccc2)[C@@H]2CCC[C@@H]21,0
CO[C@H](C)CCC(=O)NC[C@@H]1CN(c2cnc(C#N)cn2)CCCO1,0
CCNS(=O)(=O)c1cccc(CNC(=O)c2cc(C#N)c[nH]2)c1,0
CCOc1ccc(CC(C)N)cc1,0
CCOc1cc(/C=C2\CCn3nccc3C2=O)cc(Br)c1O,0
C=CCCC(C)(C)C(=O)N1CCC(N2CCC(NC(=O)c3ccn(C(C)(C)C)n3)CC2)CC1,0
Cc1ccc(Cn2ccnc2)cc1,0
CCCCCCCCCC,0
Cn1cc(CCC(=O)N[C@@H]2CN(C(=O)c3ccc(C#N)[nH]3)C[C@H]2O)cn1,0
C=CCCOCC(=O)NC[C@H]1CCOC(C)(C)C1,0
CCO[C@@H](CCn1c(Cn2ccc3ccccc32)nnc1N1CC[C@](F)(C#N)C1)C(C)C,0
C=CCNC(=O)NC(=O)CN(C)CCCN(C)Cc1ccco1,0
Cc1csc(C/N=C(/O)N2CC[C@H](C)S(=O)(=O)CC2)n1,0
COc1cc(C2CN=C(c3ccc4c(c3)cc(C)n4C)O2)cc(OC)c1OC,0
C[C@H]1SC(c2ccccc2O)=N[C@@H]1CO,0
CC1(CC#N)C(=O)NC23C(=O)CCC2C13,0
COC(=O)c1sc2nccnc2c1Nc1cc(C#N)cc(C2CN(C(=O)OC(C)(C)C)C2)c1,0
C=CCCN1CCC([C@@H](C)NC(=O)c2ccn(CC(F)F)n2)CC1,0
CCCCCCC(=O)c1cc(-c2ccc(CC(=O)O)cc2)c2nccn2c1,0
COc1ccc(OC)c(CCN)c1,0
Cc1cc(CC(=O)N(C)C2CCN(c3cnc(C#N)cn3)CC2)no1,0
CC(C)=CCc1cc(C(=O)Nc2cc3ccc(OC4CCN(C)CC4)c(C)c3oc2=O)ccc1OCCN(C)C,0
N#Cc1cc(F)c(C(=O)N[C@@H]2C[C@H]2c2c(F)cccc2F)c(F)c1,0
Clc1ccc(CSCCc2ccncc2)cc1Cl,0
CCC1CC2C(N=CN)C1C(OC=O)C2(C)C,0
CCc1c(N)c(NC)c(C(C)=O)c(C#N)c1F,0
C=CC(C)(C)CNC(=O)C(=O)Nc1ccc2c(c1)C(=O)CCCC2,0
C#CC12CS(=O)(=O)CC1NC(=O)CCC2(C)C,0
Cc1ccc(CCCN2CC[C@@]3(CNC(=O)[C@@H](C)C#N)CCC[C@@H]23)cc1,0
Cc1ccc2ccc(O)cc2c1,0
CC1(C)CC(Oc2ccc(-c3ccc(-n4cccn4)cc3O)nn2)CC(C)(C)N1,0
C#CCN1CCC[C@H]1[C@H]1CCCN(C(=O)Cc2ccon2)C1,0
CCCCCCCCCO,0
Cc1cc(-c2oc(=O)c3cnc[nH]c2-3)[nH]c1C,0
CCN(Cc1ccncc1)C(=O)C1CCN(S(=O)(=O)c2cccs2)CC1,0
CC(C)c1cc(NC(=O)Nc2ccc(F)c(C#N)c2)[nH]n1,0
COc1ccc(CSCC(=O)NN=C2CCN(C)CC2)cc1,0
CCCS(=O)(=O)C(CC)C(C)NC=O,0
CCc1nn(Cc2ccc(OC)c(C)c2)c(=O)c(C#N)c1CC,0
Cc1cccnc1-c1cccnc1,0
CN(C)CCC(=O)c1ccccc1,0
Cc1snc2c1OCCC1C(N)CCCC21N,0
CCCC1(O)CC(O)C2(CN)OCC(O)C12O,0
Nc1nc(Cl)c(/C=C/c2cccnc2)c(N[C@@H]2C[C@H](CO)[C@@H](O)[C@H]2O)n1,0
C=C(C)COc1cccc(NC(=O)N2CC[C@@H](c3cccnc3)C2)c1,0
Cc1cccc2nccnc12,0
CNC(=O)Oc1cc(C)cc(C)c1,0
CCCC(N)(C#N)C(OC=N)C(N)(CN)CO,0
COc1ccc(CC2CC2)cc1,0
O=C(NCc1ccc(S(=O)(=O)c2cncc(Cl)c2)cc1)c1cnc2[nH]ncc2c1,0
O=C(O)c1ccc(O)cc1O,0
CC(=O)N[C@@H](C)c1ccc(O[C@@H]2CCN(c3ccnc(N4CCCC4)c3F)C2)cc1,0
CN(C)SC(O)c1ccccc1,0
CCC(=O)C1CC1N(C=N)c1ccco1,0
CC1OC(CN)C2NC(C)(C)C12C(N)CO,0
COC(=O)CNC(=O)C(C)C,0
Cc1ccc(N/C=C/c2onc(C)c2[N+](=O)[O-])cc1,0
CCOc1ccc(CC(N)=O)cc1,0
C[C@@H](CC(=O)NC1(C(=O)O)CCOCC1)/N=C1/NS(=O)(=O)c2ccccc21,0
COC1CN(c2ccc3cncc(-c4ccc(-c5cnn(C)c5)cc4)c3n2)C1,0
CCCCc1cc2c(=O)c(Cl)c(C)[nH]c2cc1OCCOc1ccccc1,0
COc1ccc(C(=O)CN2C(=O)NC3(CCCc4ccccc43)C2=O)c(OC)c1,0
C=CC[C@@H](C(=C)C)C(=O)N1CCC([C@@H]2CCCCN2C(=O)c2cc3n(n2)CCCO3)CC1,0
COC(C(=O)O)c1ccccc1,0
Clc1ccc(Cl)c(Cl)c1,0
Cc1nc2cc(-n3ncc(C(=O)c4cc5cc(F)c(C(F)(F)F)cc5[nH]4)c3N)ccc2[nH]1,0
CCCC(C)(C(C)CO)C(CO)C(CO)NC,0
C#Cc1ccc(S(=O)(=O)N2C[C@@H]3[C@H](C2)[C@H]3C(=O)O)cc1,0
CC(C)CC(C)(C)C1CC2(O)CC(O)C1C2=O,0
CC(CCN)C(O)CNc1ocnc(=N)c1F,0
CCCN(C)C(C)CC1=CCNC(C)C1=NO,0
N=C(N)c1cccc(CC(NS(=O)(=O)c2ccc3ccccc3c2)C(=O)N2CCN(C(=O)c3ccccc3)CC2)c1,0
CC1C(O)C2NC1(C)C(C(O)CCC=O)C2O,0
C=C[C@@H](COC)NC[C@@H](C)c1cccc(Cl)c1,0
Cc1nn(C)c(C)c1C(=NNc1ccc(Br)c(F)c1)C(F)(F)F,0
C=CCNC(=O)CN1C[C@H](NC(=O)[C@H]2CC[C@H](CC)CC2)CC[C@H]1C,0
C[C@H](NC(=O)C1=CCCCCC1)[C@@H]1CCN(C(=O)CSCC#N)C1,0
Cc1cnc2c(C)cccc2c1C,0
N#Cc1cccc(C(=O)NC[C@@H]2CCN(C(=O)/C=C/C(=O)c3cccs3)[C@@H]2c2cccnc2)c1,0
CC(C)CCCO,0
C=C(C)C(C)(C)C(=O)NC[C@H]1CCCCN1C(=O)CCCN(C)C,0
N#Cc1ccc(NC(=O)c2cnc([C@H]3CCCO3)s2)cc1-c1nn[nH]n1,0
CC(C)[C@H](O)C(=O)N[C@H]1CC[C@H](CCN2CCN(c3cccc4c3OCO4)CC2)CC1,0
CCC(=O)NC(c1ccc(C)cc1)c1ccc2cccnc2c1O,0
CC(=O)NC(C)c1ccc(CN2CCc3c(ccc(OCCC4CC4)c3Cl)C2)cc1,0
CCc1nnc(N2CCN(C3CC3)[C@@H](C#N)C2)n1C[C@](C)(O)c1cccs1,0
CCCN(CCC)CCOc1ccc2c(=O)c3ccc(Cl)cc3[nH]c2c1,0
Cc1c(C23CC(C)C(C)(C2)N3)nsc1O,0
CC12COC(C#N)C(C)(O1)C(OC=O)CC2=O,0
CCCCCCCCCCCCS,0
CC[C@@H]1[C@@H](C(=O)N2CC3(CCN(C(=O)[C@H](C)C#N)CC3)C2)CCN1C,0
CC1=CCC2(C(C)C)NC3=NCC(N)C132,0
Cc1csc(NC(=O)[C@H](c2ccc(Cl)cc2)C(C)C)n1,0
C[C@]12CCC(=O)C=C1CCC1C2CC[C@]2(C)C(n3cncn3)=CCC12,0
O=C1NC(=O)C(c2ccccc2)=C1Nc1ccc(Cl)c(C(=O)O)c1,0
C#CCNC(=O)CN1C[C@@H]2CCN(C(=O)c3ccc(C(C)(C)C)cc3)[C@@H]2C1,0
CN1C2C(C=O)C3Oc4ccn5c4C3C21C5,0
C[C@@H]1CC[C@H]2[C@H](CCCc3ccccc3)C(=O)O[C@@H]3O[C@@]4(C)CCC1[C@]32OO4,0
Cc1nc2ccc(C(=O)N3CC[C@H](NCC#N)C[C@@H]3C)cc2s1,0
CC1CNC2CC(C)(C#CC1S(=O)(=O)C=O)C2,0
Cc1cc(Nc2nc(Sc3ccc(NC(=O)CN4CC(=NO)[C@@H](OC(C)(C)C)C4)cc3)nn3cccc23)n[nH]1,0
C#CCO[C@@H]1CC[C@H](Cc2ccccc2)N(C(=O)n2ncc(C(O)(c3ccc(F)cc3)c3ccc(F)cc3)n2)C1,0
O=C(Nc1cccc(C(F)(F)F)c1)Nc1ccc(Oc2ncnc3ccn(CCO)c23)cc1Cl,0
CC(=O)Oc1ccc(C(=O)O)cc1,0
CCOC(=O)CC(=O)NCC(=O)O,0
CC(O)C1(C)CC(C(O)C=O)CC2N=COC21,0
C#CC1(N)c2csc(OCCCO)c2CC1C,0
C[C@H](Oc1ccc(C2(C#N)CC2)cc1)C(F)(F)C(F)(F)C(F)(F)F,0
Cc1cccc(N)c1C,0
Cc1ccc(C#N)c(N2[C@@H]3CC[C@H]2[C@H](NC(=O)C2CCC(F)CC2)C3)n1,0
CN1C(=O)Cc2ccccc21,0
CCOc1ccc(OCC)cc1,0
COc1cc(OCc2nc(-c3ccc(Cl)cc3)no2)ccc1C#N,0
CCCC(O)c1ccccc1,0
Cn1cc(-c2c(COc3cccc4ccccc34)cc(=O)n3c2S[C@H](c2ccccc2)[C@H]3C(=O)O)c2ccccc21,0
CC(=O)Oc1ccc(C(C)C)cc1,0
C=C(C)[C@H](N[C@H](C)C(=O)Nc1cccc(NC(C)=O)c1)c1ccc(F)c(F)c1,0
C=C(C)CN1CC[C@H](C)[C@@H](NC(=O)c2nc(C(C)C)oc2C)C1,0
O=C(C[C@H]1CC[C@]2(CC1)OO[C@]1(O2)C2CC3CC(C2)CC1C3)N1CCNCC1,0
O=C(N1CCN(Cc2cccc3ccccc23)CC1)n1nnc2ccccc21,0
C#CCNC(=O)[C@H](C)N1C[C@H](O)[C@H](NC(=O)c2ccc(C)nn2)C1,0
COCc1ccccc1CNC(=O)Nc1cccc(CC#N)c1,0
CCCCCc1cc(O)c2c(c1)OC(C)(C)[C@@H]1CCC(C)=C[C@@H]21,0
CC#CCCCC(=O)NCC1(Nc2ccnc(C(C)(C)C)n2)CC1,0
COc1cc(C)c([C@@H](C)NCc2ccc(C#N)s2)cc1OC,0
CC1(C)Cc2cccc(/C=c3\sc(=C(C#N)C#N)n(C4CCC4)c3=O)c2O1,0
CCCCCCCCCCCCI,0
N#Cc1cccnc1NCc1cccc(C(=O)N[C@H]2CCc3c(O)cccc32)c1,0
C=CC[C@H](Cc1ccccc1)NC(=O)NC[C@H]1CCOC[C@@H]1OC,0
CNC(O)Cc1ccccc1,0
CCCCC(=O)Oc1cc(N(C)c2cc(=O)oc3ccccc23)ccc1OC,0
COc1ccc2oc(=O)ccc2c1,0
CC[C@@H]1CO[C@H](C)CN1/C(O)=N/[C@@H]1CCO[C@]2(CCOC2)C1,0
C#CCC1NC(C(C)(C)O)CCCNC1C#N,0
CNCOc1ccccc1,0
C=CCCCN1C[C@@H]2CN(C(=O)C[C@H](C)n3nc(C)cc3C)C[C@]2(C)C1,0
Cn1ccnc1CN1CC[C@]2(CCN(Cc3cccc(C#N)c3)C2=O)C1,0
CC(N)CC1(C(=N)NC=N)OC(C)(C)OC1C,0
CCC1(C)C2NCC3c4occ(C)c4N1C32,0
CC(C)(C)OC(=O)N1CCN(Cc2ccc(N3CCCC3)o2)[C@H](C#N)C1,0
O=C(CO)N1CCCCC1,0
CN(C)Cc1ccc(Cl)cc1,0
C=CCCC(=O)N1CCC[C@@H]2[C@H]1CCN2C(=O)Cn1ccccc1=O,0
C=CCn1c([C@H](C)O)nnc1N1CCC([C@@H]2CCCCO2)CC1,0
Cc1c[nH]cc1C(=O)N=C1C[C@@H](C)ON1,0
Cc1cnccc2ncnn2c(=N)c(C)nc1,0
CC(C)c1cccc(C(C)C)c1NC(=O)C(=O)NCC#Cc1ccccc1,0
N#CC1(C(=O)N2CCC([C@H]3CCCCN3C(=O)c3cnoc3C3CC3)CC2)CC1,0
CCCCOCC,0
N#Cc1c(CCCNC(=O)C(=O)Nc2ccsc2)n[nH]c1N,0
C[C@H]1C[C@@H](N2CCN(c3cccc(C#N)c3)CC2)CN1C(=O)OC(C)(C)C,0
Nc1cncnc1N,0
CC(C)C[C@@H](/N=C1/NS(=O)(=O)c2ccccc21)C(=O)N1CCC(C(=O)NC2CCCCC2)CC1,0
Cc1ccc(C)c(O)c1C,0
CC(C)c1ccc(O)c(C(C)C)c1,0
COc1ccc(-c2nc3cc(Cl)ccc3o2)cc1NC(=O)NCCCCCC(=O)NO,0
Cc1c(Br)cccc1C[C@@H](CO)CNc1snc(Cl)c1C#N,0
CCCC1(C2(O)CCC3CN3C2)CN1,0
CC1=CC(=NO)C2(COCC2=O)N=C2NCC12,0
C=CCN(C)c1nnc([C@@H]2COCCN2)n1C[C@H]1CC[C@](C)(CC)O1,0
CC1C23Oc4cnnn4S(=O)(=O)C12CCC3=O,0
Cc1ccc2ccccc2n1,0
Cc1sc(CNC2COC(CN)C2O)cc1N,0
CC1(Nc2cnc(C#N)cn2)CCN(C(=O)Cn2cnnc2O)CC1,0
C=C(C)CN[C@H]1CCN(C(=O)c2cc(-c3ccccc3)[nH]n2)[C@H](C)C1,0
C#Cc1ncsc1C(=O)C(C)c1csc(O)c1,0
CCC12CCC1(C)C1=CCCC13CCNC32,0
CCC1CNC2C(C(=N)N)CCC(N=CN)C12,0
N#Cc1cccc(-c2csc(NC(=O)C(=O)NCC[C@@]3(O)C[C@H]4CC[C@H]3C4)n2)c1,0
CCC12OC(OC1C#CC#N)C(=NO)C2=NO,0
CCCC12C(C)OCOCC1C(C)(O)CN2C,0
CCCC(O)C(CN1C=NCC1)C(CN)CN,0
CCOc1cccc(CC(=O)O)c1,0
COC(=O)c1cccc([N+](=O)[O-])c1O[C@@H](/C(=N\O)c1ccccc1)c1ccccc1,0
N#CCC(=O)N1CCN(CCS(=O)(=O)c2ccc(Br)cc2)CC1,0
NCCC(O)(O)c1ccccc1,0
C#CC(N=C(C)N)c1cc(Br)c2cccn2c1,0
Cc1cccc(Nc2nccc(N(C)c3ccc4c(C)n(C)nc4c3)n2)c1,0
CCCC(Cc1ncnc(C(N)=NC)n1)OC,0
CC(=O)C1CCC2(CN1)N=C(N)C(=O)OC2C,0
COC(=O)CCCCC(=O)O,0
Nc1ccc(CO)cn1,0
Cc1cc2c(OCC(CNC(C)(C)C)OC(=O)c3ccccc3)cccc2[nH]1,0
C#C[C@H](C)OC(=O)c1cc(S(=O)(=O)N(CC=C)c2ccc(OC)cc2)ccc1Cl,0
C=CCCCCCCCCCCC,0
Cc1c2n(c3nnsc13)C1(CC1)C(=NO)C2C,0
CN(C)C(=O)[C@H]1CCC[C@@H](Nc2nc(C(F)(F)F)ccc2C#N)C1,0
CCCn1c(=O)n(CC)c(=O)c2[nH]cnc21,0
CCC12N=COC(C=O)(CCC1NC)C2NC,0
OC1CCCCC1,0
COCCN(CCOC)c1nc(C)nc2c1nnn2-c1ccc(C(C)C)cc1S(C)(=O)=O,0
OC(O)=Cc1ccccc1,0
CC(C)C(=O)NCC(=O)O,0
CN(C)c1ccc([C@H]2C[C@@]3(C)[C@@H](CC[C@@]3(O)C#Cc3ccccc3)[C@@H]3OCC4=CC(=O)CCC4=C32)cc1,0
ON(c1ccccc1)C(O)(O)O,0
CNC(O)Oc1ccccc1,0
CCCCCCC(=O)O,0
CC(C)NC(=O)c1ccc(N2CCN(C(=O)n3nnc4ccccc43)CC2)c([N+](=O)[O-])c1,0
COC(=O)c1cc(OC)ccc1O,0
Cn1cc(CCN)c2ccccc21,0
CCC(N)(CNC)Cc1oc(N)nc(=N)c1C,0
CNC(O)C(O)c1ccccc1,0
CCOC(=O)CC(C)=O,0
CNCCCCCC1CCCCC1,0
C#CC(CC)(NC1CC(N)=NC1CO)C(=O)O,0
CCCOc1ccccc1OCC,0
CC(C)C(O)c1ccccc1,0
CCNCc1c(F)cc(O)nc1N(C=N)C=O,0
CCOC(=O)CCCCCN,0
CN(NO)c1ccccc1,0
NCCc1ccccc1O,0
CCN(C[C@H](C)C#N)C(=O)CN(CC)[C@H](C)c1ccc(F)cc1,0
C=CCN[C@@H](CNC(=O)C1(C)CC(F)(F)C1)C1CC1,0
Cc1nc(C)c(C(=O)N/N=C/c2cc(Br)ccc2O)s1,0
NCC(O)(O)Cc1ccccc1,0
CN1CCN(c2nc(COC(c3ccc(C#N)cc3)c3cncn3C)ccc2C#N)CC1,0
CCNC1C=C2C(C1)OC1CC(O)C2C1O,0
CCOc1cc2ncnc(Nc3ccc(F)c(Cl)c3)c2cc1OCC,0
Cc1ccc2c(CN3CCN(CCO)CC3)cc(=O)oc2c1C,0
CCc1scc(C2C(=O)OC(C)C2C)c1CC,0
CNC(=O)N1CCCCC1,0
COc1ccc(C(O)O)cc1,0
CCOc1ccc2[nH]c(-c3ccccc3)nc2c1,0
CC(O)C(O)C(C)NC1CC2(C)CCC=C12,0
C=CCn1c(-c2cccnc2)nnc1N1CCO[C@@](C)(CC)C1,0
CC#CC[C@@H](CO)NC(=O)C[C@H](CC#N)c1ccccc1,0
CCn1cc(-c2ccccc2)nn1,0
C#CCC1(C(=O)N[C@@H]2CN(CCOCC=C)C[C@H]2C)CCC1,0
C[C@H](CCN1CCC[C@@H](Cc2ccc(F)cc2)C1)NC(=O)Nc1cc(Br)cc(-c2nnnn2C)c1,0
C#CC(=O)CC1(C(=O)O)NC(C(=O)O)CC1C,0
O=C1Nc2ccc(N3CCCC3=O)cc2C(CNC(=O)c2ccc(F)cc2)(C(F)(F)F)O1,0
CCC(=O)Nc1cccc(SC)c1,0
CCC1CCN(C2C(=N)OCOCC2(C)O)C1,0
Cn1nnc2ccccc2c1=O,0
CCc1ccccc1O,0
Cc1ccc(C(=O)Nc2cccc(/C=C/C(=O)Nc3ccc(F)cc3N)c2)cc1,0
CCCCCC(=O)CC,0
CC#CC1(C)CC2=C(CO)NC(=O)OC21,0
C#CCCCC(=O)N1C[C@@H](C)[C@H](NC(=O)CN2CCCC2=O)C1,0
CN[C@@H](C)C(=O)N[C@H]1Cc2ccccc2[C@H]2CC[C@@H](C(=O)N[C@H]3CCCc4ccccc43)N2C1=O,0
CN1CCS(=O)CC1c1nc(C(=O)NCc2ccc(F)cc2)c(O)c(=O)n1C,0
O=C(O)CCCCCCCCCCCNC(=O)NC12CC3CC(CC(C3)C1)C2,0
Nc1ccccc1C(O)CO,0
CCc1cccc(C(C)C)c1O,0
C[C@]12C=CC(=O)C=C1CC[C@@H]1[C@@H]2[C@@H](O)C[C@@]2(C)[C@H]1CC[C@]2(O)C(=O)CO,0
C#CC1=CC(=CC=C)C(CC)C1C,0
ON(O)c1ccncc1,0
CN(C(=O)c1cccc(COc2ccccc2C#N)c1)[C@@H]1CCCC[C@@H]1S(C)(=O)=O,0
CN(C)CCCc1ccc(O)cc1,0
CC(C)[C@]1(C)CC(=O)N(Cc2cc(F)cc(C(=O)N[C@@H](C)c3ccccc3)c2)C(=N)N1,0
CCCCCc1ccco1,0
CC(C)N(CC(=O)N1CCC[C@@H](C)C1)Cc1ccc(C#N)cc1,0
N=c1c(C(N)=O)cc(Cl)cn1Cc1cccc(C(N)=O)c1,0
CCOC(=O)CCCCN,0
CCCNC(C)C(O)C1(C)CCC(C(=O)O)N1,0
C#CC(C(C=NO)CO)C1CCC=C1CC,0
CC(=O)NCCSc1ccccc1,0
CN1C(=O)C(=O)c2ccccc21,0
C#Cc1ccc(C(=O)N2CC[C@@H](N[C@@H](C)c3noc(C)n3)C2)cc1,0
Nc1oc2c(N3CCOCC3)nccc2c1Nc1ccc(F)c(Cl)c1,0
CCC(CC)(CC)C(=O)NCC[C@H]1CCN(c2cnc(C#N)cn2)C1,0
CC(C)N1CC2COC(C(O)S2(=O)=O)C1(C)C,0
CCCC[C@@H]1C[C@H]1C(NC(=O)c1cccs1)c1ccc(Cl)cc1,0
Cc1nc(C(=O)N2CCC[C@H](C#N)C2)nn1-c1ccccc1C(C)C,0
O=C(N[C@@H](Cc1c[nH]c2ccccc12)C(=O)O)C1CC1c1ccccc1,0
COc1n[nH]c2cc(NC(=O)N[C@H]3c4ccccc4C[C@H]3O)ncc12,0
Fc1ccc(CC2CCN(CCCCc3ccccc3)CC2)cc1,0
N#Cc1ccc(NC(=S)N2CCC[C@H](OCc3ccccc3)C2)c(Br)c1,0
C=C(C(=O)Nc1ccc(C2(NC(=O)c3ccc(F)cc3F)CCC2)cc1)C(F)(F)F,0
CC(N)C1C=C(CO)C(C2CCC2)CNC1,0
Cc1cc(C(=O)OCC(=O)c2cccs2)c2ccccc2n1,0
C=CCn1c(N2CCC(O)(CC=C)CC2)nnc1[C@]1(C)CNC(=O)C1,0
COc1ccc(OC)c(Nc2cc(C(=O)NCc3ccccc3)c3ccccc3n2)c1,0
CC1(CC(=NO)C(C#N)C#N)CC1S(N)(=O)=O,0
CC(=O)Nc1ccc(C(N)=O)cc1,0
CC(=O)Oc1ccccc1C(=O)O,0
CN1CC2(C1=N)C(N)CCC(O)CC2(C)N,0
C[C@H](NS(=O)(=O)c1ccc(C#N)cc1)C(=O)N[C@@H]1CN(C2CC2)C[C@H]1C,0
CN(C)Cc1ccc(CO)cc1,0
O=C(O)c1cccc(S)c1,0
C#CCNC[C@]12CCC[C@H]1CN(C(=O)[C@@H]1COc3cc(C)c(C)cc31)C2,0
CCN(CC)[C@@H](Cn1c(-c2cccc(C#N)c2)nnc1N1CCO[C@@H](CNC(C)=O)C1)c1ccco1,0
CC(N)C(C)C(C)(CN)N1CCOC(=N)C1=N,0
C=C(C)CN1C[C@H]2CCN(C(=O)c3cnc4[nH]nnc4c3)CC[C@H]2C1,0
NC(=O)Nc1ccc2ncnc(Nc3ccc(OCc4cccc(F)c4)c(Cl)c3)c2c1,0
C=C[C@H](CC(=O)Oc1ccc(C[C@@H]2NC(=O)NC2=O)cc1)c1ccccc1,0
C=CCNC(=O)[C@H](C)N1C[C@@H]2[C@H](C1)[C@H]2NC(=O)CCn1ccnn1,0
C=CCN(C)C[C@@H](O)CN(C)C(=O)[C@@H]1C[C@H]1c1ccccc1,0
O=C(CCCCCOc1ccc2cc1COC/C=C/COCc1cccc(c1)-c1ccnc(n1)N2)NO,0
CCN(CC(=O)NC(C)(C)C)Cc1nc(O)c2cc(Br)cc(Br)c2n1,0
NCCCNc1ccnc(N)n1,0
C#CCC[C@H](O)CNC(=O)[C@@H](O)[C@@H](O)c1nc2ccccc2s1,0
CC(NCO)c1ccccc1,0
C=C(C)CCN1CC[C@](O)(CNC(=O)COc2ccccc2OC)C1,0
N#CCc1ccc(S(=O)(=O)NCc2nc(-c3ccc(Cl)cc3)no2)cc1,0
CC#CC1CC2CCOC2(C#CC)C(N)=N1,0
Nc1nc2ccc(F)cc2n2c(O)nnc12,0
O=C(c1nnc(N2CCC[C@@H](C(F)(F)F)C2)n1Cc1ccc(F)cc1C(F)(F)F)N1CCCC1,0
N#Cc1cccc(CNCC2CCN(C(=O)CN3CCCC3)CC2)c1,0
Cc1ccc(OCCN(C)C)cn1,0
Cc1c(C(=O)NC2=CC(=O)CCC2)c(=O)n(-c2ccccc2)n1C,0
CCOC12CCC1CC(NC(C)C)C2O,0
N#Cc1ccc(COc2cccc(C(N)=O)c2)c(Cl)c1,0
CC1(O)CCCN(C(=O)C#N)C12CCCC2=O,0
CCCc1nc(Cl)c(C(=O)NCc2ccc(Cl)c(Oc3cc(Cl)cc(C#N)c3)c2F)[nH]1,0
CN1CC[C@H](CNC(=O)N[C@@H]2CC[C@H](C#N)C2)CC1=O,0
CC1(C)COCC(OCC(=O)NCC(N)=O)C1,0
CN(C)NC(=O)c1ccccc1Cl,0
COC(=O)Nc1ccc(Cl)c(Cl)c1,0
COc1cccc(NC(=O)Nc2ccc(C(=O)N/N=C3\C(=O)Nc4ccc(Br)cc43)cc2)c1,0
CN(CC(=O)N[C@H](C#N)C1CCCCC1)c1ccccc1,0
C=C[C@](C)(CC)C(=O)N1CC(N(CC)C(=O)Cc2cscn2)C1,0
CC(C)[C@H](C#N)NC(=O)COc1cccnc1,0
O=C(Nc1ccccc1C(=O)N1CCN(Cc2ccccc2)CC1)c1ccc(F)cc1,0
COc1ccc2cc([C@@H](C)Oc3nc(O)c(F)cc3C#N)ccc2c1,0
COc1ccc(CN(C(=O)c2ccc(-c3ccccc3)[nH]2)C(C(=O)NC(C)(C)C)c2ccncc2)cc1,0
CNC(=O)c1ccc(C(=O)O)cc1,0
CCn1ncc(C)c1NC(=O)C(=O)N1CC[C@@](F)(C#N)C1,0
Cc1ccc(NC(=O)c2cccc(C(F)(F)F)c2)cc1N1Cc2cnc(Nc3ccccc3)nc2N(C)C1=O,0
CC(C)C1=CS(=O)(=O)C2(C#N)C(O)CC2C1,0
CC(C)N1C=NC(CO)(CCO)CCS1(=O)=O,0
CCCCCOC(=O)N1CCN(C(=O)[C@H](CCC(=O)O)NC(=O)c2cccc(-c3ccccc3)n2)CC1,0
COc1cc2c(N3CCN(C(=O)Nc4ccc(OC(C)C)cc4)CC3)ncnc2cc1OCCCN1CCCCC1,0
CCCCCCl,0
CCCCCCC(C(C)O)n1cnc2cnccc21,0
CCCc1cccc(CCC)c1O,0
C=C(Cl)CN1CC[C@@H]2CN(C(=O)[C@@H]3CCc4nc[nH]c4C3)C[C@@H]2C1,0
CCOC(=O)C[C@H](O)[C@H](CC(C)C)NC(=O)[C@@H](NC(=O)[C@@H](NC(=O)CC(C)C)C(C)C)C(C)C,0
OCC(O)(CO)c1ccccc1,0
C=CCC[C@@H](CC)N[C@H]1CCCN(C)C1=O,0
C#CC1C(O)C(C)CC(C)(C)NC1(C#N)CN,0
C#CC(N)C1C(CO)C(C)C1CNC=N,0
Cc1cncnc1-c1ccccc1,0
C=C(C)Cn1c(=S)[nH]c2ccccc2c1=O,0
O=C(/C=C/c1cccc([N+](=O)[O-])c1)OC1CCCCC1=O,0
CCSc1ccccc1CC(=O)NC1CCN(c2ccccc2C#N)CC1,0
O=C(O)C1(Cc2ccccc2)Cc2cc(OCCCOc3ccc(OC(F)(F)F)cc3Cl)ccc2O1,0
C#CCCOc1ccc(C(=O)N[C@@H](C)C[S@@](C)=O)cc1,0
C#CC(O)CN=CNC(C)=Nc1ccc(C)s1,0
CN(C)[C@@H]1CCCN(c2c(F)cc(C#N)cc2F)C1,0
CCC(N)CN1CCNCC(O)c2ccsc21,0
CC1C2OCS(=O)(=O)CC(=O)C2C1(C)NC=N,0
C#CC12CC(=NO)C(OC)(C1CC)C2CC,0
COc1cccc(OC)c1-c1ccc(C[C@H](NC(=O)C2(S(=O)(=O)c3ccccc3)CCCNC2)C(=O)O)cc1,0
OCc1cccc(C(O)O)c1,0
N#Cc1cccc(N2CCN(C(=O)C(=O)Nc3ccc(Oc4ccccc4)cc3)CC2)n1,0
C#Cc1ccccc1CC(=O)Nc1nnc(-c2ccc(OC)cc2)s1,0
O=C(/C=C/C=C/c1ccccc1[N+](=O)[O-])N1CCN(C2CCCC2)CC1,0
Cc1c(CO)ncoc1=NC1=NCC(=O)CO1,0
O=C1C=CC=N/C1=C(/O)NCCC(=O)N1CC[C@](O)(c2ccc(F)cc2)C1,0
CC(C)c1ccc(S(=O)(=O)Nc2ccc(CCNC[C@H](O)COc3ccc(N)nc3)cc2)cc1,0
C[C@@H]1CN(Cc2ccccc2)CCN1C(=O)NCc1ccc(C#N)s1,0
CCCOc1cccc(C(N)=O)c1,0
CC(=O)N(C1=NC(=O)/C(=C/c2cc(C)n(-c3ccc(F)cc3)c2C)S1)c1ccccc1,0
CCNC1(C(C)=NO)C(C)NC2CC(C)C21,0
CO[P@](=O)(c1cc(C)cc(/C=C/C#N)c1)c1c(C(N)=O)[nH]c2ccc(Cl)cc12,0
CC(C)C[C@H](C#N)NC(=O)[C@]1(F)CCN(C(=O)OC(C)(C)C)C1,0
CCN(C)C(=O)CC1(C(=N)NC)COCC1C,0
C#CCO[C@@H](C)C(=O)Nc1cccc2c1OCC(=O)N2,0
CCN(Cc1nc(-c2ccccc2)no1)C(=O)COc1cccc(OC)c1,0
CCN(CC(=O)N1CCCC1)S(=O)(=O)c1ccc(Cl)cc1,0
Nc1ncc(-c2cccc(-c3cn[nH]c3)c2)nc1C(=O)N[C@H]1C2CC3CC1C[C@@](O)(C3)C2,0
Cc1nsc(NCCC[C@@H](C)NC(=O)CC(N)=O)c1C#N,0
C[C@@H]1CCCC[C@@H]1N(C)C(=O)Cn1cc(C#N)c(=O)c2cc(Br)ccc21,0
COc1nc(C(=NC(=O)c2ccccc2N(C)C(=O)OC(C)(C)C)NO)ccc1-n1cnc(C)c1,0
CCNC(=NC)c1c(CCN)cnoc1=NC,0
C[C@H](NCCC1CCN(C(=O)C#CC2CC2)CC1)C(N)=O,0
CCNC(=O)Cc1ccc(Br)cc1,0
O=C1c2sc(OCc3ccccc3)nc2CCN1c1ccc(F)cc1,0
CC[C@](C)(C#N)NC(=O)c1cc(C)cc(C)c1,0
CC(C)CN=C1Oc2sc(=N)n(C)c2CC1=O,0
C#CC(C#N)C1NCC2(C)C(N)C(=N)N(C)C12,0
CN(Cc1cccc(NCC#Cc2ccc(C(F)(F)F)cc2)c1)C(=O)C(F)(F)F,0
CC1=CC2COCOS(=O)(=O)N2S1(=O)=O,0
CC1(C(F)(F)F)C(CO)COC1C(CO)CO,0
CC(C)c1cc(C(=O)N(C2CCCCC2)C2CCCCC2)no1,0
O=C(O)Cn1nc(-c2ccc(F)cc2)cc1C(=O)NCCCCCCS,0
Cc1cc(NC[C@](C)(O)C(=O)Nc2ccc(C#N)c(C(F)(F)F)c2)cc2[nH]ccc12,0
CCCCCn1ccnc1,0
C#Cc1ccc(C(=O)NCC[C@@H]2CN(CC[C@H]3CCCCO3)C[C@H]2C)cn1,0
COc1cc(OC)c(CCNC(=O)Nc2nc(Cl)c(C#N)s2)c(OC)c1,0
CC1OC2C3CC(C)(C)C3=CCC2(C=O)O1,0
CC1C#CCN2CC(C2=N)N(C)CC1=O,0
CCN(CC)C(=O)CCC1CCN(C(=O)[C@@H](C#N)CCc2ccccc2)CC1,0
CCNC(C)c1ccccc1,0
COc1ccc(OCC(N)=O)cc1,0
Cc1nc(NCC[C@@H]2CCN(C(=O)c3cnco3)C2)ccc1C#N,0
OC(O)c1ccc(Cl)nc1,0
CCCCCCCCNC(=N)N,0
CC(C)(C)OCC(=O)N1CCO[C@]2(COCCN(C(=O)C#CC3CC3)C2)C1,0
N#Cc1ccc(C(=O)N[C@H]2C[C@H](CNCc3ccc(F)cc3)C2)[nH]1,0
Cc1ccc2cc(N)ccc2n1,0
CCCCCCCCCC(C)=O,0
CCNCC1(N)CNc2onc3c2C1(N)CO3,0
Cc1c(C#N)c(NC(=O)CCN2CCN([C@@H]3CCS(=O)(=O)C3)CC2)n(Cc2ccco2)c1C,0
CNCc1cccc(Cl)c1,0
CC(O)c1ccc(Cl)cc1,0
CN1CC2C=CC=CC(C#N)C(CC2)C1,0
CC(=O)NCCc1c[nH]c2ccc(OCCCOc3ccccc3)cc12,0
C=C[C@@](C)(CC)C(=O)N(C)[C@H]1CN(C(=O)c2ccns2)C[C@@H]1O,0
COC(=O)C1=C(C)[C@@H](O)[C@@H](C)[C@H](c2c(OC)c(OC)c(C)c(OC)c2OC)O1,0
COC(O)c1ccccc1O,0
Cc1ccc(N/C(N)=N\CC2CCN(CCC(C)C)CC2)cc1C,0
CC1(c2ccsn2)C2OC3OCC(=NO)C3C21,0
CN(C)C(=O)COc1cccc(NC(=O)c2cc3ccccc3n2CC#N)c1,0
CCOC(=O)NCc1ccccc1,0
COC(O)Oc1ccc(O)cc1,0
CC12CCC3(CN)CCCC3C(N1)C(CN)C2,0
C[C@@H](C#N)CN(C)c1nnc(-c2scnc2C2CC2)n1Cc1ccccc1,0
CC12NCC1C(=O)NCCCCOCS2(=O)=O,0
CN(O)c1ccccc1,0
CNC(=O)Oc1ccccc1OC,0
CCC12CC(C)CC(OC1C)C1CC2OC1=O,0
CCOc1cccc(OC(C)=O)c1,0
O=C(NOCCO)c1cc(/C=N\OCCO)c(F)c(F)c1Nc1ccc(I)cc1F,0
CCCCNCc1ccccc1Br,0
CN1CCN(C(=O)c2ccc(CNC(=O)C(=O)Nc3ccc(Oc4cccc(C#N)c4)cc3)cc2)CC1,0
C#CC(=O)Nc1nc(C)c(Oc2ccoc2)o1,0
CC(O)(C(=O)CCN=C(N)N)C(=O)CN=CN,0
CCn1ccccscc[nH]c(=O)c(=O)nc1,0
CN(C(=O)C(=O)Nc1ccc(Oc2ccccc2C#N)cc1)[C@@H]1CCN(C2CC2)C1,0
Cc1ncc2c(n1)[C@@H]1Oc3c(O)ccc4c3[C@@]13CCN(CC1CC1)[C@H](C4)[C@]3(O)C2,0
CN(C)CCCN(C)C,0
CC12CCOC1CC(CC1CCCNC1)C2O,0
Cc1c(C)c2c(c(C)c1O)CCC(C)(C(=O)N1CCN(C(=O)CCCCC3CCSS3)CC1)O2,0
CC(C)C(=O)O,0
C[C@H]1CCCC[C@H]1Oc1nc(N)c2c(=O)ccn([C@@H]3COC[C@H]3O)c2n1,0
O=C(NC1C2CC3CC1CC(O)(C3)C2)c1scnc1[C@H]1CCCO1,0
Cc1csc2c1C(C1CCNC(=N)N1)OC2C,0
CC(C)[C@@H](Cn1c([C@H]2CCC(=O)N2)nnc1N(C)Cc1ccc(C#N)cc1)NC(=O)OC(C)(C)C,0
CC1(CO)NCC(O)C2OC(=O)C1C2(O)CN,0
CC(/C=C/c1ccccc1-c1cc(C(C)C)cc(C(C)C)c1OCC(F)F)=C\C(=O)O,0
OC1(c2ccccc2)c2ccccc2N(Cc2ccccc2)c2ccccc21,0
COC[C@@H](O)CNCC1(CCNC(=O)c2ccc(C#N)[nH]2)CC1,0
COCCCOCCCOC,0
Cc1cc(=N[C@@H]2CCN(C(=O)c3cocn3)[C@H]2C)c(C#N)c[nH]1,0
Nc1ncnc(N2CCC(c3nc(-c4ccc(Cl)cc4)cn3CCN3CCCC3)CC2)c1C1CCC1,0
COc1ccc(N2C(=O)N[C@@H](CC(C)C)C2=O)cc1C#N,0
CC(=O)OC(C)(C=O)C1=NC(CC#N)CCN1,0
CC(C)C1OC(=O)CCC2Oc3nccn3C21,0
CC12NC1S(=O)(=O)c1c(onnc1=N)C2=NO,0
COc1ccccc1-c1nc(N2CCOCC2)c2ccccc2n1,0
CC1NC(c2nc(N)n[nH]2)CCC(C)(N)C1C,0
CCN(CC)C1CCCCC1,0
COc1cc2c(cc1OC)-c1c(-c3cccc(Cl)c3)ncn1CC2,0
OCC(O)c1ccccc1O,0
Oc1cccc(C2Sc3cc(O)ccc3OC2c2ccc(OCCN3CCCCC3)cc2)c1,0
CCC1(C(C)O)CC(OCC#N)C(CNC)N1,0
Nc1ccccc1CO,0
C=CC(=O)OCCCCCC,0
CCC12C(=O)C(C(C)C)N(CC1(C)O)C2C#N,0
O=c1cc(-c2ccc(Br)cc2)oc2ccc3ccccc3c12,0
CC1(CNC(=O)C(=O)N2CCCN(Cc3ccc(C#N)cc3)CC2)COC1,0
CC(C)NC(=O)c1ccccc1N,0
C#CC1C2CC(N)C1C(C#C)(CN)CC2(C)C,0
CC(=O)c1cccc(NC(=O)Nc2ccc(C(N)=O)cc2CN2CCC(Cc3ccc(F)cc3)CC2)c1,0
CC12CC(C#N)C(CO)(C1O)C(C)(CC=O)N2,0
CCOC1OCCC(N)C1C1CNCCC1C,0
C#CCCNC1CC2(C1)CC(NC(=O)[C@H]1CCCCN1CCCC)C2,0
Cc1cccc(NC(=O)Nc2ccc(-c3ccc(OCCN4CCOCC4)c4[nH]nc(N)c34)cc2)c1,0
C=C(C)CCN[C@@H]1CO[C@@H](C)C1,0
CC1(C)CC2C3CCCC(CC3(O)CN)N21,0
CCCc1nc2c(n1Cc1ccc(-c3ccccc3-c3nn[nH]n3)cc1)C(=O)CCCC2,0
CC(c1ccccc1)N(C)C,0
OCN(CO)c1ccc(Cl)cc1,0
COc1ccc(Cl)c(C(N)=O)c1F,0
NC1CCc2cc(N3CC[C@H](NS(=O)(=O)c4ccc5cc(Cl)ccc5c4)C3=O)ccc21,0
C=CCOCCCC(=O)NC[C@H]1C[C@H]2CC[C@H]1N(C)C2,0
CC1(C)CCS(=O)(=O)C2C(CO)=CC3NC32C1,0
CN1CC2CCN(C2)C(=N)C2OCC1C2(C)O,0
Cc1c(N=C(N)CC(O)C(O)CN)csc1O,0
CCCCCCNc1ccccc1,0
N#C[C@H]1CN(C(=O)CCN2CCC(C(N)=O)CC2)CCO1,0
C=CCn1cccc1C(=O)N1CC[C@@]2(CCN(C(=O)C3CC3)C2)C1,0
Cc1nsc(-c2nnc3n2CCN(C(=O)c2ccc(Cl)c(Cl)c2)[C@@H]3C)n1,0
CCC(C=O)(OC)C(O)CC(C)c1cnno1,0
CC(C)c1c(C(=O)N2CCN([C@H](C#N)c3ccccc3)CC2)cnn1-c1ccc(Cl)cc1,0
CC1=CC2CC3C(C=O)NCC34C2N4CC1,0
CNc1ccc(O)c2ccccc12,0
O=C(C[C@H]1SC(=Nc2ccc3ccccc3c2)N(Cc2ccccc2)C1=O)NC1CC1,0
NCNc1ccccc1,0
CCc1cc(-c2cccc(F)c2)c(O)cc1OCCCCCC(C)(C)c1nn[nH]n1,0
CC1CC=CC(CN(C)C)C2=C1NCS2(=O)=O,0
O=C(NCCc1c[nH]c2ncc(Cl)cc12)c1ccc(Cc2cccc(F)c2)cc1,0
C[C@@H]1CN(C[C@H]2CCCN2CC(=O)N(CCC#N)c2cccc(Cl)c2)C[C@H](C)O1,0
CN1C(=O)CC(c2ncncc2F)N=C1N1CCO[C@@H](c2ccc(F)cc2)C1,0
Oc1ccccc1,0
Oc1ccccc1CC(O)O,0
C=C(Cl)Cn1c(Cc2ccccn2)nnc1N(C)[C@H](C)c1cccc(O)c1,0
O=P(O)(O)C(Nc1ccccn1)P(=O)(O)O,0
C[C@H](C(=O)O)n1cccc1C=Nn1cnnc1,0
COc1cccc(OC)c1C(=O)Nc1nc2c(s1)CCc1ccccc1-2,0
Cc1cc(NC(=O)CSCC(=O)[C@@H](C#N)C(=O)Nc2ccc(Cl)cc2)no1,0
CC(C#N)OC1CCN=C(N)C1(C=O)CCO,0
CC12CC3C4C1C4C(CC(N)=O)(C2)C3N,0
COc1cccc(-c2cc(O)c3cc(N(C)C)ccc3n2)c1,0
COCCNc1ccnc(-c2ccccc2C)n1,0
CCC1CCC(c2nc(NC=N)n[nH]2)CC1=O,0
C=CC(=O)N1CCN(CCCn2c(=O)c(-c3c(Cl)c(OC)cc(OC)c3Cl)cc3cnc(NC)nc32)CC1,0
O=C(NC[C@@H]1C[C@H]1c1cccc2nc(CCCCc3ccccc3)oc12)C1CC1,0
C=C(C)C(C)(C)C(=O)N[C@H]1CCCN(C(=O)c2ccc(O)nc2)[C@H]1C,0
CN1CC[C@@](O)(C#Cc2cc3c(cc2F)OC[C@H](F)c2sc(C(N)=O)nc2-3)C1=O,0
CC1=C2NC(=N)C3(CO3)C2c2oc(C)cc21,0
NCC(O)c1ccccc1O,0
NCOC(O)c1ccccc1,0
Cc1ccc2[nH]c(C(=O)O)cc2c1,0
CCC(CC)NN=Cc1ccccc1OCc1ccccn1,0
CCNC(C)=NCC(O)(CN)c1cnc(C)[nH]1,0
CCN1CCN(C(=O)C2CC2)CC1,0
Cc1cnc2c(NC3CCCC3)nc3ccccc3n12,0
CC1CNC2(C1)C(=O)NC(=O)CC(O)C2(C)N,0
CC1(C)CCCc2cc(C#N)c(N3CCCC(=O)[C@@H](F)C3)nc21,0
N#Cc1cc(F)c(S(=O)(=O)N[C@H]2CCCC[C@@H]2O)c(F)c1,0
O=S(CC#Cc1cccnc1C#CCO)c1c(F)c(F)c(F)c(F)c1F,0
N#C[C@H]1CCCN(C(=O)NC(C2CCCC2)C2CCCC2)C1,0
CCCCCCCCC(=O)OCC,0
C#CCCN1CCC[C@H]([C@H](C)NC(=O)c2csc3c2CCCC3)C1,0
N#Cc1cnc(N2C[C@H]3CN(C(=O)C4=COCCO4)C[C@H]3C2)c(F)c1,0
COC(=O)c1c[nH]c2ccccc12,0
CC[C@H](Cn1c(-c2cccc(C#N)c2)nnc1N(C)CCN1CCOCC1)OC,0
CCCn1c(N)nc2ccccc21,0
N#Cc1cc(S(=O)(=O)NCc2nc(C(F)(F)F)n[nH]2)ccc1C(F)(F)F,0
C=CCN1C[C@@H](CNC(=O)c2c(F)cc(C)cc2F)[C@@H](O)C1,0
C=C(C)CN1C[C@@H](OC)C[C@H]1c1n[nH]c(CNC(=O)c2ncc[nH]2)n1,0
CNCCOc1cc(Cl)ccc1Cl,0
N#Cc1ccc(CNCCCNC(=O)Cc2cccnc2)c(F)c1,0
CCC(C(=O)O)c1ccccc1,0
Cc1oc(=N)c2c(C)cn3c2c1C(=O)C3CO,0
C#CCN1CC[C@@]2(CCCN(C(=O)CCc3ccc(F)cc3F)C2)C1,0
N#Cc1ccc(S(=O)(=O)CCSC2=Nc3ccccc3C2)nc1,0
CCCNC1C2NC1C1COC2OCC1O,0
O=C(Nc1c(Cl)cccc1Cl)C1c2ccccc2COc2ccc(Br)cc21,0
Cc1cc(OCC2(C(=O)O)CCC2)ncc1-c1cnc(-c2nc(C(F)(F)F)c[nH]2)c(Cl)c1,0
N#Cc1ccc(F)cc1NC(=S)NCC1CCCCC1,0
CCCCCCCCCC(=O)C(F)(F)F,0
CSc1ncnc2c1c1occc1n2[C@@H]1O[C@H](CO)[C@@H](O)[C@H]1O,0
CC1CC2(C(=N)N)C(COC=O)CCN2C1C,0
CCCCCc1cc(O)cc(O)c1,0
CCOC(=O)c1nnn(-c2ccc(S(N)(=O)=O)cc2)c1-c1ccccn1,0
CN(C)Cc1ccc(O)cc1,0
CC12CC(CC3(O)CC3C(=N)O1)S(=O)(=O)C2O,0
Cc1nc(CN2C[C@H]3C[C@@H](NC(=O)c4c[nH]c(C#N)c4)C[C@H]2C3)n[nH]1,0
CC1CC2CNC(CN)CN=C(N2)C(C#N)C1,0
CC1=CC2(C(N)=O)C3C1C=C1NC(C)=NC132,0
CCCCCCCCn1ccnc1,0
C#CC1C(O)C2OC2(C)C(C#C)(C=O)C1C,0
CC1(C2CC(C(=N)N)C(O)CO2)CNCC1O,0
CN1CCC(n2cc(-c3cnc(N4CCO[C@H](Cn5nnc6ncc(-c7cnn(C)c7)nc65)C4)nc3)cn2)CC1,0
C=CCN(C)Cc1ccccc1,0
CN(C)C1(C(=O)Nc2ccccc2F)CCN(c2ncnc3[nH]c4c(c23)CCCC4)CC1,0
C=C(C)CN(CC)C(=O)[C@H](C)OC(=O)[C@@H]1CCCN(C(=O)CCC)C1,0
CCC(=O)NCC(=O)OC,0
C=CCOCC(=O)N1CCC(CNC[C@H]2CCS(=O)(=O)C2)CC1,0
CC1NC2C(N(C)C)C(CN)NC1C2(C)O,0
CC12OCOCC3(CN3)C1(C)CC2=O,0
Cc1ccc2ccc(=O)oc2c1,0
Oc1ccccc1Cl,0
Cc1nc(-c2ccccn2)nc(NC2Cc3ccccc3C2)c1Cl,0
OC(O)C(O)C(O)c1ccccc1,0
CC12CCC=CC(O)(CCC1)C(N)(CO)C2,0
C[C@]1(C#N)CCCN(C(=O)CCC(=O)c2ccccn2)C1,0
CCCCCCCC(=O)Nc1nnc(-c2cc(I)c(O)c(OC)c2)s1,0
CC(=O)OCC(C)C,0
Cc1ccc2c(N)c(C(=O)NC[C@@H](C)c3ccc(N4CC5CCC(C4)N5)cc3F)sc2n1,0
CCCOC(=O)c1ccc(N)cc1,0
CC(O)c1oc2cc(Br)cnc2c1C(C)(C)C,0
CC(=O)Nc1ccc2sccc2c1,0
C[C@H](CCC#N)N1CCC[C@@H](n2ccc(C(F)(F)F)n2)C1,0
CN(C)CCCO,0
CC1CCC2(C)OC(=N)CCOC2(C=O)O1,0
CCCC(=O)OC,0
C[C@H]1C[C@@H]1CNc1cc(C(=O)N[C@H](CO)Cc2cc(F)cc(F)c2)cc(N(C)S(C)(=O)=O)n1,0
COc1cccc(-c2cnn(CC3CCc4c(cccc4OCC(=O)O)C3)c(=O)c2-c2ccccc2)c1F,0
CC(C)(CO)c1ccccc1,0
CC(CCO)N=C1CNC(=O)OC(C)(C)CN1,0
CCn1ccc2c3c(=O)cc(-c4cccc5ccccc45)[nH]c3ccc21,0
CCCCCCOc1ccc(C(=O)NC2CCC(C)(C)C2)cc1,0
COc1cc(CC2CCCC[C@@H]2O)c(Br)c(Br)c1OC,0
O=C1C=CC=N/C1=C(/O)NCCNC(=O)c1cc2ccsc2[nH]1,0
Cc1ccc(S(=O)(=O)c2nnn3c2nc(NC2CCCCC2)c2sccc23)cc1,0
C#CCC1C(C)NC2C(=O)C1(C=O)NC2C#C,0
CS(=O)(=O)Oc1ccc(Oc2ccc(S(=O)(=O)CC3CS3)cc2)cc1,0
O=c1c(Cl)c(N/N=C/c2ccccc2)cnn1-c1ccccc1,0
Cc1ccc2ncccc2c1N,0
C#CCC12CC(NC1=NCC)C1OCC2C1N,0
C=C1CC(C(=O)Nc2cc([C@H]3CCCCN3C(=O)CCc3ccc4c(c3)OCO4)[nH]n2)C1,0
COCC(N)c1ccccc1,0
CC(C)(O)[C@@H]1CC[C@@H](Nc2ccc3ncc(-c4cccc(Cl)c4)n3n2)C1,0
CNC(C)(C)Cc1ccccc1,0
CCc1ccc(O)c2ncccc12,0
CC(C1=CC(=O)S(=O)(=O)CCC1C#N)N1CC1,0
Cc1cc2ccccc2[nH]c1=O,0
CC(C)(O)C12CN(c3ncns3)C(CO1)CO2,0
Cc1ccc2ccc(Cl)cc2n1,0
C=CCOCC(=O)N1CCOC[C@@H]1CNC(=O)C[C@@H](C)C(C)(C)C,0
COc1ccc2c(=O)cc[nH]c2c1,0
COc1cc2c3c(c4ccc(NS(C)(=O)=O)cc4c2cc1OC)CN1CCCC[C@@H]1C3,0
CC1(O)CCOC(CS(=O)(=O)CN2CCC2)C1,0
COc1cccc(CNC(=O)COc2cc3c(c4oc(=O)cc(C)c24)CCC(C)(C)O3)c1,0
C=C(C)C(C)(C)C(=O)N1CCC[C@@H](NC(=O)c2cnn3c2CCC3)C1,0
O=c1ccoc2ccc(OCc3ccc(F)cc3)cc12,0
CC(C)N(CCC(C(N)=O)(c1ccccc1)c1ccccn1)C(C)C,0
COc1ccc(CN2CNc3nc4ccccc4n3C2)cc1,0
C#CC1(N)CC(C(=O)NC=O)CC1(N)C(C)C,0
C#CC1(CO)CC2OCC1C(C)(CCN)O2,0
CCNC1C2CNC=NC2C(NC=N)C1OC,0
COc1cc(Nc2nc(-c3ccccc3)nc3ccccc23)ccc1Br,0
CC#CC1(CC)C(CC)C1(N)C(C)(C)OC,0
O=C(CF)CNC(=O)[C@H](Cc1ccccc1)NC(=O)c1ccccc1,0
C#CCCCc1nnc(N2CCN(C3CCCC3)CC2)n1C[C@@H]1CCCCO1,0
CCc1ccc(Cl)cc1-n1cc(-c2cc(N)ncn2)cc1C(N)=O,0
CCc1c(C)[nH]c(=O)c([N+](=O)[O-])c1O[C@@H]1C[C@H](C)C[C@H](C)C1,0
C[C@@H](N=c1cc[nH]c(C#N)n1)[C@@H]1CCCN(C(=O)c2cnn(C)c2)C1,0
C=C[C@@H]1OCC[C@H]1C(=O)N1CC(NC(=O)c2ccc(Cl)cc2C)C1,0
Cc1n[nH]c2ccc(-c3cncc(OCCN)c3)cc12,0
OC(O)CCc1ccccc1,0
C#CC1CC2(C)OC3(C)C(O)C3(O)C2N1C,0
CCC1C(CCC(C#N)CN)C(O)C2OC12,0
CC(c1ccccc1)C(O)O,0
O=C(NO)[C@@H]1[C@H](c2ccccc2)[C@H]1c1cccc(-c2ncc(F)cn2)c1,0
CCCNc1ccc(C(=O)O)cn1,0
C[C@@H]1Cc2c([nH]c3ccccc23)[C@@H](c2c(F)cc(/C=C/C(=O)O)cc2F)N1CC(C)(C)F,0
CCCCC,0
C#CCCNC1CC(CNC(=O)C/C=C/c2cccc(F)c2)C1,0
C=C[C@@H]1C[C@]1(NC(=O)OC(C)(C)C)C(=O)NC[C@@H]1CCN(C(=O)C(F)F)[C@@H]1c1cccnc1,0
Cc1cccc2c(C)cccc12,0
C=CCCn1cc(C(=O)NC2CN(Cc3cccc(-c4nn[nH]n4)c3)C2)nn1,0
O=C(/C=C/c1ccc2c(ccn2Cc2ccccc2)c1)NO,0
CCC1(O)C(=O)Oc2nc[nH]c(=O)ccsc21,0
CC(C)c1onc(CCc2c(Cl)cccc2Cl)c1COc1ccc(/C=C/c2cccc(C(=O)O)c2)c(Cl)c1,0
CC1(C)CCc2c(C(=O)Nc3cnn([C@H](c4ccccc4)C4CCCS(=O)(=O)C4)c3)n[nH]c2C1,0
COc1ccc(C(=O)C[C@H](C)C(=O)N2CCN([C@H](C#N)c3ccccc3)CC2)cc1,0
O=C(C1CCN(c2cc(Oc3ccc(Cl)cc3F)ncn2)CC1)N1CCc2ccccc2C1,0
CC(=O)C12CNCC3NC(CO1)C1C3C12C,0
C[C@H](NC(=O)c1c(F)cc(C#N)cc1F)c1ccc2c(c1)NC(=O)CO2,0
CCCC[C@H](/N=C1/NS(=O)(=O)c2ccccc21)C(=O)NCc1ncc(C)cn1,0
CC(CCO)N=C1CCNC(C(C)C)C(=N)N1,0
COc1cc2c(Oc3ccc4[nH]c(C)cc4c3F)ncnc2cc1OCCCN1CCCC1,0
CC(N)C(C)Nc1csc2cc(CN)ncc12,0
COc1ccccc1N1CCN(CCC(Oc2cccc3ccccc23)c2ccsc2)CC1,0
CN(C)C(=O)c1cccc(CO/N=C(/N)c2cnccn2)c1,0
CCC1=C(CC2(N)CCC2N)COC1=O,0
OCNC(O)c1ccccc1,0
CCOC(=O)Nc1ccc(NC(=S)NCc2nc(Cl)cnc2N)cc1,0
CC(C#N)C(=O)n1cc2cnc(O)c-2cc1O,0
N#Cc1ccc(-n2ccc(NC(=O)CCc3nc(-c4nc[nH]n4)no3)n2)c(F)c1,0
CC1OC2(C=O)C=CC(C(=N)N)=CC=C12,0
CCc1c(C)nc(O)c(N(C)C)c1C(=O)c1cccc(/C=C/C#N)c1,0
Cn1ccc(-c2cccc(Cl)c2)c1,0
CCC(=O)CC1C2c3n[nH]nc3C1(C)C2C,0
C=CC(C)(C)C(=O)N1CC[C@@H]1CNC(=O)c1cnc(C(C)C)s1,0
C#Cc1c(C)c(F)cc(NC(C)(C)C=O)c1N,0
CC1COc2ccccc2N1C(=O)N1CCC(c2c[nH]cn2)CC1,0
N[C@@H](Cc1ccccc1)C(=O)Nc1ccccc1-c1ccc(NC(=O)CCCCCCC(=O)NO)cc1,0
CC(O)C1NC(=N)C2(CCC(O)C2)NC1CN,0
CC1CN(C=O)C(C)(C)CCC(N)C(CN)N1,0
CN(C)CCOc1cccc(Cl)c1,0
O=C(/C=C/c1cccnc1)NCCCCc1ccc(S(=O)(=O)Nc2ccccc2)cc1,0
CC(O)C1(C)CC2OC(=O)CC23C(C)N13,0
NC(O)(CCO)c1ccccc1,0
CC#CC#CC1OC=Nc2c1csc2O,0
CC1COC2(C3(C)CO3)COC1(CO)C2=NO,0
CC1C2C(C#N)(N=CN)CC(O)(CO)C12C,0
CC1CC(Cc2ccncn2)=C2CNC21,0
O=C(c1cc(Cc2n[nH]c(=O)c3ccccc23)cc(F)c1F)N1CCN(c2nsc3ccccc23)CC1,0
N#Cc1ccc(NC(=S)N2CCC3(CCN(C(=O)c4cccnc4)C3)CC2)c(Br)c1,0
CCCC1(O)CNS(=O)(=O)Cc2sc(C)nc21,0
CC(=NN[C@H]1CCOC1(C)C)c1ccc(F)cc1OC(F)F,0
COc1cc(C(C)(C)CNC=O)c(C)cc1Nc1ncc(Cl)c(Nc2ccccc2S(=O)(=O)C(C)C)n1,0
CC(=O)N1CCC2(CN(Cc3cn(C)c4ccc(C#N)cc34)C2)C1,0
CCC1CS(=O)(=O)C2(C=O)C(=O)C=C3CC1C32,0
CCCC1N=C(N)NCC2(C#N)NCCNC12,0
CCC1=C(C(CC)C(C)CO)NC(C)C1=NO,0
CC(=O)NS(=O)(=O)c1ccccc1,0
C[C@H]1CCN(C(=O)c2ccnn2C)C[C@@H]1CNc1nccnc1C#N,0
NC(=O)c1cccc2ccccc12,0
COc1cc(C)ccc1-c1cc(C#N)cc(C2CNC2)c1,0
C=CCO[C@H](C)C(=O)NCC[C@H](C)NC(=O)c1ccn(C)c(=O)c1,0
C[C@H]1SCCN(C(=O)C(=O)Nc2ccc(C(C)(C)C#N)cc2)[C@H]1C,0
C=C[C@@H](CO)NC(=O)C1(c2ccc(Br)cc2)CCOCC1,0
CC1CC(N[C@H]2CCCc3cc(C#N)ccc32)C1,0
Cc1ccccc1-c1nnn(CC(=O)Nc2ccc(C#N)c(Cl)c2)n1,0
C=CCN(CCc1ccco1)C(=O)C(=O)NCCNC(=O)c1ccc(C)cc1,0
C[C@H](NC(=O)[C@@H](C#N)C(=O)/C=C\c1nc2ccccc2s1)c1ccc(Cl)cc1Cl,0
O=C(NCCC(F)CN1CCN(c2cccc(Cl)c2Cl)CC1)c1cc2ccccc2o1,0
CCCC12CCC(OCO1)C(O)CC(C)C2N,0
CCC1C(O)C2C3(CC)CN=CN1C23CO,0
C=CCCN(CC)[C@H](C)CNC(=O)[C@@H](C)C1CCOCC1,0
COC[C@H](c1ccc(Cl)cc1)N(C)S(=O)(=O)c1ccc(C#N)cc1F,0
OCc1cc(-c2c[nH]c3ncnc(N4CCOCC4)c23)ccc1F,0
CNCC(=O)c1ccccc1,0
Cc1nc(N2CC(c3nc4ccccc4n3CCO)C2)cc(-n2nc(C)nc2C)n1,0
CC(=O)OCCCNC(=O)c1cc(S(N)(=O)=O)c(Cl)cc1Cl,0
CC1N2CCC(=O)C1(C)C(C(=N)N)C(C=O)C2,0
C#CC1OC(=N)C(O)C(NCC)C1(C#N)OC,0
C=C(C)CC(C)(C)C(=O)N1CCO[C@@]2(COCCN(C(=O)c3nccc4[nH]ccc34)C2)C1,0
CC1C(=O)C2C(CCCO)CC2C1C#N,0
Cc1noc(C)c1-c1ccccc1,0
CN(C)CCCCCCN(C)C,0
CCC(C)NC1=C(C(=O)Cc2ccccc2)C(=O)CC(C)(C)C1,0
CCN1CC(N=C2CNCCN2)C2CC21,0
CC(=O)Nc1nc(C)cs1,0
CN(CO)C(O)c1ccccc1,0
Nc1ccccc1NC(=O)c1ccc(CNC(=O)/C=C2\NC(=O)c3ncccc32)cc1,0
Cc1ncccc1CCNC(=O)Cc1noc(C)c1C#N,0
C=CCn1c([C@@H]2[C@@H]3CCCO[C@@H]32)nnc1N1CCN(S(C)(=O)=O)[C@@H](C)C1,0
N#Cc1cccc(CNCc2ccc(COCC(F)(F)F)cc2)c1,0
CC#CC(C#N)(C#N)N=c1cnsnn1,0
CC1=CC=C2CC3C(C)C(=O)N3C=C2CC1,0
CCCc1ccc2ccccc2n1,0
C[C@H](C(=O)Nc1ccccc1SC[C@@H](C)C#N)n1cnc2ccccc21,0
Cc1nnc(O)c(CNC(=O)N2CCC[C@H]2[C@H](C#N)c2ccccc2)c1C,0
CC1(C)CC23CCC(N)C2N=C(N)C(=N)N13,0
N#C[C@H]1C[C@H]1C(=O)NCCNC(=O)c1cccs1,0
CC(N)C1NC(CN)(C(C)N)CC1N(C)C,0
CCNc1nc(Nc2cn(C(C)(C)c3ncn(CC)n3)nc2Cl)ncc1C(F)(F)F,0
CC(N)C1C=C2C=CC=CC(C)(N)C2O1,0
C=CCNC(=S)N1CCC[C@@H](Oc2cccc(OC)n2)C1,0
CN(C)NC(=O)c1cccc(Cl)c1,0
CN1CC(S(=O)(=O)C2(C)CN2C2CC2)C1,0
COCCCOc1cc(C(=O)N(C[C@@H]2CNC[C@H]2NC(=O)OCC2CCCCC2)C(C)C)ccc1OC,0
CC(C)(O)CC1(O)COC(=O)CC12CN=CN2,0
C=CCN1C(=O)[C@@H](CC(=O)Nc2ccc(C(C)=O)cc2)SC1=Nc1ccccc1,0
CC#CCN1Cc2ccccc2C[C@@H]1CNC(=O)c1cc[nH]n1,0
Cc1ccccc1C(CCC(=O)O)Oc1cccc(OCc2ccsc2)c1,0
N#Cc1cc(CC(=O)N2CCO[C@@]3(COCCN(C(=O)[C@@H]4CC=CCC4)C3)C2)ccc1F,0
CCn1c2ccccc2c2cc(C(=O)c3ccc(C)cc3)ccc21,0
Cc1cc(Cl)c(C)cc1Cl,0
CCC12CCC(CC(=N)NC1)C(=O)N1CC12,0
Cc1ccc(NC(=O)c2cccc(C(F)(F)F)c2)cc1-c1nc(N2CCOCC2)nc(N2CCOCC2)c1C,0
CNCCc1ccc(O)c(O)c1,0
CC(C)OC12CC(CC1(C)OC=N)OCC2O,0
CC(=O)C1C(=O)NCC(=NO)C12OC2(C)C,0
CCC1(C)Cc2nc(Cl)c(C#N)cc2CO1,0
CCOC12OCC(C)C1C1C(=O)C2CC1OC,0
C=CCNC[C@H]1CCN(C(=O)c2cn(CCC(C)C)nn2)C[C@H]1C,0
CC(O)CC1C=CC(CC#N)=CC(=O)C1,0
CCNCC1=CC2NC3C=CC1(CO)C32C,0
CCC12OC(C)C(N)(C(CC#N)OC1=N)C2O,0
C#CC(C)C1CN1CC1(C#C)CCCO1,0
S=C(NCc1ccccc1Cl)N1CCC(c2c[nH]cn2)CC1,0
CC(C)(O)c1ccccc1,0
CC(C)C(=O)OCc1ccccc1,0
CC12CC(OCC#N)OC1(CO)CCC2CN,0
O=C(NC1(O)C(=O)c2ccccc2C1=O)c1c(Cl)cccc1Cl,0
O=C(NC1CCN(CCOc2cc(Cl)ccc2Cl)CC1)c1ccc2ccccc2n1,0
CCC1C(N)=NC(CO)(C(CN)CCO)C1N,0
Cc1cccc(Cc2nn(C(C)(C)C)c3ncnc(N)c23)c1,0
C[C@]12CN(C(=O)C3(C4CC4)CC3)C[C@H]1CN(c1ccncc1C#N)C2,0
CCCOC(=O)C#CC(=O)OCCC,0
CCC1(N)CNC(C)C(C)C(O)CNC(=O)C1,0
CC(C)OCC1C2CC2(O)C(N)C1(N)CN,0
CC1=CC2(C=CCC(C#N)C1=NO)CC2O,0
CC1(O)C2CC(=N)NC=C(CCC(=O)O)C21,0
CCOC(C)=O,0
c1ccc2c(CC3CCNCC3)c[nH]c2c1,0
COc1ccc(NC(=O)c2ccc(C)cc2)cc1,0
CN(C)C(=O)[C@@H]1CCCN1c1nc2cc(-c3noc(=O)[nH]3)nc(-c3cncc(Cl)c3)c2n1C[C@H]1CC[C@H](C)CC1,0
OC(O)Nc1ccc(Cl)cc1,0
CCCCCNC1C(=NO)C2C3OC3C1N2C,0
C#CC1CCCNC(=O)OC1C(C)CCCN,0
COc1ccc(NC(=O)c2ccc3[nH]ncc3c2)cc1Cl,0
Cc1ccc(-c2ccccc2)cc1,0
C#CC1C2=CC(C)(CCCCC1=NO)OC2,0
CCCCCCBr,0
CCC(=N)NCC(C)C(O)C(O)(CO)CC=O,0
CCN1C(=O)Cc2ccccc21,0
NCCC(O)c1ccccc1,0
Cc1cc(Nc2nc(N[C@@H]3CCOC[C@@H]3N)nnc2C(N)=O)cc2ccsc12,0
CC1=Nc2occc2C2CCCNC(C)C2N1,0
Cc1ccc([C@H]2C[C@@H]3CC[C@H]([C@H]2c2ncc(-c4ccc(Br)cc4)s2)N3C)cc1,0
CC#C[C@H](CC(=O)N1CCCC[C@H]1C1CCN(C(=O)c2cncc(F)c2)CC1)c1ccc(O)cc1,0
C#CCNC(=O)CN1C[C@@H](CCNC(=O)[C@H](CCCC)C(C)C)[C@H](C)C1,0
C[C@@H]1[C@@H](NC(=O)c2cnc3ccccn23)CCN1c1cnc(C#N)cn1,0
CC(C)C1C2C(N)=NC1(C)CCC(O)C2=NO,0
CCN(C(=O)c1cn[nH]c1)C1CN(C(=O)C#CC2CC2)C1,0
CSc1ccc(O)c(C(=O)N(C2CC2)[C@H](C)C#N)c1,0
CCOC(=O)c1cnccc1C,0
CC1=CC[C@@]2(CO)CO[C@@H](c3ccc(O)cc3)[C@@H]1C2,0
C[C@@H](CCC#N)CN1CCN(C)C[C@H]1Cc1ccccc1,0
CCC(C#N)(C(C)=O)c1cnc(C)c(C=O)n1,0
CC#CCN1C[C@@H]2CN(C(=O)c3oc(C)nc3C)C[C@]2(C)C1,0
CC1CC(=N)NCC(=O)C#CC(C)C(O)C1,0
CC(O)c1c(I)ccc2cc(CO)[nH]c(=O)c12,0
CCC1(O)CC2OCC(C)(C(=N)N)C(O2)C1N,0
CCOc1ccc(C=NOCc2cccc(C(=O)NCc3ccco3)c2)cc1OC,0
CC(C)(NCC1CC1)c1nc2c(C(N)=O)cccc2[nH]1,0
O=C(NC[C@@H]1C[C@H](O)CCN1C(=O)c1ccccc1-c1ccccc1)c1cccc2cccnc12,0
NS(=O)(=O)c1cccc(-c2ccc3c(NC(=O)C4CC4)n[nH]c3c2)c1,0
CC1C2OCC(N)CC=C2C2NC1C1OC21,0
CN1C2C=CN(C(C#N)C=NO)C(=O)C1C2,0
C=C(C)Cc1ccc(Cl)c(C(=O)N2CCOCC2)c1,0
CN(C)CCCCc1ccccc1,0
CCO[C@H]1CCCC1=NNc1cc(Cl)nc(N)n1,0
COC(=O)C1=C(C)NC2=C(C(=O)CCC2)[C@@H]1c1ccc(OC)c(COc2ccc(F)c(Cl)c2)c1,0
Cc1ccc2c(c1)-c1nc3cc([N+](=O)[O-])ccc3n1CCO2,0
CCCN(C(=O)c1c(-c2ccccc2Cl)noc1C)c1ccc(Cl)cc1,0
C#C[C@H](C)N(C)C(=O)C(=O)Nc1ccccc1COC(C)(C)CC,0
CCCCCCCCC,0
CC/C=C/Cc1nc(-c2cc(C#N)ccc2F)no1,0
CC1(C)C=CN2C(=O)COC(=O)CC21C#N,0
NCC(Cc1ccc(CCCOc2c(F)ccc(F)c2Cl)cc1)C(=O)N(Cc1cccc(Cl)c1Cl)C1CC1,0
CCCCCC(=O)OCC(=O)O,0
CC(C)CC12C=C3CCN(C=N)C3C1(N)C2,0
CC1OC2(C(C)C#N)C(C)C(=O)C2C1(C)O,0
Cc1cc(C(=O)N2CC[C@](O)(CNC(=O)[C@H](C)C#N)C2)nn1C,0
CC(C)CCNCc1nc(N)nc(N)c1-c1ccc(NCc2ccc(S(C)(=O)=O)cc2)cc1,0
CC(=O)NCC(C)(C)C(=O)N[C@H](C)[C@H](C)Nc1nc(C)cc(C#N)n1,0
C[C@H](CCNc1ccc(C#N)nc1)NC(=O)c1ccnc(F)c1,0
Cc1cc(-c2n[nH]c3cc(NC(N)=O)ncc23)ccn1,0
CCCc1cccc(CC)c1O,0
CN(C(=O)CC(C)(F)F)[C@@H](CNc1cccc(F)c1C#N)C1CC1,0
CCNCC(C)n1cc(N)c(CC(N)=O)c1C,0
COC(=O)Nc1cc(Cl)ccc1O,0
CCOC(=O)C(C)(C)C,0
C=CCCC1(C(=O)N[C@@H]2C[C@H]3CC[C@@H]2N3CCS(C)(=O)=O)CC1,0
CC(=O)C(C(=O)C#N)c1nsc(=N)n1C(N)=O,0
CCN(CC)CCOC(=O)c1ccc(S(=O)(=O)Nc2nnc(S(N)(=O)=O)s2)cc1,0
CCC1(CC)N(CC(C)=O)CCC1(O)COC,0
CNC(=O)c1cc2ccccc2o1,0
Cn1cnc(-c2cc(C(=O)O)ccn2)c1-c1ccc(-n2cccn2)cc1,0
Cc1ccnc(=O)occc(O)c(C)scc1,0
C=CCN1C[C@@]2(C)CN(C(=O)C(C)(C)C(=C)C)C[C@@]2(C)C1,0
CCCC1=C(C(=O)OCC)[C@H](c2cccc(Cl)c2Cl)C2=C(C[C@@H](c3cccs3)[C@H](C(=O)OCC)C2=O)N1,0
N#Cc1cccc(C(F)(F)F)c1NC(=O)C1(N)CCNCC1,0
CCOc1cc(CN2CC3(CC(c4ccc(CO)cc4)=NO3)C2)cc(OCC)c1-c1ccc(F)cc1,0
CN(C)C(O)(O)c1ccccc1,0
C[C@@H](NC(=O)COCC1CC1)C1CCN(c2nccnc2C#N)CC1,0
CC1CC2CCCC3C(=O)CNC3C(C2)N1C,0
N#CCSCC(=O)N1CC2(CC[C@@H](CNC(=O)[C@@]34CCC[C@@H]3C4)O2)C1,0
CC1OC2(CC(=N)N(C)C2)CS(=O)(=O)NC1=N,0
CN1CCN(C(=O)c2ccc(NC(=O)Nc3ccc(-c4nc(=O)nc(N5CCOCC5)[nH]4)cc3)cc2)CC1,0
C#CC(C=NO)CC(C)COC1CNC1C,0
C#CCN1C[C@@H](C)[C@H](NC(=O)c2cn(C)c(=O)cn2)C1,0
CCN[C@H](CNC(=O)CC#Cc1ccccc1)c1ccccc1OC,0
NCC(O)c1cccc(O)c1,0
COC(=O)CNC(=O)CC(C)C,0
CC(C)c1ccc(NCC2=NCCN2)oc1=O,0
N#C[C@H]1CCOC[C@@H]1n1cc(C(N)=O)c(Nc2ccccc2)n1,0
CN1CCN(C(=O)c2ccc(-n3cccn3)nc2)CC1,0
CC(=O)CC(=O)Nc1ccccc1,0
CN(C)C(N)c1ccccc1,0
CCC12CC(=N)OC(C(O)C1)C(C)(C)C2(C)N,0
COc1cc(C(=O)N[C@H](CNS(C)(=O)=O)c2ccccc2)ccc1-c1cn[nH]c1,0
CCOC(=O)CC,0
Oc1ccccc1C(O)O,0
CC(N)C1C#CCC2OC(COC1)OC2C,0
CC#C[C@]1(O)CC[C@H]2[C@@H]3CCC4=CC(=O)CC[C@]4(C)[C@H]3[C@@H](c3ccc(-n4cccc4)cc3)C[C@@]21C,0
CC(=O)N(C)C,0
CN(C)CCSc1ccccc1S(=O)(=O)Nc1ccc2c(c1C(=O)O)CCCC2,0
Cc1cccc(F)c1NC(=O)[C@@H]1CCN(c2ccc(C#N)cc2F)C1,0
C=C[C@H](O)C(=O)NCCS(=O)(=O)Cc1ccccc1,0
CC#CCC1C(NC=N)C12CC(=NO)CO2,0
C=CCCC(=O)N1CCC[C@H]2[C@H]1C(C)(C)[C@H]2NC(=O)CC1CC1,0
CNC(Cl)c1ccccc1,0
Cc1cc(N)ccc1S(C)(=O)=O,0
C[C@H](C(=O)N1CCCC[C@H]1C1CCN(C(=O)C#CC2CC2)CC1)N(C)C(=O)OC(C)(C)C,0
Cc1cc(C2CC(C)C(O)C2C(O)C#N)n[nH]1,0
C[C@H](OCc1ccc(F)cc1)C(=O)Nc1ncc(C(O)(C(F)(F)F)C(F)(F)F)s1,0
CC1C=C2CC(C=CC1)C1CC2OC(=N)N1,0
CCN=c1ncsc(F)c1CNC(C)CCO,0
CC(C#N)CCC(C)(NC=N)c1ccc(O)[nH]1,0
COc1ccc(C)cc1-c1cccc(C(CC(=O)O)c2nccs2)c1,0
CC(C)Cn1nc(C#N)c2cc(Oc3ccc(NC(=O)[C@@H]4CCCN4)cc3)ccc21,0
NCCCN1CCN(CCCc2ccccc2)CC1,0
CC(C)CC1CCC(C(C)(CO)CCC#N)O1,0
COc1ncc(-c2cc3c(c(OCCN4CCC(C(C)(C)O)CC4)n2)COC3)cc1NS(C)(=O)=O,0
CCC1=CC(N)CC(O)(C(C)C)C2C1N2C,0
C[C@@H]1CN(C(=O)C#CC2CC2)C[C@H]1NC(=O)Cn1ccc(C(F)F)n1,0
CN(C)C(=O)n1nnnc1Cc1ccc(-c2ccc(O)cc2)cc1,0
CC(CC(C#N)(CN)CN)OC1CN=C(N)O1,0
Cc1ccc(C=NNc2ccc(C)c(Cl)c2)o1,0
N#CCC(=O)NC1CCN(C2CCN(C(=O)C3CCC4(CC3)OCCO4)CC2)CC1,0
COc1ccc2[nH]c(=O)[nH]c2c1,0
Cc1cc(C)c2nccc(C)c2c1,0
CCN1CCC(C2CCCC(C)C2(C)O)C1C,0
N#Cc1ccc(N2CCN(Cc3cc4c(cc3Br)OCCCO4)CC2)cc1,0
Cc1ccc(C)c(C)c1C,0
CC(CO)C(C)C(=O)N1C=NC(C)(C=O)C1C,0
CSc1ncc(C#N)c(-c2cccc(F)c2O)n1,0
CC(C)OC(=O)Nc1ccccc1,0
CCOc1ccc(C(=O)Nc2cc(C)on2)cc1,0
CC1(C/C=C/c2ccccc2)C(=O)C(C2=NS(=O)(=O)c3cc(NS(C)(=O)=O)ccc3N2)=C(O)c2ccccc21,0
Cc1ccc(C(=O)O)o1,0
COC(=O)c1cc(O)cc(OC)c1,0
C=CCO[C@H](C)C(=O)Nc1cc([C@H]2CCCCN2C(=O)c2[nH]cnc2-c2cccnc2)[nH]n1,0
CCC(=O)c1c2c(nc3ccccc13)-c1cc3c(c(=O)n1C2)COC(=O)[C@]3(O)CC,0
CC(=O)Oc1cc(C(C)C)c(OCCN(C)C)cc1C,0
C=CCn1c(COc2ccccc2-c2ccccc2)nnc1N1C[C@H](C)O[C@]2(CCOC2)C1,0
CC(CN)c1ccccc1,0
CC1(CO)C(C(=O)O)C(C#N)OC(=O)N1C=O,0
CCc1c(C)[nH]c(=O)c(N(C)C(C)COC)c1Cc1cc(C)cc(C)c1,0
C#Cc1ccc(C(=O)N2CC(NC(=O)[C@@H]3CCCNC3=O)C2)cc1,0
COC[C@@]1(C(=O)Nc2cc(F)cc(C#N)c2)CCCCN1,0
C[C@H]1C(=O)N(Cc2ccccc2)C(=O)N2CCC[C@@H](N[C@@H](Cc3c[nH]c4ccccc34)C(=O)OC(C)(C)C)C12,0
CNCc1cccc(C(F)(F)F)c1,0
COCCN(CCNC(=O)c1nocc1C)c1cccc(F)c1C#N,0
CCNCC(C)(N)Cc1ncc(=N)on1,0
Nc1n[nH]cc1-c1cc(C(F)(F)F)ccc1Oc1cc(F)c(S(=O)(=O)Nc2cscn2)cc1Cl,0
Cc1nc2cc(-n3ncc(C(=O)c4cc5ccc(OCCN6CCOCC6)cc5[nH]4)c3N)ccc2[nH]1,0
CCC1(S(=O)(=O)C(C)(C)C)C(CO)N1CC=O,0
N#Cc1c[nH]c(C(=O)N2C[C@H]3CC[C@H]2CN3C(=O)[C@H]2CC2(F)F)c1,0
N#Cc1ccc(N[C@H]2C[C@@H](NC(=O)[C@@H]3Cc4ccncc4C3)C2)cn1,0
CC(C)C1C2CC(CN=C(N)N)C1C(=O)CN2,0
CC1(C)N(C=O)CCCNCC12CCC(=N)O2,0
CCC1C(C(O)C(C)(N)CC)CN=C(N)N1C,0
CC(C)(Cc1nc2cc(OCc3ccc4ccccc4n3)ccc2n1Cc1ccc2nonc2c1)C(=O)O,0
CSCCC(NC(=O)c1ccc(Cl)cc1)C(=O)OCC(=O)Nc1ccc(C#N)cc1,0
CC1CCC2NC(C#N)C3(O)C(O)CCC23C1,0
CNC(C)c1cccc(O)c1,0
CCSc1nc2ccccc2[nH]1,0
C#CCN(Cc1ccc(Br)c(C(=O)OC)c1)[C@@H]1CCc2ccccc21,0
COc1cc(OC)cc(-c2cc3cnc(NCCCCOc4ccccc4)cc3nc2NC(=O)NC(C)(C)C)c1,0
O=C(CSC(=S)N1CCN(c2ccccc2)CC1)Nc1cccc(NC(=O)c2ccccn2)c1,0
CSC(=Nc1ccc(Cl)cc1)NS(=O)(=O)c1cccs1,0
COc1cc(-c2nc(-c3ccccc3)c(-c3cccs3)[nH]2)ccc1O,0
CC1=NC(C)C(O)C(CC(N)C(O)CN)CO1,0
C#CC1CNC(C=O)c2c(sc(N)c2CC)C1,0
C=CCn1c(=O)c2ccccc2n2c(=S)n(CN3CCOC[C@H](C)C3)nc12,0
C=C(C(=O)N1CC[C@H](CNC(=O)/C(C)=C/CC)[C@H]1c1cccnc1)C(F)(F)F,0
[C-]#[N+][C@H]1C[C@@H](C(=O)N2CC(C)(C)C2)CC[C@@H]1n1cc(C(N)=O)c(Nc2ccc(Cl)cc2)n1,0
N#Cc1ccc(N2CCC(NCCC(O)c3ccc(F)c4ccccc34)CC2)c(Cl)c1,0
C=C[C@H](CO)NCC(=O)Nc1cc(S(=O)(=O)N2CCCCC2)ccc1OC,0
C=CCCn1cc(C(=O)N2C[C@H]3CCN(C[C@H]4CCOC4)C[C@H]3C2)nn1,0
CC1CC(=O)C(C)N(C)CCC(C=O)C(=O)N1,0
N#Cc1ccc(NC(=O)C(=O)N[C@@H]2CCCOCC2)cc1,0
CN(C)CCNC(=O)c1cccc2cc3ccccc3nc12,0
C=CCN1C(=O)c2ccccc2N[C@@H]1c1ccc(OC)c(OC)c1,0
CCC12CN(C)C(=O)C(=O)CC(CN=CO1)O2,0
CC(C)(O)CNC(=O)c1ncccc1NC(=O)c1nc(C(C)(C)C)ncc1Nc1cncnc1,0
OC(O)(O)OCc1ccccc1,0
N#Cc1cccc(NC(=O)C(=O)N2C[C@@H]3CCCC[C@@H]32)c1,0
CC1CCC(=O)OC2C=CCC(C)(C)C12C,0
C=C[C@@H](CC)CC(=O)NC[C@H]1CCCN(c2ccccc2)C1,0
CC1N=C(C(C=O)CCCO)N(CC=O)C1C,0
C[C@H](NC(=O)C(=O)Nc1cccc(CC#N)c1)[C@@H](c1ccccc1)N(C)C,0
C#CC12CCC(CC(CCO)C1CO)CC2C,0
CCOC(=O)c1ccc(C#N)c(S[C@H](C(=O)N2CCOCC2)C(C)C)n1,0
CC(N)c1cccnc1,0
N#Cc1c(F)cccc1N1CCN(CCCCc2c[nH]c3ccc(C(N)=O)cc23)CC1,0
C#CC12CC3(CNCCN3)C(O)(CO1)C2(C)O,0
CCCCCCCCOC(C)=O,0
OCNc1ccccc1,0
COC(=O)c1ccccc1,0
CC(=O)OC1CN2CCN=COC1C(N)C2,0
CCOCC1(CCO)C2CCC1(C)C(C)(O)C2,0
Cc1c(C(C)c2c(F)cccc2F)nc(N2CCC(C)CC2)[nH]c1=O,0
CCN1CCCCC1,0
COc1cc2sc(C(=O)C[C@H](C)C(=O)O)cc2c2nc(C)oc12,0
CCCNCCCc1ccccc1,0
COc1ccc(N=C(O)N2CC[C@H](N3CC=CC3)C2)cc1N1CCCC1=O,0
C=CCOC(=O)CCCCC,0
CC1(N)C(=O)NC2C(O)C1NCC21OCCO1,0
CCCC1(C)OC2CC(O)(CO2)C2(C)OC12,0
CCOC(=O)CSc1nc2ccc(N3CCOCC3)cc2c(=O)n1Cc1ccccc1,0
CC1C2CC(O)(CC(O)CN2)C2OCCOC12,0
CCOC[C@@H]1C(=O)N(CC)CC12CCN(c1ccc3[nH]c(C#N)cc3n1)CC2,0
CSc1ccc(C(=O)C(=O)O)cc1,0
COC(CO)C(O)c1ccccc1,0
Oc1ccccc1-c1cc(-c2cccc(F)c2)nc2c1Cc1c(O)cccc1-2,0
C=CC(C)(C)C(=O)N1C[C@@H]2[C@@H](CNC(=O)c3ccccc3F)[C@@H]2C1,0
CNC(=O)[C@@]12C[C@@H]1[C@@H](n1cnc3c(NCc4cc(Cl)ccc4OC)nc(Cl)nc31)[C@H](O)[C@@H]2O,0
CN1CC2(C)CC=CCN2C(=O)C1CN,0
CC(N)C1CC(C)C(C)C2(C(=N)N)OCOC12,0
C=CCC1(NC(=O)CCN2C(=O)C(C)=C(C)C2=O)CCOCC1,0
CCNC1(C(N)=O)C(C)CCC1C(O)C(C)C,0
C/C(=C\c1cc(C)ccc1/C=C(\C)C(=O)NC(=N)N)C(=O)N=C(N)N,0
O=[N+]([O-])c1cccc(-c2ccc(C(=S)N3CCOCC3)o2)c1,0
C=C(C)CN(Cc1ccc(CO)o1)[C@@H]1CCc2ccccc2NC1=O,0
CCCCc1ccc(C(=O)O)cc1,0
Cc1n[nH]c(=O)c2ccccc12,0
CC1C(=O)CC2OC(=O)C(Cc3ccnn31)O2,0
C=CCCC[C@H](C)NC(=O)N1CCC[C@@H](C(=O)NC2CC2)C1,0
C=CCSCCNC(=O)N1CC(=O)N[C@H]2CCCC[C@@H]21,0
Cc1cnc(Nc2cc(N3C[C@@H](C)N[C@@H](C)C3)cc(S(C)(=O)=O)c2)nc1Nc1cccc(CO)c1,0
C=C[C@@H]1OCC[C@H]1C(=O)NC[C@@H]1COCCN1C(=O)CCn1ccnc1,0
CCCCCCCC(=O)N(C)C,0
Oc1ccc(O)nc1,0
CC1CC(C)(C)C(C)OCCCCCOCO1,0
COc1cc(Cl)nc2ccccc12,0
NCCc1cccc(O)c1,0
CCCC(CNCC)C1(N)COc2oncc21,0
CCC(NC(N)=O)(C(N)=O)C1CC(C=O)CO1,0
CCC1(Cn2c(C3CCC3)nnc2N(C)C[C@@H](C)C#N)CCC1,0
CS(=O)(=O)N1CCC[C@H](Nc2nc(N)ncc2-c2cnc3[nH]ccc3n2)C1,0
CCCCC1(CCCC)N[C@H](c2nc(-c3ccccc3)c[nH]2)Cc2c1[nH]c1ccccc21,0
COC(=O)c1cc2ccccc2s1,0
N#Cc1cc(NC(=O)N2CCN(c3ccccn3)CC2)ccn1,0
Cc1ccc2c(=O)cc(C)oc2c1,0
CCC12CC(CC(C(N)CO)C1C)NC2CN,0
N#Cc1ccc(NCC(=O)N[C@@H]2CCN(c3ccc(Cl)c(Cl)c3)C2=O)nc1,0
Oc1ccc(CCNc2nc(SCCCc3ccc(Cl)cc3)nc(N3CCNCC3)n2)cc1,0
CCC(=O)Cc1ccc(OC)cc1,0
CC(C)C(=O)C=Cc1ccccc1,0
N#CCCN1CCC23CCCC[C@H]2[C@H]1Cc1cc(O)ccc13,0
C=CCOc1ccc(C(=O)N(C)Cc2nncn2C(C)C)cc1OC,0
O=C(Nc1ccccc1C(=O)O)c1ccc(-c2cccnc2)c(Oc2ccccc2)c1,0
C=C[C@@H](CCC)Oc1ccc(CCNc2ncc(C(N)=O)c(NCc3ccccc3)n2)cc1Cl,0
CCOC(=O)c1ccc(O)cc1O,0
CNCCCCCCCCNC,0
CC(C)(C)[C@H](NC(=O)[C@H](CCCCOc1ccc(Cl)cc1)CC(=O)NO)C(=O)NCCN1CCCC1,0
Cc1noc2cc3c(nc12)NC(CN)CC3N,0
NCC(O)C(O)c1ccccc1,0
COc1ccc2c(c1)C(=O)C(=O)N2,0
COC(=O)c1ccc(Nc2nc(Nc3cc(C)[nH]n3)cc(N3CCNCC3)n2)cc1,0
Nc1nc(-c2ccccc2)nc2c1nnn2Cc1ccccc1,0
Cc1nsc(N2CCN([C@@H](C)C(=O)N3CCC[C@H]3c3cccs3)CC2)c1C#N,0
Cc1c[nH]c2c(N)c(=NC3CC3)[nH]cc12,0
CC#CC1=CC2(C=O)NC(=O)CC(C1)C2C,0
CC1COC2(C=C(CO)C3OC=NC32)O1,0
CCS(=O)(=O)n1ncnc1C1CN1C(=O)C=O,0
C#CC(C(C)N)(C1CN=CN1)C1OC1CO,0
CC(=O)NCCc1ccc(O)cc1,0
CCn1c(-c2nonc2N)nc2cncc(C(=O)N3CCC(N)C3)c21,0
CC1COC(C#N)(CO)C2(N)C3C=CCC132,0
O=C(NCc1ccc(-c2cc(NC(=O)c3ccc(OCCN4CCOCC4)cc3)[nH]n2)cc1)Nc1ccccc1,0
CCC(=O)C(O)S(=O)(=O)c1[nH]ncc1NC,0
COc1ccccc1Nc1nc(-c2sc(NC(=O)c3ccc([N+](=O)[O-])cc3)nc2C)cs1,0
C=CCOC[C@H](NC(=O)C[C@@H](C)c1ccccc1)C(=O)OC,0
C#CCO[C@H](C)C(=O)N1CCC(O)(CNc2nc(C)ncc2C)CC1,0
C#CCOc1ccc([C@H](C)OC(=O)c2nccc3ccccc23)cc1,0
CCOc1cccc([C@@H]2C3=C(C[C@H](C)CC3=O)Nc3nc(C)nn32)c1,0
C#CCC1(N)CN(C)C(C)C1CNCC(=O)O,0
O=C(Nc1cccc(Cl)c1)Nc1cccc(-c2ccc3c(=O)[nH]cnc3c2)c1,0
N#CCOc1cccc(CNC(=O)c2ccccc2Cn2cccn2)c1,0
CCNCC(=O)CCCC1COc2c[nH]nc21,0
CS(=O)(=O)c1ccc(C(=O)Oc2ccc(Oc3ccc(C#N)cc3)cc2)cc1[N+](=O)[O-],0
C#CCOCCC(=O)NC[C@@H]1CCCCN1C(=O)CNC(=O)OC,0
COC(=O)c1cccc(COC(=O)CN2C(=O)NC3(CCCCC3)C2=O)c1C#N,0
C#CC12C(=O)NC(CC1C)C1CCCC(=N)N12,0
CCC1OCOC(C)(CN)C(C)NC1COC,0
COC(=O)CCc1ccc(O)cc1,0
OCc1ccc(O)cn1,0
C#CCOCCc1nc(Cc2ccc(OC)c(OC(F)F)c2)no1,0
CC12CC3CNC(CNC1C(N)(C#N)C2)C3,0
CN(Cc1ccccc1)[C@H](CNS(=O)(=O)c1ccc(Cl)cc1C#N)C1CC1,0
C#Cc1ccc(C(=O)N2C[C@H]3CN(C(=O)Cc4ccoc4)C[C@H]3C2)cn1,0
CC(=O)OC1(C)CC12C=C(CS(N)(=O)=O)CC2,0
CCC(=N)N(CC(O)(CC)CCCN)C(N)=O,0
CCCc1ccc(-c2csc(NC(=O)C3=COCCO3)n2)cc1,0
COc1ccc2c(c1)CC[C@@H](NC(=O)C(=O)NCCNc1ncccc1C#N)C2,0
CCOC(=O)C1=C(CN2CCOCC2)NC(c2nccs2)=NC1c1ccc(F)cc1Br,0
CC(NC=N)C1C(=O)C2(O)CC(=O)CNC1C2,0
CC1OC(CC(C=O)CCO)=NC1(C)CCO,0
CN[C@@H](CC(=O)N1CCCC12CN(C(=O)c1ccc(C#N)nc1C(F)(F)F)C2)C(=O)O,0
CC1(C)NC(C)(C)C(c2nc3c(C(N)=O)cccc3[nH]2)=C1Br,0
c1ccc2ccccc2c1,0
CCC1(N(C)C)CC1(NC(C)C)C(C)CO,0
CC(=O)Nc1ccc(N(CC(O)Cn2c3ccccc3c3ccccc32)S(=O)(=O)c2ccc(C)cc2)cc1,0
CCC1C2CC23CC2NC=NC2C3C1(C)C,0
C#CCN1CC2(C[C@@H](NC(=O)c3ccc(F)c4ccncc34)CO2)C1,0
CC(C)[C@H](C)CC(=O)N1CC[C@H](NCc2ccc(C#N)cc2)[C@@H]1C,0
N=C(N)COc1cccc(CN2C(=O)[C@@H]3CC=CC(NC(=O)c4ccc(Cl)s4)[C@@H]3C2=O)c1,0
CCC1=CC2OCC23C=CCC=C(C)C3C1,0
CC1=CC(=N)N2C3CC=CC=C(CN)C132,0
CC12CNC(CC3(N)CC(=O)NC3C1)C2(C)N,0
CCOc1cc2c(cc1C(=O)/C=C/c1ccc(OC)c(O)c1)OCS2,0
COC[C@H](NC(=O)C(=O)Nc1cccc(C#N)c1)C(C)C,0
COCCN(C(=O)c1csnn1)C(C(=O)NC1CCCCC1)c1ccccc1F,0
COc1c(F)cc(F)cc1NC(=O)CCC/N=C1/NS(=O)(=O)c2ccccc21,0
CCC1(N)C2CC(N)C(O)(C2CC(N)=O)C1C,0
CC1(N)COC(N)=NC2CC(O)c3n[nH]c1c32,0
CCC(C=O)C1(C#N)CCC(=O)C(C)(O)C1,0
CCCCCCCC(=O)Cl,0
Cc1cccnc1CN1CCC2(CC1)C(=O)N(c1ccc(-c3ccccc3)cc1)C(=O)N2c1nccc(O)n1,0
CCCC1CNCC(O)(C#N)c2ccc(C)n21,0
Nc1ccccc1CC(O)O,0
C=CCCN1CC[C@H](C)[C@H](NC(=O)c2ccc(F)cc2F)C1,0
O=C(N[C@H]1CC[C@H](O)CC1)c1cnn2ccc(N3CCC[C@@H]3c3cccc(F)c3)nc12,0
COC(C)=O,0
CC(C)N1CCN(C2CCN(c3nnc(-c4cccc(C#N)c4)n3CCC(C)(C)O)CC2)CC1,0
Cc1cc(C)c2ccccc2c1,0
O=C(NC1=NC2CCc3ccccc3C2C1)[C@H]1CC[C@H](CNS(=O)(=O)c2ccccc2)CC1,0
CC1CC2CN(C)C(=O)C(C)(N1)C2N1CC1,0
CC1(NC2CC3CS(=O)(=O)C3C2)CCC(=O)C1,0
CC(CO)C12CC1C1(O)CC2NC1C=O,0
CCCC1(CCC)C[C@@H](NC(=O)Nc2ccc3c(c2)N(C)C(=O)CC3)c2cc(F)ccc2O1,0
FCCOCCOCCOc1ccc(C#Cc2ccc3c(c2)CCN3)cc1,0
CNC(=O)Nc1ccc(Cl)c(Cl)c1,0
COc1ccc(CNC(N)=O)cc1,0
NC(COc1cncc(-c2ccc3cnccc3c2)c1)Cc1c[nH]c2ccccc12,0
CC1(C)CNCCc2c1oc1c2COC1(C)C,0
N#CCN1CCC[C@@H]([C@H]2CCCCN2C(=O)c2cc[nH]n2)C1,0
CC1OC(=O)C(O)COC(=N)c2cc1[nH]c2O,0
C#CC1=NC(C(N)C2CCCOC(C)=N2)CN1,0
C#C[C@@H](NC(=O)NCCc1sccc1C)[C@H]1CCCO1,0
CC1(NC(=O)c2ccccc2O)CCN(Cc2cccc(C#N)c2)CC1,0
CC(/C=C/C(=O)NO)=C\[C@@H](C)C(=O)c1ccc(N(C)C)cc1,0
CC1CN=C(CC(N)=O)NS(=O)(=O)CC1(C)O,0
CCCC[C@@H](NC(=O)Nc1cccc(C#N)c1)c1cccc(C(=O)Nc2nc3c(s2)CN(C)CC3)c1,0
CCCCCCSc1nsnc1C1=CCCN(C)C1,0
Cc1onc(-c2ccccc2)c1COc1cc(C(F)(F)F)c(C(=O)NC2CCOCC2)cn1,0
Cc1cc(O)c(CN)c([N+](=O)[O-])c1N=C(N)N,0
CC1=NC(CC(=N)N)C2CC(O)CC2CN1C,0
CN(C)C1CCN(c2nc(Nc3ncc4c5ccncc5n(C5CCCC5)c4n3)ns2)CC1,0
CCC(C)CCC1(OC=O)CCCCC(N)C1,0
CC1OC2C(N)C3(N)C(CN)C34CCC1C24,0
C#CCC1(C(=O)NC[C@H]2CN(C(=O)C3(CCF)CC3)C[C@H]2C)CCC1,0
Cc1ccc(S(=O)(=O)n2cc(CN3CC4(CCCCN4)C3)c3cc(C#N)ccc32)cc1,0
C#CC(CO)(CC#N)C(=O)C(C)OCC(=O)O,0
OC(O)Cc1ccccc1,0
CCCCC(=O)N(C)C,0
O=C(O)C(O)c1ccccc1,0
CC12CC(CNC(CCO)C1)CC2C(=O)O,0
CN(C)CCCc1cccnc1,0
Cc1n[nH]c(CC2NC(C)C3CC2(O)CO3)n1,0
COC(=O)CCN1CCCCC1,0
N=C(N)NC(=O)c1nc(-c2cccs2)c(N)nc1N,0
COc1ccc(Oc2cccc(Cl)c2CNC(=O)CCCC(=O)O)cc1,0
Cc1ccccc1O,0
CC(C)c1nnc(SCC(=O)Nc2c(C#N)cnn2-c2ccccc2)n1C,0
C#CC[C@H](NC(=O)OC(C)(C)C)C(=O)Nc1cc([C@H]2CCCCN2C(=O)[C@@H]2CCC(F)(F)C2)[nH]n1,0
C[C@H](C(=O)NCCN(C)C1CC1)c1cccc(C#N)c1,0
CCC12COC34OCCOC3CC1C24CC,0
Cc1oc(-c2ccccc2)nc1CCOc1ccc(CC2(C(=O)O)CCCO2)cn1,0
Cc1ccc(CNC2CC2)cc1,0
CC(=O)Nc1ccc2c(c1)CCC2,0
OCCN1CC1,0
C=CCN(Cc1cccs1)C(=O)C(=O)N1CCC[C@H](C(=O)NCCN)C1,0
Cc1scc(C23CCNCC2OCC3=O)c1N,0
O=C(O)CCC(=O)O,0
CC1C2N=CNC3CN(C(N)=O)C(C3=O)C12,0
CS(=O)(=O)c1ccc(S(=O)(=O)N[C@H]2CC[C@H](C#N)CC2)cc1,0
CC1COC(C)C(CC#N)C(C(C)(C)N)C1C,0
CC1C2NCC=C2C(CO)(C2CO2)CN1C,0
CCOC(=O)C=Cc1ccccc1,0
C=CC[C@@H](C)C(=O)N[C@@H](Cc1ccc2ccccc2c1)C(=O)OC,0
CC(O)(CO)c1ccccc1,0
C/N=C(/NC[C@@H]1[C@H]2Cc3ccccc3[C@H]12)N1CCC(OC[C@@H]2CCCCO2)CC1,0
Cc1cc(OCc2c(-c3c(Cl)c[n+]([O-])cc3Cl)noc2C(C)C)ccc1-c1ccc2c(C(=O)O)cn(C)c2c1,0
CC(C)(C)NCC(N)c1cccc(N)c(=N)c1,0
C[C@]12CC[C@@H](O)C[C@H]1CC[C@@H]1[C@@H]2CC[C@]23C(=O)C=CC[C@H]2CC[C@@H]13,0
C#CCN1C[C@@]2(CCN(C(=O)c3ccc(CC(=C)C)cc3)C2)OCC1=O,0
CC(C)CCOc1ccc(O)cc1,0
CN1C(C#N)=NCC2CNCC(O)C1C2=O,0
N#Cc1ccc(SCCC2CC2)cc1,0
CC(=O)N[C@@H](C)c1ccc(OC2CCN(c3ccc(OCC4CC4)cc3F)C2)cc1,0
CCCCCCCCCOC(C)=O,0
N#Cc1ccc(C(Oc2ccccc2S(N)(=O)=O)c2ccc(C#N)cc2)cc1,0
C=C(C)C(C)(C)C(=O)N[C@@H]1CCN(c2nc(C)cc(OC)n2)[C@H](C)C1,0
Cc1nccc(-c2ccncc2)n1,0
CCCCC(=O)c1ccc(F)cc1,0
C#CC1(C)NC(C)Cc2c(CO)nc(=O)[nH]c21,0
Cc1cc(NCCCN(C)C)c2ccc3c(ccc4c(NCCCN(C)C)cc(C)nc43)c2n1,0
Cc1c2cc(Cl)ccc2n2cc(Cc3ccccc3)[nH]c(=O)c12,0
CCC1CC(C2CO2)NC2C(=N1)NCS2(=O)=O,0
CCOC(=O)Cc1ccc([N+](=O)[O-])c(O[C@H](C)[C@H](C)S)c1[N+](=O)[O-],0
C=CCOCC(=O)N(C1CC1)[C@H]1CC(=O)NC1=O,0
CNC(C)c1ccccc1,0
CC(C)C12COC(C(=O)CO)C1NC(=O)N2C,0
C=C(C)C[C@@H](C)C(=O)N[C@@H]1CCCC[C@H]1NC(=O)c1ccc(C)nc1,0
ON(O)Cc1ccccc1,0
C=CCC[C@H](C)NCCCNC(=O)[C@@H](C)n1cncn1,0
Nc1ccc(C(=O)O)cc1N,0
CC1(C)C[C@H]2C[C@@](C)(CN2CC#CC[C@@](O)(c2ccccc2)c2ccccc2Br)C1,0
C#CC1(C)OC(=O)C(OCC(=O)O)C1CC,0
C=CCCCC(=O)N[C@@H](C)C[C@@H](C)NC(=O)c1ccc(F)cc1F,0
C=C(C)CN1C[C@@H]2CCN(C(=O)[C@H]3CC(=O)N(C(C)(C)C)C3)[C@@H]2C1,0
CCCn1c(=O)c2[nH]c(-c3cnn(Cc4ccccc4)c3)nc2n(CCC)c1=O,0
CC(=O)C(C)(C)OC=NCC1NC(=O)OC1=N,0
CN(C)C(=O)Oc1ccccc1Cl,0
CC(C#N)C(C(C)(C)N)C1(O)COCOC1C,0
CC1=Cc2cncc(n2)Oc2ccnc(n2)N1,0
CN(C(=O)COC(=O)CCN1CCN(C(=O)[C@@H]2CCCO2)CC1)C(C)(C)C#N,0
CCC12CC3C=CCOC3C(O)C(=O)C1N2,0
Oc1cccnc1O,0
C=CCCO[C@H](C)C(=O)NCC[C@@H]1CCN(C(=O)c2ccnnc2)C1,0
O=C(NC1CC1)c1ccccc1NCC1=NCCN1,0
CC(Oc1ccccc1-c1ccccc1)C1=NCCN1,0
CCN(CCc1ccccn1)[C@H](C)C(=O)N(CCC#N)c1ccccc1OC,0
COCCNC(=O)c1c(O)c2ncc(Cc3ccc(F)cc3)cc2n(CC(=O)NC2CC2)c1=O,0
Cn1c(=O)n(CCC(C)(C)O)c2cc(Nc3nc(-n4cccn4)ncc3Cl)ccc21,0
CCC(=O)Nc1ccc(F)c(Cl)c1,0
Cc1noc2c1C(O)C(CC=O)CC2=NO,0
COC(=O)Cn1c(=O)n(C2CCN(CCC(Oc3cc(OC)ccc3C)C(C)C)CC2)c2ccccc21,0
CCCCc1ccc(C(N)=O)nc1,0
CCCC1(C)OC(CC)(CCO)OC1(C)CC,0
O=C(CCc1ccc2cc(O)ccc2c1)NC1=C(C(=O)O)CC(c2ccccc2)CC1,0
CNC(=O)[C@H](Cc1c[nH]cn1)NC(=O)CN(CCCc1ccccc1)CC(=O)O,0
Nc1ncnc(C#Cc2ccc(N3CCOCC3)nc2)c1CCCc1ccccc1Cl,0
O=C(O)c1ccccc1NN=Cc1nccn1C1CC1,0
O=C(NCc1ccccc1)O[C@H]1CO[C@H]2[C@@H]1OC[C@H]2OCc1ccccc1,0
O=C(NCC(F)(F)F)[C@H]1CC[C@H](c2nnn3cnc4[nH]ccc4c23)CC1,0
C#CC1(C#N)CCOCc2c(N)[nH]c(C)c2N1,0
C#CCC1C2OCOC2C(O)C1(C)NCCN,0
Cc1cccc(NC(=O)Nc2ccc(-c3csc4c(-c5cnn(CCO)c5)cnc(N)c34)cc2F)c1,0
CNCc1cccc(O)c1,0
C#CCOC(=O)c1cc(-c2ccccc2)cc(Cl)c1O,0
CN(C)CCCOc1ccccc1,0
CC(=NO)C1CC2(C)OC(C=C2C#N)CN1,0
CCS(=O)(=O)C1CC=C(C)C2NC=NCC2O1,0
COc1ccc(-c2cc3c(ccc4c5c([nH]c43)CCNC5=O)cn2)cc1F,0
Cc1ccc(C(C)(C)C)c(O)c1,0
CONC(=O)c1ccccc1OC,0
COc1ccc(CSc2nc(C(C#N)c3c(Cl)cccc3Cl)c(C)c(=O)[nH]2)cc1,0
Cc1sc2nc(CN3CCCCC3)nc(N3CCN(C(=O)c4ccco4)CC3)c2c1C,0
CSc1cccc(NCC(=O)O)c1,0
CC(CNCC#N)c1c(O)ccc(=O)n1C=O,0
CNCC(O)(O)c1ccccc1,0
Cc1ccccc1C[C@@H](C)NC(=O)COC(=O)c1ccc(C(F)(F)F)cc1C#N,0
CCC1(CC(O)CC#N)CC(CN)C(NC)=N1,0
CC(=O)OCCN(C)C,0
COC(=O)c1cc(Br)cc(NC(=S)Nc2ccc(C#N)c(C(F)(F)F)c2)c1C,0
O=C(/C=N/O[C@@H]1CCCCO1)N1CCCC[C@H]1c1cc(NC(=O)C2(c3ccc(O)cc3)CC2)n[nH]1,0
CC(N)C(C)c1ccccc1,0
Nc1cnccn1,0
NC(=O)C(O)Cc1ccccc1,0
CC1=CC2NC1c1c2oc([N+](=O)[O-])c1C=O,0
Cc1ccc(NC(=O)N(CCCN2[C@@H]3CC[C@H]2C[C@@H](n2c(C)nnc2C(C)C)C3)c2ccccc2)cc1,0
Cc1ccccc1C(=O)Nc1nc2nc(-c3ccccc3)cc(O)n2n1,0
NCC(=O)c1ccccc1,0
CC(C=O)c1c(N)c2[nH]c(=O)oc2n1CCO,0
CCCCCCCOC(C)=O,0
NCC(=O)NCCC(=O)O,0
CCN1CC2CCCOC2(C)C(=NO)C1C,0
CCCCCCCC(=O)OC,0
N#Cc1c(Cl)cccc1Oc1ccc(S(=O)(=O)N2CCC(CN3CCC(c4c[nH]c5ccccc45)CC3)CC2)cc1,0
Cc1nnc(Nc2ccccc2)s1,0
COc1nnc2ccc(N3CCC(c4ccc(N5CCC(N6CCN(C)C(=O)[C@H]6C)CC5)cc4)CC3)nn12,0
CC1CC(C2C3NC(C)C4(CO4)C32)C1,0
C[C@@H]1[C@H](NC(=O)c2cnc(O)n2C)CCCN1c1ccnc(C#N)n1,0
COc1cccc2c1OCC(C(=O)N1CCC[C@H]1c1ncc(-c3ccc(Cl)cc3)[nH]1)=C2,0
CC1CC2CC(OC(=O)C2N(C=O)C=O)C1C,0
C[C@@H]1C[C@@H](N=c2cc[nH]cc2C#N)CN1C(=O)c1ccc2nn[nH]c2c1,0
C#CCN[C@@H]1CC[C@@H]2CN(C(=O)c3ccc(OC)cc3)C[C@H]21,0
CCOCCOCCOCC,0
CCN1C(=O)CC(C)(C)c2cc(C)c(-c3ccc(/C=C/C(=O)O)s3)cc21,0
CCCC(=O)NCCCCN,0
COc1ccc(C(=O)/C=C/c2cccnc2)cc1,0
CCC1=NC2C(NC(C)C(=O)O)CC(N)C2N1,0
C=CC[C@@H](C)OCc1cc(C)ccc1C,0
CC1CNC2(C)C(C)(C)OC(CN)C2(C)C1C,0
Cc1ncc(-c2ccccc2NCC2=NCCN2)o1,0
CC1=C(O)c2occ3c2N(CCO3)S1(=O)=O,0
CCCCCCCCC(=O)O,0
N=c1nc(Br)nc2cc(CCCC=O)onc1-2,0
C=C(C)CCC(=O)N1CC(O)(CNC(=O)c2ncoc2C2CC2)C1,0
CC1C(=O)NC12C(=O)NC(C)(C)C(N)C2O,0
C#CC1(C#N)C2C3OC(CC=C3C)C2N1C,0
CC(C)(C)C1(O)CCN(C(=O)c2ccc(NS(=O)(=O)c3cccc4cccnc34)cc2)CC1,0
Cc1ccc([C@@](C)(O)[C@H]2CCCC3=Cc4c(-c5ccc(F)cc5)ncn4C[C@@]32C)s1,0
Oc1ccccc1COC(O)(O)O,0
COC(O)Nc1ccccc1,0
C=CCOCCCC(=O)N1CCC(N2CCC(NC(=O)[C@H]3COc4ccccc4O3)CC2)CC1,0
CCCNc1ccc(C#N)cc1NC(=O)[C@H](CCC)OCC,0
CC1(C)C(=N)N(C(C=O)CO)CC1(C#N)CO,0
c1ccc(CCN[C@H]2CC[C@@H](Nc3cccc4cnccc34)CC2)cc1,0
C#CC(O)c1[nH]ccc1C(O)(CC)CN(C)C,0
CC1CCN(CCCN)CC1,0
Cc1ccccc1N1CCNCC1,0
C=C(C)[C@@H](NC(=O)C(=O)Nc1sc2c(c1C(=O)OC)CCCC2)c1ccc(F)c(F)c1,0
CCCC(=O)OCCC(C)C,0
CO[C@H](C)Cn1c(-c2cccc(C#N)c2)nnc1N1CCN(CC(C)C)C(=O)[C@@H]1C,0
CC(C)c1ccc(N2C(=O)CC(Sc3nc[nH]n3)C2=O)cc1,0
C#CC(N)CNCC1OC2C(C)C=CC12,0
Cc1ccc2c(c1)C(=O)C(=O)N2C,0
Cc1cc(O)cc(C)c1C[C@H](N)C(=O)N1Cc2ccccc2C[C@H]1C(=O)O,0
NC(=O)NC(=O)[C@@H]1CCCN1C(=O)[C@H](CC1CCCC1)CN(O)C=O,0
Cc1ccccc1-c1cccc(C=NN[C@@H]2CCC[C@H]2O)c1,0
CC1CC(=O)C(=N)OC12CC=CCOC2=N,0
C[C@@H](NC[C@H](C)N(C)C(=O)C#CC(C)(C)C)c1nncn1C,0
c1ccc(CNC2CC2)cc1,0
CNC(=O)C=Cc1ccccc1,0
CCN(CC)C(=O)c1ccc(C(=C2CC3CCC(C2)N3C)c2cccc(OC)c2)cc1,0
Cc1ncc(C=O)c2cc(N)[nH]c(=N)c2c1=O,0
OC(O)Oc1ccc(Cl)cc1,0
CC1N(CCN)CCC12OC1CC2N2CC12,0
C#CCCN1CC2OC=NCC(O)C1C(C)O2,0
C=C(C)C[C@@H](C)C(=O)NCC[C@@H]1CN(Cc2cnoc2C)C[C@H]1C,0
C[C@](O)(CC(=O)N[C@@H]1CCN(c2cnc(C#N)cn2)C1)C1CC1,0
COc1cc(CN(C)Cc2ccc(C#N)cc2)ccc1OCCN1CCOCC1,0
CC1C=C2CC(=NO)S(=O)(=O)C3C2C13OC=O,0
CC(O)NC(C)c1ccccc1,0
C=C(CN(C)C)C(=O)Nc1ccc(N(C)C(=O)OC(C)(C)C)nc1,0
CCC(NC(=O)C(CC(C)C)NC(=O)OCc1ccccc1)C(=O)C(=O)NCCc1ccc(OC)cc1,0
Cc1nc(C(=O)C(O)COCC=O)ncc1O,0
CNCC(O)Cc1ccccc1,0
Cc1nc2cc(CNC(=O)[C@@H](C#N)Cc3ccc(C#N)cc3)ccc2n1C1CC1,0
C[C@H]1C[C@@H](c2ccccc2F)N(c2ccc([N+](=O)[O-])cc2C#N)C1,0
Oc1nc2cc(Cl)ccc2c(O)c1-c1ccc(Oc2ccccc2)cc1,0
C=C[C@@H](C)NC(=O)c1cc(C2CC2)nc2onc(CC(C)(C)C)c12,0
CC1Nc2[nH]c(=N)oc2C2(N)CC3NC3C12,0
O=C(/C=C/c1ccc2c(c1)nc(CCc1ccccc1)n2Cc1cccnc1)NO,0
CC1=CC(C)(N)C2(S(N)(=O)=O)C3CCCCC132,0
CC1=CC2(C=O)C3C4=C(CCC4O)C1N32,0
CC(O)C1COC(c2n[nH]c(N)c2CC#N)O1,0
OCc1ccc(C(O)O)cc1,0
CC[C@@H](Oc1nc(C)c(-c2ccncc2)cc1C#N)c1cccc(F)c1C,0
CC1OC(=N)C2(CNC(N)=N2)C2CC1C(=O)O2,0
CC1OC2CCN(C)C3CC(C3C)C1C2C,0
CC1CN=C(C23CCC(C2)OS(=O)(=O)N3)N1,0
Cc1nn(CC(F)(F)F)c(Cc2ccc(-c3ccccc3-c3nn[nH]n3)cc2)c1C(=O)O,0
CC(=O)N1CCc2ccccc2[C@@H]1CC(=O)N1CCC[C@H]1[C@H](C#N)c1ccccc1,0
C#CC[C@@H](CO)NC(=O)CCNC(=O)Cc1ccccc1,0
C[C@H](C#N)C(=O)N1CC2(CCN(C(=O)CN3C(=O)CCC3=O)C2)C1,0
C[C@]1(N2CCc3c(-c4cnc(N)nc4)nc(N4CCOCC4)nc32)CCN(C2CNCC2=O)C1,0
CCCNC(C(N)=O)c1ncc(OC)cc1Br,0
CC(C)(C#N)NC(=O)c1ccn(-c2ccc(Cl)cc2Cl)n1,0
Cc1ccc(CNc2nc3ccccc3n2C)cc1,0
C#CC1CC2OC(C)(CO1)c1oc(CN)cc12,0
CCOC(=O)NNc1ccccc1,0
OC(O)(O)ONc1ccccc1,0
COc1cc(NCc2cccnc2)n2ncc(Br)c2n1,0
CCC(C)OC(=N)C(C)C(CN)CCNC=O,0
CC(C)Oc1ccccc1N1CCN(C2CCC(N3C(=O)c4cc(Cl)c(Cl)cc4C3=O)CC2)CC1,0
Cc1ccc(C2(CC(=O)N3CCCC3)CCOC(C(C)C)C2)cc1,0
CC(=O)N[C@@H](C)c1ccc(OC2CN(c3ccc(Br)cn3)C2)cc1,0
CCC(C=O)OCc1c(O)[nH]cc(I)c1=N,0
CN1C(=O)[C@@H](NC(=O)c2cc3ccccc3[nH]2)N=C(c2ccccc2)c2ccccc21,0
CCCNCC1CC(C=NO)(CO)C2NC12,0
CCOCC(C)(O)CC12CNC(=N)C1N=CO2,0
CC1C(O)C(O)C2(N)C3COC(=N)C3C12,0
CCC(=O)N1CCCC[C@@H]1C(=O)O[C@H]1CCN(c2sccc2C#N)C1=O,0
Cc1noc(C)c1[C@@H](C)C(=O)N(C)CC(C)(C)CNC(=O)[C@@H](C)C#N,0
CCc1[nH]c(=N)c2csc(C(C)(C)C)c(O)c1-2,0
O=C(NO)[C@H]1[C@@H](O)[C@H](O)[C@H](O)CN1S(=O)(=O)c1ccc(-c2ccccc2)cc1,0
CCCCOCCOCCO,0
C#CCNC(=O)NC[C@H](C)c1ccc(S(C)(=O)=O)cc1,0
CC[C@@H](Nc1cc(C#N)c(Cl)cn1)c1ccccc1C,0
Cc1cc(Nc2cc(N3CCN(C)CC3)nc(Nc3ccc(F)cc3)n2)n[nH]1,0
CCO[C@@H]1CN(C(=O)[C@H]2CC23CC3)C[C@H]1CNC(=O)c1c[nH]c(C#N)c1,0
C[C@@H](c1cccc(O)c1)N(C)C(=O)C(=O)NCC#Cc1ccccc1,0
CC1CCC2CNCC(N)(CN1)c1conc12,0
OCc1ccccn1,0
C=CCCN1CC[C@@]2(CCN(C(=O)C(C)(C)C(F)(F)F)C2)C1,0
N/C(=N/Cc1ccccc1CN1CCCCCC1)N1CCCCC1,0
C1CCCCC1,0
CCCCCCCOC(N)=O,0
CC(=O)OCCC(C)C,0
COc1ccc([C@@H](C)N[C@@H]2CC[C@H](C(=O)N3CCN(c4ncc(Br)s4)CC3)[C@@H](c3ccsc3)C2)cc1,0
O=C(O)CCNC(=O)[C@H](Cc1ccc(-c2ccccc2)cc1)NCP(=O)(O)O,0
O=C(CCC1CCc2cc(Br)cc3[nH]c(=O)c(=O)n1c23)Nc1ccccc1,0
CC(=O)c1cc2ccccc2s1,0
C[C@@H](S)C(=O)N1CCCC[C@H]1C1CCN(C(=O)c2ccc(-n3cnnc3)cc2)CC1,0
C#CC[C@H](CCOC)NC(=O)C(=O)N[C@@H]1CCCN(C(=O)c2ccccc2)C1,0
COC(=O)C[C@H](C#N)c1ccc(OC(=O)[C@H](C)O)cc1,0
CCCC,0
Cc1cc(C)c2ccccc2n1,0
Cc1nc2ccccc2n1C[C@@H]1CCCN1C(=O)C(=O)N1CCC[C@@H](CC#N)C1,0
C/C=C/C(=O)N1CC[C@]2(C1)CN(C(=O)[C@@H](S)C(C)C)CCO2,0
CCCCCCOC(=O)CCC,0
C#C[C@H](C)Oc1ccc(C(F)(F)F)c(Cl)c1,0
CC1C2CC1(C)C(C)(C)C(OC=O)C2=O,0
O=C(NNC(=S)Nc1ccc(Cl)c(Cl)c1)c1ccccc1O,0
C#Cc1cccc(N=c2scc(-c3ccccc3OC)n2CCCNC(C)=O)c1,0
COc1cc(N2CCc3ncnc(O[C@H]4CCN(C(=O)c5oc(C)nc5C)C4)c3C2)cnc1OC,0
Nc1ccc(C(=O)O)cc1O,0
Cc1ccc2c(N)c(C)ccc2c1,0
Cc1ncc2n1CC1(C)CCCC2(N)C1C#N,0
CC12CCC(O1)C1(CN)CC(NC=O)C2CO1,0
C#CC(=N)NC(C)C(O)C1(C)OCCOC1C,0
CC1CCC(CC#N)C(=NCc2cc[nH]n2)N1,0
COC(=O)C1=C(C)NC(C)=C(C(=O)OC)C1c1c(-c2c(Cl)csc2Cl)nc2sccn12,0
Cc1c(C)c(C)c(C)c(C)c1C,0
CCCCN,0
CC12OCC(N)CC1COCC1OC(=O)C2O1,0
O=C1NCc2c3c(c4sc5ccccc5c4c21)Cc1ccccc1-3,0
CC(N)=NCC1OC2C=CCC(C=NO)C21,0
CCC(CO)(c1nsc(=O)o1)N(C=N)C=NC,0
Cc1cc(N)nc2ccccc12,0
C[C@@H](CN=c1cc[nH]cc1C#N)NC(=O)[C@H]1CC12CC2,0
N#Cc1cc(CC(=O)N[C@H]2C[C@H]3CC[C@@H](C2)N3C(=O)c2cc(Cl)ncn2)ccc1F,0
Cc1onc2c1C(O)C1CN2CC(C)N1,0
OC(O)(Cl)c1ccccn1,0
CCOC(=O)CCCO,0
Cc1ccc(C(=O)N2CCCC[C@@H]2C2CCN(C(=O)Cc3ccc(F)c(C#N)c3)CC2)o1,0
O=C(O)c1ccc(/C=C2\SC(=S)N([C@H](Cc3ccccc3)C(=O)O)C2=O)cc1,0
C#Cc1cncc(C(=O)N[C@@H]2CCN(Cc3ccccc3C3CC3)C2)c1,0
COc1cc(N)c(Cl)cc1C(=O)N[C@@H]1CN2CCC1CC2,0
NC1=N[C@@](c2cc(NC(=O)c3ncc(Cl)cc3CF)ccc2F)(C(F)F)[C@H]2C[C@H]2O1,0
N#Cc1c(Nc2ccccc2)nc(SCc2nc3ccccc3[nH]2)nc1-c1ccccc1,0
O=C(CC1CCCCC1)NC1CCCCC1,0
COc1cc(N)c(Cl)cc1C(=O)OCCN1CCCC(O)C1,0
CC(C)[C@H](OC(=O)[C@@H]1CC(=O)N(c2ccc(C#N)c(Cl)c2)C1)c1ccccn1,0
Cc1cc(=N)c2c(CNC(C)CO)noc2s1,0
CCOC1=NC(C)C(N)=NC(COC)C1(C)O,0
CCC1=CC2(C3CO3)CCC=CC(=NO)C1O2,0
COC(=O)C=Cc1ccc(O)cc1,0
O=C(O)COc1ccccc1,0
CC#Cc1snc2c1OC13CCNC1C23,0
C#CCC1(C(=O)N2CC[C@H]3CCN(CCCOC(C)C)[C@H]3C2)CCC1,0
Cc1cccc(-c2nn(C(=S)Nc3cccc(OC(F)(F)F)c3)cc2-c2ccc3ncnn3c2)n1,0
CCCCCCCCSCC,0
CN(C)Cc1c[nH]c2ccccc12,0
CCc1sc(O)cc1C1(C(=N)N)CC(C)C1,0
C=C[C@@H](C)NC(=O)C(=O)Nc1cccc(Cl)c1N1CCOCC1,0
C#CC(C)(O)C1(C)CNC(C#N)C(C)C(C)C1,0
C[C@@H](Sc1ccc(C#N)cc1Cl)C(=O)Nc1ccccc1[N+](=O)[O-],0
Cn1c(=O)c(-c2c(Cl)cccc2Cl)cc2cnc(Nc3ccc(OCCN)cc3)nc21,0
CCCC(=O)NNc1ccccc1,0
CC12C(O)CCOC1CCC2OC(C=O)C=O,0
O=C(NCCN1CCCC1=O)c1cc(Cc2n[nH]c(=O)c3c2CCCC3)ccc1F,0
CO[C@H](CSCC1(CC#N)CC1)c1ccccc1,0
C#CC1(N)C2OC(C)(CC2C)C2(N)C(O)C12,0
NCCCNC[C@@H](N)CCC/N=C(\N)N[N+](=O)[O-],0
O=C(NC1CCN(C(=O)c2ccc(C(=O)O)cc2)CC1)NC12CC3CC(CC(C3)C1)C2,0
CCCC(=O)NC(=N)C(O)C1CC(=N)NC1=O,0
Cc1cc(=O)oc2cc(O)ccc12,0
C=CCN(C(=O)c1nn(-c2ccc(C)cc2)c(=O)c2c1c1ccccc1n2C)c1ccccc1,0
CCCCCOC(=O)CCC,0
CCCCC(=O)OCC,0
CC(O)C(C(=N)N)c1cn2nnc(=O)cc2[nH]1,0
C[C@@H](C(=O)NC[C@]12CCC[C@H]1N(CC(=O)NCC#N)CC2)n1cncn1,0
Nc1cc(O)nnc1N,0
CCOc1ccc(CN2CCC(C(=O)NO)CC2)cc1-c1nc2c(CC)nn(C)c2c(=O)[nH]1,0
COc1cc2c(cc1OC)C1(CCNCC1)C[C@@H]2CC(=O)Nc1cc(F)c(C#N)cc1C,0
CC1=CCC(N)(C(N)C2(OC=O)CNC2)C1,0
CCc1ncc(NCc2ccc(N(C)CCC#N)cc2)cn1,0
Clc1ccc([C@@]23CNC[C@@H]2[C@H]3c2ccccc2)cc1Cl,0
CO[C@@H]1CCN(C(=O)C(=O)Nc2scc(C(C)(C)C)c2C#N)C1,0
Cc1ccc(F)cc1NC(=O)c1cc(C#N)ccc1Cl,0
COc1ccc(-c2c[nH]nc2-c2cc(OC)c(OC)c(OC)c2)cc1Cl,0
CCOC(=O)C1=C(C)Nc2nc3c(c(N)c2C1c1cccc(OC)c1)CCCC3,0
COc1ccc(CCC(=O)O)cc1,0
CC#CCC(c1cnc(C)[nH]1)c1ncco1,0
Cc1ncoc2sc(=N)sc2nc(CC=O)n1,0
CC(C)CN1CCO[C@H](Cn2c([C@H]3CCS(=O)(=O)C3)nnc2N2CC[C@](F)(C#N)C2)C1,0
CCCCCCCCCCN,0
COc1cc(CN)c(C)cc1Nc1ncc(Cl)c(Nc2ccccc2S(=O)(=O)C(C)C)n1,0
CC(=O)Oc1cccc(C(C)C)c1,0
CN(C)OC(O)c1ccccc1,0
CCCCCCCCCl,0
NCCCCC(=O)O,0
CCN(CC)C(=O)CCN1CC1,0
O=C1CC(CN2CCC(C(=O)c3ccc(F)cc3)CC2)c2ccccc21,0
CC(OC=N)C1(CN)C(N)=NCC1(CN)CN,0
CCS(=O)(=O)Nc1c(F)ccc(-c2nn(C(C)C)cc2-c2ccnc(NC[C@H](C)NC(=O)OC)n2)c1F,0
OC=Nc1ccccc1,0
N#CCOc1ccc(COC(=O)[C@@H]2CC(=O)N(c3ccc4c(c3)Cc3ccccc3-4)C2)cc1,0
COC(=O)C=Cc1ccc(C)cc1,0
CC(=O)N1CCCc2ccccc21,0
COCCN(Cc1cc(C)c(C(=O)OC)o1)S(=O)(=O)c1ccc(C#N)cc1,0
NC(=O)c1cccc(N)c1,0
O=C1CSC(=S)N1/N=C\c1ccccc1OCCOc1ccccc1,0
CCNCc1nc2ccccc2[nH]1,0
CN1CCCN2C(=O)c3c(O)c(=O)c(C(=O)NCc4ccc(F)cc4)cn3CC12,0
CCOC(=O)N[C@@H](CC(C)C)Cn1c(-c2ccc(OC)c(OC)c2)nnc1N1CCC(C)(C#N)CC1,0
N#Cc1ccc(NC[C@@H]2CCN(C(=O)c3ccc(Cl)s3)C2)cn1,0
C#CC1C(=O)NC(=O)Oc2cn(CC)c(=N)n21,0
CCCCOc1ccc(OC)cc1,0
O=C(CCCCCCN1C(=O)NC2(CCCc3ccccc32)C1=O)NO,0
c1ccc2c(NCCNc3c4ccccc4nc4ccccc34)c3ccccc3nc2c1,0
C#CCOCCC(=O)Nc1cccnc1Oc1ccc(Cl)cc1Cl,0
O=C(N[C@H]1CC[C@H](O)CC1)[C@@H]1NC2(CCCCC2)[C@@]2(C(=O)Nc3nc(Cl)ccc32)[C@H]1c1cccc(Cl)c1F,0
Cc1ccc(C)c2ccccc12,0
C=CCCCCCCCCCC,0
CC(c1ccccc1)C(O)CO,0
CNc1ccncc1,0
CNC(O)(O)Cc1ccccc1,0
O=C(NCCCc1ccccc1)c1ccc[nH]1,0
N#CCCN(Cc1ccccc1)C(=S)NC(=O)c1ccccc1,0
O=C(c1ccccc1)N1CCc2c([nH]c3ccccc23)C1c1ccc(Cl)c(Cl)c1,0
C=CCn1c([C@H]2CCc3n[nH]cc3C2)nnc1N1CCN(CCOC(C)C)CC1,0
CCCCNC1=N/C(=C\c2ccc3c(c2)OCO3)C(=O)N1C,0
CC1CC2C3C=C(C#N)c4nsc1c4C32O,0
CS(=O)(=O)O[C@@H]1CC[C@@]2(O)[C@H]3Cc4ccc(O)c5c4[C@@]2(CCN3CC2CC2)[C@H]1O5,0
Cc1ccnc(CCO)cc(=N)ncoc1=N,0
CCN1CCN(c2ccc(S(=O)(=O)N3CCCC3)cn2)CC1,0
CCC1(C)NC1(C)C#CC1(N)CC1,0
COC(=O)C(C)Cc1ccccc1,0
CC(C)(C)CC(=O)O/N=C(\N)c1ccccn1,0
CN1CC2C(CO)=CC(=NO)C(O)C(=NO)C21,0
CC1CC=C2C(C1)NC(C)C21OC1CCO,0
C#C[C@](C)(CC)NC(=O)Nc1ccc(C(N)=O)c(F)c1,0
Cc1nc2cc(Cl)ccc2n1C,0
C=CCn1cc(C(=O)N2CCO[C@@H](CNC(=O)[C@H]3CC34CC4)C2)nn1,0
COC[C@H](O)CN1CCC(c2cc(-c3ccncc3)c(-c3ccc(F)cc3)[nH]2)CC1,0
CCCCCCNC(=O)Oc1cccc(CN(C)CCCOc2ccc3ccc(=O)oc3c2)c1,0
CCCCCNCCCCC,0
C=C[C@@H](C)[C@@H](C)C(=O)N1CCN(Cc2cccc(CC)c2)CC1,0
CCOC(=O)N1CCN(c2ccc(C(=O)NC3CCN(C#N)C3)cn2)CC1,0
CC1CC2OCC2C=C2CNC1(C#N)C2,0
Cc1ccc(/C=N/c2ccccc2C(=O)Nc2ccccc2)cc1,0
COC(=O)CNC(=O)c1cccs1,0
CC(O)C12CNC(C)(C1C)S(=O)(=O)CO2,0
CCC1(C)OC2(C)C(=O)OC2C=CC1C,0
ONCc1ccccc1,0
CCOC1CC(=O)N(CC#N)CC2CC21N,0
CC1CC/C(=N\Nc2nc(-c3ccc([N+](=O)[O-])cc3)cs2)C1,0
C[C@@H]1C[C@@H](O)CN1S(=O)(=O)CCCS(=O)(=O)N(C)C(C)(C)C#N,0
CN1C(=Nc2[nH]cc(N)c2C#N)CC2CC21,0
CC12CNC3C14CC=C(CO)C4(CS3(=O)=O)N2,0
CCOC(C)C1(C(C)C)OC(=N)CC(C)C1O,0
Cc1ccc(-c2nc(-c3ccccc3)nc(N)c2CN)cc1,0
CC1=NCC(=NO)C2C3C(=O)NC=CC32N1,0
N[C@@H](CC(=O)N1C[C@H](CO)[C@@H](c2ccc(Cl)cc2)C1)Cc1ccc(Cl)cc1,0
Cc1cc(=O)oc2ccc(O)cc12,0
CC(C)(CCC#N)CNC(=O)NCCCN1C(=O)NC2(CCCCC2)C1=O,0
C#CCOCCC(=O)OCC(=O)N(CC)CC,0
Cc1ccc(Cl)cc1-n1ncc2c(NC3CCCCC3)ncnc21,0
ON(O)c1ccccc1,0
CC#CCN[C@@H](C)C[C@@H](C)NC(=O)c1cccc(N2CC=CC2)c1,0
CCCCCN(C)C,0
Cc1ccc(NC(=O)C2CCN(S(=O)(=O)c3c[nH]cn3)CC2)nc1,0
CC1COCC2(CC(N)CO1)OCC2O,0
Cc1ccccc1-c1ncnn1-c1sc2c(c1C#N)CCCCC2,0
OCc1ccccc1O,0
CN(C)c1noc([C@H]2CCCN(c3cc(C#N)ccn3)C2)n1,0
CS(=O)(=O)c1ccc(CNC(=O)c2cc(N)c(C#N)c(NC3CC3)n2)cc1,0
Cc1cn2c3c(noc13)C(O)(CN)CC2CO,0
C#CCO[C@@H](C)C(=O)N1CCCC12CN(C(=O)C(C)(C)[C@H](O)C=C)C2,0
C[C@H]1[C@@H](Oc2ccc(F)cc2)O[C@@H]2O[C@]3(C)CC[C@H]4[C@H](C)CC[C@@H]1[C@@]24OO3,0
CC(C)[C@@]1(C2CC2)NC(=O)N(CC(=O)NC2(C#N)CCC2)C1=O,0
CC(C)CCOc1cccc(O)c1,0
CCOC(=O)c1ccc(Nc2nncc3ccccc23)cc1,0
COC(=O)c1ccc(NCC2(c3ccc(F)cc3F)CC2)c(C#N)n1,0
CC(C)(C#N)CCSc1nc(N)c(-c2nn[nH]n2)cc1C#N,0
C#CC1C2CC(C)C1(C(C)=O)N=C(CC)N2C,0
c1cc2oc(CCc3cc4ccc(C5=NCCN5)cc4o3)cc2cc1C1=NCCN1,0
Cc1ccc(O)c(C(C)(C)C)c1,0
COc1ccc(C[C@H](C)CNc2cnc(-c3nn[nH]n3)c(C#N)n2)cc1,0
C=C(Cl)CN1CCO[C@](C)(CNC(=O)c2ncc(F)cc2F)C1,0
CC(CCNC(C#N)C1CCC(=N)O1)C(=N)N,0
CN(C)C(O)c1ccc(O)cc1,0
C#CC1CNc2oc(=O)[nH]c2N(C)C(C)C1N,0
CC(O)c1ccccc1Cl,0
FC(F)(F)C1(Nc2nc(-c3ccncc3)nc3cnccc23)CCC1,0
CCc1ccc(O)c(C(C)C)c1,0
C=CCN(CCC#N)C(=O)C(=O)Nc1ccc(C)nc1C,0
Cc1cc(=O)oc2ccccc12,0
CC1C2OC2C(S(C)(=O)=O)C2=CCC(C2)N1C,0
Nc1ncc(F)cc1[C@H]1CCCN1c1ccn2ncc(C(=O)N3CCC3)c2n1,0
CC1CCC(C(=O)Nc2cc(Oc3ccc(C(=N)N)cc3)cc(Oc3ccc(C(=N)N)cc3)c2)CC1,0
Cc1ccc(N(CCC#N)C(=O)[C@@H](C)OC(=O)c2cc(C)sn2)cc1,0
CCC12NC=NC1C21CNCC1C(C)=NO,0
C=CCN1CC[C@]2(CCCN2C(=O)c2ccc3[nH]ccc3c2)C1=O,0
c1ccc(-n2cccc2)cc1,0
CCCCCC(N)=O,0
C=C[C@@H](C(=O)OC)N1CCN(Cc2cc(F)ccc2OC)CC1,0
OC(O)N(O)c1ccccc1,0
CC1(c2ccsc2)OC2CNC1(C=O)C(=O)C2,0
O=C1c2ccccc2-c2onc3ccc(NCc4ccco4)c1c23,0
CC1CCC2C3CN=CN3C1C2(C=O)C(C)C,0
COc1ccccc1NC(=S)N/N=C/c1ccc(O)cc1O,0
CCCCCOC(=O)CCCCC,0
N#CCN[C@H]1CCCN(C(=O)c2cc3ccc(F)cc3s2)C1,0
CC1C=C2CC(C(N)=O)C3CC(CN)C23N1,0
CN[C@H](CC(=O)N1CCOC[C@@]2(CN(C(=O)/C=N/O[C@@H]3CCCCO3)CCO2)C1)C(=O)O,0
CCN(CC)CCC(=O)OC,0
CCOCC(=O)O,0
Cc1cc(=N[C@H]2CCN(C(=O)c3nn(C)cc3C)[C@H]2C)c(C#N)c[nH]1,0
C#CC[C@H](CCOC)NC(=O)NCCc1ccc(F)c(F)c1,0
CC(C)OC(=O)/C=C/c1ccc(O)cc1,0
C=CCOC1CCC(N2CCc3nc(C(=O)Nc4cccc(Cl)c4)sc3CC2)CC1,0
C=C[C@@](C)(CCOC)C(=O)NCCCN(CC)S(C)(=O)=O,0
CC1NC2(CNCC(O)CS(=O)(=O)C2)C1=NO,0
Cc1cc(C#N)cc(C)c1C(=O)O[C@H]1CN(C)[C@@](C)(C(=O)O)C1,0
CC(=O)Nn1c(Cc2c(NC(=O)c3ccccc3)sc3c2CCCC3)nnc1SCC(=O)NN,0
CN(C[C@H](O)COCc1ccccc1)C(=O)c1ccc(COc2ccccc2C#N)o1,0
C#C[C@H](C)OC(=O)CN(C)C(=O)OC(C)(C)C,0
Cc1cc2c(N)ncn2c(-c2cnsc2)c1Cl,0
COCCSCc1c(C)[nH]c(=O)c(I)c1Oc1cc(C)cc(C)c1,0
CCC(C)COC(=O)C(C)(O)CCNCC=O,0
C#CC1C(C)NC(=O)COC12CC(C)OC2=O,0
Cc1cc(C)cc(S(=O)(=O)c2c(C(=O)NC(C)C(N)=O)[nH]c3ccc(Br)cc23)c1,0
CCCCC(C)=O,0
Cc1nc(CN2CC[C@@]3(CNC(=O)c4cc(C#N)c[nH]4)CCC[C@@H]23)co1,0
Cc1cc2ccc1[C@@H](C)COC(=O)Nc1ccc(C(=O)N(C)C)c(c1)CN(C)C(=O)[C@@H]2Nc1ccc2c(N)nccc2c1,0
Cc1ccc(C(=O)N[C@@H]2C[C@H]3CC[C@@H]2N3c2nc(C)ccc2C#N)c(O)n1,0
C=C(C)[C@@H]1OCC[C@@H]1CNCc1ccc(OCCN2CCOCC2)c(Cl)c1,0
C=C(C)CN(C)C(=O)Nc1cc(Br)ccc1Br,0
Cc1c(O)sc2c1C1CC(CN)N2CC(=O)O1,0
C=CCN1Cc2ccccc2-c2ccccc2C1,0
CC1=NC2CC(C)C2N1c1ccnc(=O)o1,0
CCC1(C(C)O)CC(N)CCN1C(CO)=NC,0
N#CCC1CCN(c2nnc(-c3cnccn3)n2CCNS(=O)(=O)c2ccccc2)CC1,0
CCOC(=O)Nc1ccc(NC(=O)NC[C@@H]2CCC[C@H](O)C2)cc1C#N,0
CCOc1nc(C(N)C(O)C(C)CN)nn1C,0
C=CCN[C@@H]1CC[C@@H]2CN(C(=O)C(C)(C)N(C)C3CCCC3)C[C@H]21,0
N#Cc1ccc(CSc2ncnc3c2ncn3[C@@H]2O[C@H](CO)[C@@H](O)[C@H]2O)cc1,0
CC(C)C(F)(F)c1cc2c(cn1)C(C)(C)CN2C(=O)CN1C[C@@H](C)NC[C@@H]1CN1CCCC1=O,0
N#CCC(C1CCCC1)n1cc(-c2ncnc3[nH]ccc23)cn1,0
Nc1cccc(C(=O)O)c1O,0
CC(=O)Nc1nc2ccccc2[nH]1,0
C#CCOc1cc(F)ccc1NC(=O)C(=O)N[C@H]1COc2ccc(F)cc2C1,0
CCN1CCC23CNCC2OCC(N)(CC)C13,0
N#CC1(C(=O)NC[C@@H]2CCN(C(=O)c3ccc(Cl)nc3)[C@@H]2c2cccnc2)CCC1,0
C=CCNC(=O)CN(C)[C@H]1CCN(C(=O)c2cnc(CC)s2)C1,0
C#CC1OC(=O)CC(N)(CO)CC1CNCC,0
N=C(N)c1ccc(OC(=O)c2ccc(-c3ccc(C(=O)N[C@@H](CC(=O)O)C(=O)O)s3)s2)cc1,0
OC1CCc2cccc(Nc3nc(-c4ccc(F)cc4)c(-c4ccc(C(F)(F)F)cc4)o3)c2C1,0
O=c1oc2ccccc2c2c1c(-c1ccccc1)cn2-c1ccc(Cl)cc1,0
CN(CC#N)c1ncc(OCc2ccccc2)cc1Cl,0
O=C(NNc1nc(-c2ccccc2)cs1)c1ccco1,0
C[C@H](CN(C)Cc1ccccc1C#N)NC(=O)c1ccc(O)nc1,0
CCOCc1nnc(N2CCC[C@@](C)(C#N)C2)n1C[C@H](C)Cc1cccs1,0
COc1ccccc1N1C[C@@H](C(=O)[C@@H](C#N)c2nc3ccccc3n2C(F)F)CC1=O,0
C#CCN[C@H](C)[C@H]1CN(C(=O)c2cnc(N(C)C)cn2)CCO1,0
CC1(O)CCC2OC(CN)C1C1NS(=O)(=O)C21,0
CCOC(=O)c1nn(-c2ccccc2)cc1/C=C\C(=O)c1cnnn1-c1ccccc1,0
CC1(O)COCOC2(C)CCC(C=O)OC12C,0
CC1C2CNC1C(C)(C)C1CC(CN)N=CN21,0
COc1cc(OC)c2ncc(C#N)c(Oc3ccc(Br)cc3)c2c1,0
N/C(=N/Cc1ccc(N2CCC(O)CC2)c(F)c1)Nc1ccccc1OC(F)(F)F,0
CC(=NNc1ccc(C(=O)O)nc1)c1ccc2c(c1)OCO2,0
CC(C)CCn1c(=O)c(C2=NS(=O)(=O)c3ccccc3N2)c(O)c2ccccc21,0
CO[C@@H](C)c1nc(Cn2c([C@@H]3CCOC3)nnc2N(CCC#N)CC2CC2)cs1,0
CC(C)C1=NC2(c3cccoc3=O)CC2O1,0
Fc1ccc(C=NNC(=S)NCCCN2CCOCC2)c(Cl)c1,0
CC#CC1(C)CC(=NO)C2C(=O)C(C(C)C)N21,0
C#CC(NC=N)C1(O)CNCC1CCC(C)O,0
CNC(=O)CCN1CCCCC1,0
O=C(CCCCCCNC(=O)c1cccc(C(O)(c2ccc(F)cc2)c2ccc(F)cc2)c1)NO,0
CC[C@@H]1C[C@@H](C)CN1C(=O)N=c1ccn(-c2cccc(F)c2C#N)[nH]1,0
Oc1ccc(O)c(C(O)O)c1,0
CC1=Nc2c(noc2CN)OC(C)C(CN)N1,0
CC(=O)OCC(=O)O,0
Cc1nc([C@]2(c3cnn(C)c3)N[C@H](c3nc(-c4ccc(F)cc4)c[nH]3)Cc3c2[nH]c2ccccc32)no1,0
CCCCCOc1ccc(N)cc1,0
CC(N)(COCC#N)CC1CNCC1C(N)=O,0
Cc1nc(N)sc1-c1ccnc(Nc2ccc(N3CCOCC3)cc2)n1,0
CC1=CCc2ccoc2C2C1CC(C)N2C,0
COC(=O)[C@H](c1ccc([N+](=O)[O-])cc1)[C@H]1CCCCN1,0
CC1N=CNC1CC1(CCO)CNC(=O)C1N,0
CS(=O)(=O)N1CC(CNS(=O)(=O)c2cc(Br)c(C#N)cc2F)C1,0
CCNC(C)C1CC2OC(=N)C1(NCC)C2N,0
CC12N=C3NCC4COC5C=CC1C52N34,0
CC(C)=CCN1Cc2c(Cl)ccc3[nH]c(=S)n(c23)C[C@@H]1C,0
N#Cc1ccnc(N2CCN(C(=O)C[C@@H](c3cccs3)n3cccc3)CC2)c1,0
Fc1cc(Nc2cccnc2)cc(-n2nnc(-c3ccccn3)n2)c1,0
OC1CCCC1,0
Cc1ccccc1Nc1nc(N(C)c2ccccc2C)c2ccccc2n1,0
OCN(CO)Sc1ccccc1,0
CC12CNCC(C(=O)CC3NCCNC31)C2O,0
COc1cc(CC2CCCCC2)c(F)cc1-n1c(=O)ccc2cc(S(=O)(=O)Nc3ccncn3)ccc21,0
C#CC(N)C(=NC1(C)COCC1(C)N)NC=N,0
Cc1c(Cl)cccc1NC(=O)Nc1ccc(C(=O)N2CCCC2)cc1,0
CN(C)C(=O)Nc1cccc(Cl)c1,0
CC(c1ccccc1)N(O)CO,0
C=CCCCNCC[C@@H]1CN(C(=O)COCCC)C[C@H]1C,0
CC1CS(=O)(=O)C2OCC(=C3CNC3)C(O)C12,0
N#Cc1ccccc1-c1ccc(F)c(F)c1,0
N#Cc1ccccc1N1CCN(c2cc(F)cc3ccc(Cl)nc23)CC1,0
C#CCC(C)(C)n1c(CC#N)cc2snnc21,0
CC1NC2(C)CC(CCO)C(C2)OC(C)C1O,0
CCc1[nH]c(=O)c2c(C(=N)N(C)C)cc[nH]c1-2,0
C=CCn1c(N2CCO[C@@H](c3ccccc3)C2)nnc1[C@@]1(OC(C)C)CCOC1,0
C#CCNC(=O)CC(=O)NC1CCN(Cc2ncc(C)cn2)CC1,0
CCOc1ncnc2ccccc12,0
O=P(O)(O)C(NC1CCCC1)P(=O)(O)O,0
CN1C2CC=CC=CC=C3C(O)COC3C21,0
CC(=O)c1c(C)c(C)c(O)c(C(CCCCCC(=O)O)c2ccc(F)cc2)c1C,0
COc1ccc2cc(C(C)C(=O)Nc3ccc(S(N)(=O)=O)cc3)ccc2c1,0
CN(C[C@@H]1CCN1C(=O)[C@@]1(C)CC=CCC1)C(=O)CSCC#N,0
CC12CNC1CCC1(OCCC1=O)S2(=O)=O,0
C=CCNC1CCC(N(C)C(=O)c2cnoc2-c2ccco2)CC1,0
CC(=O)Nc1ccc2c(c1)OCO2,0
CN(C)CCc1ccc(O)c(O)c1,0
CC(C)(O)CC(=O)N1CC[C@H]2CN(c3cccc4c3cnn4-c3ccccc3F)C(=O)[C@H]21,0
S=C(NCCN1CCOCC1)Nc1ccc2ncnc(Nc3ccc(Cl)cc3)c2c1,0
C=CCO[C@H](C)C(=O)NCC1(O)CN(C(=O)C2(CCC)CC2)C1,0
Brc1ccc2ccn(CCN3CCCN(C4CCCC4)CC3)c2c1,0
N#Cc1c[nH]ccc1=N[C@H]1C[C@H](CNC(=O)c2cc[n+]([O-])cc2)C1,0
CC1=C(C23OC2CNCC3C)C(=O)N(C)C1,0
C=CCC1(C(=O)N2C[C@H](C)[C@H](NC(=O)CCn3cccc3)C2)CCC1,0
CCCCCCCCOC(N)=O,0
CCCCCCCCCNC(=N)N,0
CS[C@H](C)Cn1c(-c2cccn2C)nnc1N1CCN(c2cccc(F)c2C#N)CC1,0
CC1OC=NCCC(O)C1(C)Oc1nn[nH]n1,0
CCCCC(=O)N(CCC)CCC,0
Cc1nc(=O)c2ccccc2[nH]1,0
COc1cccc(CNc2nc3ccccc3n2C)c1O,0
Cc1c(C)n(CCO)c2ncn3nc(CO/N=C/c4ccccc4)nc3c12,0
CC(C#N)C1NC23CC(C)C4C=CC1C42C3,0
CCNC1(CN)C2CN(C=O)C1C(=N)OCO2,0
Cc1c(I)n(C=O)c(=N)c2nsc(C(=N)N)c12,0
CC(=NO)C1(C)C2CC=CC(C=O)CCC21,0
O=C(Cn1cnc2ccccc21)Nc1ccc(SC(F)F)cc1,0
CN1CCc2ccccc2C1,0
CCC(C)NC(=O)Cn1c(=O)c2cccn2c2ccc(F)cc21,0
N#C[C@]1(F)CCN(C(=O)Nc2ccc(Oc3ccc(Cl)cc3)nc2)C1,0
CCC(CO)(CCC(O)C(C)C#N)NC(N)=O,0
COc1ccc2c(c1)CCC(CN1CCN(c3ccccn3)CC1)C2,0
NS(=O)(=O)c1ccc(NC(=O)Nc2ccc(Br)cc2F)cc1,0
Cc1ccccc1NC(=O)C(C)N,0
CN(C)c1ccccc1C(=O)NC12CC(C(=O)NC3(C#N)CCC3)(C1)C2,0
COc1cc(F)c(CC(=O)N2CCN(c3nc(Nc4cc(C)n[nH]4)c4cccn4n3)CC2)c(F)c1,0
C#CC1N=CN2C1C1CC2C(C)(O)C(N)C1O,0
C#CCN1C[C@]2(CCCCN2Cc2sc(N)c(C#N)c2Cl)CC1=O,0
CC(=O)NC(C)Cc1ccccc1,0
C#Cc1sccc1Oc1cc(C)[nH]c1NC=O,0
Cn1cc(C2=C(c3cn(C4CCN(Cc5ccccn5)CC4)c4ccccc34)C(=O)NC2=O)c2ccccc21,0
CC1CC(C)C(C)(C(O)C(=O)OCC(=O)O)O1,0
COC(=O)[C@H](Cc1ccccc1O)NC(=O)[C@H]1CC(=O)N(c2ccc(C#N)c(Cl)c2)C1,0
CCCCC1CN(CC2CCCCC2)C(=O)OC12CCN(C1CCN(C(=O)c3c(C)cccc3C)CC1)CC2,0
COc1ccc(CCCCNC(=O)c2coc(C3C4CCC(O4)C3Cc3ccccc3CCC(=O)O)n2)cc1,0
CCCCCOCc1cc(=O)c2cc(C(F)(F)F)ccc2[nH]1,0
C=CCOC[C@@H]1c2c(ncn2C)CCN1C(=S)Nc1sc2c(c1C(=O)OCC)CCCC2,0
CCC1(C#N)CNCC(CN)C(C)(C)N=C1N,0
COc1cc(C(=O)Nc2ccc(S(=O)(=O)/N=C3/CCCN3C)cc2)sn1,0
CC(CN=CN)C1CC(N)c2sc(=N)[nH]c2O1,0
C[C@H](C#N)C(=O)N(C)CCCNc1ccc(-c2nn[nH]n2)nc1,0
C#CC1(C(C)=O)C(=N)NCCOC1=NCC#N,0
C=CCC1(C(=O)Nc2cc(-c3nn[nH]n3)ccn2)CCOCC1,0
CCCc1c[nH]c2ccccc12,0
CCOC(=O)CN1CCOCC1,0
Cc1cncc(C(=O)N2CCOC[C@@]3(C2)CN(C(=O)C2(C#N)CCC2)CCO3)c1,0
Brc1cc(CN2CCCCC2)cc(Br)c1OCCCN1CCCCC1,0
CCCCCCCCCCCC#N,0
C[C@H](Cc1ccc(C#N)cc1)C(=O)NCc1ccc(NC(=O)C(F)(F)F)nc1,0
CCN(C)C(O)c1ccccc1,0
Cc1ccccc1-c1nnc(N2CCC[C@](C)(C#N)C2)n1C[C@@](C)(O)c1cccs1,0
C#CC1C(C)NC(C(=O)OC(C)CC#N)C1C,0
COCCN(C(=O)c1cn(Cc2ccccn2)nn1)c1ccc(C#N)cc1,0
C[C@@H]1CC[C@H](C)N1[C@@H]1CCCN(S(=O)(=O)c2cc(C#N)ccc2Cl)C1,0
C#CC1(N)CCOC12C(=N)OC(=O)NC2(C)C,0
C=CCn1c(O)nnc1SC[C@H](NS(=O)(=O)c1ccc(C)cc1)c1ccccc1,0
CCCCC1C(=N)OCC(O)C1CCC(C)C,0
C[C@H](NC(=O)C1CC1)c1ccc(CN2CCc3cc(OCC(F)F)ccc3C2)cc1,0
Cc1ccccc1Cn1ccnc1,0
CCOC1C2CCC1(N)CC1CCC2(O)C1N,0
CCOC1(C)C(O)CNC2CN=COC21CC,0
COC(=O)Cc1occc1C(=O)N(C)c1cccc(C#N)c1,0
N#Cc1cnc(CNC(=O)Cc2cc[nH]n2)s1,0
Cc1cc2c([nH]1)C(O)CN2C(=O)C(=O)C(=N)N,0
CCC1(C(=N)NC)CCCCN=COC(C)C1,0
Cc1c(C#N)c(NC(=O)CN2CC[C@@H](O)[C@@H](CO)C2)n(-c2cccc(F)c2)c1C,0
Cc1c(CCCCC(=O)O)c2ccccc2n1Cc1ccc(O)c(C(C)C)c1,0
CC1OC=NCCC1C(C)(C)c1cc(O)c[nH]1,0
Cn1cc(-c2nc3ccccc3n2CC(=O)Nc2ccc(Cl)cc2)cn1,0
CCC(N)C1(C#N)CNC(=NC(C)(C)C)N1,0
CCNc1cc(-c2ccc(NC(=O)Nc3cccc(Cl)c3)cc2C(F)(F)F)ccn1,0
C#CCCCS(=O)(=O)N(C)CCN1CCN(C(=O)OC(C)(C)C)CC1,0
CCC(C(=O)Nc1ccc(C(=O)O)cc1F)n1cc(OC)c(-c2cc(Cl)ccc2C#N)cc1=O,0
C#CC1CC2CC(CC)(CN)C(CC1OC)N2,0
O=c1[nH]c2c(-c3ccccc3Cl)c[nH]c2c(=O)n1CCN1CCN(c2ccccc2Cl)CC1,0
CCCc1nc2ccccc2[nH]1,0
CCN=C(C)N1C(=O)C(C)(CO)C(O)C1CN,0
CCC1CC(C)(CC(C=NO)OC)N=CN1,0
CCN(C(=O)N1CCC(=CC#Cc2cccc(C)n2)CC1)C(C)C,0
CCC12CCN(CC3CC3)C(C(=O)c3ccc(C(N)=O)cc31)C2C,0
CCCCCC(=O)N1CCCC1,0
COc1cc(C(=O)N2C[C@]3(C)C[C@H]2CC(C)(C)C3)ccc1-c1csc2ccccc12,0
CC1OCC2C3COc4cn(C(N)=O)c(c43)C12,0
CCC1C(=N)NC(=N)CN(C)C(CC)C1(C)O,0
Cc1[nH]c2ccccc2c1CCO,0
COCC(=O)O,0
CC(C)(C)c1cc(NC(=O)Nc2ccc(Oc3ccnc4[nH]c(=O)cnc34)c3ccccc23)n(-c2ccc(CO)nc2)n1,0
Cc1ccc2nc(N)ccc2c1,0
COc1cc(O)cc(OC)c1OC,0
C[C@H](CNC(=O)[C@@H](C)Oc1ccc(C#N)cc1)Sc1ccc(Br)cc1,0
OCc1ccccc1CO,0
C=C(C(=O)N1C[C@H]2[C@@]3(c4ccc(C)cc4)CC[C@H](c4ccccc43)[C@@]2(C(=O)O)C1)c1ccccc1OC,0
O=C(O)C[C@H](CN1CC[C@@H](CCc2ccc3c(n2)NCCC3)C1)c1cccc(N2CCOCC2)c1,0
Cc1ncnc2nc(c(N)c(=O)o1)C(N)CC2,0
COc1cc(OC)cc(N(Cc2cccc(Cl)c2)c2ccc3ncc(-c4cnn(C)c4)nc3c2)c1,0
COc1cc(C#N)ccc1C(=O)N1CCN(C(=O)c2ccc(Cl)cc2)CC1,0
C#CCCN1C[C@@H](O)[C@H](NC(=O)CCc2cccc(OC)c2F)C1,0
NC1CCCCCC1,0
OC1CCCCCCC1,0
COc1cccc([C@@H](Cc2cc(C)cc(C)c2)NS(=O)(=O)N(C)[C@H](C)CC#N)c1,0
CCC12C(O)C1(C=O)C(CC#N)C(=N)N2C,0
CC(C)Oc1ccc(C(=O)N2CC3(CCCN3C(=O)[C@@H](C)n3cccc3C=O)C2)cc1C#N,0
CC1CC2C3=C(CN(C=N)C3)CN2C1=N,0
CC(C)NC1CC(C)C1c1nc(O)n(C)n1,0
Cc1nc(C)c(C)nc1C,0
CC(CC#N)N1CCN(C)C2C1COC2(C)C,0
CC(C)OC(=O)Cc1ccncc1,0
C#Cc1cncc(C(=O)N[C@@H]2CCCN(Cc3cn(C)nc3C)C2)c1,0
CCCCCCCCCCO,0
Cc1c(N)cc(-n2c(C)ccc2-c2cc(C(F)(F)F)ccc2OCc2ccccc2)cc1C(=O)O,0
Cc1ccc(C#N)c(N[C@H]2CCCN(C(=O)C[C@@](C)(O)C3CC3)C2)n1,0
COCCS(=O)(=O)CC(=O)N[C@@H](CCC#N)c1ccccc1,0
CCCCc1nc(C)c(CCC(=O)N2CCSCC2)c(=O)n1Cc1ccc(-c2ccccc2-c2nnn[nH]2)cc1,0
COc1cc2c(c(OC)c1)CN1CCc3cc(OC)cc(OC)c3[C@@H]1C2,0
CCCCCCCOC(=O)CCC,0
Cc1cc(C)c(C)c(O)c1,0
CN1CCN(c2ccccc2)CC1,0
CS(=O)(=O)N1CCC(NC(=O)Nc2ccc(C(F)(F)F)cc2)CC1,0
O=C(O)CC[C@H](NC(=O)N[C@@H](CCCC(=O)N1CCN(c2ccc(F)cc2)CC1)C(=O)O)C(=O)O,0
CCc1c(C)c(C)nn1C(C)CNC(=O)C=O,0
CC1OC2C(CC3C=CC(=O)N4C3C24)C1O,0
Cc1n[nH]c(NC(=O)C2C[C@H](C)C[C@@H](C)C2)c1C#N,0
O=C(CO)Nc1ccccc1,0
CC1NCCC2NC3CC(=O)C(=O)C3(C)C12O,0
Cc1c([N+](=O)[O-])cccc1[N+](=O)[O-],0
C=CCn1cccc1C(=O)N1C[C@@H](C)[C@H](NC(=O)C2(CCF)CC2)C1,0
Cc1nn(C)c(N2CCN(c3nnc(C(C)(C)C)n3C[C@@H]3CCCO[C@@H]3C(C)(C)C)CC2)c1C#N,0
CC(C)CC1CC(C(C)C#N)CN=CNC=N1,0
CCC1N=CN2CC3NC=C(C=O)CC1C32,0
Cc1sc(C(C)Nc2nccc(N3C(=O)OC[C@@H]3[C@@H](C)O)n2)nc1-c1ccc(Cl)cc1,0
CC(=O)NNC(=O)c1ccccn1,0
CCO/N=C/c1ccccc1OC(C)C1=NCCN1,0
CC1NCC23C(C4COCO4)COC2C13C,0
NCc1cccnc1,0
CC12CN=CN1C1(CC1)S(=O)(=O)C21CC1,0
COc1ccc(OC)c(/C=C/C(=O)C(=Cc2ccc(O)c(F)c2)C(=O)/C=C/c2cc(OC)ccc2OC)c1,0
CC(=O)C[C@@H](C)C(=O)N1CCCC[C@@H]1C1CCN(C(=O)/C=C/C(=O)c2cccs2)CC1,0
CCCC(NC1=NCC(CO)OCC1)C(C)O,0
N#Cc1cccc(NC2CCCCC2)n1,0
CCN(CC)Cc1cc2cc(c1O)Oc1ccc(cc1)CCc1ccc(CN(CC)CC)c(O)c1-c1ccc(cc1O)CC2,0
S=C(NCc1ccco1)Nc1nccs1,0
CCCOC(C)=O,0
Cc1[nH]c2nc(-c3ccoc3)cn2c1OC=O,0
O=[N+]([O-])c1ccc(-c2cn(-c3ccccc3F)c(S)n2)cc1,0
Nc1ccc(N)nc1,0
Cc1cccc(C)c1C,0
CCCOC[C@]12Cc3cnn(-c4ccc(F)cc4)c3C=C1CCN(S(=O)(=O)c1ccc(C(F)(F)F)cc1)C2,0
C[C@H](C#N)c1cccc(C(=O)N2CC3(CCCN3C(=O)[C@@H]3CCCCN(C(=O)OC(C)(C)C)C3)C2)c1,0
CCCCCCCCO,0
CCCCC(=O)Nc1nnc(C)s1,0
N#Cc1cc(S(=O)(=O)NC2(C(N)=O)CCCCCC2)ccc1Br,0
C[C@@H]1CCN(CC(=O)NC[C@H]2CCCN(c3ccncc3C#N)C2)C1,0
C#CCCCNC(=O)C(=O)NCCc1ccccn1,0
CC[C@@H](C)c1nc(C)c(CC(=O)Nc2ccc(C#N)cn2)c(C)n1,0
C[C@H]1CCCN(Cc2c[nH]c3cc(C#N)ccc23)[C@H]1CO,0
CCOC(=O)NCC(=O)OC,0
N#Cc1cccc(C(=O)N2CCCC[C@H]2C2CCN(C(=O)[C@@H]3CCNC(=O)C3)CC2)c1Cl,0
CCCN=C(N)C1C2(C)CC1(C#N)S(=O)(=O)C2,0
Cc1nc(N)sc1-c1ccccc1,0
CCCCCCn1ccnc1,0
Oc1cnccn1,0
CN1CC2NCC(O)(C1)C1OC(C=O)=NCC21,0
C[C@H](S)C(=O)N1CCCC[C@@H]1c1cc(NC(=O)CCc2ccc(Br)c(F)c2)n[nH]1,0
COc1ncccc1C(=O)N[C@]1(C)CCN(C(=O)C#CC2CC2)C1,0
C=Cc1ccc2c(N[C@@H](C)c3ccc(NC(=O)c4ccc(Cl)nc4)cc3)nc(N(C)C)nc2c1,0
Cc1cc(C)c(S(=O)(=O)N2CCC(N3CCC(C)CC3)CC2)c(C)c1,0
N#CC1(NC(=O)CN2CC[C@H](NC(=O)NC3CC3)C2)CCCCC1,0
NC(=O)c1ccc(-c2c[nH]c3nccc(Cl)c23)cc1,0
Fc1ccc(NC(S)=Nc2ccc(Br)cc2)cc1,0
CC12NC(=O)C=CC1C2(O)C(=NO)C(N)=O,0
CC(=O)OCCCN(C)C,0
O=C1C(=O)N(c2cccc3ccccc23)CCN1Cc1ccc(F)cc1Cl,0
C[C@@H]1CN(c2ccncc2)CCN1C(=O)c1ccc(Cl)c(C#N)c1,0
COC(=O)C=Cc1cccc(O)c1,0
CC[C@H](Cc1ccc(OC)cc1)NC[C@H](O)c1cc(O)cc(O)c1,0
CCOP(=O)(COc1ccc(CCc2cnc3c(c2)C(=O)N(C)c2cccnc2N3CC)cc1)OCC,0
CC(C)OC(=O)Nc1cccc(-c2ccnc3c(C(=O)c4cccs4)cnn23)c1,0
COc1cccc2c1CCC(CCN1CCN(c3ccccc3)CC1)C2,0
c1ccc(-n2ccnc2)cc1,0
N#Cc1sccc1C(=O)Nc1ccc(-c2nc3c(F)cccc3[nH]2)cc1,0
CC(CCN)Oc1sc(Cl)nc(=N)c1CCN,0
CC(N)OCc1ccccc1,0
C=C(C)C(=O)c1ccc(OC)cc1,0
CC1CCN1C(=O)C(C#N)c1n[nH]c(=N)[nH]1,0
CS(=O)(=O)Nn1c(-c2ccccc2)c2c(c1-c1ccccc1)CCCC2,0
CC12CCNC(C(N)=O)=C3C(N)=NCC1N32,0
CN(C)[C@H](CNc1nc(Cl)c(C#N)s1)c1ccc(Cl)cc1,0
CCOc1ccccc1N1CCN(CCCC(=O)NCc2nc3ccccc3c(=O)n2-c2ccccc2)CC1,0
CCOc1cc(-c2nc3ccccn3c2NCC2CCCO2)ccc1O,0
CC(=O)OCC1=CO[C@@H](OC(=O)CC(C)C)[C@H]2C1=C[C@H](OC(=O)CC(C)(C)OC(C)=O)[C@]21CO1,0
O=C(OCc1ccccc1)N1CC[C@@H]2C[C@@H]1c1cc(N3CCN(C4CCC4)CC3)ccc12,0
Cc1ccc(C(=O)C(=O)O)cc1C,0
CN(C)C(=O)CCN1CCOCC1,0
CC#CCN1C[C@@H]2CCN(C(=O)[C@H](C)CCOC)[C@@H]2C1,0
C=CCCC(=O)N(CC)C1CN(C(=O)c2c[nH]nc2C)C1,0
CC1(C)Oc2ccc(C#N)cc2[C@H](N2CCCC2=O)[C@H]1O,0
C=CCCN[C@@H](C)CCNC(=O)C#CC1CC1,0
CCCCCCOCCOCCO,0
CCC1(OC)CC(=O)C(C)OC(C)C(NC)C1,0
C=CCCN1CC[C@@]2(CNC(=O)c3cc(C(F)F)[nH]n3)CCC[C@@H]12,0
C=C1CC(C)(C(=O)N[C@@H]2CCN(Cc3cc4n(n3)CCC4)[C@H](C)C2)C1,0
C=CCC1(O)CCN(C(=O)C(=O)Nc2ccc(Cl)cc2C(F)(F)F)CC1,0
NCc1cccc(O)c1O,0
CC1C(n2ccoc2=O)CC1(N)C(F)(F)F,0
Nc1nnc(N[C@@H]2CCN(c3nnc(NC(=O)Cc4ccccc4)s3)C2)s1,0
CCOC(=O)N1CCN(CCCOc2ccc(-c3ccc(C#N)cc3)cc2)CC1,0
Cc1ncc(C23CCC(N)(C(=N)OC2)C3C)o1,0
COc1cccc(-c2ccc3c(c2)[C@@H]2CCN(Cc4ccccc4)[C@@H]3C2)c1,0
C#CCNS(=O)(=O)c1cccc(C(=O)O[C@H](C(C)=O)c2ccccc2)c1,0
CCCCOC(C)=O,0
CCC#CC1(C)C2CC(=O)C=CC1(C)O2,0
COC(=O)c1ccc(OC)c(Cl)c1,0
C=C(C)CCN1CC[C@H]2CC[C@@H](C1)N2C(=O)c1scnc1Cl,0
OCc1cccnc1O,0
C=C1CC(C(=O)N[C@H]2CCc3nc(NC(=O)[C@H](NC(=O)OCc4ccccc4)C(C)C)sc3C2)C1,0
C=CCN[C@@H]1CC[C@H](CNC(=O)c2ccsc2C(F)F)C1,0
COc1ccc(NC(=O)C2(NCC(=O)NCCC#N)CCCC2)cc1OC,0
CCCCCC/C=C/CC(=O)N[C@H](CSc1ccccc1)CC(=O)O,0
C#C[C@H](C)N(C)c1nnc(-c2ccc(-c3nn[nH]n3)cc2)n1Cc1ccc(C)nc1,0
CC(=N)NC(=O)C12CC(CNC1C(C)=NO)C2,0
C=CCC(C)(C)C(=O)N1CC(N(CC)C(=O)c2oc(CC)nc2C)C1,0
COc1cc(C)c(-c2nc(C)nc(OC)c2C#N)cc1C,0
CCC1OCCC(O)C(C(C)(C)CN)C(=O)O1,0
COc1cc(OC)c(O)c(OC)c1,0
CCCn1c(N)c(C(C)C#N)c(O)c1N=CN,0
CC1CCC2C3C2(CO1)C1CC(CN1)S3(=O)=O,0
C=CCN(CC1CCCCC1)C(=O)Nc1cc(OC)c(Cl)cc1OC,0
CCNC(=O)[C@H]1OC(n2cnc3c(NC(=O)Nc4ccc(S(=O)(=O)N(CC)CC)cc4)ncnc32)[C@H](O)[C@@H]1O,0
CCCCCOc1cc2c(cc1OC)-c1c(OC)c(OC)cc3c1[C@H](C2)N(C)CC3,0
CC(O)CC(O)c1nc(CC(C)(C)C)c(N)[nH]1,0
CC[C@H](NC(=O)c1cc(OC(F)F)cc(OC(F)F)c1)c1nc(C(F)(F)F)cs1,0
CC1CC(C)C2(CCO)CCC1NC(=O)C2=O,0
N#Cc1ccc(S(=O)(=O)CCN[C@@H]2CCC[C@@H]2F)cc1,0
COC(=O)c1cc2c(-c3ccc(C#N)cc3Cl)nccc2[nH]1,0
CCc1cc2c(C3=NNC(=O)C3(C)C)ccc(NC)n2n1,0
CCNC(=O)[C@H]1O[C@@H](n2cnc3c(N)nc(NCCc4ccc(CCC(=O)O)cc4)nc32)[C@H](O)[C@@H]1O,0
C[C@@H](Cc1ccc(C#N)cc1)C(=O)NCc1ccc(Br)cc1Cl,0
CC(C)(Cc1ccc(-c2ccccc2)cc1)C(=O)N1CCC[C@H]1c1ncc(-c2cccc(F)c2)[nH]1,0
CC(c1[nH]ccc1N)C1C=CC2OCC1O2,0
Cn1cc(C(=O)N[C@H]2CN(c3c(C#N)cnc4cnc(Cl)cc34)[C@@H]3CCCO[C@H]23)cn1,0
N#Cc1cc(Oc2ccc(NC(=O)CNC(=O)Nc3cccc(Cl)c3)cc2)ccn1,0
C#CC1(C(C)O)OC2CC1(N)CC(C)(CC)O2,0
C=C(C)CNc1ccc(C(F)(F)F)nc1C(=O)OC,0
CC1C2CC(CO)C(CS1(=O)=O)C1(CO)NC21,0
CCCCNC(=O)NC1CCCC1,0
CCC[C@@H](CCc1ccccc1)NCCS(=O)(=O)c1ccc(C#N)cc1,0
CC1CC1C(CN)Cc1ccn2c1CC=C2,0
Cc1nc2cc(C(=O)O)ccc2s1,0
COCCN(CCNC(=O)[C@]12CCCC[C@H]1C2)c1nccnc1C#N,0
CNS(=O)(=O)c1ccccc1,0
CC(CC(=O)N(C)C=O)NS(=O)(=O)C1(C)CN1,0
Cc1nc2n(c(=O)c1CCN1CCC(c3noc4cc(F)ccc34)CC1)CCCC2O,0
COc1ccc(S(=O)(=O)N2CCCc3c(Cl)cc(Cl)cc32)cc1N1CCNCC1,0
CN(C[C@@H]1CCOC1)c1nnc(-c2ccc(C#N)cc2)n1CC1(C)CCOCC1,0
CC1c2cc3ncn4c3n2C2(CN)C1C42C,0
CCOc1cc(=O)n(C)cc1-c1cc(N(Cc2cn(C)cn2)S(=O)(=O)CC)ccc1Oc1ccc(F)cc1F,0
CC(=O)CN1CCCCC1,0
C=CC(C)(C)C(=O)N1CC[C@H](NC(=O)c2cc(C)ncn2)[C@H](O)C1,0
COc1ccc(C(CC(=O)O)Cc2cc(OCCc3ccc4c(n3)NCCC4)no2)cn1,0
CC1(NC(=O)N[C@H](CCC#N)c2ccccc2)Cc2ccccc2C1,0
CCN1CCc2ccccc2C1,0
O=C(Nc1ccc(S(=O)(=O)Nc2nccs2)cc1)c1cn(Cc2c(F)cccc2Cl)c2ccc(=O)[nH]c2c1=O,0
OC(O)C(O)c1ccccc1,0
O=[N+]([O-])c1cnc(Sc2nnc(O)n2-c2ccc3c(c2)OCO3)s1,0
CC(C)NC(=O)Nc1ccncc1,0
CN(C(=O)C1(c2ccc(F)cc2)CCC1)[C@@H]1CCc2c(CC(=O)O)c3cccnc3n2C1,0
C=CCCN1CC[C@H](NC(=O)c2[nH]ccc2-c2ccccc2)[C@H]1C,0
Cn1c(CCCC#N)nnc1N(Cc1cc(Br)ccc1F)C1CC1,0
C#CC1(C(C)O)C(=O)c2cnoc2CN1CC,0
CCOc1ccc(S(N)(=O)=O)cc1,0
CCOC1(CN)C(N)C(NC)=NC(CC)C1C,0
C=C1CCC(C(=O)N2C[C@@H]3CN(C(=O)Cc4ccc(C)o4)C[C@]3(C)C2)CC1,0
COc1cc(N2CCN(C(C)=O)CC2)ccc1Nc1cc(-c2c[nH]c3cnccc23)ncn1,0
CCN(CCC#N)C(=O)COC(=O)c1c[nH]nc1-c1cnn(C)c1,0
N#Cc1ncccc1COC[C@H]1OCCc2cn(Cc3ccncc3)nc21,0
C=CCCN1C2CCC1CC(OC(c1ccc(F)cc1)c1ccc(F)cc1)C2,0
CC(=O)C1=CCNC2CS(=O)(=O)CC2C1C,0
CCn1c(=O)[nH]c2ccccc21,0
Nc1cncc(N)c1,0
CN(C[C@@H]1CCC[C@@H]1O)/C(O)=N/[C@@H]1CCOC2(CCC2)C1,0
COCCOc1cc2ncnc(NC3=C(Cl)C(=O)C=C(OC)C3=O)c2cc1OC,0
Cn1cc(CNC(=O)N[C@@H](CCO)C2CC2)c(-c2ccc(C#N)cc2)n1,0
Cc1cc(C)c2c(N)c(C(=O)NCc3ccccc3)sc2n1,0
C=C[C@H](O)C(C)(C)C(=O)NC[C@@H]1CCN(C(=O)c2c[nH]c3cccc(OC)c23)[C@H]1c1cccnc1,0
NC1=N[C@@]2(CO1)c1cc(-c3cccnc3F)ccc1Oc1cnc(-c3cccnc3)cc12,0
CN(Cc1ccccc1)C(=O)N1CC(OC(c2ccc(Cl)cc2)c2cccnc2Cl)C1,0
CC1(C)NS(=O)(=O)C2NC1C(C=O)NCC2=O,0
CC12CC(O)(CN)C3OC4OCCC4(CO1)C32,0
N#Cc1cc(NC(=O)N[C@H](CCCO)c2ccccc2)ccc1Oc1ccccc1,0
c1ccc2c3c([nH]c2c1)[C@@H](C1CCOCC1)N[C@@H](c1nc(-c2cnccn2)c[nH]1)C3,0
CCC(CC)C(C)c1nc(C)c(C#N)c(=N)s1,0
OC(O)c1ccc(CCl)cc1,0
CC1NC12CN1CC(C)(C)C(N)(C1C)C2O,0
COc1c(/C=C/c2ccc(NS(C)(=O)=O)cc2)cc(-n2ccc(=O)[nH]c2=O)cc1C(C)(C)C,0
CCOCC,0
CC#CCCCC(=O)NC[C@H]1CCCCN1c1cnc(F)cn1,0
Cc1ccc(C2(CC(=O)N3CC(O)C3)C3CC4CC2CC(C3)C4O)cc1,0
Nc1ccc(CO)cc1,0
C[C@@H](Cc1ccc(C#N)cc1)C(=O)N(C)[C@@H](C)c1cccc(S(N)(=O)=O)c1,0
CC(C)(C=O)CNCCOC1OCCNC1=O,0
C#CC(NCC(N)=O)c1sc(C)nc(=O)c1O,0
O=C(NCCCCN1CCN2c3ccccc3CC[C@H]2C1)c1ccc2ccccc2c1,0
OC(O)c1ccccc1,0
N#CCNC(=O)CN1CCCC2(C1)CN(C(=O)C[C@H]1COC(=O)C1)C2,0
NC(=O)c1ccc(O)cc1,0
CCCNCc1ccc(Cl)cc1Cl,0
CC1=CC2(N3C=NCC3)C3CC(C3)C1S2(=O)=O,0
COc1ccc(OC)c(CCCC(=O)N2CC[C@H]3CO[C@@H](CNC(=O)C#CC4CC4)[C@H]3C2)c1,0
CC1OC2C(N)C2C=CC2COC1OC2=O,0
C#CCC1(CO)CC2N=CN(C)C2(CO)C1C,0
O=C(O)CCC(=O)NO,0
CCCCCCCCCC(O)(P(=O)(O)O)P(=O)(O)O,0
COc1cccc(CN[C@H]2C3CCN(CC3)[C@H]2C(c2ccccc2)c2ccccc2)c1,0
CC(C)CO,0
COc1ccc2nccc([C@@H](O)[C@H]3C[C@H]4CCN3C[C@@H]4/C=C/c3ccc(-c4ccccc4)cc3)c2c1,0
CNC(O)(O)c1ccccc1,0
C=CCC[C@H](C)N(C)[C@H]1CCN(C(=O)c2cn3ccc(C)cc3n2)C1,0
COc1ccc2c(c1)CCC2=O,0
N[C@@H](CC(=O)N1CCNC[C@H]1Cc1ccccc1)Cc1ccccc1F,0
C[C@H](c1ccnc(Nc2nc3ccc(-c4cc(N(C)C)ncn4)cc3[nH]2)c1)N1CCN(C(=O)CC(F)(F)F)CC1,0
NC(=O)C1CCCCC1,0
O=C(O)CO,0
COc1ccc(C=C[N+](=O)[O-])cc1,0
Cc1[nH]c(/C=C2\C(=O)Nc3ccc(S(=O)(=O)N(C)c4cccc(Cl)c4)cc32)c(C)c1C(=O)N1CCN(C)CC1,0
CC#CCN1CC[C@H](CNC(=O)[C@H]2CN(C)C[C@@H](C)O2)C1,0
CCOc1ccc2nc(O)c(CN(CCO)C(=O)CC)cc2c1,0
CC(C)(CO)c1ccc(C(=O)Nc2cc3c(cn2)c(Cl)cn3C2CC2)cc1,0
CCCOc1ccccc1NC(=O)c1ccc(C)c(S(=O)(=O)NCC#N)c1,0
CCc1nc([C@H]2CCCO2)c(C(=O)N[C@H]2C3CC4CC2C[C@](O)(C4)C3)s1,0
COC(=O)COc1ccccc1C,0
COc1cc(-c2cc(C(N)=O)c3[nH]c4ccc(C(=O)N5CCOC(CO)C5)cc4c3c2)cc(OC)c1OC,0
C#CCN1CCC(CCOC)(NC(=O)c2nc3ncccn3n2)CC1,0
CCNc1nc(C)c(Br)c(O)c1C1CCOC1,0
C=CCN(Cc1ccccc1)[C@H](C(=O)O)c1ccccc1,0
CC(C)c1ccc(Oc2cc(C(=O)N3CC[C@](O)(CC#N)C3)ccn2)cc1,0
CC(C)CC1(C(=O)N2CCCO[C@H](CNCC#N)C2)CC1,0
CNC(=O)C[C@@H]1SC(=Nc2ccc(Cl)c(Cl)c2)N(CCCNC(C)=O)C1=O,0
CCC(OC(C)(C)C(=N)N(C)C=N)C(=N)OC,0
CCN(C(=O)[C@@H]1CO[C@@H](CCC(=O)O)C1)[C@H](C)c1ccc(C#N)cc1,0
Cn1cc(-c2ccc3nnc(Sc4ccc5ncc(N[C@H]6CCN(C(=O)OC(C)(C)C)C6)cc5c4)n3c2)cn1,0
CN(C)CCCCN,0
C[C@@H](C#N)CNC(=O)c1ccc(Cl)c(S(=O)(=O)N2CCCCC2)c1,0
Cc1cccc(COc2ccc(-c3nn(CCCF)cc3-c3ccncc3)cc2)n1,0
CCNc1ccc(C(=O)O)cc1N,0
C#CC1C(=N)NC(CCN)C1C1CCN1C,0
CCCCN1C(=O)CCC1=O,0
CC(=O)OC[C@H]1O[C@@H](CC(=O)/C=C/c2ccc([N+](=O)[O-])s2)[C@H](OC(C)=O)[C@@H](OC(C)=O)[C@@H]1OC(C)=O,0
O=C(O)COCC(=O)O,0
Cn1nc(-c2ccccc2F)c2cc(C(=O)NC3CCN(Cc4ccccc4)CC3)sc21,0
C#CCO[C@H](C)C(=O)N1CC[C@@H](CNC(=O)c2nccc(OC)c2OC)[C@@H]1c1cccnc1,0
CCCC1C(=O)C(CN=c2onns2)CN1C,0
Nc1ccnc(C(O)O)c1,0
CCNC1=NCC2C(=O)C(C)C1OC(=N)C2C,0
CC1=C(C(=O)OC(C)C)C(c2ccccc2Cl)C(C(=O)O)=C(C(=O)O)N1Cc1ccc(Cl)cc1,0
CCCC(O)(CNC(=N)CCO)C1CNC=N1,0
CC[C@H](C)NC(=O)c1ccc(NC(=O)c2ccc(C#N)s2)c(C)c1,0
CC(Cn1nc(C=O)cc1O)C(C)C(F)(F)F,0
CS(=O)(=O)[C@@H]1CCCCN(c2nnc(-c3ccc(C#N)cc3)n2Cc2nccn2C(F)F)C1,0
CCNc1nc2ccc(OC)cc2n2c(CC)nnc12,0
CCCCCCCCCCCCCCSCC(=O)O,0
CC(C)NC1CC(C)c2noc3nnn(c23)C1,0
CC(C)c1cc(C(=O)N2CCN([C@H](C#N)c3ccc(F)cc3)CC2)n[nH]1,0
COc1ccc(C2NC(C(=O)O)Cc3c2[nH]c2ccccc32)cc1OC,0
Cc1cc2c(o1)C1(O)CCNCC2C(C)(N)C1,0
CC1CC(O)C2(C)C(N)CC3NC3C12O,0
CC(=O)Oc1ccc(Cl)cc1Cl,0
Cc1cc(N)n(-c2ccccc2)n1,0
CC(C)c1ccc(C(C)C)cc1,0
Cc1ccc2ccccc2c1,0
CC(=O)CCOc1cc(O)sc1N(C=N)C=N,0
Cc1ccc2[nH]ccc(=O)c2c1,0
CCCOc1ccc(OCC)cc1,0
CCN(c1nnc(COc2ccc(C#N)cc2)n1CCCn1ccnn1)C(C)C,0
Cc1cncc(-c2cc3c(cn2)cnn3-c2cccc(N3CCCC(N)C3C)n2)n1,0
C#CCCOC1(C(O)CC)OCCC1OC=N,0
C=CCCOCC(=O)NC[C@@](C)(OC)c1ccccc1,0
CCCCCCC(=O)NC(N)=O,0
CCOCCOCC,0
CCc1cc(C(=O)N[C@@H](C)CCN=c2cc[nH]cc2C#N)c(C)nn1,0
CNC(=O)Nc1ccc2c(c1)CC[C@]21NC(=O)N(CC(=O)N2Cc3cc(F)ccc3OC[C@H]2C2CC2)C1=O,0
Cc1ccc2c(C)cc(=O)oc2c1,0
CCc1ccc(CCC(=O)O)nc1,0
C/C(O)=C(/C#N)C(=O)Nc1cc(Br)ccc1Br,0
O=C(O)CN1CCCCC1,0
COC(O)Cc1ccccc1,0
CC(=O)N[C@@H](C)c1ccc(O[C@@H]2CCN(c3ccnc(N4CCC4)n3)C2)cc1,0
CC(C)c1cc(C(=O)N[C@@H]2CCCCN(C(=O)C#CC3CC3)C2)no1,0
N#C[C@@H]1CN(Cc2c(C(=O)O)[nH]c3ccccc23)CCO1,0
OCOC(O)c1cccc(O)c1,0
CC1(c2cc(=N)[nH]c(N)n2)CC2(CC2)CN1,0
CCn1ncc(-c2nc3c(N[C@H](C)C(=O)N4CCOCC4)ncnc3n2C)c1C,0
CCC1COC=NC1(CC(C)C#N)C(C)(C)C,0
CN=C(O)c1ccccn1,0
C=C(C)CC(C)(C)C(=O)Nc1nc2c(s1)C[C@H](NC(=O)CCc1cnc3[nH]ccc3c1)CC2,0
Cc1ccc(OCCC(=O)O)cc1,0
COC(=O)c1ccc2[nH]ccc2c1,0
CCCCO,0
O=C1c2ccccc2C(=O)N1CCCn1cc(COCc2cn(CCCN3C(=O)c4ccccc4C3=O)nn2)nn1,0
CC(=O)Nc1ccc(C)cc1C,0
Cc1sc(NC(=O)c2cnc(N3CCC(C(=O)O)CC3)c(Cl)c2)nc1-c1ccc(F)c(C(F)(F)F)c1,0
COc1ccc(C=C2c3ccccc3C(=O)c3ccccc32)cc1O,0
CCONC(=O)Nc1ccccc1,0
CCC(N)(C#CCC1CC1S(N)(=O)=O)C(N)=O,0
CC(NC(CN)C(C)O)c1nc(=O)nc(F)o1,0
Cc1cccc(Cl)c1OCCCO,0
C[C@@H](CN(C)C(=O)[C@H]1CCN(C)C1)NC(=O)CSCC#N,0
C=CCOC[C@@H]1c2nnn(CC)c2CCN1Cc1c(O)cc(O)cc1O,0
CC1OCOC2C3(C(=N)N)CC(N=C3N)C12C,0
CC(O)CCNC1(C(O)CO)CNC(=N)C1N,0
CN(C)CCCOc1ccc(-c2ccc3ncc4c(c3c2)n(C2CCOCC2)c(=O)n4C)cn1,0
CC(O)c1ccccc1,0
CN1CCN(c2ncccn2)CC1,0
CCOC(=O)NC,0
[N-]=[N+]=N[C@]1(CO)O[C@@H](n2ccc(N)nc2=O)[C@@H](O)[C@@H]1O,0
COc1ccc(C2=N[C@@H](c3ccc(Cl)cc3)[C@@H](c3ccc(Cl)cc3)N2C(=O)N2CCNC(=O)C2)c(OC(C)C)c1,0
COC(N)c1ccccc1,0
CCCCCn1/c(=N/C(=O)c2cccc(C(F)(F)F)c2)sc2ccccc21,0
COC/C=C/C(=O)N[C@@H](C)c1ccc(C#N)cc1,0
CC1(C)CC2NC1(C)C1CCC(CO)N1C2=O,0
C#Cc1cccc(NC(=O)N[C@@H](COC)c2ccc(F)c(F)c2)c1,0
Oc1ccc2c3c1OC1[C@H](OCc4ccc(-c5ccccc5)cc4)CCC4(O)C(C2)N(CC2CC2)CCC314,0
CN1CC2(N)COC(=N)N3CC32C1C#N,0
N#C[C@@H]1CN(S(=O)(=O)N2CCC(NS(=O)(=O)c3ccccc3)CC2)CCO1,0
COc1ccc(OP(=O)(O)O)cc1,0
Nc1ccc(C(=O)O)c(F)c1,0
CC(C#N)N=C(C#N)N1CC(=O)S(=O)(=O)C1,0
CCCc1c(CCN)nc2n(C)c(N)cnc1-2,0
COC(=O)c1cccc2nc(Nc3ccc(-c4nn([C@H]5CC[C@@H](N6CCN(C)CC6)CC5)c5ncnc(N)c45)cc3)oc12,0
CCCC1(C#N)CC(NC)C(C(C)(O)CO)C1,0
C#Cc1cnc(N2CCc3ccc(C(F)(F)F)cc3C2)nc1,0
CC1=CCC2(CC1)CC(=NO)C1NC2C1O,0
CCN1CC(=N)OC(C)(C)OC(C)C(O)C1=N,0
N#C[C@H](c1cccs1)N1CCN(C(=O)CN2CC[C@H](CF)C2)CC1,0
C=CCn1c(CCn2ccnc2C)nnc1N1CCC[C@@H](NC(=O)OCC)C1,0
Fc1ccc(Nc2ncnc3c2nc2n3CCCCC2)c(F)c1,0
CC1OCCOCCc2oc1c(O)c2N,0
CCC(O)C(CN)C(OC)c1nc(=O)cns1,0
OCC(O)(O)c1ccc(O)cc1,0
C=CCCCN[C@@H](C)C[C@@H](C)NC(=O)c1nccc(C)n1,0
C=C(C)CN[C@@H]1CN(C(=O)Cc2ccc(NC(C)=O)cc2)C[C@@H]1C,0
CC12OC(C(=N)OC1CN)c1c2[nH]ccc1=O,0
COc1ccc(NC(=S)N(CCCN2CCOCC2)Cc2cn(C)c3ccccc23)cc1,0
O=C(O)Cc1csc2cc(OCc3cc(-c4ccc(C(F)(F)F)cc4)on3)ccc12,0
COCC(=O)Nc1ccc(F)cc1,0
Cc1nn(-c2ccc(S(N)(=O)=O)cc2)c(Cl)c1C1CC(c2ccccc2)=NN1c1ccc(S(N)(=O)=O)cc1,0
Cc1ccc(C(=O)NCCCC2CCCCC2)cc1NC(=O)c1ccc(-c2ccccc2Cl)s1,0
Cc1ccc2oc(=O)cc(C)c2c1,0
CC1=C/C[C@@H](/C(C)=C/c2csc(C)n2)OC(=O)C[C@H](O)C(C)C(=O)[C@H](C)[C@@H](O)[C@@H](C)C\C=C\1,0
C=C[C@](C)(CC)C(=O)N1CCCC[C@H]1CNC(=O)c1cc(C)sn1,0
COc1ccc(-c2nc(O)c3ccccc3n2)cc1,0
C#CCCCC(=O)NC[C@@H]1CN(CCn2cccn2)C[C@H]1C,0
Cc1nc(Nc2cc[nH]c2)sc1OCCCN,0
N#CCOc1ccccc1C(=O)N[C@H](c1cncc(Br)c1)C1CC1,0
C=C(C)Cn1c(-c2cc[nH]n2)nnc1N1CCN(c2ccc(F)cn2)CC1,0
CNC(=O)c1cc(-c2ccc(NC(=O)Nc3ccc(Cl)c(C(F)(F)F)c3)cc2)ccn1,0
CC1C(NCc2ncc(O)s2)CC(C)(C)C1C,0
OC(O)c1cccnn1,0
Nc1ncnc2c1ncn2[C@@H]1O/C(=C\F)[C@@H](O)[C@H]1O,0
C[C@H]1CN(c2ncc(C#N)cc2F)CC[C@H]1NC(=O)CC(C)(C)O,0
CC1(C)CC(=O)C=C(Nc2cc(C#N)c3cc([N+](=O)[O-])ccc3n2)C1,0
C[C@H](NC(=O)c1cc2ccccc2cn1)C(=O)OCc1ccccc1,0
C=CCNC(=O)N1C[C@@H]2COC[C@H](C(=O)NC(C)C)[C@@H]2C1,0
CCc1ncnc(-c2ccc(C(=O)N(C)OC)c(OC)c2)c1C#Cc1ccc(N)nc1,0
COc1ccccc1C=CC(C)=O,0
CC(C)c1cc(N(C)c2[nH]c(=O)oc2N)ns1,0
CCCCCc1ccc(C)cc1O,0
Cc1ccc(OCC(=O)O)cc1C,0
CC1CC2(C)C1=CC#CCS(=O)(=O)CC2O,0
CC12CC(N)(CO)COC1=Nc1noc(=O)n12,0
CCNC(=S)Nc1ccc(C)cc1,0
OCCCCCO,0
CC[C@@H](C)c1nnc(N2CCN(c3ccsc3C#N)CC2)n1CC,0
OCCN(O)c1ccccc1,0
N[C@H]1C[C@H](CNC(=O)C(=O)NCC#Cc2ccccc2)C1,0
Cc1cc(NC(=O)C(=O)c2cn(Cc3ccco3)c3ccccc23)sn1,0
NCC(O)(O)c1ccccc1,0
CC(C)CCN1CCN2c3cccc4[nH]cc(c34)CC2C1,0
CN(C)C(Cl)c1ccccc1,0
Cc1c(C(=O)NC2CCOCC2)cc(-c2cc(C(C)(C)C)c3c(c2)C2(CCO3)CC2)n1CC1CCCCC1,0
C1=CC2(NC1)C1C=CC(O1)C1OC=NCC12,0
CCCNCc1cc(F)cc(Cl)c1,0
CN1CCN(Cc2ccc(CNc3nccc(C#N)c3Cl)cc2)CC1,0
Cc1cnc(NC(=O)[C@H](c2ccc(Cl)cc2)C(C)C)s1,0
NCCc1ccc(Cl)cc1,0
O=C1C(Cl)=C(Oc2ccccc2)C(=O)c2ccccc21,0
CC[C@H](C)c1nnc(N2CCC(C#N)CC2)n1CCNC(=O)Cc1cccc(F)c1,0
C#CC1C(C#N)(CC=O)OCOC1(C)C(C)C,0
C=C(Br)Cn1c(COc2ccc(C)c(C)c2)nnc1N1CCOC[C@H]1C,0
COc1cc2cc(c1)COc1ccccc1NC(=O)[C@@H](CCCCCC(=O)NO)OCCC2,0
CC1(C)OC(S)=Nc2ccc(-c3cc(Br)cc(C#N)c3)cc21,0
CN(Cc1ccccc1)C(O)O,0
Cc1nnc(-c2cc3c(Oc4ccc(C(F)(F)F)cc4)cncc3s2)o1,0
OCc1cccc(O)c1,0
CCCCNC(=O)CCl,0
N#CCc1ccc(NC(=O)Cc2cn3cc(Cl)cc(Cl)c3n2)cc1,0
COCCC(=O)O,0
CCC(=N)N(C)C(=N)OC(C)(C=O)C(C)NC,0
C=CCOc1ccccc1[C@H](C)NS(=O)(=O)c1cc(OC)ccc1C#N,0
CC(=O)CCCC(=O)NC[C@@H]1CN(C(=O)CSCC#N)C[C@@H]1C,0
COc1cccc(CCc2ccccc2OCCCCN2CCN(C)CC2)c1,0
C#C[C@@H](NC(=O)NCc1ccc(OC2CCN(C)CC2)cc1)[C@H]1CCCO1,0
Cc1ccc(C)n1-c1c(C(=O)Nc2ccc(S(=O)(=O)/N=C3\CCCCCN3C)cc2)cnn1C,0
Cc1cc(Nc2ncc(C#N)c(Nc3cn(C)nc3S(=O)(=O)C(C)C)n2)c(OC2CC2)cc1C1CCN(C)CC1,0
COc1ccc(C)c(O)c1C(C)=O,0
C#CCO[C@H](C)C(=O)N1CCOC[C@]2(C1)CN(C(=O)[C@H](S)C(C)C)CCO2,0
CC(C)(C)c1ccc(C(=O)O)cc1,0
N=C(N)NCCC[C@H](NC(=O)CN1CCN[C@H](CCCNC(=N)N)C1=O)C(=O)c1nccs1,0
CNC(Cc1ccccc1)C(=O)O,0
Cc1cc(=O)c2ccccc2[nH]1,0
CNCC(C)c1ccccc1,0
C#CC1(CC)CNC(C)=NCC1(N)CNCC,0
COC(=O)CCc1ccccc1C,0
CN(C)CCCc1ccc(Cl)cc1,0
COc1ccc(CNC(C)C)cc1,0
Cc1cccc(N2CCNCC2)c1,0
Cc1sc(=O)[nH]c1C1(C)CC=CC1(N)CO,0
Cn1c(S[C@H](C(=O)O)c2ccc(C#N)cc2)nc2sc3c(c2c1=O)CCC3,0
C#CCN(C)c1nnc(-c2c[nH]nc2-c2ccccn2)n1CCOC,0
CC12NC(=N)C(NC3CCC1(C(N)=O)C3)C2O,0
CN(C(=O)c1cnnn1C)C1CC(Nc2ncc(C#N)cc2Cl)C1,0
CCC1CC2(N)CNC(=N)C3(N)C(C)CN1C23,0
CC1CCc2n[nH]nc2CCN1C(=O)CO,0
CC(O)C1=NCC(O)(C(=N)N)CN1CC=O,0
CC(=O)C(C)C1CCOC(C)(CCCO)CO1,0
C#CC1(C)COCC1C(C#N)C(C)O,0
C=C(N)c1ccccc1,0
Cc1nnc(Nc2ccccc2)o1,0
COC(=O)C[C@@H](NC(=O)c1cc2ccccc2n1CC#N)c1ccc(OC)cc1OC,0
Cc1[nH]nc(O)c1C(C)N1CC(O)C(N)C1=O,0
Cc1cc(C(=O)N2CC(F)(F)C2)ccc1[C@@H]1CCCN1C(=O)c1cc(Cl)c(O)cc1O,0
COC(=O)C1C2CCC3CCC1N(C/C2=C\c1ccc(-n2cccc2)cc1)C3,0
CN(CO)Oc1ccccc1,0
Cc1ccc(S(=O)(=O)N2CCC(=O)N(C(COC(=O)Nc3ccccc3)Cc3ccccc3)CC2)cc1,0
CCN(CC)CCCC(C)Nc1c2ccc(Cl)cc2nc2ccc(OC)cc12,0
CCC(O)c1ccccc1,0
CC1(O)CNC2CCNC3(C)CC(=O)COC213,0
COc1ccc(C#CCCCCC(=O)O)cc1Cc1cnc2nc(N)nc(N)c2c1C,0
O=C(O)[C@H]1NC(=O)[C@H](O)[C@@H](O)[C@@H]1O,0
C#CCCN(CC(F)(F)F)C(=O)CSCc1nc(O)c2c3c(sc2n1)CCC3,0
C=CCN1C[C@@H]2[C@H]3CC[C@@H]([C@H]2C1)N(C(=O)C1(C)CC1)C3,0
CC1CN([C@H]2CC[C@H](n3cc(C(N)=O)c(Nc4ccc(C(F)(F)F)cc4)n3)[C@@H](C#N)C2)C1,0
COc1cc2nc(S(=O)CC(=O)Nc3ccc(C#N)cc3)nc(Nc3c(C)cc(/C=C/C#N)cc3C)c2cc1OC,0
CONC(=O)c1cc(Nc2ncnn3cc(NC(=O)OCCCN4CCCCC4)c(C(C)C)c23)c(F)cc1F,0
Cc1c(C#N)c(=O)c(=O)n2nccc2oc1=N,0
Oc1cccc(C(O)Cl)c1,0
C=C(C)CN1CCC2(CCN(C(=O)[C@@H]3CCN(C)C3)CC2)C1=O,0
CC1CC(C(O)C(=O)c2c[nH]nn2)N(C)C=N1,0
COc1ccc(N2C[C@@H](C)N[C@@H](C)C2)cc1NS(=O)(=O)c1ccc(Cl)c(Cl)c1,0
CN1CCN(C2CCN(C(=O)C(C)(C)c3cc(F)cc(C#N)c3)CC2)CC1,0
COc1ccc2[nH]c(C)c(CCN)c2c1,0
C#CC1C(C)CC2=NC(CCN1C)COCO2,0
N#Cc1ccc2c(c1)CCN(C(=O)CCn1cccn1)C2,0
CC(=O)OC1CCCc2nc3sc(C(=O)Nc4ccccc4Cl)c(N)c3cc21,0
CCO[C@@H](Cc1ccc(OCCc2nc(-c3ccc(C(F)(F)F)cc3)oc2C)c2ccsc12)C(=O)O,0
Cc1cc(COc2ccc(C(=O)N[C@H]3CN(C(=O)OC(C)(C)C)C[C@@H]3c3n[nH]c(=O)[nH]3)cc2)c2ccccc2n1,0
C=CC[C@H](NC(=O)OC(C)(C)C)C(=O)N1CCCC2(CCN(C(=O)C3=CCCC3)CC2)C1,0
CCN1CC12C1CNC(C)C(OC)(C1)C2N,0
CC12CNC=NC1Cc1sc(=N)cc(O)c1C2,0
CC1N=C(N)C2CC(N)C(C3OC13)C2(C)N,0
C1CCCC1,0
COC(=O)CCC(=O)OC,0
CCc1ccc(C(O)O)cc1,0
C#CC12C3CS(=O)(=O)N1C(C=O)C2NC3CC,0
CC(N)C1CN2C(=O)C(C#N)C=CCC12,0
Cc1c(Cc2ccc(-n3cccn3)cc2)cc(C(=O)N[C@H]2CCC(O)C[C@@H]2O)c(=O)n1C,0
N#CCCCOC(=O)c1nc(C2CC2)n(-c2ccccc2)n1,0
O=C(C#Cc1ccc(C(F)(F)F)cc1)NC[C@@H]1[C@@H]2Cc3ccccc3[C@H]12,0
O=S(=O)(NCC1CC1)c1ccc(Nc2ccc(F)cc2F)cc1C(F)(F)F,0
CC1COC(CCN)CNC2=NCC1N2C,0
OCN(CO)c1ccccc1,0
C=CCN(CC=C)C(=O)c1ccc(NC(=O)NC[C@@H](c2ccc(F)cc2)N2CCOCC2)cc1,0
O=C1C[C@H]2O[C@H]([C@@H](O)c3ccccc3)[C@H](O)[C@H]2O1,0
C=C[C@](C)(O)CC(=O)Nc1ccc(F)cc1OC(F)F,0
Cc1cc(CC(=O)N[C@H]2CCC[C@H]2CNc2cncc(C#N)n2)n[nH]1,0
CC[C@@H]1CC[C@@H](C)N1CC[C@](C#N)(C(C)=O)c1ccccc1,0
Oc1ccc(C(O)C(O)O)cc1,0
CC1(C)Cc2c(Br)noc(=N)c2NCC(=O)N1,0
CC(C)CN(c1nnc(-c2cccc(C#N)c2)n1C[C@@H](C)N1CCC[C@@H](C)C1)C(C)C,0
OC(Cl)c1ccccc1,0
C#CC[C@@H](OC(=O)c1ncc2ccccn12)C(C)C,0
CCc1nc[nH]c1C(=O)N1CCCC[C@H]1CN=c1cc[nH]cc1C#N,0
CN1CCCCc2ccccc2C1,0
CCO[C@H](CC(=O)NC[C@@H]1CN(CC(=O)NCC#N)C[C@H]1C)C(C)C,0
Cc1cc(C)c2cccc(N)c2n1,0
COCC#CCN1CCN(C(=O)C2(c3cccnc3)CCCC2)CC1,0
[11CH3]Oc1cccc2c1CCN(CCCc1c[nH]c3ccc(F)cc13)C2,0
CCN(CC)C(=O)c1cccnc1,0
C#CCC12C=CC(C)(C1)OCC21CC(=NO)C1,0
CC(=O)NCC(N)Cc1[nH]c(=N)sc1C#N,0
CCC1OCC2(CO)Cn3nc(C)cc3C12C,0
Cc1ccc(NCc2ccc(C(=O)Nc3ccccc3N)cc2)cc1Nc1nccc(-c2cccnc2)n1,0
CN1C(=N)CC(=O)N(C=N)c2ccc(=N)[nH]c21,0
C#CCCN1C[C@@H]2C(CNC(=O)c3cnc4cnccc4c3)[C@H]2C1,0
C#Cc1ncc(N)c(-c2c(C)n[nH]c2C)n1,0
Cn1c(=O)c2c(nc3n(CCCCCN4CCN(c5ccccc5O)CC4)c(-c4ccccc4)cn23)n(C)c1=O,0
OCC(O)c1ccc(O)cc1,0
C#CCC1CN(CCO)C(C)(CC)C1(C)CN,0
COc1cccc2ccc(C)nc12,0
C#CCN[C@@H]1CC[C@H]2CN(C(=O)Cc3cn(CC)nn3)C[C@@H]21,0
N#Cc1c(Nc2nccs2)nc(SCc2nc3ccccc3[nH]2)nc1-c1ccccc1,0
Cc1nocc1C(=O)NC[C@H](C)CNCc1cccc(C#N)c1,0
Cc1cc(C)cc(C)c1,0
COc1ccc(CCc2cc(OC)c(OC)c(OC)c2)cc1O,0
COCC(=O)NC1CCCCCC1,0
COc1cc2nc(N3CCCN(C)CC3)nc(NC3CCN(Cc4ccccc4)CC3)c2cc1OC,0
C#CC1(C)COC(C#N)CCC(O)CC(O)C1,0
Nc1ncccc1O,0
C#CCN1CC[C@H]2CN(C(=O)c3ccc4oc(C)nc4c3)CC[C@H]21,0
COc1ccc(C(F)(F)F)cc1S(=O)(=O)Nc1c(C#N)cccc1OC,0
N/C(=N\O)c1ccc(/C=C/c2ccc(O)c(-c3ncccn3)c2)cc1,0
CC#CCN[C@@H]1C[C@H](NC(=O)c2cc(C(F)F)nn2C)C12CCC2,0
CCCCCN1CN(c2ccccc2)C2(CCN(CCCC(=O)c3ccc(F)cc3)CC2)C1=O,0
C[C@@H](CCCN1CCN(C)CC1)Nc1ccnc2cc(Cl)ccc12,0
CCNCC(O)C1NC(C)CC(C=O)NC1C,0
N#Cc1ccc(OCC(=O)N=c2ccc3cccc(Cl)c3[nH]2)cc1,0
C=C[C@H](CC)CC(=O)N(CC)CCNc1nccc(SC)n1,0
CN[C@@H](C)C(=O)N[C@H]1Cc2ccccc2[C@H]2CCC[C@@H](C(=O)NC(c3ccccc3)c3ccccc3)N2C1=O,0
CCCn1c2c(F)c(C(C)O)c[nH]c-2cc1=O,0
Nc1ccncc1O,0
CNC(=O)C[C@H]1SC(=Nc2ccc3ccccc3c2)N(CC(F)F)C1=O,0
C[C@H]1CCCC[C@@H]1NS(=O)(=O)c1ccc(F)cc1C#N,0
CCN=C1C(C)OC2C3CC=CC3C3C2N13,0
N#C[C@H](c1ccc(Br)cc1)N1CCN(C(=O)C2(Oc3ccccc3)CC2)CC1,0
CO[C@@H]1COCC[C@H]1CC(=O)Nc1cccc(OC(F)(F)F)c1C#N,0
CC1CCOC(C(CC=O)=NO)CC(=NO)C1,0
CCOC(=O)c1sc(NC(=O)c2cc(-c3ccccc3C)nc3ccccc23)c(C#N)c1C,0
O=C(O)CCCCCO/N=C(\c1ccccc1)C(Cc1ccccc1)n1ccnc1,0
C=CCC[C@H](CO)NC(=O)C(=O)Nc1ccc(OCCC)c(F)c1,0
CN(Cc1nc(=O)o[nH]1)C(=O)c1ccc(C#N)o1,0
CC1CN=C2OCC(C3CC1(C)N=C3N)N2C,0
Cc1ccccc1CN1CCC(NC(=O)C(O)(c2ccccc2)C2CCCC2)CC1,0
CC(C)(C)c1ccc(CCN)cc1,0
CCCCCOC(=O)CCCC,0
O=C1c2ccsc2SCCN1Cc1ccc(F)cc1,0
CCCC(C=NO)C1=NCC(=O)C(=N)N1C,0
CC(C)CNCCc1ccccn1,0
CC(O)C1CCC(C)C12CNc1sc(=O)[nH]c12,0
N[C@H]1C[C@H](N2Cc3nn4cccnc4c3C2)CC[C@@H]1c1cc(F)ccc1F,0
C[C@H](CN)c1ccc(-c2c(O)cc(Cl)c3[nH]c(=O)c4sccc4c23)cc1,0
CN1C2C=CC3(COC(=NCC=O)N3)C21C,0
C[C@H]1CCN(CC(=O)N2C[C@@H](C)[C@H](Nc3snc(Cl)c3C#N)C2)C1,0
COc1cc(OCc2cccc(OCc3cccc(C(F)(F)F)c3F)c2)c2cc(-c3cn4nc(OC)sc4n3)oc2c1,0
COc1nccc(-c2c(-c3ccc(F)cc3)ncn2C2CCNCC2)n1,0
CCCCCNCc1ccccc1,0
CC1NC(=O)C2(OCC3OCC(O)C32)C1CN,0
CN1CC2(C)NC(CC1=O)C1C(C#N)CNC12,0
CC(=O)OC1C(=O)CC(C=O)C2COC12C,0
CCCCCNCC(N)=O,0
CCCc1cc(N)coc(N)c(O)ccc1=O,0
CN1CC2C3C(C(N)C4NS(=O)(=O)C(O)C24)C31,0
C=CC[C@H](CCC)OCc1c(C(=O)OC)cccc1[N+](=O)[O-],0
C=CCCC(C)(C)C(=O)N1[C@@H]2CC[C@H]1C[C@@H](NC(=O)[C@H](O)c1ccccc1Cl)C2,0
O=C(NCCCN1CCOCC1)c1ccc2c(c1)N(Cc1c(F)cccc1Cl)C(=O)CS2,0
OC(O)Oc1ccccc1,0
C#CC(CC)(N=CNC)C12C=CCC1C2N,0
CC(=O)c1ccc2c(c1)CCCC2,0
C#CC(C)C1=C2CC=C(C3CN3)C2C(=O)C1,0
O=C(Cc1ccccc1)Nc1nc2nn(CCCc3ccccc3)cc2c2nc(-c3ccco3)nn12,0
CC(=O)CCC(=O)O,0
CC1(C)CC(=O)c2cc(C(=O)N3CCCC(C)(C)C3)c(=O)n(-c3ccccc3)c2C1,0
O=C1OCc2c1cc1ccc3c(c1c2-c1ccc2c(c1)OCO2)OCO3,0
CCC1N=C2NCC(CN)OC2C2CC1CN2,0
CC(C)(C)OC(=O)/N=C(\NCCCC(=O)NCCc1ccc(S(N)(=O)=O)cc1)NC(=O)OC(C)(C)C,0
COc1ccc(C(=O)NO)cc1OCc1ccccc1,0
Cc1cc(N)c2ccccc2n1,0
CCOC(=O)c1ccccc1O,0
CC(C)C#CC(=O)N[C@H](C)[C@H]1CCN(C(=O)c2ccns2)C1,0
C[C@H](Cc1ccccc1)Nc1ncnc2c1ncn2[C@@H]1O[C@H](CO)[C@H](O)[C@H]1O,0
N#Cc1c(F)cccc1N1CCN(Cc2c(F)cccc2Cl)CC1,0
CC(=O)CCCCN(C)C,0
COc1ccc(C#N)cc1COC(=O)C1(O)CCCCC1,0
CC(C)CCOc1ccc(NCc2ccc(C#N)cc2)cc1,0
CCCNC(C)Cc1ccccc1,0
CNCc1ccc(CO)cc1,0
CC1C(=O)NCC2(CC(O)C2)C(=N)NS1(=O)=O,0
CC(O)C1C(N)=NCC(N(C)C)C1(C)C(=N)N,0
COc1cccc(C(N)=O)c1F,0
CCC(=O)C12C=CS(=O)(=O)N1C1C(C)C1C2,0
COC(O)Oc1ccccc1,0
CCNCC1(NC)CN2C3CNC1(C)C32C,0
CCN(CC)Cc1ccc(/C=N/Nc2ccnc3cc(Cl)ccc23)cc1,0
COc1cc(Cc2cnc(N)nc2N)cc(OCCCCc2ccc([N+](=O)[O-])cc2)c1OC,0
N#Cc1ccc(N2C[C@@H]3[C@H](C2)C3(F)F)c(CO)c1,0
OCOc1ccc(O)cc1,0
CCN(CC)S(=O)(=O)c1ccc2c(c1)c(=O)c(C(=O)N1CCOCC1)cn2C,0
Cc1cccc(NC(=O)CSc2nnc(-c3ccccc3)n2N)c1C,0
CC(C)N(C(=O)[C@H]1CCC2C3CCC4=C[C@@H](C(=O)O)CC[C@]4(C)C3CC[C@@]21C)C(C)C,0
OC(O)c1cccnc1,0
C#CC1CC2OC(=O)CN(C(=O)C(C)C)C2=N1,0
CC(C#N)NC1C(C)C(O)C2CNC1C2O,0
CCCCCCCCCCC=O,0
CC(C)CN1CCC(NC(=O)CNS(=O)(=O)c2ccc(C#N)cc2)CC1,0
Cc1cc(NC(=O)NCCCN(C(C)C)C(C)C)nn1CCC#N,0
N#Cc1ccc2c3c([nH]c2c1)C1(CCOCC1)c1cc(OC2CCNCC2)ccc1C3=O,0
O=C(O)Cc1ccccc1,0
CC1CC2(CN)CC(C#N)C1(C)N1CCCC12,0
COC[C@@H]1CN(c2nnc(-c3cccc(C#N)c3)n2CC2(O)CCCCC2)C[C@@H](C)O1,0
CCOC(O)c1ccccc1,0
CC(C)(C)CN1CCC2(CC1)CN(c1ccccc1NC(=O)Nc1nc3ccccc3s1)c1c(O)ccc(Cl)c12,0
C=CC[C@H](C(=C)C)C(=O)Nc1cc([C@H]2CCCCN2C(=O)c2ccc(F)nc2)[nH]n1,0
CC1CC2(C)C(=O)NC(=N)CC2(C)C1=NO,0
NC1CCCCC1,0
C=CCCOCCN[C@@H]1CC[C@@H]1CC,0
NCCOc1c(-c2ccc(Br)cc2)[nH]c(=O)c2cc(F)ccc12,0
CCC1(N)C(C)=CC(O)CC2(CO2)C1C#N,0
CC(C)[C@@](C)(C#N)NC(=O)CN1C[C@H](c2ccccc2)c2ccccc21,0
Cc1ccc2ccccc2c1O,0
OCc1ccccc1Cl,0
CC(C)c1noc2c(c1=N)C(=O)C(N=CN)C2,0
Cc1ccsc1NCC(CO)C1N=CNC1=N,0
CC12CCCC(C3COCOCC31)C2(N)CO,0
C[C@H](O)CCOC(=O)c1ccc(C#N)o1,0
Cc1ccc(NC(=O)N2CCOc3ccc(C=O)nc32)nc1,0
C=CC[C@H]1NCCC[C@H]1Oc1c(C(=O)OCC)oc(C(=O)OCC)c1O,0
CCC(CCCNC)OCCN(C)C(=N)C#N,0
CC(C)N=C1OCCC2CN(C)C1(C(C)C)C2,0
CC(=O)NC(C)Cc1ccc(C#Cc2ccnc(N3CCCC(C(F)(F)F)C3)n2)cc1,0
Cc1ccc2cccc(C)c2c1,0
COc1ncnc2c1c(-c1ccoc1)cn2[C@@H]1O[C@H](CO)[C@@H](O)[C@H]1O,0
CC#Cc1ccc2ccccc2c1,0
C=C(C)[C@H]1OCC[C@H]1CNC(=O)Nc1cccc(Cl)c1,0
C#CC12C3CCC(C3)C1(N)C(C)C(C)(O)C2C,0
CCC(N)(CO)Cc1n[nH]nc1C(C#N)NC,0
CCNCc1cc(Cl)ccc1Cl,0
CC1(CO)CNCC2(N)CN(CC2O)C(=N)C1,0
O=C(O)C1CCC1,0
OCNC(O)c1ccc(Cl)cc1,0
CCCCCCCCCCCCCCCCCCN1CCN(C(=O)c2ccc(Cc3noc(=O)[nH]3)cc2)C(C)C1,0
CC(C)(NC=N)C(CN)c1cc(Br)cc(=O)s1,0
C[C@@H]1C[C@@H]1CC(=O)NCC1(C)CCN(c2cnc(C#N)cn2)CC1,0
CC1CN(C)C=NCC2OC(=N)NC2(C)C1N,0
CC(O)c1ccccn1,0
CCCN(CCC)C1CCc2ccsc2C1,0
CCCCNCc1ccccc1Cl,0
Nc1ccccc1OCO,0
CCCCNCc1ccc(Br)cc1,0
COc1ccc(S(=O)(=O)N(CC(C)C)C[C@@H](O)[C@H](Cc2ccccc2)NC(=O)c2cccc(O)c2)cc1,0
Cc1cc2ncc(Cl)sc-2c1S(N)(=O)=O,0
CC1CC2CC3OC(CC2(N)C1O)OC3CO,0
CC(C)=CCN1CCn2c(=O)[nH]c3ccc(Cl)c(c32)C1C,0
C=CCCOCC(=O)NCC[C@H](C)NC(=O)[C@@H](CC)OCC,0
CC(=O)c1c(CS(N)(=O)=O)cnc(C)c1F,0
CC12NCCC1C(=O)C(=O)CC(=N)OC2C=O,0
NCN=C(O)c1ccccc1,0
CC(C)CNCc1cccc(OCc2ccccc2C#N)c1,0
CNC(=O)Oc1cccc(OC)c1,0
COc1ccc(-c2nn(CN(C)c3ccc(C#N)cc3F)c(=O)c3ccccc23)cc1,0
CC(C)n1cnc2c(NCc3ccc(Cl)cc3)nc(N3CCC[C@@H]3CO)nc21,0
C=C(C)CN1C(=O)C[C@@]2(CCCN([C@H](CC)C(N)=O)C2)C1=O,0
CCC12CC(CCN)CC1(C)C(C#N)CCN2,0
COC(=O)N1CCN([C@H]2CC[C@H](Nc3nc(Nc4cnn(C)c4)nc4ccc(CC#N)nc34)CC2)CC1,0
C#CCCN1C[C@@H](CNC(=O)c2cn(C)nc2COC)[C@H](C)C1,0
COc1cc2[nH]c3c(c2cc1-c1cnco1)CCCC(=O)C3,0
CCOC(=O)c1ccc(N2CCN(c3cc(C)ccc3C)CC2)c(NC(=O)Nc2ccccc2)c1,0
COc1ccccc1CN1CC[C@@H](C(=O)N(Cc2ccc3c(c2)OCCCO3)CC(C)C)C1,0
C[C@@H](CCNCC#N)NC(=O)[C@H]1CCC(=O)N1,0
CC(C)=CC(=O)Nc1ccccc1,0
C=CCN(CCOC)c1nnnn1C[C@H]1CC(=O)N(Cc2ccccc2)C1,0
COC(=O)CC(=O)OC,0
C=CCOCC(=O)NCc1ccc([C@H](C)NC(=O)c2ccoc2)cc1,0
COc1ccc(CCN)cc1OC,0
CCNc1cc(NC(=N)C(OC)C(C)=O)c[nH]1,0
CCN1CCCN(c2nnc(-c3ccc(C#N)cc3)n2Cc2ccc(OC)nc2OC)CC1=O,0
CC(C)NC(=O)CN1CCNCC1,0
CC(C)(C)OC(=O)N1CC2CC1(C(=O)Nc1ccc3c(C#N)c[nH]c3c1)C2,0
CN1CCc2cc(O)cc3c2[C@H]1Cc1ccc(O)c(O)c1-3,0
CC1OC(=N)CC(C(C#N)OCC=O)OC1=N,0
O=C(O)CCCCCC(=O)O,0
CC[C@@H](C)N1CCN(c2nnc(-c3ccc(C#N)[nH]3)n2C)CC1,0
O=S(=O)(NC1(c2ccccc2C(F)(F)F)CCOCC1)c1ccc(F)c(C(F)(F)F)c1,0
CC1CCC2(O)C3N=C(N)C(CC3=O)C2N1C,0
Cc1nn(C2CCN(C(=O)CN)CC2)c(C)c1Nc1ncc(Cl)c(-c2cnn3ccccc23)n1,0
CC1(c2cc(O)c(Cl)cc2C(=N)N)CN=CN1,0
C=C(C)[C@@H]1OCCC[C@@H]1C(=O)N[C@H]1CCN(C(=O)c2ccc(F)cc2)[C@@H]1CC,0
CC(=O)c1ccc2c(c1)OCO2,0
OCCCc1ccccn1,0
CCn1c(CC(N)CCO)nc(Br)c(C)c1=O,0
COc1ccc2cc(OC3CC(C#N)C3)ccc2c1,0
CC(O)(C#N)CC1(O)CCCC12OCCC2O,0
N#CCN(C(=O)CSc1ccc2ccccc2c1)C1CCCC1,0
CC(=O)c1cnc2cc(-c3ccc(C)cc3)nn2c1C,0
CN1C(=O)C(=O)c2cc(F)ccc21,0
CSc1ccc(OCC(=O)O)cc1,0
CCCCCCCCC=O,0
N#Cc1ncc2nc1OCCCCCOc1cc(CC(O)CO)c(Cl)cc1NC(=O)N2,0
Cc1cccc2c1CCCC2=O,0
C[C@@H](NC(=O)c1cccnc1)C(=O)N1CCN(CCCOc2ccc(-c3noc(-c4ccccc4)n3)c(F)c2)CC1,0
CC(C)CCOc1ccc(N)cc1,0
CC1OC2OC(=O)CCOC=NC2C1=NO,0
C#CC(C)N(Cc1cc(Br)c(O)cn1)C(N)=O,0
Cc1ccc(O)c(C(C)C)c1,0
CN1CCN(CCCN)CC1,0
COCc1cc(-c2nc(-c3ccc4c(c3)CNCC4)no2)ccc1-c1ccccc1C,0
CC1C=C(C2CC2N)C2CC(CN)=CC1O2,0
CCCCC1CCCCC1,0
CC(C)Oc1nc(N2CCN(C)CC2)ccc1Nc1ncc(Cl)c(Nc2ccccc2NS(C)(=O)=O)n1,0
COc1cccc2ccc(=O)oc12,0
Brc1ccc(Br)c(Br)c1,0
CCCOc1cccc(-n2cc(C(=O)N3CCN(c4ccc5ccccc5c4)CC3)nc2-c2ccc(C)cc2)c1,0
CC(C)[C@@H](Oc1ccccc1C#N)C(=O)N[C@@H]1CCO[C@@H](c2ccccn2)C1,0
c1ccc(-n2cnnn2)cc1,0
Cn1c(CN2CCN(c3ccccc3)CC2)ccc1CN1CCCC1=O,0
CC1OCCCCOC12C=CC(C#N)NC2,0
O=C(O)CC[C@@H](CCCCNS(=O)(=O)c1ccc(Cl)cc1)CCOc1cccnc1,0
NCOCc1ccccc1,0
CC(O)COc1cc(N)ncsc(O)cn1,0
C#CC(N)C1(C2CN=CO2)OC(CN)C1C,0
COC(=O)C=Cc1ccccc1O,0
CC(C)CCCC(=O)O,0
CC1(O)CNCCC(O)C1(C)Nc1ccoc1,0
CCc1sc(=O)oc1-c1cc(=N)c(O)c(Cl)[nH]1,0
CCCCCC1OC2CCC1(N)C1CCOC21,0
COCCN1CCC(c2cc(C)c3nc(-c4c(NCCn5cc(Cl)cn5)cc[nH]c4=O)[nH]c3c2)CC1,0
C#Cc1ccc(N2CCC(N(C)CC(F)F)CC2)nc1,0
CC1CC2(C)C3C1C1(N)CC1(O)C32,0
CC1C(=N)N(C)C2C(=NO)CC1NCC1OC12,0
Cc1ccc([N+](=O)[O-])cc1[N+](=O)[O-],0
CCCC(C)C,0
C=CCO[C@H](C)C(=O)N[C@H]1C[C@H]2CC[C@@H](C1)N2C(=O)CNC(=O)N(C)C,0
COC(=O)CC1(NCCC(=O)Nc2sccc2C#N)CCC1,0
COc1ncc(-c2ccc3nccc(=O)n3c2)cc1NS(=O)(=O)c1ccc(F)cc1,0
CC(N)C1CCN2C(=N)C3CCC(N3)C(N)C12,0
O=C1/C(=C/c2ccc([N+](=O)[O-])cc2)SC(=S)N1CCNc1ccnc2cc(Cl)ccc12,0
CCCCCCCC,0
Cc1cc(C)c(C)c(C)c1,0
NC(O)(OCO)c1ccccc1,0
CC(C)c1cc(O[C@@H]2C=CC(=O)C2)ccc1Br,0
CC(C)Nc1nc2c(nc1N1CCC(Oc3ccc(F)cc3F)CC1)CCN(C(=O)c1ccno1)C2,0
N#Cc1ccc(C(=O)N2CCOC[C@]3(C2)CN(C(=O)c2ccnc4c2OCO4)CCO3)cc1,0
C[C@H](C#N)c1cccc(C(=O)N2CCO[C@@]3(CCN(C(=O)[C@]4(C)CC=CCC4)C3)C2)c1,0
NC(CCO)c1ccccc1,0
CC1CC12C1C=CC2(O)C=CC=C1CO,0
CC(C)(C)C(=O)O,0
CC1=CCC(C)(CN)CC23OCCC2(C)C13,0
N#Cc1ccc(CN(C(=O)[C@H]2CCc3cn[nH]c3C2)C2CC2)cc1,0
COC1(C)CN(c2nnc(-c3cccc(C#N)c3)n2C[C@H](C2CC2)N(C)C)C1,0
COc1cccc2oc(=O)ccc12,0
O=C(NO)c1cnc(N2CCN(C(/C=C/c3ccc(F)cc3)CO)CC2)nc1,0
CCOC(=O)COc1ccc2c(=O)c(-c3ccccc3)coc2c1,0
Cc1ccc2c(N3CCN(CCc4cccc(NC(=O)Nc5ccccc5F)c4)CC3)cccc2n1,0
CCC1CCCC(C(OC(=N)N)C(=O)C=O)O1,0
CS(=O)(=O)NC(=O)c1ccccn1,0
CC1NCCC1C1NC2CC(O)C=CC21,0
CC(C)Nc1cc(-n2nc(C(F)(F)F)c3c(-n4cnc(-c5cccnc5)c4)ccnc32)ccc1C(N)=O,0
C[C@H](Nc1ncnc(N)c1C#N)c1nc2cccc(Cl)c2c(=O)n1-c1ccccc1,0
Cc1cc(C)c(C#N)c(NCC[C@@H](O)c2ccc(Cl)c(Cl)c2)n1,0
Nc1cc(C(O)O)ccc1O,0
OCOC(O)c1ccc(O)cc1,0
C#CC(C)CNC1C=C2CN3C=NCC1C23,0
C=C(C)Cn1c([C@H](C)Oc2ccc(OCC)cc2)nnc1N1CCC[C@](C)(OC)CC1,0
Cc1cccc(NC(=O)c2cccc(-n3ncc4cc(Nc5ccccc5F)ccc43)c2)c1,0
Nc1ccc(CO)nc1,0
Cc1ccc(S(=O)(=O)Nc2ccc(-n3cnnn3)cc2)c(C)c1,0
C#CC1C2NCc3scc(c32)C1(C)CC,0
OCC(O)c1ccccc1,0
C#CCNC(=O)CNC[C@]12CCC[C@H]1CN(C(=O)[C@H](C)CC(=C)C)C2,0
CC1=C2CC3N=C(N)C(C)C23C(N)C1N,0
CC(C)C(N)c1ccccc1,0
CCSc1nnc2c(n1)O[C@@H](c1ccc(Cl)cc1)N(C(C)=O)c1ccccc1-2,0
CN(C)C(=O)c1cnn2ccc(N3CCC[C@@H]3c3cc(F)ccc3F)nc12,0
Cc1nc(N(C)C(=O)Cc2ccc(-c3cnccn3)cc2)sc1S(N)(=O)=O,0
CC(=O)Nc1ccc(-c2nc(-c3ccc(S(C)(=O)=O)cc3)c(-c3ccccc3)[nH]2)cc1,0
CC(C#N)C1N=C(N(C)C)C2COCCC21C,0
CC1NC=NC2C(N)=NCCNC2C1=NO,0
CCNc1ncc(C)cncc(C=O)[nH]1,0
CC(=O)CC1CCC=C2CCNC(N)=NC21,0
C=CCCCCCCCC,0
CC1C2=CCOC23C2CN(C)CC23N1C,0
N[C@H]1CCC[C@@H](c2ccncc2NC(=O)c2ccc(F)c([C@H]3CC[C@@H](O)CC3)n2)C1,0
NC1=NC(c2cccc(OCCCOc3cc(Cl)c(Cl)cc3Cl)c2)N(c2cccc(Cl)c2)C(N)=N1,0
CCC[C@](C)(O)Cn1c(CC2CCCC2)nnc1N(C)Cc1ccc(C#N)cc1,0
CCOc1ccc(Nc2ncc3cc(-c4c(Cl)cccc4Cl)c(=O)n(C)c3n2)cc1,0
C1#CC2C=C(CO2)C2CC(C=C1)CCO2,0
Cc1cc(-c2ccc3c(c2)C[C@@H](NC[C@H](O)c2ccc(Cl)cc2)CC3)ccc1C(=O)O,0
Cn1c(=O)ccc2ccccc21,0
Fc1ccccc1CSc1nnc(-c2ccc3c(c2)OCCO3)n1-c1ccccc1,0
COc1ccc(C(C)=O)cc1CCl,0
Cc1ccc(Cl)c(OCC(=O)N[C@H](C#N)C(C)(C)C)c1,0
CC1CNCC1(c1nnon1)C(C)(C)O,0
CC(=O)N[C@@H](C)c1ccc(O[C@@H]2CCN(c3ncnc(N4CCC(F)(F)C4)c3F)C2)cc1,0
C=CCN(C(=O)c1ccc(-c2nn[nH]n2)c(O)c1)[C@@H]1CCS(=O)(=O)C1,0
CNCCc1ccc(O)cc1,0
CCN1CCN(c2cccc3c2[C@H]2CCC[C@H](c4ccc(OC)c(OC)c4)N2C3=O)CC1,0
CCNC(=O)c1cc2c([nH]c3ccccc32)c(-c2ccc(CC)s2)n1,0
C=C(C)Cn1c([C@@H]2CCNC(=O)C2)nnc1N1CCCO[C@H](c2ccccc2)C1,0
COC(=O)[C@@H]1C2CCC(C[C@@H]1c1ccc(Cl)c(Cl)c1)N2C,0
Cc1ccc(-n2nc(C(C)(C)C)cc2NC(=O)Nc2ccc(Oc3ncnc4[nH]c(=O)[nH]c34)c3ccccc23)cc1,0
C=CCC[C@@H](NCCN1CCNCC1)C1CC1,0
CC12CC(C3CC3(C)O)C(C)(O1)C(=O)C2=NO,0
CCC1(CO)CCOC(CS(C)(=O)=O)C(=N)N1,0
CC(O)N(C)c1ccccc1,0
CC(O)(O)c1ccc(O)cc1,0
CCN1CCCCC1=O,0
Cc1nc(=O)c(N)c(N)c2sc(=N)c(=N)c=2[nH]1,0
COc1c(F)cccc1-c1ccc(CC(=O)N(C)c2nc(C)c(S(N)(=O)=O)s2)cc1,0
COC(=O)c1cc(-c2cc(F)c(F)cc2F)[nH]n1,0
CC1CC2(CC(C)O2)C(C(O)(CO)CO)N1,0
CCc1ncnc(-c2ccc(C(=O)N3CCN(C)CC3)c(OC(F)(F)F)c2)c1C#Cc1ccc(N)nc1,0
CCN(CC(O)(CNc1cccc2c1cnn2-c1ccccc1)C(F)(F)F)S(=O)(=O)c1ccccc1,0
O=C(O)c1ccccc1Nc1cccc(OCc2ccc3ccccc3n2)c1,0
N#CCCN(C(=O)CCC(=O)OCCN1C(=O)c2ccccc2C1=O)c1ccccc1,0
N#Cc1ccc(C(=O)N2CCC(NS(=O)(=O)c3cc(C(=O)O)ccc3Cl)CC2)cc1,0
Cn1nccc1[C@@H]1C[C@H]1C(=O)N1CC[C@@H](CNc2ncccc2C#N)C1,0
CC12CC(C(=O)O)C(CNC3COCC31C)N2,0
CN(C)C1Cc2ccccc2C1,0
CCCC1(CCN)COCC2COC1CN2C,0
C=CC(C)(C)CC(=O)N1CCC[C@@H](S(=O)(=O)N2CCOCC2)C1,0
COCC#CCNC[C@H]1CN(C(=O)c2ccc(C)c(C)n2)CC[C@H]1C,0
OC(O)ONc1ccccc1,0
C=CCNC(=O)[C@@H](C)N[C@H](Cc1cccc(F)c1)c1cccc(F)c1,0
CC1CNC2(C)CCNC(=O)C2C1CCC#N,0
COc1ccc(C2=NNC(=O)C2(C)C)n2cc(C(F)(F)F)nc12,0
CC1CC2OC1(C#N)CS(=O)(=O)C(C)(O)C2=O,0
C#CCc1ncc(CC(N)(CC#N)C(C)O)o1,0
O=C(O)c1cc(Cl)cc(Cl)c1,0
CCOc1cccc(CNC(=O)Nc2ccccc2O[C@H](C)C#N)c1,0
C[C@H]1CC[C@H](C)N1CCCOc1ccc(-c2ccc(C(=O)N3CCOCC3)cc2)cc1,0
CCC[C@H]1CC[C@H](C(=O)N2CC[C@]3(CN(C(=O)C(C)(C)NCCC#N)CCO3)C2)CC1,0
CCCN(CCC)c1c([N+](=O)[O-])cc(S(=O)(=O)Nc2cccc(OC)c2)cc1[N+](=O)[O-],0
CC(C)c1ccccc1NC(=S)NN=C1CC(C(=O)O)C1,0
CCC1(NC(C)=O)C2(C)CNS(=O)(=O)CC21O,0
CC1(C2CO2)NC(C(=O)O)COC1C(=N)N,0
Cn1c(C=NN2CCCC2=O)nc2ccc(Cl)cc21,0
C=C1C=C2CCCCCC2OCC1,0
Cc1c(S(=O)(=O)O)sc2c1C(O)c1occc1-2,0
CC[C@@H](NC(C)=O)C(=O)N[C@H](CNc1ccc(C#N)nn1)CC(C)C,0
COC(=O)Cc1ccc(OC)cc1,0
CN(C)C[C@@H]1CC2c3ccccc3Sc3ccc(F)cc3[C@H]2O1,0
CC(=O)NCCc1ccc(Cl)cc1,0
C[C@H](C#N)Oc1ccccc1NC(=O)C(=O)NCCC1=CCCCC1,0
Cc1ccc(C)n1-n1cnc2scc(-c3cccs3)c2c1=O,0
CC(C)(C)OC(=O)NCCCCN,0
COc1cc(N2CCC(O)CC2)ccc1Nc1ncc2c(n1)N(C)c1ccccc1C(=O)N2C,0
CC(C)(C)OC(=O)Nc1cccc(CNC(=O)N[C@H](CCC#N)c2ccccc2)c1,0
c1ccc2sc(SSc3nc4ccccc4s3)nc2c1,0
CC(=O)C(=O)Oc1ccccc1C(=O)N(O)C(=Nc1ccc(F)c(Cl)c1)c1nonc1N,0
C=C(CC(=O)OCC)C(=O)NC[C@H]1CCN(C(=O)c2cnc(Cl)c(Cl)c2)[C@@H]1c1cccnc1,0
CC(C)C[C@H](NC(=O)COc1ccc(OC(F)(F)F)cc1)C(=O)NO,0
COc1ccc(F)c(-c2ccc(C3CCc4ccc([C@@H](CC(=O)O)C5CC5)cc4O3)cc2C(OC)C2CC2)c1,0
Cn1cc(/C=C\C(=O)OC[C@@H](C#N)Cc2ccccc2Br)cn1,0
NCN(CO)c1ccccc1,0
N#CCC[C@H](C#N)CNCC[C@H]1CCc2ccccc21,0
Cc1c(C(=O)O)cccc1[N+](=O)[O-],0
O=C(CO)N1CCCC1,0
C=CCn1c(-c2ccc(F)cc2)nnc1S(=O)(=O)C[C@H](O)CO,0
N#CCc1cccc(C(=O)NC[C@H]2COc3ccccc32)c1,0
Cc1ccc(CCC(=O)N2CC[C@H](NC(=O)C#CC3CC3)[C@@H]2C)s1,0
CNC(=O)N1C(=O)N(c2cccc(C(F)(F)F)c2)C2=C(C(=O)CC2)C1c1ccc(C#N)cn1,0
COc1ccc(CCC(=O)N2CCCN(S(=O)(=O)c3cccc(C)c3C#N)CC2)cc1,0
C=CC(C)(C)C(=O)N1CC(CNC(=O)c2ccc(C)nc2C(C)C)C1,0
CC(C)C12CCC(C(=N)NCC#N)N(CC1)C2,0
CCCc1nc(O)c(C(C)(CC)OCCN)[nH]1,0
CCC(=O)C(O)COC(=O)CC(CO)OC=O,0
CCCCCCOCC(C)=O,0
CCNCC(=O)OC1CCC(C)C1(CN)CN,0
CC1NCC2(NS(C)(=O)=O)CC(NC=O)CC12,0
CN1CCc2cccc(Cl)c2CC1,0
NC(CO)Oc1ccccc1,0
C/C=C/c1nc(C(=O)NCc2ccc(S(C)(=O)=O)cc2)cc(N)c1C#N,0
C#C[C@H](NC(=O)N1CC[C@H](c2c(F)cccc2F)C1)[C@@H]1CCCO1,0
N#Cc1ccc(OC2CN(C(=O)N[C@H]3CSc4ccccc43)C2)cc1,0
CC1CN(C=O)C(C#N)=NCC(C=O)OCO1,0
C=CC(C)(C)C(=O)NC[C@@H]1CCCCN1C(=O)C[C@H](C)C(C)C,0
CC1OCCC2C(=NO)CC3CCC(O)C312,0
N=C(N)c1ccc2cc(C3CC3c3ccc4c(c3)C(c3ccccc3)=NCC4)ccc2c1,0
Oc1ccc(CCOCCCCCNc2c3c(nc4ccccc24)CCCC3)cc1,0
NC(=O)[C@@H]1CCC(=O)NCCC[C@@H](NC(=O)[C@@H](N)Cc2ccc(O)cc2)C(=O)N[C@]2(CCc3ccccc3C2)C(=O)N1,0
Oc1ccc(OC(O)O)cc1,0
CC(=O)NCCc1ccccc1Cl,0
C=C(C)C(=O)OCc1ccccc1,0
CN(C)Cc1ccccc1O,0
C=CCNC(=O)CN1CC(N(C)C(=O)Cc2ccn(C(C)C)n2)C1,0
C=C(C)CN1C[C@@]2(CCCCN2Cc2cc(OC)cc(OC)c2)CC1=O,0
C[C@H](Sc1nnc(CCC(N)=O)n1C)C(=O)Nc1cccc(C#N)c1,0
COC(=O)c1cc(C)cc(C)c1,0
C=C(C)[C@H](CC(=O)N1CCC[C@](C)(c2ccccc2)C1)OCC,0
ON=C(O)c1ccccc1,0
Cc1cc(Cl)c(Cl)cc1Cl,0
CCCC(=O)NCC(C)C,0
CCC1CN=C(N(C)C=N)C(=O)C(=O)C(=O)C1,0
O=C(NC1CC(F)(F)C1)[C@H](c1ccccc1Cl)N(C(=O)C[C@@H]1CCC(=O)N1c1ncccn1)c1cccc(F)c1,0
Nc1ccccc1OC(=O)O,0
N#C[C@@H]1C(=O)NC(=O)[C@@H](C#N)C12CCCC2,0
Cn1c(Nc2c(Cl)ccc(CNC(=O)C(C)(C)C)c2Cl)nc2cc(C(=O)Nc3cc(F)cc(Cl)c3)c(F)cc21,0
CC(=N)Nc1csc(CCC(C)N)c1[N+](=O)[O-],0
Cc1ccc(C)c([C@H]2CCCN2Cc2cc(C#N)n(C)c2)c1,0
Clc1ccc(OCc2nnc(SC3CCCC3)n2-c2cccnc2)cc1,0
Cc1ccc2[nH]cnc(=O)c2c1,0
O=C(O)c1ccnnn1,0
CC12C=CC(NC1)C2C1=C(C=O)COC1=N,0
CC(C)C1C(=NO)CC2CC1NC2C1CCN1,0
C=C1CCN(c2nnc([C@@H]3COc4ccccc4O3)n2Cc2cccs2)CC1,0
N#C[C@H](NC(=O)c1cnc[nH]1)c1ccc(OC(F)(F)F)cc1,0
C#CC1NC2CN=COC(C)C1(O)C2C(N)=O,0
N#CCc1ccccc1CC(=O)N1O[C@H]2C=C[C@H]1CC2,0
C#CC(C1=NCCN1)C(C)(C)N=C1NCCN1,0
CC1C(=O)n2ncnc2C1c1ccncn1,0
N#CCCCC(=O)N(CC(=O)Nc1ccccc1Br)Cc1ccco1,0
CC(=NO)C12CC(=N)NC(C#N)C1(O)C2C,0
CCCN=C1OC(=O)C2CC(OC)CC12,0
C#CC1C2(CN)NC(=N)C1(C(C)O)OCC2C,0
CC(C)[C@H]1COC(=O)N1c1ccnc(N[C@@H](C)c2ccc(CN3CCN(C)CC3)c(F)c2)n1,0
CC(C)C12CCC(C)(CC(CO)NCC1O)N2,0
O=C(c1cccc([N+](=O)[O-])c1)n1c2cc(O)c(O)cc2c2ccc(O)c(O)c21,0
CCC1C(=NO)CN2C(C)CC3(C=O)CC123,0
C=CCOC[C@@H](NC(=O)N[C@@H]1C[C@@H](C)O[C@@H](C)C1)C(=O)O,0
C[C@]12CC[C@H](O)CC1=CC[C@@H]1[C@@H]2CC[C@]2(C)C(c3cccnc3)=CC[C@@H]12,0
CNC(=O)Oc1ccccc1,0
CCCn1c(=O)c2nc([C@H](C)Cc3ccccc3)[nH]c2n(CCC)c1=O,0
CC(C)CC(=O)O,0
C[C@@H]1CN(c2ccc(C#N)nn2)C[C@H]1CNC(=O)[C@@H]1C[C@H]1c1ccc(F)cc1,0
CC#CCN(C)CCC1CCOCC1,0
CC(O)C12CC(=O)OC1C(CO)=CS(=O)(=O)C2,0
COc1ccccc1N1CCN(CCCSc2nnc(-c3ccccc3)n2C)CC1,0
CC1COC(N)=NC2CNCCC(N)C12,0
CC(=O)OCCOC(C)=O,0
C#CC1NC(C(C)C)C(C(O)CCO)CC1N,0
CCCC1(CO)CC(N)=NC(C)(C)C1(C)OC,0
CC(=O)C1=C2C=CC(O)C2C2(CCN2)C1,0
C=CCCO[C@@H](C)C(=O)Nc1ccc2oc(=O)n(C)c2c1,0
CN(C)C(=O)Oc1ccc(Cl)cc1,0
C#C[C@H](NC(=O)NCCNc1cc(OC)cc(OC)c1)C(C)C,0
Cc1nc2cccc(-c3cc4n(c3)CCNC4=O)c2nc1NC(C)(C)C,0
N#Cc1ccc(N2CCC(N[C@@H]3CCN4CCC[C@@H]4C3)CC2)cc1,0
C=CCOC(=O)N1CCC(CNC(=S)NCC2CCCCC2)CC1,0
c1cncc(CNc2ncnc3ccc(-c4ccc5c(c4)OCCO5)cc23)c1,0
N#Cc1cnc(NC2CCN([C@H]3CCNC3)CC2)cn1,0
C#CCC(CN=CN)NC(C)CC1=NCCO1,0
Oc1ccc2ncn(C34CC5CC(CC(C5)C3)C4)c2n1,0
COc1ccc2[nH]cc(C3=CCN(Cc4cc(=O)[nH]c5ccccc45)CC3)c2c1,0
CCC(CN=C(OC)C1(C)CC1C#N)=NO,0
COc1ccc2[nH]ccc2c1,0
CCc1cccc(NC(=O)CN2CCN(c3ccccn3)CC2)c1,0
CC(C)N1CC2(CCN(C(=O)Nc3cc(F)cc(F)c3)CC2)C1c1ccc(F)cc1,0
CCCCCCCCl,0
CCc1cccc(-c2ccc(CNC(=O)CCCc3ccc4cccnc4n3)cc2)c1,0
CCC1(C)CC(O)C(OC=N)(C(C)N)OC1=N,0
CC(C)(O)C(N)COC1C2NCCCNC21,0
COc1ccc(C(F)(F)F)cc1N1C(=O)COc2cc(S(=O)(=O)Nc3nccs3)ccc21,0
CC1(C)NCC(=O)C(=O)N(C(N)=O)C1(C)C=O,0
CC(=N)N(C)C(C)C(O)C1(N)COC(=O)C1O,0
CCN(C(=O)c1cc2cccc(OC)c2oc1=O)C1CCCCC1,0
CCN(CC)c1ccc(CN(C(=O)Cc2ccc(Cl)cc2)c2ccc(C)cc2)cc1,0
C[C@@H](C#N)C(=O)N1C[C@H](O)[C@H](NC(=O)c2cc3ncccc3s2)C1,0
CN1CCC(OC(c2ccc(F)cc2)c2ccc(F)cc2)CC1,0
CCCc1snc2c1C1COC(=N)N1CC2=O,0
O=C(NCc1ccc(Cl)cc1Cl)[C@H]1CN(CC2CC2)C[C@H]1C(=O)NC1CCN(Cc2ccccc2)C1,0
CC1C(C2CCN2)CNC2CC21CO,0
COc1ccc(CCN(C)N)cc1,0
CC#CCCCC(=O)N1CC[C@H](NC(=O)c2snnc2C)[C@H]1C,0
C[C@@H]1CC[C@H](CC(=O)N(C)CCCNc2ccc(C#N)nc2)C1,0
CC1(C)COC2CN1CCC1CC(CO1)C2O,0
C=C(C)CC(C)(C)C(=O)N1CCOC[C@@]2(CN(C(=O)/C(C)=C\C)CCO2)C1,0
CCC(=NC)N(c1c(C)nnsc1=O)C(C)C,0
OCN(O)Cc1ccccc1,0
C#CCOc1ccc(NC(=O)N[C@H](C)c2nc(C)no2)cc1,0
CC1C(N)C2OC1(CO)C(CO)N1CCN=C21,0
C#CC(C)C1NC2(CC(=O)O)CC2NC1=N,0
Cc1nsc2c1cc1n2C(C)(C)C1C,0
C#CCNC1(S(=O)(=O)C=O)C(O)CC1(C)C,0
CC(C)C(CN)OCC(CCO)C(C)(N)CO,0
CC(N)c1ccccc1O,0
Oc1ccccc1CNCc1ccccc1O,0
C#CC1C2NCC(C2O)C1NC(=O)OC(C)C,0
CCOC(=O)C1=C(c2ccccc2)N=c2sc(=Cc3ccccc3O)c(=O)n2C1c1c(OC)ccc2ccccc12,0
C#CC[C@H](OC(=O)CC1(CNC(=O)OC(C)(C)C)CC1)C1CC1,0
C#CCOC12CCN(CC1O)C(C)(C#N)C2C,0
COc1cccc(/C=C2\Oc3cc(OC(=O)N4CCOCC4)ccc3C2=O)c1,0
CC(C#N)Cc1noc(C(O)C(C)C(C)C)n1,0
Oc1cccnc1C(O)O,0
CC(CN)C(O)C1(C)CNC=NCC1CCN,0
C=CCC1(CNC(=O)c2c(C)c(O)nc3ccccc23)CCCC1,0
CC(C)OC(=O)c1ccc(N)cc1,0
C#CC12CC(C)C(NC(C)CC1(C)C)S2(=O)=O,0
COc1cc(OC)cc(OC)c1,0
CC1(C#N)NS(=O)(=O)C2(N)C(O)CC(O)C12C,0
CC1C2(C)CC(O2)C12CC(=O)CCC2(C)C,0
O=C(O)c1ccc(CO)cc1,0
Cc1c(I)ccc2c1CC(C(C)N)NC(=O)C2,0
COc1cc2c(Oc3ccc(NC(=S)N/N=C/c4ccccc4)cc3F)ccnc2cc1OCCCN1CCCCC1,0
CCCC[C@H](CNCc1ccc(F)c(-c2nn[nH]n2)c1)NC(=O)[C@H](C)C#N,0
O=C(OC1CN2CCC1CC2)c1cc(Cl)cc2nc[nH]c12,0
CC(=O)OCCCC(=O)O,0
CC(=O)N1CCCC1,0
CCCCCCNC(=O)NC,0
C=CCC(CC=C)C(=O)N1CC[C@@H](CN(C)C)C1,0
COc1cc2c(cc1/C=C/C(=O)c1ccc3c(c1)OCC(=O)N3)O[C@H](C)C2,0
CCC(C)(N)C(C)(C)C1CCCc2c[nH]cc21,0
CCCC[n+]1c(/C=C/c2ccc(N(C)C)cc2)sc2ccccc21,0
CC1=CC(N)(CN)c2ncc(Cl)cc2NC1,0
C#C[C@@H](NCCCc1nc(-c2ccc(C)c(F)c2)no1)[C@H]1CCCO1,0
CC12CCC34CC(N)CN3C=NC14CNC2=N,0
C=C(C)CN(CC)C(=O)[C@@H](C)OC(=O)CNC(=O)c1ccc(F)cc1F,0
C#CC1(CC)CN(C)C2C(C)CCC2(C#C)C1,0
CC1(CNCCCN)CNCC(CNC=N)N1,0
C#Cc1cncc(C(=O)NC[C@@H]2CCCN2c2ccc(C#N)c(C)n2)c1,0
COC(=O)CCCC(=O)O,0
Cn1c(=O)cc(-c2cccc(Cl)c2)c2cc(C(N)c3cncn3Cc3ccc(C#N)cc3)ccc21,0
COc1cccc([C@@H](C)NC(=O)c2ccc(-c3ccnc(C)c3)cc2)c1,0
COC(=O)c1sc(NC(=O)c2csc3c2CCCC3)nc1C,0
CC(O)(C=O)CC(C#N)(C=O)c1csc(=N)[nH]1,0
CCC[C@H](C)NC(=O)CSc1ccc(C#N)cc1,0
O=c1c(-c2ccc(F)cc2)c(-c2ccnc(Oc3ccccc3)n2)n2n1CC(N1CCNCC1)C2,0
NC1=Nc2c(F)cc(Cl)cc2[C@H]2CCC[C@@H]12,0
CC(C)NC[C@H](O)COc1ccc(O)c(O)c1,0
CCN(C(=O)COC(=O)c1cccnc1SC)c1c(N)n(Cc2ccccc2)c(=O)[nH]c1=O,0
CC[C@H](C)[C@](C)(O)Cn1c(-c2ccc(C#N)cc2)nnc1N1CCC(CN(C)C(C)C)CC1,0
CON(O)c1ccccc1,0
CC1CC1C1C=CN2CCCC(O)C2=NC1,0
C=CCN/C(N)=N\CCCC(N)C(C)=O,0
CC1C2NC1(C#N)C1(CO)CC(CO)NC21,0
CCN(CC)C(=O)Cc1c(-c2ccc(OCc3cccc(C(F)(F)F)c3)cc2)nn2c(C)cc(C)nc12,0
Cc1csc(CCC(=O)N[C@@H]2CCCN(c3ccc(C#N)cc3F)C2)n1,0
ONOC(O)(O)c1ccccc1,0
CCC1CC(N=C(N)CCN)C(C#N)(OC)C1,0
CC1C=CC(C(CO)=NO)C2(C#N)CC2(C)C1,0
CC(=O)NCCc1nc2nc(Br)[nH]cc-2c1N,0
CC(=O)NC1=CC2(O)CC2C=CC(=O)OC1,0
CC(C)c1c(-c2cncnc2)[nH]c2c(C#N)cnn2c1=O,0
CCOC(=O)Oc1ccc(C(=O)OCC#N)cc1,0
C=C(C)CN(CC)C(=O)CN1[C@@H]2CC[C@H]1[C@H](NC(=O)[C@H](C)CC)C2,0
CCC1C(C(C)CN)COC1(C)OC(C)=N,0
O=C1CN(c2cccc3cccnc23)CCN1CC(O)CN1CCc2ccccc2C1,0
CN(C)CCCc1ccccc1,0
O=C(N[C@@H]1CC[C@@H](c2cccc(F)c2F)CN(CC(F)F)C1=O)N1CCC(n2c(=O)[nH]c3ncccc32)CC1,0
N#Cc1ccccc1OCC(=O)N1CC[C@@]2(C1)CN(C(=O)c1ccoc1Cl)CCO2,0
NCc1ccc(O)cc1,0
CC1=C(C)C(=O)CC2C(=NO)CC3(C)NC23C1,0
C=CCN1C(=O)/C(=C/c2ccc(OCc3ccc(I)cc3)c(I)c2)C(=O)NC1=S,0
CC(C)NC[C@@H](C(=O)N1CCN(c2ncnc3c2[C@H](CO)CC3)CC1)c1ccc(Cl)cc1,0
OCC(O)c1cccc(O)c1,0
Cc1nc(SCC(N)=O)nc(O)c1Cc1ccc(OC(C)C)cc1,0
Cc1nc2n(c(=O)c1CCN1CCN(c3nccc4sccc34)CC1)CCCC2O,0
CC(Oc1ccccc1)C(O)O,0
CC1CCC2Oc3oc(=N)[nH]c3OC1C2C=O,0
CC(=O)OC[C@@H](Cc1ccccc1)NC(=O)[C@H](Cc1ccccc1)NC(=O)OCC1c2ccccc2-c2ccccc21,0
Oc1cccc2c1CCCC2,0
C=C[C@H](O)C(C)(C)C(=O)N[C@H]1CCc2nc(NC(=O)CC[C@@H](N)C(N)=O)sc2C1,0
CC1C(=O)CCNCC2=CC(CO)C1NC2,0
Cc1sncc1C1(C(C)O)OC(=N)C(N)C1N,0
CCC(C)(C=O)n1c(NC)nc(N)c(F)c1=O,0
O=C(CN1C(=O)C2(CCCC2)NC[C@H]1c1cc(F)cc(F)c1)Nc1ccc2c(c1)CC1(C2)N=C(c2ccccc2)NC1=O,0
CCC1OCC2=C1C(N)COC(OC)C2N,0
CCCNCCc1ccccc1,0
O=C(Nc1ccc(C2CCNC2)cc1)c1ccc(C(F)(F)F)cc1,0
Nc1nc(NC(=O)OC2CCCCC2)cc2c1N=C(c1ccccc1)CN2,0
OCc1cccc(Cl)c1,0
CCn1ccnc1C(=O)NC1CN(Cc2ccccc2C#N)C1,0
CN(C[C@H](O)CNc1ccc(C#N)nc1)C(=O)[C@H]1CCC1(F)F,0
CC(N)CCN=C1CC(O)C(N)=NC(C)CO1,0
CSc1ccc(CNC2CC2)cc1,0
Cc1cccc(NC(=O)Nc2ccc(NC(=O)c3csc4ncnc(N)c34)cc2)c1,0
Cc1cnc(-c2cc(Cl)cc(C(F)(F)F)c2F)cc1C#N,0
Cc1sc(C(N)C2CS(=O)(=O)N2)nc1CC#N,0
CN(O)C(=O)CCCP(=O)(O)O,0
CC(C)COC(=O)c1cn(CCCC#N)c2ccccc12,0
CC(C)N1CCC(Oc2ccc3c(c2)cc2n3CCN(Cc3cccnc3)C2=O)CC1,0
Cc1cc(C#N)nc(N[C@@H](CO)CNC(=O)[C@@H]2CC23CCOCC3)n1,0
NC[C@H](c1ccc(C(F)(F)F)cc1)N1CCN(c2ncnc(N)c2-c2cn[nH]c2)CC1,0
COc1cc(C#N)ccc1CN1CC[C@H](c2ccccc2)C1,0
CNc1ccnc2cc(Cl)ccc12,0
CC(C)(C)c1csc(NC(=O)C(=O)N2CCO[C@H](c3ccc(F)c(F)c3)C2)c1C#N,0
CCNc1c(N(C)C)nsc1C(=N)NC=NC,0
CNCCOc1cccc(C)c1C,0
C#CCCN1CC[C@@H]1CN(C)C(=O)c1cc(C)n(C(C)C)c1C,0
COC(=O)CCN1CCOCC1,0
CC(C)C[C@@H](C#N)NC(=O)Cc1n[nH]c2ccccc12,0
C#Cc1c(C2COC(CCCC)O2)csc1C,0
CC(O)C1C=C(C#N)C(C)C1C(N)C#N,0
CC(=N)NC1=C(C)CS(=O)(=O)C2(CNC2)C1,0
CCOC(=O)c1cccc(-c2cnc3ccc(N[C@@H](CC)CO)nn23)c1,0
COc1ccc2c(=O)ccoc2c1,0
C#CCCN1CC(CNC(=O)[C@@H]2CCCO[C@@H]2C)C1,0
CC(C(=O)O)c1ccc(CNc2cccc(-c3c(C(=O)c4ccccc4)cnc4c(C(F)(F)F)cccc34)c2)cc1,0
O=C(NCc1ccc(F)cc1)C(=O)NCC(c1cccs1)S(=O)(=O)c1cccs1,0
CCC12C(=NO)C(CNc3c(N)coc31)C2C,0
CC(O)c1ccc(N)cc1,0
CCc1cc(O)cc2nc(-c3ccc(O)cc3)oc12,0
C#CC(=O)OC1(C#C)OC=NC1C(C)NC=O,0
CCC(C=O)C1C(=N)NC(C)(CO)CN1C=O,0
C#CCNC(=O)CC(=O)N[C@@H](C)CCNC(=O)C[C@H]1COC(=O)C1,0
COCC[C@@](C)(O)Cn1c(COc2ccc(C#N)cc2)nnc1N1CCC[C@@H](n2cc(C)cn2)C1,0
C#CCCCN(C)C(N)=NC(C#C)CC(C)C,0
Clc1ccc2c(NCc3cn(CCCN4CCOCC4)nn3)ccnc2c1,0
CC(COCCCC(O)C#CCC#N)=NO,0
C#CC1COC2(C)CCC3(CCC(=N)O3)C12O,0
CCCCCCCCCCCC1=N/C(=C\c2[nH]c(-c3ccc[nH]3)cc2OC)C=C1,0
Nc1cnncn1,0
Cc1ccc(Oc2ccc3c(=O)c(-c4ccc(N5CCC(N(C)C)C5)nc4)coc3c2)cc1,0
C=CC[C@@H](C(=C)C)C(=O)Nc1cc([C@H]2CCCCN2C(=O)C2(NC(=O)OC(C)(C)C)CC2)[nH]n1,0
C#CC(C)(C)N=C(c1cnsn1)N(C=N)C=O,0
CN(C)CCOc1cccc(O)c1,0
NC(=O)N[C@H]1CC[C@H](CCN2CCN(c3ccc(Cl)c(Cl)c3)CC2)CC1,0
C#CC1CC2(O)C3CC(CO3)C2OCC1CC,0
CCNC(=O)Nc1ncccn1,0
OCc1ccc(O)c(O)c1,0
C[C@@H](C#N)C(=O)N1CC(N2CCN(C(=O)c3ccc(C#N)[nH]3)CC2)C1,0
COC(=O)CCc1ccccc1N,0
CC1CC(OC2CCN(C)C2C)C2CCCC12,0
CCCCOc1ccccc1OC,0
C=CCN1C[C@H](C)N([C@@H](c2cccc(O)c2)c2cccc(C(=O)N(CCC)c3ccc(F)cc3)c2)C[C@H]1C,0
C[C@H](NC(=O)C(=O)Nc1ccccc1S[C@@H](C)CC#N)c1ccc(F)c2ccccc12,0
NC(Cl)c1ccccc1,0
CCOc1cccc(F)c1[C@@H]1C[C@H](F)C(=O)N1Cc1ccc(OC(F)(F)F)c(F)c1,0
Cc1cc(N)nc(CCc2cc(CC[C@H]3CCN3C)cc(F)c2F)c1,0
C[C@@H]1CN(/C(O)=N/[C@@H]2CCN3CCCC[C@H]23)CC(=O)N1C,0
CC1=CN=CC=NC=C2SC(CN)=C(O1)C2=N,0
COc1ncc(-c2ccc3c(c2)NC(=O)CO3)cc1NS(=O)(=O)c1ccc(F)cc1,0
CC[C@]1(c2cccc(NS(C)(=O)=O)c2)[C@@H]2CN(CCCC3(O)CCCCC3)C[C@@H]21,0
NCC(O)(CO)c1ccccc1,0
C=C(CC)Cc1ccc(OC)cc1,0
COCCOCCOC,0
CCNC(C)c1nc(N=CNC(=O)CO)c[nH]1,0
CCOC(=O)c1c(/C(C#N)=C\N)c2ccc(Cl)c(Cl)c2n1C,0
CN1CCC2C(O)C(C)(N)C(=N)N2CC1(C)C,0
c1ccc(CCCCN2CCC3(CC2)OCc2ccccc23)cc1,0
CCOc1ccc(-n2c(-c3ccncc3)nn(CN3CCO[C@@H](C#N)C3)c2=S)cc1,0
Cc1c(-c2ccc(Br)cc2)nsc1NC(=O)[C@@H]1C[C@H]1C,0
Cc1ccc(C)c2c(C)cccc12,0
Nc1ccc(-c2nc(N3CCOCC3)c3cnn(CCCCCCC(=O)NO)c3n2)cc1,0
Cc1ccc(C(N)C2(CN)CC(C)(C)CO2)[nH]1,0
CC(C)(C)C1(C)C(=N)Nc2c(O)c(N)c(O)n21,0
COCCOCCOCCOC,0
CCn1cc(C(=O)NC[C@H](Nc2snc(C)c2C#N)C2CC2)cn1,0
CCC1C(C)CC(O)(C(C)(C)O)C(NC)C1N,0
COc1cccc(Nc2ncc(Br)c(Nc3cc(C4CC4)n[nH]3)n2)c1,0
CC1NC(=N)CC(C2OC2C)C=CC1=O,0
C=C(C)CN1C(=O)COCC12CN(Cc1ccc(OC)cc1C#N)C2,0
CC1(C(N)C#N)CC(O)Cc2c(O)nnn2C1,0
C=C(C)CN(C)CCc1nc(N)c2c3c(sc2n1)CCCC3,0
CN(C)C(=O)Oc1cccc(Cl)c1,0
CCc1nc2ccccc2[nH]1,0
CN(C)c1ccc(C(=O)N2CCC(N3C(=O)CCc4ccccc43)CC2)cc1,0
CCC(N)c1ccccc1,0
Cn1c([N+](=O)[O-])cnc1/C=C/c1cccc(F)c1,0
CCNCCC(=O)NCCC(=O)O,0
C#CC12C(N)=C(C)C(=NO)C1(C(C)C)N2C,0
C#CC1(c2cnc(=O)n(C)n2)OC(N)=NC1C,0
CCCOc1cccc(C(=O)O)c1,0
CC[C@H](C)[C@H](NC(=O)c1ccc(Cl)cc1)C(=O)NCc1ccc(CC#N)cc1,0
C[C@H](NCc1cncs1)[C@@H]1CCN(C(=O)c2c[nH]c(C#N)c2)C1,0
CC#CCNCCCNC(=O)[C@@H](C)c1cncnc1,0
CC1N2CCC(c3[nH]c4occc4c32)C1(C)N,0
CCCOC12CC1(O)C(C)(N)CC(O)C2N,0
Cc1nccn1-c1ccc(Cn2ccnc2-c2cc3ccccc3[nH]c2=O)cc1,0
CC(C)Oc1cccc(C(=O)O)c1,0
C[C@]12CCC3C(CCC4=CC(=O)CC[C@@]43C(O)CBr)C1CCC2=O,0
CCOc1ccc([N+](=O)[O-])c(N)c1,0
NC(=O)O[C@H]1CN[C@H](C#Cc2cc3ncnc(Nc4ccc(OCc5cccc(F)c5)c(Cl)c4)c3s2)C1,0
O=C(NCc1ccno1)Nc1cc2[nH]nc(-c3ccc(F)cc3)c2cn1,0
Cc1cc(C)cc(O)c1,0
Cn1nccc1CC(=O)N1CC[C@@H](CCNc2nccnc2C#N)C1,0
CN(C)S(=O)(=O)c1ccc(-c2cc3c(c(O)c2O)C(=O)N(Cc2ccc(F)c(Cl)c2)C3)cc1,0
CCCOC(=O)c1ccccc1O,0
CCC(N)C1NCCCNCC2=NCC1N2,0
C=C(C)[C@@H]1CC=C(C)[C@@H](Oc2cc(O)nc(N3CCOCC3)n2)C1,0
CC(=O)C1=NN(c2cc(C(F)(F)F)ccc2F)CC1(CCCN1CCN(C(C)=O)CC1)c1ccccc1,0
C=C[C@H](O)C(C)(C)C(=O)N1CCCC[C@H]1c1cc(NC(=O)[C@H](C)Cc2ccco2)n[nH]1,0
O=C(NO)c1ccc(Cc2ccncc2)cc1,0
Nc1cccc(CNC(=O)c2cc(NC(=O)c3cc(-c4ncccc4F)ccc3Cl)n(-c3ccccc3)n2)n1,0
CCN=C(N)CCc1[nH]cc(C#N)c1COC,0
CS(=N)(=O)Cc1cccc(Nc2ncc(F)c(-c3ccc(F)cc3OCc3ccccc3)n2)c1,0
CCCOC(=O)NCCCN(C)C,0
CNC(=O)Oc1ccc(SC)cc1,0
CCCCCCCCCCCCN,0
CCC(OC)C1CC(O)CC12NCCNC2=O,0
O=C(O)c1cc(Cl)ccc1Cl,0
CC(C)=CCOc1cc(Nc2nc(OCCN3CCOCC3)nc(C3CC3)n2)ccc1C#N,0
Cc1ccc(COCC(=O)O)cc1,0
CC(N)CNCC1COCC(C)N1C(=O)C#N,0
CCCCc1ncc(/C=C2/C(=O)NC(=O)N2CCCC)n1Cc1ccc(C(=O)OC)cc1,0
C#CC12OCC(OC1C(C)(C)C)C2CC(C)N,0
CC(C)OC(Cc1ccnc(F)c1)C(N)C#N,0
N#Cc1ccc(CNC(=O)N2CCO[C@H](C#N)C2)cc1Cl,0
COc1ccc2nc3c(cc2c1)c(NC(=O)CC(C)C)nn3CC(C)C,0
CC12COC(C(CO)N=C3NCC3N1)C2O,0
C#CC1N2CC=CN(C=N)C2=NC1(C)C,0
CC1CC2NC(C(N)=O)C3NC3C(C1)C2=NO,0
OC(O)Nc1ccccc1,0
Cc1nc2ccccc2oc1=O,0
NC1CCCC(Nc2nc(Cl)cc(-c3c[nH]c4ncccc34)n2)C1,0
COc1cc(O)ccc1-c1ccc2c(-c3nc4ccc(N5CCN(C)CC5)cc4[nH]3)n[nH]c2c1,0
C/C(=N\NC(=O)CNC(=O)c1ccncc1)c1ccc(C)cc1,0
CS(=O)(=O)c1cc(Br)ccc1-c1noc(-c2c(F)cc(C#N)cc2Cl)n1,0
CC(C)n1c(=O)n(C)c2cnc3cc(F)c(-c4ccc(OCCCN5CCCCC5)nc4)cc3c21,0
C=CCCNC1CC(CNC(=O)c2c(C(F)(F)F)n[nH]c2C)C1,0
CC(CO)C1CC(N2C=C(C=O)CC2)C1C,0
CNC(=O)[C@@H](C#N)C(=O)c1cc(-c2ccc(F)cc2)c(C)s1,0
CC(=O)c1cccc(C)c1C(=O)O,0
CCOC(=O)CCc1ccccc1,0
CCCCCCCCNc1cc(=O)[nH]c(=O)[nH]1,0
CN1CCN(C(=O)N(C)C)CC1,0
O=C(O)C[C@H](Cc1ccccc1)NC(=O)[C@H]1Cc2c([nH]c3ccccc23)[C@@H]2C[C@@H](NC(=O)OCc3ccccc3)C(=O)N12,0
C=CCOCCNC[C@@H]1CN(C(=O)c2ccc(-n3ccnc3)cn2)C[C@H]1C,0
Cc1ccc2[nH]c3c4ccc(-c5cnc(N6CCCN(C)CC6)nc5)cc4ncc3c2c1,0
C=CCN(CCC#N)C(=O)c1cccc(NC(N)=O)c1,0
C#CC1C(=O)C2COC3CNCC(C1C)C32C,0
CC1CC2(C(S(=O)(=O)C=O)=CNC2(C)C)C1O,0
C#CCCCN(C)CCOc1ccc(Br)cc1,0
OCN(CO)c1ccccc1O,0
CC1CC(O)C23COCCN2S(=O)(=O)C(C)C13,0
CC#CC12CCOCC=C1CCC1OC12,0
Cc1nsc2c(F)c3cc(=N)cccc3nc12,0
CC(=O)CCC(=O)c1ccccc1,0
C[C@H](NC(=O)C(=O)Nc1ccc(F)cc1)C(=O)N[C@@H](CC(=O)O)C(=O)COP(=O)(c1ccccc1)c1ccccc1,0
CCCC1N=C(C)NCc2c1cnn2C,0
Cc1cncn1CC(=O)N[C@@H]1CN(CC#Cc2cccc(Cl)c2)C[C@H]1C,0
CC(C)c1ccccc1O,0
CC1N(C)C2C1(C)NC(=O)C=CN(C)S2(=O)=O,0
OC(O)=Nc1ccccc1,0
COCc1ccccc1O,0
Nc1cnccc1O,0
CCCCCOC(C)=O,0
O=C(O)CCc1ccc(NCc2cccc(Oc3ccccc3)c2)cc1,0
CC1C(O)C2CC1(OCCCNC=O)C2,0
COC(=O)C1=C(C(=O)c2ccc(F)cc2)[C@@H](c2ccccc2)N=C2N=NN[C@H]21,0
Cc1ccccc1OC(=O)N(C)C,0
CC1=CC(=NO)C23CC4CC(C4)C12OC(C)C3,0
C=C(C)Cn1c(-c2ncc(OCC)o2)nnc1N1CCN(c2cnn(C)c2)CC1,0
CC1C(O)c2nnn3c2C12C(N)C2OCC3,0
CC1(O)C=CC2(C=O)CC2N(C=O)S1(=O)=O,0
C=C(C)Cn1c(-c2ccc(COC)o2)nnc1N1CCC[C@H]1[C@H]1CCCO1,0
CC1=NC(C)C2(O)C(=N)NC(C(C)O1)C2C#N,0
CC(C)=CCC[C@H](C)CC(=O)NCC1(NCC#N)CC1,0
Cc1cc(C)c(C)cc1C,0
CC12CCCOCC1CCCCCNC(=O)N2,0
C=C(C)CC(NC(=O)[C@@H]1[C@@H]2[C@H](CN1C(=O)[C@@H](NC(=O)OC(C)(C)C)C1CCCCC1)C2(C)C)C(=O)C(N)=O,0
Cc1cccc(Nc2nc(-c3ccc(-c4ccnn4C)cc3)cs2)n1,0
CCC1CCC=CC2(COCO2)C(N)CN1,0
CC(C)n1cc(-c2cc(C(O)(C(F)(F)F)C(F)(F)F)cnc2N2CCN(S(=O)(=O)c3ccc(N)nc3)CC2)cn1,0
C=CCC(CC=C)C(=O)N[C@H]1[C@@H]2COC[C@H]1CN(C(=O)c1c(C(C)C)nn3ccccc13)C2,0
CCC1NC(C=O)=NC(C)C(=O)C1CO,0
C=CCN(CC=C)CCc1c[nH]c2ccc(OC)cc12,0
CCOC(=O)CN1CCN(C)CC1,0
C=CCOc1cccc2c1-c1cccc3c1[C@@H](C2)N(C)CC3,0
Cc1cocc2c(n1)oc1nc(C#N)c(=O)c12,0
N#Cc1ccc(CNC[C@H]2CCCN(C(=O)C3(C4CC4)CC3)C2)cc1,0
CCCC(=O)NCc1ccccc1,0
CCCCCn1cc(C(=O)c2cccc3ccccc23)cc1-c1ccccc1,0
CCC(=O)C1(O)CC2CCCC2N=C1N(C)C,0
C=C1C(=O)O[C@H]2[C@H]1[C@@H](OC(=O)[C@](C)(O)CBr)CC(=C)[C@@H]1C[C@H](O)[C@](O)(CBr)[C@H]21,0
C=C(C)C(=O)OCCNC(=O)c1cccc2c1OCCCO2,0
C=C[C@H](OC(C)=O)c1ccc(OC(C)=O)c(F)c1F,0
CNC(=O)c1cc(Nc2ncnc(N3CC(COc4ccc(C(F)(F)F)cc4)C3)n2)ccc1Cl,0
CC1CNC(C)C1(CC#N)N(C=N)C(=O)C=O,0
C[C@H]1CCCN(c2nnc(CCCC#N)n2Cc2ccccc2)C1,0
Cc1ccc(NC(=O)N(C)C)cc1,0
C#CC(C)Oc1c(F)cc(O)cc1C(C)(C)O,0
OCC(O)Nc1ccccc1,0
CC(O)(O)c1ccccc1,0
COc1ccc(S(N)(=O)=O)c(N)c1,0
Nc1ncnc2c1sc1ncnc(N)c12,0
C1CCCCCC1,0
CCOc1cc(C=Nn2c(C)nc3ccc(Br)cc3c2=O)c(Br)c(Cl)c1OCc1ccc2c(c1)OCO2,0
CC[C@@H]1[C@@H](NC(=O)CCc2c(C)noc2C)CCN1c1cnc(C#N)cn1,0
COC(=O)CNC(=O)c1ccco1,0
CC1C(=NO)C2C3CC4=CNC(=O)CC1=C4C32,0
CC1=C(C(=O)OCC(C)C)C(c2cccc(F)c2)N2C(=O)C(C)SC2=N1,0
CCCC1=NC(C=O)(CNC)C(O)C(CO)O1,0
CCc1ccc2ccccc2c1O,0
OC(O)C(O)(O)c1ccccc1,0
CCO[C@@]1(c2nnc(N3CCC(C)(C#N)CC3)n2C[C@H]2CCN(CC(F)(F)F)C2)CCOC1,0
CC(N)CN(C(C)C)C1(CCO)CCN=C1N,0
O=C(O)c1cccc2ccccc12,0
C#CC(N)C1CN2C=NCC2C2(C)CCNC12,0
CC(C)CC[C@@H]1CCCN1/C(O)=N/[C@@H]1CCn2ccnc2C1,0
Cc1ccc(OCc2ccc3c(c2C)CCN(C2COC2)C3)c(-c2cccc(N3CC[C@@]4(C(=O)O)C[C@H]4C3)n2)c1,0
CCCCOC(=O)CC,0
C#CC12OCC(CC1C)C2c1c(O)n[nH]c1N,0
Cc1c[nH]c(C)c1CCC(=O)NC1CCN(C2CCN(C(=O)C#CC3(O)CCCCC3)CC2)CC1,0
Cc1ccc2ccc(C)nc2c1,0
COc1cccc2cccnc12,0
N#CCC1CN(C(=O)[C@]23C[C@@H]2CCN3C(=O)Cc2cccc(Cl)n2)C1,0
Cc1cscc1-c1ccccc1,0
O=C1N(Cc2cccc(Cl)c2)[C@H](Cc2ccccc2)[C@H](O)[C@@H](O)[C@@H](Cc2ccccc2)N1Cc1cccc(Cl)c1,0
Nc1cccc(-c2cnc3[nH]cc(-c4cccc(NC(=O)Nc5ccc(C(F)(F)F)cc5F)c4)c3c2)c1,0
CCCCCC(O)c1ccccc1,0
CCCCCCCCNCC(P(=O)(O)O)P(=O)(O)O,0
CCCCOC(=O)c1ccccc1,0
C=CC[C@@H]1CCCC[C@H]1NCCCN(C)C,0
C#CC(=O)C1(C)CCOCCC(CC(=N)N)O1,0
NC(=O)C(N[C@H]1CC[C@@H](c2c[nH]c3ccccc32)CC1)C1CCN(C(=O)/C=C/c2cc(F)cc(F)c2)CC1,0
C=C[C@@](C)(CCOC)C(=O)N[C@@H]1CCCN(C(=O)c2cn(C)cn2)C1,0
CCCNCCc1cccc(O)c1,0
CCNC(=O)C(=O)NCC(=O)O,0
COC(=O)[C@H](c1ccc(OC)cc1)[C@H]1CCCCN1,0
Cc1nc(N2CCN(C)CC2)c2nc(-c3ccccc3Cl)n(C3CCOCC3)c2n1,0
CN1CCCCCC1,0
C[C@@H]1CN(c2nccnc2C#N)CCN1C(=O)NCc1cccc(OC(F)F)c1,0
CNC(=O)c1ccc(-c2ccc(NC(=O)Nc3cc(Br)ccc3OC(F)(F)F)cc2)cn1,0
CC1=CN(C=N)C=CC2C1C=CC21CC1N,0
C=CCCN1C[C@@H]2CN(C(=O)Cc3ccccc3C)C[C@]2(C)C1,0
CC(COc1coc(N)c1)C(C)c1c[nH]cn1,0
O=C(CNS(=O)(=O)c1ccc(OCc2ccc(F)cc2)cc1)NO,0
C[C@H](C/N=C(/O)CN1CCN(C)C(=O)C1)CN1CCCC1,0
CCN(C)Cc1ccccc1,0
N#Cc1ccc(CC(=O)N(Cc2ccccc2F)c2ccccc2)cc1,0
S=c1[nH]c2ccc(CCCN3CCN(c4ccccc4)CC3)cc2[nH]1,0
Cc1ccc(NC(=O)C(C)N)cc1,0
NS(=O)(=O)c1ccccc1,0
C=CCN1C[C@H](NC(=O)c2nc(CC)oc2C)CC[C@H]1C,0
CCCC(O)C1=CC(CO)NC1C(C)(C)N,0
COc1ccc2c(c1)c(CC(=O)NS(=O)(=O)c1ccc3ccccc3c1)cn2C(=O)c1ccc(Cl)cc1,0
CN(C[C@H](O)CO)C(=O)c1cnc(C#N)cn1,0
CC(C)/N=C(/NCC(=O)N(C)C)N1CC[C@H]([C@H]2CCOC2)C1,0
CC1CC(N(C)CC=O)CCCCCC(=O)N1,0
O=C(O)CCCCO,0
CC1=NC2(c3ccn[nH]3)CC(C)C3CCN1C32,0
CCC(C)N(CC)C1=NC2C(N)CC(C1)C2O,0
CCOC(=O)C1(CN)CC(=O)NC1CCOC,0
CC1(O)COC2CNCCNC1C2(C)C(=O)O,0
Cc1[nH]c2ccccc2c1C(=O)[C@H](C#N)C(=O)Cc1ccccc1[N+](=O)[O-],0
Cn1cnc2ccccc2c1=O,0
C#CC(=N)NC(C)CNC1C2COC1(C)C2,0
CCCOCC1(N)CCN2C=NC(CN)CC21,0
CC#CCN1CCCO[C@H](CNC(=O)C(C)(CC)CC)C1,0
CCc1ccc([C@@H]2C(C(=O)OCCOC)=C(C)NC3=C2C(=O)C[C@H](c2ccc(OC)cc2)C3)cc1,0
COc1cnn(C)c(=O)c1-c1ccc(C[C@@H](CO)NC(=O)c2c(Cl)cccc2Cl)cc1,0
CC#CC1(C)C(O)C(NCCC)C2CN21,0
CN(C)c1cc2c(Nc3ccc4c(cnn4Cc4ccccc4)c3)ncnc2cn1,0
COc1ccc2c(c1)CCCC2,0
Clc1ccc(-c2nc3ccc(Nc4ncnc5ccccc45)cc3[nH]2)cc1Cl,0
Cc1cc(C)n(CCCC(=O)O)n1,0
CCC1NC12CCC1CCCCC2N1,0
CCCNC(=O)c1ccc(O)cc1,0
NCc1ccnnc1,0
NCCC(=O)NCC(=O)O,0
NC(=O)NCCCC(=O)O,0
CCOC1CC(CN=C(N)CCNC)C(C)O1,0
C=C(C)CCNC1CC2(C1)CC(NC(=O)c1ccccc1F)C2,0
CN(C)C(O)Nc1ccccc1,0
N#Cc1cncc(N(Cc2ccc(-n3cncn3)cc2)C2CC2)n1,0
Cc1nc([C@@H](C)n2cc(CC3(C#N)CCCCC3)nn2)no1,0
C=C(C)CN1CCO[C@@](C)(CNC(=O)c2cc(-c3nn[nH]n3)c[nH]2)C1,0
NS(=O)(=O)c1cc(S(N)(=O)=O)c(NS(=O)(=O)C(F)(F)F)cc1Cl,0
CCOC(=N)C(OCC#N)C(O)S(N)(=O)=O,0
C#CC(CC(C)(C)CC(C)(N)C(C)N)C(C)C,0
CCCCC1C=CC(O)C2CC(C)C12O,0
C#Cc1ncnn1CC(=O)Nc1cnc(C)o1,0
CN1C(=O)c2ccccc2C1=O,0
CN(C)C(=O)OCc1ccccc1,0
C#CC1(CCN)CNCC1C(C)C(=N)N(C)C,0
OCc1ccccc1C(O)O,0
C=CCC[C@H](O)CN1CCOC[C@@H]1CN(C)C,0
Cc1cc(O)cc(C)c1C[C@H](N)C(=O)N1Cc2ccccc2CC1COCc1ccccc1,0
CCC(C)(CC1(N)CNC(=N)OCC1O)OC,0
Cc1cc(=O)[nH]c2ccccc12,0
C[C@H](Nc1nc(N)nc(C(F)(F)F)c1C#N)c1nc2cccc(Cl)c2c(=O)n1-c1cc[nH]n1,0
NS(=O)(=O)Cc1ccccc1,0
CC1(CCO)NC(CN)c2snc(N)c(=O)c21,0
NC(CO)c1ccccc1,0
COc1ccc2ccn(C)c2c1,0
CC12CNC3CNC(=N)COC(=N1)C1C3C12,0
CCNC12C=CC(C(C)O)(C1)OC(C)C2O,0
CCC(Cc1nc(F)c(NC)cc1F)NC=N,0
CC(=O)CCCCN1C(=O)C(CCOc2ccccc2CC(=O)O)Oc2ccccc21,0
CCS(=O)(=O)c1cnc(CNc2ccc(Cl)c(C#N)n2)nc1,0
c1cc(Oc2ccc(-n3ccnc3)cc2)nc(Oc2ccc3c(c2)OCO3)c1,0
CCNC(=O)c1noc(-c2cc(C(C)C)c(O)cc2O)c1NC(=O)c1ccc(CN2CCOCC2)cc1,0
C#Cc1ccc(C(=O)N2CC[C@@H](NCc3ccccc3C)C2)cc1,0
CCCCCCCCCCC(=O)O,0
COc1cc(Cl)c(C)cc1NC(=O)[C@H](C#N)C(=O)c1ccc2c(c1)CCN2C(C)=O,0
CC1(C)COC(CCCNCC(=O)NC=N)C1,0
CCC(=O)NC[C@H]1CCC[C@@H]1NC(=O)c1cc(C#N)c[nH]1,0
CC(OC(=O)c1cnn2c1n[n+]([O-])c1ccc(Cl)cc12)c1ccccc1,0
O=C(O)COc1cccc(C=NNc2ccc(S(=O)(=O)C(F)F)cc2)c1,0
N#C[C@@H]1CCCN1C(=O)[C@@H](N)CC(=O)N1CCN(C(c2ccc(F)cc2)c2ccc(F)cc2)CC1,0
OCC(CO)c1ccccc1,0
CCc1cccc2ccccc12,0
CCC12CCC(N)C1CCCC1CN=C(C2)O1,0
CC(=O)NCCCCCC(=O)O,0
Cc1cn([C@H]2C[C@H](N=[N+]=[N-])[C@@H](COP(=O)(Oc3cccnc3)Oc3cccnc3)O2)c(=O)[nH]c1=O,0
COc1cccc2c1ncc1c(=O)n(-c3cccc(Cl)c3)c(=O)n(C3CCN(S(=O)(=O)CS(C)(=O)=O)CC3)c12,0
C=CCn1cccc1C(=O)N1CC[C@H]2CN(CC(=O)NC)C[C@H]21,0
CCCCCCCCCCCCO,0
Nc1n[nH]c(N2CCC(N(CCc3ccc(Cl)cc3)Cc3cccc4ccccc34)CC2)n1,0
CCOC(=O)C1=C(C(=O)C(C)C)[C@@H](c2cnc(C3CCC3)s2)NC(=S)N1,0
COc1cc(C#N)ccc1COC(=O)c1c(C)c(C)nn(C)c1=O,0
CC(C)(C)Cc1nc2c(n1CC1CC1)CCN(S(C)(=O)=O)C2,0
CCC(O)Cc1ccccc1,0
CN(c1ccc(Cl)cc1)C(O)O,0
CC1=CC2COC3=NCCC32c2nccn21,0
CCC1(C(=O)N2CCC([C@@H]3CCN(C(=O)C#CC4CC4)C3)CC2)CC1,0
OCN(CO)Oc1ccccc1,0
C[C@@H]1C[C@@H](C)CN(C(=O)COC(=O)c2ccc(C#N)[nH]2)C1,0
CCC[C@H](O)CCNc1nc2c(cc1C#N)CCCC2,0
O=C1CC(N2CCC(c3nc4ccccc4[nH]3)CC2)C(=O)N1Cc1ccccc1,0
CC1CC(C)(C2COC(C)C2(C)N)COC=N1,0
Cc1cc(Cl)ccc1OC1CCN(CC2CCN([C@@H](Cc3ccc(F)cc3)C(=O)O)CC2)CC1,0
CC(=O)OCCCCN(C)C,0
C=CCNC(=O)NC(C)(C)C(=O)N[C@@H]1C[C@H]2CC[C@@H]1N2c1ncccc1C#N,0
CC1CC2NC3CC(C#N)(CS3(=O)=O)C23CN13,0
CC(C)Nc1ccc(C(=O)O)cn1,0
C=CCn1c(SCC(=O)Nc2ccc(Cl)c(Cl)c2)nnc1-c1ccco1,0
OCc1ccncc1,0
CCC1(CC)CCN(c2nnc(-c3cccc(C#N)c3)n2CC2([S@](C)=O)CCC2)C1,0
O/C(=N/[C@@H]1C[C@@H]1c1ccccc1)N1CCOCC2(CCOCC2)C1,0
C#CC(N)CC1C(O)CCCC1(C)COC=O,0
Cc1cc([N+](=O)[O-])ccc1N(C)C,0
CC1(N)CC(O)CC(=N)NCC1(N)C(O)CN,0
Nc1n[nH]c2nccc(-c3ccc(NC(=O)Nc4cc(C(F)(F)F)ccc4F)cc3)c12,0
CC1NC2C3N=COC34COC(C1=NO)C24C,0
CC1(N)C(O)C23COC(=O)N2C(=O)CC13,0
O=C(O)ON(O)c1ccccc1,0
Cc1ccc(NC(=O)C2CCC2)cc1-n1cnc2ccc(N3CCN(C)CC3)cc2c1=O,0
C#CCN1CC(NC(=O)c2cccc(OC)n2)C1,0
CCOc1cc(-c2ccccc2)sc1C(=O)NCc1ccc(C#N)cn1,0
N#Cc1cc(C(=O)N(Cc2ccccc2Cl)CC2CC2)ccc1Cl,0
N#Cc1cnn(-c2ccccc2Br)c1NC(=O)c1cnn[nH]1,0
CCC1CCN(C(=O)C(CCCN=C(N)N)NS(=O)(=O)c2cc(OC)c3ccccc3c2)CC1,0
CC(O)C1CCC(N)C2NC(C)C(C)CC12O,0
CN(C)CCOc1ccccc1Br,0
CC(C)C[C@@H](C=O)NC(=O)[C@@H](NC(=O)c1cccs1)C(C)C,0
CC(C)=NO[C@@H](C)C(=O)Nc1cc([C@H]2CCCCN2C(=O)c2ccc(CC(C)C)cc2)[nH]n1,0
CSc1nc2ccccc2n1C,0
Cc1c(C(=O)N2CCC(C(C#N)C3CC3)CC2)cnn1-c1nn2cccc2c(=O)[nH]1,0
CCCCCCCCC(C)=O,0
C=CCNC(=O)NC(=O)[C@@H](C)NCCNC(=O)c1conc1C1CC1,0
CC1NCC(CO)=CC(C)(OC=N)CC1=O,0
C#CC(CC(C)(C)N)c1cnc(C(O)CC)[nH]1,0
CCCN(Cc1ccc2ccccc2c1)c1ccc2nc(N)nc(N)c2c1,0
CN1C2=NCC(C)(CC3(O)CC1CC3=NO)O2,0
CC1CC(=N)OC(CN)C2=NC1CC(=N)N2C,0
CC1COCc2snc(N)c2C(C)(O)S1(=O)=O,0
CC(=O)Nc1ccc([N+](=O)[O-])cn1,0
CCNCCNC(=O)N(C)CCOCc1ccc(C#N)cc1,0
CC(O)c1ccc(O)cc1,0
O=c1cc(-c2ccncc2)oc2ccc(OCCCCCCN3CCCCC3)cc12,0
CCNC1(CC=O)CC2CC1(C)N=C(C#N)O2,0
CC#CC12CCC3=CC4CC(CC1)C4C32C,0
C[C@H]1C(=NNS(=O)(=O)c2ccccc2[N+](=O)[O-])CC[C@@H]1CC(=O)O,0
C[C@H](NC(=O)OC(C)(C)C)[C@H]1CCCN(C(=O)c2cc(C#N)c[nH]2)C1,0
CO[C@H](Cc1scnc1C(=O)Nc1nccs1)c1ccccc1,0
CCC1(C2CNC2)CCC(CCNC)CN1,0
CCCCCC[C@H]([C@H](C)O)n1cnc2c(N)ncnc21,0
Cc1cccc(N(CCC#N)C(=O)CN2CCC(C(C)(C)O)CC2)c1C,0
CN(C)C(=O)c1cc2ccc3c(c2c(-c2ccc4c(c2)OCO4)c1C(=O)O)OCO3,0
CC(C)(C)c1cc(NC(=O)Nc2ccc(Oc3ccnc4[nH]c(=O)c(N)nc34)c3ccccc23)n(-c2ccccc2)n1,0
N#Cc1ccc(N2CCC(NC(=O)[C@H]3C[C@@]34C(=O)Nc3ccccc34)CC2)nc1,0
CC(N(C)C)C1(C)C(=O)C(C)(C)N1C,0
C[C@]1(CO)CCN(C(=O)CC2(C#N)CCCCC2)C[C@@H]1O,0
CCN(CC)CCO,0
COC(=O)C(C)(C)NC(=O)Cn1cc(C#N)c(O)nc1=O,0
CC(C)c1cccc(C(C)C)c1NC(=O)CCCCCSc1nc2cc(O)ccc2o1,0
CC1(C)O[C@H]2[C@@H]([C@H]3COC(C)(C)O3)O[P@](=O)(c3ccccc3)[C@@H](O)[C@H]2O1,0
CC1=CC=C(C)C(O)C2NC(C#N)C(C)=C12,0
CC#CCc1nnnc2c[nH]c(C=O)c12,0
Cc1cc(N(Cc2ccc(C#CCN3CCN(C(C)C)CC3)cc2)CC(C)(C)C)nc(C)n1,0
CC1N2CC(C=NO)=CC(O)C(C#N)C12C,0
CC1C2CC1(N)C=C(C#N)CNCC(=N)N2,0
CCCCCCC(N)=O,0
C#CCN1CCC(c2nnc(N3CCN(C(C)C)CC3)n2CC2CC2)CC1,0
CCCCCC(=O)N1CCCCC1,0
CC(C)(C)C(=N)NC1C(=N)NC2C1CS2(=O)=O,0
Oc1ccccc1/C=N/Nc1ccnc(SCc2ccccc2)n1,0
CC1NC(CO)C(O)C1(O)C(=O)NCCCO,0
CC1CC23CCS(=O)(=O)C(N2)C3(C)O1,0
O=S1(=O)c2cc(N3CCN4CCC3CC4)ccc2-c2cccc(F)c21,0
CCOCC1(C)C(=NO)CC(C)OC12CC2,0
CC(C)[C@H](NS(=O)(=O)c1cc(C#N)ccc1Cl)C(=O)N[C@@H](Cc1ccccc1)C(N)=O,0
Cc1cccc(N(CCC#N)S(=O)(=O)c2ccc(F)c(F)c2F)c1,0
CCC1(N)C2CC(N)C(O)C1(O)c1ocnc12,0
C#Cc1cccc(NC(=S)Nc2cnn(-c3ccc(C(F)(F)F)cc3)c2)c1,0
CC1CC2CC3(CC3)NC(C)C(CO)(C1)C2,0
CCOC(=O)CCN,0
COc1cc2c(cc1OC)C1=NO[C@@H](CN3CCN(Cc4ccc5ccccc5c4)CC3)[C@@H]1CO2,0
Cc1cc2ccccc2cc1N,0
Nc1cncnn1,0
CN1[C@@H]2CC[C@H]1C[C@@H](NC(c1ccccc1)c1ccc(Cl)cc1)C2,0
Cc1ccc(C)o1,0
CCOC(=O)C(=O)OCC,0
OCCCC(O)c1ccccc1,0
CCOC(=O)N1CCCC(N2CCC(c3ncccc3OC)CC2)CC1,0
C#CC1(C(C)OCCC)C(C)CCC1(C)CN,0
CC1(C)OC2(C)OC1C1(CCN)C(N)=NCC21,0
Cc1ccc(-c2cnc(C(=O)N3CCOCC3)o2)cc1S(N)(=O)=O,0
O=C(Nc1ccc(Oc2ccccc2)cc1)N1CCN(c2ncccc2C(F)(F)F)CC1,0
CCCN(CCNC(=O)C[C@H](C)n1cccc1)c1ccc(C#N)nc1,0
N#Cc1cccc([C@@H]2CN(Cc3nc(-c4cccc(Cl)c4)no3)CCO2)c1,0
O=C(CCCN1CCN(CC2CC(=O)c3ccccc3C2)CC1)c1ccc(F)cc1,0
N#Cc1nccc(N2CCC[C@H](CNC(=O)C[C@H]3CCCOC3)C2)n1,0
CC12CC(CCCN)CNC(CN)C(CO1)O2,0
CC1C(C)C(C#N)C(C(C#N)C(F)(F)F)C1N,0
CC(C)C1CN=C(Cc2cnns2)NC1CN,0
N#Cc1ccccc1Sc1ccc(C(=O)OCCc2nnc(-c3ccccc3)o2)cc1,0
CCCCCc1cc(O)cc(OCCCCCCCCCN[C@H](C)CO)c1,0
CCC1(N)CC2C(O)C1C=CC21CC(C)N1,0
CNCCCOc1ccccc1,0
C=C1CCC(C(=O)N2CCC[C@H](CN(C)[C@@H]3CCCNC3=O)C2)CC1,0
c1ccc(C2CCCC2)cc1,0
C=C[C@@H](OC(=O)[C@H]1CC(=O)N(Cc2ccccn2)C1)c1ccccc1,0
C=CCc1cc(C(=O)Nc2ccc(C(=O)N3C[C@@H](C)O[C@@H](C)C3)cc2)cc(OC)c1OC,0
OCN(CO)Cc1ccccc1,0
C=C(C)Cn1c(-c2ccc(F)cc2C)nnc1N1CCC(CC(N)=O)CC1,0
C[C@@H](CC#N)N(C)C(=O)C[C@@H](NC(=O)c1ccc(O)cc1)c1ccccc1,0
CC12CNC3(C=CC(C3)C(=O)O1)C2,0
CCC1(C(C)C)NC2C(O)C1N1CCC(=O)C21,0
Cc1cc(C(=O)N[C@@H]2CCc3nc(NC(=O)COc4ccccc4C#N)sc3C2)cnc1C,0
CCNCc1c2c(nn1C1CC1)CNC2C,0
COCCC(=O)OC,0
CNCCc1cccc(O)c1,0
C=CCCN(C)[C@@H]1CCN(C(=O)c2cnn(C(C)(C)C)c2)C1,0
C#Cc1cc(=NC(=O)[C@H](N)Cc2cnc[nH]2)cc[nH]1,0
C=C(C)CCC(=O)N[C@@H](C)CCNC(=O)CCc1cnccn1,0
C[C@](C#N)(CC(=O)O)C(=O)NC[C@H](CO)c1ccccc1,0
CCN1c2ncccc2C(=O)N(C)c2ccc(-c3ccsc3)nc21,0
CCN1CCN(Cc2ccc(NC(=O)Nc3ccc(Oc4cc(NC)ncn4)cc3)cc2C(F)(F)F)CC1,0
CC(C)CC(CC(C)C)NC(=O)Nc1cc(CC#N)ccn1,0
CCc1c(C)nc(O)c(N(C)C)c1C(=O)c1cccc(Br)c1,0
OCc1ccc(O)cc1O,0
C#Cc1ccc(C(=O)NCCNCCOC[C@H]2CCCCO2)cn1,0
Cc1ccc(-c2cnc(-c3ccccc3C(=O)OCC#N)o2)cc1,0
CCCc1ccc(C(=O)N2C[C@@H]3[C@H]4CC[C@@H]([C@H]3C2)N(CC#N)C4)cc1,0
N#Cc1cc(C(=O)N2C[C@H]3COC[C@@H](C2)[C@H]3NC(=O)c2c[nH]c3ncccc23)ccc1Br,0
CCOC1C=C2CC3NC3C2(O)C(N)C1,0
Cc1cc2c(C)c(=O)c(C)cc-2c(Cl)[nH]1,0
CCOC(=O)CSc1ccccn1,0
O=C1C=CC(O)(c2cccc3ccccc23)C=C1,0
C/C=C/c1cc(Cc2cnc(N)nc2N)cc(CCC)c1OC,0
CC(Cl)NCc1ccccc1,0
CNCc1nc2ccccc2[nH]1,0
C#CCC1OC2CC(C#C)NC(C(C)N)C2O1,0
COC1CCN(C(C)(C)CNC(=O)NCc2ccc(C#N)cc2)CC1,0
CC(CO)C(=NO)C1CC2(COCC2=O)N1,0
CC(C)(CNC(=N)n1cnc(CN)c1)OC=O,0
C#CC1OCOC2CC(C(C)CC2(C)C)C1C,0
CN(C)c1nc(Nc2ccc(C(F)(F)F)cc2)c2nc(Nc3c(Cl)cccc3Cl)sc2n1,0
N#CCN1CCC(OC(=O)c2ccnc(Oc3ccccc3)c2)CC1,0
OC(O)(CCl)c1ccccc1,0
CCN1CCOC(OCC2(CN)CC2)C1=N,0
CCN1C(C)C(N=CN)C(C)C1(CO)C(C)O,0
CCCc1cnc(N2CC(Oc3ccc(C(C)NC(C)=O)cc3)C2)nc1,0
O=C(O)c1ccnc(-n2nccc2OCc2ccc(C3CC3)c(Cl)c2)c1,0
CC1(N=CN)CC(C)(N)C(C)(C)C(O)CC1N,0
CCC1(CNC=N)CCC(=N)N1CC(N)CN,0
NCC(=O)NCCCC(=O)O,0
C=C(C)CONC(=O)c1ccc(OC(F)F)c(F)c1,0
C#CC1NC(COCC)C1C(O)CC#N,0
C[C@@H](OCc1ccncc1)C(=O)N1CCOC[C@H]1C#N,0
Cc1[nH]nc(C(=O)N[C@@H](C)CN(C)c2cnc(C#N)cn2)c1C,0
CCCCOCCO,0
CCOC(=O)c1cc(OC(=O)c2cccc(Cl)c2)n(-c2ccccc2)n1,0
CC1CC2(NC(=O)C3COCC3N)COC1C2,0
COc1cccc(S(=O)(=O)N(Cc2cccs2)C[C@@H](O)[C@H](Cc2ccccc2)NC(=O)c2cc(O)c(O)c(O)c2)c1,0
CCN1CCCC[C@@H]1/C(O)=N/C[C@@H]1CCCN(CC#N)C1,0
CC(N)CC1NC2CC(C)C(C)(OC2=O)C1C,0
CN(CCC#N)[C@@H]1CSc2ccccc2C1,0
NC1=NC2(CO1)c1cc(-c3cncnc3)ccc1OC(CCC(F)(F)F)C21CCC1,0
CC1C(C=O)CC(C)(C)C2OC(C#N)CC12C,0
CC1CCCC2C3C4CC(C)(OCO4)C23N1,0
Cc1ccnc2c(N)cccc12,0
O=C(OCO)c1ccccc1,0
CN(CO)Cc1ccccc1,0
CC1COC2CCOCC(C1)Oc1ccc2o1,0
CC1CCCN(CC2CC(O)CN2)CC1C#N,0
Cc1ccc(-c2nnc(SCC(=O)Nc3sc4c(c3C#N)CCCCC4)o2)c(C)c1,0
CC(=O)OCCCS(=O)(=O)N[C@H](C)c1ccc(-c2cccc(C#N)c2)cc1,0
CCOC1OC(C(C)C)C(CN)NC1(C)CN,0
CCSC(=O)c1ccc(OC)cc1,0
COc1cc([C@@H]2c3cc4c(cc3[C@@H](OC(=O)Cc3ccccc3)[C@H]3COC(=O)[C@H]23)OCO4)cc(OC)c1OC,0
CCC1C2C=CS(=O)(=O)C1CC(C=O)N1CC21,0
CC(C#N)c1cn(C)cnc(=N)c(=O)ncs1,0
C#CCC1CC(=O)C2(O)CCC1OC2(C)CC,0
Cc1cccc(-n2ncc3c2CCCC3NC(=O)Cn2cccn2)c1C,0
CN(C[C@@H](CCN1CCC2(CC1)CS(=O)c1ccccc12)c1ccc(Cl)c(Cl)c1)S(=O)(=O)c1ccccc1,0
CCC12CNC(C1)C(C)CS(=O)(=O)CC2(C)O,0
C=C(C)CN[C@@H]1C[C@H](C)N(C(=O)CCC2CCOCC2)C1,0
Cc1cccc(CN2CCC3(CC2)C(=O)N(c2ccc(-c4ccccc4)cc2)c2ccc(C(=O)O)cc23)n1,0
CCNC(=O)N1CCN(C)CC1,0
CC12CCOCOC(CC(CCCN)C1)C2N,0
COc1ccc(-n2nc(Nc3cc(C)[nH]n3)c3ccccc3c2=O)cc1,0
CCCCNC(=O)Nc1cc(C(=O)OC)ccc1C,0
CC(=O)OCC(C)(C)CC1CC(N)=NCC1C,0
CCOC1CC(C)CC1c1n[nH]c(=O)o1,0
CSc1nc2ccccc2s1,0
CC1C=CC2(N)CC2(N)C1C(N)CCO,0
CCNC(=O)NC(=O)CN(C)CCN(C)C(=O)[C@H](C)C#N,0
CC(C)CNCC(C)C,0
OCc1cc2cc(OCCCCN3CCN(c4cccc(Cl)c4Cl)CC3)ccn2n1,0
CC[C@@H](CC(F)F)C(=O)N1CCCC[C@H]1CNC(=O)C#CC(C)C,0
CC(O)C1(N)CCC(C)(CCN)CNC1,0
C=C[C@@H](O)C(=O)N[C@H](C)C1CCN(C(=O)OC)CC1,0
Clc1ccc(Cn2ccc3nc(-c4ccccc4)nc-3c2)cc1,0
NC(=O)[C@H]1CSSC[C@H](NC(=O)[C@@H](N)Cc2ccc(O)cc2)C(=O)NCC(=O)N[C@@H](Cc2ccccc2)C(=O)N1,0
CCOc1ccccc1N1CCN(CCCN/C(=N\C#N)c2ccncc2)CC1,0
Cc1ccc(NS(=O)(=O)c2cccc(CCCCCCNC(=O)/C=C/c3cccnc3)c2)cc1,0
CCOC(=O)CCC(=O)OCC,0
Cn1c(-c2ccc(F)cc2)cnc1NCc1ccc(F)cc1,0
CC(=O)N1CCCCC1,0
C=CCOCCCC(=O)NC[C@H]1CN(c2nc(C)ncc2C)C[C@H]1O,0
Cn1cc2nnc(N3CCC3)nn2c1=O,0
CCC(Sc1nc(N)c2cnn(-c3ccccc3)c2n1)C(N)=O,0
CN(CO)c1ccccc1,0
C#CC(C)(C)C(C)C1(C=O)CNCC1(O)C#N,0
C=C(C)CN(CCN1C[C@H](C)O[C@@H](C)C1)Cc1ccc(CO)o1,0
C[C@H](C#N)C(=O)N[C@H]1CCCN(C(=O)c2cn(C)cn2)C1,0
COc1cc2nc(N3CCN(C(=O)C4CCCO4)CC3)nc(N)c2cc1OC,0
O=C(NCc1cn(-c2ccccc2)c2cc(Cl)ccc2c1=O)c1ccc(N2CCCCCC2)nc1,0
COCCn1c(=C(C#N)C(=O)C(C)(C)C)sc(=Cc2ccc(OC)c(Cl)c2)c1=O,0
CO[C@@](C)(Cn1c(-c2ccc(C#N)cc2)nnc1N1CCC[C@@H](NC(C)=O)C1)C1CC1,0
CCN(C)C,0
Oc1ccc(C(O)O)cc1O,0
Cc1ccc2nc(N)nc(N)c2c1,0
CC(=O)Nc1cc(Cl)cc2cc(C(=O)N3CCN(Cc4ccc(F)cc4)C[C@H]3C)[nH]c12,0
CCc1[nH]c(C(=O)NCC#Cc2ccccc2)c(C)c1C(=O)OC,0
CC(=O)C1(CC(=N)OCC=O)CCC(=O)C1O,0
CCCCCCCCNC(=O)[C@H](COP(O)(O)=S)NC(=O)CCCCCCC,0
C=C(C)CN1[C@H]2CC[C@H]1CC(NC(=O)c1ccc3cc[nH]c3n1)C2,0
CC(C)c1ccc2ncccc2c1,0
N#Cc1ccc(NCC(=O)N/N=C/c2ccncc2)cc1,0
CCCC1=CC2(C)CC(C#N)(C=CC1)C2O,0
CC1(O)C(=O)C2C3CC(CCN3)C2(CO)C1=O,0
Cc1ccc(N(CC(=O)NC(C)(C)C)C(=O)CNC(=O)c2cccs2)cc1C,0
Cc1cn([C@H]2C[C@H](N=[N+]=[N-])[C@@H](COC(=O)CC3(C)CC(C)(O)CO3)O2)c(=O)[nH]c1=O,0
COC(=O)c1ccc(NC(=O)CSc2ccccc2C(=O)Nc2ccc(C#N)c(Cl)c2)cc1,0
CCCOC1CCNCCC(CC=O)COC1,0
CS(=O)(=O)N(CCO/N=C1/CCCOCC1)Cc1ccccc1,0
CCC1CNCCC1c1[nH]ccc1OC(=N)N,0
C=C(C)CCC(=O)N[C@@H]1CCN(C(=O)C(C)=C2CCC2)[C@@H](C)C1,0
CC(CN)C(N)C1(C)OC2C(C)C1C2(C)C,0
CCC1(C2=C(C)C3C(CO)C3C2)C=CCO1,0
CC(C)c1ccc(Cl)cc1O,0
CCC1NCC2(CN)CC1(O)C(NC)=NC2C,0
C#CCN1C(=O)COCC12CN(C(=O)[C@H]1C=CC(=O)N=N1)C2,0
CC1(C#N)CNC2(C(O)C=O)C(=O)CCC2N1,0
COc1ccc([C@H]2CCN3C(=O)OC[C@@H]23)cc1OC1CCCC1,0
C=CCn1c(CCOC)nnc1N1CC[C@H](c2cccc(C(F)(F)F)c2)C1,0
CC(C)(C)OC(=O)N1CCC[C@@H]2CC(=NNc3ccc([N+](=O)[O-])cn3)CC[C@@H]21,0
CC(=O)NC[C@@H]1CN(C(=O)[C@@H]2CCCN(/C(O)=N/CC(C)C)C2)CCO1,0
C#CC1CC(C)C2(C=CC3(C)OC(=N)C32)O1,0
C=C(C)Cn1c([C@H]2CC(=O)N(C)C2)nnc1N1CCc2cccc(Cl)c2C1,0
CC(C)c1occ2sc(=N)ccc3cnc1c32,0
O=S(=O)(c1cccc(C(O)C(F)(F)F)c1)c1cc(Cl)c2oc3c(c2c1)CNCC3,0
CCCN(C)C,0
CCOc1ccc(OCC)c(Cl)c1,0
NS(=O)(=O)c1ccc(-c2ccc(C(=O)c3ccc([N+](=O)[O-])cc3)cc2)cc1,0
O=C(O)C[C@H]1CCc2c1n(Cc1ccc(Cl)cc1)c1c(Br)cc(F)cc21,0
CC1(CO)COCOC(C)(c2cscc2N)C1,0
C=CC[C@@H]1NC(=O)N(c2cccc(OCC(=O)NCC)c2)C1=O,0
CCCCNC(N)=O,0
CCN(CC)CCNC(=O)CCc1c(C)nc2c(c(C)nn2-c2ccc(C)cc2)c1C,0
CCN(CC)c1ccc(/C=C/C(=O)c2ccc(OC)c3c2OC(C)(C)C=C3)cc1,0
COCC#CC(=O)NC[C@H]1CN(Cc2ccccc2)CCCO1,0
Nc1nc(O)c2c(n1)N(Cc1cccs1)C(N)N2,0
CC1(C)OC(C#N)C(O)C1(O)C1CCCCC1,0
CNCc1ccc(S)cc1,0
Cn1ncc(CNC(=O)Nc2cccc(C#Cc3cccc(C(=O)O)c3)c2)n1,0
O=C(O)c1ccc(Cl)c(Cl)c1,0
CCCCn1c(=O)c2c(nc3n2CCCN3CCc2ccc(OCCN3CCOCC3)cc2)n(CCCC)c1=O,0
CC(C)(C)C(NC=N)C1(C(=O)O)CNC1=O,0
CCCOc1ccc(C(=O)O)cc1,0
N#Cc1nccnc1NC[C@H]1CCCCN1C(=O)C12CCC(CC1)C2,0
OC(Cl)c1ccccn1,0
OCOC(O)c1ccccc1,0
CCOC(=O)OCC,0
O=C(NCc1ccc(F)cc1)C(=O)c1c[nH]c2ccccc12,0
COC(=O)c1ccc(O)c(OC)c1,0
CC1=CC(O)C2C13N=CNC23C(N)CC#N,0
CC1CCC(CCCC(=O)O)CC1,0
CNS(=O)(=O)[C@H]1CCN(C(=O)Nc2ccccc2SC[C@H](C)C#N)C1,0
Cn1c2c(c3cc(S(=O)(=O)c4ccccc4)cc(OCc4ccccc4)c31)C1CCC(C2)N1,0
CCCC12C3=C4CC(C)CN3S(=O)(=O)C1N2C4,0
CC1(CCN)C(=O)NC(C#N)c2onc(O)c21,0
CC(N)c1cccc(O)c1,0
Clc1cccc2ccccc12,0
Cc1ccc(-c2csc([C@H](C#N)C(=O)c3c(C)nn(-c4ccc(F)cc4)c3C)n2)cc1,0
CC1N2CCC1(CO)c1oc(=N)oc1C(N)C2,0
COc1ccc(F)cc1C(=O)N1CCC(OC2CCN(C(=O)c3ccc(C#N)cc3)CC2)CC1,0
C[C@H](C#N)CN(C)c1nnc([C@H]2CCOC2)n1Cc1cccnc1-n1cccn1,0
C[C@H](/C=C\C/C=C\C/C=C\CCCC(=O)NC1CC1)/C=C\CCCCCN=C=S,0
CC1NC2CCCOC(C#N)CC(C2)C1(C)C,0
CN(C)C(O)=Cc1ccccc1,0
CCCC1CC2c3nc(C)[nH]c3OC2(C=O)O1,0
CCOc1ccccc1N1C(=O)C(=O)N(Cc2ccc(CC#N)cc2)C1=O,0
CCOc1ccc(Cc2cnc(N)nc2N)cc1OC,0
C=C(C)CN1CCCO[C@@H](CNC(=O)[C@@H]2CCCNC2=O)C1,0
CC(O)C1(C)C2NC(CO)=CS(=O)(=O)NC21,0
CCCCCCCCS(N)(=O)=O,0
CC1C2CC(C(C#N)CCO)(OC(N)=N2)C1N,0
C=CCn1c(-c2cc(CC)[nH]n2)nnc1N1CCC[C@@H](S(C)(=O)=O)C1,0
CC(=O)Oc1ccc(Cl)cc1/C=C/c1ccc2ccccc2n1,0
CC(=O)C12CCCC(N1)C1CN(C1)CC2C,0
Nc1cccc(C(=O)O)c1,0
CCCCCCCC=CC(=O)O,0
C#CC(C)C(OC(=N)NC=O)c1ccoc1C,0
C#CCN1C[C@H](CNC(=O)c2c[nH]nc2-c2cccnc2)[C@H](O)C1,0
COc1cc2ncn(CCCC(=O)N[C@]3(C#N)CCSC3)c(=O)c2cc1OC,0
C=CCNC(=O)COC(=O)CS(=O)(=O)c1cccc(Br)c1,0
C=CCCCCCCCCO,0
CN1CCN(C(=O)c2cc(Oc3ccc(Cl)cc3)c3c(c2)c2ccccc2n3CCCN2CCCCC2)CC1,0
CC(C)(C(=O)O)c1ccccc1,0
C[C@@H](C#N)C(=O)N1CCC[C@@H](N(C)C(=O)CC2CCCCCC2)C1,0
CCC[C@H](CN=c1[nH]cc(Br)cc1C#N)C(=O)OCC,0
CCCCNC(=O)CCCN,0
Cc1ccc2[nH]c(C)nc(=O)c2c1,0
OCCC(O)(O)c1ccccc1,0
Oc1ccncc1,0
O=C(Cc1ccc(C(F)(F)F)c(F)c1)Nc1cccc2c1CCN(C(=O)[C@H]1CCCN1)C2,0
C[C@@H]1CNCCN1c1ccc(=O)n(CCOc2ccccc2C(F)(F)F)n1,0
COc1cc(OC)cc(C(=O)/C=C/c2ccc(/C=C/C(=O)c3cc(OC)cc(OC)c3)cc2)c1,0
N#Cc1ccc(CN2CCc3nc(C(=O)N4CCCCC4)sc3CC2)cc1F,0
CN(C)NC(=O)c1ccccc1F,0
OCCc1ccccc1,0
COc1ccc(F)cc1C1CC1CNCc1cccnc1OC,0
CCCN(C=N)CC1CC(C)(N)C(N)C(=N)O1,0
O=C([C@H]1C[C@H]1C1CC1)N1CCCSC1=Nc1ccccc1,0
COc1ccc(OS(N)(=O)=O)cc1,0
O=C(CCc1ccc(-c2ccc(Cl)cc2)cc1)N1CCC[C@H]1c1ncc(-c2ccccc2)[nH]1,0
CCCCCCN,0
NC(C(=O)O)c1ccccc1,0
CC(=NO)C1=CCOC(C#N)(CNC=O)C1,0
Nc1nc(-c2ccco2)c2nnn(Cc3cccc(C(F)(F)F)c3)c2n1,0
CCC1(C2(OC)CCC2)C=CC(=O)C1=NO,0
N#CC1(COC(=O)c2ccc(Cl)c(Cl)c2N)CC1,0
COc1cccc(-n2c(/C=C/c3ccc(O)c(O)c3)nc3ccccc3c2=O)c1,0
CCCN1CCCCC1,0
C#CCC(CC1=NC(C)C(=O)O1)OC(C)=N,0
CCN(CC)C1CC2(CO)C(OC)C2C1N,0
CC(O)C(=O)Cc1c(O)oc(=N)n2nccc12,0
O=S(=O)(c1ccccc1)N1CCC2(CCN(c3ccccc3)CC2)CC1,0
COCCCc1cc(CN(C(=O)[C@H]2CNCC[C@@H]2c2ccn(C)c(=O)c2)C2CC2)cc(Br)c1C,0
CSc1cccc(-c2nc([C@H]3CC[C@H](C(=O)O)CC3)cc3cccnc23)c1,0
CC(=O)N1c2ccc([N+](=O)[O-])cc2C(C)(c2ccccc2)CC1(C)C,0
CCCNCC1(C(C)N)OCC2C(C)NCC21,0
CCNC12CC1OC1=NC2CC(=NO)C=CC1,0
C#CCc1cnn(C)c2c(CC)c(O)c(C)c1-2,0
C[C@@H](C#N)C(=O)NC[C@@H](NC(=O)c1ncccc1O)C(C)(C)C,0
C=CCNC(=O)[C@H](C)N(C)C/C(C)=C/c1ccccc1,0
CCC1OC2CC3(C=O)CNCC3C2CC1O,0
C=C(C)CCN1C[C@H]2C[C@H](NC(=O)c3cccc(CC)n3)CC[C@H]2C1,0
N#CC1(NC(=O)c2cc(Br)cc([N+](=O)[O-])c2)CCOCC1,0
NCc1cccc(CO)c1,0
CC(CC#N)C12CNCC(O1)C(O)CCC2C,0
CCN=c1nc(N(C)CC)cc(C)c(CN)n1,0
C[C@H](NCC#N)C1CCN(C(=O)c2cncc(-c3ccccc3)c2)CC1,0
Cc1c(CC(=O)OCCO[N+](=O)[O-])cc(-c2ccc(S(C)(=O)=O)cc2)n1-c1cccc(F)c1,0
COc1ccc(-c2cc(C3=Nc4c(C(C)(C)C)nn(CCO)c4C(=O)NC3)ccc2OC)c(OC)n1,0
CC(C)N(C)C,0
CCCCCC1=NC(CC)(C2COC=N2)CO1,0
CN1[C@H]2CC[C@@H]1[C@@H](C(=O)OCCc1ccccc1)[C@@H](c1ccc(Cl)c(Cl)c1)C2,0
Cc1c(Nc2c(CO)nc3c(N)cc(N4CCOC(CO)C4)nn23)cccc1C(F)(F)F,0
C=CCN1CCn2ncc(CNC(=O)c3ncc(OC)cc3F)c2C1,0
N#Cc1nc(NC(=O)CCc2ccccc2C(F)(F)F)[nH]c1-c1nn[nH]n1,0
C#CC(CC)NC1COC(C=O)CC(O)C1=O,0
CN(C)CCn1cc(-c2ccn3c(-c4ccc(C(N)=O)c(OCc5cccc(F)c5)c4)cnc3c2)cn1,0
OCCc1cccnc1,0
Nc1ccc(C(O)O)cc1,0
Cc1nccn2c(-c3ccnc(NCC(C)(C)C(=O)O)n3)c(-c3ccc(F)cc3F)nc12,0
CC1=CC2C(C)(C)C1C1=CC(C)C(O)C12C,0
C=CCN1[C@@H]2CC[C@H]1C/C(=C(/c1ccccc1)c1ccc(C(=O)NCC)cc1)C2,0
N#Cc1ccc(F)c(C(=O)Nc2c(F)cc(Br)cc2F)c1,0
CC1C(=NO)CC23OCC(N)=NC2C2OC2C13,0
CCCc1nc(CC)c(C(N)=O)n1Cc1ccc(-c2ccccc2S(=O)(=O)Nc2onc(C)c2C)c(CC)c1,0
Cc1ccc(-c2ccccn2)nc1,0
CCC1(O)CC(C)=CC23NC=NC2C(=NO)C13,0
CCCCCNCC(=O)OCC,0
Cc1onc2c1CN1CCN(C2)C(C)C(N)C1,0
CC(N)c1ccccc1Cl,0
O=C(NC[C@@H]1[C@H]2CN(C(=O)NCc3cc(Cl)cc(Cl)c3)C[C@@H]12)c1ccc2[nH]c(=O)oc2c1,0
CC(=O)Nc1ccc([N+](=O)[O-])cc1,0
N#Cc1ccc(NC(=S)Nc2cc(O)n(-c3ccccc3)n2)c(Br)c1,0
COC(=O)C=Cc1ccc(F)cc1,0
NCc1ccccn1,0
CC(C)c1nn(C)cc1N=C(O)c1cn2c(n1)CCCC2,0
CC(CN)N=c1[nH]c(=O)oc(N=C(N)N)c1Br,0
COc1cc(NC(=O)N2CCC[C@@H]2[C@@H](C#N)c2ccccc2)cc(OC)c1OC,0
CCCC1(C(C)CC)NC(C)C(O)C1(C)CO,0
CCC(OC)C(C=O)N(C)c1nc(N)sc1C,0
CCN1CCOC2c3cccc(O)c3CC[C@H]21,0
N#CCc1cc(NC(=O)c2cc3c(Cl)ncnc3[nH]2)ccc1F,0
CC(=O)N[C@@H]1[C@@H](NC(=N)N)C=C(C(O)O)O[C@H]1C(O)[C@H](O)CO,0
C=CCOc1ccc(CN2CCC3(CC2)COc2ccccc2S(=O)(=O)N(C)C3)cc1,0
NCCCCCCC(=O)O,0
C=CCOC[C@@H](NC(=O)[C@H]1CCc2ccc(OC)cc21)C(=O)O,0
CC(C)(C)OC(=O)NCC(=O)O,0
CS(=O)(=O)NC(=O)c1ccccc1,0
O=C1[C@H](N2CC[C@@H](c3ccc(O)cc3)[C@H](F)C2)CCN1Cc1ccc(F)cc1,0
C#CCC1C(=O)OC(CC)C(C)(N)CC1C#C,0
C[C@@H](NC(=O)C(=O)N1CCC(Nc2ccccc2)CC1)c1ccc(C#N)cc1,0
COCCCN(C)C,0
CCCCCCCC(=O)O,0
C#CC[C@H](CO)NCc1cc(C)ccc1C,0
Cc1cc(CCC(=N)N)c(=N)n(C(=O)C=O)n1,0
CC(O)C12CCNC3COC(=N)C31CC(=O)O2,0
C#CC1CC2(C(O)CN)CNCC1CC(C)N2,0
COC(=O)C(N)Cc1ccccc1,0
Cc1nc2ccccc2c(=O)o1,0
C[C@H](Nc1nccc(Nc2cc([C@H]3C[C@H]3F)[nH]n2)n1)c1ccc2[nH]ccc2n1,0
Cc1cc(=O)c2ccccc2o1,0
CN(C)CCCNc1ccncc1,0
CC1C2OCC(CC(C)(C)N)(CC1C(N)=O)O2,0
N#C/N=C(\NCC12CC3CC(CC(C3)C1)C2)Nc1cccc2ncccc12,0
CC1OC(OC=O)COC(C=O)OC1CCO,0
NC(CCSCc1ccc(C(F)(F)F)cc1C(F)(F)F)C(=O)O,0
COC(=O)c1ccc(-c2cccc(Nc3cnc(C#N)c(F)c3)c2)cc1,0
C#CCN(C(=O)NCc1cc(C)cc(N)c1)C1CCCC1,0
O=C(Cn1cncn1)Nc1ccc(CCNC[C@H](O)c2cccnc2)cc1,0
COC(=O)[C@]1(C)C[C@@H](N2CCOCC2)CCN1c1ncc(C#N)c(OC)n1,0
NC(=O)Cn1cc(-c2cc(-c3cc4ccccc4s3)c3[nH]ncc3c2)c2nc(N)ncc21,0
CNc1ccccc1,0
Cc1ccc(F)c(N=C2S[C@H](CC(=O)Nc3cccc(O)c3)C(=O)N2CC2(C)CC2)c1,0
CC1C(NC=O)C(S(C)(=O)=O)C1C(C)(C)CO,0
CCNc1nc2ccc(-c3ocnc3-c3ccccc3F)cc2s1,0
CCCCCCCCCC(=O)NCc1ccc(O)c(OC)c1,0
C#CC1CC(C(C)CC2CC2(C)N)C(C)O1,0
O=C(O)C1CCCC1,0
C#C[C@H](C)NC(=O)N[C@@H]1CCSc2ccc(Cl)cc21,0
COc1ccc(OC)c(Cc2cnc3nc(N)nc(N)c3c2C)c1,0
COc1nc(-c2ccccc2F)cc2nc(-c3c(Cl)c(C(C)(C)C)nn3C)[nH]c12,0
CC(C)NC(=O)c1ccc(O)cc1,0
CC12CNC3C4OC5CN(CC5=O)C4C1C32,0
C#CC1(O)CN(C(=O)[C@@H](O)[C@@H](C)c2ccccc2F)C1,0
C[C@H](S)C(=O)Nc1cc([C@H]2CCCCN2C(=O)c2ccc3c(c2)n(C)c(=O)n3C)[nH]n1,0
C=CCCC(=O)NCC1(O)CN(C(=O)CCCC(=O)NCCC)C1,0
CN1CCCCC1,0
Oc1cccc(C(O)O)c1,0
COCCCN1CC(=O)N2C(c3cccc(OC)c3)c3[nH]c4ccccc4c3C[C@H]2C1=O,0
CN1CC2C3n4cnnc4N(C)C23C1=N,0
CN(C)CCc1ccccc1,0
COC(=O)C12CC(C(=O)N3CCN(Cc4ccc(C#N)cc4)CC3)(C1)C2,0
O=C(CNO)Cc1c[nH]c2ccccc12,0
CCC1CC2(OC)COC1(CCO)CC2(C)O,0
CC(C)(O)[C@H]1CC[C@H](Nc2ccc3ncc(-c4cccc(C(F)(F)F)c4)n3n2)CC1,0
COc1cc2[nH]c(C(=O)NCCC3CCN(Cc4ccccc4)CC3)cc(=O)c2cc1OC,0
O=C(NCCC1CN=C(c2ccccc2)c2ccccc2N1)c1ccc(F)cc1,0
Cc1scc2c1N=C(NCCC(O)CO)C2O,0
C#CCCc1noc(-c2ccccc2OCc2ccncc2)n1,0
C#CC(O)C(C)(N)CNCC1NC1(C)C#C,0
COc1ccc2ccccc2c1,0
CCc1csc2c1C(C)C(=O)OCC(O)C2=O,0
CC1CN2C(C)C(C)C2(C)C(C(=N)N)C1C,0
CCC1C2COC1C1(C)NCC3CC2C31C,0
O=C(O)CCC1CCCC1,0
Cc1ccccc1CNC(=O)c1nc(-c2cccs2)nc(O)c1O,0
CCC(=O)N(CCCCN=c1c2ccccc2nc2n1CCC2)CCCN=c1c2ccccc2nc2n1CCC2,0
CCN1CCCCCC1=O,0
CC1OCCC2CC3COCC3C(O)C1C2=O,0
CC12C=CCC(CCNC3CC1=CC3=O)C2,0
CCNC(O)(O)c1ccccc1,0
CC(=O)Nc1ccc2c(c1)c(Sc1ccc(Cl)cc1)c(C)n2CC(=O)O,0
CN(C)C(CO)c1ccccc1,0
C=CCC(O)(CC=C)CNC(=O)[C@@H]1CCC(=O)N(CC2CCCCC2)C1,0
N#Cc1cccc(-c2nnc(CN3CCC[C@H](c4nc5ccccc5o4)C3)o2)c1,0
C=C(C)C[C@@H](NC(C)=O)C(=O)N1CC[C@H](N(C)Cc2ccnn2C)C1,0
COc1cc2ncn(-c3cc(OCc4ccccc4C(F)(F)F)c(C(N)=O)s3)c2cc1OC,0
C=C[C@@H](Oc1ccc2cnoc2c1)C(=O)OC,0
C[C@@H]1CC[C@@H](C)N1CCN1CCN(CC#Cc2ccc(OC(F)(F)F)cc2)CC1,0
O=C(O)[C@@H]1C[C@H](CCCP(=O)(O)O)CCN1,0
Cc1cc(C(=O)N2CCOC[C@@]3(C2)CN(C(=O)c2n[nH]c4ccc(C#N)cc24)CCO3)ccc1O,0
C[C@H](C(=O)NCc1cc(C(F)(F)F)nn1-c1cccc(Cl)c1)c1ccc(NS(C)(=O)=O)c(F)c1,0
CCC1C23CCCC(O)C12C(C)NC3=N,0
CN1CCC(c2ccncc2)CC1,0
COc1cc(C#N)cc(C(=O)Nc2nc3c(s2)C[C@H](NC(=O)[C@@H](C)n2cncn2)CC3)c1,0
C#CC(O)CCC(c1cc(CC)ns1)N(C)C,0
Cn1c(C(=O)O)cc2ccccc21,0
CC1CC(=O)C2C(CO)C(c3ncsn3)NC12,0
CO[C@@H]1CCC[C@H]1C(=O)NC1CCN(c2ccnc(C#N)n2)CC1,0
C#C[C@H](NC(=O)C(C)(C)c1cnc[nH]1)c1ccc(F)cc1,0
CN1CC2=C3C(NC3S(=O)(=O)N2)C1(CN)CN,0
Cc1cc(C)n(CC(=O)Nc2cccc(C(F)(F)F)c2)n1,0
c1ccc(Nc2cc3[nH]c(-c4ccncc4)nc3cn2)nc1,0
CC(CO)C1NC(CO)S(=O)(=O)C12COC2=O,0
CC(=O)N1CCc2c(C)c3c(n2-c2ccc(C(N)=O)c(c2)N[C@@H](C)[C@H](C)C1)CC(C)(C)CC3=O,0
C#CCNC1(CC)C(=N)OCC(CO)NC1C,0
Fc1cccc2nc(N3CCNCC3)c3cccn3c12,0
N#Cc1cc[nH]c1CN1CCC(N2CCC(C(N)=O)CC2)CC1,0
CN(C)CCCC1(c2ccc(F)cc2)OCc2cc(C#N)ccc21,0
C=CC(=O)Nc1cc2c(Nc3ccc(F)c(Cl)c3)ncnc2cc1OCc1cn(Cc2ccccc2)nn1,0
C=CCOCC(=O)N1CCC[C@@H](NC(=O)c2ccoc2CCC)CC1,0
N#Cc1cc(F)ccc1NC(=O)N1C[C@H]2CC[C@H]1CN2,0
CCC1C2NC(=N)NCC2(C(C)N)C(=O)N1C,0
CN1CCN(CCC(N)=O)CC1,0
CC1OCOC2C1N(C)CC1(C)C(C)NCC21,0
Nc1ccc(S(=O)(=O)O)cc1,0
C[C@H](NCc1cc(C#N)ccc1F)c1ccc(C(C)(C)O)cc1,0
C#CC12CC(=O)CC(CC)N1C1CC1(C)C2,0
C=C[C@@H]1CCCCN1C(=O)[C@H]1CC(=O)N(c2ccc(C#N)cc2)C1,0
O=C(CO)c1ccccc1,0
Cc1cc(C)nc(C)c1,0
CN(C)CCCNc1ccccc1,0
Cc1cc(F)cc(S(=O)(=O)N2CC=C(c3ccc(C#N)cc3)CC2)c1,0
CS(=O)(=O)Nc1ccc(-c2ccnc(Nc3ccc(N4CCOCC4)cc3)n2)cc1,0
CCCCCCCCNCCO,0
Cc1[nH]c2nc(cc(C=O)cc(=N)c1C)OC2,0
CCc1c(C(=O)C(N)=O)c2c(OCC(=O)O)cccc2n1Cc1ccccc1,0
N#Cc1cnc(NCCCNC(=O)CCCn2ccnn2)c(F)c1,0
C#C[C@@H]1COCCN1C(=O)NCc1cccc(COC(C)(C)C)c1,0
C[C@@](O)(/C=C/[C@@H]1CC=CC(=O)O1)[C@@H](C[C@@H](O)/C=C\C=C/C=C/CO)OP(=O)(O)O,0
Cc1nc2ccc(C(=O)O)cc2[nH]1,0
CC1CNCCCC=C1CC1(C)CN1C,0
COc1ccc2c(c1)CCC(=O)N2,0
COCCNC(=O)C(=O)NCC(c1cccnc1)N1CCN(c2ccccc2)CC1,0
N#Cc1cc(C(=O)OCC(=O)NC(=O)c2ccc(OC(F)F)cc2)ccc1F,0
CC(C)(C)Oc1cc(-c2ccncc2)cc2[nH]nc(N)c12,0
O=C(Nc1ccc(C(=O)N2CCCC3(CCCN3)CC2)cc1)N1Cc2ccc(F)cc2C1,0
C=CCCO[C@H](C)C(=O)N(CC(C)C)c1ccc(C#N)cc1,0
OC[C@H]1O[C@@H](Oc2cccc3[nH]cc(Cc4ccc(-c5ccccc5)c(F)c4)c23)[C@H](O)[C@@H](O)[C@@H]1O,0
CC1(C)CN([C@H]2C[C@@]3(C)[C@@H](CC[C@@H]4[C@@H]3CC[C@]3(C)[C@@H](C(=O)CO)CC[C@@H]43)C[C@@H]2O)CCO1,0
C=CCCNCC[C@@H](C)NC(=O)Cn1ncn2nccc2c1=O,0
CCOCCC(=O)OCC,0
CCNCC1COCC(C=O)OC(CC=O)O1,0
C=CCC(F)(F)C(=O)N[C@H]1C[C@H]2CC[C@@H](C1)N2C(=O)c1cc2ccoc2cn1,0
CC(=O)OCC=Cc1ccccc1,0
CCCc1[nH]nc2c1OC(=N)CNCC(C)N2,0
C/C(=C\c1ccccc1Cl)C(=O)N[C@]1(C#N)CC1(C)C,0
Cc1onc(C(=O)N2CCN(C(c3ccc(Cl)cc3)c3ccc(Cl)cc3)CC2)c1[N+](=O)[O-],0
C#CC(=O)C1(CCCO)NC2(C)CC1OC2=O,0
CCS(=O)(=O)Nc1ccc(Oc2ccc(F)cc2)c(-c2cn(C)c3c(=O)[nH]ccc23)c1,0
CN(Cc1nc(O)c2ccccc2n1)Cc1nc(O)c2sccc2n1,0
CNC(=O)Cc1ccc(NC(=O)C[C@H](C)/N=C2/NS(=O)(=O)c3ccccc32)cc1,0
CC1(N)COC2C3C(O)CCN3CC2(O)C1O,0
CCC(CC1(N)CC(N)C1OC)C(C)CN,0
Cc1ccc2ccccc2c1C,0
CSc1ccccc1OC(C)=O,0
N=C(N)c1ccc(/N=N/Nc2ccc(C(=N)N)cc2)cc1,0
CCC(=O)c1ccc(OC)cc1O,0
COCCn1c(CCc2ccccc2)nnc1N(C)Cc1ccc(C#N)cc1,0
CC(N)c1ccccn1,0
CC(=O)OCC12CC(CC(C)N1)C(O)(C#N)C2,0
C=C(Cl)CNC(=O)Nc1nnn(C(C)C)n1,0
OCCCCO,0
Cc1nnn(C23CCCN(CC2)C3)n1,0
CC1(CO)CCOC2CCCC1(C#N)NC2=O,0
C=CCCCCCCCC(=O)OC,0
CCC1(O)C2CC(CNC)C1(CN)CCC2O,0
C[C@]1(O)CCN(C(=O)C(=O)Nc2ccc(Oc3ccccc3C#N)c(F)c2)C1,0
CCCC1N(C)C2C(C(C)C)NC1(C#N)C2C,0
O=C1N(CCCCCCOc2ccc(Br)cc2)CCN1c1ccncc1,0
NC(CC(O)O)c1ccccc1,0
CCC(O)(CNC)C(C)C(C)(CO)COC=N,0
CC(C)(C)C(=O)CN1C(=O)N(CC(=O)Nc2cccc(-n3ccnc3)c2)N=C(C2CCCCC2)c2ccccc21,0
C=C(Cl)CNCCNC(=O)c1ccccc1N(C)C,0
CC(C)[C@@H](CCc1ccccc1)NCc1ccc(C#N)cn1,0
CC1OC2=NC1C1OCC(=CC1=O)C1OC21,0
CCNCc1ccccc1,0
C=CCC(=O)N1CCCC[C@H]1C1CCN(C(=O)CNC(C)=O)CC1,0
CNC(=O)Oc1ccc(Cl)c(C)c1,0
C=CCN1C(=O)CC[C@]12CCCN([C@H]1CCN(C)C1)[C@@H]2CC,0
CCN(C[C@@H](C)C#N)S(=O)(=O)NCC(C)(C)N[C@H](C)c1ccccc1,0
COC(=O)CCCC(=O)OC,0
COC(=O)[C@H]1CN(Cc2ccc(F)cc2C#N)CCCO1,0
CN(CCNC(=O)c1ccc(F)cc1Cl)c1ccc(C#N)nn1,0
OC(c1ccccc1)C(O)(O)O,0
CCCCCCCCCCCCC,0
CNC(O)(O)Oc1ccccc1,0
Cc1cccc(-c2cccnc2)n1,0
CC[C@@H](NC(=O)[C@@H](C#N)C(=O)CCN1C(=O)COc2ccccc21)c1ccccc1,0
C=C(C)CCNS(=O)(=O)c1ccc(-c2nn[nH]n2)cc1C,0
O=C(O)CCCN1CCCC1,0
Cc1ccc(C(=O)NCC(=O)O)s1,0
CN1C(=O)Cc2ccccc2C1=O,0
N#Cc1ccccc1-c1ccccc1C(=O)NCc1ccc[nH]1,0
Cc1cc(NC(=O)C(=O)N[C@@H](C)c2ccc(N3CCCCC3=O)cc2)n(CCC#N)n1,0
N#Cc1ccc(S(=O)(=O)N2CC[C@@](O)(C(F)(F)F)[C@H](F)C2)c(Cl)c1,0
Cc1cc(OCCCn2c(C(=O)N3CCCCC3)cc3ccc(OCc4ccccc4C(=O)O)cc32)cc(C)c1Cl,0
CN(C)Cc1ccc2c(c1)OCC[C@H]2NC(=O)C[C@@H](NS(=O)(=O)c1ccc2ccccc2c1)c1ccccc1,0
C=CCN1CCN(C(=S)Nc2ccc(OC)cc2OC)CC1,0
CCc1nc(CCn2c(CC)nnc2N2CCN(c3ccc(C#N)cc3F)CC2)no1,0
COC(O)(O)c1ccccc1,0
C=C(C)C(C)(C)C(=O)N1CCO[C@@H](CNCc2ccc(C)cc2C)C1,0
CCC(=O)NCC(CO)c1cccc2ccc(OC)cc12,0
O=C1NCc2c(-c3ccccc3Cl)cc(C3CCNCC3)cc2N1c1c(Cl)cccc1Cl,0
Cc1nc(OCc2cc(=O)n(C)c(=O)n2C)c(Br)cc1C#N,0
CN1C2(S(N)(=O)=O)CNC(C)(C)S(=O)(=O)C12C,0
N#Cc1ccc(C(=O)NC[C@@H]2CCN(C(=O)c3ccco3)[C@H]2c2cccnc2)c(C(F)(F)F)n1,0
COC(=O)[C@H]1[C@@H](c2ccc(I)cc2)C[C@@H]2CC[C@H]1N2C,0
CC1C=C2C3=CCNC3C(CO)=C2CN1C,0
Cc1[nH]nc2ccccc12,0
CC1=NC2(C)CC(C)(O1)C1(C(=N)N)CC2N1,0
CCCCN(CCC(C#N)(c1ccccc1)c1ccccc1)[C@H]1CCS(=O)(=O)C1,0
CCOC(=O)Nc1ccc(Br)cc1,0
O=C(O)CCN1CCOCC1,0
CC1NC2=NCC1C1OCOC1C(=N)OC2,0
Oc1ccncc1O,0
C#CCCC12C=CC3CS(=O)(=O)C31C(C)NC2,0
CCC1C=C2CN3C4CC5N1C25C43C,0
CCCCCCCC(C)=O,0
COCCCNC(=O)c1cn(Cc2ccc(Cl)cc2)c(Nc2ccc3nc(C)sc3c2)nc1=O,0
Cc1ccc(C(=O)C2CC2)c(C)c1,0
CN(C)CC(O)c1ccccc1,0
CNCN(C)c1ccccc1,0
NS(=O)(=O)c1ccc(-n2nc(C(F)(F)F)c(Cl)c2-c2ccc(Cl)cc2)cc1,0
CCNC(=O)N1CCc2ccc(C(=O)CCCN3CCC(c4ccc(Cl)cc4)CC3)cc2CC1,0
Cc1cc(O)cc(C)c1C[C@H](N)C(=O)N1Cc2ccccc2C[C@H]1C(=O)N[C@@H](C)C(=O)NC(C)(C)C,0
CN1CCN(Cc2ccc(-c3cccc4[nH]cc(CC#N)c34)cc2)CC1,0
CCCCCCCCNC(=O)OC,0
Cc1ccc(NC(=O)Nc2ccc(-c3cccc4onc(N)c34)cc2)cc1,0
COc1cc(C(=O)/C=C/c2ccc3c(ccn3C)c2)cc(OC)c1OC,0
Cc1ccc(-c2nc3ccccc3[nH]2)cc1NC(=S)NC(=O)c1ccc2c(c1)OCCO2,0
Nc1ccccc1C(O)O,0
CCOC(=O)CN1CCCC1=O,0
OCCCCCCO,0
Cc1ccccc1-c1ccc(C(=O)N2CCN(Cc3ccc(OC4CCNCC4)c(Cl)c3)CC2)o1,0
CCCCCCOC(N)=O,0
C#CC1NC(C)CC(O)(C#C)C1c1ccsn1,0
CC(=O)NCCc1noc(CSCc2ccc(C#N)cc2)n1,0
COC(=O)c1cnccn1,0
CS(=O)(=O)N1CC=C(c2cc3c(-c4cccc(-n5ccc6cc(C7CC7)cc(F)c6c5=O)c4CO)ccnc3[nH]2)CC1,0
N#Cc1c(Cn2cnc3cc(F)c(F)cc32)cn2ccccc12,0
N#Cc1ccc(CN2CC[C@@H](CO)[C@@H](O)C2)c(Br)c1,0
COc1cnc(C(=O)N2CC[C@H]3[C@@H]2CCN3C(=O)C#Cc2ccc(Cl)cc2)c(F)c1,0
CCCCCCNC1CCCCC1,0
CCCCCC(C)=O,0
O=C(/C=N/O[C@@H]1CCCCO1)N1CCC([C@H]2CCCCN2C(=O)CCc2ccsc2)CC1,0
CC(=O)NCc1cccc(CN)c1,0
C=C(C)CCOC(=O)/C=C(\C)c1ccccc1OC,0
CC1(O)C(N)CNCC2OC(C#N)C(N)C21N,0
C[C@H](N)[C@@H]1CCCCN1C(=O)c1cccc(C#N)c1,0
CC1CCC(C(=N)N)CC2NC=NCC2(C)C1,0
CSc1cnc(F)c(-n2c(Br)c(C#N)c(N)cc2=N)c1,0
CCOC(=O)c1ccc(NC(=S)Nc2ccc(C#N)cc2)c(OC(F)(F)F)c1,0
CC(=O)NCCCCCNC(C)=O,0
CC(C(=O)O)C1OC(=O)C(N)CC(N)C1CO,0
Cc1nc2ccc(NCCN(C)C)c3c(=O)c4cc(O)ccc4n1c23,0
C#CCC1CC(C(=N)N)N=C(OCC)NC=N1,0
Cc1ccc2c(C)ccnc2c1,0
Cc1nn(-c2ccc(NC(c3ccc(C(=O)NCCC(=O)O)cc3)C3CCCC3)cn2)cc1Cl,0
CNC(O)c1ccccc1,0
C=C1CC(C)(C(=O)N[C@H](C)[C@@H]2CCN(C(=O)Cn3cccn3)C2)C1,0
N#Cc1cc(NC(=O)N2CCCC[C@H]2CN2CCCC2=O)c(F)cc1F,0
CN(C)CCCN,0
CCC1C=C(CC2CC2)C2OCC1(O)C2C,0
O=C(Nc1ccc(OC(F)(F)F)cc1)c1cnc(N2CC[C@@H](O)C2)c(-c2cncc(C(F)(F)F)c2)c1,0
CCCCCCCC#N,0
CC12CCCOC(C1CC#N)C(C)(CC#N)C2,0
CC(C(=O)NCc1cc(C(F)(F)F)nn1-c1ccc(Cl)cc1)c1ccc(NS(C)(=O)=O)c(F)c1,0
Cc1[nH]c2ccccc2c1CCN,0
CCCC(C(C)NC)C(OC)c1cc[nH]c1O,0
CC1(N)C2OC(=O)N3C(=O)C(O)(C#N)CC231,0
CCC(C)CNC1=NCC2CC(CC2C)C1=O,0
C#CCN1C[C@@H](CCNC(=O)[C@H]2CC(=O)N(C)[C@@H]2c2cccnc2)[C@H](C)C1,0
CCN(C(=O)c1cc(F)ccc1-c1ncccn1)[C@@H](C)Cc1noc(-c2ccc(F)cc2)n1,0
Nc1ccc2oc(CCc3ccccc3)nc2c1,0
C#CC[C@H](CCOC)NC(=O)NC[C@@H](C)c1ccc(S(C)(=O)=O)cc1,0
CCC[C@@H]1C[C@H]1C(=O)NC[C@H]1CCN1CC#Cc1ccc(F)cc1,0
C#CCC(C=NO)C1(C)CC2CC(O1)C2O,0
Cc1cc(Oc2ncccc2C#N)ccc1NC(=O)C1=CCCCCC1,0
OC(O)c1ccc(S)cc1,0
CC1CC2C3C(CS2(=O)=O)N2C(C#N)C2C13C,0
CC12Oc3nsc(N)c3OCC1(O)CNC2=O,0
COCc1sccc1C(=O)N1C[C@@H](C)[C@H](NCc2ccc(C#N)cc2)C1,0
CC1(C=O)C2CC(C2=O)C12CCC=C2C#N,0
C[C@@H](c1ccccc1)N(C)S(=O)(=O)c1ccc(C#N)cc1F,0
CCn1cc(-c2cc3c(cn2)cnn3-c2cccc(N3CCNC(C)(C)C3)n2)cn1,0
COc1ccc(/C=C2\C=C(CC(=O)O)c3cc(F)ccc32)cc1,0
CC(=O)N1CCC[C@H](Cn2c([C@H]3CCC(=O)N3)nnc2N(CCC#N)CCC(C)C)C1,0
C=CCn1c(C2CC(O)C2)nnc1N1CC[C@@H](OCCOC)C1,0
CC[C@@H]1CN(C(=O)C#CC2CC2)CC[C@@H]1NC(=O)c1cnn(CC)c1,0
CCc1cc(-c2n[nH]c3ccnc(NC4CCOCC4)c23)nn1C,0
Cc1ccc(OC(=O)N(CC(=O)O)Cc2cccc(OCc3nc(-c4ccc(N5CCOCC5)cc4)oc3C)c2)cc1,0
CNCc1ccccc1O,0
C[C@](Cc1c[nH]c2ccccc12)(NC(=O)OC1[C@H]2C[C@@H]3C[C@@H](C[C@H]1C3)C2)C(=O)N(CCCC(=O)O)CCc1ccccc1,0
COc1ccc2c(c1)c(CCNS(=O)(=O)CCCO)c(C)n2C(=O)c1ccc(Cl)cc1,0
COc1ccc2[nH]c(C(=O)NCCC(F)CN3CCN(c4cccc(Cl)c4Cl)CC3)cc2c1,0
CN(C)c1ccc([C@H]2C[C@@]3(C)[C@@H](CC[C@@]3(O)C#Cc3ccc(F)cc3)[C@@H]3OCC4=CC(=O)CCC4=C32)cc1,0
C=C1CCC(C(=O)N[C@@H]2CN(C(=O)c3sccc3C)C[C@@H]2C)CC1,0
CC(=O)CCCN(C)C,0
CC(=O)NNCCc1ccccc1,0
Cc1cc(C(=O)O)cc(C)c1NC(=O)c1cc(-c2cccc(CO)c2)nc2ccccc12,0
CCOc1ccc(Cc2nc3cc(C(=O)N(CC)CC)ccc3n2CC2CC2)cc1,0
COCCN(C)C,0
N#Cc1cncn(CCOc2cccc([N+](=O)[O-])c2)c1=O,0
Cc1cc(CC(=O)N2CCC[C@@]3(COCCN(c4cccc(C#N)c4)C3)C2)nn1C,0
CCCCCCC#N,0
Cc1c(CC(=O)Nc2ccc(S(N)(=O)=O)cc2)c(=O)oc2cc3occ(-c4ccc(F)cc4)c3cc12,0
C/C(CC(=O)c1ccc(Cl)c(Cl)c1)=N\NC(=S)NCCNc1ccnc2cc(Cl)ccc12,0
OC[C@H]1O[C@@H](c2ccc(Cl)c(Cc3nnc(-c4sccc4Cl)s3)c2)[C@H](O)[C@@H](O)[C@@H]1O,0
O=C(/C=N/N1CCCCC1)NC1CCN(C2CCN(C(=O)c3cc(O)no3)CC2)CC1,0
COc1ccc(CC(C)(C)N)cc1,0
COc1cccc(C(=O)CCCCN2CCN(c3ccccc3OC)CC2)c1,0
C[C@@H]1OCC2(CCN(c3nc4[nH]nc(-c5ccnc(NC6CCC6)c5Cl)c4c(=O)n3C)CC2)[C@@H]1N,0
Cc1cc(-c2nc(-c3ccc(OC(F)F)c(Cl)c3)n3c2CCO[C@H](CF)C3)cc(C)n1,0
CCC1(C)C(=N)N(C=O)C(=N)NC=NCC1N,0
N=C(N)NNS(=O)(=O)c1ccc(NC(=O)[C@@H](Cc2ccccc2)NC(=O)OCc2ccccc2)cc1,0
CC(O)CC1(C)CNC(=N)C(C)(C)C(C)CN1,0
COc1ccc(C(C)C(C)n2ccnc2O)cc1OC1CCCC1,0
CN(C)CCOc1cccc(Br)c1,0
C#CC(CO)CC1CC2C(C)C(O)CN2C1C,0
COC[C@H]1C[C@H]2[C@@H](C)SC(N)=N[C@@]2(c2ccc(F)cc2F)CO1,0
NS(=O)(=O)c1cccnc1,0
CCOC1OCC(=O)CC2=NCCC1OCO2,0
Cc1c(C)c(O)c(C)c(C)c1O,0
Cc1ccc2cc(O)ccc2c1,0
COc1ccc(CNC(=O)NCc2cc(C(N)=O)no2)cc1C#N,0
CCC1(O)C(N)CC(C)(OC)COC(=N)C1O,0
Cc1ccc(NC(=O)c2ccccc2)cc1-n1cnc2ccc(N3CCN(C)CC3)cc2c1=O,0
N#Cc1ccc(OCc2nnc(-c3cc(I)ccc3F)o2)cc1,0
CCC1(C)CC2CC(=O)c3snnc3N21,0
C=CCOc1ccccc1CNC(=O)N1C[C@H](C)O[C@]2(CCCOC2)C1,0
O=C(CC(Cc1ccccc1)C(=O)NC(Cc1ccccc1)C(=O)O)NO,0
CC1(O)CN(C(=O)c2ccon2)c2cc[nH]c21,0
CSCN1CN([C@H]2CC[C@H](CNCC(F)(F)F)CC2)c2c(cnc3[nH]ccc23)C1=O,0
CC1C=C(C=O)CC(CO)(N=CN)C(O)C1,0
CC(=O)Cc1c[nH]c2ccccc12,0
CC(C)N=c1nc(C=O)oc2c1OC=NC2C,0
N#Cc1ccc2c(c1)CC[C@@H]2NC(=O)C[C@H]1C(=O)Nc2c(F)cccc21,0
C=CCC(CC=C)C(=O)N[C@H]1C[C@H]2CC[C@@H](C1)N2C(=O)[C@@H](C)c1ccc(Cl)cc1,0
c1ccc2c(c1)nnn1c3ccccc3nc21,0
COc1ccc(C)c(OC(CCN2CCC(n3c(=O)n(Cc4ccncc4)c4ccccc43)CC2)C(C)C)c1,0
CN(C)CCOc1ccccc1C1C(C(=O)C(C)(C)C)C(=O)C(=O)N1c1ccc(-c2ccsc2)cc1,0
CC1OCC2=C1C1C=CC(N)C3C1C23CN,0
CCS(=O)(=O)CCN(C)c1nnc(-c2ccc(C#N)cc2)n1CCCN1CCCC[C@@H]1C,0
C#CCNC[C@@H]1CN(C(=O)[C@H]2C[C@@H]2c2ccccc2)C[C@H]1C,0
C#CC(=O)C1C(=O)NCC1(C#N)C(C)(C)C#N,0
CC12CC3C(CO)=CCC3C1(CCO)C2,0
CCC1C2N=CN(C=O)CC2C2(CC2)S1(=O)=O,0
Cc1cc(/C=C/C#N)cc(C)c1Oc1cc(NCCN2CCOCC2)nc(Nc2ccc(C#N)cc2)c1,0
O=S(=O)(O)O[C@@H](CO)[C@H](O)C[S+]1C[C@@H](O)[C@H](O)[C@H]1CO,0
OC(O)CNc1ccccc1,0
CCCCNC(=O)NCCCC,0
COc1ccc(C=CC(=O)O)cc1,0
CCN(C(=O)[C@H](C)C#N)[C@H]1CCN(c2ccc(-c3nn[nH]n3)cn2)C1,0
CC(N)C(=O)NCc1ccccc1,0
CCn1ccc2ccc3c(c4c(c5c6ccccc6n(CCCO)c35)C(=O)NC4=O)c21,0
CN(C(=O)C1CC1)c1ccccc1,0
CC[C@@H](C(=O)N1C[C@@H](CNc2nc(C)ccc2C#N)[C@H](C)C1)N(CC)CC,0
Cc1cc(NCCNc2ccnc3cc(Cl)ccc23)nc(NCCCCCCO)n1,0
CC1OS(=O)(=O)NC2CC3OC(C4OC34)C21O,0
CC1(C)CC(=O)C2(O)C(N1)C(CO)C2(C)C,0
CN(C)C(=O)c1c(-c2ccc3[nH]ncc3c2)nnn1Cc1ccccc1,0
CC(=Nc1scc(N(C)C)c1C)OC(C)C,0
CCc1nc(C(C)(C)C(CN)N=C(C)N)co1,0
CC(C)c1nc([C@@H](C)NS(=O)(=O)c2ccc(C#N)c(C(F)(F)F)c2)n[nH]1,0
CN=Cc1ccccc1,0
CCC(=O)n1ccc2cc(-c3cnccc3C)ccc21,0
C#CC(O)C12CCC(CC13C(N)COC3C)O2,0
N#Cc1cc([N+](=O)[O-])ccc1N[C@@H](c1cccc(Cl)c1)c1ccccn1,0
C=C(C)CCNC1CCN(C(=O)[C@H]2CCC(F)(F)C2)CC1,0
OC(O)CC(O)c1ccccc1,0
N#Cc1ccc(Nc2ncnc3ccccc23)cc1,0
N#Cc1cc([N+](=O)[O-])ccc1N1CCC[C@@H](c2nnc3n2CCCCC3)C1,0
COc1c(C)cc(Br)cc1C(=O)O,0
CC#Cc1cncc(-c2ccc3c(c2)C2(COC(N)=N2)C2(COC2)C(CCC(F)(F)F)O3)c1,0
C=CCCC(=O)N[C@H](C)c1ccc(CNC(=O)COCCOC)cc1,0
CC(=O)c1ncsc1CC(=O)c1ccc(O)[nH]1,0
CCc1[nH]cc(C#N)c1OC(C)c1ncon1,0
CC(C)CC(=O)Nc1ccc(-c2ccnc3c(C(=O)c4cccs4)cnn23)s1,0
CC(C)(C)C(=O)C(Cl)C(=O)Nc1ccccc1,0
C=CC[C@@H](Cc1ccccc1)NC(=O)C(=O)Nc1sc(CCC)nc1C,0
Oc1ccc(C2=C(c3ccc(OCCN4CCCC4)cc3)c3cc(O)ccc3CC2)cc1,0
COc1cc(C)c2ccccc2n1,0
CC(C)(C)C(=O)NCCCC(=O)O,0
CCc1oncc1C(=O)N1CCC[C@@H](Nc2ccc(C#N)nn2)C1,0
COc1cc(C)c2[nH]cc(CCN(C)C)c2c1,0
Cc1ccc(C(C)C)cc1O,0
Cc1cc(C#N)cnc1C(=O)N1CCC[C@H](c2nnc3n2CCCCC3)C1,0
N#CC1=C(N)Oc2c(cc(Cl)c3ccccc23)C1c1cc(F)cc(F)c1,0
NC(=O)c1ccc2c(c1)CCCN2c1cccc(CNCCC2=CCCCC2)c1,0
C#CCOCCNC(=O)[C@H]1CC(=O)N(C)c2ccccc21,0
C=CCN[C@@H]1C[C@@H](C)N(C(=O)c2ccc(CN(C)C)cc2)C1,0
CC1(C)CC(O)C(CO)C(O)(CNC=O)C1O,0
C[C@@H](CCNC(=O)c1ccc(F)c(F)c1F)NC(=O)[C@@H](C)C#N,0
O=C(O)CCCCC(=O)O,0
CCC(C#N)(CC)N(CC(C)O)C(C)C(N)=O,0
COc1ccc(C(C)=O)c(OC)c1,0
CCCCCCCCBr,0
O=C1c2oc3ccccc3c(=O)c2C(c2cccc(F)c2)N1CCCO,0
OC(O)=C(O)c1ccccc1,0
COCC(O)c1ccccc1,0
C=CCNC(=O)/C=C\C(=O)N1[C@@H]2CC[C@H]1C[C@@H](NC(=O)c1ccc3cccc(Br)c3n1)C2,0
CCOc1ccc(S(=O)(=O)N2CCN(C)CC2)cc1-c1nc(O)c2nc3ccc(C)cn3c2n1,0
COC(=O)c1ccc2c(c1)NC(=O)/C2=C(\Nc1ccc(N2C(=O)CC[C@@H]2CN2CCN(C)CC2)cc1)c1ccccc1,0
NC(=O)c1nn(CC(=O)N2CCS[C@H]2C(=O)NCc2cccc(Cl)c2F)c2cnccc12,0
C=C(C)CN1CC[C@H]2CC[C@@H](C1)N2C(=O)c1ccc(C)c(OC)c1,0
NS(=O)(=O)NCCSc1nonc1/C(=N/O)N[C@H]1Cc2ccc(F)cc21,0
CSc1ccc(-c2ccc(C#N)nc2)nc1,0
COC(=O)c1ccc2c(c1)OCO2,0
CNc1ccc2ccccc2c1,0
CN(C)CCN1CCN(C(=O)c2cc(C(C)(C)C)sc2NC(=O)Nc2ccc(F)c(Cl)c2Cl)CCC1=O,0
Cn1cnc2cc(C(=O)O)ccc21,0
C=C1CC(C(=O)N2CC[C@H](CNC(=O)c3ccc(OC)c(Cl)c3)[C@@H]2c2cccnc2)C1,0
Cn1nccc1C(=O)N1CC2(CC[C@H](CNC(=O)C#CC3CC3)O2)C1,0
Cc1noc(N)c1-c1ccccc1,0
C#CCCOc1ccc(C(=O)OCC2(C)COC2)cc1,0
CC(C)c1ccc(O)c(C(=O)O)c1,0
Cc1nc2ccc(Cl)cc2nc1C,0
CCCCCCCCCC#N,0
COc1ccc(-c2ocnc2C(=O)OCC#Cc2cccc(Cl)c2)cc1,0
C=C[C@@H]1OCCC[C@H]1C(=O)N(C)C1CCN(C(=O)c2cncn2C)CC1,0
COc1cc2c(Oc3ccc(CC(=O)N/N=C/c4ccccc4)cc3F)ccnc2cc1OCCCN1CCC(C)CC1,0
CCC1(N)C(O)C1(C)CC(O)C(N)CO,0
C=CCN(CCc1ccccc1)C(=O)C1(N)Cc2ccccc2C1,0
CC(=O)c1ccc2ccccc2c1,0
C[C@@H](C#N)CN(C)C(=O)Nc1ccccc1C(=O)O,0
N#Cc1ccc(F)c(S(=O)(=O)N2CCC(=O)[C@@H]3CCCC[C@@H]32)c1,0
CC(N)C#CC1(C)OCCN=CN(C)S1(=O)=O,0
CCC(C(=O)N(C)C=N)c1nn(C)nc1CN,0
CN(c1ncccn1)[C@H]1CO[C@@]2(CCCN(S(=O)(=O)c3ccc(Br)c(C#N)c3)C2)C1,0
CC(C)C(C)NC(=O)Nc1n[nH]c(CO)c1O,0
CN(C1CN(C(F)(F)c2cc(Cl)ncc2C#N)C1)[C@@H]1CCOC1,0
C=CCN(Cc1cccs1)C(=O)[C@H](C)OC(=O)c1cc(-c2cccc(OC)c2)[nH]n1,0
CCNC1C2CCN=C(N)C1C1(C)CN21,0
Oc1ccc(C(O)O)cc1,0
CC1CC2C(CCC(S(C)(=O)=O)C3OCC23)N1,0
O=C(CN1CCCN(c2ccccc2)S1(=O)=O)NC1C2CC3CC(C2)CC1C3,0
CC1CNC2CC1C1C3C(C)CNC(C3C)C21,0
CN(C)C=CC(=O)c1ccccc1,0
CNCCc1ccccc1O,0
CCCCc1ccc(O)c(CN)c1,0
COCc1nc(C(=O)N2C[C@@H](CNc3ccc(C#N)nc3)[C@H](C)C2)co1,0
O=C(/C=C/c1ccc(NS(=O)(=O)c2cccc3oc4ccccc4c23)cc1)NO,0
Cc1ccc(Cl)cc1C(=O)NCCCNCC#N,0
Cc1cc(C#N)cc(N2CC[C@@H](c3ncc(C(=O)O)s3)C2)n1,0
CSc1nc(O)cc(OC2CCN(c3cc(C#N)ccn3)CC2)n1,0
CCC1=CC2(CCC(C)(N)CC1C)CN2C,0
CCN(CC)C1CCC2(C)OC1(C)CC2(C)O,0
C#CC1=NCC(c2c[nH]nn2)C(=N)OC(C)O1,0
O=C(O)c1c(F)cccc1Cl,0
C#C[C@@H](NC(=O)NCC1(SC)CC1)c1ccc(Cl)cc1F,0
O=CNc1ccc2c3c1O[C@H]1C(=O)CC[C@@]4(O)[C@@H](C2)N(CC2CC2)CC[C@]314,0
CC[C@@H](OC(=O)[C@@](C)(C#N)CC)c1ccccc1,0
CC(=O)N1CCc2ccccc2C1,0
CC1COC2C(C(C)CO)CNC(=O)C2(C)N1,0
S=c1n(-c2ccc(Br)cc2)c(=S)n2n1CCC2,0
CCOC(=O)CCCN,0
CCOc1c(C)nc(C#N)n2nc(OC)nc12,0
Cc1cc(S(=O)(=O)N2CCOCC2)ccc1OCC(=O)Nc1cccc(F)c1,0
CC1NC(=N)CC2=NC(CNC(=O)O2)C1CN,0
COC(=O)c1ccc(N(C)C)cc1,0
C=C(C)Cn1c(CC2CCCCC2)nnc1N1CCO[C@H]2CCC[C@H]21,0
CCC1(Cn2c(N)ccnc2=N)CN=CN1C,0
Nc1ccccn1,0
CCc1cccc(C)c1NC(C)=O,0
CC1(C(N)C#N)NCCC2CCOC2(C)C1N,0
CCOC(=O)C(C)(C)C(=O)NC1(c2ccc(NC(=O)/C=N/O[C@@H]3CCCCO3)cc2)CCC1,0
O=C(NNc1nc2ccccc2nc1Cc1ccccc1)c1ccc(Br)cc1,0
CCCNCc1ccc(OC)cc1,0
CCN=c1c(CNC)nc(O)c([N+](=O)[O-])n1C,0
CCCN(CCC)Cc1cc(C(=O)N[C@@H](Cc2ccccc2)[C@H](O)CN[C@H](C)c2ccccc2)ccc1O,0
CCNC1Cc2ccccc2C1,0
O=C(O)c1cccc(Cl)c1Cl,0
COc1ccccc1-c1ccc[nH]1,0
CN1CCN(c2ccncc2)CC1,0
N#Cc1ccc(CSc2nnc(NC(=O)CNC(=O)c3ccncc3)s2)cc1,0
CCN1C(=O)OCCC12CN=C(N)OC2OC,0
FC(F)(F)c1ccc(-c2[nH]c(-c3ccccc3)nc2-c2ccncc2)cc1,0
CCN(CC)S(=O)(=O)c1cc(C(=O)OCC(=O)Nc2ccc(-c3nc4ccc(C)cc4s3)cc2)ccc1F,0
CCc1ccc(CNc2ncnc3c2CN(c2ccc(C)cc2C#N)CC3)cn1,0
O=C1CCCN1c1ccc(C2CCN(CCc3cnn(-c4nccc5c(=O)[nH]cnc45)c3)CC2)cc1,0
COc1ccc(OCC(=O)N(CCCN)C[C@@H](S)OP(=O)(O)O)c(Cl)c1,0
C[C@@H]([C@@H](O)c1ccc(O)cc1)N1CCC(O)(c2ccc(Cl)cc2)CC1,0
CCOC1CC2(O)C3CC(NC=O)=CC1C32,0
CC(C#CC1CC2C(C=O)C(=O)OC12)=NO,0
CCCCOC(=O)CCCN,0
COC(N)c1ccccc1O,0
C[C@@H](C#N)C(=O)N[C@@H](CNC(=O)c1c(F)cncc1F)C1CC1,0
COc1cc2ccccc2oc1=O,0
CC[C@@H](F)C(=O)N(C)[C@H](CNc1cnc(C#N)cn1)C1CC1,0
C#CCNCc1cn([C@H]2CCN(C(=O)C3CCC=CCC3)C2)nn1,0
C#CC1(O)C=C(CCO)C2NC2(C)CCC1,0
CC1=NC2(CCC2=NO)c2nsc(C)c2N1,0
CC(=O)N1CCN(c2ccc(-c3cc(C)c(C#N)c(C)n3)cc2)CC1,0
O=[N+]([O-])c1cccc(Nc2nc(-c3cccc([N+](=O)[O-])c3)nc3ccccc23)c1,0
N[C@H]1CN(Cc2ccc(-n3cnnn3)cc2)C[C@H]1C(=O)N1CCCC1,0
C[C@H](NC(=O)C1CCCC1)[C@H](C)Nc1ccc(C#N)nn1,0
CCCCCCCCCCBr,0
COCCCn1c(NN=C2CCCC23CCC3)nc2ccccc2c1=O,0
CC1NC(=N)C2C3CN(CCCN)CC3OC12,0
Cc1ccc(-c2ccn(C)c2)cc1,0
CC1N2c3cnsc3OCCC12S(C)(=O)=O,0
Nc1ccccc1NC(=O)CCCCCNC(=O)c1ccc2cn[nH]c2c1,0
CN[C@H](C(=O)N[C@H](C(=O)N(C)[C@H](/C=C(\C)C(=O)c1nccs1)C(C)C)C(C)(C)C)C(C)(C)c1ccccc1,0
OCc1cccnc1,0
C#CCN1C[C@H](NC(=O)Cc2cccnc2C)C(C)(C)C1,0
CNC(=O)C1(C(=O)N2CCC[C@@H](CNc3ccc(C#N)nn3)C2)CC1,0
C=CCSCC(=O)N1CC[C@H](CNC(=O)[C@@H](C)Sc2cccs2)[C@H]1c1cccnc1,0
CC1C2CNC1CC1(C2)NCC(=O)OC1CN,0
CC[C@H]1OC(C)=C(OCCCn2cccc2)C1=O,0
CCOC(=O)c1c(C)oc(Nc2ccc(OC(F)(F)F)cc2O)c1C#N,0
CCNC1C(CNc2ncco2)OC(=O)C1N,0
OCC(O)(O)CCc1ccccc1,0
C=CCN(CC1CCCCC1)C(=O)CCNC(=O)N1CCc2ccccc2C1,0
CC1C(N)C2CCC1C1OCC(CCO)C21C,0
NCCc1ccccn1,0
O=C(Cc1ccc(Cl)c(Cl)c1)NC1CCN(Cc2ccccc2)CC1,0
OC(O)c1ccccc1Cl,0
C#CC1OCC=C(CC)S(=O)(=O)c2ncsc21,0
Cc1nc[n+]([O-])c(C)c1C(=O)N1CCC(C)(N2CCC(N(c3ccccc3)c3ccccc3)CC2)CC1,0
CC(=O)C1NC2C(=O)CCC(C)(NC1=O)C2=O,0
CCNC(=N)C(CO)C(=O)CNC(=N)C(=N)N,0
CC1C2OC2CC2C=CC1(C(N)CN)C2N,0
N#CCN(CCCNC(=O)[C@H](F)C(F)(F)F)Cc1cccnc1,0
CC[C@@H](C)c1ccc(NC(=O)[C@H](C#N)C(=O)CCc2c(C)nc3c4ccccc4nn3c2C)cc1,0
CCCCN(CCCC)CCCC,0
CN(Cc1nc(C2CCN(Cc3ccccc3F)CC2)no1)c1ncc(C(=O)NO)cn1,0
CN1CCN(CC(=O)O)CC1,0
CC(C)CCN1Cc2n[nH]nc2C(=O)CC1C,0
COc1ccc(N)c2ccccc12,0
CCOc1nc(C(=N)N(C)CC(C)CO)c[nH]1,0
C[C@H](C#N)C(=O)NC1[C@H]2CN(Cc3cnn(-c4ccccc4)c3)C[C@H]12,0
COC(=O)CC[C@H]1CN(C)CC[C@@H]1c1ccc(Cl)cc1,0
CC1C2CC(C)(N)C3CC(C)(C)C(O)(C1O)C23,0
Oc1cccc(CCN(CCc2ccccc2)CC2CCC2)c1,0
COc1cc(/C=C/C(=O)NO)ccc1OC[C@H](Cc1c[nH]c2ccccc12)NC(=O)c1ccc(C)cc1,0
O=c1nc(OCC2COc3ncccc3O2)cc2n1CCc1cc(OCc3ncco3)ccc1-2,0
CCc1nc(N)nc(N)c1C#CC(C)c1cc(-c2cc[n+]([O-])cc2)ccc1OC,0
CC1CC#CC2CC(C)(C2)N(C)C(N)=N1,0
COC(=O)c1nc2ccccc2s1,0
CC1C2=C(CC3NC23C(C)C)c2ncnn21,0
O=C(O)c1ccc(Cl)cc1Cl,0
CC1C(O)C2N3C1CC=C1C(N)=NC(C)C123,0
CNNc1ccccc1,0
Cc1nc2ncc(CCCO)[nH]c(=O)c-2c1N,0
C[C@@]1(C#N)CCCN(CC[N+](=O)[O-])C1,0
COc1ccc(O)c(C(C)(C)C)c1,0
COC(OC)c1cccc(O)c1,0
C#CC1CCN(S(=O)(=O)c2ccc(OC)c(CC(=O)O)c2)CC1,0
O=C(Nc1ccc(Cl)cc1)c1cc(Cl)ccc1NC(=O)c1sc2ccccc2c1Cl,0
COc1ccc(Br)cc1CC(=O)N[C@H]1CCCN(c2ccc(C#N)cc2F)C1,0
CC(C)c1nnc(CN(C)C[C@H]2CCN(C(=O)[C@@H](C)C#N)C2)n1C,0
OCOCc1ccccc1,0
C/C(=N\C1CCCC1)c1c(C)[nH]n(-c2nc3ccccc3s2)c1=O,0
CC1(C)C2(N)CNC(N)=NCCC1(N)C(O)C2,0
NC(CCc1ccccc1)P(=O)(O)CC(Cc1ccccc1)C(=O)NC(Cc1ccccc1)C(=O)O,0
Cn1cc(CN2CC[C@H](C3CCN(C(=O)C#CC4CC4)CC3)C2)nn1,0
C=CC(=O)N[C@H]1CCOC/C1=N/[C]1N=c2ccc(-c3c(Cl)c(OC)cc(OC)c3Cl)cc2=CN1,0
CC(N)(O)c1ccccc1,0
Oc1cccc(O)c1,0
Cc1nnc2sc(C(=O)N3CC(C)(F)C3)c(N)c2c1C,0
CCC12CC=CC3CC(N)CCC31N2,0
O=C(Nc1ccc(CCc2ccc(Cl)c(Cl)c2)cc1)C1=C(O)c2ccccc2S(=O)(=O)N1,0
N=c1nnsc(C2CCC(=O)NCCN2)c1Br,0
COC(O)(O)Oc1ccccc1,0
CCCC1NC(CO)C(NC=O)C(C#N)C1=O,0
C=C[C@@H](CC)CC(=O)N1Cc2ccc(CNC(=O)[C@@H](C)OC)cc2C1,0
COc1ccc(-n2nnnc2C(F)(F)F)cc1[C@H]1COCC2(C1)OCCN[C@H]2c1ccc(F)cc1,0
CCCc1c(C)nc(-c2ccccc2)nc1Nc1ccc(C(=O)O)cc1,0
CN1CCN(c2ccccn2)CC1,0
CCC1(CC(=NC)NC(C)=N)OC(=O)OC1C,0
C=CCN(C(=O)C(=O)Nc1ccc(C(=O)c2nccn2C)cc1)[C@H](C)COC,0
C#CC1CC(C(=O)C#N)(C(C)O)C(C)C(=N)O1,0
C=C[C@@H]1OCC[C@H]1C(=O)N1CCC([C@H](C)NC(=O)c2ccn(C)c2)CC1,0
CCOc1cccc2c1CCC[C@H]2CN(C)CCc1ccc2c(c1)OCO2,0
O=C(O)Nc1ccccc1,0
C#Cc1ccc(C(=O)NC[C@H]2CC[C@@H](NC(=O)c3ccc(C)nn3)C2)cn1,0
CC(=O)CCCCO,0
O=c1c(I)ccc2n1C[C@@H]1CNC[C@H]2C1,0
CCOc1ccc(NC(=N)N)cc1,0
N#Cc1ccc(F)c(CN2CC[C@H](NC(=O)c3ccccc3F)C2)c1,0
C[C@H](CNC(=O)[C@]1(C)CCC(=O)N1)CNc1nccnc1C#N,0
CC1NC(C2CC(C)C(C)CCN2)CC1=NO,0
CC1CC2(C)CC(C#N)(C2)C1(O)C(C=O)=NO,0
CC1CC2CCOC(=N)C(C)(CC2)C(C)C1O,0
CCC(C)(C(=N)N)C(C)C(OC=O)C(=O)OC,0
CCOc1ccc(-c2c(NC(=O)c3ccc(OC(C)C)cc3)c(C(=O)O)nn2-c2ccc(Oc3ccccc3)cc2)cc1,0
CCC1NCCC1(N)c1n[nH]c(=O)n1C(N)=O,0
COc1nc(N2CC[C@@H](O)C2)ccc1-c1cc2c(C(=O)O)c[nH]c2cc1Cl,0
CN(C[C@H]1CCN1CC#N)C(=O)c1coc(S(N)(=O)=O)c1,0
Cc1ccccc1C,0
CC(=O)CCC(C)C,0
CC(CO)NC1C2NCC1(O)C(=NO)C2O,0
CC(=O)C(C(=N)N)c1ncc(OC=O)n1C=O,0
CC(=N)NCCNC1C(C)NCCC1(O)C#N,0
N#Cc1cc(C(=O)NCCC[C@@H]2CCCN2CC2CCC2)c[nH]1,0
NCCCC(=O)NCC(=O)O,0
O=C(/C=C/c1ccc(NS(=O)(=O)c2cccc(C(F)(F)F)c2)cc1)NO,0
C[C@@H]1CC(NCCc2ccccc2)[C@@H](O)[C@@H](O)[C@@H]1O,0
O=C(CCCCCn1c(C(=O)O)cc2cc(OCc3c(Cl)cccc3Cl)ccc21)NS(=O)(=O)c1ccccc1,0
Clc1ccc(Cn2cncc2-c2ccccc2)cc1,0
CNc1nc(-c2ccccc2)cs1,0
O=C(Nc1ccc(I)cc1)c1ccc(CN2CCOCC2)cc1,0
COc1cc(C#N)cnc1-c1cc(F)c(F)c(F)c1,0
CC1NC2=NCCC=CC(=O)C(CC1O)O2,0
CC(CO)c1c[nH]c(-c2cnn(CC=O)c2)n1,0
COc1cc(=O)oc2ccccc12,0
COc1cc(SC)ccc1C(=O)Nc1ccc2c(c1)OCO2,0
NCc1cnccn1,0
CNCc1ccc(C(F)(F)F)cc1,0
CCN(CC)CCCNc1nc(-c2ccc(NC(=O)Nc3ccc(Cl)cc3)cc2)nc2ccsc12,0
COc1ccc(-c2cc3c(cn2)CCc2c-3[nH]c3c2C(=O)NCC3)cc1,0
Cc1nc(C#N)cc(N(C)[C@@H]2C[C@H](Oc3ccccc3)C2(C)C)n1,0
N#CCn1cc(Nc2cc(-c3cccc(Cl)c3)ncn2)cn1,0
NC(c1ccccc1)C(O)O,0
CC(Sc1nnc2ccccn12)C(=O)Nc1ncc(Cl)cc1Cl,0
Cc1[nH]c(=O)c(Cl)c(Oc2cc(Cl)cc(C#N)c2)c1CCOc1ccccc1,0
Cc1ccc(N2CCNCC2)cc1,0
CC(=O)Nc1ccccc1[N+](=O)[O-],0
C=CCCCNC1CCN(C(=O)c2snnc2C2CC2)CC1,0
CCSc1ccccc1OC(C)=O,0
Cn1c(=O)oc2ccccc2c1=O,0
CC(C)C(C)N=C(CN)NC(=N)c1ncno1,0
Cn1c(-c2ccc(C(C)(C)C)cc2)nnc1N1CCC(CC#N)CC1,0
CC1(C)C2C(C)(CCCS2(=O)=O)C1(O)CO,0
CC[C@@H](C)n1c(C)c(C=Nn2c(-c3cc4cc(Br)ccc4o3)nc3ccccc3c2=O)c2ccccc21,0
CC(C)(C)OC(=O)N[C@@H](CC(=O)O)C(=O)N1CCC[C@@H](C#N)C1,0
CN(CN)c1ccccc1,0
CCOc1ccc(-c2cncc(C(=O)Nc3cc(C)cc(C)c3)n2)cc1,0
CC12N=C(NC=N)NCC1OCCC2C(=O)O,0
CN1CCN(c2ccc(-c3ccncc3-c3cc(F)c(O)c(F)c3)cc2)CC1,0
CCC[C@@H](Nc1ncc2c(-c3ccc(CN4CCN(C)CC4)cc3)cn([C@H]3CC[C@H](O)CC3)c2n1)C(F)(F)F,0
Cc1c2[nH]c(=N)c(Br)c1C=C(N)C=CC=CN2,0
Cc1ccc(/C=C\S(=O)(=O)NCCN/C(O)=C2/N=CC=CC2=O)cc1,0
CCC(NC)c1ccccc1,0
CC1=CCOCC(C)(OC(C)C2(C)CC2)C1,0
COC(=O)c1ccc(Cl)c(/N=C/c2ccc(OCC(N)=O)cc2)c1,0
CCOC12CC=CC(CCN)(CC1C)O2,0
OC(O)(O)NCc1ccccc1,0
CCOc1ccc(OC(C)=O)cc1,0
CC(C)CO[C@H](C)C(=O)NCCCN(c1ccc(C#N)nn1)C1CC1,0
COc1ccccc1-c1noc([C@@H](C)NC(=O)c2cccc(C#N)n2)n1,0
C#CCN(Cc1ccc(F)cc1)C(=O)[C@H]1CCCN(C(=O)[C@H](C)CC)C1,0
CC(C)NC(=O)CCC(=O)O,0
Cc1cc(C#N)cc(C)c1Oc1nc(NC2CCN(Cc3ccc(C(N)=O)cc3)CC2)nc2cc[nH]c12,0
COc1c(C)cccc1CN1CCC(C(=O)N(Cc2cc(Cl)c3c(c2)OCCCO3)CC(C)C)C1,0
Cc1cc(C)n(-c2ccc([C@H](C)NC(=O)C#Cc3ccccc3)cc2)n1,0
Cc1csc(-c2nc(CCCC(=O)O)[nH]c2-c2ccc3c(c2)OCO3)n1,0
O=C(NCc1ncccc1F)c1cnn(C2CN(CCc3nc4ccccc4[nH]3)C2)c1,0
C#CCOCCC(=O)N[C@H](CNc1nc(C)ncc1C)C1CCCC1,0
CC(=O)NCCCNC(C)=O,0
CC(C)C1CCC(=NNS(=O)(=O)c2ccccc2[N+](=O)[O-])CC1,0
CCC1NC2CC3CN3C(CCC2O)C1=O,0
COC(CO)c1ccccc1,0
C=C(Cl)C(C)(C)C(=O)N1CCC(N(C)C(=O)[C@H]2OCC[C@H]2C)CC1,0
CC1C2OCC3(C)C2C(CN3C)CC1(C)O,0
OC(O)COc1ccccc1,0
CC(C)(C(=O)NC(N)=O)[C@H]1c2ccccc2Oc2nc(-c3ccc(C(=O)N4CCCC4)cc3)ccc21,0
C=CCOc1ccc(C(=O)NCc2ccc(S(=O)(=O)N3CCC[C@H](C)C3)cc2)cc1OC,0
CCOc1ccc(N(CCC#N)C(=O)CN2CCC(Oc3cccc(C#N)c3)CC2)cc1,0
CC1OC2(CO)CC(CO2)OC1C(C)(C)CN,0
CC1CSc2c(C(=O)O)c(=O)c3cc(F)c(N4CCC(N)C4)cc3n21,0
N#Cc1ccc(Cc2cnc(NC(=O)N(Cc3ccoc3)C3CC3)s2)cc1,0
C=C1CC(C)(C(=O)N2CC[C@]3(CCCN(Cc4cnc(C)o4)C3)C2)C1,0
CC1CN2CCC(C)N(C1)C(CNCCO)C2,0
CNC(=O)c1ccc(C(=O)NC[C@H]2CCCN2CC#N)cn1,0
C=CC[C@@H]1CCCC[C@@H]1OC(=O)c1cnn(C)n1,0
C#CCN(C(=O)Nc1ccc(Cl)cc1OCC(F)F)C1CC1,0
Cc1ccc(N(Cc2ccco2)C(=O)c2ccc(N3CCCCC3)c([N+](=O)[O-])c2)cc1,0
CCC12CCS(=O)(=O)C(C1)C1(C(C)C#N)OC21,0
OC(O)NCc1ccccc1,0
CCn1nccc1C1CCN(C(=O)C(=O)Nc2cccc(C#N)c2C)CC1,0
CC#CC1COc2cc(=N)[nH]c(Cl)c2C1,0
C[C@H](OCc1ccc(F)cc1)C(=O)Nc1ccc(Oc2cccc(C#N)c2)nc1,0
C#Cc1ccc(C(=O)N[C@@H]2CCN(CCC(=C)C)C[C@@H]2C)cn1,0
CC(C)(C)c1ccc2nc(-c3n[nH]c4ccc(Br)cc34)[nH]c2c1,0
CN(Cc1ccccc1)C1CC1,0
N#C/C(=C\c1ccccc1Cl)C(=O)Nc1ccc(S(N)(=O)=O)cc1,0
N#Cc1ccc2c(c1)CCN(CC[C@H]1CC[C@H](NC(=O)c3ccnc4ccccc34)CC1)C2,0
CC1CNC2=Nc3[nH]c(=N)[nH]c3CCCC21N,0
CCN1C(C)C2OC3(CC3)C(C)C1C2CN,0
CCO[C@@]12Cc3c([nH]c4ccccc34)[C@]3(C)Oc4c(O)ccc5c4[C@@]31CCN(C)[C@@H]2C5,0
CC(O)C1=CNS(=O)(=O)C(CO)COC1=O,0
CC#CCN[C@H]1C[C@H](NC(=O)c2cc(C(C)(C)C)n[nH]2)C12CCC2,0
CCC[C@@H]1CN(c2nnc(-c3ccc(C#N)cc3)n2C[C@@H](C)COC)CCO1,0
C#CC1(C)CC(=O)C2=C(CNC2=O)N1C,0
