Unnamed: 0,SMILES,QED,DBPP_SCORE,MolSkill,HADES,HADES_scs
0,C13(C4(C2(C5(C(C1(C2(Cl)Cl)Cl)(C3(C(C45Cl)(Cl)Cl)Cl)Cl)Cl)Cl)Cl)Cl,0.317211732,0.99976837,57.968758,0.8488991324599465,0.28512894271958933
1,O=P(OC(=CBr)c1ccc(cc1Cl)Cl)(OC)OC,0.529827237,0.881300262,7.5374837,0.4166936055723158,0.3582140536388851
2,O=P(OC(=CCl)c1ccc(cc1Cl)Cl)(OC)OC,0.565568225,0.402099317,14.141093,0.6620222001921351,0.37451720524217247
3,O=C(Nc1ccc(OC)cc1)C(=C)Cl,0.780088055,0.989426468,1.5342764,0.0282844850688364,0.2877585103589579
4,O=[N+]([O-])c1ccccc1C2OCC(O2)CCl,0.464068911,0.012433613,5.4610777,0.7082101197698645,0.3332755422727489
5,O=C(Nc1cc(F)ccc1(F))NC2CC2,0.775129508,0.047458561,-13.662486,0.2690757435258371,0.3223104339306448
6,O1c2ccc(cc2(OC1))C(N(C)C)=S,0.655545718,0.662141746,12.11828,0.0466320115237814,0.18897116539232534
7,O=C(Oc1cccc2OCCOc12)NC,0.754011039,0.992029622,0.6361364,0.4052583277460439,0.39555848996890436
8,O(c1cc(c(cc1Cl)Br)Cl)P(OCC)(OCC)=S,0.475181046,0.954928196,8.784156,0.6724592711197869,0.4069929489220584
9,O(c1cc(c(cc1Cl)I)Cl)P(OCC)(OCC)=S,0.341679096,0.966529107,5.5576572,0.5608612346424314,0.43147926927891866
10,O=[N+]([O-])c1ccc(OP(=O)(OCCCl)OCCCl)cc1,0.294389828,0.998489922,17.959146,0.8154952968851429,0.6002807192442747
11,O(c1cc(c(cc1Cl)Cl)Cl)P(OCC)(CC)=S,0.531352797,0.948346588,8.128642,0.5694958279825343,0.31752838834662334
12,N#CC2CC1CC2(C(=NOC(=O)NC)C1Cl),0.429336647,0.002002066,10.005578,0.0115588243682521,0.06043333204875197
13,O=C(Oc1cc(c(cc1Cl)C)C)NC,0.779118666,0.278567684,4.0602975,0.0388496301008058,0.2598901884636701
14,O=C(O)CC(c1ccc(cc1)Cl)CN,0.802631633,0.999863642,0.81893504,0.996330588057452,0.8088085387961522
15,O=NN(C(=O)C)c1ccc(OCC)cc1,0.562091706,0.991115564,10.022878,0.0640593522235894,0.10749184780444068
16,O=[N+]([O-])c1cc(c(O)c(c1)C(C)CC)[N+](=O)[O-],0.642655862,0.996542232,7.698714,0.0690193877496753,0.1799167164093543
17,O(C(C)C)P(CCl)(=S)Sc1ccc(cc1)Br,0.509273919,0.240718224,7.7215676,0.4268057235666954,0.193436476364143
18,O=[N+]([O-])c1ccc(OC)c(c1)CNCCBr,0.376766305,0.042687875,15.451148,0.0579766502554835,0.3800084000863475
19,O(c1ccc(cc1Cl)Cl)P(OCC)(CC)=S,0.731733045,0.812055965,6.3482976,0.6930675498410014,0.25213380563194154
20,O(c1cc(ccc1Cl)Cl)P(OCC)(CC)=S,0.731733045,0.699837155,4.9805017,0.55034541786927,0.24143228138149797
21,O(c1ccc(cc1Cl)Cl)P(OCC)(OCC)=S,0.713103546,0.862696441,11.748038,0.8229801709228125,0.374264911848004
22,O(CCC)P(CCl)(=S)Sc1ccc(cc1)Cl,0.516142217,0.891709091,9.4099,0.6989916543108428,0.24481112151862588
23,O(c1ccc(cc1Cl)Cl)P(C)(=S)SCCC,0.668252386,0.841332955,3.1658955,0.7774055201893105,0.38120911519578793
24,O(C(C)C)P(CCl)(=S)Sc1ccc(cc1)Cl,0.534356891,0.720488529,6.4356112,0.5767626338758883,0.18639840852113024
25,Fc1ccc(cc1)SP(OC(C)C)(CCl)=S,0.56798622,0.074150039,9.738365,0.3211334141015039,0.18387882059523392
26,N(=CN(C)C)c1ccc(cc1C)Cl,0.524797177,0.999090676,-7.797423,0.014824641856386,0.2449154892195437
27,O=[N+]([O-])c1ccc(OC)c(c1)CNCCCl,0.359466529,0.046128079,18.002003,0.1522668123940994,0.40548924552588533
28,O=[N+]([O-])c1ccc(OP(OCC)(CC)=S)c(c1)Cl,0.451452556,0.825794541,9.131092,0.3076145703214708,0.40077380946852487
29,O=[N+]([O-])c1ccc(OP(OCC)(OCC)=S)c(c1)Cl,0.429596911,0.860243691,15.915418,0.5951984109351979,0.5582970234968723
30,O=[N+]([O-])c1cc(OP(OCC)(OCC)=S)ccc1Cl,0.429596911,0.883141148,17.550228,0.4140543852246556,0.5336665576294106
31,O=C(OC)c1cccc(N=NN(C)C)c1,0.432647227,0.04736044,10.983142,0.0607511530727038,0.3905921850082218
32,O=C(Oc1ccc(c(c1)C)C)NC,0.715837102,0.992712284,1.3820864,0.0067606062840162,0.15610973729224722
33,O=C(Oc1ccc(c(c1)C)SC)NC,0.763463162,0.174064547,-3.557259,0.0609321357983108,0.24125662430738576
34,n1c(cccc1Cl)N2CCC(N)CC2,0.718944474,0.050307445,0.043928742,0.3618832068401074,0.21174164118336208
35,O(c1ccc(cc1)Cl)P(OCC)(CC)=S,0.746690972,0.998120679,10.1271715,0.718769143310015,0.22492346087318488
36,O=P(OCC)(CC)Sc1ccc(cc1)Cl,0.722381078,0.846898962,14.449679,0.6434581336368174,0.17207613835105628
37,O(C)P(OC)(=S)SCCSc1ccc(cc1)Cl,0.409454627,0.682415869,20.70864,0.4462883970086267,0.3117340314712919
38,O(C)P(CC)(=S)Sc1ccc(c(c1)C)Cl,0.738968175,0.205884375,7.561237,0.1336959736828402,0.20692409365157186
39,n1cccc(c1)C2N(C)CCC2,0.626151823,0.999825519,7.0423017,0.9961870877047028,0.7176644884510455
40,c1ccc(cc1)N2CCNCC2,0.664835869,0.998813002,4.91264,0.0221853450695737,0.18836231594506345
41,n1cccc(c1)C2NCCCC2,0.681814979,0.998111195,14.873748,0.0728351883808385,0.18703311459932453
42,O=[N+]([O-])c1ccc(OC)c(c1)CNCCO,0.423154694,0.01661885,12.237216,0.14920414608325,0.3893714225131248
43,O=[N+]([O-])c1ccc(OP(=O)(OCC)SCC)cc1,0.430793999,0.917523973,15.041739,0.2601193718972079,0.5002203473354581
44,O=[N+]([O-])c1ccc(OP(OC)(OC(C)C)=S)cc1,0.454870129,0.99889774,11.462838,0.5937348027718731,0.41404383888336016
45,O=[N+]([O-])c1ccc(OP(=O)(OCC)OCC)cc1,0.43117691,0.998718155,7.311087,0.7042894654395998,0.6497305828669774
46,O=C(OCCOCCOC(=O)C=C)C=C,0.333526082,0.99772356,17.272175,0.3365579027851151,0.4381499068178572
47,NC(C)(C)Cc1ccccc1,0.683167633,0.999344397,15.60278,0.616191471592939,0.5128058845970014
48,NC(C)Cc1ccc(cc1)C,0.682350106,0.999171876,3.4437609,0.1110697371916872,0.2850046077188589
49,c1ccc(cc1)CC(NC)C,0.691108551,0.999908592,10.3398285,0.0265423549540839,0.6897083978673811
50,n1cnn2c1nc(cc2N(CC)CC)C,0.756894396,0.304756563,3.3876777,0.0178424766203949,0.21634513111753692
51,N#CC1(C)(CC(=O)CC(C)(C)C1),0.552242567,0.311429583,12.753654,0.1588717500890082,0.22219872933632462
52,O=C(OC(C)(C)CC)Nc1occc1,0.809810707,0.018638412,-14.071932,0.0586682803778305,0.19088722003303862
53,O=P(OCC)(CC)Sc1ccccc1,0.71424255,0.648627473,16.529976,0.3241645438818034,0.17155056162473042
54,O(c1ccc(c(c1)C)SC)P(OC)(OC)=S,0.605654616,0.999093863,18.256586,0.5186401814988454,0.280787499519946
55,O=P(Oc1ccc(cc1)S(=O)(=O)C)(OC)CC,0.773003429,0.157782834,15.117503,0.2447868376745864,0.44888312350735954
56,O=C1OC(=CC(OP(=O)(OCC)OCC)=C1)C,0.733033751,0.206127596,12.617361,0.8166517403752683,0.41262528911341406
57,O=P(Oc1ccc(c(c1)C)S(=O)(=O)C)(OC)OC,0.774383154,0.13416411,12.62495,0.5559098852422407,0.4755834007851118
58,O(c1ccccc1)P(C)(=S)SCCC,0.722317185,0.516310447,12.566571,0.3701586477294452,0.261266457151341
59,O(c1ccc(c(c1)C)SC)P(C)(C)=S,0.593559787,0.998626276,-5.7319336,0.4946739539386651,0.2686605850508227
60,O=C1C=C(C(=NN1CSP(OCC)(OCC)=S)Cl)C,0.709247497,0.400796786,-1.0720959,0.1026782187277117,0.2762626201808881
61,O=C1C=C(C(=NN1CSP(=O)(OCC)OCC)Cl)C,0.717080445,0.007674294,4.967624,0.1240540788615862,0.4035173424045989
62,Nc1ccc(cc1)N(CC)CC,0.693208497,0.995355053,6.6459765,0.0135742938525039,0.267244854763524
63,O(c1cc(N)c(cc1N(C)C)C)C,0.703228411,0.997507399,10.95423,0.007748812476787,0.1090378738673955
64,O=C(OCC)N1CC(C=NOC)=CCC1,0.524657048,0.002463824,-1.8349473,0.0259119972746524,0.20830616185477718
65,O=S(=O)(Nc1cccc(c1)C(O)CNC)C,0.696362921,0.710421771,-14.341837,0.6886481656494287,0.45424418861149085
66,O=C(Oc1nn(C(=O)N(C)C)c(c1)C)N(C)C,0.727167145,0.285563867,9.292913,0.5221591179578811,0.418098384558742
67,N#CN=C(NC)NCCSCc1nc[nH]c1C,0.308908723,0.960258009,4.480424,0.957652706879892,0.8403592531798603
68,O=S(=O)(c1ccc(OP(OC)(OC)=S)cc1)N(C)C,0.74366382,0.994003523,19.804789,0.5493647629918491,0.5789547216124621
69,O=C1CC2(CC2(C1C))(C(C)C),0.56294981,0.93756215,21.772755,0.1192423526979012,0.2365701523653684
70,O1OC2(C=CC1(C)CC2)C(C)C,0.442032125,0.538975088,16.838436,0.062971511098816,0.1867814445916491
71,n1c(nc(cc1C)C)SP(OCC)(OCC)=S,0.590560713,0.288925152,3.567184,0.2717284293182291,0.28908846886350786
72,O=C1C(OC)=C(OP(OCC)(OCC)=S)C=NN1C,0.706159494,0.026664397,16.010387,0.357341406456293,0.5695493908115078
73,O=C(ON=C1C(C)(C)SC(=NC(C)C)S1)NC,0.621424366,0.026359315,20.276917,0.1869049860749604,0.17059532019994625
74,O=C(OC)C=C(C(=O)OC)SP(OCC)(OCC)=S,0.381603638,0.211836327,17.08479,0.6620860949169819,0.6620817190894762
75,O=NN(C(=O)NCC1OC(OC)C(O)C(O)C1(O))CCCl,0.26063602,0.992574777,19.99758,0.1367669696453124,0.43333173506321876
76,N2=C(NCC1CCCCC1)SCC2,0.735768407,0.326527645,19.894875,0.1104139494874396,0.21756602302271677
77,O=C(ON=C(C)SC)N(C)SN(C(=O)ON=C(C)SC)C,0.252088804,0.998313115,22.576092,0.7783283861725856,0.7686963653680194
78,O=C(ON=C(C)SC)N(C)SSN(C(=O)ON=C(C)SC)C,0.176456507,0.998341494,31.00383,0.6623779504039734,0.6698749024795481
79,O=C(n1nc(nc1SC)C(C)(C)C)N(C)C,0.704945715,0.197642207,7.2761836,0.0579154992571908,0.5844001035235756
80,O=NN(C(=O)NCCS(=O)(=O)N1CCCCC1)CCCl,0.423350192,0.995853894,24.941793,0.0477670116474569,0.19810817694115826
81,O=C(C(=C(OP(=O)(OC)OC)C)Cl)N(CC)CC,0.410708133,0.463246418,20.950129,0.7990649977036636,0.6189435655100397
82,N#CC(NC(=O)CSP(=O)(OCC)OCC)(C)C,0.691047331,0.046294098,19.636711,0.0216514837886876,0.11304333042499679
83,O=C(OCC)C=C(OP(=O)(OCC)OCC)C,0.290917938,0.723849664,17.534,0.6350133164209658,0.6117074137669041
84,O=C(OCC)CC(C(=O)OCC)SP(=O)(OC)SC,0.47152008,0.98907805,20.338245,0.6698504421941468,0.7095058636992944
85,O=C(OCC)CC(C(=O)OCC)SP(=O)(OC)OC,0.471510294,0.997677217,18.499893,0.794129268390304,0.8244431154853171
86,N(C(C(NC(C)CC)=S)=S)C(C)CC,0.727051121,0.999126613,8.292443,0.0625481500077148,0.24174726913517067
87,O=C(OC(C)C)C=C(OP(OC)(NCC)=S)C,0.334424052,0.002465022,21.652912,0.2519208239656075,0.45421582800394916
88,O=C(OCC)N(C(=O)CSP(OCC)(OCC)=S)C,0.634224468,0.730165483,4.1238494,0.6632297367900718,0.6018216367711805
89,O=NN(C(=O)NCCS(=O)(=O)N(CC)CCC)CCCl,0.36684878,0.987864272,15.34689,0.1068863612868638,0.29011748963278183
90,FCCCCCCCCCC,0.468913896,0.998987026,19.604336,0.0055859175316333,0.09882799780872517
91,NC1C(CC)CCCC1(CC),0.651310207,0.997264363,13.7741375,0.1794952683346249,0.37243506057840425
92,N(C)C(C)CC1CCCCC1,0.660211663,0.999214924,13.1314535,0.0148078219934549,0.2584820109639997
93,O=P(OC(C)C)(OC(C)C)OP(OC(C)C)(CCl)=S,0.434664169,0.688818695,18.829496,0.8277981560545861,0.5520414348170616
94,O=P(OCCCC)(CC)SCCCC,0.435196175,0.997881093,19.13818,0.0463984381173045,0.18289123037680666
95,O(C(C)C)P(OC(C)C)(=S)SCSC(C)C,0.467648173,0.933200541,11.80846,0.340966902891944,0.38862180544157354
96,O=P(OCC)(OCC)SCCN(CC)CC,0.569215507,0.752026689,9.929158,0.6634482382864002,0.617670230385119
97,O=P(OCC)(CC)SCSCSP(=O)(OCC)CC,0.253031572,0.999571286,26.370077,0.4552563565342366,0.33875932635782247
98,N#CC(=Cc1ccc(cc1Cl)Cl)C(=O)O,0.640010928,0.996015052,-3.7851171,0.4477708145008741,0.3358252880536322
99,C1=CC(C2C1C3(C(=C(C2(C3(Cl)Cl)Cl)Cl)Cl)Cl)Cl,0.402355653,0.999772072,26.496855,0.2122564257913752,0.16594503640180575
100,O1C2C1C(C3C2C4(C(=C(C3(C4(Cl)Cl)Cl)Cl)Cl)Cl)Cl,0.440549761,0.999112316,33.863686,0.1273621235397621,0.1379905013698412
101,n2cc1ncsc1c3ccccc23,0.539184713,0.228331625,-1.9931399,0.0778595606588185,0.15104025342069977
102,O=C1C=CC(=O)c2c(O)cccc12,0.645013936,0.997802614,8.87055,0.6155243253425421,0.3726642408492354
103,O=C(O)C1=Cc2ccccc2(OC1(=O)),0.691495193,0.998593658,9.142331,0.9426315921039586,0.6493724903960442
104,FC(F)(F)c1nc2c(OC)c(c(c(OC)c2([nH]1))Cl)Cl,0.913942551,0.081894096,4.643334,0.7834456327650593,0.4460580227896506
105,FC(F)(F)c1nc2c([nH]1)c(c(c(c2Cl)Cl)Cl)N(C)C,0.773518909,0.206365789,-6.4256015,0.7131978596838585,0.4441762935558449
106,O=C1C=CC(=O)N1c2ccccc2,0.596503289,0.999665314,6.259684,0.8811212293377304,0.341293339761691
107,O=C(Nc1ccc2nc([nH]c2(c1))C(F)(F)F)C,0.808115743,0.705455536,-17.45573,0.7362235818842598,0.7055021902392422
108,O=[N+]([O-])c1c2nc([nH]c2(cc(c1C)C))C(F)(F)F,0.631334041,0.032419672,9.4719,0.4678855183635445,0.34217364403298955
109,n1ccccc1c2ncccc2,0.631772953,0.996484529,1.790996,0.0363191943858684,0.1644618129258974
110,n1ccc(cc1)c2ccncc2,0.631772953,0.999256557,5.424652,0.0328618000203248,0.20658182019784746
111,O=P(OC(c1ccc(cc1Cl)Cl)=C(Br)Br)(OC)OC,0.414742722,0.938479909,16.655687,0.5575221370646931,0.5320386531439548
112,O=P(OC(c1ccc(cc1Cl)Cl)=C(Cl)Br)(OC)OC,0.463430127,0.874354202,16.795017,0.5777915573721778,0.4810481293909108
113,FC(F)(F)c1nc2ccc(cc2([nH]1))CC,0.775645812,0.01963949,1.3728279,0.1852558430021792,0.42150581359504613
114,FC(F)(F)c1nc2cc(c(cc2([nH]1))C)C,0.716282966,0.672533456,8.651622,0.0817535039231245,0.1669099521012381
115,FC(F)(F)c1nc2c(OC)ccc(OC)c2([nH]1),0.885449623,0.581221158,-19.37251,0.3945945065725258,0.3961890379669971
116,Nc1cccc2ccccc12,0.562954441,0.996383118,13.154299,0.013129296669867,0.13563657924918165
117,C13(C4(C2(C5(C(C1(C2(Cl)Cl)Cl)(C3(C(C45Cl)(Cl)Cl)Cl)Cl)Cl)Cl)Cl),0.357908484,0.999174983,46.3823,0.8148796890271663,0.28767410672623567
118,O=C(O)C(F)(F)C(F)(F)C(F)(F)C(F)(F)C(F)(F)C(F)(F)C(F)(F)C(F)(F)C(F)(F)F,0.421669137,0.999743935,29.632675,0.3219083123186976,0.6081073524423
119,O1CC2C(COC1C)C3(C(=C(C2(C3(Cl)Cl)Cl)Cl)Cl)Cl,0.572206717,0.999254607,29.471424,0.1685783232513816,0.3431366640922441
120,O=[N+]([O-])c1ccc(OP(OCC(=C)Cl)(C)=S)cc1C(F)(F)F,0.409490042,0.01385296,7.423619,0.3962790695800105,0.588583971366414
121,FC(F)(F)c1cc(N)cc(c1)n2cnc(c2)C,0.779994982,0.086739614,2.6237016,0.1742879370252818,0.19147133000783467
122,O=C(Nc1ccc2nc([nH]c2(c1))C(F)(F)F)CC,0.868543786,0.022809195,-7.4047885,0.6321891342559889,0.5653281153452703
123,O=C(N=C2Nc1ccccc1S2)CSC(=O)C,0.903165686,0.003682418,-8.731309,0.179672684481664,0.28943982309586536
124,n1c(nc(c(c1N)c2ccc(cc2)Br)C)N,0.839678671,0.987645359,-1.8165841,0.2529109066463972,0.31763518294407495
125,O=C(Oc1ccc(NC(=O)C(F)(F)Cl)c(c1)C)NC,0.841144207,0.002568762,-7.532229,0.3476594202082723,0.4611847382792331
126,FC(F)(F)c1cccc(c1)CNC2=NCCS2,0.883839041,0.006436282,16.042906,0.4867644163952336,0.11700683780471961
127,N#CC(=NOC(=O)N(C)C)c1ccccc1,0.429152818,0.032449747,2.44594,0.1000732417430932,0.27533062142497616
128,O=C(Oc2cccc1c2(ccs1))N(C)C,0.740555494,0.382441491,-0.2085588,0.0744493808361216,0.1333697133393472
129,O=C(Oc1ccccc1(OCC#C))NC,0.758919713,0.988881825,-5.249111,0.0403461388071355,0.12338405246741417
130,O=C(c1cc(nc(c1)Cl)Cl)N(CC)C2CC2,0.781538367,0.0175579,2.054676,0.0342182994997716,0.15762795673382596
131,FC(F)(F)c1cccc(c1)C2OCCNC2,0.800728455,0.033407708,-2.2899768,0.4574844131862158,0.2366762730294647
132,O=C1c2ccccc2(C(=O)N1CSP(OC)(C)=S),0.631618293,0.699621961,-1.7636371,0.3269439186909064,0.3599426975744655
133,N#Cc1ccc(OP(OCCCl)(CC)=S)cc1,0.593435923,0.006286505,9.433969,0.0101812945950997,0.08689925257361317
134,n3cnc1c(ncn1C2CC2)c3NC4CC4,0.846823443,0.005323455,4.222746,0.292918744561558,0.08622739639056021
135,OC(=NC)Oc2cccc1c2(OC(C)C1),0.565152431,0.003091139,16.02104,0.0963741395863098,0.4154043731116531
136,O=C(Oc1ccccc1C2OCCS2)NC,0.858842915,0.589997768,-6.301423,0.5459401032549919,0.13998634663347437
137,O=C(Oc1cccc2OC(Oc12)(C)C)NC,0.789694651,0.993370174,-5.497915,0.7328058215695291,0.6892182571539848
138,O=C(Oc1ccccc1C2OCCO2)NC,0.824013485,0.561512456,3.4848142,0.6012667917835439,0.40922843480369286
139,O=P(Oc1c(cc(cc1Cl)Cl)Cl)(OCC)SCCC,0.531446408,0.681573691,9.425699,0.4775697315415391,0.47597175456669155
140,O(C)P(OC)(=S)SC2c1cc(ccc1SCC2)Cl,0.705252598,0.059299916,18.633541,0.3786400301203664,0.4014972149924036
141,O=C2NN(c1ccccc1)CC2(C)C,0.728567634,0.948300231,4.5341926,0.1093885687904667,0.15045534456542736
142,N2=C(C=Cc1cccs1)N(C)CCC2,0.725611312,0.975962581,3.3709154,0.9972617776225916,0.1408082001666638
143,N2=C(NCc1ccc(cc1)C)SCC2,0.801826917,0.053094235,14.163477,0.2591077874778282,0.15125099574072262
144,N2=C(NCc1ccccc1C)SCC2,0.801826917,0.596101235,15.322902,0.3313860691134987,0.14787556603883933
145,OCC3OC(n2ccc1c(ncnc12)N)C(O)C3(O),0.527565898,0.999714435,-2.9261732,0.836321392809858,0.729402710680641
146,OCC3OC(n2cnc1c2(ncnc1SC))C(O)C3(O),0.496363037,0.998801221,-5.018087,0.701599667243476,0.7074727242612411
147,N#Cc1ccc(OP(OCC)(OCC)=S)cc1,0.743346398,0.428618711,12.902742,0.0278589545525285,0.10043502929360396
148,C(=Nc1ccc(OP(OCC)(OCC)=S)cc1)=S,0.430737623,0.711837504,19.425846,0.0356259862973597,0.13077658784073357
149,O=[N+]([O-])c1ccc(OCC)c(c1)CNCCBr,0.363636601,0.031698462,15.291995,0.0760224711455295,0.2812556620191955
150,O(c1ccc(cc1Cl)Cl)CSP(OCC)(CC)=S,0.484337285,0.425050907,8.923116,0.4179963416923731,0.38406613435081
151,O(CC)P(OCC)(=S)SCSc1cc(ccc1Cl)Cl,0.309838523,0.999423383,11.198767,0.5354761790968019,0.3615336726958091
152,O(CC)P(OCC)(=S)SCSc1ccc(c(c1)Cl)Cl,0.309838523,0.987391052,2.0740952,0.4927024613554583,0.3475528122457708
153,O(c1cc(c(cc1Cl)SC)Cl)P(OCC)(OCC)=S,0.479441334,0.942502475,14.056759,0.7840202943687874,0.4975835555557381
154,O=[N+]([O-])c1ccc(OP(OC(C)C)(CC)=S)c(c1)Cl,0.44139491,0.083894528,9.35249,0.3184419444244204,0.38438892218932114
155,O=C(Oc1cccc(N=CN(C)C)c1)NC,0.623076142,0.018495054,-2.138378,0.851042527930729,0.3152144064727838
156,O=C1N(C(=O)N(N1CC2OC2)CC3OC3)CC4OC4,0.557900356,0.996895723,9.50087,0.5770044309543426,0.14977663670291255
157,O=C(NN=Cc1oc(cc1)[N+](=O)[O-])CN2CCNCC2,0.428883684,0.79438263,7.4066005,0.2743758516526042,0.12583741543707339
158,O=C(Oc1cc(c(c(c1)C)C)C)NC,0.742959605,0.991683378,-0.5998831,0.1272329799221137,0.3200347524292439
159,O=C(Oc1cccc(c1)C(C)C)NC,0.783353649,0.988703318,-3.3396468,0.1327061521618159,0.30621954930998774
160,O=C(Oc1ccccc1CSCC)NC,0.855762848,0.242401482,2.8309507,0.2336436591321764,0.5266230063130358
161,O=C(Oc1cc(c(c(c1)C)SC)C)NC,0.786441299,0.175333959,-5.191239,0.1069179519066108,0.40627173766265745
162,O(c1cc(cc2OCOc12)CC(N)C)C,0.815168596,0.023643131,9.982228,0.1405670921013845,0.4032072357425405
163,O=C(Oc1ccccc1(OC(C)C))NC,0.829641835,0.994915065,9.386358,0.6102768159469522,0.42679548426732505
164,O=C(Oc1ccccc1C(OC)OC)NC,0.792185153,0.993985953,-17.12668,0.7759804136493932,0.47836192997645305
165,O(c1ccc(cc1)CC(N(C)C)=S)C,0.707587312,0.981526287,4.8672,0.0783327288373823,0.2112135770098388
166,O=C(ON=C1C(C)(C)SC(=NC(C)C)S1)N(C)SC(Cl)(Cl)Cl,0.263789162,0.067193206,30.039272,0.0622520037126151,0.12426061373518098
167,N=C(Nc1ccc(cc1)Cl)NC(=N)NC(C)C,0.413925148,0.987899541,7.959602,0.6559103500160289,0.39113941346409564
168,O(CC)P(CC)(=S)Sc1ccc(c(c1)C)Cl,0.698739459,0.525777945,1.6772779,0.3890708804213625,0.1968228110739879
169,O=C1NC(=O)N(C=C1(F))C(=O)NCCCCCC,0.765598914,0.998680555,-3.2024488,0.2299285644470448,0.5185494062896545
170,O=C(Oc1ccc(c(c1)N(C)C)C)NC,0.805089577,0.518536318,0.3656721,0.2684097595298907,0.5107554018548909
171,O=C1NC(=O)C(C(=O)N1)(CC)C(C=CC)C,0.553530517,0.911304228,15.594417,0.9418000413838784,0.7959089863675157
172,c1ccc(cc1)NC(NCCCC)=S,0.58748862,0.996709222,15.041564,0.0114447728363947,0.16066502833572333
173,O=C(NC(=N)NC)Nc1c(cccc1C)C,0.4281358,0.81926568,15.182002,0.1949848249050819,0.4316702077152521
174,O=C(OC(C)C)c1ccccc1(OP(OC)(N)=S),0.662952605,0.077568632,7.8205285,0.7935473900828339,0.6789197037806227
175,O=C1C=C(OP(=O)(OC)OC)C=C(N1CC=C)C,0.58636599,0.00200327,14.121695,0.0241198996950662,0.17938301548898733
176,O=[N+]([O-])c1ccc(OP(OCC)(OCC)=S)cc1C,0.435431124,0.831249668,14.133788,0.3182545895810602,0.5647238106378636
177,O=C(Oc1nc(nc(c1)C)CCC)N(C)C,0.783634332,0.019512986,2.49086,0.1004556791544443,0.3157534695487595
178,O(c1ccc(OC)c(c1)CC(N)C)C,0.793163427,0.987051455,10.047972,0.1498750488766455,0.18982130881285356
179,O=P(Oc1ccccc1)(OCC)SCCC,0.682519098,0.108064834,15.112977,0.8189292383423936,0.30905156509889214
180,O=S(c1ccc(OP(OCC)(OCC)=S)cc1)C,0.724283339,0.912432878,15.873355,0.7663936162770918,0.44116458949530263
181,O=P(Oc1ccc(cc1)S(=O)(=O)C)(OCC)OCC,0.720496319,0.492408301,6.816528,0.8151943432975942,0.46193307567695
182,O(CC)P(CC)(=S)Sc1ccccc1C,0.723674183,0.604416575,5.481896,0.5080624597581321,0.20509586499532856
183,O=C1N=C(NC(=O)C1(CC)C(C)CCC)S,0.582743519,0.998425641,13.652098,0.6590047044064392,0.3145009029182685
184,O=C1N=C(O)NC(=O)C1(CC)C(C)CCC,0.710821048,0.999271097,16.122866,0.9974828173761776,0.5226982603840805
185,N(Nc1c(cccc1C)C)=C(N)N(C)C,0.437890873,0.869013321,22.966722,0.1211967443005678,0.1676341066828557
186,O=P(Oc1ccc(c(c1)C)SC)(OCC)NC,0.636096365,0.416158972,6.6247077,0.3103643753716791,0.36905560822141287
187,O=C1C=C(OP(OCC)(OCC)=S)C=C(N1C)C,0.753119425,0.041887739,14.09709,0.652085454719408,0.4949851303211491
188,n1c(nc(cc1C)C)SP(OCC)(OCCC)=S,0.562583628,0.045844755,3.8502293,0.190012348465841,0.24151910089937823
189,O=C1C=CC=NN1CSP(OC(C)C)(OC(C)C)=S,0.719392852,0.002444351,9.098667,0.2505824647913227,0.2862277422143115
190,n1c(OP(OCC)(OCC)=S)cc(nc1N(C)C)C,0.717372195,0.272189837,13.024214,0.5089226555412459,0.4258179071945566
191,N#CC(OC(=O)C)CCP(=O)(OCCCC)C,0.381009162,0.059153902,2.836576,0.0061070994783729,0.0848773524989402
192,O=C(ON=CC(C)(C)SC)N(C)SN1CCOCC1,0.335383864,0.011432335,12.581145,0.1545859606685597,0.22683160564066812
193,O=C(O)C(NC(=O)C(NC(=O)C(N)CCP(=O)(O)C)C)C,0.346977328,0.99963244,10.466533,0.6025383948565307,0.7193639701743265
194,O=NN(C(=O)NCCS(=O)(=O)N(CCC)CCC)CCCl,0.347981747,0.994123684,15.085162,0.0832026385733916,0.42253751954894064
195,O1C2C=CC1C3C2C4(C(=C(C3(C4(Cl)Cl)Cl)Cl)Cl)Cl,0.455780647,0.999045557,26.142563,0.0875082184420974,0.1169592285532243
196,O1C2C1C3OC2C4C3C5(C(=C(C4(C5(Cl)Cl)Cl)Cl)Cl)Cl,0.471289491,0.999688904,37.39789,0.1396885116307426,0.17724347267056315
197,O=C(Oc1c2nc([nH]c2(cc(c1Cl)Cl))C(F)(F)F)N(C)C,0.85380587,0.015731414,-6.2278376,0.7560667161603272,0.5535202068923288
198,O=C1C=C(C(=O)c2cccc(O)c12)C,0.673930704,0.998490534,11.772136,0.4450222918304879,0.3888487367690859
199,O=C(c1ccc(cc1)C)CC(=O)C(F)(F)F,0.590579833,0.999107478,3.0882034,0.1820177568025868,0.2701428028837549
200,O=C1C=CC(=O)N1c2ccccc2C,0.623426465,0.994471048,7.250404,0.8741626964435828,0.40322306817415193
201,O1c3c(Oc2c1c(c(c(c2Cl)Cl)Cl)Cl)c(c(c(c3Cl)Cl)Cl)Cl,0.24684495,0.983130958,31.615974,0.8868914587692679,0.680831682747344
202,O=S(=O)(c2c1nc([nH]c1c(c(c2Cl)Cl)Cl)C(F)(F)F)N(CC)CC,0.731104758,0.04476881,9.803472,0.449845571944476,0.5347761225715957
203,O=C(Oc1cccc2ccccc12)NC,0.769567031,0.99567089,5.421242,0.8490628182946439,0.383972098996129
204,O=C(Oc1cccc2c(O)cccc12)NC,0.769853203,0.995276546,-6.601155,0.6598795011755932,0.6737720882385783
205,NC(Cc2cccc1ccccc12)=S,0.755895128,0.981016539,7.8472867,0.2238777249103204,0.37347703678466115
206,FC(F)(F)c2nc1c(cc(cc1Br)C(C)(C)C)[nH]2,0.752133197,0.057834568,-13.145804,0.1330373317967139,0.34564747587729777
207,c1ccc(cc1)c2cc[n+](cc2)C,0.577448411,0.999412205,15.873546,0.121143353675406,0.3505853082275142
208,c1cc[n+]3c(c1)c2cccc[n+]2CC3,0.53834867,0.999383326,19.70229,0.7000698626933152,0.41692015347655875
209,O=C(Oc1cccc2ccc(nc12)C)NC,0.795037149,0.401864785,-8.015816,0.5078143273058758,0.5125800531762602
210,O=P(OC(c1ccc(cc1Cl)Cl)=C(Br)Br)(OCC)OCC,0.323942535,0.969586542,13.687261,0.6393012100157321,0.6755278220522646
211,O=C1c2ccccc2(C(=O)N1C(CBr)SP(OC)(OC)=S),0.407885547,0.327243841,12.668732,0.0847869954734755,0.6994717723303813
212,N1=C(NCC1)N(c2c(cccc2Cl)Cl)CC=C,0.855010918,0.929435062,-6.813312,0.1584234672741586,0.1588642587116308
213,N=C1N=C(N)C(=NN1C(C)C)c2cccc(c2Cl)Cl,0.894150095,0.089060971,-0.16603637,0.1832441735819549,0.27629017295118397
214,FC(F)(F)c1nc2ccc(cc2([nH]1))C(C)(C)C,0.745754826,0.031665461,-2.9392896,0.138042850737029,0.32320903260126743
215,FC(F)(F)c1nc2c([nH]1)c(c(c(c2C)C)C)C,0.74713433,0.572939756,12.960518,0.1080019972588831,0.20163006356432236
216,c1ccc2c(c1)cccc2CNC,0.731868179,0.989695208,10.67389,0.0610466047189378,0.29118262061724753
217,O=C(C=Cc1ccc2OCOc2(c1))N(C)C,0.7077113,0.990265163,14.475944,0.0728098198914427,0.5742873860518691
218,O=C(Oc2cccc1c2(OC(C1(=O))(C)C))NC,0.805073362,0.993817759,4.7293587,0.561889513133954,0.7113799796813798
219,O=C2Oc1cc(OP(OC)(OC)=S)ccc1C(=C2)C,0.638837541,0.894060613,13.891099,0.2324472706673322,0.6843946772097677
220,O=C(OCC(C)C)COc1ccc(cc1Cl)Cl,0.771665743,0.997895011,-7.7116,0.144646609696997,0.39781883127225587
221,O=P(OC(=CCl)c1cc(ccc1Cl)Cl)(OCC)OCC,0.460592567,0.488581498,8.840622,0.7744494644728163,0.6606699903908687
222,O=[N+]([O-])c1ccc(OP(OCCCCCl)(C)=S)cc1C(F)(F)F,0.205792281,0.05008464,13.654599,0.1088137920325733,0.6473510163666901
223,O=C(Oc2ccc(c1c2(OC(C)(C)C1))Cl)NC,0.839441617,0.983143457,-6.923165,0.1024443620754099,0.5273394438923604
224,c1c[n+](ccc1c2cc[n+](cc2)C)C,0.587040271,0.999655414,20.147106,0.836287247750012,0.6366551618048331
225,N1=C3N(CC1)CCc2ccccc2C3,0.599233734,0.991422627,-6.079268,0.3209573869945322,0.2935150341408451
226,Nc1ccc2c(c1)[nH]c3c2CCCC3,0.61004584,0.266385532,11.772028,0.1938546948065588,0.18581035939172003
227,O=C(Oc1ccccc1N(C)CC#C)NC,0.78111968,0.326212907,-7.06082,0.0157165742356243,0.09132241616390477
228,O=[N+]([O-])c1cc(c(O)c(c1)C2CCCCC2)[N+](=O)[O-],0.666993001,0.987192541,4.489857,0.2270607613822383,0.3556806829957397
229,O=C(Oc1c(cc(cc1C(C)(C)C)[N+](=O)[O-])[N+](=O)[O-])C,0.364290862,0.862611333,13.263476,0.1378029453523577,0.49291902385515585
230,n1c(nc(c(c1N)c2ccccc2)CC)N,0.799548104,0.999669195,6.050101,0.5696520221086628,0.3272632378944761
231,n1cccc2cc(OP(OCC)(C)=S)ccc12,0.792153351,0.003007618,-4.7767186,0.3019886741400332,0.4117201571474098
232,O=C1c2ccccc2(C(=O)N1CSP(OC)(OCC)=S),0.590068934,0.544488702,6.6713347,0.0613586408300858,0.47729524045975236
233,C#CCCC#CC#CCCCCO,0.506409628,0.995461627,18.489765,0.0391450940538892,0.26539941913420895
234,O=C2Oc1cc(ccc1N2CSP(OCC)(OCC)=S)Cl,0.682262114,0.995118796,-3.7283921,0.183141059132904,0.30410496200014797
235,O=C2Oc1cc(ccc1N2COP(=O)(OCC)OCC)Cl,0.721339854,0.994749351,-7.5599594,0.491733761745897,0.49353705905438633
236,n1cc(nc2ccccc12)OP(OCC)(OCC)=S,0.762651885,0.873444876,5.654422,0.1849807197117361,0.4320100187760624
237,n3cnc1c(ncn1CC2CC2)c3NC4CC4,0.868333886,0.013178265,5.530538,0.1109183740209279,0.10496341144599337
238,O=C(N1CCOCC1)SCc2ccccc2,0.790588811,0.099787403,-11.306216,0.1739501638216834,0.16031022538353623
239,O=C(Oc1ccccc1C2SCCS2)N(C)C,0.824195425,0.719026514,-0.20730078,0.5535089714987166,0.12576031672802318
240,O=C(Nc1ccc(OCC)cc1)CC(=O)C,0.773573181,0.998677685,-1.5250674,0.663967263381788,0.35788239711835335
241,O=C(Oc2cccc1c2(OC(C)(C)C1(O)))NC,0.778256573,0.99267828,-3.3765564,0.1581427489465227,0.7251737049324535
242,O=C(Oc1ccc(c2OC(Oc12)(C)C)C)NC,0.81324616,0.991170867,2.8725019,0.6062977812508136,0.7020191985965575
243,O=C(Oc1ccccc1C2OCC(O2)C)NC,0.852263505,0.229670623,-1.2407303,0.7256378820634622,0.4066615059442783
244,O=C(Nc1cc(c(cc1(OC))S(=O)(=O)O)C)CC(=O)C,0.623712188,0.146733234,5.105216,0.6133074274862974,0.5752369535429703
245,O=[N+]([O-])c1ccc(OP(=O)(OCC(C)Cl)OCC(C)Cl)cc1,0.276870156,0.641799896,2.8529544,0.5747974534498482,0.6538924492941642
246,O=[N+]([O-])c1ccc(OP(=O)(OCCCCl)OCCCCl)cc1,0.18843137,0.898261124,21.028797,0.2597501760157372,0.5941023820646564
247,O=C(Oc1cc(ccc1Cl)C(C)CC)NC,0.878670433,0.047066222,-7.9288797,0.1186891918626444,0.42146779193730344
248,FC(F)(F)c1cccc(c1)CC(NCC)C,0.838359775,0.999579378,13.284202,0.4053520564231471,0.4146711233643983
249,NC(Cc2c[nH]c1ccccc12)CC,0.762899609,0.996152161,-9.337984,0.084225806056914,0.4380980274206642
250,Nc1ccc2NC3CCCCC3(c2(c1)),0.614249005,0.088731118,0.46782243,0.225967121181139,0.18782868023383936
251,N2=C(Nc1c(cccc1C)C)SCCC2,0.785610144,0.937449775,19.06115,0.5895392587747939,0.28252880250446033
252,n1cn(nc1OP(OCC)(OCC)=S)c2ccccc2,0.732560643,0.004251474,8.002604,0.1252723669838138,0.25962415674233497
253,O=C2Oc1ccccc1N2CSP(OCC)(OCC)=S,0.721990181,0.994876932,-1.8597659,0.0938260423346817,0.2873395666236041
254,O(CCCC)C(c1ccccc1)CBr,0.553691043,0.471614109,6.2035975,0.0696926848976334,0.1894622222895807
255,O(C(c1ccccc1)CBr)C(C)CC,0.725833305,0.300121482,4.565538,0.0742503991843361,0.14875246946892845
256,O=NN(C(=O)NCCS(=O)(=O)NCc1ccccc1)CCCl,0.394558463,0.81888454,13.824118,0.0335930024038314,0.18230084234163
257,O=C(Oc1ccc(N=CN(C)C)c(c1)C)NC,0.64308653,0.014746676,-7.4980526,0.2980998890257619,0.24797305006981335
258,N#CNC(=NC(C)(C)CC)Nc1cnccc1,0.361473663,0.006152447,14.560241,0.166960275057222,0.10147203702228536
259,n1cc(c(c2c1nc(nc2(N))N)C)C(C)CC,0.824580129,0.002473725,5.3856583,0.0817927201675497,0.23249539154028498
260,O=C(c1ccc(N)cc1)CCCCC,0.441367985,0.992724735,15.578731,0.0530831995826285,0.5644821121174945
261,O=C(Oc1cc(ccc1C)C(C)C)NC,0.809393513,0.971992681,-5.9098115,0.1311605458305866,0.40910907318667905
262,O=C(Oc1ccccc1CCCSC)NC,0.802843322,0.139976366,4.25739,0.2424760419403982,0.5189730399358812
263,O=C(c1ccc(O)c(OC)c1)N(CC)CC,0.847498348,0.997123753,-4.3466964,0.1039489698513935,0.2995393983855642
264,O=C(OCC)C(c1ccccc1)SP(OC)(OC)=S,0.565452212,0.824901739,17.031076,0.4246953760724848,0.5874148473939579
265,C1=CCCC=CCCC=CCC1,0.472025009,0.999234919,24.961899,0.026108705755671,0.11678920476580137
266,O=C(Oc1cccc(c1)N(CC)CC)NC,0.8491573,0.025121884,-4.503327,0.8527515488907157,0.7486558735994124
267,O=C(Oc1cc(c(c(c1)C)N(C)C)C)NC,0.832680877,0.557329234,-5.817037,0.3617216233216884,0.43329523429392697
268,O=C1N=C(O)NC(=O)C1(CC=C)C(C)CCC,0.563156144,0.99936987,13.945115,0.0901162590556188,0.47560845384255906
269,O=C1N(C(=O)C(N1CC2OC2)(C)CC)CC3OC3,0.519667267,0.065800079,14.193027,0.0235342057599477,0.11715176917961194
270,O=C(ON=C1CSCCS1)N(C)SSN(C(=O)ON=C2CSCCS2)C,0.25288052,0.084473728,35.161392,0.135777064380179,0.3266704665883865
271,O=[N+]([O-])c1cc(cc(c1N(CCC)CCC)[N+](=O)[O-])S(=O)(=O)N,0.556270161,0.997384335,9.3660555,0.2025042119533785,0.6277881404501883
272,O=S(=O)(c1ccc(OP(OC)(OC)=S)cc1Cl)N(CC)CC,0.637744022,0.008002576,13.7888565,0.1006433417022635,0.5728183658645479
273,O=P(n1nc(nc1(N))c2ccccc2)(N(C)C)N(C)C,0.862845745,0.151427469,-4.9920053,0.570214418662257,0.3395172284470447
274,O(CC)P(OCC)(=S)SCSCc1ccccc1,0.364161419,0.999544626,4.022373,0.4430061493887022,0.3604399917248252
275,O(c1ccc(c(c1)C)SC)P(OCC)(OCC)=S,0.549896462,0.999479862,14.709479,0.6846374084718302,0.5020578011232423
276,O=C1C=C(C(=NN1CSP(OC(C)C)(OC(C)C)=S)Cl)C,0.676759864,0.005519469,3.8042426,0.1631121837793128,0.29798949681593545
277,O=C1C=C(OP(=O)(OCC)OCC)C=C(N1CC)C,0.721943881,0.158485815,11.4166155,0.5928015318382894,0.478382949470267
278,n1c(OP(OCC)(OCC)=S)cc(nc1C)CCC,0.685992029,0.13760755,14.051387,0.2043709736837591,0.39646120579544303
279,O=C1C=CC(=NN1CSP(OC(C)C)(OC(C)C)=S)C,0.712134607,0.002304189,6.035297,0.1010724972899244,0.3171977964461076
280,O=C1C(OC)=C(OP(=O)(OCCC)OCCC)C=NN1C,0.643825586,0.01357408,12.549042,0.4062620736841129,0.5250489102306617
281,O=C1C(OC)=C(OP(=O)(OC(C)C)OC(C)C)C=NN1C,0.710870478,0.00199014,14.777953,0.5849047050607971,0.641106922207955
282,O=C(ON=C1N(C(=O)C(C)(C)S1)C)N(C)SSC(C)(C)C,0.336017848,0.00261676,19.886791,0.176883293161932,0.40498489832390183
283,O(CC)P(OCC)(=S)SC1CCC2C=CCC1S2,0.522909061,0.011966624,8.097042,0.1395552195988869,0.2943907730971126
284,O=C(N(CC=C)CC=C)CSP(OCC)(OCC)=S,0.431107267,0.513250725,-0.6740062,0.0195313858637176,0.18542561407844863
285,O=C(OC1CC(C)CCC1C(C)C)C,0.637482541,0.999845598,-9.659331,0.0533290187890219,0.24740827971224472
286,O=C(OC1CC(C)CCC1C(C)C)NC,0.765652216,0.997356713,-11.163665,0.1091029149147237,0.19784038785643776
287,O(C)P(OC)(OC2C(C)(C)C1CCC2(C)(C1))=S,0.732264907,0.044073168,12.923718,0.0581869820369791,0.1702922465940729
288,O=C(OCSC)CC(C(=O)OCSC)SP(OCC)(OCC)=S,0.250088932,0.721303533,15.884103,0.7125987754342099,0.7886949580706784
289,O=C(OC(C)C)CC(C(=O)OC(C)C)SP(=O)(OC)OC,0.466754125,0.876013605,19.232275,0.8613008190816968,0.8281520512138021
290,OCC(O)C(O)C(OC1OC(CO)C(O)C(O)C1(O))C(O)CO,0.202980399,0.999835534,26.007502,0.952904368577714,0.9037305800075528
291,O=C(ON=C(C)SC)N(C)SN(C(C)C)P(=O)(OCC)OCC,0.145352971,0.082230269,11.455993,0.3939683576074184,0.6194270871357583
292,OCC(N)CCCCCCCCCC,0.533858397,0.999795709,12.525448,0.0085608041810364,0.1915581925090932
293,O=P(SCCCC)(SCCCC)SCCCC,0.294337134,0.999764523,31.392212,0.3031162853928371,0.4235309551405508
294,O1c3cc(c(c(c3(Oc2cc(c(c(c12)Cl)Cl)Cl))Cl)Cl)Cl,0.369667116,0.998346741,20.703308,0.8847080526445795,0.6142440893792351
295,O1c3cc(c(cc3(Oc2c1c(c(c(c2Cl)Cl)Cl)Cl))Cl)Cl,0.291899251,0.99902602,21.601206,0.8755825993068784,0.6205043886651291
296,o2c1cc(c(cc1c3cc(c(c(c23)Cl)Cl)Cl)Cl)Cl,0.407715413,0.853619047,11.63906,0.646736508335971,0.49665458968371856
297,O1c3cc(c(cc3(Oc2c1cc(c(c2Cl)Cl)Cl))Cl)Cl,0.410020742,0.99862496,17.226969,0.8762423132832141,0.5328062112933235
298,O1c3cccc(c3(Oc2c1c(c(c(c2Cl)Cl)Cl)Cl))Cl,0.323763576,0.956621574,16.905235,0.7979317960972406,0.3500727128993941
299,O(c1cc2c(cc1(OC))C(NCC2)CC4CC5c3cc(OC)c(OC)cc3CCN5(CC4(CC)))C,0.605683813,0.977057894,7.678743,0.7339821191107777,0.4921385464629083
300,N#Cc1nn(c(N)c1S(=O)(=O)C(F)(F)F)c2c(cc(cc2Cl)C(F)(F)F)Cl,0.694645894,0.036038312,8.602065,0.0580554427676317,0.1161147141390447
301,O1c3cc(c(cc3(Oc2cc(c(cc12)Cl)Cl))Cl)Cl,0.490572253,0.999784752,23.346495,0.877949615161946,0.5340012001597413
302,O=[N+]([O-])c1cc(cc(c1(O))c2cc(cc(c2(O))[N+](=O)[O-])Cl)Cl,0.64170509,0.995737546,10.723701,0.8603790331185485,0.6256710488315441
303,O=C2C(=O)c1ncccc1c3cccnc23,0.618368441,0.998676171,18.505758,0.598790102373056,0.48990572097053225
304,C1=CC2CC1C3C2C4(C(=C(C3(C4(Cl)Cl)Cl)Cl)Cl)Cl,0.311830458,0.999773238,28.374115,0.0999645260014734,0.0898938636842903
305,O1C2C1C3CC2C4C3C5(C(=C(C4(C5(Cl)Cl)Cl)Cl)Cl)Cl,0.342677786,0.999712972,34.033108,0.0707296714016861,0.0863465590357859
306,OC2C3C1OC1C2C4C3C5(C(=C(C4(C5(Cl)Cl)Cl)Cl)Cl)Cl,0.386222174,0.998378321,29.90064,0.0725006283544031,0.11800471570303883
307,O=C1C(=C(C=NN1c2cccc(c2)C(F)(F)F)NC)Cl,0.927639679,0.173628933,-4.0013537,0.2705791309832461,0.4824684594318299
308,O1c3cc(c(c(c3(Oc2c1c(c(c(c2Cl)Cl)Cl)Cl))Cl)Cl)Cl,0.267240882,0.997913065,22.219078,0.878621601818426,0.6116157060757569
309,O(c1cc(c(cc1Cl)Br)Cl)P(OC)(c2ccccc2)=S,0.494170358,0.648899269,9.929775,0.5250807367286284,0.4759902810148867
310,O=[N+]([O-])c2ccc(OP(=O)(c1ccccc1)CCl)cc2,0.364575827,0.638675506,3.2137837,0.1056046647921777,0.48464583359319935
311,O=NC2C=CC(=NNC(=O)c1ccccc1)C=C2,0.649312905,0.123013312,25.391901,0.148929242207902,0.2175834459577733
312,O=C(Nc1nccs1)C3=C(O)c2ccccc2S(=O)(=O)N3C,0.867713335,0.998280923,-4.045134,0.9718052445690876,0.43680644069581154
313,N(=CNc1ccccc1)c2ccccc2,0.589688233,0.994946324,6.3402023,0.121741972822916,0.12889060055110405
314,O=[N+]([O-])c2ccc(OP(Oc1ccccc1)(C)=S)cc2,0.474540558,0.998408908,-2.4743516,0.1946518036388908,0.5267108485802047
315,n2c(N)c(c3[nH]c1ccccc1c3(c2C))C,0.600344367,0.911742281,11.889031,0.073574584072321,0.1363520531539097
316,O=C(NNCc1ccccc1)c2ncccc2,0.778483947,0.702547941,-1.6557319,0.3273075801819556,0.24701789264199886
317,O=C(Nc1ccccc1)c2cc(oc2C)C,0.835676686,0.985247686,4.1743546,0.1610842867598315,0.24179072838036783
318,O=P(Oc1ccccc1)(Oc2ccccc2)C,0.767844647,0.99743732,11.783598,0.537112124179818,0.2976939534353652
319,O=C(Oc2cccc1c2(OC(C)(C)C1))N(C)SC(Cl)(Cl)Cl,0.553144999,0.816071589,20.20123,0.3010525475792023,0.48494140136218605
320,O=NC(N)C(Oc1cccc2ccccc12)C,0.821005891,0.026074118,7.839084,0.4156927945899317,0.10142374377829835
321,Oc1ccc(N)cc1Cc2cc(N)ccc2(O),0.467689144,0.997604199,9.702806,0.6088787683728002,0.5087264626497892
322,C#CCN(C)CCCOc1ccc(cc1Cl)Cl,0.581496036,0.310461305,-3.2772093,0.0116976545062028,0.12988043166102306
323,C#CCN(C)C2c1ccccc1CC2,0.638640913,0.943045433,-5.444749,0.5199001661173838,0.4589897125883846
324,O=C(Oc1ccccc1C2OCC=CCO2)NC,0.814447456,0.493052249,1.860459,0.7116442501404431,0.42890564183998825
325,O=C1Oc2ccccc2(C=C1(OP(OCC)(OCC)=S)),0.600910126,0.754428061,10.390994,0.1635570795636025,0.7134408037715987
326,O=C(Oc1cccc(c1)C(C)C)NCC(=O)CCl,0.836425934,0.005798806,-9.4082365,0.6531428339138018,0.6751992917871871
327,Nc1ccc2c(c1)c3c(n2C)CCCC3,0.651094179,0.447444802,9.148127,0.0635450839850326,0.1293974310717449
328,O=C(Oc1c(cc(c(c1[N+](=O)[O-])C)[N+](=O)[O-])C(C)(C)C)C,0.366419237,0.904063895,12.134606,0.1704420304402792,0.640677622968826
329,O(NP(OCC)(C)=S)c1cccc2ccccc12,0.668441739,0.274841743,3.8373246,0.3827634390442083,0.19270289193678236
330,O=C1c2ccccc2(C(=O)N1CSP(OCC)(CC)=S),0.591600079,0.173396217,-0.25022924,0.0618324026482635,0.42593398407903693
331,n1oc(cc1OP(OCC)(OCC)=S)c2ccccc2,0.719699148,0.779409982,16.013016,0.0690013421165068,0.2569353775942701
332,O=C1c2ccccc2(C(=O)N1CSP(OCC)(OCC)=S),0.558377809,0.790641782,0.37191844,0.0940839088263459,0.5458634476032389
333,O=C1c2ccccc2(C(=O)N1CSP(OC)(OC(C)C)=S),0.582569971,0.178968711,7.4931636,0.0709299051776072,0.5333120003739972
334,O=C1c2ccccc2(C(=O)N1CSP(=O)(OCC)OCC),0.56504216,0.233125398,5.844877,0.2408134308501854,0.5843069040387399
335,O=S(=O)(NC(O)=NC1CCCCC1)c2ccc(cc2)Cl,0.664502849,0.665322876,2.415697,0.5258973215239173,0.4313330966280583
336,N3=C(Nc1cccc2c1CCCC2)NCC3,0.750769897,0.985625105,-8.4266615,0.7219901698727478,0.28930672094668286
337,O=C(Oc1ccccc1C2SCC(C)S2)N(C)C,0.828958346,0.064241797,0.9641453,0.2411731526328187,0.11997397530419689
338,O=C(Oc2cccc1c2(OC(C)(C)CC1))NC,0.813188043,0.990609013,-3.4280224,0.3814194510036074,0.6852546343315924
339,O=C(Oc1ccccc1C(C=C)COC)NC,0.796634864,0.102227604,-10.01914,0.0442123890497255,0.2188610789959326
340,O=C(Oc2ccc(c1c2(OC(C)(C)C1))C)NC,0.812824203,0.989137973,-4.8739176,0.1869332924769381,0.5336497598915221
341,O=C(Oc2cccc1c2(OC(C)(C)C1))N(C)SC,0.77176667,0.996997352,12.353688,0.225732033424461,0.5790202580818467
342,O=C(Oc1cccc2OC(Oc12)(CC)CC)NC,0.896918645,0.989988359,-0.85808426,0.5665491744707475,0.7512710380919898
343,O=C(Oc1ccc(cc1)C)C=C(OP(=O)(OC)OC)C,0.263983689,0.086471094,13.987004,0.5549741975980466,0.28182545721968494
344,O=C(OCc1ccccc1)C=C(OP(=O)(OC)OC)C,0.333431119,0.365101787,15.969489,0.3507149271119598,0.43446874391880297
345,O=C(Oc1ccc(OC)cc1)C=C(OP(=O)(OC)OC)C,0.251409214,0.359856258,16.280846,0.3697671282731534,0.2703047660906791
346,O(CC)P(OCC)(=S)SC2c1cc(ccc1SCC2)Cl,0.57925008,0.085941377,9.413474,0.4812771505639737,0.39092934955798525
347,O=C(Oc1ccc(NC(=O)OC)c(c1)C(C)C)NC,0.881451162,0.13839272,5.8423133,0.5923373947844092,0.45670871454291645
348,O=C2c1[nH]c(nc1N(C(=O)N2CC=C)CC(C)C)C,0.836568989,0.007213355,-12.708056,0.0149930908165879,0.1510470251441695
349,N#CN=C(Nc1ccncc1)NC(C)C(C)(C)C,0.476342634,0.994492506,-10.427279,0.9979796440467448,0.8245794973195663
350,O=C(C)CNC(C)(C)Cc1ccccc1,0.797999051,0.995837688,6.301836,0.7334721270842967,0.5225709514466407
351,O=C(c1ccccc1)C(N(CC)CC)C,0.688599384,0.999927477,2.2100177,0.7831839103197513,0.4320187068992989
352,O=C(Oc1cccc(c1)C(C)CCC)NC,0.846673701,0.066563314,-1.0162581,0.5539314692932461,0.5050147447648822
353,O=C(Oc1ccc(c(c1)C(C)CC)C)NC,0.850597728,0.063244343,-6.9646287,0.3616115364874622,0.6254184883101237
354,O=C(OC(C)C)C(c1ccccc1)SP(OC)(OC)=S,0.555996955,0.218992664,16.07928,0.7451141860858302,0.7104462857168488
355,OC(C)CNC(C)(C)Cc1ccc(cc1)Cl,0.830866685,0.621755526,2.5958366,0.9060677595809064,0.4833947079479506
356,O1CCN2CCO[Si]1(OCC2)CNc3ccccc3,0.835383206,0.071398509,-5.5830913,0.5858012946919465,0.43003393020769104
357,O=P(Oc1ccc(cc1)SC)(OCCC)OCCC,0.486430534,0.527264368,11.785833,0.8196375922243632,0.6114926375721537
358,O=S(c1ccc(OP(OCCC)(OCCC)=S)cc1)C,0.640426694,0.776300053,13.078282,0.6852985004845586,0.48862082699761433
359,O=C1NN=CC(OP(=O)(OCC(C)C)OCC(C)C)=C1(OC),0.692813862,0.002664436,5.936724,0.5255821174523422,0.38792064400963366
360,NCCCCCCCCCC(C)(C)C,0.584859321,0.999484947,18.010456,0.056175231788256,0.35504091935418114
361,O=C(Nc1nc(c(Cl)s1)C(F)(F)F)c2cc(cc(c2)C(F)(F)F)C(F)(F)F,0.570592673,0.194806193,8.937106,0.4738457466322359,0.23851452486603172
362,O=[N+]([O-])c2cc(c(Nc1c(cc(cc1Br)Br)Br)c(c2)C(F)(F)F)[N+](=O)[O-],0.335786042,0.992080186,8.494411,0.0993015939548065,0.27912827271376744
363,Oc1c(c(cc(c1Cl)Cl)Cl)Cc2c(O)c(c(cc2Cl)Cl)Cl,0.550692991,0.959188053,3.491581,0.9692434114189008,0.7961698990069235
364,O=[N+]([O-])c2ccc(NS(=O)(=O)c1ccc(c(c1)C(F)(F)F)Cl)c(c2)Cl,0.578192835,0.084556333,7.2276797,0.0875115122019671,0.2119662814911382
365,c1cc(ccc1C(c2ccc(cc2)Cl)(Cl)Cl)Cl,0.62685728,0.999421437,15.677184,0.8869116641343648,0.4511252832320275
366,O=C(O)c2cccnc2(Nc1cccc(c1)C(F)(F)F),0.903424529,0.999704145,1.4095243,0.5081425636191571,0.5352339594394021
367,O=S(=O)(N=C(O)N=C1N=C(N=C(OC)N1)C(F)(F)F)c2ccccc2C(F)(F)F,0.422687117,0.043932291,-2.2958832,0.0726340261908771,0.5438350173457659
368,O=C(O)c2ccccc2(Nc1cccc(c1)C(F)(F)F),0.888224817,0.999515576,-6.4069915,0.5515274729935785,0.4347916244721641
369,O=C(O)c2ccccc2(Nc1c(ccc(c1Cl)C)Cl),0.859404484,0.999731158,10.574903,0.9980104987573852,0.8606514614321681
370,O=C(O)Cc2ccccc2(Nc1c(cccc1Cl)Cl),0.880728539,0.999651265,6.4520907,0.9994614131662112,0.8776871124621239
371,Oc1c(cc(cc1Sc2cc(cc(c2(O))C)Cl)Cl)C,0.802699735,0.998030614,15.13436,0.9342470463873576,0.7263566305797615
372,O=C(O)c2ccccc2(Nc1cccc(c1C)Cl),0.874854523,0.999879422,0.7859014,0.9410887325038396,0.7667474457163996
373,O=C1c3cccc2cccc(C(=O)N1(OP(=O)(OC)OC))c23,0.635963039,0.527748594,13.212694,0.6059608718793762,0.5821146507412458
374,N=C(NP(Oc1ccc(cc1)Cl)(Oc2ccc(cc2)Cl)=S)C,0.425174921,0.668566396,8.876973,0.7998173285393079,0.282770247528034
375,O=[N+]([O-])c2ccc(OP(Oc1ccc(cc1)[N+](=O)[O-])(OCC)=S)cc2,0.377437445,0.998881048,15.5318,0.1115210850666881,0.5583743520126055
376,O=S(c3ccc(c1nc2ccncc2([nH]1))c(OC)c3)C,0.80273178,0.00843232,-13.985208,0.2897246514774997,0.3020811590147877
377,n1ccn(c1)CC(OCC=C)c2ccc(cc2Cl)Cl,0.749446134,0.981997622,-11.657589,0.0787578394667593,0.14329679457714467
378,O=C1OCCC1N(c2cccc(c2)Cl)C(=O)C3CC3,0.798382405,0.006284525,-17.390297,0.2502935682110136,0.14840087302997382
379,Nc1ccc3c(c1)c2ccccc2n3CC,0.613054777,0.869477646,10.17445,0.0459704644844496,0.15942318746400735
380,O=C(O)C(c1ccc2cc(OC)ccc2(c1))C,0.881077808,0.999914727,8.025508,0.9986223147128996,0.8419591282740553
381,O=C2Oc1cc(OP(=O)(OCCCl)OCCCl)ccc1C(=C2)C,0.389475297,0.326014889,11.523386,0.5871410329064443,0.7315606961484604
382,N(=Nc1ccc(cc1)N(C)C)c2ccccc2,0.72038444,0.998251757,7.040426,0.2361788122640837,0.20491205063174917
383,O=[N+]([O-])c3cnc1ccccc1c3(N=C(N)N2CCOCC2),0.388899495,0.325380302,-11.181024,0.7524015522598716,0.192531748887934
384,O2c3ccc(C=CC(N1CCOCC1)=S)cc3(OC2),0.610076016,0.056071727,9.040985,0.0482599617153854,0.38151664793299245
385,O=P(OCC)(Sc1ccccc1)Sc2ccccc2,0.637785168,0.951057279,8.557577,0.3116536445007464,0.4902188763317354
386,O=C(C(Oc1ccc(cc1)Cl)n2ncnc2)C(C)(C)C,0.868848083,0.25168205,-2.2801664,0.0561688659600999,0.33201422364672617
387,O=C3NC(C(=O)NC2CC2(c1ccccc1))CC3,0.830952248,0.569331954,-20.051327,0.0971624661390694,0.15975853132798346
388,O=C(O)Cc1ccc(c(c1)Cl)C2CCCCC2,0.882433076,0.055291811,-3.5897036,0.9569770631449293,0.717172461126283
389,O=C(OC2CN1CCC2(CC1))c3ccccc3,0.72843419,0.105528182,5.741704,0.9275192003617514,0.5275907309830778
390,O=C2Oc1cc(OP(OCC)(OCC)=S)ccc1C(=C2)C,0.594040438,0.997928308,10.673528,0.4792850666426957,0.6069579036245021
391,N1=C(NC(C)(C)C1)C(OCC)c2ccc(c(c2)Cl)Cl,0.916114732,0.008199301,-13.935034,0.2962685283250679,0.18463053023886142
392,O=P(Oc1cnn(c1)c2ccc(cc2)Cl)(OCC)SCCC,0.606003266,0.033629357,4.2176332,0.0344492806483547,0.23967236925279045
393,O=C(Oc1c(cc(cc1C(C)CC)[N+](=O)[O-])[N+](=O)[O-])OC(C)C,0.335544429,0.205273135,12.428054,0.1696924278805406,0.32810969830255887
394,n2c1ccccc1c(OP(OCC)(OCC)=S)cc2C,0.747072664,0.17468212,5.9999475,0.5463466333443773,0.40096412157902483
395,O=C1c2ccccc2(C(=O)N1CSP(OCC(C)C)(C)=S),0.583473603,0.102504443,-8.768667,0.0585865501779999,0.5645643075749603
396,O=C1c2ccccc2(C(=O)N1CSP(OCCC)(CC)=S),0.557565631,0.031070295,1.0072471,0.0470345910374583,0.46416600459560475
397,O=C(O)CCCc1ccc(cc1)N(CCCl)CCCl,0.711060778,0.999856953,16.52174,0.9981156351943596,0.8402822978462533
398,O=C(OC2C(O)CNC2(Cc1ccc(OC)cc1))C,0.77608696,0.986767538,-8.677405,0.5877989893579675,0.609261744963873
399,O=C(Oc1ccccc1(OC(C)C))NCC(=O)COC,0.824274598,0.995685923,9.702865,0.733795024593682,0.5970172493548971
400,c12(c(c(c(c(c1Cl)Cl)Cl)Cl)C[N+](C)(C2)CC[N+](C)(C)C),0.425096965,0.972293189,6.0660067,0.8544067682948383,0.7608440355142718
401,O=C(OCCF)C(c1ccccc1)SP(OCC)(OCC)=S,0.455119172,0.118582249,5.863992,0.5846005958031414,0.3235044593090092
402,O=C(Oc1cc(c(OC(=O)NC)cc1C)C(C)C)NC,0.891723125,0.571531116,-10.475545,0.6367271809920655,0.5849445280952453
403,N#CCCSC(=NOC(=O)N(C)SSN(C(=O)ON=C(C)SCCC#N)C)C,0.092495813,0.154590865,44.80745,0.0263538922203986,0.155974464956405
404,O=C(NCCN(C)C)C(Oc1ccc(cc1)Cl)(C)C,0.870478507,0.994664594,-14.884459,0.3856163949408518,0.5035492535828995
405,O=C(Nc1c(cccc1C)C)CN2CCNCC2,0.841850731,0.323881263,7.017839,0.636611714025957,0.33424265346130266
406,Oc1cccc(c1)C2(CN(C)CC2)CCC,0.844663981,0.779536055,2.1837893,0.8971162987488349,0.5129217951268913
407,O=C(Oc1cc(cc(c1)C(C)C)C(C)C)NC,0.86800836,0.37187891,13.664808,0.4712972021287466,0.6663522523556298
408,O=[N+]([O-])c1cc(c(O)c(c1)C(C)(C)C)C(C)(C)C,0.607890519,0.997807094,6.7065854,0.5699497106143135,0.31893089661681284
409,O=C(Oc1c(ccc(c1N(C)C)C)C(C)C)NC,0.896483634,0.027900041,-6.836889,0.5161289008893265,0.5406893195010933
410,O(CC)P(CC)(=S)Sc1ccc(cc1)C(C)(C)C,0.670035314,0.978527849,-0.3938998,0.7821008413839875,0.47516851757600503
411,O=[N+]([O-])c1cc(c(c(c1)C(F)(F)F)N(c2ccc(cc2Br)Cl)C)[N+](=O)[O-],0.436209468,0.226177565,4.5210295,0.0800969442260483,0.26998060226313264
412,O=[N+]([O-])c1cc(c(c(c1)C(F)(F)F)N(c2ccc(cc2Cl)Cl)C)[N+](=O)[O-],0.483877734,0.790305895,-0.3965553,0.160131141852089,0.2761813222403149
413,O=[N+]([O-])c1cc(c(c(c1)C(F)(F)F)N(c2ccc(F)cc2(F))C)[N+](=O)[O-],0.442407702,0.073822522,9.9226885,0.2195248338107883,0.32924928367377826
414,O=C(O)Cc2cc(c(Oc1cc(c(O)c(c1)I)I)c(c2)I)I,0.421303875,0.996793973,14.697602,0.9153898906905495,0.8202041108536615
415,c1cc(ccc1C(c2ccc(cc2)Cl)C(Cl)(Cl)Cl)Cl,0.540334122,0.999813433,17.131838,0.9267766327911684,0.6839825284738755
416,O=C1c3ccccc3(N=C(N1c2ccc(cc2)Br)C),0.689188211,0.565337246,4.1318874,0.6594663862408091,0.41437888353589425
417,O=C(OCc1c(F)c(F)c(F)c(F)c1(F))C2C(C=C(Cl)Cl)C2(C)(C),0.313101802,0.97413914,17.004726,0.0665582650382016,0.23834999025492004
418,O=C(O)c1cc(ccc1(OC(=O)C))c2ccc(F)cc2,0.689598007,0.997370942,-10.787636,0.8851564791200257,0.7764337427212522
419,O=C(O)C(c1ccc3c(c1)[nH]c2ccc(cc23)Cl)C,0.736403991,0.998426473,4.025435,0.9976622280559077,0.48328161770350875
420,O=C2C(=Cc1cccnc1N2c3ccccc3)C,0.650766087,0.066401258,-0.6142837,0.8800091200267897,0.4615939871475191
421,O=C(O)C(c1ccc(c(F)c1)c2ccccc2)C,0.893750443,0.999781966,11.766274,0.999176038299333,0.841363515595849
422,O=C(N)c1ccc(cc1)NC(=O)c2ccc(OC)c(c2)[N+](=O)[O-],0.644183932,0.262862317,-6.6543,0.2871244704544691,0.47370348737155316
423,O=C(O)C(c2ccc3Oc1ncccc1Cc3(c2))C,0.764394639,0.052326779,7.932182,0.9394284594572574,0.570046321562282
424,O=C(O)CN2C(=O)C(=CC(=Cc1ccccc1)C)SC2=S,0.6829097,0.212757987,13.417429,0.4239178836082658,0.660602637105095
425,O=S(=O)(N)c3cc1c(N=C(NS1(=O)(=O))CSCc2ccccc2)cc3Cl,0.751933884,0.999209842,8.021103,0.949212205082156,0.5161007533048536
426,O=C(O)c1ccc(cc1)CCc3c[nH]c2NC(=NC(=O)c23)N,0.577765703,0.018011948,0.93637884,0.8651183213100516,0.6575550740213172
427,N#Cc2ccc(OP(OCC)(c1ccccc1)=S)cc2,0.791391421,0.014596475,-2.6248987,0.0127471428947573,0.07456413595634101
428,N#Cc1cc(c(OC(=O)CCCCCCC)c(c1)I)I,0.229981946,0.457327055,16.185701,0.0144222811955268,0.10405104381462152
429,Oc1ccc(cc1CN(C)C)c2ccccc2,0.870475846,0.189507591,-0.2969079,0.9599327628968708,0.6468586102069315
430,n2ccc(OCCN1CCCC1)c3ccccc23,0.823952523,0.185500082,-7.596823,0.6847867665045323,0.3173466791673946
431,O=C1C=CC2=C(N1)CC3C=C(C)CC2(N)C3(=CC),0.68353515,0.997217717,16.868021,0.0691447152446693,0.2762789807301054
432,O=C(N)c1oc2ccc(cc2(c1))CN3CCCCC3,0.919851682,0.008501458,-3.6897378,0.89680946297252,0.7715445848335774
433,O=C(OCC4C=1C(=O)C(N)=C(C(=O)C=1N3CC2NC2C34(OC))C)N,0.41066984,0.993945674,6.3489747,0.9967363872023798,0.39515430962231635
434,O=C(O)C(c1ccc(cc1)CC2C(=O)CCC2)C,0.888344064,0.998871926,-1.2526705,0.9082777311329436,0.5852864155735814
435,O=C1c2ccc(OC)c(c2(OC(=C1C)C))CN(C)C,0.850980357,0.038213948,-5.891258,0.352281951727956,0.5741049264768511
436,O=C(N1c2ccccc2(OCC1))CN3CCCCC3,0.813904114,0.011313712,-0.91657245,0.6951783439866036,0.5126690226090496
437,O=C(Oc1c(cc(cc1C(C)CC)[N+](=O)[O-])[N+](=O)[O-])SCCCC,0.277045133,0.703225847,8.580262,0.0575811415646332,0.31345256533702776
438,O=C(Oc1ccc(cc1[N+](=O)[O-])[N+](=O)[O-])OCCCCCCCC,0.203496801,0.766664301,5.3373513,0.0917875806128628,0.37396270754218847
439,O=C1c2ccccc2(C(=O)N1CSP(OCC(C)C)(CC)=S),0.545663194,0.008195889,-4.609958,0.0495235448143042,0.6462367584172837
440,c1ccc(cc1)C3C(NCC)C2CCC3(C2),0.816292342,0.036952487,16.654335,0.2232461469529788,0.1325968877412448
441,O=C(N)c2ccc(c1nc(sc1)SCC(O)CNC(C)(C)C)s2,0.651468579,0.301456816,-3.938252,0.1651685162344847,0.12908804032671894
442,O=C2C(OC)=C(OP(OC=1C=NN(C(=O)C=1(OC))C)(OC(C)C)=S)C=NN2C,0.559427781,0.026405385,12.756179,0.6065013091206058,0.7152210871584824
443,O=C(CC)C2(c1cccc(O)c1)(CCN(C)CC2),0.890906828,0.918563766,-7.419024,0.9139311739307672,0.5886209211475343
444,O=C(OC2(c1ccccc1)(CCN(C)C2(C)))CC,0.768791789,0.050678969,4.867746,0.7818335909778148,0.6114830169268031
445,O=C(OC)C(N(C(=O)COC)c1c(cccc1C)C)C,0.771791531,0.059895891,-8.142244,0.4697262260112274,0.6271385233672023
446,O=C(N(CC)CC)C2(c1ccccc1)(CC2(CN)),0.860394245,0.999422709,-7.518602,0.9964178577473444,0.7212962218247045
447,O=C2c1c([nH]c(c1CC)C)CC3CCN(C)CC23,0.824297135,0.088232881,-1.7889508,0.0302788134193869,0.23918649888778312
448,O=C1C=CCC2N1CC4CCCN3CCCC2C34,0.648632073,0.014138309,18.520082,0.6823232026528269,0.4109502533380264
449,O=C(ON=CC(C)(C)SC)N(C)SN(C)Cc1ccccc1,0.325888663,0.003827043,10.085163,0.1081792610935228,0.28596926543372597
450,O=[N+]([O-])c1cc(cc(c1N(CCC)CCC)[N+](=O)[O-])C(C)C,0.528568277,0.999088484,13.840094,0.0774583884125846,0.36106307047555075
451,O=C1NC(=O)CC(C1)CC(O)C2C(=O)C(C)CC(O)(C)C2,0.64364016,0.995500573,3.3625216,0.1824198111524634,0.5602593520151988
452,Fc1ccc(OC)c(c1)C(CN(C)C)C(C)CC,0.768761667,0.005415972,-6.0471644,0.1288957218739949,0.39572978425151384
453,O=C(ON=CC(C)(C)SC)N(C)SN(CCCC)CCCC,0.235100009,0.137773792,14.074769,0.067627445631601,0.36708470355940304
454,NC(C)CNCCCCCCCCCCCC,0.481525913,0.999741759,14.609225,0.0682056524042736,0.20452926454161596
455,O=P(OCC)(OCC)C(SCC)(P(=O)(OCC)OCC)P(=O)(OCC)OCC,0.223159896,0.999721165,17.356659,0.7233027598100928,0.4611630483628238
456,O=C(Oc1ccccc1)n3c(nc2cc(c(cc23)Cl)Cl)C(F)(F)F,0.571471973,0.028934914,-3.2625465,0.4167197758850826,0.6542441856027759
457,O=C2c3ccc(cc3(C(=O)C2(c1ccccc1)))Br,0.754026205,0.997240099,13.221756,0.8710991196997292,0.6210827184375074
458,O=C(O)Cc1ccc2OCc3ccccc3(C(=O)c2(c1)),0.908192626,0.723383683,-1.587676,0.9420261502506124,0.859993338938836
459,OC3(c1cccc(c1)Cl)(c4ccccc4(C2=NCCN23)),0.873707717,0.806011348,-6.1825285,0.897739329911058,0.4714255605562269
460,OC3(c1ccc(cc1)Cl)(c4ccccc4(C2=NCCN23)),0.873707717,0.999794644,-7.441258,0.896951402126028,0.4287305996260806
461,Fc1ccc(cc1)C3(O)(c4ccccc4(C2=NCCN23)),0.859391815,0.946509607,-8.167783,0.8628359330677119,0.2822501215397869
462,O=C(O)C(c1ccc(cc1)c2nc3ccccn3(c2))C,0.791701197,0.834383775,-1.6600046,0.8870543553280376,0.5728941818626454
463,O=C(O)C(c1cccc(c1)C(=O)c2ccccc2)C,0.852803689,0.999759576,8.22103,0.9997618325613412,0.8978414268552362
464,O=C(OCCF)Cc1ccc(cc1)c2ccccc2,0.768151073,0.740618425,9.256005,0.1191626194335128,0.47538996869746963
465,N4=C(N)N3c1ccccc1Cc2ccccc2C3C4,0.778951952,0.999783359,3.525701,0.9078334060131872,0.2078590853785908
466,O=C1c3cc(N)ccc3(N=C(N1c2ccccc2C)C),0.687841403,0.012535089,13.373633,0.7611981370387667,0.3973719600266162
467,O=[N+]([O-])c2ccc(Nc1c(cc(cc1C(C)(C)C)[N+](=O)[O-])[N+](=O)[O-])c(c2)[N+](=O)[O-],0.537966659,0.94263961,21.829935,0.4949480070312479,0.2628550523622436
468,O=C1c3cccc2cccc(C(=O)N1(OP(=O)(OCC)OCC))c23,0.585867912,0.507080316,7.3479276,0.2923119480923382,0.47040662402500455
469,c1ccc(cc1)C=Cc2ccc(cc2)N(C)C,0.712717055,0.996318405,3.571589,0.3855894648897515,0.44739396315928087
470,O=C2Oc1cc(OP(=O)(OCCCCl)OCCCCl)ccc1C(=C2Cl)C,0.207871025,0.552897727,18.007137,0.236399871526384,0.7345969032494237
471,n1ccccc1C(c2ccc(cc2)Cl)CCN(C)C,0.824006924,0.999922286,-2.7934537,0.9866024911140796,0.8490915775298747
472,O=C(O)C2c1cc(c(cc1CC2)C3CCCCC3)Cl,0.864570557,0.049020867,-0.7369715,0.946939080631601,0.8271539946602126
473,O=C(O)CCC(=O)c1ccc(c(c1)Cl)C2CCCCC2,0.817070871,0.271421428,3.8525996,0.9391744680857852,0.8408799857565326
474,O=C2Oc1cc(OP(=O)(OCCC)OCCC)ccc1C(=C2Cl)C,0.472647995,0.995379991,5.827367,0.4620781658759043,0.7838377363513459
475,OC(c1ccccc1)CNCCc2ccc(N)cc2,0.547973889,0.653788792,9.714709,0.654204416724813,0.4130031876343502
476,O=C(OCC4C=1C(=O)C(=N)C(C(=O)C=1N3CC2N(C)C2C34(OC))C)N,0.633955143,0.009738532,14.413038,0.8428097147387055,0.5203557525450608
477,O(c1ccc(cc1)SSc2ccc(OP(OC)(OC)=S)cc2)P(OC)(OC)=S,0.261365735,0.999002539,24.900259,0.5003784698197485,0.633332124929425
478,O=C(Oc1cc(c(c(c1)C)N(CC=C)CC=C)C)NC,0.809927231,0.023776319,1.1509043,0.0563422560802773,0.27559042609942097
479,OCC2c1ccc(cc1CC2)C3CCCCC3,0.81992608,0.106502813,11.905623,0.5916646161543313,0.5764887753446282
480,O(CC(CC)CCCC)C(c1ccc(c(c1)Cl)Cl)CBr,0.434051105,0.624895805,5.9053836,0.6478152599906707,0.3078985177373639
481,O=C(OCCCC)Cc1ccc(cc1)N(CCCl)CCCl,0.370178278,0.150993181,14.45964,0.5925776542632196,0.5594696986068103
482,N1=C(NCC(C)(C1)CC)C(OCC)c2ccc(cc2)Cl,0.895096022,0.17165074,-16.196678,0.3685528037456569,0.28937772245074467
483,Fc1cccc(c1)C(OCC)C2=NCC(C)(CN2)CC,0.896083211,0.025202662,-19.490427,0.0950069788789755,0.24353160361231443
484,O=C(OC2(c1ccccc1)(CCN(C)CC2(C)))CC,0.783600848,0.568962648,4.7626166,0.9205949655070844,0.7476508156021395
485,O=C(OC(c1ccccc1)C)C=C(OP(=O)(OCC)OCC)C,0.28675777,0.241444029,11.5877285,0.6242052138141038,0.5839595059711563
486,N1=C(NCC1)Cc2c(cc(cc2C)C(C)(C)C)C,0.848888447,0.999301922,0.88415015,0.7422435948364137,0.38545741064714656
487,O(CC(CC)CCCC)C(c1ccccc1)CBr,0.557976538,0.74507912,9.701444,0.2663902345844329,0.3066927684159143
488,O(CCCCC)C(c1ccc(cc1)C(C)C)CBr,0.457690629,0.594896954,5.211309,0.6649389393124682,0.4906053214588512
489,OC2(c1cccc(OC)c1)(CCCCC2(CN(C)C)),0.906175869,0.99985749,-3.2746081,0.9989107014164466,0.7044687921662287
490,N(=C(NCCC)C(OCC)c1ccccc1)CCC,0.573727189,0.006737235,9.690757,0.727617364107099,0.44481666453016766
491,O1CCC[N+]1(CCCCCC[N+]2(OCCC2)CCCl)CCCl,0.321577838,0.707456746,37.312637,0.6871220767422531,0.36255367545797634
492,O=C(O)C[N+](C)(C)CCCCCCCCCCCC,0.405218982,0.999667241,17.713116,0.7626081297457866,0.6494666619457427
493,O(CCCN)CCCCCCCCCCC(C)C,0.464372006,0.999860714,13.144825,0.0548536218014028,0.21250517713333003
494,C[N+](C)(C)CCCCCCCCCC[N+](C)(C)C,0.39283812,0.999877127,11.364306,0.8696434851049494,0.4787642179376519
495,O=C1c3ccccc3(C(=O)C1c2ccc(cc2)C(F)(F)F),0.74712286,0.998368638,8.656617,0.8269972567231286,0.5887895185757663
496,O=C(O)c2cc1OCOc1c3c4cccc(OC)c4(cc(c23)[N+](=O)[O-]),0.441955504,0.91841076,14.383182,0.5554327332519923,0.47835705958838026
497,O=C(OCC)CCC(=O)CC1(O)(C2(C3(C4(C1(C5(C2(C3(C(C45Cl)(Cl)Cl)Cl)Cl)Cl)Cl)Cl)Cl)Cl),0.327176182,0.985903321,41.7991,0.8210702650535268,0.446310289832461
498,O=C(O)C(c2ccc3C(=O)c1ccc(cc1COc3(c2))Cl)C,0.918179709,0.009994094,4.5588536,0.9638077510635904,0.8759694201173913
499,O=C(OCc1c(F)c(F)c(c(F)c1(F))C)C2C(C=C(C(F)(F)F)Cl)C2(C)(C),0.363804694,0.987736768,18.829971,0.0737180263182993,0.3211134165846324
500,O=C(Oc1ccc(cc1[N+](=O)[O-])[N+](=O)[O-])Oc2c(cc(cc2C(C)CC)[N+](=O)[O-])[N+](=O)[O-],0.237780883,0.088738937,20.062492,0.3207148039657116,0.311246532033374
501,O=C(O)C3c2cccc(C(=O)c1ccccc1)c2CC3,0.868669815,0.059939679,8.679138,0.9595833276572108,0.8363433610323996
502,O=C(O)C(c2ccc3C(=O)c1ccccc1COc3(c2))C,0.91930263,0.624340141,9.182471,0.9736449143022984,0.8560126646316271
503,O=C(O)C(c1ccc2OCc3ccccc3(C(=O)c2(c1)))C,0.91930263,0.425479205,7.6767516,0.966501444129643,0.857407844979148
504,N(=Nc1c(N)ccc2ccccc12)c3ccccc3C,0.503267409,0.286884986,18.276379,0.041844003305572,0.1344254773434985
505,O=C(O)C(c1ccc(cc1)N3C(=O)c2ccccc2C3)C,0.940384276,0.999376226,2.9842238,0.8905883956284578,0.6817653384069442
506,O=C(Nc1cccc(OC(C)C)c1)c2ccccc2C(F)(F)F,0.881959465,0.906638547,-9.03032,0.0942462668664347,0.44684867242148785
507,O=C1c3ccccc3(N=C(N1c2cc(c(O)c(c2)C)C)C),0.745157108,0.129907687,-3.0797715,0.6900366657064946,0.28171827639691965
508,n2cccc3cccc(OP(OCC)(c1ccccc1)=S)c23,0.653755284,0.00685715,0.23039901,0.0747730590202208,0.32984872419880296
509,O=C(O)CSC(c2ccc3c1ccccc1Cc3(c2))C,0.782169446,0.063524886,-3.8352141,0.7480543711827506,0.7375205882438178
510,O=C(O)c2cc3ccccc3(nc2(C1=NC(C(=O)N1)(C)C(C)C)),0.908899556,0.002751318,6.175928,0.7731305195367247,0.6496317741870046
511,N#CCC2CN(C)C3Cc4c1c(cccc1C3(C2))[nH]c4Cl,0.872345726,0.052916038,-17.710886,0.1939510551741663,0.07890384484382952
512,N#CC(NC(C)Cc1ccccc1)c2ccccc2,0.881588618,0.09357517,15.2891,0.0143799035636358,0.08296983708378498
513,NCC(=C(c1ccccc1)c2ccccc2)CC,0.858243841,0.996470644,10.389596,0.9085990201529456,0.7930543706840144
514,O2CCN(C)Cc1ccccc1C2c3ccccc3,0.773329832,0.99960404,10.277947,0.9710284189568954,0.8155008783873636
515,N=[N+]=NC1CCC5C4N(C)CCC25(c3c(OC12)c(O)ccc3C4),0.614097019,0.464753235,8.073935,0.6107389841407369,0.1991391769959907
516,O(C(c1cccc(c1)Cl)C[n+]2ccccc2)C(C)CC,0.727398251,0.007628231,7.818094,0.8974332072608826,0.29796372291841466
517,O(C(c1ccc(cc1)Cl)C[n+]2ccccc2)C(C)CC,0.727398251,0.10091782,0.8162323,0.9170678682218106,0.2903327001913038
518,O=C(N(CC)CC)C(Oc1cccc2ccccc12)C,0.832966127,0.013259038,10.416084,0.2118887777379794,0.34569227248069023
519,O=C(O)CC2(OCCc1c3cccc(c3([nH]c12))CC)CC,0.905784288,0.999903444,0.7696353,0.7529331660860777,0.44094692227691057
520,O=C1c2ccc(OC)c(c2(OC(=C1C)C))CN3CCOCC3,0.870258494,0.032101823,-8.059618,0.2357370748514703,0.5932314184092706
521,O=C2Oc1ccccc1C3=C2CN(CC3)CC(NCC)C,0.874851129,0.005942663,-0.94492555,0.8728437503811887,0.6448360579942584
522,O(CCCC)C(c1ccccc1)C[n+]2ccccc2,0.545378675,0.281597564,15.80343,0.878240644937682,0.4823502886115225
523,O(C(c1ccccc1)C[n+]2ccccc2)C(C)CC,0.720611312,0.022003038,12.211741,0.8660421023799248,0.41861587769248115
524,O=C(OC)C2c1ccc(cc1CC2)C3CCCCC3,0.751070362,0.009506135,4.5903134,0.5370468336671256,0.6018664199802524
525,O=C(OC2C1CN(C)CC2(CN(CC)C1))c3ccc(cc3)Cl,0.799966733,0.029479974,-7.606019,0.1616392541491487,0.5778696851765963
526,O=C(Nc1c(cccc1C)C)CC23(N(CCC2)CCC3),0.915689679,0.163330001,15.258723,0.2736078991953576,0.21449909201860748
527,N1=C(NCC1)CCOc2ccccc2C3CCCCC3,0.889669202,0.950777258,-10.63849,0.144528615878526,0.2588201205600639
528,N1=C(NCC(C1)(CC)CC)C(OCC)c2cccc(c2)Cl,0.853115026,0.030618045,-14.699777,0.4294857878796916,0.282043964907792
529,c1ccc(cc1)C3(N2CCCCC2)(CCCCC3),0.746932776,0.995830264,13.317038,0.8962030781080266,0.7382619635102533
530,N1=C(N(CCC1)CCCC)C(OCC)c2ccccc2,0.757601991,0.124467912,-10.30739,0.7377343388889847,0.4755750703585459
531,N1=C(NCC(C1)(CC)CC)C(OCC)c2ccccc2,0.860043095,0.070885227,-9.286025,0.674893100037354,0.30681300914133497
532,O=C(O)C1OC(C=CC1(N=C(O)CC(N)CCN(C(=N)N)C))N2C=CC(=N)N=C2(O),0.15259519,0.404100961,17.402653,0.4807397840117616,0.6277887274535421
533,O=P(OCC)(OCC)C(SP(=O)(OCC)OCC)(P(=O)(OCC)OCC)P(=O)(OCC)OCC,0.123024535,0.998848291,21.359097,0.8259973117384188,0.6676148696104844
534,O=C(O)Cc3ccccc3(Nc2c1ccccc1c(cc2Cl)Cl),0.65415439,0.872784948,6.4802194,0.6077461731924488,0.43766552677727155
535,O=C3N=C1c4ccccc4(N=CN1C3(=Cc2ccc(OC)cc2)),0.801411561,0.001519723,8.619426,0.0338967651664289,0.13993497799294702
536,O=C(Oc2cccc1c2(OC(C)(C)C1))N(C)Sc3c(c(c(c(c3Cl)Cl)Cl)Cl)Cl,0.244280987,0.861243264,19.580433,0.2477262661919964,0.552935212853123
537,O=C(c1ccc(cc1)C)c2cccc3c2CCC3(C(=O)O),0.877230874,0.013051162,8.172711,0.971965630275582,0.8587927329049755
538,O=C(O)C(c2ccc3Oc1ccc(cc1CC(=O)c3(c2))C)C,0.91712796,0.039823486,0.9755794,0.958281941748214,0.8710907550817601
539,O=C(Oc2cccc1c2(OC(C)(C)C1))N(C)Sc3cc(ccc3Cl)Cl,0.60876021,0.23699082,7.154548,0.0582337146692014,0.39532029538250846
540,O=C(NC(C=C(C)C)[n+]1ccccc1)C3C(=O)c2c(cc(Cl)s2)S(=O)(=O)N3(C),0.448034102,0.006359132,7.985809,0.2353854985340241,0.30215342801681
541,c1ccc3c(c1)C(=CCCN(C)C)c2cc(ccc2S3)Cl,0.654221359,0.999889215,12.212241,0.9671747037839832,0.8624406285537374
542,O=C(Oc2cccc1c2(OC(C)(C)C1))N(C)Sc3ccc(F)cc3,0.756042765,0.703408302,6.509624,0.0569505144787732,0.32672983668361716
543,O=P(Oc1ccc(N)cc1)(Oc2ccc(N)cc2)Oc3ccc(N)cc3,0.440561057,0.998644833,15.577891,0.5785686775718784,0.6996267344983609
544,O=C2c1ccccc1N(c3cccc(c23)[N+](=O)[O-])CCCN(C)C,0.410686382,0.009068325,8.041862,0.1847280798481277,0.38321253266751254
545,O=C(Oc2cccc1c2(OC(C)(C)C1))N(C)Sc3ccccc3,0.77515324,0.718270894,8.482713,0.0814280389977146,0.3871903275588736
546,C=C(c1ccccc1)CC(c2ccccc2)(C)C,0.695090793,0.999321448,13.280679,0.8391479136241351,0.37192944925692945
547,c1ccc3c(c1)N(c2ccccc2S3)CC4CN(C)CC4,0.818163354,0.999612076,3.3767257,0.9995611819011624,0.662588796453259
548,O=C(OCCCS(=O)(=O)O)C(c1ccc(cc1)c2ccccc2)C,0.471721105,0.24552802,-2.513946,0.2980690921763867,0.7446397504656591
549,O(c1ccc(cc1CN2CCCC2)c3ccccc3)C,0.831130297,0.219705581,5.9205384,0.6374837460240258,0.4510314176141847
550,OC(c1ccccc1)(c2ccccc2)C3NCCCC3,0.895516225,0.983829481,13.910764,0.943124795661037,0.7010271524469455
551,Oc1ccc(cc1CN2CCCCC2)c3ccccc3,0.906703601,0.157886271,-3.5964851,0.801950075043293,0.8058775552291839
552,OC1C=CC5C4N(C)CCC25(c3c(OC12)c(OC)ccc3C4),0.79814441,0.996939545,-12.295619,0.9992848970258716,0.8757078253526129
553,N#CC(C#N)=Cc1cc(c(O)c(c1)C(C)(C)C)C(C)(C)C,0.775225657,0.96987046,11.110172,0.2834360194848147,0.3137404849536677
554,c1ccc3c(c1)N(c2ccccc2S3)CC(C)CN(C)C,0.821077405,0.999632624,5.89452,0.9999333808950708,0.9043172916826508
555,O=[N+]([O-])C3C=CC=C2N(O)c1ccccc1C(=NCCCN(C)C)C23,0.504508435,0.001831168,26.678772,0.4709566105044991,0.3884795213585427
556,O=C(N)CC3CN(CC)C4Cc2c[nH]c1cccc(c12)C4(C3),0.913517059,0.602414313,-6.1609306,0.8871592050544589,0.5117090449395121
557,N=[N+]=NC1CCC5C4N(C)CCC25(c3c(OC12)c(OC)ccc3C4),0.668944404,0.361892684,4.273165,0.5313885027460704,0.19236126391356922
558,O(CCN(C)C)C(c1ccccc1)c2ccccc2C,0.793208727,0.999921537,5.862454,0.9997620667855251,0.9003153475869399
559,O=C1OC3CCN2CC=C(COC(=O)C(O)(C(=C)CC1(=CC))C)C23,0.40657767,0.484970801,4.749187,0.0922054155612538,0.3022234132379853
560,O=C2Oc1cc(OP(=O)(OCCCC)OCCCC)ccc1C(=C2Cl)C,0.280617087,0.997365822,6.552606,0.447468112133556,0.7283043442848456
561,O(c1ccc(cc1C)Sc2ccc(OP(OC)(OC)=S)c(c2)C)P(OC)(OC)=S,0.356955023,0.99822231,23.04517,0.1733252604065285,0.7496779308526065
562,ONC(=NCCN1CCOCC1)Cc2c3ccccc3(oc2CC),0.482570198,0.011264591,17.56654,0.1208609781210789,0.16094121320029048
563,O=C1OC3CCN2CC=C(COC(=O)C(O)(C)C(C)CC1(=CC))C23,0.407120168,0.730944041,7.881394,0.1232531161439973,0.3737636185539028
564,O=C1OC2CC[N+]3([O-])(CC=C(COC(=O)C(O)(CO)C(C)CC1(=CC))C23),0.223190026,0.831273606,26.817207,0.7160645814954706,0.5286783286274285
565,O=C(Oc2cccc1c2(OC(C)(C)C1))N(C)SN(C(=O)OCCCC)C,0.540783131,0.229954035,9.0935755,0.0652953948765682,0.3792193887549832
566,O=C(c1cc2c(cc1CC)C(C)(C)CCC2(C)C)C,0.696293027,0.890684448,8.445647,0.7276812182571653,0.5524641308823515
567,O(CCCCC)C(c1ccc(cc1)C2CCCC2)CBr,0.417627002,0.493941194,11.473499,0.1484701168588151,0.16199801067770564
568,O=C(NCc1ccc(O)c(OC)c1)CCCCC=CC(C)C,0.53886056,0.999734484,5.9445105,0.993900665797182,0.784756820640197
569,O=C(OCC)C2(c1ccccc1)(CCN(CCOCCO)CC2),0.581967254,0.898530347,-14.000118,0.8578888442318663,0.7623042852595469
570,N(=C(N1CCCCCC1)C(OC)c2ccccc2)CCC,0.602734825,0.008834938,12.377812,0.4690809311514055,0.4557276227700358
571,N1=C(NCC(C)(C)C1)C(OCC)c2ccc(cc2)C(C)C,0.890772375,0.216280752,-9.2808895,0.3829766412683686,0.3158018950819034
572,N(=C(NCCCC)C(OCC)c1ccc(cc1)Cl)CCCC,0.37283061,0.009420907,7.7742076,0.7812505139010845,0.4075711209970655
573,O=C(c1ccccc1)C(OCCN(C(C)C)C(C)C)C(N)C,0.712777428,0.605316278,-16.975264,0.8627582885613735,0.8459146480039299
574,N(C)(C)CCCCCCCCCCCCCCCC,0.328071761,0.999810122,20.532204,0.2267259394090502,0.26544993470234457
575,NCCCN(CCCN)CCCCCCCCCCCC,0.400403684,0.999555504,16.238773,0.5206840884905158,0.5758550379720137
576,N=C(N)NCCCCCCCCNCCCCCCCCNC(=N)N,0.114863518,0.9996577,37.148643,0.6686052745540786,0.6241930749886476
577,O=C(Nc1ccc(F)cc1(F))c3cccnc3(Oc2cccc(c2)C(F)(F)F),0.601206164,0.607737114,2.5477033,0.1247293205751295,0.553796630817264
578,O=C1Oc3ccccc3(C(O)=C1C(c2ccc(cc2)Cl)CC(=O)C),0.719105862,0.995890331,-2.9182749,0.9458804954912096,0.8333114234210436
579,O=C(O)Cc3c1cc(OC)ccc1n(C(=O)c2ccc(cc2)Cl)c3C,0.767806512,0.99980751,-6.308265,0.997714133732619,0.8638418143245252
580,O=C1Oc4ccccc4(C(O)=C1C3c2ccccc2CCC3),0.690455553,0.929914262,6.2436204,0.9077150826357996,0.7175282817744774
581,O=C(c1ccc(cc1)Cl)n3c2ccc(OC)cc2c(c3C)CC(=O)NO,0.543344133,0.997353895,-4.000252,0.1377738501004084,0.43277854765438706
582,OC(=Nc1ccccc1)C(Oc2ccc3ccccc3(c2))C,0.54870329,0.930327236,5.006389,0.056381015427977,0.15398851176504547
583,O=C(OCC(O)CO)Cc2ccc3C(=O)c1ccccc1COc3(c2),0.794608931,0.002057668,-4.078767,0.9088912818573052,0.6998837549294101
584,O1c4ccccc4(C=C(c2cc(ccc12)Cl)N3CCN(C)CC3),0.781153821,0.900366551,-4.4113216,0.9527006897925736,0.8076197021552718
585,O3c1ccccc1C(=CCCN(C)C)c2ccccc2C3,0.842863707,0.999785454,11.424994,0.9842329727987488,0.8976450258564859
586,O(c5ccc4c1c5(OC3C(OC)=CC=C2C(N(C)CCC123)C4))C,0.839220211,0.147296674,2.852655,0.8884539694455601,0.7393926985668917
587,O=C(c1ccc(F)cc1)CCCN3CCN(c2ncccc2)CC3,0.764394213,0.999664521,-10.821324,0.0770443320149849,0.17887810817950653
588,O=[N+]([O-])c3cccc2nc1ccccc1c(NCCN(CC)CC)c23,0.399647013,0.006653461,3.2594109,0.1931563172233805,0.250242020274587
589,O=[N+]([O-])c3cccc2nc1ccccc1c(NCCN(CCO)CCO)c23,0.299950191,0.01285426,4.8833714,0.2222733946273181,0.21075855109234393
590,O(c1ccc(cc1CN2CCCC2)c3ccccc3)CC,0.807665452,0.252793772,4.3040013,0.8748454096509058,0.44173980708727284
591,Oc1cccc(c1)C(c2ccccc2)C3N(C)CCCC3,0.918610799,0.995143017,6.053756,0.9792478232396168,0.8098997716488056
592,Oc1cc2c(cc1(O))C(NCC2)Cc3cc(OC)c(OC)c(OC)c3,0.722907747,0.99446294,7.8496127,0.8017205613433961,0.5699596241838483
593,N(c1nc(cc(n1)C)NC2CN(CC)CCC2)=C(N)Nc3ccc(c(c3)Cl)Cl,0.497628575,0.004105345,-12.27281,0.1186334168620623,0.2046454956880024
594,O=C(Nc1ccccc1(NC(NP(=O)(OCC)OCC)=S))NS(=O)(=O)c2ccc(cc2)C,0.297866146,0.237724596,11.776397,0.153948878038786,0.2876173624197449
595,OC(c1ccccc1)(c2ccccc2C)C(C)CN(C)C,0.908508842,0.837619838,-8.75526,0.9860180271983268,0.7990115866396733
596,c2cc1[nH]cc3c1c(c2)C4CC(CN(CCC)C4(C3))CSC,0.908528547,0.999929561,-15.119672,0.5477199337411349,0.7839804163336547
597,O=C2c1c([nH]c(c1CC)C)CCC2CN4CCC3(OCCO3)CC4,0.923775922,0.025588011,7.9180217,0.0518989099206625,0.42064662413196546
598,O=C(Oc1ccc(cc1(OC(=O)C(C)(C)C))C(O)CNC)C(C)(C)C,0.62671465,0.996657058,-3.2655568,0.8566265019731062,0.8480653990444862
599,N(=C(N1CCCCCC1)C(OCC)c2ccccc2)CCC,0.572712028,0.077267244,12.273953,0.5691325666140887,0.456362063989042
600,c1cc(cc(c1C[P+](CCCC)(CCCC)CCCC)Cl)Cl,0.350842388,0.990140726,12.464595,0.9211218942493442,0.7886725901132833
601,O=C2Nc1ccccc1C2(c3ccc(O)cc3)c4ccc(O)cc4,0.678417783,0.973466247,2.3253274,0.9187883124559398,0.6557967089724116
602,O=C2OCC=1C(=O)N4C(=CC=1C2(O)CC)c3nc5ccccc5(cc3C4),0.532763989,0.999643982,5.85951,0.1123489885764642,0.40463603747354027
603,O=C1OC(C)Cc2c1c(O)c(cc2Cl)C(=O)NC(C(=O)O)Cc3ccccc3,0.661170606,0.069456853,-4.8578653,0.9450972160865436,0.8292474948709565
604,c1ccc4c(c1)ccc(C=C3N(c2ccccc2S3)C)[n+]4CC,0.632775052,0.051579347,13.113194,0.0358385174260012,0.19568757654944488
605,O=C1C(C(=O)C)=C(O)C4N1C(C)(C)C5Cc3cccc2[nH]cc(c23)C45,0.786615953,0.006315042,11.690181,0.6402822491156616,0.32263267358711845
606,O=C2c3ccc(OC)c(c3(OC(c1ccccc1)=C2C))CN(C)C,0.731492797,0.030777824,-11.387969,0.3521021118658536,0.4090221999672166
607,O=C3c4ccccc4(Oc1c3(ccc(OC)c1CN2CCCCC2)),0.684776423,0.985891355,-6.328138,0.3905547136416461,0.5435740667211866
608,c1ccc3c(c1)N(c2ccccc2S3)CC5CN4CCC5(CC4),0.795681866,0.999605231,8.2632675,0.9361433931352138,0.8061432733296996
609,O=C(O)CCC(NC(=O)c1ccc(cc1)N(C)Cc2nc3c(nc2)nc(nc3(N))N)C(=O)O,0.294720345,0.999886836,7.7331967,0.9984127269849724,0.7003915983385461
610,O1CC(OC1(c2ccccc2)c3ccccc3)C4NCCCC4,0.941854634,0.004248571,10.38864,0.8822984755488029,0.5646524006217551
611,O=C(OC)C(N(C(=O)Cc1ccccc1)c2c(cccc2C)C)C,0.791223969,0.156677828,-5.839758,0.390993301597156,0.5617172054395729
612,O=C(NCCN1CCOCC1)c3cc(c(N)cc3(OCc2ccccc2))Cl,0.711553168,0.065338407,-6.046682,0.1804482482437102,0.47705560192936386
613,O=[N+]([O-])c3cccc2nc1ccccc1c(NCCCN(CC)CC)c23,0.280781168,0.005956353,9.456178,0.1457677393924202,0.2873879483746186
614,O=C(NC(CO)CC)C4C=C3c2cccc1[nH]cc(c12)CC3N(C)C4,0.797170118,0.99971942,-13.413089,0.9959517607849938,0.8131737615135256
615,O=C(OCCN(CC)CC)C(O)(c1ccccc1)c2ccccc2,0.757613137,0.99836958,1.6242944,0.9193252258542588,0.8651934811864048
616,O=C(NCCN(CC)CC)c2cc(c(N)cc2(OCc1ccccc1))Cl,0.657279255,0.999001496,-2.74024,0.4721319964228123,0.6786580707194009
617,N(=CN(C)SN(C=Nc1ccc(cc1C)C)C)c2ccc(cc2C)C,0.397044268,0.998848943,12.157407,0.1276208612594821,0.5208853870811103
618,N2=CNC(=NCCOc1ccc(c(c1C)C)CCOCC)C(=C2CC)Cl,0.675932136,0.004141053,7.3744903,0.188687556077449,0.2000461479657245
619,O=C(c1ccc(F)cc1)CCCN2CCC3(CC2)(CCCCC3),0.724635796,0.996459897,15.644275,0.5880388096796773,0.4427569047199533
620,O=C(NC3CN(C)C4Cc2c[nH]c1cccc(c12)C4(C3))N(CC)CC,0.902526895,0.467338194,-2.518834,0.3032870217068028,0.32614822412382294
621,O=C(O)C=C(C=CC=C(C=CC1=C(C)CCCC1(C)C)C)C,0.529573196,0.999585661,17.54544,0.9172845435731524,0.8781508257906507
622,O=C(Oc2cccc1c2(OC(C)(C)C1))N(C)SN(CCC(=O)OCC)C(C)C,0.472809651,0.035042882,9.306216,0.0677651647806597,0.5431068609109373
623,O(CCCCCC)C(c1ccc(cc1)C2CCCCC2)CBr,0.345732307,0.677256378,13.168259,0.3498817777933679,0.4988257321006504
624,O=C(ON=C1C(C)(C)SC(=NC(C)C)S1)N(C)SN(C(=O)ON=C2C(C)(C)SC(=NC(C)C)S2)C,0.201346215,0.465901415,34.208828,0.245789654514257,0.19189934198355532
625,O(CCCCCCCC)C(c1ccc(cc1)C(C)(C)C)CBr,0.325562049,0.975391206,9.792111,0.8858098793508354,0.6339347316654719
626,O=C(O)CCCCCCC1C(=O)CC(O)C1(C=CC(O)CCCCC),0.347612695,0.996971626,22.464836,0.9754714302883346,0.8433390290534911
627,O1CCOC3CCCCC3(OCCOCCOC2CCCCC2(OCC1)),0.651686388,0.998894523,17.233862,0.7304520226575081,0.5640832987201201
628,O=C2N6c1ccccc1C57(CCN4CC3=CCOC(C2)C(C3CC45)C67),0.681317047,0.99935453,-3.2472935,0.7045090428312218,0.24434823473922235
629,O=C(OCCOCCO)C(c2ccc3Oc1ccccc1CC(=O)c3(c2))C,0.596135784,0.002474014,-2.608755,0.3493219665125806,0.639490746616207
630,O=C(c1ccc(F)cc1)CCCN3CCC(Oc2ccccc2(OC))C3,0.670765459,0.498361794,-1.1825219,0.135479452596957,0.17926516269358447
631,c1ccc3c(c1)C(=CCCN(C)C)c2ccccc2C3(C)C,0.791380484,0.99881819,5.272959,0.9728352578957894,0.8392883194832258
632,O=C(N=CNN(CC(O)COc1ccccc1C)C(C)C)c2ccccc2,0.403896587,0.008976459,-7.197808,0.0841638959882178,0.22245972263957797
633,O=C(N)C(c2cccc1ccccc12)(CC=C(C)C)CCN(C)C,0.785903867,0.002275939,10.476859,0.9128111293922632,0.5860184027173398
634,OC(C)C(c1ccccc1)N3CCN(CCOc2ccccc2)CC3,0.840742184,0.601922768,-0.38060284,0.4539021795807425,0.4838627062486635
635,O(CC(CC)CCCC)C(c1cccc(c1)Cl)C[n+]2ccccc2,0.510048856,0.111515235,9.709203,0.6141411849534965,0.25191668979343335
636,O(c1ccc(cc1(OC))CCN(C)CCc2ccc(OC)c(OC)c2)C,0.649871271,0.995052135,12.949078,0.8091586074946208,0.706681800046866
637,O(CC(CC)CCCC)C(c1ccccc1)C[n+]2ccccc2,0.56583158,0.2819112,14.0714445,0.3583040851275429,0.3218632070761098
638,O=C(OCC)C3(c1ccccc1)(CCN(CCOCC2OCCC2)CC3),0.52632601,0.994277918,-17.060398,0.5285630010406143,0.6304455020348237
639,c1ccc2c[n+](ccc2(c1))CCCCCCCCCCCC,0.351106529,0.999780059,9.061119,0.7184815995725652,0.46569293863241945
640,O=C(C)C1CCC2C3CCC4CC(O)CCC4(C)(C3(C(=O)CC12(C))),0.794958617,0.996350888,12.352876,0.9753570906710084,0.8295089014432648
641,O(CCCCCCCC)C(c1ccc(cc1)C2CCCC2)CBr,0.29189291,0.757034788,14.709855,0.1998469893673058,0.15777435477319313
642,O(CC(CC)CCCC)C(c1ccc(cc1)C2CCCC2)CBr,0.396038076,0.307028083,12.137122,0.3411381826052982,0.1319142852715851
643,O=C(Oc1ccc2c(c1)C3(C)(CCN(C)C3(N2C)))NCCCCCCC,0.744154608,0.999326552,-7.906112,0.1730097896684816,0.31371428399429746
644,O=P(O)(OCCCCCCCCCCCCCCCC)OCC[N+](C)(C)C,0.145702737,0.999880119,21.521482,0.999368721503655,0.8836106030679289
645,O([Si](C)(C)C)[Si](O[Si](C)(C)C)(C)CCCCCCCCCCCCCC,0.174047076,0.999918692,17.204157,0.7563121381069075,0.42934252935969164
646,N#CC(c1ccc(cc1)Cl)c2cc(c(cc2Cl)NC(=O)c3cc(cc(c3(O))I)I)C,0.29235677,0.95236253,-2.8868256,0.0186040351172921,0.09081916882029481
647,N#CC(OC(=O)C1C(C=C(Cl)Cl)C1(C)(C))c3ccc(F)c(Oc2ccccc2)c3,0.499726358,0.255943415,14.049038,0.0246903500998384,0.07698584886865772
648,O=C(c1ccc(F)cc1)CCCN3CCC(O)(c2ccc(c(c2)C(F)(F)F)Cl)CC3,0.476842942,0.852301877,0.30603206,0.7541365965540622,0.4787913200088708
649,c1ccc4c(c1)[nH]c(c4(C=CC3=[N+](c2ccccc2C3(C)C)C))C,0.627157601,0.351041009,0.9509102,0.0420640357846335,0.23944918850847702
650,O=C(c1ccc(F)cc1)CCCN4CCC(N2c3ccccc3(NC2=S))CC4,0.462590898,0.995922606,-1.8014699,0.4901928745582493,0.31535181467434265
651,O=C(OCC)Nc1ccc(nc1(N))NC(c2ccccc2)Cc3ccccc3,0.559406018,0.003245466,-0.25913,0.0453557780741068,0.22576022293523662
652,O=C(OCCOCCO)C(c2ccc3Oc1ccc(cc1CC(=O)c3(c2))C)C,0.58321926,0.004441884,-1.5730934,0.2785146507167819,0.7346073775018125
653,O=C1c3ccc(cc3(OCc2ccccc12))CC(=O)OCCN(CC)CC,0.703432223,0.002440802,1.7355834,0.845032558848842,0.5489848006623606
654,c1ccc3c(c1)[N+](=C(C=Cc2ccc(cc2)N(C)CCCl)C3(C)C)C,0.53625231,0.117960305,3.34975,0.5953260212467978,0.27127226372635427
655,O=C(Oc2cccc1c2(OC(C)(C)C1))NCSc3ccc(cc3)C(C)(C)C,0.554722122,0.767921834,-8.038747,0.0817215358186529,0.541430203550914
656,O=C(OC)C2=C(NC(=C(C(=O)OCC)C2(c1cccc(c1Cl)Cl))COCCOCCN)C,0.362452146,0.995732465,-4.609605,0.9277331495097544,0.8184755432349526
657,O=C(NN(C(=O)c1cc(cc(c1)C)C)C(C)(C)C)c2cccc(OC)c2C,0.825973239,0.007449603,4.800656,0.0336555369033548,0.2522125741706923
658,O=C(OC(c1ccccc1)(Cc2ccccc2)C(C)CN(C)C)CC,0.6725579,0.999770013,-0.5597776,0.9992260677781488,0.876718199414562
659,OC(c1ncccc1)(c2ccccc2)CCCN3C(C)CCCC3C,0.849958636,0.980330822,8.550323,0.8211465088913705,0.6271110980840555
660,O=C(N)C(c2cccc1ccccc12)(CC=C(C)C)CCN(C)CC,0.731038639,0.002853075,9.585798,0.8921451602044392,0.6387673273934046
661,O(CCCCCCCC)C(c1ccc(cc1)C2CCCCC2)CBr,0.277618553,0.75711681,15.322913,0.384046319422848,0.5779819377543787
662,O(CC(CC)CCCC)C(c1ccc(cc1)C2CCCCC2)CBr,0.375023239,0.462134038,12.819209,0.441812295028294,0.5848455982500462
663,O(CC(CC)CCCC)C(c1ccc(cc1)CCCCCC)CBr,0.233533583,0.948152295,11.794172,0.5492641104411168,0.5224133107512834
664,CCCCCCCCCC[N+](C)(C)CCCCCCCCCC,0.182405528,0.999906756,20.317955,0.8828998993850631,0.5583340746941801
665,O=C1c4ccccc4(C(=O)C1C(=O)C(c2ccccc2)c3ccccc3),0.672472272,0.996504023,4.00547,0.4557069363823654,0.6407214584868653
666,N#CC(OC(=O)C1C(C=C(C(F)(F)F)Cl)C1(C)(C))c3cccc(Oc2ccccc2)c3,0.469387702,0.97882318,13.579414,0.0349909623610801,0.1022515582895374
667,O=C(OCc2cccc(c1ccccc1)c2C)C3C(C=C(C(F)(F)F)Cl)C3(C)(C),0.503249024,0.99375631,15.200913,0.1033564910541897,0.17041855657762547
668,O=C3c5ccc1OC(C(=C)C)Cc1c5(OC4COc2cc(OC)c(OC)cc2C34),0.739996116,0.992864616,-0.5937202,0.2694925577446235,0.5965562611866834
669,N(=CNSN(Cc1ccccc1)Cc2ccccc2)c3ccc(cc3C)C,0.305389602,0.793742231,6.362704,0.2185669830604363,0.4020361973430685
670,O=C(OCC)C3(c1ccccc1)(CCN(CCOCc2ccccc2)CC3),0.525454831,0.966947569,-9.121383,0.8836983697465545,0.7179644821786427
671,O=C(N)C(c2cccc1ccccc12)(CC=C(C)C)CCN3CCCC3,0.752161683,0.103045317,7.132952,0.8522677149624922,0.3708802097057532
672,O=C(N)C(c1ccccc1)(c2ccccc2)CC[N+](C)(C(C)C)C(C)C,0.71311542,0.999913084,9.228196,0.9181579679871418,0.8510564717725781
673,O=C(N)C(c2cccc1ccccc12)(CC=C(C)C)CCN(CC)CC,0.667713161,0.005656757,7.2995124,0.8138149319182578,0.6817959968380365
674,O(CCCCC)C(c1ccc(cc1)C2CCCC2)C[n+]3ccccc3,0.429560125,0.43370834,10.720496,0.3735986119053342,0.21318925115389414
675,C(=C1N(C(=CS1)C)CCCCCCC)c2[n+](c(cs2)C)CCCCCCC,0.246813648,0.287941606,12.107944,0.1993598113497336,0.15655330570235587
676,OC(=NCCCCCCCCCCCC)C[N+](C)(C)Cc1ccccc1,0.172964249,0.999404126,24.562105,0.8652639276561617,0.5101361535550754
677,N#CC(C(=O)OCC)C(=O)Cc3c1cc(OC)ccc1n(C(=O)c2ccc(cc2)Cl)c3C,0.394815632,0.978336169,-2.2986248,0.0500909610617442,0.09124636924749638
678,O(c1ccc3c(c1(OC))c2cc(OC)c(OC)cc2c5c3CN4CCCC4C5)C,0.608478446,0.051587176,11.445399,0.0786557010302595,0.3442938023168318
679,O=C(OCc1coc(c1)Cc2ccccc2)C4C(C=C3CCCC3)C4(C)(C),0.488408882,0.782116573,6.0824766,0.0797864138949227,0.11252560578242325
680,O=C(OCC)Nc1ccc3c(c1)N(C(=O)CCN(CC)CC)c2ccccc2CC3,0.7168136,0.002852581,-12.63717,0.7158367351036624,0.5555083387466974
681,O=C(OC)C3C(OC)C(OC)CC4CN2CCc1c5ccc(OC)cc5([nH]c1C2CC34),0.75526386,0.983801156,10.7611065,0.7831563544798771,0.5009964497185608
682,O=C(O)C2N(C(=O)C(NC(C(=O)OCC)CCc1ccccc1)C)C3CCCCC3(C2),0.585103164,0.999540977,5.8059335,0.9987340744239352,0.7911412085760563
683,O=C(OCC)C(C(=O)C)C(=O)Cc3c1cc(OC)ccc1n(C(=O)c2ccc(cc2)Cl)c3C,0.362786526,0.97629413,-8.8415,0.8906886000537205,0.43848470387894
684,c1ccc4c(c1)N(C(=CC=CC3=[N+](c2ccccc2C3(C)C)C)C4(C)C)C,0.637792664,0.138770623,6.470883,0.0975566190957482,0.34765699718376214
685,n1nc(oc1C)C(c2ccccc2)(c3ccccc3)CCN4CC5CCC4CC5,0.598355141,0.698803356,7.7915044,0.1528976976987718,0.2463804044506769
686,O=C(N1CCCC1)C(c2ccccc2)(c3ccccc3)C(C)CN4CCOCC4,0.753543802,0.483173488,3.6906219,0.8450321533253778,0.3948125413198436
687,Oc6ccc5c2c6(OC3C1(OC)(C=CC4(CC1C(O)(C)CCC)(C(N(C)CCC234)C5))),0.745557572,0.996322812,12.580752,0.9274934791413753,0.66142277761881
688,O=C(OC)C3C(OC)C(OCC)CC4CN2CCc1c5ccc(OC)cc5([nH]c1C2CC34),0.716489812,0.937354697,14.14241,0.8643897169530032,0.5389918759992215
689,O(CCCCCC)C(c1ccc(cc1)C2CCCCC2)C[n+]3ccccc3,0.352085088,0.566749672,11.94013,0.2441162697258035,0.4601617395855562
690,O(CCCC)C(c1ccc(cc1)CCCCCCCC)C[n+]2ccccc2,0.276305707,0.844829657,13.296684,0.8339355634718277,0.5340826220056852
691,CCCCCCCC[N+](C)(CCCCCCCC)CCCCCCCC,0.140582459,0.999928088,24.27863,0.915334386635081,0.6336613839495971
692,O=C(Oc1cccc(c1)C)Cc4c2cc(OC)ccc2n(C(=O)c3ccc(cc3)Cl)c4C,0.288210267,0.994766487,2.3250365,0.1437123063033256,0.2742728131343902
693,N#CC(OC(=O)C2C(C=NOCc1occc1)C2(C)(C))c4cccc(Oc3ccccc3)c4,0.240290899,0.026032681,11.661525,0.0053107416298695,0.05246577152835996
694,O=C1c5ccccc5(C(=O)c2c(O)c4c(c(O)c12)CC(O)(C(=O)C)CC4(OC3OC(C)C(O)C(N)C3)),0.328346506,0.99986921,15.443263,0.999634602988852,0.9154260916348598
695,O=C(c1c(cc(cc1C)C)C)P(=O)(c2ccccc2)C(=O)c3c(cc(cc3C)C)C,0.46322918,0.862305712,2.520949,0.3965285042346839,0.683578992874726
696,O=C(N5CCN(c4ccc(OCC1OC(OC1)(c2ccc(cc2Cl)Cl)Cn3cncc3)cc4)CC5)C,0.455414497,0.999643326,-3.0068784,0.069944346966569,0.12516610927007138
697,c1ccc(cc1)n4c(cc(C=Cc3ccc2cc(ccc2[n+]3C)N(C)C)c4C)C,0.435793471,0.999786266,-5.7749953,0.9962318630416032,0.27174819275397777
698,O=C(OCC(=O)C35(OC(OC5(CC2C4CC(F)C1=CC(=O)C=CC1(C)C4(F)(C(O)CC23(C))))(C)C))C,0.602572924,0.999789727,20.668196,0.988869057558666,0.8735061099590282
699,O=C(OCC)Nc1ccc4c(c1)N(C(=O)CCN2CCN(CCO)CC2)c3ccccc3CC4,0.652630396,0.044017351,-12.162211,0.7576140893848526,0.5088841158065696
700,O=C1OC=C(C=C1)C3CCC4(O)(C5(O)(CC(OC(=O)C)C2=CC(O)CCC2(C)C5(CCC34(C)))),0.460772905,0.114007084,16.189186,0.9522231325426082,0.878991879969346
701,O=C(OCCCCCCCC)C3=C(N=C(C)C(C(=O)NC1CC1)C3(c2ccccc2[N+](=O)[O-]))C,0.195088998,0.03707635,8.54864,0.1053295710282342,0.3010197410891505
702,O=C(N)C(c2cccc1ccccc12)(CC)CCN(CC=C(C)C)CC=C(C)C,0.535190536,0.040578989,7.167505,0.8314139941449307,0.7102174319593553
703,O(CC(CC)CCCC)C(c1ccc(cc1)C2CCCC2)C[n+]3ccccc3,0.399941586,0.496679118,9.736312,0.3108090666633387,0.14399482467116784
704,O=C(Oc1ccc2c(c1)C3(C)(CCN(C)C3(N2C)))NCCCCCCCCN4CCSCC4,0.502840076,0.984689948,-2.2546995,0.139313695506432,0.19891940921800694
705,O=C(Oc1ccc2c(c1)C3(C)(CCN(C)C3(N2C)))NCCCCCCCCN4CCOCC4,0.538221086,0.998796951,-5.0482163,0.1382250868949198,0.2578210632779032
706,O=C(OCCCCCCCCCCCCCC)Cc1ccc(cc1)N(CCCl)CCCl,0.110343441,0.439391521,15.334327,0.8651421541914074,0.6939171595997686
707,O=C(OCOC(=O)Cc3c1cc(OC)ccc1n(C(=O)c2ccc(cc2)Cl)c3C)c4ccccc4,0.260810386,0.9962473,-3.5052466,0.2828274937641549,0.42063297547121686
708,O=C1c5cccc(OC)c5(C(=O)c2c(O)c4c(c(O)c12)CC(O)(C(=O)C)CC4(OC3OC(C)C(O)C(N)C3)),0.305129156,0.999863206,17.284723,0.9998036742188716,0.9327839238276002
709,O3CC(c1ccccc1)(c2ccccc2)COC3(c4ccccc4)C5NCCCC5,0.668594236,0.160690114,-0.88547057,0.1528854907133192,0.38247349086683285
710,FC(F)(F)C(O)(CCCC(C)C3CCC2C(=CC=C1C(=C)C(O)CC(O)C1)CCCC23(C))C(F)(F)F,0.335501672,0.998030535,23.329536,0.7852894924994097,0.3203572707322887
711,N#CC(c1ccc(OC)c(OC)c1)(CCCN(C)CCc2ccc(OC)c(OC)c2)C(C)C,0.419904876,0.999797074,3.6586514,0.997991807150964,0.2691216045773822
712,O(CC(CC)CCCC)C(c1ccc(cc1)C2CCCCC2)C[n+]3ccccc3,0.374071538,0.539565302,10.401878,0.3138222237981061,0.36188569284170463
713,O(CC(CC)CCCC)C(c1cccc(c1)C2CCCCC2)C[n+]3ccccc3,0.374071538,0.619484442,10.328093,0.4081429423598033,0.34708441818588376
714,OC3C(=C)C(=CC=C1CCCC2(C)(C1CCC2(C(C)CCCC(C)C)))CC(O)C3,0.527790506,0.999878446,25.369919,0.999413895276582,0.8806216026773892
715,OC3C(=C)C(=CC=C1CCCC2(C)(C1CCC2(C(C)CCC(O)C(C)C)))CC(O)C3,0.531050411,0.996884094,26.81725,0.993585588173854,0.8807505494690494
716,O=C(Oc1ccc2c(c1)C3(C)(CCN(C)C3(N2C)))NCCCCCCCCN4CCN(C)CC4,0.524994987,0.997672025,-5.982762,0.2560031728619947,0.27154084057563993
717,O=C(O)C(c1ccccc1)COC(=O)Cc4c2cc(OC)ccc2n(C(=O)c3ccc(cc3)Cl)c4C,0.328384146,0.998358945,0.73214114,0.8389194724442816,0.5985698763437411
718,O=C(OCOC(=O)Cc3c1cc(OC)ccc1n(C(=O)c2ccc(cc2)Cl)c3C)c4cccc(c4)C,0.24314343,0.997504748,-2.8362832,0.4100607336048545,0.30092234299863113
719,N#CC(c1ccccc1)(c2ccccc2)CCN4CCC(C(=O)O)(c3ccccc3)CC4,0.579375308,0.999371924,0.081676126,0.0454429532597013,0.19549380139329045
720,O=C(N(c1ccccc1)C5CCN4CC(c2ccccc2)c3ccccc3C4C5)CC,0.544182377,0.431400252,2.0324998,0.7382409482996705,0.6004522974343283
721,O=C(OC)C4=C(NC(=C(C(=O)OC2CN(Cc1ccccc1)CCC2)C4(c3cccc(c3)[N+](=O)[O-]))C)C,0.338480913,0.969089491,11.465471,0.4612246185714218,0.5033378591130167
722,O=C2OC=CC(O)(C(=O)C(C)CC=CC3C1OC1(C)C(C)C4C(NC(=O)C34(O2))Cc5ccccc5)C,0.368132402,0.054161819,13.309268,0.9018265406468392,0.32067925926617996
723,O=C(OC)C4C(OC)C(OC1OCCCC1)CC5CN3CCc2c6ccc(OC)cc6([nH]c2C3CC45),0.627640927,0.958043314,10.120143,0.6961632610074008,0.518307845018142
724,O(CCCCCCCCCCCC)C(c1ccc(cc1)C(C)C)C[n+]2ccccc2,0.203327954,0.951149928,13.337457,0.9105992136868007,0.6777067665136427
725,O=C(Oc1ccc2c(c1)C3(C)(CCN(C)C3(N2C)))NCCCCCCCCN4CC(OC(C)C4)C,0.488240253,0.996487703,-2.4454627,0.179183546295136,0.2815900606546345
726,O=C(Oc1ccc2c(c1)C3(C)(CCN(C)C3(N2C)))NCCCCCCCCCCN4CCOCC4,0.436053971,0.999239276,-2.334161,0.1722852539877925,0.28612896329822457
727,O=C(Oc1ccc2c(c1)C3(C)(CCN(C)C3(N2C)))NCCCCCCCCCCN(CC)CC,0.356875778,0.994913468,1.655569,0.437272280733501,0.36945317944985206
728,O=C2N(c1ccccc1SC2c5cc(OC)ccc5(OCCCN(C)CCOc3ccc4OCOc4(c3)))C,0.316875181,0.461498003,2.0179305,0.2574280147983168,0.3362625641148193
729,O=C(N(C)C)C(c1ccccc1)(c2ccccc2)CC[N+]4([O-])(CCC(O)(c3ccc(cc3)Cl)CC4),0.368377778,0.992864053,3.7097468,0.5302379411969845,0.5220833091922314
730,O=C(OC(C)C)C4=C(N=C(C)C(C(=O)OCCN(C)Cc1ccc(F)cc1)C4(c3cccc2OCOc23))C,0.44228485,0.164974569,8.435975,0.1672463499436612,0.3512961304614973
731,O=C(OC)C3=C(NC(=C(C(=O)OCC(C)(C)CN(C)Cc1ccccc1)C3(c2cc(ccc2(F))[N+](=O)[O-]))C)C,0.259377702,0.17326134,7.237189,0.3443365966707576,0.2336238523223706
732,O=C(N)C(c2cccc1ccccc12)(CC=C(C)C)CCN(CC=C(C)C)CC=C(C)C,0.409583375,0.03453285,11.095373,0.8620505739469065,0.6450451742978551
733,O=C(OC1C(=CC(C)C(O)C(OC)CC(C)CC=2C(=O)C(=NC(=O)C(=CC=CC1(OC))C)CC(=O)C=2(OC))C)N,0.49204846,0.721234826,17.334969,0.7531400224791521,0.4371846555961715
734,O=[N+]([O-])C(CO)(Br)Br,0.338744073,0.998314556,22.82272,0.893864843237458,0.7359838305302739
735,O=S(=O)(CCCl)Cl,0.44513293,0.998487711,16.045637,0.9108802590134948,0.8251440390456102
736,O=P(OCC)(Cl)Cl,0.584323564,0.997383768,16.557705,0.784479955844021,0.6637567529548819
737,O=NN(C(=O)N)C,0.364365308,0.998963831,19.255692,0.8445009842795219,0.6414106495892005
738,NC(NC(N)=S)=S,0.374250028,0.999117224,31.608444,0.3241880772568233,0.7547864510601668
739,O=NN(C(=N)N[N+](=O)[O-])C,0.176439517,0.890551145,31.630672,0.5583892541202872,0.5250502591947871
740,O=P(OC)(N)SC,0.584024963,0.997332241,19.384438,0.9045593556920116,0.7550664428463086
741,O=C(O)C(F)(F)F,0.501116333,0.999187068,3.4589925,0.2407995355737559,0.4927611139115132
742,O=C1Oc5ccccc5(C(O)=C1C(c2ccccc2)CC(O)c3ccc(cc3)c4ccc(cc4)Br),0.229590089,0.905043021,8.836239,0.0786630601879391,0.5892537332757485
743,N#CC(c1ccccc1)(c2ccccc2)CCN4CCC(C(=O)OCC)(c3ccccc3)CC4,0.42462079,0.994300251,0.92753017,0.2719025974183726,0.2434529270968135
744,O(c5ccc4c(OC(C(c1ccccc1)=C4(c3ccc(OCCN2CCCC2)cc3))(C)C)c5)C,0.418317801,0.694915916,-1.1389632,0.3359069639483283,0.2858626623500825
745,O=C2C(=C(O)c1ccccc1S2)C6c3ccccc3CC(c4ccc(cc4)c5ccc(cc5)Br)C6,0.250693897,0.581684667,12.858781,0.0407320304812565,0.6597871447999283
746,O=C1Oc6ccccc6(C(O)=C1C5c2ccccc2CC(c3ccc(cc3)c4ccccc4)C5),0.304055214,0.438490461,5.7711377,0.0614003552672973,0.6391629321186
747,N#CC(c1ccccc1)(c2ccccc2)CCN5CCC(N4C(=O)N(C(=O)CC)c3ccccc34)CC5,0.346812238,0.73033225,-6.070805,0.2508933921257401,0.11602901934242323
748,O=C3OC2CC(OC1(OC(C)C(C)CC1)C2)CC=C(C)CC(C=CC=C4COC5C(O)C(=CC3C45(O))C)C,0.352294469,0.930087615,19.538246,0.9780623909127428,0.7732762510943619
749,O=C(OCCN1CCN(CC1)CCCN4c2ccccc2Sc3ccc(cc34)C(F)(F)F)CCCCCCCCC,0.154320757,0.998673785,8.301251,0.8851852698146699,0.5617868362159358
750,O=C1OC=C(C=C1)C4CCC5(O)(C6(O)(CC(OC(=O)C)C3=CC(OC2OC(CO)C(O)C(O)C2(O))CCC3(C)C6(CCC45(C)))),0.198889379,0.977953986,12.671184,0.985473764893806,0.9051513738730097
751,O=C2OC(C)CC=CC=CC=CC=CC(OC1OC(C)C(O)C(N)C1(O))CC4OC(O)(CC(O)CC3OC3(C=C2))CC(O)C4(C(=O)O),0.156888875,0.999907619,19.460094,0.9703810284082988,0.724641796908762
752,O=C3OC2CC(OC1(OC(C(C)C)C(C)CC1)C2)CC=C(C)CC(C=CC=C4COC5C(O)C(=CC3C45(O))C)C,0.339926285,0.958959305,19.690582,0.983872111560007,0.7934654080232928
753,O=C4N(C(=O)C5C3C(=CC(C3(=C(c1ncccc1)c2ccccc2))C45)C(O)(c6ncccc6)c7ccccc7)C,0.303478062,0.123724299,8.9415655,0.0274845230664086,0.30893216961672665
754,O=C(OC)C5=C(NC(=C(C(=O)OCCN1CCN(CC1)C(c2ccccc2)c3ccccc3)C5(c4cccc(c4)[N+](=O)[O-]))C)C,0.193447515,0.999247922,13.739357,0.5758019440003427,0.5227711283901403
755,O=C(OC4CC6CCC3C(CCC1(C)(C3(CC(OC(=O)C)C1[N+]2(C)(CCCCC2))))C6(C)(CC4[N+]5(C)(CCCCC5)))C,0.301332798,0.999701282,21.725933,0.9272544322187602,0.6396482405947064
756,O=C4N(C(=O)C5C3C(=CC(C3(=C(c1ncccc1)c2ccccc2))C45)C(O)(c6ncccc6)c7ccccc7)CCC,0.244424992,0.369442258,8.357823,0.0411625559622221,0.28749718836932764
757,O=C(N(C)C)CN4C(=O)C5C3C=C(C(C3(=C(c1ncccc1)c2ccccc2))C5(C4(=O)))C(O)(c6ncccc6)c7ccccc7,0.254760157,0.062484285,7.905831,0.0743442542165458,0.3629247407573013
758,O=C(OCCN1CCN(CC1)C(c2ccccc2)c3ccccc3)C5C(=NC(=C(C5(c4cccc(c4)[N+](=O)[O-]))P6(=O)(OCC(C)(C)CO6))C)C,0.093372577,0.55297741,17.25759,0.8195543296604564,0.41042565445203916
759,O=C4N(C(=O)C5C3C(=CC(C3(=C(c1ncccc1)c2ccccc2))C45)C(O)(c6ncccc6)c7ccccc7)Cc8ncccc8,0.192624548,0.271146665,5.238624,0.0360517790979498,0.2675702979246707
760,N#CC(C#N)(Cl)Cl,0.468234127,0.996725281,27.652351,0.814933803829151,0.37476486887080956
761,O=C(C(F)(F)Cl)C(F)(Cl)Cl,0.646852281,0.998842536,14.566203,0.9060981269171248,0.7146286178505211
762,N#CC(=C(Cl)Cl)Cl,0.494132673,0.996800948,26.543255,0.5184318749544271,0.2780526035433305
763,O=C(C(Cl)(Cl)Cl)C(Cl)(Cl)Cl,0.613805655,0.998970469,34.299725,0.9047596867875952,0.8207783813175947
764,O=C(C(F)(F)F)C(F)(F)Cl,0.447480957,0.998895696,5.9869876,0.9393949095835372,0.6786305495161662
765,O=C(C(F)(F)F)C(F)(F)F,0.500030857,0.999295042,16.15031,0.900783890638141,0.7142880804207702
766,NC(NNCNNC(N)=S)=S,0.127690656,0.998515966,38.58329,0.5677126735395283,0.6182006697160041
767,O=P(OCC)(N)SC,0.626531529,0.994555406,11.848879,0.8178540931160104,0.5686433374763886
768,N#CC(CCl)(Cl)Cl,0.535013928,0.99599691,26.317526,0.7494623620649431,0.32008438209207946
769,O=[N+]([O-])c1nccs1,0.421404676,0.997967812,16.80044,0.5739558587169976,0.6799664199067992
770,N#CSCSC#N,0.321594517,0.998348584,21.956886,0.1875929338686675,0.23223661228640538
771,O=C(O)C(CCl)Cl,0.583088018,0.999306572,11.70419,0.9427828930179604,0.8554317190358585
772,O=S(=O)(C(=CCl)Cl)C,0.601484093,0.999250482,18.175716,0.8761514996329144,0.6905433571185868
773,C(CCl)C[Si](Cl)(Cl)Cl,0.382199176,0.998484443,18.783878,0.7236935087645869,0.7157558779461581
774,O=[N+]([O-])C(C)CCl,0.310991167,0.998661157,17.545643,0.8656843408933685,0.812442174275413
775,O=[N+]([O-])OCC(O[N+](=O)[O-])C,0.412948987,0.998307744,30.753098,0.4967164376674294,0.6407447258072297
776,O=[N+]([O-])N1CN([N+](=O)[O-])CN([N+](=O)[O-])C1,0.405357004,0.998843897,35.28759,0.9157581663027836,0.522600307080193
777,O=S1(=O)(OCCC1),0.415503947,0.998325641,14.944371,0.8849006582101097,0.46425057689870863
778,O=NN(C)CCCl,0.315752955,0.99753752,22.252247,0.6286566928137663,0.6205733123656788
779,O=NN(C(=O)NC)C,0.385969801,0.998120743,9.728428,0.7423292519003879,0.5294901191730348
780,N1C(NCNC1)=S,0.35450151,0.996306032,21.644474,0.5449315267592064,0.6882158706351306
781,O=[N+]([O-])CCCO,0.393656459,0.99302268,20.26835,0.3272213509489434,0.5227455398369408
782,O=CNP(=O)(OC)SC,0.500332173,0.994516071,19.416018,0.848227524725161,0.6066422217971585
783,O=NN(N(C)C)C,0.366428211,0.998420427,22.884096,0.3565863446842214,0.3065555206663093
784,N=C(N=C(N)NC)N,0.226085759,0.999240496,29.329168,0.6681141357788548,0.7493952006937895
785,O=P(OC)(SC)SC,0.610726475,0.998450289,18.64102,0.7413898391114336,0.595374929115567
786,CSP(SC)SC,0.599414868,0.998798507,16.218866,0.6558883636151801,0.7789563951956727
787,n1c([nH]c(c1Br)Br)Br,0.784226842,0.998237615,19.8847,0.8084074571562848,0.5495187576935386
788,O=C1NC(=O)N(C(=O)N1Cl)Cl,0.562367174,0.999564559,6.58328,0.922569889457216,0.8724623686536235
789,O=C(C(Cl)Cl)C(Cl)(Cl)Cl,0.632968725,0.998666589,25.484312,0.895199835519359,0.7853322794346578
790,n1c([nH]c(c1I)I)I,0.609708202,0.999084833,29.284273,0.6783511339451573,0.5195853179562973
791,O=CCC3CC(C)C(O)C=CC=CCC(OC(=O)CC(O)C(OC)C3(OC2OC(C)C(OC1OC(C)C(OC(=O)CC(C)C)C(O)(C)C1)C(N(C)C)C2(O)))C,0.175831551,0.995309358,22.54536,0.9656818911857108,0.46331129992934306
792,O=C1OCC(=C1)C6CCC7(O)(C8CCC5CC(OC4OC(C)C(OC3OC(C)C(OC2OC(C)C(O)C(O)C2)C(O)C3)C(O)C4)CCC5(C)C8(CCC67(C))),0.188481572,0.999925873,8.542562,0.9997966834426776,0.909298469792283
793,O=C1OCC(=C1)C6CCC7(O)(C8CCC5CC(OC4OC(C)C(OC3OC(C)C(OC2OC(C)C(O)C(O)C2)C(O)C3)C(O)C4)CCC5(C)C8(CC(O)C67(C))),0.162214624,0.999888988,12.648227,0.9998011223088464,0.9120316892407315
794,O=C(OC)C5c1cc6C(=O)c7cccc(O)c7(C(=O)c6(c(O)c1C(OC4OC(C)C(OC3OC(C)C(OC2OC(C(=O)CC2)C)C(O)C3)C(N(C)C)C4)CC5(O)(CC))),0.22836137,0.999560548,19.962479,0.9937542289491438,0.8911264859718289
795,O=C1OCC(=C1)C6CCC7(O)(C8CCC5CC(OC4OC(C)C(OC3OC(C)C(OC2OC(C)C(OC)C(O)C2)C(O)C3)C(O)C4)CCC5(C)C8(CC(O)C67(C))),0.178086776,0.999891778,15.03976,0.9939996211709072,0.8913089942630611
796,O=C(O)C(CC)C1OC(C(C)CC1(C))C(C)C(O)C(C(=O)C(CC)C5OC4(OC2(OC(C)(CC2)C3OC(C)C(O)(CC)CC3)C(O)C=C4)C(C)CC5(C))C,0.162151526,0.997684615,20.11026,0.9852856907225608,0.8514943097774734
797,O=CCC4CC(C)C(OC1OC(C)C(N(C)C)CC1)C=CC=CCC(OC(=O)CC(O)C(OC)C4(OC3OC(C)C(OC2OC(C)C(O)C(O)(C)C2)C(N(C)C)C3(O)))C,0.174749328,0.999863465,18.146652,0.9574675640288458,0.4399452736648769
798,OCC=C3C[N+]5(CC=C)(CCC47(c1ccccc1N6C=C8C%10C(=CCO)C[N+]%11(CC=C)(CCC9(c2ccccc2N(C=C(C3CC45)C67)C89)C%11(C%10)))),0.317226051,0.923008505,31.646385,0.6032880189466189,0.28496157502774244
799,O=C2OC(C(=CC1CCC(O)C(OC)C1)C)C(C)C(O)CC(=O)C(C=C(C)CC(C)CC(OC)C4OC(O)(C(=O)C(=O)N3CCCCC23)C(C)CC4(OC))CC=C,0.184955536,0.999954528,9.7352915,0.999697175687482,0.2948037174548189
800,c1(c(c(Cl)sc1Cl)Cl)Cl,0.610982581,0.993180364,25.17868,0.5989716778365052,0.29223189869729443
801,O=P(F)(OC(C)C)C,0.549344464,0.999103202,14.373754,0.8524008261226511,0.7087451604708107
802,O=NN(CC)CC,0.393230388,0.998157188,19.311047,0.1038251143587882,0.3062571734611629
803,O=NN(C)C(OC)C,0.309220688,0.997041313,16.685228,0.3524599491477058,0.3402797022583576
804,O=NN(C)CCN(N=O)C,0.41056359,0.996384569,23.727121,0.1622753928428518,0.1755051923660915
805,OCCSSCCO,0.44273582,0.995206021,20.472279,0.076571090343369,0.493598452818701
806,N=[N+]=NP(OCC)(OCC)=S,0.414034189,0.995039473,6.431455,0.3973163216548971,0.2946216693907797
807,OCCNCCO,0.383744844,0.999311796,10.567777,0.0668879953936843,0.3341254051283363
808,O(CC)P(OCC)=S,0.57242269,0.995145233,14.82726,0.1683917260188355,0.35088464332840574
809,O=P(OC)(CC)SC,0.58277096,0.998343831,19.753965,0.6953002966966005,0.44239986035841505
810,O=P(OC)(OC)OP(=O)(OC)OC,0.647777927,0.998473593,23.137106,0.8823095517629206,0.5672383683337002
811,O=CC(=C(C(=O)O)Cl)Cl,0.494178807,0.998241291,21.30474,0.8320475596029109,0.7395308993039496
812,N#CSC=CSC#N,0.552196423,0.998218117,32.845207,0.1338831844582432,0.4665179123270805
813,N1=CC=NC(=S)SSSSC1=S,0.494089068,0.999743497,31.514008,0.3952692524877984,0.5651517961845172
814,O=C1C=C(O)C1(=O),0.422740856,0.998541457,17.133059,0.7016774790379162,0.6260594149078563
815,N#CSCC(Cl)SC#N,0.489968894,0.996327837,20.27261,0.2108733624356811,0.20392365701964826
816,O=S1(=O)(CC(C(C1)(Cl)Cl)(Cl)Cl),0.620187214,0.998414286,34.68013,0.8950020233433739,0.6196437945864297
817,O=S(C(C(Cl)Cl)Cl)C(C(Cl)Cl)Cl,0.726479013,0.999017106,21.085575,0.8915922073445978,0.51924395976727
818,O=NN(CC(F)(F)F)CC(F)(F)F,0.405558757,0.997972122,4.550683,0.8443490231627203,0.469965792681975
819,FCCOC(C(Cl)(Cl)Cl)Cl,0.676822794,0.995851462,17.315672,0.7181261496745422,0.35913993056865806
820,O=C(OCC=C)Cl,0.40831719,0.997595189,9.844097,0.0522785162603582,0.5233255319155731
821,O=C(OC)C(=C)Cl,0.379916477,0.998495992,4.918676,0.2153432165907799,0.6841678328663792
822,N#CCOC(=O)C,0.436995535,0.999482969,15.053878,0.0384756199165305,0.17602199901524368
823,O=S(=O)(C(CCl)Cl)C(CCl)Cl,0.724282691,0.998831583,17.537067,0.9068838141211004,0.7977891401351808
824,Oc1noc(c1)CN,0.531660774,0.995961329,13.796976,0.0977593058654857,0.3086490051355842
825,N1C(=S)SC(NCC1)=S,0.525670469,0.996176834,19.885128,0.2912368823417774,0.5768599222140607
826,O=NN(C(=O)C(=O)N(N=O)C)C,0.312515316,0.998158014,17.708761,0.6128806903394355,0.3630519108131244
827,O=S(=O)(C=C)C=C,0.534198918,0.997357412,16.670347,0.3756300121492049,0.5552644333450985
828,O=C(OC(=O)OC)OC,0.357000166,0.998046726,14.666099,0.3220167358940189,0.4525805567425455
829,O=P(OC)(OC)OC(C(Cl)(Br)Br)Cl,0.539218187,0.99872968,28.615074,0.8920173546665789,0.6496021418692562
830,O=S1(=O)(CCC(C1)Br),0.534179881,0.995879231,16.80971,0.8567614169737524,0.4718051268375831
831,O=C(OCCCl)C,0.399927146,0.996890247,12.363245,0.045827970245952,0.6517338724757407
832,O=C(O)CC(N)C(=O)O,0.452021255,0.999809221,19.831707,0.8211116057509272,0.7701184211950052
833,C(CSCCCl)Cl,0.447195485,0.999192578,23.390148,0.103534081763441,0.4736000593076075
834,O=P(OC)(OC)C(O)C(Cl)(Cl)Cl,0.621638147,0.999405689,24.195282,0.92313217341017,0.8075623460911812
835,O=NN(C=C)CC,0.393135833,0.996548363,28.325207,0.1486082577658124,0.19871932076060736
836,O=NN(C(=O)OCC)C,0.411240496,0.997691329,11.655416,0.3107645165315745,0.24813917783706416
837,O=NN(C)COC(=O)C,0.236666085,0.996912784,13.504981,0.1322116141982615,0.3372375372268517
838,C=CCNC(N)=S,0.393926983,0.997980213,19.887611,0.1960377016207668,0.3740698947423122
839,O=C(OCC)CS,0.423496028,0.998393875,15.14894,0.0481357550649207,0.3693700936479953
840,O=C(OC)CCS,0.423496028,0.998934002,18.83746,0.048683090195557,0.42280866773809567
841,OP(OCCCl)OCCCl,0.531785596,0.991786094,26.510576,0.837960902238308,0.6240752735044423
842,CC(C)C[Si](Cl)(Cl)Cl,0.464150081,0.99902144,7.4862933,0.5642156744806773,0.6657571801951886
843,O=NN(C(=O)N(C)C)C,0.378852427,0.998431038,16.628569,0.8340843916259094,0.5310954939534541
844,N(NC(N)=S)=C(C)C,0.303801816,0.998261935,29.704584,0.2285377719240983,0.5960161126424633
845,O=NOCCCC,0.306877052,0.997279533,22.815262,0.0341150588189915,0.2210098959257118
846,O=C(NC(C(=O)NC(C(=O)NC(C(=O)NC1C(=O)NC(C(=O)NC(C(=O)NC(C(=O)NC(C(=O)NC(C(=O)NC(C(=O)NCC1)C(O)C)CCN)CCN)CC(C)C)CC(C)C)CCN)CCN)C(O)C)CCN)CCCCC(C)CC,0.0310861,0.999818289,30.50256,0.9164857188484536,0.675568902869881
847,O=C1OC(C(=O)NC(C(=O)NC(C(=O)OC(C(=O)NC(C(=O)OC(C(=O)NC(C(=O)OC(C(=O)NC(C(=O)OC(C(=O)NC(C(=O)OC1C)C(C)C)C(C)C)C(C)C)C)C(C)C)C(C)C)C(C)C)C)C(C)C)C(C)C)C(C)C,0.142534425,0.932891306,33.911186,0.9126357884243468,0.583122262393782
848,FC1(F)(C(=C(C(F)(F)C1(F)(F))Cl)Cl),0.571706919,0.971743287,-5.0508966,0.8832353760632475,0.4019556648112547
849,O=C1C(=C(C(C1(Cl)Cl)(Cl)Cl)Cl)Cl,0.622501549,0.999553373,37.722797,0.8614120486530078,0.5476032035528279
850,O(COCCCl)CCCl,0.343540523,0.99403988,19.435364,0.1738729911615945,0.4887483714663402
851,OCC(CO)(CCl)CCl,0.605081037,0.999126352,18.009308,0.7816815968977963,0.7230186706513084
852,N#CC(N)(C)CC,0.522781654,0.996992293,23.857994,0.1776773293901268,0.19019733406823439
853,O=C1N(C)CCN1C,0.433992046,0.998988435,13.760722,0.4679974076846578,0.28338154070383675
854,N(C)(CCCl)CCCl,0.55574007,0.999504564,16.02042,0.3505013782789464,0.675475553179016
855,[O-][N+](C)(CCCl)CCCl,0.356838366,0.996844423,28.491302,0.8147135533591351,0.706581889654115
856,O=NN(C(=O)NCCS(=O)(=O)N)CCCl,0.36803698,0.998317431,16.532593,0.599947783322384,0.45263812901337896
857,O=NN1CCN(C)CC1,0.464283965,0.998926935,14.571,0.0587967418186111,0.15290587139825992
858,O=C(OCSP(OC)(OC)=S)C,0.407145765,0.997019427,16.568296,0.1178220367738538,0.37968577590950375
859,OCCN(C)CCCl,0.558032095,0.998411022,12.259307,0.0506123362232394,0.24963541720594953
860,O(CC)P(OCC)(=S)SCCl,0.518771569,0.999128139,10.606984,0.5171556974895192,0.2913005578887661
861,O=P(CCl)(SCC)SCC,0.515044542,0.99286197,21.046825,0.4753574284106459,0.4272752168567524
862,O=NN(C)CCCC,0.410535286,0.996340826,18.036,0.0693249433465354,0.2207247752617024
863,O=C(NC)CSP(OC)(C)=S,0.708411981,0.996261455,0.81303823,0.5721334069923723,0.37417287863576326
864,O=C(NC)CSP(=O)(OC)SC,0.725301106,0.996685572,15.594445,0.4390323938491583,0.4767907758628695
865,O=C(NC)CSP(=O)(OC)OC,0.686179492,0.997703598,14.945891,0.6164721484600139,0.533561824663848
866,O=C(NP(=O)(OC)SC)COC,0.686179492,0.998867847,14.45818,0.81844669970454,0.45121284049227794
867,C[N+](C)(C)CCBr,0.426198643,0.996394901,13.839757,0.7768515269932382,0.7855836740411705
868,O=P(OC)(CCC)SC,0.603358323,0.998289313,15.804667,0.5577930634770712,0.3950886680110958
869,O=P(OC)(CC)SCC,0.603358323,0.99811312,19.494205,0.5093260913287754,0.33515069645792367
870,O(C)P(OC)(=S)SCCSC,0.515845705,0.998704745,21.596146,0.3776328769019783,0.503056797246261
871,O=P(OCC)(OCC)SC,0.614872426,0.998289313,9.741306,0.5834167311312761,0.4327223816038196
872,O=P(OC)(OC)SCCSC,0.503209211,0.998627949,21.270988,0.3974176492308929,0.44924599977815405
873,Oc1c(cnc(c1Cl)Cl)Cl,0.650365097,0.851645179,20.778605,0.2669246121371331,0.4267146297947426
874,O=[N+]([O-])c1cnc(c(c1)[N+](=O)[O-])Cl,0.412424464,0.998429966,14.795119,0.7091174051345358,0.28729478955669263
875,O=Cc1occc1,0.489695019,0.998167503,20.402298,0.0514260514998021,0.34676833393672446
876,N#CC(OC(=O)C)=C,0.282393981,0.99825271,17.384857,0.1828168186446078,0.19247865299244413
877,N=C1C=CN(O)C=C1,0.460491051,0.99736194,4.3751526,0.0499852167763775,0.35648665608177377
878,n2nc(NCNc1nncs1)sc2,0.735491273,0.99829983,16.306385,0.2230859194006036,0.22977862075428676
879,O=CC=CC1OC1,0.279121647,0.996898866,20.603598,0.0471305550353024,0.24013129333173916
880,N#CCC(O)C=C,0.508135108,0.986108702,20.245167,0.0756554281978686,0.11114550955076537
881,N#CCC(=O)OCC,0.48869371,0.997639903,17.406565,0.0225504175524574,0.10250484118775191
882,N#CCSC(OCC)=S,0.575412989,0.479815304,17.739357,0.045850045848872,0.11400743944601983
883,O=C(OCC)C(CBr)Br,0.56991884,0.998306595,3.019411,0.1122198016387556,0.3861148370637423
884,O=S(=O)(F)C1CCC(C1)S(=O)(=O)F,0.652569372,0.997807612,17.095547,0.5638738723443013,0.46302325619782525
885,O=C(ON=C1SCCS1)NC,0.498930266,0.997478403,14.104299,0.7161703658153291,0.1476228095707128
886,O=C(ON=C1CSCCS1)N,0.494418203,0.942088097,16.361794,0.5074036578489851,0.3815364077880045
887,O1CCOC1C=C,0.447735455,0.995747984,12.701736,0.047198824790465,0.23545200248902334
888,O=C(OCC=C)C,0.377544829,0.998112053,1.7062763,0.043700179330171,0.29029308583715013
889,O=CCCCC=O,0.381710195,0.996357683,28.018492,0.037479393442088,0.3243357515319512
889,O=CCCCC=O,0.381710195,0.996357683,28.018492,0.037479393442088,0.3243357515319512
890,CC(C)SSC(C(Cl)Cl)Cl,0.534061446,0.995611212,16.875996,0.2966441989252561,0.4209789378411342
891,n1ccn(c1)P(N(C)C)(=S)Cl,0.692986407,0.641486766,11.826641,0.710323324041255,0.47831601961908443
892,O=P(OC)(OC)C(O)(C(F)F)C(F)F,0.586442821,0.999178501,18.496473,0.8845470929892957,0.7607839341407673
893,O=C1N=C(NO1)CSP(OC)(OC)=S,0.790544237,0.046547011,11.379083,0.8210569095023059,0.4928043306155393
894,N#CC(O)CCSC,0.571031567,0.996527682,18.564335,0.0732647180611168,0.10431380610639389
895,O=C(ON=C1C(C)SCS1)NC,0.521323632,0.114871808,20.499376,0.5856786894508389,0.11077865278684777
896,O=C(ON=C1CSCCS1)NC,0.516037017,0.608938747,12.622075,0.37862396932125,0.374440736735895
897,O=C(ON=C1COC(C)S1)NC,0.489696823,0.035914558,9.559,0.5643944718892498,0.19841386206816258
898,OC(=NC)ON=C1C(OCS1)C,0.379932365,0.211665252,23.131876,0.2390006538309959,0.13730498627036503
899,OC(=NC)ON=C1COCCS1,0.373870005,0.130484323,23.023163,0.1681692100889448,0.21720642035188864
900,C#CC(O)CCC,0.505903882,0.998809286,11.23155,0.0664748164932724,0.14095054568145965
901,O1CC1CSCC2OC2,0.540428946,0.994557391,18.08928,0.0501987888442648,0.1438562050424158
902,O(C(=S)SSSSC(OCC)=S)CC,0.419465,0.997211605,25.078487,0.4724470247592474,0.7085017123856202
903,O=C(OCC(O)C)C=C,0.434950637,0.999589194,12.4206085,0.135582862590902,0.3179263378510295
904,O=C(O)CCC(C(=O)O)C,0.60763964,0.998779555,3.7475772,0.2724395184700987,0.45175381093187406
905,O=S(=O)(C=C)COCS(=O)(=O)C=C,0.638436823,0.995541254,18.087814,0.1111520123394273,0.33077337843621885
906,O(CC)P(OCC)(OC(C(Cl)(Cl)Cl)Cl)=S,0.535832054,0.955840353,24.040962,0.8392507638317809,0.41001769644750163
907,O1CC(OC1(C)C)CCl,0.526132816,0.997490861,10.702975,0.3898164083168358,0.4114227461727311
908,O=C(O)C1(N)(CCCC1),0.536341031,0.99912193,13.745994,0.8512847949491907,0.41191702022874566
909,O1CC2(COP1OC2)CC,0.548852225,0.997133921,28.636534,0.0705095190219946,0.37061486705116764
910,O1C=CSCC1SP(OC)(OC)=S,0.719883132,0.0476281,23.408382,0.0911300236616871,0.3235041924894483
911,O=P12(OCC(CO1)(CO2)CC),0.571415623,0.996709499,21.085571,0.1667031383147922,0.36334203818486543
912,O(C(C)CCl)C(C)CCl,0.589172514,0.996801757,2.9727387,0.1782959593157008,0.3618844844091974
913,O(CCOCCCl)CCCl,0.443746749,0.994469584,15.574195,0.2078292541572226,0.49935051678333303
914,O=S(=O)(COCS(=O)(=O)CCCl)CCCl,0.599399969,0.996605278,19.545319,0.8537678844310795,0.5875548471073301
915,N(CCCl)(CCCl)CCCl,0.598478812,0.998744996,22.133316,0.7446979897086496,0.7159353330854018
916,O(CCCl)P(OCCCl)OCCCl,0.475625927,0.996868835,34.123848,0.7869562543912204,0.5178350196384434
917,O=P(OCC)(OCC)SC(C(Cl)Cl)Cl,0.519486661,0.692016345,16.158718,0.7648895138397531,0.4057714809811944
918,O=C(NCC(C)C)CF,0.603749346,0.998473859,11.16253,0.0253493734750652,0.19266763961017844
919,N#CCN(CC)CC,0.505997796,0.997754347,6.307544,0.0484539852044145,0.12203916156912151
920,N1(CC1)P(N2CC2)(N3CC3)=S,0.461379514,0.998588685,-11.565642,0.7655193180446594,0.5795804366983652
921,O=P(N=C1SCS1)(OCC)OCC,0.692398303,0.434847499,23.751266,0.7855618378064889,0.2405356603565029
922,N(CC)(CCCl)CCCl,0.568242077,0.998332707,15.6384325,0.3501862226057897,0.6829577809424486
923,O(CCCl)[SiH](OCCCl)OCCCl,0.467689377,0.997253957,21.103779,0.7525811059747202,0.556642041444447
924,O=NN(C(=O)NCCS(=O)(=O)NC)CCCl,0.368769323,0.998151105,18.36609,0.1850620301282563,0.40099769701563065
925,O1CCC[N+]1(C)CCCl,0.421860438,0.878649921,17.508556,0.2821297706079741,0.5782438530026923
926,O=C(NP(=O)(OC)SC)CCCCl,0.576008666,0.995528627,16.536335,0.7490219770932772,0.6381911358000831
927,N1CCCCCC1,0.480091881,0.998671193,22.720732,0.0052729180485783,0.12355508523348557
928,O=S(=O)(N)C1CCCCC1,0.615258788,0.998631118,10.296641,0.0584785189789903,0.3633916139620396
929,O=C(NP(=O)(OC)SC)CCC,0.706658036,0.998469416,10.735804,0.8061833516744253,0.38251583709518255
930,O=C(N)CSP(OCC)(OCC)=S,0.686544361,0.994100489,6.098449,0.5515707000388931,0.380522753962598
931,O=C(NCCSP(OC)(OC)=S)C,0.563775337,0.987225397,19.384422,0.3011551338143188,0.43839542046616453
932,O=P(OC)(CC)SCCC,0.6112321,0.998535848,20.953959,0.4553254272178982,0.25351405690021955
933,O=P(OCC)(CC)SCC,0.6112321,0.998116903,16.859192,0.4915305363846883,0.27996884607975564
934,O(CC)P(OCC)(=S)SCC,0.632243396,0.998241772,3.8634343,0.4106311404231246,0.32679414589951306
935,O=P(OCC)(SCC)SCC,0.630504701,0.998581567,17.456388,0.3950136148410539,0.3575407603384416
936,O=P(OCC)(OCC)SCC,0.614560301,0.99823824,13.589204,0.5394843295988244,0.3573319734363679
937,O=P(OC)(OC)SC(C)(C)C,0.653003277,0.998857419,18.697285,0.5586927758047208,0.4459277060318211
938,O(C)P(OC)(OCCSCC)=S,0.493877764,0.998394411,19.256212,0.3258831847220237,0.484324619545142
939,O=S(CC)CCSP(OC)(OC)=S,0.655817488,0.51817765,21.146122,0.1947296817655982,0.4780110620404889
940,O=S(CC)CCSP(=O)(OC)OC,0.641975229,0.995848335,19.459896,0.4861968814169217,0.5808279406113875
941,NCCN(CCN)CCN,0.411322805,0.999379626,2.389995,0.4007446676688589,0.2924208379382239
942,Oc1cc(c(c(c1Cl)Cl)Cl)Cl,0.528719364,0.992374006,18.473915,0.3805540716133079,0.4370202606193964
943,Oc1c(cc(c(c1Cl)Cl)Cl)Cl,0.528719364,0.993805647,21.246967,0.3925414647051931,0.47798276204950696
944,O=[N+]([O-])c1cc(c(F)cc1(F))[N+](=O)[O-],0.542152321,0.999505806,23.703648,0.7847499139411983,0.24840542432012325
945,Fc1ccc(c(F)c1)Br,0.555323881,0.995239649,13.547412,0.0264129969693313,0.3093565583008836
946,Fc1nc(ccc1)C(F)(F)F,0.423990008,0.998186391,-0.33177423,0.0902139585288278,0.33450636284605856
947,O=[N+]([O-])c1cc(cc(c1)[N+](=O)[O-])[N+](=O)[O-],0.550531901,0.99899639,19.588652,0.862561080417032,0.4000625530249132
948,O=[N+]([O-])c1cc(c(O)c(c1)[N+](=O)[O-])[N+](=O)[O-],0.601626964,0.997246601,21.411896,0.8293232291392653,0.23998407598892038
949,Oc1ccc(cc1Br)Br,0.752002754,0.999156946,9.09051,0.0341726889934689,0.3899161906869494
950,O=[N+]([O-])c1cccc(c1)Cl,0.463602103,0.999767246,15.20494,0.0216841397570381,0.2165081428914705
951,O=[N+]([O-])c1ccccc1Cl,0.463602103,0.998919449,13.9470415,0.0258783790566133,0.22550823311334506
952,O=[N+]([O-])c1ccc(O)c(c1)[N+](=O)[O-],0.548520191,0.999376397,21.998236,0.1956497975052805,0.23541741138713795
953,O=[N+]([O-])c1ccc(N)c(c1)[N+](=O)[O-],0.418401952,0.999486609,21.697287,0.3394261852596238,0.2485228428827541
954,O=[N+]([O-])c1ccc(O)cc1,0.470728212,0.999283958,17.88885,0.0705156346323288,0.1865475443739909
955,O=C(n1c(nc(c1Br)Br)Br)N(C)C,0.698952004,0.890926333,12.428089,0.7912205499184699,0.66583209193775
956,Nc1ccc(cc1)Cl,0.529786082,0.998899645,10.742883,0.0102085857111078,0.4301249270993174
957,Nc1cccc(c1)Cl,0.529786082,0.998829643,9.786675,0.0071297304148102,0.28003347354429264
958,O=C(OC)c1occc1,0.528065214,0.998841068,14.862229,0.0261438862810819,0.21593655638423598
959,O=S(=O)(O)c1cc(O)ccc1(O),0.43825174,0.999562851,16.343033,0.1035735469602299,0.5423713168480295
960,c1ccc(cc1)S,0.484903341,0.999345949,20.07174,0.0054064320903015,0.24351540327298146
961,O=NN(c1ccncc1)C,0.454117324,0.998657977,9.309577,0.0837327608067608,0.14320958710407466
962,ONc1ccccc1,0.535273156,0.996861842,17.091629,0.0093036833984762,0.1240979845542961
963,N#CCC(=O)OCC=C,0.410264027,0.644789379,17.515343,0.0369690554793311,0.1043196798996997
964,N#CCCOC(=O)C=C,0.315524212,0.569392796,19.590054,0.039186258458015,0.09795542204203835
965,O=C1C=CC(=O)N1CC,0.459920154,0.999458537,17.139534,0.7608117242129652,0.5488589532443279
966,N#CC(OC(=O)C)C=C,0.401382273,0.992759771,2.9077053,0.0820219917988273,0.1532269853220626
967,O=C=NCCOC(=O)C=C,0.1826235,0.102715392,18.425497,0.1122492220838793,0.2362000261475569
968,O=P(O)(O)c1ccccc1,0.584496819,0.998091373,7.7800612,0.0158645768083268,0.3623099120252179
969,O=[N+]([O-])N=C(NC)NCc1cnc(Cl)s1,0.355200432,0.018424966,20.380604,0.6055699044252852,0.36051968426276126
970,O=C(OCCOC(=O)CF)CF,0.443670408,0.998014309,17.848196,0.2755337482459852,0.45698396111161255
971,n1cc(ccc1N)C,0.537512332,0.996845527,16.154274,0.0150401426199188,0.17671471384018694
972,n1ccc(cc1N)C,0.537512332,0.997447991,9.825806,0.0166285123836627,0.18797267538963713
973,n1c(N)cccc1C,0.537512332,0.991962631,-1.253001,0.0152093081757224,0.18576602949057114
974,n1cccc(c1N)C,0.537512332,0.997447991,16.45271,0.0200024325423519,0.21460180372274612
975,Nc1ccc(N)cc1,0.483927366,0.997518664,17.916748,0.2724777074320421,0.5542235328487161
976,Nc1cccc(N)c1,0.483927366,0.998512183,16.027296,0.0732855225434628,0.35729402683883904
977,NNc1ccccc1,0.415302623,0.996681554,17.682266,0.0388202886423519,0.14324801983273394
978,Oc1ccc(N)cc1(N),0.268554195,0.996599121,12.048163,0.0871267975292147,0.3673295012283448
979,n1ccnc(c1)CCS,0.618768687,0.99804847,3.0854735,0.0299342613370757,0.17678551430902756
980,O=CC=CC=CC,0.28763077,0.999555007,29.038288,0.0394778513049074,0.20275147269601684
981,o1ccc(c1C)C,0.480403649,0.997756889,17.630344,0.0298321358710701,0.1784818132736527
982,O=C(OC(=C(Cl)Cl)P(=O)(OC)OC)C,0.44289749,0.998350452,18.91645,0.8753055227258649,0.7083493425487026
983,O=P(OC=C(Cl)Cl)(OCCCl)OCCCl,0.386761782,0.974674106,25.83207,0.920149125929794,0.7367686996706567
984,O=C(OCCCl)C(=C)C,0.343156349,0.995020896,13.104586,0.0226884706398725,0.28022926677039395
985,O=C(OCC)C(C(=O)C)Cl,0.351268728,0.998819536,4.891804,0.2483649386904145,0.3226023454649716
986,c1cc([nH]c1C)C,0.503772834,0.999206742,9.59084,0.0614093193341562,0.15207797540404086
987,N1=C(SCC=C)SCC1,0.571376912,0.9889195,13.013868,0.0797583502767788,0.10164323344531294
988,Oc1c(c(c(c(c1Br)Br)Br)Br)Br,0.393024294,0.999201389,31.749763,0.1107991277466286,0.3968186309493166
989,Oc1c(c(c(c(c1Cl)Cl)Cl)Cl)Cl,0.534640124,0.998440468,32.35961,0.5076956422712925,0.4685880847419396
990,C1CC2CCC1C2(Br)Br,0.581592745,0.998813578,22.945957,0.3606487819087872,0.3760919454933894
991,O=C1C=CC(=NN1CSP(OC)(OC)=S)Br,0.763109435,0.366097809,12.573703,0.0677597980081639,0.3342447384481465
992,O=C1C=CC(=NN1CSP(OC)(OC)=S)Cl,0.776374605,0.183243534,15.681651,0.1306440631778429,0.3555319299068271
993,n1c(cc(nc1Cl)C)N(C)C,0.600161332,0.996695134,2.961691,0.0253613587548116,0.32827302921307333
994,Nc1ccc(N)c(c1)C,0.50715842,0.99949044,16.102661,0.0410044575525114,0.2763380760806941
995,NNc1ccc(cc1)C,0.434700268,0.998970108,13.465396,0.0357321608278462,0.17104953503425738
996,n1ccc(cc1)N(C)C,0.555089478,0.998170787,-4.239226,0.0109486476921439,0.16120156682388306
997,O(c1cc(N)ccc1(N))C,0.565601497,0.9983991,12.08341,0.0191648631686884,0.17017466690806882
998,O=S(=O)(NN)c1ccc(cc1)C,0.509722637,0.998523349,13.622754,0.0342995731700986,0.20064189141979966
999,n1cccc(N=NN(C)C)c1,0.474687775,0.96330944,10.965453,0.0297766291983575,0.18279460504711656
1000,O=C(OCC=C)C(=C)C,0.323364877,0.998374661,7.500773,0.0343877666083496,0.21137234676181788
1001,O=C(OCC(=O)OCC)C=C,0.435246696,0.998561395,16.225662,0.0223484728092735,0.17106386908228485
1002,O=C(OC(OC(=O)C)C=C)C,0.343070348,0.995778108,1.5741652,0.0905658740961911,0.3143711518409527
1003,C1CC2CC1C3C2SSS3,0.538421473,0.999803634,22.600616,0.0924166644308413,0.22735225388669664
1004,O=P(OC=C(Cl)Cl)(OCCCl)NCC=C,0.322408844,0.600089338,20.853241,0.3426620753950589,0.2723865724478375
1005,O=P(OC=C(Cl)Cl)(OCC)OCC(CCl)Cl,0.377947038,0.069168209,20.34879,0.8337509683705412,0.6067710922166609
1006,O=C(C)CC1OCC(O1)CCl,0.603974561,0.325694065,12.743323,0.0364054488051906,0.1989174687859026
1007,N#CSCC(N(C)C)CSC#N,0.628320344,0.997027171,18.53997,0.3374773761740096,0.16987726142487844
1008,N#CCC(=O)C(C)(C)C,0.532670851,0.998327471,20.101667,0.0756969524504856,0.24796304845210582
1009,N#CC1(O)(CCCCC1),0.494294543,0.997890243,23.302744,0.1494845263712808,0.1238260684258996
1010,NC(C1CC=CCC1)=S,0.44343539,0.993251302,14.979207,0.0220436363895923,0.3005802006364112
1011,O=P(OC=C(Cl)Cl)(OCCC)OCCCl,0.384718391,0.833726789,22.914574,0.7688669145415584,0.5749009576805479
1012,N(OC)=CC1=CCCNC1,0.448339556,0.419456945,14.967486,0.0286632691591256,0.12861452673800272
1013,N#CC(N1CCOCC1)C,0.52283795,0.802958851,2.2861524,0.0229517247732779,0.08354674526877806
1014,O=C(ON=C1C(C)SCCS1)NC,0.537547427,0.24104043,3.263111,0.3290494305362735,0.33999634627125574
1015,O=C(ON=C1CSC(C)(C)S1)NC,0.541197233,0.338743339,13.894533,0.6802247170976075,0.16402569369370026
1016,O=C(ON=C1C(C)(C)SCS1)NC,0.541197233,0.242243588,14.429942,0.5895291553329643,0.1429753334734485
1017,O=C(ON=C1C(OCS1)CC)NC,0.541262788,0.017710546,9.13118,0.5410635564373419,0.15244319297793357
1018,O=C(ON=C1COC(CC)S1)NC,0.541262788,0.012584586,10.395946,0.4569198362024497,0.2322326950911
1019,OC(=NC)ON=C1C(OC(C)S1)C,0.397694441,0.430189781,23.420752,0.3117906532767466,0.3884145330202689
1020,O=C(ON=C1C(OCCS1)C)NC,0.506897971,0.024040157,4.717665,0.2405019563351997,0.27430745205767126
1021,OC(=NC)ON=C1C(OCS1)(C)C,0.39771222,0.246116195,26.458025,0.1857505001915556,0.2972166192887298
1022,O=C1N(C(=O)CC1)CSP(OC)(OC)=S,0.554374581,0.509509695,21.862074,0.7583217391027844,0.4755006571340957
1023,O=C(OCC=C)CCC,0.423517084,0.999014067,8.152789,0.015006557737881,0.11605352887074019
1024,O=S(CC)CCOP(=O)(OC=C(Cl)Cl)OC,0.509370651,0.032030277,19.577034,0.6626454714848408,0.5888404369782549
1025,O=P(OCC)(OCC)C(O)(C(F)F)C(F)F,0.568922811,0.912369795,10.60591,0.5835629793703769,0.5418937806349318
1026,O=C(ON=C(C(=O)N(C)C)SC)NC,0.293876134,0.995648393,15.566371,0.7978995906101792,0.546508292561695
1027,O=[N+]([O-])C(C(=NOC(O)=NC)C)(C)C,0.319650273,0.114080504,22.81193,0.316233126894866,0.39773753406238677
1028,O=C(OC)C=C(OP(=O)(OC)OC)C,0.304623786,0.995613277,17.796654,0.4515020039464108,0.34752669524348495
1029,O1CCC[N+]1(CCCl)CCCl,0.493388114,0.996311565,25.093237,0.8053526017425877,0.7328850753373866
1030,O=C(ON=C(C)C(C)SC)NC,0.416304575,0.994386785,14.193875,0.3361699126823337,0.466122961974222
1031,O=C(ON=CC(C)(C)S(=O)C)NC,0.414788386,0.972622208,6.9856267,0.4334831580605773,0.6059494834589874
1032,O=C(ON=CC(C)(C)S(=O)(=O)C)NC,0.418265494,0.991162016,13.792395,0.4451677303861646,0.5820463285344019
1033,N#CN=C(N)NC(C)(C)CC,0.346497979,0.142769115,18.723692,0.3218516537629836,0.5518021352032508
1034,O=[N+]([O-])N=C(NC)NCC1COCC1,0.275388813,0.002859824,17.08619,0.1159302959980774,0.2306475799188228
1035,N(=C1SCCS1)P(OCC)(OCC)=S,0.717027122,0.357842391,11.943112,0.7417359620552527,0.21126560518268628
1036,O=C(C=C(OP(=O)(OC)OC)C)NC,0.428135871,0.721634068,9.471723,0.5416311636723857,0.48090815926881836
1037,O=P1(OCCCN1)N(CCCl)CCCl,0.605720669,0.999726035,23.75321,0.9994301485449384,0.853539524587527
1038,O=NN(C(=O)NCCS(=O)(=O)N(C)C)CCCl,0.398192275,0.996003079,22.482437,0.2379459066647995,0.4128531870384565
1039,O1CCCC1(C)C(N)C,0.570656989,0.996086994,11.194827,0.1050528408566747,0.22724059941041314
1040,O=C(NCCCl)NCCS(=O)(=O)N(C)C,0.624963083,0.931901736,17.387463,0.4327195815269238,0.4843894614125309
1041,C[N+]1(C)(CCCCC1),0.415670172,0.999286977,15.574111,0.2094293266060443,0.3276590310743804
1042,O=C(OCC)NCCSP(OC)(OC)=S,0.565232692,0.206366672,15.961507,0.4793017732677618,0.4433036206476647
1043,N(C)(C)CCC(C)C,0.539673952,0.999458757,1.0215303,0.0076815142054501,0.14977096572841433
1044,O=S(=O)(OCCN(CCOS(=O)(=O)C)S(=O)(=O)C)C,0.450669898,0.999476975,24.84822,0.8224119564970591,0.5898982100331439
1045,O=P(OCCC)(C)SCCC,0.609029888,0.998485622,14.286719,0.4568936421883195,0.3167164379893337
1046,O(C)P(OC(C)CC)(CC)=S,0.62981536,0.344086734,13.828889,0.4490674025717107,0.23590911433905362
1047,O=P(OC)(SC(C)C)SC(C)C,0.663698676,0.998684839,16.96959,0.2138724996157894,0.34685180806393623
1048,O(CC)P(OCC)(=S)SCSCC,0.37479709,0.999097715,7.154535,0.432968570158244,0.3411023773365977
1049,O=S(CC)CSP(OCC)(OCC)=S,0.63700239,0.998337768,13.761725,0.4829641276731,0.34193613029062636
1050,O=P(C)(SCCC)SCCC,0.617051104,0.998406973,22.293358,0.4664710996683532,0.5100322980462645
1051,O(C)P(=S)(SCCC)SCCC,0.621954688,0.99894499,19.296785,0.3322523243212348,0.4126537638935763
1052,CCCSP(C)SCCC,0.583444163,0.998659205,16.250065,0.0279013434858021,0.3010760125666976
1053,CCCSP(C)(=S)SCCC,0.624970401,0.998548209,16.159111,0.3583461888417363,0.5054452229034614
1054,O=P(OC)(OC)SCC[S+](C)CC,0.50942364,0.997531424,21.757454,0.486844636661198,0.6029578473070931
1055,N#Cc1cc(c(O)c(c1)Br)Br,0.791922188,0.971532291,6.919165,0.0177122063883986,0.0841187814978316
1056,n1c(oc2cc(c(cc12)Cl)Br)N,0.778640896,0.99421082,0.015539765,0.161627245611745,0.18556042819748067
1057,N#Cc1ccc(cc1)[N+](=O)[O-],0.446917633,0.999534349,13.545222,0.0488223278918956,0.0909808728186676
1058,n1c(oc2cc(ccc12)Cl)N,0.655288548,0.996007983,6.497227,0.2212423878568922,0.19073023887538115
1059,FC(F)(F)c1ccc(N)cc1,0.580171424,0.9992178,7.2839694,0.0445107460667986,0.2408508722152733
1060,O=[N+]([O-])c1cc(cc(c1)C)[N+](=O)[O-],0.515043417,0.999505806,17.231852,0.013106196817122,0.18939978063562432
1061,O=[N+]([O-])c1cc(c(O)c(c1)C)[N+](=O)[O-],0.572065417,0.999109279,13.881061,0.0582984966134153,0.14897638601442798
1062,O=[N+]([O-])c1cc(O)c(c(c1)[N+](=O)[O-])C,0.572065417,0.999109279,6.6318297,0.0797345196715399,0.16155571228694046
1063,N#CSc1ccc(N)cc1,0.377289281,0.993350111,16.213015,0.0316260983519654,0.24068229623663387
1064,NC(Nc1ccc(cc1)Cl)=S,0.659324752,0.999662335,10.772478,0.0281408450325624,0.28157321044565997
1065,NC(Nc1cccc(c1)Cl)=S,0.659324752,0.999484466,8.988001,0.0224638981916384,0.27434209471226234
1066,O=C(Nc1ncccc1)CF,0.689707901,0.19405077,10.124684,0.0380784681528253,0.31505819364640547
1067,n1ccccc1C=C,0.529593334,0.998505917,6.4167104,0.0342582831053445,0.12840810752921553
1068,c1ccc(cc1)[Si](C)(Cl)Cl,0.47208577,0.998649855,8.538499,0.0250047958598472,0.133824350033853
1069,N(=NC)Nc1ccc(cc1)Cl,0.536559779,0.996485568,14.093097,0.015302101691868,0.28115065271362505
1070,O=NN(c1ccccc1)C,0.458423087,0.995646721,11.246905,0.0624899335489139,0.10637972306145912
1071,NC(Nc1ccccc1)=S,0.596318825,0.999131129,17.341007,0.0209271855472784,0.3893194666707672
1072,O=[N+]([O-])c1ccc(cc1)NN=NC,0.438505609,0.954731347,17.626009,0.0412006081416902,0.28181018572155986
1073,Oc1cccc(c1)C,0.535935436,0.998877743,11.186387,0.0214524365220183,0.17804874387134878
1074,n1ccc(cc1C)C,0.491387777,0.999376256,6.272839,0.0127129624242332,0.18212920518851328
1075,N(=NC)Nc1ccccc1,0.488928267,0.991407637,17.938984,0.0173770381856861,0.14826825017020928
1076,O=S(=O)(F)C(F)(F)C(F)(F)C(F)(F)C(F)(F)C(F)(F)C(F)(F)C(F)(F)C(F)(F)F,0.352338612,0.999199217,31.250565,0.3592824601010505,0.3566762595107434
1077,O=P(OC)(OC)Sc1ccc(cc1)Cl,0.763126512,0.998559836,17.175385,0.6003987850349549,0.20074557668567117
1078,N=C(N)SCc1ccccc1,0.519750034,0.996904704,17.122368,0.0223625215136908,0.34018257224613313
1079,O=[N+]([O-])c1ccc(cc1)SP(=O)(OC)OC,0.461117749,0.997410391,18.099525,0.1779101765641809,0.3963833787892881
1080,O=[N+]([O-])c1ccc(OP(=O)(OC)OC)cc1,0.450527362,0.998163922,13.010026,0.708990414638437,0.373316378380184
1081,Oc1c(cccc1C)C,0.557704396,0.998834344,18.841032,0.0147219148314974,0.19184322964918415
1082,O=C(O)C2C1OC(CC1)C2(C(=O)O),0.631184205,0.99980883,3.109898,0.6414256755005835,0.3797518402975167
1083,N(=NC)Nc1ccc(cc1)C,0.508418138,0.988959428,14.682487,0.0182036151542147,0.15278155314324957
1084,O=NN(Cc1ccncc1)CC,0.502336967,0.912953437,8.698116,0.0629212758375098,0.17232210842361625
1085,O=S(=O)(O)N=Nc1ccc(cc1)N(C)C,0.630532069,0.635823314,13.303908,0.2828021673292764,0.2740868811015295
1086,Oc1ccc(cc1(O))C(O)CN,0.472427207,0.99993172,3.0228987,0.371889003212725,0.3301214042095778
1087,O=S(=O)(O)CCC[n+]1ccccc1,0.562240117,0.997381806,18.446585,0.2377477014304232,0.5968141614679192
1088,O=P(OC)(c1ccccc1)SC,0.704306646,0.998089368,13.887923,0.021751260443238,0.1886247823708827
1089,Nc1ccc(cc1)N(C)C,0.590091882,0.995523264,4.405708,0.0176879574105209,0.1817127761112849
1090,N#CCCCCCCC#N,0.544541573,0.998690457,32.20012,0.0272360479733437,0.1727514272093341
1091,OC(c1[nH]ncc1Cl)(CC)CC,0.763223554,0.676403041,-2.4064927,0.0778787692266129,0.20280379227814466
1092,O=P(Oc1ccccc1)(NC)NC,0.72481051,0.997631929,17.641424,0.0730542826797022,0.20313485668363102
1093,n1ccnc(OP(OCC)(OCC)=S)c1,0.718890439,0.355109139,0.09628999,0.5515075515626308,0.2832528442596428
1094,O=C1C=CC(=NN1CSP(OC)(OC)=S)C,0.766068364,0.150908821,16.336721,0.1760897365096984,0.28182861328140757
1095,O=C(ON=C1CCCC1([N+](=O)[O-])C)NC,0.420639813,0.003952563,6.8962045,0.2711660030347806,0.32398965360183024
1096,O=C1OCC(C(=O)N1)(CC)CC,0.675430681,0.996538616,-9.877699,0.56875150859587,0.5548510468832326
1097,O=P(OCC)(OCC)SCCC(F)=C(F)F,0.617562921,0.630286717,16.878147,0.5535356546359987,0.49316894571834907
1098,N(OC)=CC1=CCCN(C)C1,0.435460266,0.847812548,11.558312,0.0148310927209761,0.12147634282723278
1099,O=C(ON=C1C(C)SC(C)(C)S1)NC,0.558297998,0.153103554,-1.6697046,0.3358242701360147,0.16290378415986564
1100,O=C(ON=CC1(C)(SCC(C)S1))NC,0.450332607,0.056172628,10.895375,0.2106397903946199,0.09774385337496602
1101,O=C(ON=C1C(C)(C)SCCS1)NC,0.556038666,0.294162155,7.772823,0.4250896280589034,0.3215371275608675
1102,O=C(ON=C1C(OCCS1)CC)NC,0.55855975,0.002412146,5.531428,0.2589717000574091,0.2565617671199067
1103,OC(=NC)ON=C1C(OCS1)C(C)C,0.434226602,0.02472403,21.817905,0.1312685477169172,0.16488685802825
1104,O=C(ON=C1C(OCCS1)(C)C)NC,0.530395884,0.391603107,-1.4260149,0.5115064118736902,0.31184717499784026
1105,O=C1C(=O)CN(C1)C(C)SP(OC)(OC)=S,0.551611978,0.387379847,12.207234,0.4277154932230398,0.38327571904016533
1106,O=C(OCC=C)CC(C)C,0.441358678,0.998357591,11.128505,0.0222527922842643,0.1043593111141214
1107,n1[nH]c(cc1OP(OCC)(OCC)=S)C,0.785502209,0.120830751,3.115724,0.2229138824843502,0.28350106527366237
1108,O=C1OC(=NN1CSP(=O)(OCC)OCC)C,0.707135424,0.021439124,18.6666,0.288769948481498,0.5655220574538603
1109,O=C(ON=C(C)SC(C(=O)N)CC)NC,0.322839492,0.994343969,11.723359,0.630427381005186,0.5299715387587474
1110,[O-][N+](CCCCCl)(CCCl)CCCl,0.28033143,0.994903396,28.47116,0.7618871601788486,0.7299985860791206
1111,[O-][N+](=NCOC1OC(CO)C(O)C(O)C1(O))C,0.243415917,0.998702242,27.916813,0.8410270119303451,0.8217293269154492
1112,O=C(C=C(OP(=O)(OC)OC)C)N(C)C,0.410483541,0.714655849,13.233559,0.6636911251139536,0.3849991383499254
1113,O=C(C=C(OP(=O)(OC)OC)C)N(OC)C,0.307469535,0.804024916,14.118692,0.7109831887264847,0.6414954465822936
1114,O=P(N=C1OC(C)CN1CC)(OC)SC,0.717823288,0.013601912,12.212367,0.2346811738709538,0.3129585639808672
1115,O=C(N)N(C)CC(=O)SP(OCC)(OCC)=S,0.71845223,0.230292776,9.985709,0.8048441216563479,0.568618773073523
1116,O=C(OCC)CSP(C)(=S)SCCC,0.522845075,0.780379211,13.805853,0.2320788469332877,0.452489111835213
1117,O=P(OC)(OC1CCCCC1)SC,0.684984334,0.639381935,16.415924,0.0646496955393653,0.31373188505108257
1118,O1CCSC(C1)SP(OCC)(OCC)=S,0.697301628,0.589139263,13.09711,0.7556571939362424,0.33816860871831567
1119,O=C(OCC)CSP(=O)(OCC)OCC,0.490793921,0.999052116,16.197018,0.3117934477973527,0.5127175274499542
1120,N(CCCl)(C(C)C)C(C)C,0.575571163,0.994327006,10.319514,0.6346801056027629,0.3382530085973509
1121,O(CC)P(OCC)(=S)SCSC(N(C)C)=S,0.401204331,0.998125785,10.196996,0.7690305137079148,0.4817739419164203
1122,O=C(NC)C(C)SCCSP(=O)(OC)OC,0.543858964,0.501732524,19.94033,0.6470231969566048,0.6360626793870253
1123,OCC(C)(C)C(O)C(C)C,0.623825219,0.997772337,14.671376,0.138203598105233,0.24519495506642613
1124,CC(C)(C)CC(C)(C)S,0.53981103,0.998719266,17.955448,0.2204701783914899,0.35010709328200773
1125,NC(C)(C)CC(C)(C)C,0.576565998,0.998076324,13.295304,0.4954307246519027,0.4935669356793989
1126,O=P(OCCC)(CC)SCCC,0.598196518,0.996806722,19.98656,0.2135776048076503,0.2352145972988004
1127,O=P(OCC)(SCCC)SCCC,0.588578788,0.999278374,15.512958,0.2335508068996663,0.35661043790477176
1128,O(CC)P(OCC)(=S)SCSCCC,0.356480322,0.999502309,10.270097,0.2592731460769764,0.2948670586722177
1129,O(CC)P(OCC)(=S)SCCSCC,0.469025538,0.997755229,12.25029,0.3531475099068451,0.3737014662175541
1130,O(CC)P(OCC)(=S)SCSC(C)C,0.487990055,0.999098282,0.7681006,0.3475065861203936,0.3361742209776531
1131,O=P(OCC)(OCC)SC(C)(C)C,0.669477638,0.998356906,15.366776,0.3569805694342515,0.45715937816423474
1132,O=P(OCC)(OCC)SCCSCC,0.465702916,0.997532125,16.557547,0.3086940584081549,0.4268539420864951
1133,O(CC)P(OCC)(OCCSCC)=S,0.467911172,0.998112853,16.069195,0.394162497766529,0.32723928078099146
1134,O=S(=O)(CC)CCSP(OCC)(OCC)=S,0.609953201,0.99626794,9.136739,0.5978272408670066,0.49202367872941916
1135,O=S(=O)(CC)CCOP(OCC)(OCC)=S,0.602728175,0.997908591,16.229126,0.6912876645540947,0.5561106916170678
1136,O=P(OCC)(OCC)SCCS(=O)(=O)CC,0.607001195,0.618668702,13.455053,0.5013744639554706,0.5619219916167151
1137,O(CC)P(OCC)(OP(OCC)(OCC)=S)=S,0.569454738,0.997842077,27.37544,0.8632432217331739,0.4327727460012734
1138,O=P(OC)(OC)C(SP(=O)(OC)OC)=P(OC)(OC)OC,0.519551885,0.997641297,31.288605,0.8129649687393027,0.5665381914741755
1139,O(C)[Si](OC)(C)CCCNCCN,0.442614102,0.999043538,7.051868,0.151822690048338,0.47935373754663546
1140,O=P(OCC)(OP(=O)(OCC)N(C)C)N(C)C,0.635128836,0.996676975,-2.2494843,0.8359170364364843,0.46788303415778404
1141,O=P(OCC)(OCC)OP(=O)(N(C)C)N(C)C,0.635128836,0.997175037,16.11953,0.8000699365628696,0.4371171761019488
1142,O=P(OP(=O)(N(C)C)N(C)C)(N(C)C)N(C)C,0.685120222,0.998544949,23.747305,0.791364333436048,0.4359674784419303
1143,FC(F)(F)c2nc1c(cc(c(c1Br)Cl)Br)[nH]2,0.6581695,0.243323596,-3.7289395,0.3654639414931288,0.24842516508307652
1144,FC(F)(F)c1nc2c([nH]1)c(c(cc2Br)Br)Br,0.602863705,0.44835834,-9.439984,0.2325560610590124,0.3708344517277603
1145,FC(F)(F)c2nc1c(cc(c(c1Br)Br)Br)[nH]2,0.602863705,0.457038756,-5.233286,0.2690216852044623,0.2919522711916954
1146,FC(F)(F)c2nc1c(cc(c(c1Cl)Br)Cl)[nH]2,0.698285904,0.288196165,-8.966821,0.4077230260262039,0.24212397846727915
1147,FC(F)(F)c2nc1c(cc(c(c1Br)Cl)Cl)[nH]2,0.698285904,0.21734257,-1.9269762,0.4879461926058575,0.2445930415645044
1148,Fc2cc1[nH]c(nc1c(c2Cl)Br)C(F)(F)F,0.574065928,0.248385943,-3.9660125,0.2400951415554428,0.22548434397070372
1149,O=[N+]([O-])c2c(cc1[nH]c(nc1c2Cl)C(F)(F)F)Cl,0.642875972,0.572136907,-1.3940899,0.8328497496116586,0.5989172715995352
1150,FC(F)(F)c1nc2c([nH]1)c(c(cc2Cl)Cl)Cl,0.708572929,0.371846978,-1.3759165,0.7497260060832572,0.3266782961651501
1151,FC(F)(F)c2nc1c(cc(c(c1Cl)Cl)Cl)[nH]2,0.708572929,0.446390113,2.6384296,0.7140009785756344,0.268325702507579
1152,Fc1cc(F)c2nc([nH]c2(c1(F)))C(F)(F)F,0.556115327,0.214993441,-8.886957,0.7592206318455057,0.37670744584021076
1153,FC(F)(F)c1nc2c([nH]1)c(ccc2Br)Br,0.765885565,0.522497935,-8.950471,0.4520970720178864,0.2595419088302966
1154,FC(F)(F)c2nc1c(cc(cc1Br)Br)[nH]2,0.765885565,0.279265321,-15.82151,0.3199029361672399,0.2328935518543615
1155,FC(F)(F)c1nc2cc(c(cc2([nH]1))Cl)Br,0.782426949,0.200610881,-11.247246,0.2979482806198319,0.286611225933458
1156,FC(F)(F)c2nc1c(cc(cc1Br)Cl)[nH]2,0.782426949,0.613375718,-14.850121,0.3896808967984814,0.2229707491611887
1157,O=[N+]([O-])c1c2nc([nH]c2(ccc1Br))C(F)(F)F,0.648929244,0.41795488,7.058122,0.5022923581556497,0.3085681486230645
1158,O=[N+]([O-])c2cc1[nH]c(nc1c(c2)Br)C(F)(F)F,0.648929244,0.509191497,-2.6455607,0.2388596263713645,0.5018487899879924
1159,Fc2cc1[nH]c(nc1c(c2)Br)C(F)(F)F,0.736574177,0.282583583,-16.010082,0.2912712763316608,0.30075372301192177
1160,FC(F)(F)c2nc1c(cc(cc1Cl)Cl)[nH]2,0.759519887,0.437668524,-9.313094,0.8038790912231119,0.25122568429849396
1161,FC(F)(F)c1nc2cc(c(cc2([nH]1))Cl)Cl,0.759519887,0.749558342,-4.417309,0.7776741075181658,0.3159568581461839
1162,FC(F)(F)c1nc2c([nH]1)c(c(c(N)c2Cl)Cl)Cl,0.56789228,0.127044624,2.9724317,0.763018982945994,0.2571089743430661
1163,FC(F)(F)c2nc1c(cc(cc1I)Cl)[nH]2,0.721564446,0.203314232,-20.438526,0.3305490668896829,0.19431631618197787
1164,FC(F)(F)c2nc1c(cc(cc1Cl)I)[nH]2,0.721564446,0.07079731,-6.635943,0.2733332364134307,0.19425200309955284
1165,O=[N+]([O-])c2ccc(c1nc([nH]c12)C(F)(F)F)Cl,0.635785075,0.938776045,2.7152505,0.7079823812791508,0.49633366670340084
1166,O=[N+]([O-])c1c2nc([nH]c2(ccc1Cl))C(F)(F)F,0.635785075,0.923310307,-7.6443405,0.8071519627845355,0.33088957457639684
1167,O=[N+]([O-])c1cc2nc([nH]c2(cc1Cl))C(F)(F)F,0.635785075,0.77502272,10.8905735,0.753186819161955,0.4982002873476829
1168,O=[N+]([O-])c2cc(cc1[nH]c(nc12)C(F)(F)F)Cl,0.635785075,0.947384226,-0.5132489,0.7286255978161021,0.2506174897173171
1169,Fc1cc(cc2[nH]c(nc12)C(F)(F)F)Cl,0.700577823,0.211845825,-15.481555,0.5983347964679951,0.2494016034354236
1170,Fc1cc2[nH]c(nc2(cc1Cl))C(F)(F)F,0.700577823,0.527906719,-7.519344,0.4642334670142674,0.23071407091211604
1171,O=[N+]([O-])c1cc2nc([nH]c2(cc1[N+](=O)[O-]))C(F)(F)F,0.667423407,0.77960518,20.433084,0.8204246592936567,0.4548378229974537
1172,O=[N+]([O-])c2cc1[nH]c(nc1c(c2)[N+](=O)[O-])C(F)(F)F,0.667423407,0.69290086,13.942576,0.8079671243398744,0.5174916708844168
1173,Fc1cc(F)c2nc([nH]c2(c1))C(F)(F)F,0.681879886,0.303121602,-6.8061137,0.6828267441520187,0.3527204346588735
1174,FC(F)(F)c2nc1c(cccc1Br)[nH]2,0.776991094,0.076748074,-18.020834,0.2577257102952716,0.22645483355088003
1175,n1c2ccccc2(nc(c1Cl)Cl),0.651241092,0.999424841,11.506113,0.0467988955976693,0.20096435230622714
1176,FC(F)(F)c2nc1c(cccc1Cl)[nH]2,0.725527069,0.608746995,-11.908448,0.678072530149464,0.21228372089056574
1177,FC(F)(F)c1nc2ccc(cc2([nH]1))I,0.743765473,0.634042821,-10.826491,0.2519381252117311,0.18105017043401966
1178,O=[N+]([O-])c2cccc1[nH]c(nc12)C(F)(F)F,0.604856326,0.845007074,-2.5727627,0.7017914943734272,0.22106075886606996
1179,O=[N+]([O-])c1ccc2nc([nH]c2(c1))C(F)(F)F,0.604856326,0.821284209,8.108584,0.7746199749238974,0.501744896264803
1180,Fc1ccc2nc([nH]c2(c1))C(F)(F)F,0.656407577,0.545045246,-6.001736,0.4688164004238803,0.2141539676831586
1181,N#Cc1ccccc1(C#N),0.530203344,0.999035343,20.929382,0.0791166804076259,0.1172357397890111
1182,O=C(c1ccc(cc1Cl)Cl)CCl,0.55457464,0.999244703,12.061478,0.028318100533266,0.17764008495350486
1183,O=C(O)c1c(OC)c(cc(c1Cl)Cl)Cl,0.824394033,0.998629749,6.087365,0.5093791822213373,0.33633114164527594
1184,FC(F)(F)c1nc2ccc(O)cc2([nH]1),0.688019843,0.139579642,-2.1422715,0.487571281355422,0.2203658775485488
1185,N#CSc1ccc(cc1)C(=O)O,0.556464227,0.996931123,14.759215,0.0568155619983637,0.14735797962731842
1186,FC(F)(F)c1ccc2[nH]nc(N)c2(c1),0.685735458,0.451102095,2.3025327,0.2351918098327996,0.21482166502694383
1187,FC(F)(F)c1nc2ccc(N)cc2([nH]1),0.641478338,0.097403184,-0.14352381,0.48080150113658,0.17657721126388803
1188,O=S(=O)(N)c1ccc2nc([nH]c2(c1))C(F)(F)F,0.81223739,0.089051634,-13.384844,0.4634948673894154,0.45001481837550933
1189,O=C(Nc1ccc(cc1)Br)CF,0.832541783,0.998096403,14.4706335,0.0208149651828124,0.41513754649252144
1190,n1ncn(c1)c2ccccc2,0.604548262,0.998502418,-5.8346467,0.0492513860599309,0.15473053929405248
1191,O=C(O)c1ccc(c(c1)[N+](=O)[O-])C,0.554581167,0.998807106,17.763445,0.0040588121259822,0.16719945323851132
1192,O(c1cc(c(OC)cc1Cl)Cl)C,0.741456107,0.999249489,11.761163,0.0159220820868014,0.13361417761967215
1193,O=C(OCCCC)n1c(nc(c1Br)Br)Br,0.716211219,0.194540219,4.1899657,0.0645551819002318,0.2901188019775387
1194,O(c1ccc(cc1Cl)Cl)P(OC)(C)=S,0.77512803,0.623285016,3.400919,0.6739213988039902,0.23600720619270693
1195,O=[N+]([O-])c1ccc(OP(OC)(OC)=S)cc1Cl,0.472186009,0.998854288,19.174282,0.409837899911054,0.31010540885338794
1196,O=[N+]([O-])c1ccc(OP(=O)(OC)OC)cc1Cl,0.468097938,0.845178498,13.256404,0.7777568610108458,0.35378413730347635
1197,O=[N+]([O-])c1ccc2OP(OCc2(c1))(NC)=S,0.497418627,0.14481984,20.12463,0.4486278299775423,0.48135270024228094
1198,O=[N+]([O-])c1ccc(cc1)CSC(=N)N,0.344309175,0.85040514,16.596657,0.5327589688225624,0.5071884889137508
1199,NC(NC(Nc1ccccc1)=S)=S,0.609742003,0.998218707,18.14455,0.0616878835969284,0.32954518014404
1200,O2c1ccccc1COP2(OC)=S,0.673832554,0.662608867,18.805721,0.078224003695376,0.13630827138573015
1201,FC(F)(F)c1nc2c([nH]1)c(c(c(c2Cl)Br)Br)Cl,0.454408802,0.770550129,3.26998,0.3858342435996505,0.256205422729635
1202,FC(F)(F)c1nc2c([nH]1)c(c(c(c2Cl)Br)Cl)Br,0.454408802,0.801328369,2.317338,0.3609482945539235,0.25712419422245525
1203,FC(F)(F)c1nc2c([nH]1)c(c(c(c2Br)Cl)Cl)Br,0.454408802,0.850737357,3.1246438,0.3951937700056361,0.2803316644055712
1204,Fc2c(c1[nH]c(nc1c(c2Br)Cl)C(F)(F)F)Br,0.383105312,0.656043889,-0.48714435,0.2418452187869611,0.2556634343186258
1205,FC(F)(F)c1nc2c([nH]1)c(c(c(c2Cl)Br)Br)Br,0.409703002,0.743177747,7.367478,0.2492494731494166,0.25254964368647476
1206,Fc2c(c1[nH]c(nc1c(c2Br)Br)C(F)(F)F)Br,0.348134235,0.7924955,3.839882,0.1629272585587753,0.27660157536794766
1207,FC(F)(F)c1nc2c([nH]1)c(c(c(c2Br)Br)Br)Br,0.367781422,0.928308596,7.976276,0.2485097906916773,0.2937838004145179
1208,Fc2c(c1nc([nH]c1c(c2Cl)Br)C(F)(F)F)Cl,0.412364615,0.414218657,-1.8975266,0.2253966388849055,0.27790049869992844
1209,FC(F)(F)c1nc2c([nH]1)c(c(c(c2Cl)Cl)Cl)Br,0.495811625,0.812385857,3.8736138,0.4687589460398627,0.2806039313597948
1210,O=[N+]([O-])c2c1[nH]c(nc1c(c(c2Cl)[N+](=O)[O-])Cl)C(F)(F)F,0.658091079,0.079831641,12.721728,0.837286998397072,0.5684184755429849
1211,Fc2c1nc([nH]c1c(c(F)c2Cl)Cl)C(F)(F)F,0.44032567,0.382233424,4.108659,0.776663585977898,0.4141177057184442
1212,O=[N+]([O-])c2c1[nH]c(nc1c(c(c2Cl)Cl)Cl)C(F)(F)F,0.475567585,0.184449508,8.774339,0.8135437784311529,0.44520092157486146
1213,Fc2c1nc([nH]c1c(c(c2Cl)Cl)Cl)C(F)(F)F,0.427107536,0.660597707,9.165984,0.7641578790682467,0.2875455583636797
1214,Fc2c(c1[nH]c(nc1c(c2Cl)Cl)C(F)(F)F)Cl,0.427107536,0.479493857,12.372945,0.692501281368305,0.29640981552195916
1215,FC(F)(F)c1nc2c([nH]1)c(c(c(c2Cl)Cl)Cl)Cl,0.523911053,0.985621289,10.087476,0.7566727861848258,0.29428424236104384
1216,O=S(=O)(O)C(F)(F)C(F)(F)C(F)(F)C(F)(F)C(F)(F)C(F)(F)C(F)(F)C(F)(F)F,0.402493808,0.999332695,33.15824,0.4242515927706341,0.4270409571476013
1217,Fc1c(F)c(F)c2[nH]c(nc2(c1(F)))C(F)(F)F,0.43864842,0.791923186,7.273888,0.7570153614750841,0.2974505083296183
1218,O=C(Nc1ccc(OC)cc1)CF,0.772517666,0.995736968,10.409165,0.0103877400356384,0.22125797202705813
1219,n2nc(c1ccccc1C)sc2NN,0.58062175,0.919578134,3.9817681,0.0547918698579671,0.1803307621892639
1220,O(C)P(OC)(=S)SCSc1cc(ccc1Cl)Cl,0.393241191,0.263215506,21.219963,0.3158886892017662,0.269840904728166
1221,OP(Oc1cc(c(cc1Cl)Cl)Cl)(NC(C)C)=S,0.638169788,0.237726129,8.53779,0.8581066973672432,0.3256204292084095
1222,n1c(OP(OCC)(OCC)=S)c(cc(c1Cl)Cl)Cl,0.548341319,0.99952168,15.161834,0.4817413504886936,0.418702517106719
1223,O=P(Oc1nc(c(cc1Cl)Cl)Cl)(OCC)OCC,0.561800253,0.999492377,11.389928,0.7338219636850178,0.5169116465742374
1224,N(=CNc1ccc(cc1C)Cl)C,0.552182978,0.91529206,-0.8242791,0.0092831638026647,0.21626501964109832
1225,O=[N+]([O-])c1ccc(O)c(c1)CNCCCl,0.348941274,0.671268437,14.070394,0.2668723971170013,0.4052550942841391
1226,O=[N+]([O-])c1ccc(OP(OCC)(CCl)=S)cc1,0.347675917,0.998861398,17.806568,0.5648103722562355,0.4136129725302582
1227,O=[N+]([O-])c1ccc2OP(OCc2(c1))(N(C)C)=S,0.46811914,0.200941747,11.060519,0.1898492799561099,0.25805294168059845
1228,O=C(c1ccc(N)cc1)CC,0.514850403,0.991512525,13.607677,0.0079775315972324,0.1920616262144325
1229,OC(=NC)Oc1cccc(c1)C,0.509875013,0.219604247,13.624667,0.0058273020468795,0.13821494581941446
1230,O(C)P(OC)(=S)SCSc1ccccc1Cl,0.431094104,0.377857939,18.239613,0.3069527691107471,0.2620771003482996
1231,O=P(Oc1ccc(cc1)Cl)(OC)CC,0.747287607,0.998996307,16.499004,0.5101443949778477,0.2742091114548336
1232,O=P(OC1=C(C2C=CCC12)Cl)(OC)OC,0.568176362,0.07261379,20.756668,0.0252856802803697,0.08756899343046633
1233,O=NN(C)CCc1ccccc1,0.502151141,0.996763157,14.87147,0.0766124620039551,0.1959524434085642
1234,O=NN(C)Cc1ccccc1C,0.505952131,0.996697195,14.293393,0.0507548316818577,0.09605881775255783
1235,O=[N+]([O-])c1ccc(O)c(c1)CNCCO,0.372344709,0.989733669,5.0366197,0.6955882752050874,0.5029707595924312
1236,O=C(N)c1cccc(N=NN(C)C)c1,0.579554225,0.985612368,11.221091,0.1148666960612757,0.48611893691837826
1237,O=C(N)c1ccc(N=NN(C)C)cc1,0.579554225,0.996140962,5.218555,0.1650220764156335,0.4415632359013927
1238,n1c(nc(nc1N2CC2)N3CC3)N4CC4,0.608646667,0.999176655,14.731986,0.0717323270479859,0.3079143106492319
1239,O=[N+]([O-])c1ccc(OP(=O)(OC)CC)cc1,0.452390956,0.996035145,17.07758,0.3178790398011707,0.43439927787754706
1240,O=[N+]([O-])c1ccc(OP(OC)(OCC)=S)cc1,0.452083977,0.999307751,16.316887,0.447066399439527,0.4066470237542369
1241,O=[N+]([O-])c1ccc(OP(OC)(OC)=S)cc1C,0.467954403,0.999210511,17.15792,0.209651730633802,0.3759416060472707
1242,O=C(O)C2C1OC(CC1)C2(C(=O)O)(C),0.671035278,0.900861219,-7.226451,0.0411719756911324,0.35566983008094377
1243,O=C1NC(=O)C(=C(N1)C)N(CCCl)CCCl,0.768928585,0.977961793,11.668639,0.9386799906353384,0.73657458803128
1244,N#CC(Nc1nc(nc(n1)Cl)NCC)(C)C,0.832661954,0.998609041,14.390615,0.1316355945064246,0.18012467492687143
1245,O=NN(C(=O)NCc1cnc(nc1(N))C)CCCl,0.467405739,0.998226973,18.150286,0.1641843857997957,0.349723179237679
1246,Fc1ncc(OP(OCC)(OCC)=S)cc1,0.583982557,0.112956215,15.948365,0.222706177819388,0.3752312847036221
1247,N#CC1(C(=NOC(=O)NC)CCC1)(C),0.507430793,0.003223304,1.4466704,0.034809689802281,0.08729374172932049
1248,N(C(=NCc1ccccc1)N)=C(N)N,0.444231014,0.99449935,20.35458,0.6401037737271901,0.5249766094416823
1249,O(C)P(OC)(=S)SCSc1ccccc1,0.44411009,0.503374493,15.489011,0.2861535802831259,0.2681144724555785
1250,O(c1ccc(cc1)SC)P(OC)(OC)=S,0.600635687,0.997902814,18.646248,0.7989637218528863,0.34845258294421944
1251,O=P(Oc1ccc(cc1)SC)(OC)OC,0.591116766,0.994100676,11.780345,0.6590560580055213,0.26243861807616786
1252,O=C1C=C(OC=C1(OC))CSP(=O)(OC)OC,0.739743051,0.024486732,18.376648,0.5020700610599583,0.36555617058242545
1253,c1ccc(cc1)NNCCC,0.506526329,0.995025363,15.695056,0.0134529106400798,0.1889636825961727
1254,O=S(=O)(NC)c1cc(OC)c(N)cc1C,0.740538042,0.848057215,7.2129235,0.0436979744937673,0.17076365521561387
1255,n1cccc(N=NN(CC)CC)c1,0.524458361,0.632405459,8.827544,0.0208388645347202,0.27060625996740384
1256,O=C1C=C(OP(=O)(OC)OC)C=C(N1C)C,0.753569599,0.105692874,9.555789,0.6880176779610522,0.44889120135613403
1257,O=C1C=CC(=NN1CSP(OC)(OC)=S)CC,0.748174857,0.073133702,14.695952,0.1206490938460247,0.3300317478921733
1258,O=C1C=CC=NN1CSP(=O)(OCC)OCC,0.711373396,0.006970341,9.850185,0.1976313474518809,0.3285327816265317
1259,O1CCCC(C1(Cl)SP(OCC)(OCC)=S)(Cl)Cl,0.487789532,0.569512657,23.083597,0.633208847495181,0.41377689353522984
1260,N=1C(=NCC)NC(=NC(C)CC)NC=1Cl,0.798231164,0.007361239,16.457424,0.161405126210364,0.3787147596252781
1261,n1oc(N)cc1C(C)(CC)CC,0.753184345,0.087834829,-7.2441106,0.0394378216083646,0.2653607045260934
1262,N#CSCCOCCOCCCC,0.42458796,0.94280613,11.400257,0.0091784461218734,0.16840581681006583
1263,O=C(OC)C=C(OP(OCC)(OCC)=S)C,0.30566967,0.517184764,19.025288,0.3041367578532898,0.43484896262386374
1264,O=P1(OCCCN1(CCCl))N(CCCl)CCCl,0.532657865,0.998934282,27.934885,0.90697435059274,0.7958170572576999
1265,O=C(ON=C(CSC)C(C)(C)C)NC,0.448198025,0.986725257,-4.7218065,0.1568660978973059,0.39916368145420267
1266,O=NN(C(=O)NCCCCS(=O)(=O)N(C)C)CCCl,0.291231216,0.994865982,22.024994,0.0548722170458043,0.406367580649443
1267,O=P(OCC)(OCC)SCC1(C)(SCCS1),0.658956319,0.642959456,17.283403,0.6705553152115477,0.1390624043432066
1268,O=C(NC(C)C)CSP(OCC)(OCC)=S,0.694481609,0.992901999,2.3285089,0.6510860338220451,0.4793301994153506
1269,O=C(NC)CSCCSP(OCC)(OCC)=S,0.493356554,0.997509927,13.055501,0.2950839810006193,0.3594454765297308
1270,O=P(OCCC)(SCCC)SCCC,0.553065018,0.999106118,20.428537,0.2810677884264874,0.40020922176348817
1271,O=S(CC)CSP(OC(C)C)(OC(C)C)=S,0.641164748,0.298292812,17.324947,0.5006797732430422,0.3696981420075465
1272,O(CCN)CC(C)COCCCN,0.500603042,0.998471423,-5.958286,0.0200520447435506,0.17746884813244945
1273,O=P(OCC)(OCC)SCC[S+](C)CC,0.47731843,0.995736825,17.870308,0.7125710653146647,0.6726410933028264
1274,O=P(OCC)(OCC)SCSP(OCC)(OCC)=S,0.35648985,0.999221413,19.022293,0.7332229665629549,0.5331310852930051
1275,O=C(NC[P+](CO)(CO)CO)NC[P+](CO)(CO)CO,0.212845,0.999523033,22.839691,0.8698907190544828,0.7577572903866157
1276,O=P(OCC)(OCC)SCC[N+](C)(C)C,0.4937891,0.999543443,18.60672,0.8263221392078713,0.689829528029028
1277,FC(F)(F)c1nc2c([nH]1)c(c(c(c2C)Cl)Br)Br,0.623436303,0.790603663,2.4558525,0.123233442998761,0.24006595615713863
1278,FC(F)(F)c1nc2c([nH]1)c(c(c(c2C)Cl)Cl)Cl,0.692409854,0.674511023,10.408687,0.4165717995139746,0.31261516572761244
1279,FC(F)(F)c1nc2c([nH]1)c(c(c(c2Cl)Cl)C)Cl,0.692409854,0.557350795,13.898972,0.497016700026538,0.3563452808565518
1280,FC(F)(F)c1nc2c([nH]1)c(c(c(OC)c2Cl)Cl)Cl,0.783032173,0.177180443,5.9247365,0.8560380657781952,0.477080060742478
1281,O=C1OCC2C1C3(C(=C(C2(C3(Cl)Cl)Cl)Cl)Cl)Cl,0.489233505,0.99913706,24.587078,0.456759041073607,0.2930318793621725
1282,O1C(C2C(C1Cl)C3(C(=C(C2(C3(Cl)Cl)Cl)Cl)Cl)Cl)Cl,0.496298764,0.999661113,33.55333,0.5775584320330389,0.1978417632169188
1283,O=[N+]([O-])c2c1nc([nH]c1c(c(c2Cl)C)[N+](=O)[O-])C(F)(F)F,0.671381574,0.042108571,16.290382,0.7970828244718379,0.5298489287125366
1284,N#Cc1ccc2nc([nH]c2(c1))C(F)(F)F,0.727106555,0.204765478,1.6903259,0.0549068442100094,0.10776631930381739
1285,FC(F)(F)c1nc2ccc(cc2([nH]1))C(F)(F)F,0.714701267,0.280610524,-2.1192336,0.5515112628376028,0.30908368715356305
1286,FC(F)(F)c2nc1c(cc(c(c1C)Cl)Br)[nH]2,0.771324058,0.00949717,-2.4400733,0.1019633968285654,0.1982116304118893
1287,O=[N+]([O-])c1c2nc([nH]c2(cc(c1C)Br))C(F)(F)F,0.643849911,0.01228072,8.067903,0.1820945216497612,0.40589931187237127
1288,O=[N+]([O-])c1c2nc([nH]c2(cc(c1C)Cl))C(F)(F)F,0.641690303,0.111478349,5.218596,0.5777357147028234,0.3963681609698293
1289,FC(F)(F)c2nc1c(ccc(c1Br)C)[nH]2,0.782984606,0.648922489,-9.771438,0.1031738948307858,0.2942006256665074
1290,FC(F)(F)c1nc2cc(c(cc2([nH]1))C)Br,0.782984606,0.580147297,-4.731974,0.1263560752323517,0.2054484786051271
1291,FC(F)(F)c1nc2cc(c(cc2([nH]1))C)Cl,0.742065857,0.410942697,-1.8904417,0.2594371660958858,0.20517514571622245
1292,FC(F)(F)c2nc1c(ccc(c1C)Cl)[nH]2,0.742065857,0.057744927,-4.9205985,0.1345444270585948,0.18464881461417684
1293,FC(F)(F)c1nc2c(OC)c(ccc2([nH]1))Cl,0.84366841,0.129450476,-18.460941,0.3504129038268042,0.23066550948147202
1294,O=[N+]([O-])c1c2nc([nH]c2(ccc1C))C(F)(F)F,0.619763371,0.829944172,3.0449114,0.2662881280189824,0.1795892489575987
1295,c2cc1c(csc1c(c2)Cl)C,0.580566903,0.989290049,7.3368745,0.0098694638419272,0.13167323478966528
1296,FC(F)(F)c1nc2ccc(cc2([nH]1))C,0.695441306,0.086389896,1.6741084,0.0622016008449193,0.1416154504018021
1297,O=[N+]([O-])c2oc(C=Cc1nnc(nc1)N)cc2,0.622198148,0.003685145,5.0629673,0.8382679944424378,0.6127791471486026
1298,N#Cc1ccc(OP(OC)(OC)=S)c(c1)Cl,0.791639421,0.034199017,8.263499,0.0226360885472139,0.09105882232424338
1299,Fc1ccc(cc1(F))C2CC2(N),0.680895657,0.991174156,-6.531015,0.0656543545975304,0.16463148564122387
1300,O=[N+]([O-])c1ccc(OP(OC)(OC)=S)cc1C(F)(F)F,0.467055751,0.998257742,18.887331,0.8017719619687579,0.7328799093302586
1301,O=C(Nc1ccccc1)NC(=O)CF,0.748620273,0.994529258,12.4674015,0.3597133745998069,0.3469965505034881
1302,n1ocnc1CSc2ccccc2(N),0.615154836,0.053160883,9.848872,0.0786195270662211,0.1493708140523406
1303,O=C(C=C)Nc1ccccc1,0.63489312,0.998208551,12.169235,0.0736887869157608,0.2497074354737912
1304,O=[N+]([O-])C([N+](=O)[O-])([N+](=O)[O-])[N+](=O)[O-],0.302567013,0.998969508,45.46923,0.9050038929111864,0.8238513759063061
1305,O=C(N=NC1SCCS1)c2ccccc2,0.743585698,0.022205907,17.590286,0.1575037501485017,0.11258448371903373
1306,O=C(c1cocc1)CC=C(C)C,0.507587469,0.997992915,14.865251,0.0110175653034286,0.21040558124977102
1307,N#CC(Nc1nc(nc(n1)Cl)NC2CC2)(C)C,0.849988433,0.999435593,8.490609,0.0445444702061095,0.13577396951353723
1308,O=C(OC)c1ccccc1(N=NN(C)C),0.432647227,0.225594643,10.805114,0.0553564284598727,0.33789542392875216
1309,O=C(c1ccc(N)cc1)CCC,0.548241013,0.242929932,11.452252,0.0106181117052303,0.2859091773395688
1310,c1cc(ccc1CC(NC)C)Cl,0.759586426,0.998557537,4.6034827,0.046076471447188,0.3464395653463127
1311,O=[N+]([O-])c1ccccc1(OP(OCC)(OCC)=S),0.435980905,0.281216586,15.535052,0.3872511399242064,0.4850777862664394
1312,O=C(ON=C1C(C)(C)SC(=NN(C)C)S1)N(C)SC(Cl)(Cl)Cl,0.288318883,0.999431807,28.545944,0.0671122612583704,0.1226405812236054
1313,O=S(=O)(c1ccc(OP(OC)(OC)=S)cc1C)C,0.777717778,0.998868771,19.23966,0.4747885507062027,0.5111545917086638
1314,O=NN(C(O)=NC2CC1CCC2(C1))CCCl,0.271774095,0.995215474,23.52306,0.0485448207341909,0.0823221017257404
1315,c1ccc(cc1)C[N+](C)(C)C,0.564733409,0.213384694,11.456244,0.1173129183202204,0.4014199810427823
1316,O=C1C=CC(=NN1CSP(OCC)(OCC)=S)C,0.721593333,0.957946731,1.549945,0.119743714332952,0.3474733738382579
1317,O=C1C=CC(=NN1CSP(=O)(OCC)OCC)C,0.718755589,0.216548025,8.279113,0.1204200916763785,0.46583794476421625
1318,O=C(OCC)C(C(=O)C)P(=O)(OCC)OCC,0.378252746,0.996533629,3.73146,0.6250843375072234,0.46153202272316357
1319,O=P(OC=C(SCC)SCC)(OCC)OCC,0.437357521,0.229356504,16.938585,0.601785746151639,0.5760745128692453
1320,O=C(OCCSCSP(OC)(OC(C)C)=S)NCC,0.368873464,0.996651928,17.825586,0.4233515182798694,0.36397648463649157
1321,O(CC)P(CC)(=S)SCSCSP(OCC)(CC)=S,0.230726027,0.999646969,17.533323,0.6485374667530354,0.41683054066023856
1322,O=S(=O)(c2c1nc([nH]c1c(c(c2Cl)Cl)Cl)C(F)(F)F)N(C)C,0.785498378,0.999852747,8.167345,0.7325875861728423,0.4356979094458898
1323,FC(F)(F)C(O)(C=C(C)CC(O)(C(F)(F)F)C(F)(F)F)C(F)(F)F,0.566338889,0.114202435,21.409061,0.4572131484109097,0.5184071991720007
1324,N#CN=C2N(Cc1cnc(cc1)Cl)CCS2,0.597686997,0.978295653,18.27745,0.0290016843535526,0.0686463479526614
1325,FC(F)(F)c1nc2cc(OC)c(OC)cc2([nH]1),0.885449623,0.01179656,-1.5761368,0.7002143746683313,0.36636452808677744
1326,C2(=C(C3(C1CCCCC1C2(C3(Cl)Cl)Cl)Cl)Cl)Cl,0.493782533,0.999129621,27.241589,0.2714027454391992,0.26741700261834567
1327,NC(Nc2cccc1ccccc12)=S,0.697677472,0.82879704,6.0486817,0.1841775304898156,0.2743647515418176
1328,O=C(NC1CC1)c2cc(c(NC)c(c2)Cl)Cl,0.875748255,0.650374176,-10.12173,0.5618719028757294,0.3060126624597662
1329,O=C1c2ccccc2(C(=O)N1CSP(=O)(OC)OC),0.613872868,0.999734133,11.927919,0.5561126276752787,0.6336163931156746
1330,O=C(Nc1cc(NS(=O)(=O)C(F)(F)F)c(cc1C)C)C,0.90053394,0.064089753,0.5095018,0.4297541173911745,0.3471638378192944
1331,O=C(Oc1cc(ccc1Cl)C(C)C)NC,0.842889743,0.999743594,-12.242446,0.1034820976995666,0.4394268381821761
1332,O=C(NP(=O)(N1CC1)N2CC2)c3ccccc3,0.644078344,0.156864689,-19.957233,0.1249671708052575,0.17725154551649527
1333,O=P(OCC)(OCC)SCSc1cc(ccc1Cl)Cl,0.324425706,0.99783182,18.202528,0.4903107498191862,0.42063527683720203
1334,NC2Cc1ccccc1CCC2,0.577681371,0.992258282,10.618394,0.0647013439077823,0.27058771139090354
1335,N#CNC(=NC(C)(C)C)Nc1cnccc1,0.324945273,0.831119951,16.68357,0.1384633859310513,0.14762641668030402
1336,O1CCNC(C)C1c2ccccc2,0.705114488,0.005628351,14.223369,0.0573811470838693,0.6403165609089253
1337,O=C(Oc1ccccc1CS(=O)CC)NC,0.872093515,0.996024435,-0.48101187,0.8521284520851237,0.6782747094068101
1338,O=C(Oc1cc(c(c(c1)C)S(=O)C)C)NC,0.858002818,0.158830224,-7.5343604,0.1508871598018617,0.3825049962979641
1339,O(c1ccc(cc1)SP(OC(C)C)(CCl)=S)C,0.558647024,0.999443415,7.0713706,0.6598256849471191,0.3613354506160861
1340,O(CC)P(CC)(=S)SCSc1ccc(cc1)Cl,0.371866876,0.118282339,5.8892484,0.2843371327907731,0.21405927269330385
1341,O=[N+]([O-])c1cccc(c1)CSP(OCC)(OCC)=S,0.407516157,0.99403529,1.0823649,0.2096024462062858,0.343377020574432
1342,NC(C)(C)C(c1ccccc1)C,0.711989637,0.604253731,4.8824134,0.0272779685198532,0.3803833332496193
1343,O=C(OC1=CC(=O)CC(C)(C)C1)N(C)C,0.665687119,0.994715056,13.150291,0.1143874894852173,0.42905160529579656
1344,O=S(c1ccc(OP(OCC)(CC)=S)cc1)C,0.754492436,0.392334453,8.152875,0.6509627651526116,0.3794182706872774
1345,O=P(OC=C(Cl)Cl)(OC1CCCCC1)NCC=C,0.426480713,0.376728362,21.356928,0.0536241402957271,0.3656503256645013
1346,OCCN(c1ccc(N)c(c1)C)CC,0.712173878,0.010128482,0.6599821,0.0593853646283866,0.3042635098343808
1347,O=C(Oc1nc(nc(c1C)C)N(C)C)N(C)C,0.77499307,0.816630796,9.295146,0.251133652892907,0.26702163793638806
1348,O(C)P(OC)(=S)Sc1ccc(cc1)CSP(OC)(OC)=S,0.529686744,0.882371584,27.438255,0.6648822812959655,0.6320074890244223
1349,O=C1C=CC(=NN1CSP(OCC)(OCC)=S)CC,0.686096829,0.744887343,-0.81808543,0.0889849965462456,0.33235548523067904
1350,O=C(Oc1c2nc([nH]c2(cc(c1Cl)Cl))C(F)(F)F)NCC,0.867041972,0.994639083,-9.352398,0.7683913727735842,0.5583943915399583
1351,O=P(N=[N+]=N)(c1ccccc1)c2ccccc2,0.502670644,0.996615664,18.976536,0.1281151311097575,0.27370771924280174
1352,O=C(O)C(c2ccc(Oc1nccs1)cc2)C,0.903940978,0.999789277,1.7483019,0.7846384704333609,0.6505542876058813
1353,O=P(OC(c1ccc(cc1Cl)Cl)=C(Cl)Br)(OCC)OCC,0.362469055,0.998212662,13.724846,0.6722664338450387,0.6796880846764861
1354,O=P(OC(c1cc(cc(c1)Cl)Cl)=C(Cl)Cl)(OCC)OCC,0.402655806,0.43139833,8.60109,0.7623805618081628,0.6611093081685089
1355,O=C(OCC)N1c2ccccc2(C=CC1),0.701869748,0.025601794,-0.1051352,0.1579866557990989,0.4171384416850611
1356,O=P(OC(=CBr)c1ccc(cc1Cl)Cl)(OCC)OCC,0.420531678,0.086608726,3.1260214,0.7602269372183436,0.6202265024400337
1357,O(C(=CCl)c1ccc(cc1Cl)Cl)P(OCC)(OCC)=S,0.441520972,0.986324129,13.469335,0.7211387129946075,0.5509509164370326
1358,O=C1N=C(O)NC(=O)C1(CC=C)C2C=CCC2,0.56630091,0.046659239,12.433527,0.0591906452672362,0.22206581357139968
1359,O=C(Oc1c(cc(cc1C(C)CC)[N+](=O)[O-])[N+](=O)[O-])SC,0.460053864,0.006015638,9.939979,0.1756680018569818,0.4598774371800237
1360,O=C(OCC#C)CCCCC(=O)OCC#C,0.364633554,0.999246779,4.722881,0.0506417886820637,0.24394266548511473
1361,N#CC(=NOP(OCC)(OCC)=S)c1ccccc1,0.439120925,0.998442519,13.457743,0.0165017686689185,0.09221343289526211
1362,O=C1N(C(=O)N(C(=O)N1CC2OC2)CC3OC3)CC4OC4,0.532034449,0.998462353,13.626068,0.7122865750406636,0.23556419873704817
1363,O=C(Oc1ccc(cc1(OC))CC=C)NC,0.792265344,0.791619647,-1.4303517,0.0258350790247519,0.18488787333181098
1364,O(C(c1ccc(cc1)Cl)CBr)C(C)CC,0.720959033,0.986732546,-3.2294874,0.1420954683836166,0.14559864071436635
1365,N#CC(c1ccccc1)SP(OCC)(OCC)=S,0.703063247,0.107872535,4.440351,0.0206929670618485,0.07526566778134389
1366,O(c1ccc(cc1Cl)Cl)CSP(OCCC)(CC)=S,0.429895512,0.335463624,9.416692,0.3409170508859345,0.4027142408131281
1367,O=C(Oc1cccc(c1)C(C)C)N(C)C,0.745893802,0.989669952,4.6661696,0.3500734800915007,0.311698452192798
1368,O(c1cc(ccc1(OP(OC)(OC)=S))CC=C)C,0.568059505,0.987756584,15.850568,0.0169295824668966,0.2617127649605392
1369,O(c1cc(ccc1(OP(OC)(OC)=S))C=CC)C,0.747196729,0.994701479,20.6607,0.3727177096811765,0.6068352396551082
1370,OC(c1cc(c(N)c(c1)Cl)Cl)CNC(C)(C)C,0.744293108,0.415809032,-0.91607606,0.8069698563032802,0.6667681413750994
1371,O(CC(C)C)P(CC)(=S)Sc1ccc(cc1)Cl,0.648098253,0.999774074,-3.0282574,0.6570006771937905,0.3302132364508565
1372,O=C(Oc1cc(ccc1C)[N+](C)(C)C)NC,0.777725555,0.743924975,-8.34594,0.7999614183666767,0.6856138177981351
1373,O=C(OCCCCOC(=O)C(=C)C)C(=C)C,0.378315216,0.999613622,3.8615613,0.0615484488347744,0.3345846235955258
1374,O=P(Oc1ccc(c(c1)C)S(=O)(=O)C)(OCC)OCC,0.718148604,0.213434994,7.835098,0.5443803843533567,0.5518930138213131
1375,O=C1NC(=O)C(C(=O)N1)(CC)C(C)CC(C)C,0.729835479,0.999774395,12.424759,0.9535225053658326,0.8540120892336741
1376,c1cc(c(c(c1c2c(c(c(c(c2Br)Br)Br)Br)Br)Br)Br)Br,0.199895756,0.999851788,29.975046,0.2269391933854485,0.6178774685862729
1377,O1c3cc(c(c(c3(Oc2c1cc(c(c2Cl)Cl)Cl))Cl)Cl)Cl,0.369667116,0.999834128,22.771225,0.8783583180846181,0.6252450429719241
1378,N#Cc1nn(c(N)c1S(=O)C(F)(F)F)c2c(cc(cc2Cl)C(F)(F)F)Cl,0.711515576,0.99986351,8.643614,0.1318069570004656,0.12047264199789806
1379,O1c3ccccc3(Oc2c1c(c(c(c2Cl)Cl)Cl)Cl),0.362368577,0.04685696,14.747157,0.7761092936641724,0.39180811907275404
1380,O=P(O)(O)Oc1c(cc(cc1Br)Br)c2cc(cc(c2(O))Br)Br,0.412244146,0.998729718,10.674442,0.8609283729517118,0.7978334249116569
1381,O=C1C2CC3C1C4(C(C5(C2C3C4(C5(Cl)Cl)Cl)Cl)Cl)Cl,0.583937637,0.556044334,19.951757,0.1761146201370799,0.15806906242763363
1382,O=C(OCc1cnccc1)Nc2ccc(cc2)[N+](=O)[O-],0.682283541,0.559759539,-0.26213014,0.0626460508431421,0.42124759047615956
1383,O=C(N(c2cccc1ccccc12)C)CF,0.757032313,0.270590859,13.635081,0.1451299796156838,0.3057687187476567
1384,O=[N+]([O-])c2ccc(OP(=O)(c1ccccc1)C)cc2,0.488540768,0.004664988,-9.228203,0.301835711746813,0.6022327480591032
1385,N=C(Nc1ccccc1)Nc2ccccc2,0.52759934,0.01257925,18.545303,0.3069979853784155,0.1871743101642062
1386,O=C1Oc2cc(OP(=O)(OCC)OCC)ccc2(C=C1),0.601053443,0.007879934,11.302913,0.7704888001796779,0.7492046113041052
1387,O=C1c2ccccc2(C(=O)N1CSP(OC)(OCCC)=S),0.558377809,0.989778311,7.6443534,0.0493738294476332,0.5166315257300842
1388,O=C1c2ccccc2(C(=O)N1(OP(OCC)(OC(C)C)=S)),0.590516162,0.069668381,0.8236867,0.2674442462671557,0.4304160077443641
1389,O=C(Oc1ccccc1C2CCCC2)NC,0.829746434,0.999894893,-9.16412,0.743278357163252,0.1494197925485105
1390,O=C(Oc1ccccc1C2OC(C)C(O2)C)NC,0.875288002,0.985369292,-12.124429,0.8398277890213773,0.3638979966983493
1391,O=C(C)CNC(C)(C)Cc1ccc(cc1)Cl,0.856306863,0.999354207,3.0331073,0.8664941876046551,0.5612804067670226
1392,O=C(Oc1cc(ccc1Cl)C(C)(C)CC)NC,0.893457637,0.925734631,-13.537988,0.2969291269721802,0.5794024127803478
1393,O=C2c1[nH]c(nc1N(C(=O)N2CC=C)CCCC)C,0.822303793,0.948639331,-7.6258154,0.0151815495451019,0.18804235267247096
1394,O(C)P(CC)(=S)Sc1ccc(cc1)C(C)(C)C,0.717317689,0.999933038,4.675501,0.7027709343133485,0.3619498630559087
1395,O=C1C=C(OP(OCC)(OCC)=S)C=C(N1CCC)C,0.688525666,0.309151974,12.346356,0.2255498837090559,0.4517654144844033
1396,n1c(OP(OCC)(OCC)=S)cc(nc1N(CC)CC)C,0.642595091,0.00434819,12.132774,0.2716874057158514,0.48160709881486524
1397,O=C(Nc1ccc(cc1)c2ccccc2)CF,0.859468185,0.999491489,11.748483,0.1253704916020905,0.506219483518328
1398,N#Cc1ccc(cc1)C3n2cncc2CCC3,0.74544967,0.997737711,-4.8229218,0.1766994828222767,0.06663800500041134
1399,O=[N+]([O-])c2ccc(OP(OCC)(c1ccccc1)=S)cc2,0.461230659,0.999303759,1.3142732,0.0957898187553579,0.4507394416204396
1400,O=S(=O)(O)c2ccc(N=Nc1ccc(cc1)N(C)C)cc2,0.692811826,0.998960203,3.4803576,0.347487172056878,0.3452170064662411
1401,c1cc(cc2c1[nH]cc2CC3CCNCC3)Br,0.871506325,0.6619087,2.4410796,0.1357029349781003,0.39390340311407396
1402,O=C1c2ccccc2(C(=O)N1C(CBr)SP(OCC)(OCC)=S),0.347163228,0.13521209,-0.7657916,0.0853931043675935,0.48980097658804056
1403,O=C(NNC(C)Cc1ccccc1)c2noc(c2)C,0.804096788,0.214490421,11.695361,0.3647862738270175,0.1315662872716683
1404,O=C(OCC(C)C)CCCOc1ccc(cc1Cl)Cl,0.554689861,0.000948533,-2.3754127,0.205184019015528,0.39332982607811917
1405,Nc1ccc2c(c1)c3c(n2CC)CCCC3,0.72640564,0.998137143,10.950383,0.0692097461462506,0.20429586083542078
1406,OC(c2cn(c1ccccc12)CC)CN(C)C,0.875523603,0.99063057,8.870476,0.7608017741655354,0.4195882933713976
1407,O(c1ccc(cc1COCCN(CC)CC)Br)C,0.686897612,0.999279654,-8.5422535,0.4671404562481472,0.7082319994881884
1408,O=C1C(OC)=C(OP(OCC(C)C)(OCC(C)C)=S)C=NN1C,0.623970041,0.998766854,0.49228418,0.1096144841119116,0.47954788441686247
1409,O=C(NP(=O)(OC)SC)CCCCCCCCCCC,0.376429035,0.963625322,19.803251,0.5850511312079738,0.3829052606637534
1410,O=[N+]([O-])c1cc(c(c(c1)C(F)(F)F)N(c2c(cc(cc2Br)Br)Br)C)[N+](=O)[O-],0.302546013,0.999803228,7.338323,0.0533333478245088,0.24514623597072044
1411,FC(F)(F)c1nc2ccc(cc2([nH]1))c3ccccc3,0.69742846,0.999664729,-2.095282,0.1829700818102253,0.5833633961651467
1412,O=C(c1cnccc1)N2C(=NCC2)Nc3c(cccc3Cl)Cl,0.916001037,0.944587625,1.2662455,0.2027667471840006,0.39052887089141297
1413,O=[N+]([O-])c2cccc1nc3cccc(c3(cc12))N(C)C,0.405578923,0.999750994,12.196138,0.0386276300950734,0.33790626690895625
1414,O=C(c1ccccc1)c2ccc3n2CCC3(C(=O)O),0.855918702,0.4603816,0.8971878,0.9996131286015048,0.573520650385244
1415,OC3CCN(c1nnc(cc1)c2ccc(cc2Cl)Cl)CC3,0.919619313,0.998713852,0.26253498,0.0875235001342277,0.18283088309628218
1416,N#Cc1cc(c(OC(=O)CCCCCCC)c(c1)Br)Br,0.350553264,0.999322328,6.476561,0.0066744614641271,0.09287427755065514
1417,O=C1OC2CC(C)C3C=CC(=O)C3(C)(C(O)C2(C1(=C))),0.526862273,0.997580577,21.161991,0.0224657077977794,0.334184349803722
1418,O=C1OC(=NN1c2ccc(N=C(O)N(C)C)cc2Cl)C(C)(C)C,0.672008409,0.926253196,-0.5876038,0.3221271425053033,0.5147958653204162
1419,N1=C(NCC(C)(C)C1)C(OCC)c2cccc(c2)Cl,0.916486034,0.467286529,-11.366438,0.4451742622286243,0.24972523097288807
1420,N#CCCN(C(=O)CSP(OCC)(OCC)=S)c1ccccc1,0.579391845,0.225888275,-1.9862785,0.0025298636555057,0.07627350571733513
1421,c1ccc(cc1)CC(N2CCCC2)CCC,0.729454547,0.999741017,2.4291177,0.6669473385551442,0.3437845224650893
1422,O=C(Nc2c1[nH]c(nc1c(c(c2Cl)Cl)Cl)C(F)(F)F)c3ccccc3,0.526996397,0.999849385,9.429704,0.5026418507705585,0.5338352684068834
1423,Oc2cc1c4cc5OCOc5(cc4(c[n+]3c1c(c2)CC3)),0.501155383,0.061829855,16.129364,0.0591578890034725,0.18797844783725473
1424,O=[N+]([O-])C(CC)C(c1ccc(cc1)Cl)c2ccc(cc2)Cl,0.561590027,0.609451475,12.366704,0.8808743839324674,0.658705973664332
1425,O=C(O)C2c1ccc(cc1CC2)C3CCCCC3,0.857606644,0.999244494,10.544311,0.9547719630081802,0.8064558656186239
1426,O=C(O)CCCc2nc1cc(ccc1n2C)N(CCCl)CCCl,0.699336276,0.079014481,11.25045,0.842978931376125,0.3638966130998176
1427,O(CC(CC)CCCC)C(c1cccc(c1)Cl)CBr,0.497027651,0.052551364,8.09112,0.6133629104208816,0.3083148255497947
1428,O=C2c1c([nH]c(c1CC)C)CCC2CN3CCOCC3,0.91771158,0.999892731,-9.56464,0.1224266493240155,0.3562781768019714
1429,O=C1OCCCCCCCCC=CCCCCC1,0.457854163,0.047265411,2.9568448,0.2134182899338743,0.17152146813215574
1430,O=C(NP(=O)(OC)SC)CCCCCCCCCCCCC,0.293728974,0.999854505,21.295855,0.6606047647430167,0.3939328458521715
1431,O=C4Oc2c(c(OC)cc1OC3OC=CC3(c12))C5=C4C(=O)CC5,0.752045766,0.999266181,21.98658,0.2681961921755473,0.149498260191348
1432,O=C(O)C(C)CC(=O)c1ccc(cc1)c2ccc(F)cc2(F),0.851636524,0.999779205,-7.013487,0.861531119291045,0.7852759712521876
1433,c1ccc(cc1)c3cc(c2ccccc2)[n+](n3C)C,0.616780596,0.560377498,6.8365645,0.4112925166619653,0.36346889585433606
1434,N=[N+]=NC1CCC5(O)(C4N(C)CCC25(c3c(OC12)c(O)ccc3C4)),0.52994327,0.99908867,-3.719831,0.3033204674323324,0.2000170136124965
1435,OC1C=CC24(c3c(OC2(C1))c(OC)ccc3CN(C)CC4),0.800524269,0.999571992,0.96309006,0.9133450766843576,0.5977668572432373
1436,c1ccc(cc1)N(Cc2ccccc2)CCN(C)C,0.780484057,0.990148358,2.0446959,0.976373576140076,0.8246689266222826
1437,O=C(Oc2cccc1c2(OC(C)(C)C1))N(C(=O)C[N+](C)(C)C)C,0.799824735,0.715485894,5.3741236,0.7445332805980653,0.49586567527916836
1438,O=C(OC2(c1ccccc1)(CCN(C)CC2(CC)))CC,0.790339061,0.927410502,6.4511065,0.932168783289236,0.7817565961007485
1439,O=C(OC1(C)(CC(C(=O)C(C1)C(O)CC2CC(=O)NC(=O)C2)C))C,0.57699399,0.999709965,-2.4000702,0.4157269392249365,0.5574296800352918
1440,O=P(OCC)(OCC)C(Sc1ccccc1)(SCC)P(=O)(OCC)OCC,0.174486418,0.997797149,11.593561,0.7090686492693831,0.5978533329211089
1441,O=C1c5c(O)cccc5(Oc3c1c(OC)cc2OC4OC=CC4(c23)),0.693366472,0.986566291,19.652708,0.1205371161456708,0.5167595555951706
1442,O=C(OC)Nc3nc4ccc(Oc1ccc2nc(NC(=O)OC)[nH]c2(c1))cc4([nH]3),0.412586509,0.669178133,12.571465,0.3038512832319607,0.34894836913983107
1443,O=C(Oc2cccc1c2(OC(C)(C)C1))N(C)Sc3ccc(c(c3)Cl)Cl,0.60876021,0.99658297,1.408338,0.0573174131498434,0.39230589303100566
1444,O=C(Oc2cccc1c2(OC(C)(C)C1))NCSc3ccc(cc3)Br,0.571457783,0.258213605,0.70058525,0.039047041521855,0.3037081280071739
1445,O=C(Oc2cccc1c2(OC(C)(C)C1))NCSc3ccc(cc3)Cl,0.620116283,0.329859708,-2.876346,0.0453023114057009,0.2885251561018908
1446,O=C(OCCOCCO)c2ccccc2(Nc1cccc(c1)C(F)(F)F),0.549599009,0.999043266,2.9023376,0.1292821964094495,0.36874023146319407
1447,O=C3c1ccccc1N(c2ccccc2N3CCN(C)C)C,0.870763156,0.24358144,5.129354,0.9431932125584916,0.7713373349706558
1448,O=C3c1c(ncn1CCNC(C)Cc2ccccc2)N(C(=O)N3C)C,0.714571088,0.696239303,1.1824158,0.2956096567846182,0.38800162128764193
1449,O=C1OC3CCN2CC=C(COC(=O)C(O)(CO)C(C)CC1(=CC))C23,0.394724503,0.999246573,10.178921,0.3411236244262933,0.5484085936865856
1450,c1ccc(cc1)[P+](c2ccccc2)(c3ccccc3)C,0.64156024,0.670764431,18.725212,0.8981604424955786,0.734938777194257
1451,c1ccc3c(c1)C=C(c2cc(ccc2S3)Cl)N4CCN(C)CC4,0.750313079,0.999484119,8.088888,0.9574899129536424,0.8516676219125593
1452,O=C(N3N=C(c1ccc(N)cc1)c2cc4OCOc4(cc2CC3C))C,0.811407547,0.40732236,6.1761265,0.0875776722041245,0.21739263710087772
1453,c1ccc3c(c1)C(=CCCN(C)C)c2ccccc2SC3,0.808870719,0.004867818,10.489509,0.9811395367239388,0.8918743397448233
1454,N1=C(NCC(C)(C)C1)C(OCC)c3cccc2ccccc23,0.926687261,0.999768852,-4.751557,0.5841996351272547,0.28687974568194785
1455,c1ccc(cc1)[P+](c2ccccc2)(c3ccccc3)CC,0.637376839,0.89067785,20.405807,0.903930918287766,0.7543905885048059
1456,N(=C(Nc1cc(ccc1(OC))Cl)c2ccccc2)C3CCCCC3,0.584240131,0.858996417,-2.365439,0.201290629522464,0.17639969813627737
1457,O=[N+]([O-])c3cccc2nc1ccccc1c(NCCCCCN(C)C)c23,0.280781168,0.897302046,13.000146,0.1244485145965524,0.2917993133218706
1458,O=C(Oc2cccc1c2(OC(C)(C)C1))N(C)SN(CCCC)CCCC,0.544125841,0.999879483,10.893907,0.0532368869681494,0.5784098583769708
1459,O(CCCC)C(c1ccc(cc1)CCCCCCCC)CBr,0.273080687,0.96239272,12.411101,0.481417088766691,0.5188272791171769
1460,O=C(OCCOCCN(CC)CC)C(c1ccccc1)(CC)CC,0.431668219,0.999797341,3.2534013,0.8872521160773967,0.8161754980181891
1461,c1c[n+](ccc1C)CCCCCCCCCCCCCC,0.310461374,0.992540196,24.094143,0.9563023494750515,0.7877922711801701
1462,O=C(N1CCOCC1)N(CCN(C(=O)N2CCOCC2)CCCC)CCCC,0.596573887,0.999418839,1.288071,0.2372464192145742,0.34913276471943033
1463,OCCCCCCCCCCCCCCCCCCCC,0.269480724,0.633339472,31.188026,0.2776957557347537,0.18723554302485876
1464,O=C1OC(COC)C5(c2c(occ12)C(=O)C3=C5(CCC4(C(=O)CCC34)(C)))C,0.744484334,0.999808473,6.601747,0.8942178883922952,0.37675582686808623
1465,O=C(c1ccc3c(c1)N(c2ccccc2S3)CCCN(C)C)CCC,0.635787851,0.88236335,7.4983296,0.9531768320989196,0.8171666825716901
1466,c1ccc(cc1)C3(c2ccccc2)(CCN(CC3)C(C)(C)C),0.763502306,0.935788163,1.2428728,0.9656458456419516,0.7611425857783631
1467,O(CC(CC)CCCC)C(c1ccc(c(c1)Cl)Cl)C[n+]2ccccc2,0.443155388,0.996615608,7.6172185,0.7701083345918521,0.2572506644322332
1468,O=C(OC1C(=C(C(=O)C1)CC=CC=C)C)C2C(C=C(C)C)C2(C)(C),0.407748641,0.006075895,5.231089,0.0211474505492094,0.10749508186316117
1469,O=C(OCC1OC(OC1)(C)C)Cc3ccc4C(=O)c2ccccc2COc4(c3),0.757235718,0.99975378,5.7749534,0.1739672928649349,0.6988054348176977
1470,N#CC(OC(=O)C1C(C)(C)C1(C)(C))c3cccc(Oc2ccccc2)c3,0.690078528,0.00555083,6.138958,0.0240665706165326,0.05452940533230778
1471,O=C(O)C(=CC=CC2(OC(=O)C13(CC=C(C)CCC3(OC(=O)C)(C2(CC1))))(C))C,0.341655503,0.998971761,4.590703,0.9217999523774868,0.856645956508375
1472,O=C(OC(CC)C(c1ccccc1)(c2ccccc2)CC(NC)C)C,0.728315315,0.871621746,2.4100018,0.9634445692932088,0.8081928420856228
1473,O=C(Oc1ccc[n+](c1)C)N(C)CCCCCCN(C(=O)Oc2ccc[n+](c2)C)C,0.465262104,0.008965044,24.156246,0.582740041848007,0.6451469234762842
1474,O=C(Nc1c(cccc1C)C)C2(N(C)C)(CCN(CC2)C3CCCCC3(O)),0.852018482,0.997615736,4.0431705,0.1223671520218479,0.5568768905001964
1475,O=C(O)Cc3c(c1ccccc1)c(nn3(c2ccccc2))c4ccccc4,0.558193277,0.921876816,1.7946421,0.6048971505470505,0.44307381291347714
1476,O=C2N6c1cc(OC)c(OC)cc1C57(CCN4CC3=CCOC(C2)C(C3CC45)C67),0.719494543,0.014301755,-4.560815,0.5475095113389221,0.2779309129791768
1477,O=C(OC(CC)C(c1ccccc1)(c2ccccc2)CC(N(C)C)C)C,0.646818514,0.82244726,5.738434,0.9992914254126288,0.9058144919609731
1478,O=C(OC)CCCCC(=O)CC1C(=O)CC(O)C1(C=CC(O)CC(C)CCCC),0.258610931,0.994195183,18.707481,0.9323473065604772,0.7422354329000536
1479,O=S(=O)(c2ccc(Oc1ccc(N)cc1)cc2)c4ccc(Oc3ccc(N)cc3)cc4,0.402342059,0.999678586,12.423714,0.2369787141905871,0.7812683537227054
1480,O=C(OC)C(C(=O)OC)C(=O)Cc3c1cc(OC)ccc1n(C(=O)c2ccc(cc2)Cl)c3C,0.3843147,0.998862889,-1.3805103,0.7185681470516737,0.5567094590564039
1481,O=C(Nc1ncccc1)C6=C(OC(=O)C34(CC2CC(CC(C2)C3)C4))c5c(cc(Cl)s5)S(=O)(=O)N6C,0.58008414,0.992349742,1.2090391,0.0949551620901312,0.16317032864874445
1482,OCC5OC(n2cnc1c(ncnc12)NCC(c3ccccc3)c4ccccc4)C(O)C5(O),0.337249492,0.098642597,4.494502,0.0458264952559752,0.24680848759681356
1483,O=C(O)CCCc3cccc1c3(OC2CC(O)C(C=CC(O)C(C)CC#CC)C12),0.462067888,0.997241015,15.346761,0.6402342391736705,0.1815554610529722
1484,O=C2NC(C(=O)N3CC(C(C3(C(=O)NC(C(=O)NC(C(=O)NC(c1ccccc1)C2)CO)CC))Cl)Cl)CO,0.238538233,0.92012957,4.79188,0.7215797765948979,0.42274178312460603
1485,O=C(OCC34(CC(OC(=O)CC(C)C)C(=CC4(OC2C(O)C(OC(=O)C)C3(C)(C12(OC1))))C))C,0.26971834,0.021376227,7.0391307,0.9409408530632918,0.6443963682596252
1486,O(CCCCCCCC)C(c1ccc(cc1)C(C)(C)C)C[n+]2ccccc2,0.330707686,0.011067383,6.5001874,0.9220706797847112,0.69480365916376
1487,N#CC(OC(=O)C(c1ccc(OC(F)F)cc1)C(C)C)c3cccc(Oc2ccccc2)c3,0.341733964,0.353322373,9.692434,0.0191202635412203,0.12337384417524895
1488,O=C1c5cccc(O)c5(C(=O)c2c(O)c4c(c(O)c12)CC(O)(C(=O)C)CC4(OC3OC(C)C(O)C(N)C3)),0.269985055,0.527214681,15.742736,0.993863095257013,0.9292473902155569
1489,O=P(O)(OCC[N+](C)(C)C)OCC(COC)CSCCCCCCCCCCCCCCCC,0.072444702,0.767054676,24.610197,0.9333379598237044,0.8070395512851679
1490,O(CCCCCCCC)C(c1ccc(cc1)C2CCCCC2)C[n+]3ccccc3,0.275296788,0.999285128,13.22088,0.2418156437855741,0.48669579557667725
1491,Fc1ccc(cc1)C(c2ccc(F)cc2)CCCN4CCC(O)(c3ccc(c(c3)C(F)(F)F)Cl)CC4,0.323459873,0.768980445,5.44096,0.8608386785719361,0.6186494288270269
1492,OC3C(=C)C(=CC=C1CCCC2(C)(C1CCC2(C(C=CC(C)C(C)C)C)))CC(O)C3,0.49865603,0.999895783,23.700638,0.9995997290117354,0.8799302326766629
1493,O=C(Oc1ccc2c(c1)C3(C)(CCN(C)C3(N2C)))NCCCCCCCCN(CCC)CCC,0.356875778,0.615012768,-1.5189419,0.3239776745353889,0.33783569966354887
1494,O1c3cc(c(cc3(Oc2cc(c(cc12)Br)Br))Br)Br,0.345378279,0.999880443,22.797153,0.6583719071124398,0.5532899485990267
1495,O=C(Oc1ccc2c(c1)C3(C)(CCN(C)C3(N2C)))NCCCCCCCCCCN4CCCCC4,0.382839512,0.999727285,-0.4764626,0.2639568678831017,0.2992166572636525
1496,O=S(=O)(F)CCCl,0.420695352,0.999568249,12.7223,0.9021040029391776,0.831999091511148
1497,O=S1(=O)(OCOS(=O)(=O)C1),0.434734201,0.999558025,24.301239,0.9104002901764982,0.7617902759701936
1498,O(C)P(N)(=S)SC,0.610348616,0.998966576,14.85007,0.8549501113498409,0.5622087874412341
1499,O=C1Oc6ccccc6(C(O)=C1C5c2ccccc2CC(c3ccc(cc3)c4ccc(cc4)Br)C5),0.24575406,0.999892758,8.51301,0.0712930628222846,0.6267803461885676
1500,O=C1Oc6ccccc6(C(O)=C1C5c2ccccc2CC(c4ccc(OCc3ccc(cc3)C(F)(F)F)cc4)C5),0.229026498,0.998002842,3.5431418,0.0596461953454611,0.17058245280034603
1501,O=C4N(C(=O)C5C3C(=CC(C3(=C(c1ncccc1)c2ccccc2))C45)C(O)(c6ncccc6)c7ccccc7)CCOC,0.245455506,0.987356357,8.237843,0.0386486453557266,0.3119134424172618
1502,O=NN(C(=O)C)C,0.349138477,0.998420427,17.170488,0.4647776009082807,0.5003475380711719
1503,O=NN1CN(N=O)CN(N=O)C1,0.550221848,0.999702569,21.47694,0.7301431209646144,0.29226105895111865
1504,O(C)P(OC)(=S)SC,0.604507783,0.999538149,17.181595,0.7315414300183275,0.6026831265321229
1505,O=P(OC)(OC)SC,0.582937233,0.998654369,18.538689,0.8404794945457762,0.5998357998285696
1506,n1c([nH]c(c1Cl)Cl)Cl,0.637765233,0.998343831,7.0156875,0.8915486946519948,0.5845977130364484
1507,O=COC3CC(OC(C)C3(OC2OC(C)C(OC1OC(C)C(OC=O)C(OC(=O)C)C1)C(OC=O)C2))OC8CCC7(C)(C(CCC5C7(CCC6(C)(C(C4=CC(=O)OC4)C(OC=O)CC56(O))))C8),0.10093883,0.903103296,21.121574,0.9676902522189276,0.43977290262511615
1508,O=C(O)C(C)C7(O)(OC(CC5OC4(OC(C)(C1OC(CC1)C2OC(CC2)C3OC(O)(C)C(C)C(OC)C3(C))C(OC)C4(C))(C(C)C(OC)C5))C(OC)(C)C(OC6OC(C)C(OC)CC6)C7(C)),0.204865582,0.950250637,32.770824,0.9759616875289704,0.6998727539196551
1509,C(C(=C(Cl)Cl)Cl)(=C(Cl)Cl)Cl,0.596650986,0.916371471,34.18618,0.7875012763229708,0.6422032087806411
1510,O=P(OC)(OC)SCC,0.605330506,0.995071364,15.817527,0.6059252970407961,0.5702603674923045
1511,O=P(F)(N(C)C)N(C)C,0.557899317,0.998368216,11.529356,0.8984480262063744,0.6321026594752224
1512,N#CSCCSC#N,0.443643325,0.998223005,24.65751,0.1655849905663419,0.4470130292159829
1513,O=P(OC)(OC)OC(C(Cl)(Cl)Br)Br,0.539218187,0.99901122,27.074837,0.8858390340205854,0.6394094593182919
1514,O=NN(C(=O)OC)CCCl,0.356740626,0.998292995,20.675495,0.8741207585188556,0.5708361594567359
1515,O=P(OC)(OC)SCC(Cl)(Cl)Cl,0.580055519,0.998972217,24.87191,0.8530090131702792,0.4924580018569224
1516,O=NN1CCOCC1,0.452669909,0.996725001,9.3605795,0.0582338654387515,0.19195029394959376
1517,O=NN1CCN(N=O)CC1,0.510128198,0.99840393,19.546497,0.1459388414674592,0.15904236691128068
1518,O=S1(=O)(OCC(C)(C)CO1),0.519196096,0.999617803,15.084657,0.4642797395751586,0.6376197650480016
1519,O=C(OC(CO)CO)CS,0.362831518,0.999483891,12.347534,0.6473329608940959,0.5870526227329722
1520,O=P(OC)(SCC)SCC,0.636258323,0.997852696,21.764027,0.5621871975837197,0.4095785127151913
1521,O=P(OC)(OC)SC(C)C,0.628746195,0.998581567,10.769263,0.6119965625035677,0.47978432329475795
1522,O=C1OC(O)C(=C1Cl)C(Cl)Cl,0.529483342,0.999753637,12.743371,0.9011629263082224,0.6903411178399332
1523,O=[N+]([O-])c1cc[n+]([O-])cc1,0.242386195,0.39685183,20.706896,0.2139435018115335,0.3586533944340543
1524,n1cc2c(ncnc2([nH]1))N,0.529675929,0.998076871,-3.6320229,0.949326533202,0.44266394737039627
1525,n1cnc2[nH]cnc2(c1N),0.529675929,0.999307961,2.788021,0.9453224474884162,0.5193562887204248
1526,O=C(OCC#C)C,0.34525444,0.997060171,-2.1153035,0.062037980431393,0.24771045605966785
1527,OCc1occc1,0.562462028,0.998346309,17.765673,0.0215177225937649,0.21491145773340237
1528,O=C(OCCCl)C=C,0.326515945,0.997287753,16.685928,0.0720417269730216,0.31872581278442896
1529,O=C(O)C(N)COC(=O)C=[N+]=N,0.201371611,0.999068325,16.309616,0.1964393995489431,0.21946401912258992
1530,OC(=NC)ON=C1COCS1,0.360403058,0.998255058,22.062706,0.2224657129682936,0.16823347412361694
1531,O=C(N(C)C)C(C(=O)C)Cl,0.433072847,0.97110031,10.117895,0.823376253346232,0.6017685761795409
1532,n1nc2n(n1)CCCCC2,0.520860112,0.998510893,13.430724,0.1432137358002297,0.24861773325967054
1533,O(C(=S)SSSC(OCC)=S)CC,0.567705997,0.998846523,23.570377,0.2307128548390076,0.6298186750798553
1534,OC(C(O)C1OC1)C2OC2,0.47575476,0.998672784,19.919678,0.8117909320424105,0.4986500718562474
1535,C=CCSSCC=C,0.332147438,0.998860573,21.693604,0.0388445099836187,0.35520648927956433
1536,O=P(OCC)(OCC)SC=C(Cl)Cl,0.674751461,0.997071112,19.53383,0.5501339466407026,0.4557510043162612
1537,O=C1N(N=C(OC)S1)CSP(OC)(OC)=S,0.738229526,0.994353211,19.723791,0.4235398435427223,0.40781271920815626
1538,n1ncn(c1)CCCC,0.604782627,0.111099767,11.406257,0.0127994374004938,0.20942557237527293
1539,O=P(OC=CCl)(OCC)OCC,0.503791461,0.993153712,18.5275,0.5319511612599087,0.49585538967190956
1540,O=P(N1CC1)(N2CC2)N3CC3,0.444390113,0.996824877,9.305034,0.6118818051185649,0.4825701038646999
1541,N(CC)(CC)CCCl,0.529340243,0.999044385,8.615338,0.053111069269302,0.3096442099898912
1542,O=P(OC)(CCCC)SC,0.6112321,0.999783704,17.063198,0.2225489404665131,0.2567871776574947
1543,O(C)P(OC)(=S)SCCSCC,0.506069717,0.998843058,21.055052,0.2748149431402105,0.5494023624000355
1544,O=P(OC)(OC)SCCSCC,0.496135295,0.998835518,20.267578,0.2895843630358142,0.5911452302785614
1545,O=[N+]([O-])c1cccc(c1[N+](=O)[O-])Cl,0.543108081,0.998874219,11.70887,0.3143282316673206,0.3865351244975123
1546,c1ccc(cc1)P(Cl)Cl,0.580624518,0.999236836,20.485374,0.019004715268564,0.2159307028148481
1547,O=C(OCC(F)(F)C(F)F)C(F)=C,0.396900445,0.997628752,6.146461,0.1958905241146017,0.31872649623772537
1548,O=C(C#C)C=CC,0.266211474,0.997386285,21.864925,0.1059161750450904,0.25338094839371506
1549,O=NN(c1cnccc1)C,0.454117324,0.67855683,13.388919,0.065224017100026,0.11363671124813852
1550,O=C(OCC1OC1)C=C,0.3075056,0.99972988,12.4211855,0.0216523843059956,0.2775163150521819
1551,O=C(OCC)CC(=O)CCl,0.349933305,0.933554367,8.594806,0.0727982907185497,0.4070423809936399
1552,N#CC(C#N)=C(C#N)C#N,0.440194908,0.999510797,41.123917,0.7831969872125105,0.29770695293171867
1553,O=C(ON=C1C(NC(=O)CS1)C)NC,0.474851221,0.998260847,8.1894865,0.4648063000010136,0.33829274290021033
1554,O=C(O)CCC(C(=O)O)(CC(=O)O)P(=O)(O)O,0.37601485,0.990487066,19.340374,0.6493112127165136,0.7410029051046557
1555,O=C(ON=C1C(OCS1)C)NCC,0.541262788,0.99917117,15.935737,0.5623005996330274,0.1257395297000404
1556,O=NN(C)C1CCCCC1,0.435657704,0.999721683,19.546597,0.0803880428053751,0.18346921939227093
1557,O=C(ON=CC(C)(C)SC)NC,0.416304575,0.992919107,8.093322,0.4844143517956941,0.6624153500717734
1558,O=C(OC)N(C(=O)CSP(OC)(C)=S)C,0.72275042,0.999526133,0.4729401,0.697874723248462,0.25716943819375865
1559,O=C(OCC)CC(=O)NP(=O)(OC)SC,0.435663481,0.721380469,17.191645,0.4669423062658372,0.6551150380918137
1560,N(=C(N)NC(C)C)C(C)C,0.441545265,0.999631655,15.267533,0.1107463378365241,0.4132826717242227
1561,O(C)P(OC)(=S)SCCSC(C)C,0.514267396,0.995700795,20.00089,0.2506738326711346,0.5225936041933867
1562,O=P(OCC)(OCC)SC(C)C,0.632625466,0.994098173,5.3137736,0.3654942146701351,0.33710910171630043
1563,O=[N+]([O-])c1c(c(c(OC)c(c1Cl)Cl)Cl)Cl,0.465466191,0.997141456,24.601223,0.7390237352719858,0.34264775689312504
1564,N#Cc1cc(c(O)c(c1)I)I,0.712877944,0.99797529,14.106511,0.0251700050898384,0.09037125651854569
1565,N#Cc1ccccc1(O),0.558369314,0.989362203,17.238882,0.0619093169594378,0.10405357943240816
1566,n1csc2ccccc12,0.539773573,0.998965649,14.549155,0.0508499689504647,0.22173006354408967
1567,c1ccc2NC(Nc2(c1))=S,0.554287155,0.999530815,-0.20894098,0.1928333190434616,0.21406866835338612
1568,O=C1OC2=CCOC(O)C2(=C1),0.486605309,0.999388298,2.2054548,0.502096227368,0.21665008587546714
1569,NC(Nc1ccccc1Cl)=S,0.659324752,0.997535276,8.37033,0.0210316361249978,0.302323726754575
1570,C1=CC=CCC=C1,0.42873354,0.999189788,22.695078,0.004474809593858,0.1205761553279345
1571,Nc1ccc(c(c1)Br)C,0.617939119,0.999428062,9.953321,0.0154501653366321,0.1963310672494712
1572,N(=NC)Nc1ccc(cc1)Br,0.595886413,0.998225199,13.428104,0.0144013026084807,0.2279856530602356
1573,Oc1cccc(O)c1C,0.548523553,0.99928553,14.882079,0.042793968736905,0.25558458808235757
1574,O=C(OCCCl)C=CC(=O)OCCCl,0.396748202,0.807742035,27.45118,0.8516772944598351,0.7828888073205429
1575,O(C)P(C)(=S)Sc1ccccc1,0.719837683,0.598705034,6.1936088,0.0230858524839069,0.20093058850837092
1576,N#CC(N=NC(C#N)(C)C)(C)C,0.585589288,0.99939109,29.599852,0.0703471584272891,0.09976773706342816
1577,Nc1ccc(cc1)NCCN,0.555340015,0.996805426,0.27772188,0.3233297060735496,0.3347288094098038
1578,O=C(ON=C1C(NC(=O)CS1)(C)C)NC,0.502140479,0.997646,12.545397,0.3470800018244602,0.3118702510237837
1579,O=C(OC)CC(C(=O)OC)SP(=O)(OC)OC,0.509703578,0.999532412,21.652958,0.8471448513286964,0.6895456768887566
1580,O=P1(OCC(CC)C(O1)CCC)Cl,0.690379156,0.976477362,14.531257,0.106125426527695,0.19642737310287406
1581,O=C(N1CCOCC1)CSP(OC)(OC)=S,0.704944834,0.997582361,13.153648,0.5534973059346796,0.30647124355643046
1582,O1C(OC(OC(OC1C)C)C)C,0.559467359,0.999728937,4.478979,0.1286602044469033,0.21904347817299982
1583,O=S(CC)CCSP(OCC)(OCC)=S,0.610197864,0.998863252,11.122422,0.5097025234501448,0.48217467313041124
1584,NNC(C)CCCC(C)C,0.454739234,0.999725325,10.500464,0.0911423851747244,0.31399629193151934
1585,O(C)P(CC)(=S)SCSCSP(OC)(CC)=S,0.300241779,0.998685602,24.033062,0.8003409473488032,0.631552326042882
1586,O=[N+]([O-])c2cc1[nH]c(nc1c(c2Cl)Cl)C(F)(F)F,0.642875972,0.999850323,5.3886633,0.7605018188178247,0.5508942187048765
1587,FC(F)(F)c1nc2c([nH]1)c(ccc2Cl)Cl,0.759519887,0.928988924,-12.133981,0.7786938464960876,0.2895106076796159
1588,FC(F)(F)c2nc1c(cc(c(O)c1Cl)Cl)[nH]2,0.768668569,0.694602951,-9.944647,0.6621258279975893,0.3120121565304504
1589,FC(F)(F)c1nc2c(O)c(c(cc2([nH]1))Cl)Cl,0.768668569,0.773456787,-17.14942,0.6342460262922459,0.27374184538422
1590,O=S(=O)(N)c2c1nc([nH]c1c(c(c2Cl)Cl)Cl)C(F)(F)F,0.757659972,0.703464477,5.2114997,0.6967439890637174,0.5603942714302581
1591,Fc1c2nc([nH]c2(ccc1Cl))C(F)(F)F,0.700577823,0.134740961,-14.871722,0.5354007373525107,0.30564288080168195
1592,FC(F)(F)c2nc1c(cc(cc1I)I)[nH]2,0.624044975,0.325505888,-12.456484,0.2522123093495792,0.2355777055519513
1593,FC(F)(F)c1nc2ccc(cc2([nH]1))Cl,0.725527069,0.409724808,-8.640891,0.7252922520888058,0.2186837811401615
1594,N#CSc1cccc(c1)C(=O)O,0.556464227,0.778605463,14.731639,0.0593262105028611,0.17326016223797722
1595,O=C(c1ccccc1)CCl,0.471175853,0.091850658,17.485786,0.0149167681782391,0.2258541964025421
1596,O=C(c1ccc(O)cc1)CCl,0.543138043,0.999237074,17.53566,0.031475903910031,0.2387600338108337
1597,O=C(Nc1ccc(F)cc1)CF,0.720892725,0.983530127,12.978967,0.0360344522769187,0.38678167860742535
1598,Fc2c1nc([nH]c1c(c(F)c2Br)Br)C(F)(F)F,0.41035525,0.987682508,-4.282961,0.2663270219315025,0.35108349754501855
1599,O(c1cc(c(cc1Cl)Br)Cl)P(OC)(CC)=S,0.546590908,0.519997371,8.240454,0.3212156069976783,0.2322508052586744
1600,N2=C(Nc1c(cc(N)cc1Cl)Cl)NCC2,0.662396813,0.365918023,-1.3230342,0.9167938319064068,0.47100460024605423
1601,O=C2NN(c1ccccc1)CC2,0.665806042,0.475295444,0.025550961,0.4145225004497847,0.14316639717544608
1602,O=S(=O)(Oc1ccc(cc1)SC(O)=NC)C,0.387408482,0.994502124,16.352535,0.7183775650073514,0.6169033805681473
1603,O=C(ON=C1C(N(C(=O)CS1)C)C)N(C)SC(Cl)(Cl)Cl,0.318893771,0.272993851,17.040905,0.3548798881811488,0.2764706393722845
1604,n1c(cccc1Cl)N2CCNCC2,0.685000207,0.102878202,-5.0177045,0.0765876075000288,0.15449354886403205
1605,C#CCON=CC1=CCCNC1,0.285743266,0.725123048,15.099944,0.0687164435011738,0.09233445031264373
1606,N=C(O)c1ccccc1(N=NN(C)C),0.333033528,0.990598436,14.934199,0.0523210783953952,0.27738359167367205
1607,O=[N+]([O-])c1ccc(OP(=O)(OC)OC)cc1C,0.459636804,0.585765815,8.548564,0.3790619784212605,0.3106673993641464
1608,Oc1cccc(c1)C(O)C(N)C,0.609220732,0.999507822,4.934912,0.6215706830323007,0.3559600136762088
1609,Oc1ccc(cc1(O))C(O)CNC,0.510156889,0.999581666,-5.8621535,0.9960363785387526,0.7713695854668936
1610,O=C1C=CC=NN1CSP(OCC)(OCC)=S,0.718848572,0.998514124,5.103031,0.1517536998018435,0.28834510265004065
1611,O(CC=C)P(OCC=C)OCC=C,0.424729833,0.076694905,21.747787,0.0474341233332971,0.25354273439908065
1612,O=C(OC)C=C(OP(=O)(OC)OC)CC(=O)OC,0.295317831,0.99573131,24.985132,0.821507434122774,0.6980208829404336
1613,O=C(ON=CC1(C)(SC(C)C(C)S1))NC,0.462659664,0.99923383,10.738563,0.4873418172414586,0.09913145230803293
1614,O=C(O)CC1(CO)(CCCCC1),0.676209776,0.999896526,14.557746,0.6445375334848413,0.5465569815969554
1615,O=C(OCC[N+](C)(C)C)C(=C)C,0.356224305,0.678186122,7.0854526,0.3696897079289129,0.5376489294915122
1616,O=C1N(CCS1)P(=O)(OCC)SC(C)CC,0.693185878,0.999838039,13.932752,0.1024922864482991,0.11193405798271998
1617,O=P(OCC)(OCC)CSSCSC(OCC)=S,0.18612537,0.997892959,17.66821,0.5902028108980492,0.5911463035305186
1618,O=C(NCOC)CSP(=O)(OCC)NC(C)C,0.494343942,0.93216394,3.5314174,0.2494516343138466,0.34517952158245857
1619,Fc1c(F)c(c(F)c2[nH]c(nc12)C(F)(F)F)C,0.566698105,0.998555985,8.229223,0.4525448940803619,0.2895667245911714
1620,O=C2C(C3(C1C(OC(C1C2(C3(Cl)Cl)Cl)Cl)Cl)Cl)Cl,0.586894765,0.998791888,33.37619,0.5019077648997196,0.29792323315524943
1621,O=C2C(C3(C1C(OCC1C2(C3(Cl)Cl)Cl)Cl)Cl)Cl,0.62174973,0.997208516,30.634624,0.2048257155583535,0.2853993704277633
1622,O=C(N)c1ccc2nc([nH]c2(c1))C(F)(F)F,0.780349793,0.108546653,-11.684384,0.726206656104979,0.6263707504451913
1623,O=S(=O)(c1ccc2nc([nH]c2(c1))C(F)(F)F)C,0.856256882,0.987904752,-13.479217,0.8216525054424987,0.39571833660859546
1624,n1oc(nc1c2ccccc2)CCN(CC)CC,0.784241753,0.999611781,-8.810763,0.1272242030007993,0.2924460038238559
1625,O=C(N)c1cc(ccc1(O))C(O)CNC(C)CCc2ccccc2,0.596838962,0.999752954,-1.6244173,0.9971239962096556,0.8213055356649613
1626,c1ccc(cc1)[I+]c2ccccc2,0.669729471,0.99902668,10.0301,0.0572683715680605,0.5346566606706608
1627,OC(COc1ccccc1(OCC=C))CNC(C)C,0.670456453,0.999851166,3.6744256,0.4591872201291593,0.8031866683084555
1628,OC(c2ccnc1ccc(OC)cc12)C3N4CCC(C3)C(C=C)C4,0.877601618,0.999924634,-11.7155695,0.9970645201458992,0.2083458242109019
1629,O=C(OCCOCCN(CC)CC)C2(c1ccccc1)(CCCC2),0.485828833,0.999950909,-10.298493,0.8346635091112972,0.38589860475487414
1630,n2c1ccccc1sc2S,0.594971931,0.998008535,13.16718,0.0352854496716804,0.19672508742761757
1631,CCCCCCCCCCCCCCCC[Si](Cl)(Cl)Cl,0.157160456,0.999354162,20.918344,0.3290233489050456,0.43058412075020946
1632,O=C(OC1C(OC(C)CC1(N(C)C))OC3C(C)C(OC2OC(C)C(O)C(OC)(C)C2)C(C(=O)OC(CC)C(O)(C)C(O)C(C(=O)C(C)CC3(O)(C))C)C)CC,0.248590689,0.999786266,17.91677,0.9999379085406912,0.9347053623512206
1633,N(CC)(CC)CC,0.51837487,0.998968361,3.6151905,0.0171087295113633,0.16773078245372985
1634,O(c1ccc(N)cc1(N))C,0.565601497,0.998638471,16.816622,0.0254760360027466,0.16311322454953422
1635,O=S(=O)(O)c1ccc(cc1)C,0.648272386,0.999483569,9.8292265,0.2407995355737559,0.4927611139115132
1636,O=CCC=CCC,0.386287799,0.999498384,25.6502,0.0250167162340959,0.09794566909312565
1637,O=C(O)C(N)Cc1ccc(cc1)N(CCCl)CCCl,0.720239223,0.998520245,12.5880375,0.9987610319607017,0.8520058790407521
1638,O=C1OC3CCN2CC=C(COC(=O)C(O)(C)C(O)(C)C1C)C23,0.462274907,0.999924327,-3.8555808,0.1608299086011172,0.47567362833250115
1639,O=C(CC)C(c1ccccc1)(c2ccccc2)CC(N(C)C)C,0.760121279,0.99872246,6.6491466,0.999641149098862,0.8982162801938156
1640,NC(C)Cc1ccccc1,0.654216218,0.997718887,9.607771,0.9951193235249508,0.7180548827127801
1641,O=C(NCC(O)c1cc(OC)ccc1(OC))CN,0.65403682,0.998968537,1.6900119,0.9966675562099844,0.794436129564499
1642,O=C1CC(N=C2SCCN12)C1CC1,0.628846567084697,0.3800786581392261,7.4275756,0.3276332823384313,0.1032496540271027
1643,FC1=CC(F)=C(NS(=O)(=O)C(F)(F)F)C=C1,0.8296059022557759,0.4713750236857527,5.0913,0.1902929886891362,0.4681508359813681
1644,ClCC1(CCl)COC1,0.5484794916613323,0.9983493848659004,14.923385,0.1927946963285524,0.3234486102476827
1645,CS\C(C)=N\OC(=O)N(C)SN(C)C(=O)O\N=C(/C)SC,0.2520888044207707,0.9983131150749092,22.576092,0.7783283861725856,0.7686963653680194
1646,C(OCC1CO1)C1CO1,0.4941408395227488,0.9912017446269276,12.311936,0.0873231093573636,0.2921935165962015
1647,CC(=O)SCC1CS1,0.5506909578064002,0.9983620669349702,17.868046,0.1183578084743242,0.12923216195387455
1648,CCOP(=S)(OCC)OC1=NOC=C1Br,0.7517706849773986,0.4211557926106345,-1.6605098,0.1715430255890438,0.2899682992098792
1649,C1CCN2C[C@@H]3C[C@@H](CN4CCCC[C@H]34)[C@@H]2C1,0.634630320215008,0.9990088763531396,12.027973,0.9978281199231585,0.24000506636795466
1650,ClC[C@H](Cl)[C@@H](Cl)CCl,0.6081984181169287,0.9975499832676946,15.757003,0.660765324984876,0.5860152370552123
1651,ClC1OC(Cl)C2C1[C@]1(Cl)C(Cl)=C(Cl)[C@@]2(Cl)C1(Cl)Cl,0.4962987643198336,0.9996611127919552,33.55333,0.5611901023034801,0.18462317785654336
1652,OC[C@@]1(O)[C@H]2O[C@@]3(O)O[C@@H]1[C@@H]1[C@@H](O)NC(=N)N[C@]1([C@@H]2O)[C@@H]3O,0.2256633242766868,0.222721056985787,40.08756,0.8112333765044788,0.7801282765702916
1653,C=CCOCCOCCOCC=C,0.3811599658604079,0.9953154233225172,13.892102,0.0202670339191238,0.30227782925888935
1654,CCOP(=S)(OCC)SCSC(C)(C)C,0.5052290262688,0.9993547438472415,6.8365645,0.3179350127202998,0.3807460321591355
1655,O=C1C=CC[C@@H]2[C@H]3CCCN4CCC[C@@H](CN12)[C@@H]34,0.6486320733835753,0.0141383087878284,18.520082,0.6823232026528269,0.4109502533380264
1656,OS(=O)(=O)SCCN1CCCC1,0.5454264439366865,0.5946496382792897,11.305945,0.2755592932456198,0.3261467825934355
1657,O=NN1CCCC1=O,0.4598245549821612,0.9974231214263448,14.656449,0.869124275490187,0.4965071951489712
1658,CC(=O)CCC(=O)SCC1CS1,0.6387137757670481,0.4654867528967225,19.686718,0.0622061082132446,0.15550539282998063
1659,S=P1(CN(CN(C1)C1=CC=CC=C1)C1=CC=CC=C1)C1=CC=CC=C1,0.6226965123339144,0.7530324678316574,7.8754478,0.0864590623670881,0.3031418228355055
1660,CNC(=O)O\N=C(/SC)C(=O)N(C)C,0.2938761341918922,0.995648392975567,15.566371,0.7978995906101792,0.546508292561695
1661,CC1=CC(C)(C)NC(C)(C)C1,0.5271361381696646,0.9982918087617264,6.9485126,0.571859340766243,0.47500424234544997
1662,NC(=S)NC1=CC=C(SC#N)C=C1,0.4424217433293571,0.1242980823593875,17.826656,0.0253959334012243,0.2725128079932399
1663,CC(C)(C)OOC(C)(C)C,0.417812309688905,0.9996598735376362,11.775478,0.031116639126406,0.1845895674316876
1664,N#CNC1=NCCCC1,0.379290309735237,0.132965770617837,27.294493,0.0607709720902152,0.11193181509635537
1665,CCCC1(C)COS(=O)OC1,0.6411755524528002,0.5532444128864985,7.8872237,0.042314354995725,0.29301696169109
1666,COP(=S)(OC)SCCSC,0.5158457051469013,0.99870474543377,21.596146,0.3776328769019783,0.503056797246261
1667,ClC1C=CC2C1[C@@]1(Cl)C(Cl)=C(Cl)[C@]2(Cl)C1(Cl)Cl,0.4023556531567916,0.999772071681755,26.496855,0.2122564257913752,0.16594503640180575
1668,CC(C)\C=C\C1(C(C)C)C(=O)NC(=O)NC1=O,0.5728675411934283,0.7164444655273009,18.407831,0.928585393552983,0.8398327354579657
1669,CNP(=S)(NC)OC1=CC=C(C=C1)S(=O)(=O)N(C)C,0.7606749643722942,0.0800497110244601,5.921843,0.6772908470903549,0.5021581165797493
1670,OS(=O)(=O)SCC(=N)N[C@@H]1C[C@H]2CC[C@@H]1C2,0.3078471778392629,0.0026292531887505,9.914786,0.0716823040877783,0.12677426579693188
1671,N#CCCCC#N,0.4825368866967509,0.9980587700811606,35.074287,0.0541048281441442,0.10961325666440627
1672,FC(F)(F)C1CC(=O)N2CCSC2=N1,0.6200421060942254,0.1079179021760639,13.783285,0.7252526801103912,0.17156349668320575
1673,NCCC1=CNC=N1,0.560081635014732,0.9992513167110378,10.1270275,0.0594307207358659,0.1578122414873671
1674,CNC1CN(C1)C1C2=C(C=CC=C2)C=CC2=C1C=CC=C2,0.9061291684736668,0.5906335972696855,6.8810515,0.9308255105536488,0.37520565385314997
1675,O=C1CCC[C@@H]2[C@H]3CCCN4CCC[C@H](CN12)[C@@H]34,0.6532122014117449,0.5802823414178918,18.548817,0.6849003081626567,0.35899923270700435
1676,CCC12COP(=O)(OC1)OC2,0.5714156228400243,0.9967094988635288,21.085571,0.1667031383147922,0.36334203818486543
1677,CC(C)C1=CC(NC(=N)NC(N)=N)=NO1,0.3614723368156292,0.7580794003909249,12.23423,0.1162374283841356,0.29430342290410405
1678,CC(C)CC(C)NC(C)CC(C)C,0.6681351773273115,0.9987661828319075,16.73465,0.2053238277912939,0.26169562044674466
1679,ClC1=CC2=C(OC3=C(O2)C(Cl)=C(Cl)C(Cl)=C3Cl)C=C1Cl,0.2918992512890283,0.9990260195505118,21.601206,0.8755825993068784,0.6205043886651291
1680,S=P1(CN(CC2=CC=CC=C2)CN(CC2=CC=CC=C2)C1)C1=CC=CC=C1,0.5822568817828325,0.5874110146649412,8.293084,0.4023617294791372,0.5409156114151681
1681,C=CCOC(=O)OCCOCCOC(=O)OCC=C,0.3403658819106375,0.9964225129794344,16.519075,0.1012529404025276,0.2864162096615862
1682,ClC1=C(Cl)[C@]2(Cl)C3[C@H]4O[C@H](C=C4)C3[C@@]1(Cl)C2(Cl)Cl,0.4557806465538552,0.9990455566456986,26.142563,0.084368125776363,0.10303026491573901
1683,CC1CC2=C(C=C3OCOC3=C2)C(=NN1)C1=CC=C(N)C=C1,0.7920181124371042,0.0116374654056749,16.724918,0.0870209839930612,0.24363091627882372
1684,CCOP(=S)(OCC)SCSC(C)C,0.4879900551272321,0.9990982821366976,0.7681006,0.3475065861203936,0.3361742209776531
1685,CC1CSC2=NC(C)CC(=O)N12,0.5644522819044943,0.6038944833749419,11.775458,0.0910689724170871,0.14857619781687784
1686,CS\C(=N\OC(=O)N(C)S(=O)O[C@H]1[C@@H]2OC(C)(C)O[C@@H]2CO[C@]11COC(C)(C)O1)C(=O)N(C)C,0.2233122990490148,0.8761385900013504,18.670284,0.8197041744974124,0.7197792715474431
1687,CP(C)(=S)OC1=CC=C(C=C1)[N+]([O-])=O,0.4555564073800824,0.998149126442502,-1.5596652,0.5637054824901714,0.24680581555507336
1688,CCN(S(=O)N(C)C(=O)O\N=C(/C)SC)S(C)(=O)=O,0.3168800291902025,0.1447748587712037,16.226433,0.5636122855338727,0.5042846681930392
1689,O[C@@H]1[C@@H]2O[C@@]3(O)O[C@H]([C@@H]4[C@H]5NC(=N)N[C@@]14[C@@H]3O5)[C@@]2(O)COC=O,0.2806369179611512,0.044145757489703,31.724594,0.6899987258371029,0.2609531204230106
1690,ClC1=C(Cl)[C@]2(Cl)C3[C@H]4C[C@H](N=N4)C3[C@@]1(Cl)C2(Cl)Cl,0.4393615189493559,0.9997073820048156,21.440735,0.0729997621296575,0.09965546037563633
1691,N#CCCCCC#N,0.515241193724221,0.9981482403717068,34.097107,0.05214822581368,0.14637546146322172
1692,CCOP(=S)(OCC)OC1=NOC=C1Cl,0.7415098250329304,0.9970892996180016,7.4553103,0.3114501031623775,0.304804000136133
1693,CC1=NC(=CN1CCI)[N+]([O-])=O,0.3651782349295024,0.1165236304876164,10.588457,0.282888898435765,0.5355320521435974
1694,OS(=O)(=O)SCC(=N)NCC1CCCC1,0.2966557951611698,0.028961091186709,16.040905,0.2201197084194214,0.18130264661786874
1695,CN1C(=O)N(C)C2=NNC(=O)NC2(C1=O)C1=CC=C(NN)C=C1,0.4235729763475156,0.3251919667446992,11.266841,0.6522657872346925,0.33590008265982435
1696,COP(=S)(OC)OC1=CC=C(C=C1)S(=O)(=O)N1CCOCC1,0.7072439178539053,0.1773084993591555,15.799142,0.1644206632843108,0.4630012847054755
1697,O=C1CC2(CCCCC2)N=C2SCCN12,0.6303980838722353,0.1862676458340814,25.211563,0.4613688065570879,0.1016314504078738
1698,CCOC(=S)SSSC(=S)OCC,0.567705997087448,0.998425973372524,23.570377,0.2307128548390076,0.6298186750798553
1699,CS\C(C)=N\OC(=O)N(C)S(=O)N(C)C(=O)O\N=C(/C)SC,0.3231123491194425,0.9987039203106904,24.173538,0.7782827570689955,0.7900297586945761
1700,ClCC(=O)SCC1CS1,0.4877890385963237,0.513504557948842,21.153618,0.1930246651003563,0.1439880130845791
1701,N#CCCCCCC#N,0.5350847054698477,0.9987322065264692,32.5974,0.0350604288407827,0.1647709795911183
1702,O=C1CSC(=S)N1,0.4763146425263959,0.9988023826890088,20.476154,0.8674112652442353,0.471259989662627
1703,CCCNS(=O)(=O)N=[N+]=[N-],0.3726096219099855,0.9925000285363884,19.981323,0.5756211827450698,0.5827286319157154
1704,CN1CCN(CC1)C1=NC2=C(OC3=C1C=CC=C3)C=CC=C2,0.7468405657069901,0.9973726274416086,1.3491911,0.957705396711313,0.6141667324393192
1705,OS(=O)(=O)SCC(=N)NC[C@H]1C[C@H]2CC[C@@H]1C2,0.3069365509191858,0.0023625724499512,13.127291,0.0796943972836833,0.12204870590854995
1706,COC1=NN=CC(=N1)C(C)(C)C,0.6297338445460612,0.5708015401963183,-13.246085,0.0127568268775861,0.42157265816766626
1707,CSCCSP(=S)(OC(C)C)OC(C)C,0.4915425077717443,0.8256810093559939,17.599625,0.3600424693926901,0.3380908382113562
1708,CO\N=C\C1=CCCN(C1)OC(=O)C(C)(C)C,0.5568590279185821,0.0012881088650278,12.506912,0.0329174316193545,0.2368875677632285
1709,O=C1CC(N=C2SCCN12)C1CCCCC1,0.7017623359351102,0.0052136811362172,6.9909234,0.2252858663721091,0.09433104020493491
1710,CCOP(=S)(OCC)SCC1(C)SCCS1,0.6498312703657524,0.9973263337175576,13.039703,0.646602370076084,0.16984962986096006
1711,CSC1=NC(=CN=N1)C1=CC=C(Br)C=C1,0.7935793757589058,0.6771986988783983,-0.27223992,0.0416470189581715,0.14013344081732076
1712,CS\C(C)=N\OC(=O)N(C)C(C)=O,0.2793927081460429,0.9981680017256528,15.909076,0.2344821660110428,0.4458020068045395
1713,CC1=NSC=C1\C=N\NC(N)=S,0.4171397065611544,0.0552065010584393,16.165585,0.0894835745336385,0.28357818313351907
1714,CS\C(=N\OC(=O)N(C)S(=O)OC[C@]12OC(C)(C)O[C@H]1[C@@H]1OC(C)(C)O[C@@H]1CO2)C(=O)N(C)C,0.218383163456909,0.6153955640328017,23.86026,0.8696825285929997,0.6896041363709466
1715,[N-]=[N+]=NS(=O)(=O)NC1=CC=CC=C1,0.4537372936436376,0.9935143731955955,16.67583,0.1363566422134182,0.5522966953340931
1716,COP(=S)(OC)SCC1(C)SCCS1,0.7169813979198304,0.4483976632341763,22.207558,0.346654873087184,0.20959602444456876
1717,CC(=O)CCC(=O)C1=COC=C1,0.6408592973682867,0.7475016476552948,18.992031,0.0204196657599198,0.19836259324982003
1718,OS(=O)(=O)SCC(=N)NC1CCCCCC1,0.2372761674598484,0.1195321578118783,16.540403,0.2110813842472667,0.5272746443802728
1719,FCCCCCC=O,0.3964939930531225,0.9952303504031632,16.877916,0.0120674874638043,0.09661123111768549
1720,CCOP(=S)(OCC)OC1=NN=C(SC)C=C1,0.5658273315745842,0.143374555116904,11.128897,0.3663548416463551,0.3671122067343371
1721,CCP1(=O)OCC2=C(O1)C=CC=C2,0.6506232209583495,0.0801114731443262,18.11611,0.0517969700494534,0.13981787237686716
1722,CCOP(=O)(OCC)SCCSCC,0.4657029162546915,0.9975321249161628,16.557547,0.3086940584081549,0.4268539420864951
1723,[O-][N+](=O)C1=CC2=C(OC3=C(C=CC=C3)N=C2N2CCNCC2)C=C1,0.644225967563498,0.9987598135158786,6.590856,0.8112865263444481,0.32538615068236
1724,ClC1=C(Cl)[C@]2(Cl)[C@@H]3[C@H]4C[C@H](C=C4)[C@@H]3[C@@]1(Cl)C2(Cl)Cl,0.3118304581196562,0.9997732378082904,28.374115,0.0999645260014734,0.0898938636842903
1725,CO[C@H]1NC(=N)N[C@@]23[C@H](O)[C@@H]4O[C@@](O)(O[C@H]([C@H]12)[C@@]4(O)CO)[C@H]3O,0.2449832941771634,0.5407075710675763,31.908173,0.7601292082229117,0.7636622372395128
1726,CN1C(=O)N(C)C2=NNC(=O)NC2(C1=O)C1=CC=C2NC(=S)NC2=C1,0.5554502082066287,0.1797939742966928,0.30633235,0.8769690974708332,0.4190543170806281
1727,CNC1(C)[C@H]2CC[C@H](C2)C1(C)C,0.632181599279575,0.999952124552641,14.499248,0.9965770005750396,0.7670981283277593
1728,COP(=S)(OC1=CC=C(SC)C=C1)C1=CC=CC=C1,0.6117125822402883,0.5828119591185191,13.399488,0.2259675722223735,0.4645754041040414
1729,COP(=S)(OC)SCCSC(C)C,0.5142673962366155,0.9940981726504642,20.00089,0.2506738326711346,0.5225936041933867
1730,CC1=CN=C(N1C=C)[N+]([O-])=O,0.4733708998321285,0.5124347066599021,22.47284,0.4343322554952626,0.4249368689302118
1731,CS\C(=N\OC(=O)N(C)S(=O)OCC1COC(C)(C)O1)C(=O)N(C)C,0.2867480630701146,0.0196939820057543,19.50257,0.4443325013287328,0.5248840808704648
1732,FCCCCCCC=O,0.3992955095757913,0.9946719434289276,17.263836,0.0093769234489307,0.1018396112191166
1733,OCCNC(O)(C(F)(F)F)C(F)(F)F,0.4823171931243531,0.9980734306836636,13.895602,0.8577019573230577,0.7339242969655616
1734,CNC1=NC(N2CCNCC2)=C(SC)C(Cl)=N1,0.6396894245761375,0.0073467277078523,-4.648975,0.600783288526077,0.3270999367079116
1735,BrC1=CC=C(C=C1)C(C(=O)C1(Br)C(=O)C2=C(C=CC=C2)C1=O)C1=CC=CC=C1,0.3596954157798283,0.6339228775441517,13.448893,0.1853082024726855,0.6184278031651055
1736,CC1(C)CCCC(C)(C)N1N,0.5427290261215516,0.9988221286764646,9.458905,0.4088899547730999,0.2711003536238147
1737,O=S(=NCCN1CCCCC1)(C1=CC=CS1)C1=CC=CS1,0.8177003193035439,0.0223569255943353,19.484283,0.2869377872362352,0.3417100099500393
1738,COP(C)(=S)OC1=CC=C(C=C1)[N+]([O-])=O,0.4645464421291913,0.9979759128502884,3.2908974,0.2546815571297569,0.3381700182427723
1739,CCOP(=O)(OCC)OP(=O)(OCC)OCC,0.5704004443653584,0.998989003799257,19.113976,0.8712216022922704,0.5306852901221635
1740,C(CN1C2=C(SC3=C1N=CC=C3)C=CC=C2)N1CCCC1,0.8580715160903875,0.9865011349665592,5.1329646,0.8964861693116001,0.300653101671751
1741,CS\C(=N\OC(=O)N(C)S(=O)OC1COC(OC1)C1=CC=CC=C1)C(=O)N(C)C,0.29068837114418,0.1072045773971537,19.541708,0.1080153895380712,0.2960892198487627
1742,CNC1(C)[C@H]2CC[C@H](C2)C1C,0.6075372291376281,0.9959670159591444,5.8529506,0.7429397377608077,0.34447775562896477
1743,NC(=S)N\N=C\C1=CC=CN1,0.3351370215797882,0.3274668367361275,18.820004,0.097303125375179,0.22022137769863476
1744,FCCCCCCCC=O,0.398117556245345,0.9946770171344954,18.142056,0.0087711734435605,0.10441583843255053
1745,CC(C)(C)C1CC(=O)N2CCSC2=N1,0.6124163107370514,0.250471850480111,9.226199,0.018518452708285,0.1084977260570728
1746,COP(=S)(OC)OC1=CC=C(C=C1)S(N)(=O)=O,0.8224165364258141,0.9921071254802748,17.440403,0.7055497941757443,0.5322574592684258
1747,CC(C)OC(=O)C(C)=C,0.4159811517250191,0.9997041140977342,8.499127,0.0113950553569477,0.24135379185253414
1748,CC1(C)CCCC(C)(C)N1N=O,0.566676336495762,0.9985736534578274,15.754069,0.0929576463855918,0.13972876760367448
1749,FCCCCCCCCCCCC=O,0.3646119635825215,0.9943847426137912,22.170925,0.010707952608671,0.10390904498238074
1750,CCSCCSP(=S)(OC)OC,0.5060697166799628,0.9988355178952284,21.055052,0.2748149431402105,0.5494023624000355
1751,COP(=O)(OC)OC1=CC=C(C=C1)S(=O)(=O)N(C)C,0.7441192519837929,0.1070944548463383,14.052512,0.5440494182586885,0.6338810172496927
1752,NC1=NC(Cl)=NC2=C1N=CN2[C@@H]1O[C@H](COS(N)(=O)=O)[C@@H](O)[C@H]1O,0.4272721673940815,0.989338192139341,8.450374,0.9531641201439186,0.7694489167502345
1753,CCN(SN(C)C(=O)O\N=C(/SC)C(=O)N(C)C)C(=O)OC(C)C,0.2374059230341563,0.0022219923255263,22.514767,0.5224586684768852,0.6816086384318403
1754,C1CN(CCN1)C(C1=CC=CC=C1)C1=CC=CC=C1,0.9032369872213244,0.9987334607958128,6.075305,0.9264820586398194,0.7462683821599783
1755,C\C=C\C1=C(C)[C@H](CC1=O)OC(=O)[C@@H]1[C@@H](C=C(C)C)C1(C)C,0.582074841455481,0.2644647438695747,7.750067,0.1016904243309152,0.15044775348242712
1756,C(CN1C2=C(C=CC=C2)C(=NNC2=NCCS2)C2=C1C=CC=C2)N1CCCC1,0.5476550819653255,0.6407620702410907,11.545821,0.0447709517742673,0.09494508777535096
1757,CC1=CC=C(CNC(=N)CSS(O)(=O)=O)S1,0.3301588034344309,0.0019099434585219,15.590302,0.1518809533971773,0.18425980383128512
1758,CCOP(=S)(OCC)SCSCC,0.3747970901391776,0.9990977147003456,7.154535,0.432968570158244,0.3411023773365977
1759,FC(F)(F)S(=O)(=O)NC1=CC=CC=C1,0.8356266024115432,0.9976804476756916,12.080913,0.1988991224908334,0.4859614666519526
1760,COP(=S)(OC)SCC(=O)N1CCOCC1,0.7049448342939498,0.5922524034690012,13.153648,0.5534973059346796,0.30647124355643046
1761,C(C1CN2CC[C@H]1CC2)N1C2=C(SC3=C1C=CC=C3)C=CC=C2,0.7956818657710317,0.9996052311150498,8.2632675,0.9361433931352138,0.8061432733296996
1762,FCCCCCCCCC=O,0.3939053288106517,0.9946770171344954,18.926046,0.00828610031646,0.10474442618900455
1763,COP(=S)(OC)SCSC1=CC=CC=C1,0.4441100895365741,0.5033744926835,15.489011,0.2861535802831259,0.2681144724555785
1764,CN1N=CC2=C1N1C=CC(=C1CNC2)C1=CC=CC=C1,0.7325198590998868,0.6191995220454477,-2.0403666,0.0679814023804845,0.1766683962807684
1765,CN1CCN(CC1)C1=NC(Cl)=C(Cl)C(Cl)=N1,0.7387876073453717,0.7979169772219524,13.445358,0.5578668641938004,0.5188569631911288
1766,CC1(C)CC(=O)N2CCSC2=N1,0.5644846431037487,0.5808081819440434,8.896486,0.0551265879274067,0.11951226012788689
1767,COP(=S)(OC)O\C(=C\Cl)C1=CC=C(Cl)C=C1Cl,0.5491957714511372,0.3680260613072234,17.271412,0.4984848068886714,0.27137505291247405
1768,CSC1=C(Cl)N=C(N=C1Cl)N1CCN(C)CC1,0.6166891053378423,0.9036720523810748,11.428169,0.363242513538321,0.39702188396868837
1769,CCOP(=S)(OCC)SCCSCC,0.4690255384985063,0.997755229241121,12.25029,0.3531475099068451,0.3737014662175541
1770,CC(C)[C@@H](C)\C=C\[C@@H](C)[C@H]1CC[C@H]2\C(CCC[C@]12C)=C\C=C1\C[C@@H](O)CCC1=C,0.4732790343822406,0.9998957831269656,26.749163,0.9994915138048988,0.8865612753175618
1771,CCCCCCCCCCOS(=O)N(C)C(=O)O\N=C\C(C)(C)SC,0.1810059339405265,0.2302504396657248,17.787708,0.2337982365012152,0.28820425550950535
1772,COC1=NC(=CN=N1)C1=CC=C(Br)C=C1,0.8363869274713582,0.5649819177092412,-4.397559,0.0522458884769301,0.16948223017329558
1773,OS(=O)(=O)SCC(=N)NCCSC1CCCCC1,0.2193476786485551,0.0017312039827117,13.464148,0.1385357298607359,0.38706693514156665
1774,C(C1=CSC(=N1)N1CCNCC1)C1=CC=C2OCOC2=C1,0.9378070824375564,0.0031156464635515,10.018672,0.0166752023067271,0.12829007748944035
1775,CC1(C)[C@H]2CC[C@]1(CN1CCCC1)[C@@H](O)C2,0.7760459091435794,0.2313714392784226,16.710903,0.0103328196061083,0.1692860862190228
1776,CCOC(=O)N(C)SN(C)C(=O)O\N=C(/SC)C(=O)N(C)C,0.2486488096651319,0.124271524347244,21.165474,0.7812771531158004,0.5010150977367817
1777,CN(C1=CC(F)=C(F)C=C1)C1=C(C=C(C=C1C(F)(F)F)[N+]([O-])=O)[N+]([O-])=O,0.4424077022663764,0.0521434921212595,4.765286,0.2285528874180508,0.31313328875827673
1778,CNC1=NC(Cl)=C(Br)C(=N1)N1CCN(C)CC1,0.8401889441773199,0.5796688055877244,-4.445672,0.288762182430968,0.27084441369547924
1779,CCP(=S)(CC)OC1=CC=C(C=C1)S(=O)(=O)N(C)C,0.7559814111660259,0.0546947914298381,15.408278,0.778285581764988,0.745731872127175
1780,ClC1=CC2=C(OC3=C(O2)C=C(Cl)C(Cl)=C3)C=C1Cl,0.4905722526517065,0.9997847519383136,23.346495,0.877949615161946,0.5340012001597413
1781,CNC(=O)CSP(=S)(OC)OC,0.7121170418023706,0.9941507538284816,16.337229,0.3735910196141218,0.43546940631581893
1782,CCC(C)C1=C(C)C2=C(N=C1)N=C(N)N=C2N,0.8245801287288361,0.0024737245793539,5.3856583,0.0817927201675497,0.23249539154028498
1783,COP(=S)(OC)OC1=CC=C(C=C1)S(=O)(=O)N1CCCC1,0.7333583982453257,0.2459918540904316,22.100246,0.0600389318221966,0.19875045838145683
1784,CC(C)C1CC(=O)N2CCSC2=N1,0.6367834538622742,0.4974019580044575,18.396069,0.0371411111185291,0.13084926183684437
1785,NC(=O)\N=C1/OC(CCl)CS1,0.628149522800544,0.6619423472897367,19.383095,0.8522935911982285,0.19928514322083424
1786,COP(=S)(OC)OC1=CC=C(C=C1)S(=O)(=O)N(C)C,0.7436638196665123,0.9940035229098612,19.804789,0.5493647629918491,0.5789547216124621
1787,ClC1=CC=C(NS(=O)(=O)N=[N+]=[N-])C=C1,0.4916979157911533,0.996989344862198,15.150058,0.4899735265343984,0.4717575426220021
1788,CCOP(=S)(OCC)SC,0.6346915188966897,0.995235478188222,3.6602092,0.5305088770682773,0.31010777141073176
1789,NC1=NC=NC2=C1N=CN2[C@@H]1O[C@@H]([C@@H](O)[C@H]1O)C(=O)NC1CCC1,0.540852841170759,0.8706795030421421,-5.561505,0.5911948468460629,0.33974475605181603
1790,CCN(CC)CCN=S(=O)(C1=CC=CS1)C1=CC=CS1,0.7682829578522956,0.3061680784760922,13.52787,0.3863169730884706,0.3682530467376806
1791,CN1C=C(C)N=C1[N+]([O-])=O,0.4254818735235038,0.9576543181679872,18.617905,0.8865475306250467,0.6210361611109221
1792,O=CCCCC=O,0.3817101954384689,0.9963576833908312,28.018492,0.037479393442088,0.3243357515319512
1792,O=CCCCC=O,0.3817101954384689,0.9963576833908312,28.018492,0.037479393442088,0.3243357515319512
1793,CCNP(=S)(NCC)OC1=CC=C(C=C1)S(=O)(=O)N(C)C,0.6957079528374599,0.0239081770969456,15.062282,0.2602584361586617,0.4017303665550827
1794,COP(=S)(OC)O\C(=C\Cl)C1=CC=C(Br)C=C1Br,0.463590848739498,0.2015062718651643,15.620593,0.3088055204962696,0.26727068227975026
1795,NC[C@H]1O[C@H](O[C@@H]2[C@@H](N)C[C@@H](N)[C@H](O[C@H]3O[C@H](CO)[C@@H](O)[C@H](N)[C@H]3O)[C@H]2O)[C@H](O)[C@@H](O)[C@@H]1O,0.1668536519334857,0.999821591397408,25.33961,0.999921297738922,0.9332691795574212
1796,ClC1=CC=C(C=C1)C(C1=CC=C(Cl)C=C1)C(Cl)(Cl)Cl,0.5403341220433435,0.9998134331321946,17.131838,0.9267766327911684,0.6839825284738755
1797,COP(=S)(OC1=C(Cl)C=C(I)C(Cl)=C1)C1=CC=CC=C1,0.3535247735450996,0.5037222193317903,7.0389285,0.364275577949334,0.5283236904180255
1798,CCOP(=S)(OCC)SCCSC,0.4902952145983051,0.9961782720342736,12.980346,0.3520209484688055,0.3719186396600737
1799,COP(=O)(OC)OC1=CC=C(C=C1)[N+]([O-])=O,0.4505273621571333,0.9981639224056956,13.010026,0.708990414638437,0.373316378380184
1800,CC1CN=C2SCCN2C1=O,0.5321019806385112,0.5093090944861817,22.167606,0.2319681731741487,0.10519656105863721
1801,OS(=O)(=O)SCC(=N)NCC1CCCCCC1,0.2356838606762846,0.0202984833821993,16.554907,0.1455846273429878,0.4156681717924025
1802,CS\C(=N\OC(=O)N(C)S(=O)OCC1COC(OC1)C1=CC=CC=C1)C(=O)N(C)C,0.2742387300306063,0.0537691330301126,20.844572,0.0880187115307058,0.23175876954193236
1803,COP(=S)(OC)OC1=CC=C(SC#N)C=C1,0.467194453887115,0.9975445474877888,22.902966,0.0471365543597276,0.10823943125493092
1804,C\C(SCCC#N)=N/OC(N)=O,0.2350726153488257,0.0831972616556889,24.01756,0.4712211634298605,0.16743062470186607
1805,C(C(C1=CC=CC=C1)C1=CC=CC=C1)C1=CNC=N1,0.7474363177956631,0.996017922187588,12.223624,0.1190842269523221,0.2277655757394454
1806,COP(=S)(OC)SCSC1=CC(Cl)=CC=C1Cl,0.3932411906315002,0.2632155063489314,21.219963,0.3158886892017662,0.269840904728166
1807,ClCCN(N=O)C(=O)NC1C[C@@H]2CC[C@H]1C2,0.4684544895067101,0.9914799244902834,17.040619,0.1021782847971099,0.09013625323161353
1808,COC1=CC2=C(C=CC(=O)O2)C=C1OC,0.7029061202023811,0.995509633278202,16.689392,0.4596656563070667,0.34084057587643185
1809,CC1=C[C@H]2O[C@H]3[C@H](O)[C@@H](O)[C@](C)([C@]33CO3)[C@@]2(CO)[C@@H](O)C1=O,0.4188544549066065,0.5545815781890505,23.30383,0.224980474592985,0.36477272567362007
1810,C[C@@H](O)[C@@H]1OCC\C(C)=C/C(=O)OC[C@]23CCC(C)=C[C@H]2O[C@@H]2C[C@@H](OC(=O)\C=C/C=C\1)[C@@]3(C)[C@]21CO1,0.3228883098867074,0.310113377715204,8.761442,0.890712316003815,0.5255697728205628
1811,COP(=O)(OC)O\C(C)=C\C(=O)N(C)C,0.4104835411278049,0.7146558490828209,13.233559,0.6636911251139536,0.3849991383499254
1812,CNC(=O)O\N=C\C1(C)SCCS1,0.4353670258324126,0.4002336497635568,15.957225,0.4973376960616812,0.10269696606948549
1813,ClC(Cl)(Cl)C(C1=CC=C(Br)C=C1)C1=CC=C(Br)C=C1,0.4526187114662862,0.9995354254898392,17.180845,0.8602882749455584,0.6976925092059669
1814,CC1(C)CCCC(C)(C)N1,0.5456327277080685,0.9985809203542936,15.4546175,0.4270976376125471,0.3160404277625163
1815,CN1CCC(CN2C3=C(SC4=C2C=CC=C4)C=CC=C3)C1,0.8181633544074803,0.9996120756475152,3.3767257,0.9995611819011624,0.662588796453259
1816,C[C@]12CC[C@H]3[C@@H](CC[C@@H]4C[C@@H](O)CC[C@]34C)[C@@]1(O)CC[C@@H]2C1=CC(=O)OC1,0.6883369874013611,0.9974106145531914,-12.446003,0.9608718951395204,0.34516169296219473
1817,CC(=O)O\N=C(/C)Cl,0.307114489531293,0.9986124108937928,18.00224,0.5650814574059567,0.7041415192534556
1818,COP(=S)(OC)SCSC1=CC(Cl)=C(Cl)C=C1,0.3932411906315002,0.4840196518070311,14.596101,0.268670409529343,0.22628437650927555
1819,CCC1SCCNC1=O,0.5860230725154683,0.861311600868236,9.725556,0.0341302892399136,0.22768899892585873
1820,COP(=S)(OC)SCC(=O)NCC=O,0.5306198031456337,0.9927560810290617,20.456438,0.0773223371643797,0.1986006139286963
1821,CC(C)N1N=C(C)C=C1OC(=O)N(C)C,0.7494260283741894,0.1973127690728991,-0.97252464,0.0428356399256111,0.16776004152223972
1822,NC1=NC=NC2=C1N=CN2[C@]1(CO)O[C@H](CO)[C@@H](O)[C@H]1O,0.4018919107699715,0.9895242599285684,0.2364248,0.9381763811981436,0.8460389401498201
1823,CCOC(=O)ON1CCC=C(C1)\C=N\OC,0.4125694738823183,0.0021386577822832,5.304976,0.0284299439469636,0.18571462978987066
1824,CN(C1=C(Br)C=C(Br)C=C1Br)C1=C(C=C(C=C1C(F)(F)F)[N+]([O-])=O)[N+]([O-])=O,0.3025460131270531,0.803128191702038,7.338323,0.0533333478245088,0.24514623597072044
1825,CNC(=O)CSP(=O)(OC)OC,0.6861794924550499,0.997703598098198,14.945899,0.6164721484600139,0.533561824663848
1826,CCCCCCCCCCOC(=O)N(C)SN(C)C(=O)O\N=C\C(C)(C)SC,0.1102653197658218,0.4955639760377773,14.201162,0.3035678171621468,0.2934456333552237
1827,CC1=NC2=C(C=C(Cl)C(Cl)=C2)S(=O)(=O)N1,0.7821858596779673,0.8074851326058525,4.8273225,0.9220861337550658,0.6505892301016226
1828,C1COC2CCC3=C(CC2N1)C=CC=C3,0.6902073750620095,0.6369718210849847,3.8947506,0.2316765196595393,0.2261649284645908
1829,NC1=NC=NC2=C1C=CN2[C@@H]1O[C@H](CO)[C@@H](O)[C@H]1O,0.5275658981283201,0.9997144348157592,-2.9261732,0.836321392809858,0.729402710680641
1830,C(C1=NCCN1)C1=C2C=CC=CC2=CC=C1,0.808264511684447,0.9996160275477772,1.8525447,0.62883503246694,0.21955117412573905
1831,CCN1C[C@]2(C)CCC[C@]34C1[C@H](C[C@H]23)[C@@]12CC[C@@H]([C@H](O)[C@@H]41)C(=C)[C@H]2O,0.7197229311785911,0.0031836510804922,16.732643,0.6851988577099405,0.1996669603563827
1832,CC(C)P(=O)(OC1=CC=C(C=C1)[N+]([O-])=O)C(C)C,0.4595594499283062,0.9971940271231752,7.1188407,0.2672720664457041,0.5926662934411846
1833,CCCCN=C=O,0.2959704172874836,0.9989915907354114,22.38457,0.0310041792424271,0.14387475399170413
1834,C[C@@H](O)[C@@H]1OC[C@@H](O)\C(C)=C/C(=O)OC[C@]23CCC(C)=C[C@H]2O[C@@H]2C[C@@H](OC(=O)\C=C/C=C\1)[C@@]3(C)[C@]21CO1,0.298564451057549,0.8546936154871545,6.6557736,0.952342358053707,0.5874278726835009
1835,[O-][N+](=O)C1=CC=C(O1)\C=N\N1CCCNC1=O,0.4805386916367578,0.9958089929839656,-10.15747,0.8300171197887963,0.26440733155728646
1836,OS(=O)(=O)SCC(=N)NCCCC1CCCCC1,0.2205140457964223,0.0172137663197904,11.875581,0.100244130638715,0.27387571918796016
1837,CCOP(=S)(OCC)OC1=CC=C(C=C1)S(=O)(=O)N(C(C)C)C(C)C,0.5405776248982918,0.2377686585501724,14.485763,0.2353857496900306,0.4483875015583526
1838,CCP(=S)(OC(C)C)OC1=CC=C(C=C1)[N+]([O-])=O,0.4534281172888631,0.9984136485501096,11.214976,0.219127542202062,0.3346206494981352
1839,NC1=NC=NC2=C1C(=CN2[C@@H]1O[C@H](CO)[C@@H](O)[C@H]1O)C#N,0.5214604034185154,0.9950357713451148,-11.06535,0.4012681021478945,0.16388639748694364
1840,CSC1=NC(=CN=N1)C1=CC=C(Cl)C(Cl)=C1,0.7832843291473575,0.1085829651581752,-5.166195,0.0526758413180307,0.1971815906070004
1841,CCCCSCCSP(=S)(OCC)OCC,0.4103047695412762,0.9986320844429718,14.527476,0.4396341334978003,0.3197645323271625
1842,C[C@H]1O[C@H](C[C@H](OC=O)[C@@H]1OC=O)O[C@@H]1[C@@H](C)O[C@H](C[C@@H]1OC=O)O[C@@H]1[C@@H](C)O[C@H](C[C@@H]1OC=O)O[C@H]1CC[C@@]2(C)[C@H](CC[C@@H]3[C@@H]2CC[C@]2(C)[C@H]([C@H](C[C@]32O)OC=O)C2=CC(=O)OC2)C1,0.0955385485289262,0.9656615759821996,25.84815,0.9680769723313172,0.42925465210301106
1843,FC(F)(F)S(=O)(=O)NC1=CC=C(Cl)C=C1,0.8873408721223808,0.9992224781881424,9.200604,0.1932144478937056,0.5099046571099339
1844,CCC\C(=C/CC)C1(CC)C(=O)NC(=O)NC1=O,0.5792077054355023,0.1688946808806581,16.256546,0.908769253223486,0.7191425216505366
1845,CN(C)C(=O)O\N=C(/C)Cl,0.3326909174274965,0.9979725781977752,10.635237,0.6672375250815415,0.5418114235449141
1846,N[C@@H](COC(=O)C=[N+]=[N-])C(O)=O,0.2252158654038983,0.9901677231034076,9.813714,0.3714131590364338,0.3138168326706784
1847,COC1=CC2=C(C(OC)=C1OC)C1=CC=C(SC)C(=O)C=C1[C@@H](N)CC2,0.8284462073659381,0.051376786421419,-4.7245355,0.2059941368129599,0.6337874783479277
1848,CN1C(=O)N(C2=C1C=CN=C2)C1=NC=CN=C1,0.6073531628786674,0.9868721400404272,-5.9073844,0.3200300679793762,0.3584531330601375
1849,ClCCN(N=O)C(=O)NCCSSCCNC(=O)N(CCCl)N=O,0.1545628362859733,0.9976851378721372,30.15259,0.1533997193841386,0.4316195710047621
1850,CC1(C)OC(=S)NC2=C1C=CC=C2,0.6399405043694533,0.1974712810988556,7.8536344,0.040310269030823,0.1977328293748406
1851,COP(=S)(OC)O\C(=C\Cl)C1=C(Cl)C=C(Br)C=C1,0.5105411477364162,0.4304122451605421,16.465586,0.2565032601396659,0.2849634066888244
1852,C[C@H](CCCC(C)(C)O)[C@H]1CC[C@H]2\C(CCC[C@]12C)=C\C=C1\C[C@@H](O)C[C@H](O)C1=C,0.5199919050350968,0.9998870794085616,28.741291,0.9994425028644818,0.8824717731184553
1853,CCCSCCSP(=S)(OCC)OCC,0.4423367238372749,0.9984807274602114,14.5511465,0.5313525475170197,0.398174706996127
1854,FC1=CC=C(C=C1)C(CC1=CNC=N1)C1=CC=CC=C1,0.7613593175258406,0.4876125179290757,10.140522,0.2200605347690765,0.30382054053923063
1855,COC(=O)\C=C(/C)OP(=O)(OC)OC,0.3046237864758452,0.995613276718974,17.796646,0.4515020039464108,0.34752669524348495
1856,C1CCN(CC1)C1=NC2=C(C=CC=C2)C2=C(N1)C=CC=C2,0.7791298353219266,0.8799386590060033,-1.9260176,0.7950840351174503,0.2817835817737032
1857,CCC1(C)C(O)C(C)(C)C1N(C)C,0.7080208321173697,0.74791262638685,6.397219,0.0430651823553723,0.27497431264475286
1858,BrC1=CC2=C(OC(=S)NC2=O)C=C1,0.7385854941246596,0.5919288147777619,15.501811,0.1805021148092215,0.3115694501996053
1859,C[C@H]1O[C@H](C[C@H](OC=O)[C@@H]1OC=O)O[C@@H]1[C@@H](C)O[C@H](C[C@@H]1OC=O)O[C@@H]1[C@@H](C)O[C@H](C[C@@H]1OC=O)O[C@H]1CC[C@@]2(C)[C@H](CC[C@@H]3[C@@H]2C[C@@H](OC=O)[C@]2(C)[C@H](CC[C@]32O)C2=CC(=O)OC2)C1,0.0955385485289262,0.9556862634310556,29.500181,0.9648113681962828,0.527968117921157
1860,CS\C(C)=N\OC(=O)N(C)S(=O)SC(C)(C)C,0.2635292271184257,0.7756623081233154,16.196192,0.2985524702199242,0.591864545242848
1861,COP(=S)(OC1=CC(Cl)=CC(Cl)=C1Cl)C1=CC=CC=C1,0.538994576767836,0.4634562913094713,13.286496,0.6938455091509018,0.3947484034493212
1862,CSC1=C(N=C(N)N=C1Cl)N1CCN(C)CC1,0.6451992354629306,0.3921773510002871,-0.9904681,0.6821937303574384,0.3529982544290794
1863,FC(F)(F)C(C1=CSC(=N1)N1CCNCC1)C1=CC=CC=C1,0.9379183660502513,0.0081478586551422,2.620088,0.1187804396597526,0.2708740651915376
1864,CN1C=NC2=C1C(=O)N(CC=C)C(=O)N2C,0.6480249437652391,0.9924872117309916,15.0733,0.1197750773348747,0.13560659731244334
1865,CN(C)CCCC1C2=C(CSC3=C1C=CC=C3)C=CC=C2,0.7997448061601015,0.994773197279996,11.060954,0.9774238849898051,0.8913963081514152
1866,CCOP(=S)(CC)OC1=CC(Cl)=C(Cl)C=C1Cl,0.5313527974205619,0.9483465880401272,8.128642,0.5694958279825343,0.31752838834662334
1867,CC(C)CC1CC(=O)N2CCSC2=N1,0.6981268278809454,0.0508916765486989,15.119344,0.0282002147174002,0.10018967819312388
1868,FC1=C(C#N)C(F)=C(C=C1)C#N,0.5854820982519157,0.9933580116179134,5.841798,0.0457287026626485,0.11351920131369934
1869,CN1CCN(CC1)C(=O)C(C)(C)CC(C)(C)C,0.7387169426419141,0.9698001347987352,-2.4294362,0.0704132110008759,0.2548363134697754
1870,CC(C)CCC[C@@H](C)[C@H]1CC[C@H]2\C(CCC[C@]12C)=C/C=C1\C[C@@H](O)C[C@H](O)C1=C,0.5277905059697586,0.999878445735087,25.369919,0.999413895276582,0.8806216026773892
1871,CN(C1=C(Br)C=C(Br)C=C1)C1=C(C=C(C=C1C(F)(F)F)[N+]([O-])=O)[N+]([O-])=O,0.3913596732523171,0.2737317653744266,7.838676,0.0644069850602932,0.29028059476843565
1872,COC1=C(Cl)N=C(N=C1Cl)N1CCN(C)CC1,0.767023745521236,0.9973075185203992,15.748149,0.3230686415803023,0.35492821846684525
1873,C=CC(=O)OCC1CO1,0.3075056003779097,0.6123968006917249,12.4211855,0.0216523843059956,0.2775163150521819
1874,CNC(=O)O\N=C\C(C)(C)SC,0.4163045753759543,0.9979802726318636,8.093322,0.4844143517956941,0.6624153500717734
1875,CO[C@@H]1[C@@H](C)[C@@]2(O[C@]1(C)[C@H]1CC[C@H](O1)[C@H]1CC[C@@H](O1)[C@H]1O[C@](C)(O)[C@H](C)C[C@@H]1C)O[C@H](C[C@@H]1O[C@](O)([C@@H](C)C(O)=O)[C@@H](C)[C@H](OC)[C@@]1(C)O[C@H]1CC[C@H](OC)[C@@H](C)O1)C[C@@H](OC)[C@H]2C,0.2072713664289641,0.8879804440811275,33.299232,0.975295067201131,0.7144038521258294
1876,BrC1=CC=C(C=C1C#N)C#N,0.6539989414814148,0.9978651976705182,15.998202,0.0270311123396267,0.10058799689861402
1877,OC(CCl)COCC=C,0.356839682042043,0.9175266584722296,0.6557659,0.023857078126854,0.18156627383295826
1878,C[C@H]1O[C@H](C[C@H](OC=O)[C@@H]1OC=O)O[C@@H]1[C@@H](C)O[C@H](C[C@@H]1OC=O)O[C@@H]1[C@@H](C)O[C@H](C[C@@H]1OC=O)O[C@H]1CC[C@@]2(C)[C@H](CC[C@@H]3[C@@H]2CC[C@]2(C)[C@H](CC[C@]32O)C2=CC(=O)OC2)C1,0.1069009123756458,0.973520479531966,22.917347,0.9642869954028034,0.38845373789772286
1879,CC(C)C1(CC=C(C)C)C(=O)NC(=O)NC1=O,0.5753708556988948,0.895873591398707,10.660892,0.9054956192019716,0.779286825603837
1880,CN(C)S(=O)(=O)CCNC(=O)N(CCCl)N=O,0.3981922747983305,0.9960030792999508,22.482437,0.2379459066647995,0.4128531870384565
1881,CCOC(=O)N1CCC=C(C1)\C=N\OC,0.5246570481799995,0.0024638239471027,-1.8349473,0.0259119972746524,0.20830616185477718
1882,CC(C)(O)\C=C\C(=O)C(C)(O)[C@H]1[C@H](O)C[C@@]2(C)C3CC=C4[C@@H](C[C@H](O)C(=O)C4(C)C)[C@]3(C)C(=O)C[C@]12C,0.333616025700336,0.5987347320000305,15.813453,0.9862823761833276,0.7709043761491812
1883,NC1=CC=C(Br)C=C1,0.5949453623603693,0.9991365191255968,14.950389,0.0237038806604755,0.35273180359253037
1884,CCP(=S)(OC)OC1=C(Cl)C=C(Br)C(Cl)=C1,0.5465909083417435,0.3659180227131927,8.240454,0.3212156069976783,0.2322508052586744
1885,C[C@@H]1C[C@H]2OC(=O)C(=C)[C@H]2[C@H](O)[C@@]2(C)[C@H]1C=CC2=O,0.5268622725609776,0.7956822826416629,21.161991,0.0224657077977794,0.334184349803722
1886,CC(N)C(C)C1=CC=C(I)C=C1,0.8250836523531413,0.9970283365065707,2.3889012,0.0170972742079625,0.23577377304975505
1887,CO[C@@H]1[C@@H](C)[C@]2(O[C@]1(C)[C@H]1CC[C@H](O1)[C@H]1CC[C@@H](O1)[C@H]1O[C@](C)(O)[C@H](C)[C@@H](OC)[C@@H]1C)O[C@H](C[C@@H]1O[C@](O)([C@@H](C)C(O)=O)[C@@H](C)[C@H](O[C@@H]3CC[C@H](OC)[C@@H](C)O3)[C@@]1(C)OC)C[C@@H](OC)[C@H]2C,0.2048655821155013,0.9163714705670822,32.770824,0.9759616875289704,0.6998727539196551
1888,CC(C)C1=CN=C(N1C)[N+]([O-])=O,0.4969066155900573,0.9844058974664704,13.309015,0.5252698846065756,0.35175846969518415
1889,CC(=C)C(=O)OCC=C,0.3233648772289356,0.9983746605050996,7.500773,0.0343877666083496,0.21137234676181788
1890,C\C(Cl)=N\OC(N)=O,0.3269006161078212,0.9983911855123718,17.17909,0.680318433858549,0.7740939865432223
1891,FC1=C(C=C(C=C1)C#N)C#N,0.5572687655627402,0.996229943631426,7.365581,0.0537559712880662,0.08893936981908539
1892,CC1=C[C@H]2O[C@@H]3[C@H](O)C[C@@](C)([C@]33CO3)[C@@]2(CO)[C@H](O)C1=O,0.5458309652959041,0.6131734323587206,22.587944,0.1500265340536179,0.18131199203775655
1893,COP(=S)(OC1=CC(Cl)=C(Br)C=C1Cl)C1=CC=CC=C1,0.4941703576020949,0.6488992692354831,9.929775,0.5250807367286284,0.4759902810148867
1894,C[C@H]1O[C@H](C[C@H](O)[C@@H]1O)O[C@H]1[C@@H](O)C[C@H](O[C@H]2[C@@H](O)C[C@H](O[C@H]3CC[C@@]4(C)[C@H](CC[C@@H]5[C@@H]4CC[C@]4(C)[C@H]([C@H](C[C@]54O)OC=O)C4=CC(=O)OC4)C3)O[C@@H]2C)O[C@@H]1C,0.1287884077334098,0.9996690873632506,11.086133,0.9796650410882596,0.600286471268573
1895,CC(C)(O)\C=C\C(=O)C(C)(O)C1C(O)C[C@@]2(C)[C@@H]3CC=C4C(C=C(O)C(=O)C4(C)C)[C@@]3(C)C(=O)C[C@]12C,0.3327264692709726,0.916505085788025,22.622892,0.9853927334218032,0.8248170936676636
1896,CNC(=O)[C@H]1O[C@H]([C@H](O)[C@@H]1O)N1C=NC2=C1N=CN=C2N,0.4861761357373345,0.9981637585505032,-3.6169915,0.8865680344293532,0.8550320777624968
1897,CC1=CC=C(NS(=O)(=O)N=[N+]=[N-])C=C1,0.4705848827520491,0.8684344751909281,14.078636,0.1510523670316597,0.40890957318083243
1898,COC1CCC(OC2C[C@H](O[C@H]2[C@]2(C)C[C@@H](C)[C@]3(O2)O[C@H](C[C@@H]2O[C@](O)([C@@H](O)C(O)=O)[C@@H](C)[C@H](OC)[C@@H]2C)C[C@@H](OC)[C@H]3C)[C@H]2CC[C@@H](O2)[C@H]2O[C@](C)(O)[C@H](C)C[C@@H]2C)OC1C,0.2127428820091667,0.9757684849395544,32.855736,0.9793965381600006,0.5838890139747118
1899,CCOP(=S)(CC)OC1=C(Cl)C=C(Br)C(Cl)=C1,0.4981226932437592,0.8184160008012331,4.495499,0.4217745557728296,0.348166714896088
1900,CNC(=O)\C=C(/C)OP(=O)(OC)OC,0.428135871435528,0.7216340682327993,9.471723,0.5416311636723857,0.48090815926881836
1901,CCN1N=C(C)C=C1OC(=O)N(C)C,0.7169536945984104,0.0268738138529301,-4.9072433,0.0640968042849535,0.21895489747907693
1902,COP(=S)(OC1=C(Cl)C=CC(Cl)=C1Cl)C1=CC=CC=C1,0.538994576767836,0.4435914195747442,13.6212435,0.2391355325807986,0.421284171443488
1903,CS\C(C)=N\OC(=O)N(C)S(=O)OCC1COC(C)(C)O1,0.3242702108110813,0.0041985960156175,17.258018,0.2363200121705181,0.48816384008984537
1904,OC1=C(Cl)C(Cl)=C(Cl)C(Cl)=C1Cl,0.5346401235008617,0.998440468337782,32.35961,0.5076956422712925,0.4685880847419396
1905,CC(C)C(CCN1CCC(C)CC1)(C#N)C1=CC=CS1,0.808691248769113,0.8098470856537141,11.401938,0.0110530962823789,0.09089950665371292
1906,CSC1=C(OC2CCN(C)CC2)N=C(N=C1Cl)N1CCOCC1,0.6034630633772071,0.003198091755977,-2.2841127,0.2201683920457617,0.46320928222171975
1907,COP(=S)(OC)SCCNC(C)=O,0.5637753371748159,0.9872253974326648,19.384424,0.3011551338143188,0.43839542046616453
1908,CO[C@@H]1[C@@H](C)[C@@]2(O[C@]1(C)[C@H]1CC[C@H](O1)[C@H]1CC[C@@H](O1)[C@H]1O[C@](C)(O)[C@H](C)[C@H](O)[C@@H]1C)O[C@H](C[C@@H]1O[C@](O)([C@@H](C)C(O)=O)[C@@H](C)[C@H](OC)[C@@]1(C)O[C@H]1CC[C@H](OC)[C@@H](C)O1)C[C@@H](OC)[C@H]2C,0.1996101350852559,0.9551978354075176,30.976433,0.9760183552551648,0.7148971608588109
1909,CCOP(=S)(OCC)SCC(=O)N(C)C,0.6630716458831475,0.9946702769839572,-3.2877698,0.6216606459150719,0.44420932076112285
1910,CCCC1CC(=O)N2CCSC2=N1,0.673145038954285,0.0554056013848125,18.702608,0.1196556320928066,0.09439333196768251
1911,IC1=CC=C(C=C1)C1C(=O)C2=C(C=CC=C2)C1=O,0.5844128287420326,0.9986857532974418,15.423564,0.6454496830634179,0.6328284541321143
1912,CCOP(=S)(OCC)OC1=CC=C(C=C1)S(N)(=O)=O,0.7716353539879117,0.2319846914342152,14.727544,0.7937032752356125,0.4454107489426158
1913,COC1=CC2=C(C=C1)[C@H]1OCCN[C@@H]1CCC2,0.8051015934790575,0.0043172958216106,12.301828,0.1843515249808123,0.21910871050668476
1914,CN1CCN(CCN2C3=C(C=CC=C3)C(=NNC3=NCCS3)C3=C2C=CC=C3)CC1,0.5206182686393943,0.6288448185883627,15.250628,0.0540678085638301,0.09301379305070501
1915,CCSC1=CC=C(OP(=S)(OC(C)C)OC(C)C)N=N1,0.5242908114661249,0.0063710899527667,-3.76202,0.0876623847013883,0.37857801863134316
1916,C[C@]12CC[C@H]3[C@@H](CC[C@@H]4C[C@H](CC[C@]34C)OC=O)[C@@]1(O)CC[C@@H]2C1=CC(=O)OC1,0.5744014169286669,0.816409848918955,-2.8068547,0.9640536231796376,0.2581775907134142
1917,CC\C(=C/C)C1(C(C)C)C(=O)NC(=O)NC1=O,0.5753708556988948,0.724640771721951,10.772622,0.8353543894648193,0.8172467513430017
1918,CN(C)C1=CC=C(SC#N)C=C1,0.5134433008316281,0.93810210058121,3.836937,0.0138352080627737,0.09008798578196978
1919,CN1CC[C@@]23[C@H]4OC5=C2C(C[C@@H]1[C@@H]3CC[C@H]4N=[N+]=[N-])=CC=C5O,0.4915898916534215,0.2390755055401889,6.6402164,0.5162985352638851,0.18148208569410604
1920,COC1=C(OC)C=C2C(CC(C)=NN=C2C2=CC=C(N)C=C2)=C1,0.885938652138077,0.0170060592662123,12.264787,0.1529154548216821,0.3315576708715067
1921,CCOP(=S)(OC1=CC=C(SC)C=C1)C1=CC=CC=C1,0.5764969946609481,0.2677544397728439,5.9647317,0.3430156277794531,0.38971806346919624
1922,CC1CCC2(CC1)NC(=O)N(CO)C2=O,0.6194220731285833,0.0535038986642556,20.45415,0.1774611547275743,0.5377155477734299
1923,CO[C@H]1[C@@H](OC=O)[C@@H](C)O[C@H](O[C@H]2CC[C@@]3(C)[C@H](CC[C@@H]4[C@@H]3CC[C@]3(C)[C@H]([C@H](C[C@]43O)OC=O)C3=CC(=O)OC3)C2)[C@@H]1OC=O,0.1626901240793631,0.779937173407636,12.80484,0.971609882399596,0.23554217302168726
1924,CCC1=CC(C)(C)N(C)C(C)(C)C1,0.5614134201537594,0.3257135981941908,15.272752,0.2174614710626559,0.25266372629235223
1925,CC(C)C(\Cl)=N/OC(=O)CCl,0.3006945321838219,0.9867759588897542,15.921512,0.6278988329280866,0.5030879080106824
1926,COP(=S)(OC1=C(Cl)C=C(Cl)C=C1Cl)C1=CC=CC=C1,0.6825936347084556,0.6490902325760058,9.686797,0.7655608534909238,0.47419656154544587
1927,CC1=CC(=CC(C)=C1CC1=NCCN1)C(C)(C)C,0.8488884472652751,0.9993019224213024,0.88413894,0.7422435948364137,0.38545741064714656
1928,CCCC(C)C1(CC)C(=O)NC(=O)NC1=O,0.7067836690245719,0.9997914114164518,15.185983,0.9997306565074142,0.8678443395634314
1929,CC1=CC=C(C=C1)N1CN(CP(=S)(C1)C1=CC=CC=C1)C1=CC=C(C)C=C1,0.5581017184753525,0.7734569227980284,12.27744,0.233451338103186,0.4861262923417751
1930,CCOP(=S)(OCC)SCC(N)=O,0.6865443605068764,0.994100488915048,6.098449,0.5515707000388931,0.380522753962598
1931,CN(C)CC\C=C1/C2=C(COC3=C1C=CC=C3)C=CC=C2,0.8428637069733037,0.999785454116927,11.424994,0.9842329727987488,0.8976450258564859
1932,CC(C)OP(=O)(OC(C)C)OC1=CC=C(C=C1)[N+]([O-])=O,0.4305484587509252,0.9984175289724644,4.935082,0.7813807552102113,0.6411917698333276
1933,CO[C@H]1[C@@H](O)[C@@H](C)OC(O[C@H]2CC[C@@]3(C)[C@H](CC[C@@H]4[C@@H]3CC[C@]3(C)[C@H]([C@@H](O)C[C@]43O)C3=CC(=O)OC3)C2)[C@@H]1O,0.3065157262500034,0.999504866990514,-12.53847,0.99033048254902,0.7089347575339289
1934,CC(C)C1=CC2=C(NC3=C(C=C(F)C=C3)N=C2N2CCN(C)CC2)S1,0.8199730468524855,0.3921683420569604,8.902234,0.4657171309787224,0.2605052120290796
1935,CSC1=CC2=C(SC3=C(CC2N2CCN(C)CC2)C=CC=C3)C=C1,0.7353683668937369,0.883388895661852,5.288507,0.9587067235608008,0.8771860527958019
1936,CC(=O)O[C@@H]1C[C@@]2(C)C3CC=C4[C@@H](C=C(OC(C)=O)C(=O)C4(C)C)[C@]3(C)C(=O)C[C@]2(C)[C@H]1C(C)(O)C(=O)\C=C\C(C)(C)OC(C)=O,0.1784674421482227,0.868671526537297,16.304127,0.9803021046781788,0.8995776549854627
1937,CCCCCN(CCCCC)C(=N)NC(N)=N,0.2978810691040672,0.9076519919451512,18.785686,0.5597253936236556,0.5647990915417012
1938,NC(=S)N\N=C\C1=CC=CN=C1,0.3888165831685101,0.8333570149480196,17.367872,0.0513717412686439,0.3156829795819883
1939,CCN(CC)CCNC1=NC(=NC(Cl)=C1SC)N(C)C,0.5872584790965983,0.1951338856321291,-6.9427004,0.346781225751851,0.3214405576261134
1940,CCNC(=S)NCC(COCC)N1CCOCC1,0.6477253272136646,0.0012063097051636,6.6445775,0.2467313914520308,0.26194826063910626
1941,O=C1CC(N=C2SCCN12)C1=CC=CC=C1,0.7421658599555485,0.989170201480608,17.156097,0.8753093265780922,0.10068206095157037
1942,CC\C=C(/C)C1(CC)C(=O)NC(=O)NC1=O,0.5565734109876053,0.7427258034952189,10.276105,0.9291898820495408,0.792907855706267
1943,CNC1=C(C#N)C(NC)=C(C#N)C(Cl)=C1C#N,0.8312559682995814,0.9990051568387268,-7.8118873,0.042393511309554,0.10785529355627725
1944,CN[C@H]1CCC2=C(C(OC)=C(OC)C(OC)=C2)C2=CC=C(OC)C(=O)C=C12,0.8717462743954658,0.9990689853453396,2.3018827,0.6833015707468627,0.6626788736289967
1945,COP(=O)(OC)OC1=CC(C)=C(SC)C=C1,0.5999655513818701,0.9989594900952588,11.345266,0.3603651570107929,0.18656743305518472
1946,CC(=O)N[C@@H](CCC(=O)C=[N+]=[N-])C(O)=O,0.3414570565290707,0.9985688459833494,-0.62762666,0.0798441734655527,0.4508670864581322
1947,OCN1C(=O)CN(\N=C\C=C\C2=CC=C(O2)[N+]([O-])=O)C1=O,0.3618831949042197,0.0066081571478091,4.141395,0.7932419617692937,0.4532856793534587
1948,CCOP(=S)(OCC)OC1=NN=C(OCC=C)C=C1,0.513162864936239,0.0607523658281904,6.994265,0.0172427303520068,0.11815919682067921
1949,CO[C@H]1[C@@H](O)[C@@H](C)O[C@H](O[C@H]2CC[C@@]3(C)[C@H](CC[C@@H]4[C@@H]3CC[C@]3(C)[C@H]([C@H](C[C@]43O)OC=O)C3=CC(=O)OC3)C2)[C@@H]1O,0.244188149918322,0.9936641603552132,-5.668379,0.9787556728832356,0.21509900338511737
1950,CCC1(CC=C(C)C)C(=O)NC(=O)NC1=O,0.5565734109876053,0.915487391536528,12.393231,0.920290006064536,0.7866843431474064
1951,C\C(SCCC#N)=N/OC(=O)NC(=O)CCl,0.2070079423098116,0.004262603139307,28.006918,0.1010453465676472,0.13072858150994343
1952,O=C1C=CC=C2[C@H]3CCCN4CCC[C@@H](CN12)[C@@H]34,0.6953182776542723,0.4832657982907068,15.885882,0.8752021163972435,0.20210503589425538
1953,NC(=O)N\N=C\C1=CC=C(O1)[N+]([O-])=O,0.4081893154195286,0.9968014582958846,11.749818,0.8019375231553779,0.4830726297655742
1954,CN(C1=C(Cl)C=C(F)C=C1F)C1=C(C=C(C=C1C(F)(F)F)[N+]([O-])=O)[N+]([O-])=O,0.3906159377979133,0.4107396093046352,5.6919684,0.2183778255849917,0.3205795266006465
1955,CO\N=C\C1=CCCN(C1)C(=O)OC1=CC(OC)=C(OC)C=C1,0.6155654824499401,0.0005483611625426,5.5505185,0.0797040865008503,0.19306341163770752
1956,CC1(C)[C@H]2CC[C@]1(CN1CCCCC1)[C@@H](O)C2,0.7979102394306923,0.1465056855368972,16.78201,0.0381424009770646,0.24937464662062836
1957,COC1=CC2=C(OC3=C(C=CC=C3)C=C2N2CCN(C)CC2)C=C1,0.8441048170795714,0.0400334617715005,-3.229641,0.7749171319529542,0.7548972100124147
1958,CCOP(=S)(OCC)O\C(=C/Cl)C1=CC(Cl)=CC=C1Cl,0.4415209724307581,0.6013886364735814,12.644682,0.7267180679036368,0.5380364085422712
1959,CC(=O)O[C@@H]1[C@H](OC(C)=O)[C@H](O[C@H]1N1C=NC2=C1N=CN=C2N)C(=O)NC1CC1,0.6185157939761011,0.1172644658822891,2.9375887,0.8954079327249226,0.5541886950946104
1960,CN1CCN(CC1)C1CC2=C(SC3=C1C=CC=C3)C=CC=C2,0.7931492910047605,0.9835649026886416,4.9393225,0.9724269039210944,0.8438985257419427
1961,CC1CCC2(CC1)N(C(C)=O)C(=O)NC2=O,0.6248989401308559,0.1716106135159468,15.923156,0.6267475402882106,0.5750621055831895
1962,CC(N)CC1=CC2=C(OCO2)C=C1,0.7439354449633745,0.9973524125975954,9.50261,0.053959153258438,0.30571059489586505
1963,COP(=S)(OC)SCN1C(=O)C2=C(C=CC=C2)C1=O,0.6141947029028372,0.7842505136067695,16.00602,0.1720669138510853,0.49107581577707454
1964,CCOP(=S)(OC1=CC=C(C=C1)[N+]([O-])=O)C(C)C,0.4534281172888631,0.9983896637000156,-4.2887006,0.0971182921235019,0.4204634189852465
1965,CCC1CCC(C)N(CC)C1,0.5920204002060059,0.6465466828092056,9.107393,0.0275885107739334,0.1660577122159892
1966,CC1=CN(CCO)C(=N1)[N+]([O-])=O,0.5158680082581498,0.8463935694167174,10.312289,0.6463446481224505,0.43212767756030185
1967,CCOP(=S)(OC)OC1=CC=C(C=C1)S(=O)(=O)N(C)C,0.7099236459998985,0.4116093811287828,16.796535,0.255836280654192,0.5263865506959338
1968,CC1=C(OP2(=O)OCC3=CC=CC=C3O2)C=CC=C1,0.7747820259557914,0.033679433495601,12.769797,0.1622249901609155,0.33216323325941505
1969,CC1CC2=C(C=C3OCOC3=C2)C(=NN1C(C)=O)C1=CC=C(NC=O)C=C1,0.8478973708512917,0.0017998002833238,0.051117778,0.0852327723216301,0.08571567690573148
1970,CC[C@@H]([C@H]1CC[C@H](C)[C@@H](O1)[C@@H](C)[C@H](O)[C@H](C)C(=O)[C@H](CC)[C@H]1O[C@@]2(O[C@@]3(CC[C@](C)(O3)[C@H]3CC[C@](O)(CC)[C@H](C)O3)[C@H](O)C=C2)[C@H](C)C[C@@H]1C)C(O)=O,0.1685426951538734,0.9922436040458176,17.670092,0.9863781751595948,0.841008985220993
1971,CCOP(=S)(OCC)OC1=NN=C(OC2CCCCC2)C=C1,0.6622326507820416,0.008050499450605,10.138899,0.053087298647671,0.3048792194441523
1972,CNC(=O)N\N=C\C1=CC=C(O1)[N+]([O-])=O,0.4301513724945986,0.9970895826914916,2.566061,0.51092576632182,0.30985123630796413
1973,[O-][N+](=O)C1=CC=C(N\N=C(/Br)C2=CC=CC=C2)C=C1,0.5296660653699624,0.94019611685692,20.308395,0.040140736615792,0.22056956521991994
1974,CN1C(C)(C)CCCC1(C)C,0.5196038533402348,0.9983940216691982,14.743487,0.3161189850169212,0.24034104501019216
1975,COP(=S)(OC1=CC=C(Cl)C=C1Cl)C1=CC=CC=C1,0.7588237811176506,0.3843336965064901,10.971392,0.7080883903257416,0.3868814771999628
1976,CC\C=C\C1(C(C)C)C(=O)NC(=S)NC1=O,0.441460921488563,0.7196236153484787,11.069037,0.7146066770789411,0.6723580291593518
1977,CC(=O)CCC(O)C1=COC=C1,0.7436816047172774,0.2053801291141938,12.575281,0.0416774223673541,0.2108988725220343
1978,CSC1=C(Cl)N=C(N=C1NC(C)C)N1CCN(C)CC1,0.6798513507801957,0.0196685061706708,6.8577285,0.1316891208178828,0.2398669857452326
1979,CC[C@H](C)[C@H]1O[C@@]2(C[C@@H]3C[C@@H](C\C=C(C)\[C@@H](O[C@H]4C[C@H](OC)[C@@H](O[C@H]5C[C@H](OC)[C@@H](O)[C@H](C)O5)[C@H](C)O4)[C@@H](C)\C=C\C=C4/CO[C@@H]5[C@H](O)C(CO)=C[C@@H](C(=O)O3)[C@]45O)O2)C=C[C@@H]1C,0.1888308860125241,0.9843566146932812,17.745209,0.9950436558278932,0.8834428870295195
1980,CN1CCN(CC1)C1=NC2=C(CC3=C1C=CC=C3)C=CC=C2,0.7430194240185352,0.9803370316460938,2.653788,0.962500944077556,0.5868332061754921
1981,OS(=O)(=O)SCC(=N)NCCSCC1=CC=CC=C1,0.223159578514588,0.1971999962918655,11.8987875,0.1721782352988913,0.3975113137564378
1982,CCC[C@H]1CCCCN1,0.5973503916135384,0.998271897307762,16.810629,0.005751382941704,0.12981528042460694
1983,CCOP(=S)(OCC)OC1=CC=C(C=C1)S(=O)(=O)N(CC)CC,0.5790108183859295,0.1542775870662971,14.932193,0.1802001021896359,0.541314452145372
1984,CCCCCCCCCCCC[N+]1([O-])CCCCCC1,0.2669925145059325,0.9787633278130696,26.56933,0.7864631944717982,0.5355065783570472
1985,FC1=CC=C(C=C1)N1CCN(CC1)C1CCC(=O)N1,0.8701771495338086,0.9877123451797396,-4.6943703,0.1174810733453332,0.21385409422298313
1986,N[C@@H](CCC(=O)C=[N+]=[N-])C(O)=O,0.3146570941411,0.999508381657962,4.2568607,0.2418860507894103,0.3046041339479002
1987,CC(=O)[C@H]1C[C@]2(C)C3(CO3)[C@H]1O[C@H]1C=C(C)C(=O)[C@H](O)[C@@]21CO,0.6951944539012574,0.205906424506588,11.712396,0.2249460942581833,0.2158637354304719
1988,COP(=S)(OC1=C(Cl)C=CC=C1Cl)C1=CC=CC=C1,0.7588237811176506,0.4462642185439518,8.904803,0.6345189545467244,0.3522765807777458
1989,CC[C@H]([C@@H]1O[C@@H]([C@@H](C)[C@H](O)[C@H](C)C(=O)[C@H](CC)[C@H]2O[C@@]3(O[C@@]4(CC[C@](C)(O4)[C@H]4CC[C@](O)(CC)[C@H](C)O4)C(O)C=C3)[C@H](C)C[C@@H]2C)[C@@H](C)C[C@@H]1C)C(O)=O,0.1621515259328489,0.9976846151466464,20.11026,0.9852856907225608,0.8514943097774734
1990,CNC(=O)O\N=C(/C)SCCC#N,0.2455519207682257,0.9851411361314836,22.323593,0.1409116438406376,0.1287444947963215
1991,OC1=CC=C(\C=C(/[N+]#[C-])\C(=C\C2=CC(O)=C(O)C=C2)\[N+]#[C-])C=C1,0.4554486835207166,0.998252032850775,16.11003,0.048935864920123,0.10264846070262382
1992,CC\C=C(/C)C1(C(C)C)C(=O)NC(=O)NC1=O,0.5753708556988948,0.3709028407844895,11.321603,0.8738832030437863,0.8187738851457667
1993,CCOP(=S)(OCC)OC1=CC=C(C=C1)S(=O)(=O)N(C)C,0.6695703800444186,0.2269732734444307,17.262602,0.2196992431711469,0.49879735947427833
1994,CC(=O)OC(C)(C)\C=C\C(=O)[C@](C)(O)[C@H]1[C@H](O)C[C@@]2(C)[C@@H]3CC=C4[C@@H](C[C@H](O)C(=O)C4(C)C)[C@]3(C)C(=O)C[C@]12C,0.2648393162270558,0.8118107275802431,14.894179,0.9857979969241146,0.8950917877151336
1995,CCC\C=C\C1(CC)C(=O)NC(=O)NC1=O,0.5544146313544797,0.7342572039457809,21.94206,0.9160541471452897,0.7981120875455713
1996,CN1CCN(CC1)C1=NC2=C(SC3=C1C=C(Cl)C=C3)C=CC=C2,0.7163896237621907,0.9990949284513246,9.568668,0.9648083710863484,0.7295937962061593
1997,CCC1(C(C)C=C(C)C)C(=O)NC(=O)NC1=O,0.5753708556988948,0.9752319598844624,6.6875234,0.9013971278699968,0.8161355300927472
1998,CC(C)NC1=NC(Cl)=C(Br)C(=N1)N1CCN(C)CC1,0.8502164065894575,0.6474029611102149,-10.232307,0.1458864095258718,0.29832421488238264
1999,CCN(CC)C(C)CN1C2=CC=CC=C2SC2=C1C=CC=C2,0.7651953187356423,0.9998126029095452,7.753838,0.99819392692514,0.8599604051254893
2000,CCS\C(C)=N\OC(=O)N(C)C(C)=O,0.3061059908575201,0.7131373431563409,15.303861,0.1109259773392648,0.386279537663925
2001,NNC(=S)NC1=CC=CC=C1,0.3295187501026906,0.9969322513735944,17.79792,0.0404653686636407,0.17710471895538968
2002,CC\C=C\C1(C(C)C)C(=O)NC(=O)NC1=O,0.5535305165531892,0.9061114706803032,17.958786,0.9416775922233654,0.8524118757225496
2003,CC[C@H](C)C1O[C@@]2(C[C@@H]3CC(C\C=C(C)\[C@@H](O[C@H]4C[C@H](OC)[C@@H](O[C@H]5C[C@H](OC)[C@H](NC(C)=O)[C@H](C)O5)[C@H](C)O4)[C@@H](C)\C=C\C=C4/CO[C@@H]5[C@H](O)C(C)=C[C@@H](C(=O)O3)[C@]45O)O2)C=C[C@@H]1C,0.1945803401882086,0.9847673235243812,15.609141,0.992487344726974,0.8632327239510769
2004,CC1CC2=CC3=C(OCO3)C=C2C(=NN1C(C)=O)C1=CC=C(NC(=O)C(F)(F)F)C=C1,0.7868341565181842,0.0307140380251349,2.157858,0.163795336111452,0.4577826085476814
2005,COP(=S)(OC1=CC=C(Cl)C(Cl)=C1)C1=CC=CC=C1,0.7588237811176506,0.4441194378455272,10.864095,0.5579659869016963,0.3918635138271722
2006,COC1=C(OC)C=C(CC2=CSC(=N2)N2CCNCC2)C=C1,0.9149694938394404,0.1021379335453459,9.902772,0.0402421327365646,0.176741045806373
2007,CN(C)C1=CC=C(C=C1)N1CCN(CC2CN=C(N)O2)CC1,0.8820382747615808,0.0118211170656794,-2.657427,0.2759401263833483,0.24373064697780705
2008,CC(=O)O[C@H]1[C@H](O)[C@@H]2O[C@H]3C=C(C)C(=O)C(O)[C@@]3(CO)[C@@]1(C)[C@@]21CO1,0.4128233301457104,0.1569171376431613,11.770632,0.8732599584194604,0.5243096308885422
2009,COC1=CC2=C(C=C1OC)[C@H]1[C@@H](CO2)OC2=C(C=CC3=C2C[C@@H](O3)C(=C)CO)C1=O,0.7761655156392859,0.3021525802777066,3.0284095,0.6878606564456735,0.6621004452189895
2010,C(CN1C2=C(SC3=C1N=CC=C3)C=CC=C2)N1CCCCC1,0.84670871402352,0.966055409226754,4.5863724,0.764094955685632,0.3835997000259182
2011,CCOP(=S)(OCC)OC1=NOC(=C1Cl)C1=CC=CC=C1,0.6782219145004259,0.1484971031425102,8.602462,0.0591430561816448,0.256145229340396
2012,C(C1=CSC(=N1)N1CCNCC1)C1=CC=CC=C1,0.9151545867782748,0.6255803387405497,-1.176635,0.0608868039909535,0.2694424407606831
2013,CCC\C=C(/C)C1(CC)C(=O)NC(=O)NC1=O,0.5753061516613038,0.4632914111258344,6.952575,0.907676786970828,0.8061865413910112
2014,CN1CCN(CC1)C1=CC2=C(SC3=C1C=C(Cl)C=C3)C=CC=C2,0.7503130790455909,0.9056014994330466,8.088888,0.9574899129536424,0.8516676219125593
2015,COP(=S)(OC)OC1=CC(Cl)=C(C=C1)S(=O)(=O)N(C)C,0.7269973482731711,0.1276882570911191,12.851399,0.4551002075656628,0.6488088446678246
2016,CCOC\C(\C=N\NC(=S)SC)=C/C1=CC=C(O1)[N+]([O-])=O,0.3558610068024245,0.0062128303157629,6.756372,0.0421564339284739,0.13648490629027016
2017,BrC1=CC=C(C=C1)C#N,0.6033941417872567,0.998915608320336,14.125153,0.0510067011186541,0.09819185769860958
2018,CC[C@H]([C@H]1O[C@@](C)(C[C@@H]1C)[C@]1(O)O[C@](CC)(C[C@H]1C)[C@H](C)O)C(=O)[C@@H](C)[C@@H](O)[C@H](C)[C@H]1O[C@](O)([C@H](C)C(O)=O)[C@H](C)C[C@@H]1C,0.2122586580338606,0.9754650542445804,22.70773,0.9624100715488864,0.851520271369224
2019,FC1=CC=C(C=C1)C(\Cl)=N\NC1=CC=CC=C1,0.6477949539260129,0.2608532341453842,15.936595,0.0454969425740415,0.15257754734105258
2020,COP(=S)(OC1=CC=CC=C1Cl)C1=CC=CC=C1,0.7949729389493799,0.2875850674108186,8.992932,0.5194841811957095,0.3413455029154602
2021,OC(=O)C1CC2=C(C1)C=C(C=C2)C(=O)C1=CC(Cl)=C(Cl)S1,0.8559635588442461,0.0016692787385845,1.1403037,0.7010934370323484,0.42181133767213597
2022,CCOP(=S)(OCC)O\C(=C\Cl)C1=CC=C(Cl)C=C1Cl,0.4415209724307581,0.5641320093241079,13.469335,0.7211387129946075,0.5509509164370326
2023,CN(C1=C(Cl)C=C(F)C=C1)C1=C(C=C(C=C1C(F)(F)F)[N+]([O-])=O)[N+]([O-])=O,0.4101463767140977,0.2781870431384544,-1.6748039,0.2859958394177808,0.36665809401359317
2024,COP(=S)(OC)OC1=CC=C(C=C1Cl)S(=O)(=O)N(C)C,0.7269973482731711,0.0173541510275859,16.751854,0.3672683049143013,0.6564299727652309
2025,NC(=S)N\N=C\C1=CC=CC=N1,0.3888165831685101,0.0405306445341642,12.084876,0.0824456602292406,0.2642806434064537
2026,CC(=O)OC[C@]12[C@H](O)C(=O)C(C)=C[C@H]1O[C@@H]1[C@H](O)C[C@@]2(C)[C@]11CO1,0.5273982668147587,0.0763665606956829,19.38708,0.5715632531574703,0.35305525477825644
2027,CCOP(=S)(OCC)O\C(=C\Cl)C1=C(Cl)C=C(Br)C=C1,0.4025222121023763,0.355222887799727,12.414887,0.5922433758511924,0.5200223910119538
2028,NN1CC2=C(CC1=O)C=CC=C2,0.4443118380682159,0.9978989480065402,13.185284,0.045744593371387,0.1120103550450895
2029,CC1CC2=C(C=C3OCOC3=C2)C(=NN1C(C)=O)C1=CC=C(NC(C)=O)C=C1,0.8700490194663669,0.0249372341920492,0.031720757,0.1248990035684989,0.20607041453441774
2030,CCCC\C=C(/C)C1(CC)C(=O)NC(=O)NC1=O,0.4454547389221286,0.2027612277442421,7.4952064,0.9060382128307696,0.7094846269295851
2031,CN(C1=C(Cl)C=C(C=C1Cl)[N+]([O-])=O)C1=C(C=C(C=C1[N+]([O-])=O)C(F)(F)F)[N+]([O-])=O,0.4291984837284627,0.9441796209290308,12.182745,0.2002170957341934,0.2537589852503518
2032,N=C(NC1=CC=CC2=C1C=CC=C2)C1=CC=NC=C1,0.5358732369756809,0.1564847445101699,-2.142973,0.0251196694088105,0.14725899454341054
2033,COP(=S)(OC1=CC=C(C=C1)[N+]([O-])=O)C1=CC=CC=C1,0.4818030066770238,0.9987347105154792,12.624669,0.0810032697819114,0.48989930670580184
2034,CC(=O)NC1=NC=C(S1)[N+]([O-])=O,0.5526196490732539,0.9883434514413144,-7.1704245,0.4258248176472846,0.5407830970334555
2035,CC\C=C(/C)C1(CC)C(=O)NC(=O)N(C)C1=O,0.5974173061181269,0.2356459783392634,-8.757655,0.8507349795365512,0.7108795285381507
2036,O=C(C(C1=CC=CC=C1)C1=CC=CC=C1)C1C(=O)C2=C(C=CC=C2)C1=O,0.6724722721127082,0.9965040230344226,4.00547,0.4033214823769408,0.6293235585753192
2037,CCOP(=O)(OC1=CC=C(C=C1)[N+]([O-])=O)SCC,0.4307939988819588,0.9175239732113636,15.041739,0.2601193718972079,0.5002203473354581
2038,CN(C)C1=CC=C(N)C=C1,0.5900918818439251,0.9955232642589066,4.405708,0.0176879574105209,0.1817127761112849
2039,CN(C(=O)CCl)C(=O)O\N=C(/C)SCCC#N,0.1953686074349828,0.0031573948791202,27.083916,0.0365082008347794,0.09460931849356327
2040,CO[C@H]1CC[C@H](O[C@@H]2C[C@H](O[C@@]3(CC[C@](C)(O3)[C@H]3CC[C@@H](C)[C@@]4(O[C@H](C[C@@H]4C)[C@H]4O[C@@](O)(CO)[C@H](C)C[C@@H]4C)O3)C2C)[C@@H](C)\C=C(/C)C(=O)[C@H](C)C[C@H](C)C(O)=O)O[C@@H]1C,0.1596646459109281,0.9718041899089096,20.352856,0.98085087283445,0.7375441061562545
2041,CN1CCN(CC1)C1=NC(Cl)=CC(Cl)=N1,0.7043866267843468,0.8993543754194683,-4.681929,0.6580253143756521,0.49199669757153613
2042,CCC1(\C(C)=C\C)C(=O)NC(=O)N(C)C1=O,0.5629956776863018,0.7257559803677619,-6.3943567,0.8548783951768687,0.7488941936742923
2043,N#CC1=CC(=CC(=C1)C#N)C#N,0.5634937879332186,0.9988316439622984,19.987534,0.1172392879160473,0.14597321631616655
2044,CCN(CC)CCN1C2=C(SC3=C1N=CC=C3)C=CC=C2,0.8297016159550784,0.9986855382816824,4.908189,0.9270786635430918,0.5012023232780823
2045,COC1=CC=C(CC2=CSC(=N2)N2CCNCC2)C=C1,0.9356777960050215,0.0076867154901989,2.0664854,0.0431948836275362,0.17093708350586195
2046,CN1CCN(CC1)C1=CC2=C(OC3=C1C=C(Cl)C=C3)C=CC=C2,0.781153821054191,0.9003665511006188,-4.411311,0.9527006897925736,0.8076197021552718
2047,CCCC(C)C1(CC=C)C(=O)NC(=O)NC1=O,0.5604883600608829,0.9997493218534892,14.233764,0.8821400409972098,0.8455646163666252
2048,CCS\C(C)=N\OC(=O)NC,0.2995148801762471,0.9972958452997784,15.434327,0.1497314299654004,0.30998794906253613
2049,CCOP(=S)(OCC)SCC(=O)N(C(C)C)C(C)C,0.6043262530353166,0.9965530086298208,-7.4413533,0.6289059315875732,0.40493091942944953
2050,CC[C@H](C)[C@H]1O[C@@]2(C[C@@H]3C[C@@H](C\C=C(C)\[C@@H](O[C@H]4C[C@H](OC)[C@@H](O[C@H]5C[C@H](OC)[C@H](NC(C)=O)[C@H](C)O5)[C@H](C)O4)[C@@H](C)\C=C\C=C4/CO[C@@H]5[C@H](O)C(COC)=C[C@@H](C(=O)O3)[C@]45O)O2)C=C[C@@H]1C,0.182309184299858,0.9797530459489712,13.668736,0.9911249411667642,0.8530686710647949
2051,FC1=CC=C(NC2=C(C#N)C(Cl)=C(C#N)C(Cl)=C2C#N)C(F)=C1,0.8567657912481715,0.7253556742282575,5.657,0.4344817952460333,0.09694650578535888
2052,CCOP(=O)(OCC)OC1=CC=C(C=C1)[N+]([O-])=O,0.4311769103145355,0.998718155493829,7.311087,0.7042894654395998,0.6497305828669774
2053,C[C@@H]1[C@@H](OC(=N)N1C)C1=CC=CC=C1,0.7350139800915784,0.1577647422687611,8.8277645,0.0608136359482973,0.2853244102268028
2054,CC1=NC2=C(C=CC=C2)C(=C1)\N=C(/NC1CCCCC1)NC1=NN=CS1,0.5301458220277957,0.0063495290107762,-4.1601844,0.01933125328004,0.10993754080227684
2055,COC1=CC2=C(C(OC)=C1O)C1=CC=C(OC)C(=O)C=C1[C@H](CC2)NC(C)=O,0.8401622325413517,0.9998387854356424,-6.441465,0.8963262588844554,0.7972127671485256
2056,COP(=S)(OC)OC1=CC(C)=C(C=C1)S(C)=O,0.7811565727001336,0.9941925072312404,15.727817,0.4819535407165212,0.3449628145567857
2057,N=C(NC1=CC2=C(C=CC=C2)C=C1)C1=CC=NC=C1,0.5358732369756809,0.1386284299327583,-0.08161378,0.0192400535926199,0.14836487594021536
2058,CCNC1=NC(N2CCN(C)CC2)=C(SC)C(Cl)=N1,0.678083071022475,0.1753195427067243,4.235801,0.3468750113457587,0.22920021324343054
2059,CC[C@H]([C@H]1O[C@@](C)(C[C@@H]1C)[C@]1(O)O[C@](CC)(C[C@H]1C)[C@H](C)O)C(=O)[C@@H](C)[C@@H](O)[C@H](C)[C@H]1O[C@](O)(CC(O)=O)[C@H](C)C[C@@H]1C,0.2178971730467295,0.9724808392687676,22.707897,0.9671149499503628,0.82166723694063
2060,FC(F)(F)C1=CC=C(C=C1)N1CCN(CC1)C1CCC(=O)N1,0.9077360436593288,0.7940460213222711,0.69004095,0.2334843840350247,0.3182823685555199
2061,CC(C)CN1C2=C(NC(C)=N2)C(=O)N(CC=C)C1=O,0.8365689886845686,0.0072133550361611,-12.708056,0.0149930908165879,0.1510470251441695
2062,CC(CN1C2=C(SC3=C1N=CC=C3)C=CC=C2)N1CCCC1,0.846772058171472,0.9925490224004048,0.01471436,0.8596607515744928,0.3311613996996247
2063,COC1=C(O)N=C(N=C1O)N1CCN(C)CC1,0.7306455417812099,0.9356379318052054,22.493622,0.2418545492051066,0.27355363373201474
2064,CCNC(=O)\N=C1\SCCN1C,0.6585716353424902,0.0460801985247165,24.049223,0.5507319066162663,0.11284722905269995
2065,NC1=NC=C(C(N)=N1)C1=CC=C(Cl)C=C1,0.7702851650532873,0.9991023161050324,-5.9947433,0.7347464778530531,0.32799014989904896
2066,COP(=S)(OC)OC1=CC(C)=C(SC)C=C1,0.6056546156883094,0.99909386321635,18.256586,0.5186401814988454,0.280787499519946
2067,CCOP(=S)(OCC)SC(SCC)C1=CC=CC=C1,0.4382695319687991,0.7354508714866085,9.45313,0.7805627644914778,0.3552566574024062
2068,COC1=CC(OCCO)=CC(OC)=C1,0.7685475802681957,0.9994282794583068,12.213563,0.0755936968487551,0.4166962200831995
2069,C[C@@H]1CC2=C(C=C3OCOC3=C2)C(=NN1C(C)=O)C1=CC=C(N)C=C1,0.8114075470469726,0.0035544943251841,6.1761265,0.0875776722041245,0.21739263710087772
2070,FC(F)(F)C1=CC=CC(CC2=CSC(=N2)N2CCNCC2)=C1,0.938517536881566,0.946136345896561,3.5630774,0.0663798481935924,0.17855368089859058
2071,ClC1=CC2=C(OC(=S)NC2=O)C(Cl)=C1,0.7281157534465702,0.5687385610656555,-2.741082,0.7960238043051052,0.33523398679469185
2072,CC1(C)[C@H](C=C(Cl)Cl)[C@H]1C(=O)OCC1=C(F)C(F)=C(F)C(F)=C1F,0.3131018023256873,0.9741391396833442,17.004726,0.0665582650382016,0.23834999025492004
2073,CCCCC1=CN=C(N1C)[N+]([O-])=O,0.5265651537561552,0.4536818066645006,12.423476,0.0736387449656116,0.46410288818144546
2074,CCOP(=S)(OC1=C(Cl)C=C(Br)C(Cl)=C1)C1=CC=CC=C1,0.444667720272775,0.4821937816214728,1.795401,0.6609117703096853,0.3153609807068429
2075,CC(C)CN1C=NC2=C1C(=O)N(C)C(=O)N2C,0.7420706034222679,0.999242090026364,1.0702492,0.2169449660125547,0.29146634496908563
2076,CO\N=C\C1=CCCN(C1)C(=O)OCCC1=CC=CC=C1,0.6179720118766368,0.0011021081099408,-3.316914,0.0441498763607057,0.12693906534618365
2077,C=CCN1CCN(CC1)C1=CC(SC2=CC=CC=C2)=C2C=CC(=O)C=CN12,0.6330993573123392,0.0012404336255016,-0.9754049,0.0448942577034494,0.11494536193304969
2078,CN(C1=C(Cl)C=C(Cl)C=C1)C1=C(C=C(C=C1C(F)(F)F)[N+]([O-])=O)[N+]([O-])=O,0.4838777336659682,0.7903058948652673,-0.3965553,0.160131141852089,0.2761813222403149
2079,C=CC(=O)OCCOC(=O)C=C,0.3411544262455558,0.9984119426186971,14.733176,0.0591456963121317,0.4845076729543947
2080,CS\C(C)=N\OC(=O)N(C)S(=O)SC1=CC=CC=C1,0.2805743978191103,0.0599079193786572,12.944164,0.5047210293667276,0.4350039575413045
2081,COP(=S)(OC)OC1=NN=C(OC(C)CC(C)C)C=C1,0.6815795069963756,0.0309171513079936,6.4591613,0.0717719801740088,0.45147915114290244
2082,CC\C(Cl)=N/OC(=O)NC,0.3801179038404597,0.9969306914676256,6.901674,0.4915476688665898,0.45892662632826103
2083,CC(C)NC(=O)[C@H]1O[C@H]([C@H](O)[C@@H]1O)N1C=NC2=C1N=CN=C2N,0.5362440056574074,0.9703090896196988,4.1563067,0.7722518083223582,0.7248216526995341
2084,OC1=C(Br)C=C(Br)C=C1,0.7520027539290286,0.9991569463263548,9.09051,0.0341726889934689,0.3899161906869494
2085,CC(C)C(N\C(NC1=CC=NC=C1)=N/C#N)C(C)C,0.49500577285457,0.9968197931478344,-13.636228,0.1816688572715633,0.4054749050849978
2086,CC(=O)OC[C@]12CCC(C)=C[C@H]1O[C@@H]1[C@H](O)[C@@H](OC(C)=O)[C@@]2(C)[C@@]11CO1,0.4543583416899955,0.1011002433963418,2.680582,0.861510690944845,0.3852437970690984
2087,CCOP(=S)(OC1=C(Cl)C=C(Cl)C(Cl)=C1)C1=CC=CC=C1,0.488957887765947,0.6809605138236785,3.5577397,0.7654416446475393,0.4245195568933677
2088,CCOP(=S)(OC(C)C)OC1=CC=C(C=C1)[N+]([O-])=O,0.4347505023185603,0.9985714648018028,11.259309,0.4664559060756965,0.4028467398493917
2089,OC1=C(C(=O)OC2=C1C=CC=C2)C1=CC=CC=C1,0.6623041086624184,0.9766680231237692,-5.2553544,0.9455789125716132,0.7748271736974037
2090,CCCCC[C@H](O)\C=C\[C@H]1[C@H](O)CC(=O)[C@@H]1CCCCCCC(O)=O,0.3476126954257888,0.9969716259536668,22.464836,0.9754714302883346,0.8433390290534911
2091,CCOP(=S)(OCC)SCC(=O)NC(C)C,0.6944816085894885,0.9929019988398126,2.3285089,0.6510860338220451,0.4793301994153506
2092,CC(=O)OCC=C,0.3775448287483149,0.9981120532653908,1.7062763,0.043700179330171,0.29145649828142484
2093,ClC1=CC2=C(NC(=O)O2)C(Cl)=C1Cl,0.7169749962421738,0.7083728649119839,7.6676097,0.9019144871937644,0.43842787953228407
2094,CN(C)C1=CC=C(C=C1)\N=N\C1=CC=CC=C1,0.7203844404050564,0.9982517571859338,7.040426,0.2361788122640837,0.20491205063174917
2095,O=C1N=C(NC2CC2)OC1C1=CC=CC=C1,0.8123830050662618,0.0354906655729865,-1.7216762,0.8394939882958162,0.12645434494589286
2096,CN(C1=C(Br)C=C(Cl)C=C1)C1=C(C=C(C=C1C(F)(F)F)[N+]([O-])=O)[N+]([O-])=O,0.4362094677038932,0.226177564779623,4.5210295,0.0800969442260483,0.26998060226313264
2097,CS\C(C)=N\OC(=O)N(C)S(=O)OCC1=CC=CC(C)=N1,0.3561705513426913,0.0011944813242613,13.2479725,0.2913064654627476,0.5193665801105725
2098,COP(=S)(OC(C)C)OC1=CC=C(C=C1)[N+]([O-])=O,0.45487012889756,0.998897740101246,11.462838,0.5937348027718731,0.41404383888336016
2099,O=C1NC(=S)OC2=C1C=CC=C2,0.6275820734435402,0.9958708054442834,17.909077,0.1887515468191347,0.40512094686572925
2100,CN1CCCC(CC2C3=C(C=CC=C3)S(=O)(=O)C3=C2C=CC=C3)C1,0.8357754605866651,0.0849748350956005,2.3379693,0.8762067224285,0.7321496964014154
2101,CC(=O)OC(C)(C)\C=C\C(=O)C(C)(O)[C@H]1[C@H](O)C[C@@]2(C)[C@@H]3CC=C4[C@@H](C=C(O[C@@H]5O[C@H](CO)[C@@H](O)[C@H](O)[C@H]5O)C(=O)C4(C)C)[C@]3(C)C(=O)C[C@]12C,0.1191805800296127,0.99897138538747,22.728819,0.9917140020541622,0.8981291794206647
2102,ClC1=NC=CC=C1,0.4672558901814075,0.9957399127060804,12.96367,0.0094210659751665,0.37522482926615675
2103,NC(=S)N\N=C\C1=CC=CC=C1,0.4018866918901876,0.9922221761815924,20.367977,0.0406607614006564,0.2810662989457753
2104,ClCCN1CCN(CC1)C1CC2=C(SC3=C1C=C(Cl)C=C3)C=CC=C2,0.682053232454312,0.9590517193233072,9.600735,0.8889346535732227,0.8003456941838826
2105,CCN(CC)CCN=S(=O)(C1=CSC=C1)C1=CC=CC=C1,0.7722943431440313,0.0040568995320994,7.8109126,0.6438258468228234,0.25701187261268965
2106,ClC1=CC=C(NC2=C(C#N)C(Cl)=C(C#N)C(Cl)=C2C#N)C=C1Cl,0.7267959985042711,0.989026956943012,3.9412136,0.3945379318856238,0.07884537990155446
2107,CN1C(=O)N(C2=C1C=CN=C2)C1=CC=CC=N1,0.6244312513668686,0.2877147442669313,-7.460542,0.5437010292489742,0.19675893026549002
2108,[O-][N+](=O)C1=CC2=C(OC(=S)NC2=O)C=C1,0.4525291516988441,0.9117514332471224,18.312878,0.7851398752055779,0.37115946081917295
2109,CCC1(CC=C2CCCCC2)C(=O)NC(=O)NC1=O,0.6046597761330559,0.3061777017998776,19.141987,0.7155979755850795,0.7072772853181242
2110,CC(C)CC(=O)O[C@H]1C[C@@]2(COC(C)=O)[C@H](OC3[C@H](O)[C@@H](O)C2(C)C32CO2)C=C1C,0.3833730251470301,0.1329229087909309,11.151446,0.9471990337034448,0.45172070988399166
2111,CS\C(C)=N\OC(=O)N(C)S(=O)OCC1=CC=CN=C1,0.3571909467222086,0.0011515913786414,15.217071,0.2783472794382564,0.4666242773935288
2112,CCCCC(C)(O)C\C=C\[C@H]1[C@H](O)CC(=O)[C@@H]1CCCCCCC(=O)OC,0.2861612823490276,0.9996137580855808,21.092165,0.998078820339919,0.8110588317743253
2113,CCN(CC)CCN=S(=O)(C1=CC=CS1)C1=CC=CC=C1,0.7722943431440313,0.01221802264278,13.504217,0.6751556732381676,0.2859815677610607
2114,ClC1=CC=C(SC2=CC=C(CC3=CSC(=N3)N3CCNCC3)C=C2)C=C1,0.6543772602806107,0.1991697592928156,0.98472655,0.0206611251842522,0.2983324843759775
2115,CCN(CC)S(=O)(=O)C1=C(Cl)C=C(OP(=S)(OC)OC)C=C1,0.6377440224000812,0.0080025764167878,13.788857,0.1006433417022635,0.5728183658645479
2116,[O-][N+](=O)C1=CC=C(C=C1)N1CCN(CC1)C1CCC(=O)N1,0.6621932167710918,0.980794294522355,-0.30135047,0.1437460724897487,0.204871019517158
2117,NC1=NC=NC2=C1N=CN2[C@@H]1O[C@@H]([C@@H](O)[C@H]1O)C(=O)NCCO,0.3967302228654986,0.9927511448965628,1.4020284,0.8949180171919061,0.8345566087475985
2118,CCCCCCOS(=O)N(C)C(=O)O\N=C(/C)SC,0.2266018114484854,0.1864894697933471,19.43734,0.3124989397647496,0.386351730172213
2119,C[C@]12CC[C@H]3[C@@H](CC[C@@H]4C[C@@H](O)CC[C@]34C)[C@@]1(O)C[C@H](O)[C@@H]2C1=COC(=O)C=C1,0.6709760492686729,0.0210537945430956,6.360968,0.967743153371799,0.8180091286660705
2120,COC1=CC2=C(C=C1OC)[C@@]1(O)[C@@H](CO2)OC2=C(C=CC3=C2C[C@@H](O3)C(C)=C)C1=O,0.7793084440861546,0.1732148063507231,3.291699,0.6475763073735522,0.7152849865814239
2121,CCOP(=S)(OCC)OC1=CC=CC(=C1)S(=O)(=O)N(C)C,0.6695703800444186,0.0029112057092171,18.905428,0.2820306876869436,0.5520352368844895
2122,NC1=C(N=NC2=C1C=CC(F)=C2)C(=O)NCCN1CCCC1,0.8857261981511102,0.1657139656643693,-13.158496,0.1921389067619417,0.24223516114740665
2123,CCOP(=S)(OCC)OC1=NN=C(OC(C)C)C=C1,0.6841277380373747,0.127470407221017,7.69927,0.4128650328951102,0.40813283672594247
2124,OC(C1CCCCN1)(C1=CC=CC=C1)C1=CC=CC=C1,0.8955162254381666,0.9838294810053368,13.910764,0.943124795661037,0.7010271524469455
2125,CCOP(=S)(OCC)OC1=CC(Cl)=C(C=C1)S(=O)(=O)N(CC)CC,0.5370383695514772,0.3204389377070503,11.664252,0.0999458403549278,0.49071690929378065
2126,OCCOCCOC(=O)CCl,0.3506014679573381,0.994353211296497,12.864209,0.0505710144548632,0.3104526594191819
2127,CCOP(=S)(OC)OC1=CC=C(C=C1)[N+]([O-])=O,0.4520839774588477,0.9993077508445444,16.316887,0.447066399439527,0.4066470237542369
2128,CN1C(=O)OC2=C(C=C(Cl)C=C2)C1=O,0.6568655992917465,0.949736817784522,-16.396595,0.3000910515789661,0.36774571580783944
2129,CCC(=O)OCC1=CC=C(O1)[N+]([O-])=O,0.4178313247195047,0.0220452813098274,-4.5636697,0.0702458427501152,0.6218350637736979
2130,CN(C(=O)CF)C1=CC=C(F)C=C1,0.6870211814538767,0.8332960556464799,-0.3946929,0.0132437200606665,0.38088657184612307
2131,COC1=CC=C(CCC(O)C2=C(OC)C3=C(OC=C3)C(OC)=C2OCCN2CCCC2)C=C1,0.4529553797364171,0.9906000220800812,5.733684,0.7500532905030357,0.18005425464355432
2132,CCOP(=S)(OCC)SCSC1=CC=C(Cl)C=C1,0.3554070681168424,0.9990654956404872,5.0195575,0.5529724678660982,0.30497588720660185
2133,C1CC(CCN1)(OC1=CC=CC=C1)C1=CC=CC=C1,0.90546656583085,0.1374727422057702,4.8473377,0.9463734240929148,0.5651608020815702
2134,CC(O)CCC(=O)C1=COC=C1,0.6948480696430851,0.6381506916662751,15.855479,0.0312324739685613,0.1724722457812006
2135,COC1=CC=C(CN(CCN(C)C)C2=NC=CC=N2)C=C1,0.779023670000752,0.9987464726526698,3.7085605,0.6991591055864251,0.5231400333888916
2136,FC1=CC=C(C=C1)C1C(=O)C2=CC=CC=C2C1=O,0.7179310095669911,0.9990203289587908,13.597804,0.9115975144072218,0.6347440454901505
2137,OS(=O)(=O)SCC(=N)NCCOCC1=CC=CC=C1,0.2200641917970456,0.0074207059316242,1.7112292,0.1280111420985711,0.3288843429831655
2138,CCOC1=C(Cl)N=C(N=C1Cl)N1CCN(C)CC1,0.7960342372035214,0.0851351524690492,9.634811,0.1073269414008514,0.4043919925654123
2139,CCN(CC)S(=O)(=O)C1=CC=C(OP(=S)(OC)OC)C(Cl)=C1,0.6377440224000812,0.0027426965114346,14.08188,0.0830351103658958,0.6830114511439579
2140,N[C@@H](CCNC(N)=N)CC(=O)N[C@H]1C=C[C@@H](O[C@@H]1C(O)=O)N1C=CC(N)=NC1=O,0.1351776271035732,0.48753639913078,23.18802,0.910286972174196,0.5224011769456595
2141,CCCN(CCC)S(=O)(=O)C1=CC=C(OP(=S)(OC)OC)C=C1,0.5790108183859296,0.3833523496639748,14.8426485,0.0711804263157068,0.6310018072129144
2142,CCOP(=S)(OC1=C(Cl)C=C(Cl)C=C1Cl)C1=CC=CC=C1,0.6192261596229174,0.5935444231175745,0.032263637,0.8412088776372054,0.4298345685584568
2143,ClC1=C(C#N)C(NC2=CC=C(Br)C=C2)=C(C#N)C(Cl)=C1C#N,0.7697807294043147,0.9949823586196428,5.119694,0.0891508064879461,0.0828756479051308
2144,CO[C@H]1[C@H](C)O[C@@H](O[C@H]2CC[C@]3(C)[C@H]4CC[C@]5(C)[C@H](CC[C@]5(O)[C@@H]4CCC3=C2)C2=COC(=O)C=C2)[C@H](O)[C@@H]1O,0.4916997126567997,0.8548793659743891,3.7031102,0.9836652084681342,0.8044753164609348
2145,CCOP(=S)(OCC)OC1=C(Cl)C=C(C=C1)S(=O)(=O)N(CC)CC,0.5370383695514772,0.0181893056169816,12.143716,0.1345086700921716,0.5043396819586147
2146,CN(C)CCOC1=CC2=C(SC3=C1C=C(Cl)C=C3)C=CC=C2,0.7918165012526931,0.999043266002408,10.702715,0.9311330934437853,0.7939798358484214
2147,CC1=CC(C)=NC(SCCCCCCN2CCCCC2)=N1,0.4081181260865822,0.1507328681103339,13.782865,0.0708109892018471,0.25886298381097894
2148,CCOC(=O)CI,0.3888020079927546,0.997917710467934,12.328804,0.0619003634111107,0.43375841559511913
2149,CCOP(=S)(OCC)OC1=CC(Cl)=C(C=C1)S(=O)(=O)N(C)C,0.6377440224000812,0.0364134565239764,10.175227,0.1748430193383693,0.5823527668371787
2150,CN1CCC(CC1)C1CC2=C(C=CC=C2)C1O,0.8009444805345902,0.9248350965274542,10.027776,0.7078231796349161,0.5515756934990007
2151,ClC1=CC2=C(OC(=S)NC2=O)C=C1,0.6843393339786322,0.9932346522130412,8.674378,0.54071529858199,0.3300533656997001
2152,[O-][N+](=O)C1=CC=CC(=C1)C(\Cl)=N\NC1=CC=CC=C1,0.5264306179598385,0.8937063624937319,15.709067,0.0479089702024887,0.16425006329397224
2153,CN1C[C@@H](C[C@H]2[C@H]1CC1=CNC3=CC=CC2=C13)C(C#N)C#N,0.8778540414373668,0.0654525329608192,1.8172902,0.1381511118505881,0.06740658820940297
2154,CN(C)CCN1C2=C(C=CC=C2)N(C)C2=C(C=CC=C2)C1=O,0.870763155680302,0.9987534475279,5.129354,0.9431932125584916,0.7713373349706558
2155,CCNC(=O)[C@H]1O[C@H]([C@H](O)[C@@H]1O)N1C=NC2=C1[N+]([O-])=CN=C2N,0.352664533752434,0.159062994302987,8.713343,0.749459124264161,0.7837889895717269
2156,CN1CCC(CC1)C1CC(C2=C1C=CC=C2)C1=CC=CC=C1,0.778373109410795,0.9947624092778776,14.724315,0.9304562495001706,0.46305900078230655
2157,COCC1=C(CO)C=NC(C)=C1O,0.7249138533096463,0.9920875865216404,-13.618504,0.0076727667375333,0.1456469339296124
2158,CCCC[C@H](C)C[C@H](O)\C=C\[C@H]1[C@H](O)CC(=O)[C@@H]1CCCC\C=C\C(O)=O,0.2559410450452434,0.921989463997616,17.62535,0.998720291139597,0.8609338507755625
2159,CS\C(C)=N\OC(=O)N(C)S(=O)OCCC1=NC=CC=C1,0.3430823332026231,0.0014330671393904,10.466846,0.3150672710577134,0.4642068695600923
2160,NC(=O)NC1=CC=C(SC#N)C=C1,0.5543662299406197,0.3343560485939679,9.355836,0.0874283705427346,0.3667244702158854
2161,NC(=S)N\N=C\C1=CC=C(Cl)C=C1,0.4449424344087837,0.9963336193396756,17.71578,0.0353209026511812,0.4320449440141722
2162,CCCNS(=O)(=O)C1=CC=C(OP(=S)(OC)OC)C=C1,0.7325904946570404,0.1396312296258035,19.059238,0.2279414378039748,0.5970179987166618
2163,CCN(CC)CCCN1C2=C(SC3=C1N=CC=C3)C=CC=C2,0.7858634039664841,0.999293930692332,5.5497136,0.9148278848234636,0.5176998207318821
2164,ClC1=CC=CC(Cl)=N1,0.5143628381850538,0.9991530026617874,11.409341,0.0261101180757395,0.4033024418393765
2165,CN(SN1CCOCC1)C(=O)OC1=CC=CC2=C1OC(C)(C)C2,0.7900806490436856,0.1671134772548121,13.840239,0.0809943851591378,0.393177200270484
2166,COP(=S)(OC)OC1=CC=C(SC#N)C=C1C,0.4698251976404746,0.20764686514405,17.95324,0.0252085243406166,0.1205827638837057
2167,CCOP(=S)(OC1=CC(Cl)=CC=C1Cl)C1=CC=CC=C1,0.7059612098526118,0.1571033450404897,0.7273034,0.6111338065965278,0.3051526875148786
2168,CCOP(=S)(OCC)OC1=C(Cl)C=C(C=C1)S(=O)(=O)N(C)C,0.6377440224000812,0.0148053966340198,14.472264,0.1365035068764328,0.547189334577596
2169,CCCNC1=NC(Cl)=C(SC)C(=N1)N1CCN(C)CC1,0.6648516395364753,0.0034906503419564,8.012016,0.1643570207688725,0.24376383931221896
2170,CC1=NC=CC(=C1)C(=O)NNC(=O)C1=CC=CO1,0.7746071227659246,0.0250516955493415,1.2268871,0.1780367696998962,0.2940391969249334
2171,CNC(=O)OC1=CC=CC2=C1OC1(CCCC1)O2,0.8301516170012032,0.9893454294829704,-4.017072,0.6117111475472973,0.18512390208777948
2172,CNC(=O)N1N=C(C2=CC=C(N)C=C2)C2=CC3=C(OCO3)C=C2CC1C,0.7711115481919291,0.0098269543360184,9.24983,0.119083469635986,0.29947398315150797
2173,CCOP(=S)(OCC)SC(C1=CC=CC=C1)C1=CC=CC=C1,0.5581311460598593,0.8756077088841813,3.671105,0.8441354708037846,0.5958320882543227
2174,CCCCS(=O)(=O)C1=C(Cl)C(Cl)=C(C#N)C(Cl)=C1Cl,0.727878324517927,0.9809651519232118,18.268845,0.0471533654476362,0.09146166082043898
2175,FC1=CC=CC2=C1N=CC=C2NCCC1=CC=CC=C1,0.7708824768320268,0.8028454342477016,-2.8239627,0.010733398365757,0.17557783007290048
2176,CS\C(C)=N\OC(=O)N(C)S(=O)OCC1=CC=CC=N1,0.3571909467222086,0.0008159186508773,15.290616,0.5239938262389906,0.4632258246252544
2177,CC(CN1C2=C(SC3=C1N=CC=C3)C=CC=C2)N(C)C,0.8569759910442083,0.9994739042910524,3.4898362,0.9382785015845287,0.7712527015926286
2178,COC(=O)N1C(C)=NC2=C1C(=O)N(C)C(=O)N2CC(C)C,0.8033278801912573,0.0191812777061594,-5.379051,0.6621689301149747,0.41543003188944416
2179,COP(=S)(OC)OC1=CC=C(SC#N)C(C)=C1,0.4698251976404746,0.9947937966962332,20.570515,0.031028203141846,0.10033126535075694
2180,CN(C(=O)CF)C1=CC=C(Br)C=C1,0.7840047935754691,0.6333354435403965,-2.6717243,0.0095846947424859,0.2676084737472022
2181,CN(C(=O)OC1=CC=CC2=C1OC(C)(C)C2)S(=O)SC(C)(C)C,0.7670276730946161,0.5495125772761561,8.381914,0.0735945374572484,0.5401833797374915
2182,CCNC1=C(C#N)C(NCC)=C(C#N)C(Cl)=C1C#N,0.8792863839465402,0.9910220484636242,3.47008,0.0505486235520424,0.07688380257736442
2183,CCOP(=S)(OC1=CC=CC=C1[N+]([O-])=O)C1=CC=CC=C1,0.4612306589031776,0.5456608032410614,1.0761932,0.1452634882415017,0.4160918880685299
2184,COP(C)(=S)OC1=CC=C(C(C)=C1)[N+]([O-])=O,0.4735022957496972,0.8382984683369398,-2.412198,0.1105167431827649,0.3055506136911326
2185,CCCCNC1=NC(Cl)=C(SC)C(=N1)N1CCN(C)CC1,0.4916756935375629,0.003505869313404,0.844005,0.0841391733325541,0.2203655507329359
2186,OC(=O)C1=C(Br)C(=NS1)C1=CC(=CC=C1)C(F)(F)F,0.8773710221822516,0.0595991293924767,-3.2024693,0.2731174315089215,0.6504695466083869
2187,CCOC(=O)CC(SP(=O)(OC)OC)C(=O)OCC,0.4715102939531925,0.9976772170745992,18.499893,0.794129268390304,0.8244431154853171
2188,CN(SOC(C)(C)C)C(=O)OC1=CC=CC2=C1OC(C)(C)C2,0.6152679387720015,0.3069179316385441,11.4354725,0.0915635641692593,0.49836468475291806
2189,OC1=CC=C(\C=C(\[N+]#[C-])/C(=C\C2=CC=C(O)C=C2)/[N+]#[C-])C=C1,0.6525069560548529,0.9987872006516364,21.045305,0.0704959408361904,0.08788809534953335
2190,CCOP(=S)(OC1=CC=CC(=C1)[N+]([O-])=O)C1=CC=CC=C1,0.4612306589031776,0.3039670752433516,2.9143224,0.1019761393615405,0.41265086444918636
2191,COC1=CC=CC=C1C(=S)N1CCOCC1,0.7298524509499115,0.5302420549788585,-0.49426353,0.5784402214624155,0.32989340931678
2192,CN1CCC(CC1)C1CC2=C(C=CC=C2)C1(O)C1=CC=CC=C1,0.9185547856357288,0.7176625166442152,15.267676,0.9823763943543676,0.7467824292324616
2193,CCCC(Cl)=NOC(=O)N(C)C,0.3902125556741721,0.374010308011259,4.8536,0.1742677067726805,0.4585247706177878
2194,CCC(=O)O\N=C(/C)Cl,0.3392384910092658,0.9974099065513006,16.69949,0.3303356900720608,0.5287628040355009
2195,OC1=C(I)C=C(C=C1I)[N+]([O-])=O,0.4549977334519809,0.9984430085362012,15.236934,0.0679096662646683,0.20071521219870628
2196,CC1N=C(CC1C1=CC=CC=C1)NCCC1=CC=CC=C1,0.9037050989865886,0.6625939870139378,5.0237956,0.0917249639825002,0.14584140559196898
2197,OC(=O)C1CCC2=C1C=CC=C2C(=O)C1=CC=CC=C1,0.8686698145446113,0.0599396790880097,8.679138,0.9595833276572108,0.8363433610323996
2198,CC1=NC=C(CO)C(\C=N\O)=C1O,0.3507185899065842,0.5150613911300864,2.2827806,0.0153692279327966,0.22503735531151917
2199,CCCCN1C2=C(NC(C)=N2)C(=O)N(CC=C)C1=O,0.8223037931086821,0.0092464346469758,-7.6258154,0.0151815495451019,0.18804235267247096
2200,COC1=C(OC)C2=C3[C@H](C[C@H]4CCC(=O)C=C24)N(C)CCC3=C1,0.8411993900280319,0.8451129322856173,14.733542,0.7163138941490247,0.757347460100726
2201,NNC(=O)C1=CC=NC2=C1CCCC2,0.3870425270569597,0.5867375877853985,9.921825,0.6975509995843662,0.1657533628496296
2202,OCCOC(=O)C=C,0.4067615269019466,0.9983701514429124,9.468733,0.0669090702607586,0.2719869370862339
2203,CN1CC[C@]23CCCC[C@@H]2[C@H]1CC1=C3C=C(O)C=C1,0.7718143750897627,0.9999246344716584,2.8673463,0.998675206133092,0.8591406018689257
2204,ClC1=CC(Cl)=C(C#N)C(Cl)=C1C#N,0.6869267629320345,0.9983415828534128,13.290181,0.2251158068131065,0.09337617589253247
2205,COP(=O)(OC)OC1=CC(C)=C(C=C1)[N+]([O-])=O,0.4596368040107208,0.8013066849643166,8.548564,0.3790619784212605,0.3106673993641464
2206,CNN1CC2=C(CC1=O)C=CC=C2,0.6829883161253214,0.1957569832485674,10.662625,0.0239750174727825,0.15363824305705825
2207,CCOP(=S)(OC1=CC=C(Cl)C=C1Cl)C1=CC=CC=C1,0.7059612098526118,0.2327707888443265,1.9385945,0.5169187849733677,0.34386573384270047
2208,CN(CC[C@H](N)CC(=O)N[C@H]1C=C[C@@H](O[C@@H]1C(O)=O)N1C=CC(N)=NC1=O)C(N)=N,0.150577431129479,0.4567971864058314,19.768082,0.8611661680646915,0.5996749560582043
2209,CC1=CC(=O)NC2=C1C(=O)CC(C)(C)C2,0.702181352537532,0.9648872864399902,-15.136458,0.0866534756561635,0.3503354637226577
2210,CNC(=O)OC1=CC=CC2=C1OCC2,0.7316940310205712,0.987524308299172,4.190596,0.0425753689380297,0.2533340036935733
2211,FC1=CC=C(CN2CCN(CC2)C2=CC(=C3C=CC(=O)C=CN23)C2=CC=CC=C2)C=C1,0.4955639764663448,0.0653733165288631,-4.2831616,0.0729813257598936,0.20046116064553293
2212,FCC(=O)NC1=CC(Cl)=C(SC#N)C=C1Cl,0.6804179791377765,0.002054349715914,13.755943,0.0185921868619698,0.10830882941329253
2213,OC(=O)C1CCC2=C1C=CC(=C2)C(=O)C1=CC=CC=C1,0.8686698145446113,0.0908976653402791,5.999849,0.9553448355322536,0.8767202074648328
2214,CC\C(Cl)=N/OC(C)=O,0.3392384910092658,0.9979039079428862,15.647939,0.6528344716919593,0.4612939933944384
2215,CCCCOP(=S)(OCCCC)SCC(=O)NC,0.4682143701075738,0.9952923234181102,1.8940095,0.272740602278374,0.49234544272364184
2216,CN1CCN(CC1)C1CC2=C(SC3=C1C=C(Cl)C=C3)C=CC=C2,0.759642524138309,0.914589114237395,4.5312233,0.9584620923167804,0.8619102099528764
2217,CC(=O)OCCCl,0.3999271457801528,0.996890246725342,12.363245,0.045827970245952,0.6520486499541406
2218,CN(C(=O)OC1=CC=CC2=C1OC(C)(C)C2)S(=O)OC(C)(C)C,0.8443950411531675,0.1568684486846776,17.18351,0.0977674950178304,0.5159640037031165
2219,CCOP(=S)(OCC)OC1=CC=C(OC(C)CC(C)C)N=N1,0.5929145560165358,0.0275162873746317,3.9032712,0.0528916020641656,0.3640800698940338
2220,O=C1C=CN2C(=CC(=C2C=C1)C1=CC=CC=C1)N1CCN(CC2=CC=CC=C2)CC1,0.5160334077486977,0.1492109877819357,-3.8747492,0.0661801121116666,0.2250887491099561
2221,CCOC1=NN=C(OP(=S)(OCC)OCC)C=C1,0.682153648703524,0.6659733503349134,9.645065,0.4960222333456012,0.4172641727095012
2222,CC(C1=CSC(=N1)N1CCNCC1)C1=CC=C(Cl)C=C1,0.942242397857954,0.0304609805028045,-16.344934,0.0582129278626692,0.2643278840352804
2223,CCCCC(C)(C)[C@H](O)\C=C\[C@H]1[C@H](O)CC(=O)[C@@H]1CCCC\C=C\C(=O)OC,0.2263819126177599,0.9998297476721808,21.744574,0.9405793778700547,0.6596740877467007
2224,[O-][N+](=O)C1=CC=C(N\N=C(/Cl)C2=CC=CC=C2)C=C1,0.5264306179598385,0.9780215860775348,14.41024,0.0999393825689535,0.1983804791367179
2225,CN1CCN(CC1)C1=NC(=O)C(S1)C1=CC=C(F)C=C1,0.7900860413919328,0.1811018478578691,-5.379179,0.175639528351063,0.396740289889056
2226,CCOP(=S)(OC1=CC=C(C=C1)[N+]([O-])=O)C1=CC=CC=C1,0.4612306589031776,0.8810153606943921,1.3142732,0.0957898187553579,0.4507394416204396
2227,CC1=NN=C(C2=CC=C(NC(=O)CN)C=C2)C2=CC3=C(OCO3)C=C2C1,0.8852971538684383,0.0165606524423949,12.792273,0.0528255449236816,0.17769216754285294
2228,ClC1=C(Cl)C=C(C=C1)N1CCN(CC1)C1CCC(=O)N1,0.910101351324545,0.4563445289255002,-9.224293,0.1769159422328897,0.3147414816752026
2229,N=C(NC1=CC=CC=C1)NC1=CC=CC=C1,0.5275993403910493,0.9984841732593712,18.545303,0.3069979853784155,0.1871743101642062
2230,CCOP(=S)(OCC)OCC1=CC=C(Cl)C(Cl)=C1,0.6712871883606051,0.7628628899450205,13.649643,0.7417347122076595,0.33955883790096025
2231,CC(C)=NNC(=O)C1=CC=NC(C)=C1,0.5687834807464298,0.3159385999934241,6.9468102,0.0546564455814715,0.30047272664052255
2232,O=C1CCC(N1)N1CCN(CC1)C1=CC=CC=C1,0.8455443121474644,0.9852037886918368,-4.274424,0.10282947653385,0.1983596567988613
2233,ClC1=C(C#N)C(Cl)=C(C=C1)C#N,0.6412762553237349,0.9984302186373304,11.812492,0.0399000907510214,0.0859099136463673
2234,CC1NCCOC1C1=CC=CC=C1,0.7051144884653379,0.9984346248523752,14.223369,0.0573811470838693,0.6403165609089253
2235,CCC\C(Cl)=N/OC(=O)NC,0.4063505940352042,0.9938900140635633,0.8429009,0.1390025990522777,0.2914392691899764
2236,CO\N=C\C1=CCCN(C1)OC(=O)C1=CC=CC=C1,0.6136517751989644,0.00245825864557,8.871621,0.097144818054501,0.1567593916183075
2237,CN(C)CCC1=C(C)C2=C3N1C1=C(CCC3=CC=C2)C=CC=C1,0.7057620734192203,0.9886654248568674,13.367609,0.920381269653778,0.642277898354636
2238,ClC1=CC=C(NC2=C(C#N)C(Cl)=C(C#N)C(Cl)=C2C#N)C=C1,0.8276791660539075,0.9986703812861945,2.121663,0.2857893198097679,0.08076417192847642
2239,CC(C)C1=CC=C(C=C1)[C@@]1(O)C(C)(C)[C@H](N2CCN(CC2)C2=NC=CC=C2)C1(C)C,0.8008200192130708,0.0132429532865294,-1.0016422,0.0449910544945529,0.10958185724580356
2240,CCCC[C@H](C)C[C@H](O)\C=C\[C@H]1[C@H](O)CC(=O)[C@@H]1CC(=O)CCCCC(=O)OC,0.2586109313564554,0.2542980988019822,18.707481,0.9323473065604772,0.7422354329000536
2241,ClCCN(CCCl)C1=CC=CC=C1,0.6864822874040284,0.993635787431742,13.575011,0.082324914964427,0.3496190126528419
2242,CCN(O)C(C)CC1=CC(=CC=C1)C(F)(F)F,0.8246640626149334,0.7496975507926857,1.1673156,0.2569383365365006,0.5913586437491174
2243,COC1=C(CC2=CSC(=N2)N2CCNCC2)C=CC=C1,0.9356777960050214,0.0084902703342067,0.56629527,0.054979523351667,0.12995835962574367
2244,CCOC(=O)CSP(=O)(OCC)OCC,0.4907939211715846,0.9990521161713584,16.197018,0.3117934477973527,0.5127175274499542
2245,COC1=CC(CC2=CSC(=N2)N2CCNCC2)=CC=C1,0.9356777960050214,0.0080917683647706,4.077525,0.0423361183025267,0.17688764327028714
2246,NC1=C(N=NC2=C1C=CC(F)=C2)C(=O)NCCN1CCOCC1,0.8478715523541404,0.0234903723580008,-8.052472,0.175029898579699,0.4133613559214318
2247,OC1=C(C2CC(CC3=C2C=CC=C3)C2=CC=C(C=C2)C2=CC=CC=C2)C(=O)OC2=C1C=CC=C2,0.3040552143787337,0.4384904607088777,5.7711377,0.0614003552672973,0.6391629321186
2248,OS(=O)(=O)SCC(=N)NCCCOCC1=CC=CC=C1,0.2106231156088013,0.0014908366752703,5.0034294,0.139035721838579,0.3295649971574496
2249,CC1=CC(\N=C(\NC2=NC=CS2)NC(C)(C)C)=C2C=CC=CC2=N1,0.5333664571092487,0.0062406260463168,-7.1200747,0.016205644619305,0.1071955019603372
2250,CCOP(=S)(OCC)OC1=CC=C(C=C1)C#N,0.7433463976125375,0.4286187106947291,12.902743,0.0278589545525285,0.10043502929360396
2251,CC1CCCC(C)N1CCC(CC1=CC=CC=C1)(C#N)C1=CC=CS1,0.695272895953113,0.1549372127633901,12.727608,0.0091179100639283,0.062382899671045086
2252,CCCNC(=O)[C@H]1O[C@H]([C@H](O)[C@@H]1O)N1C=NC2=C1N=CN=C2N,0.534253929287094,0.948348775465275,-5.625056,0.5040621949494827,0.6865637345576336
2253,CC(C(O)=O)C1=CC2=C(OC3=C(CC2=O)C=C(C)C=C3)C=C1,0.9171279599924048,0.0398234863963648,0.9755794,0.958281941748214,0.8710907550817601
2254,CN(C(=O)OC1=CC=CC2=C1OC(C)(C)C2)S(=O)OC1=CC=CC=C1,0.8340045026565424,0.2872782709736619,16.464703,0.0626080629308349,0.5002031860400781
2255,C[C@@]12CN3[C@H]4C[C@@]56C7C[C@@H]([C@H](O)[C@H]5[C@@](C[C@H](C1)OC(=O)C1=CC=CC=C1)(C37)[C@@H]24)C(=C)[C@H]6O,0.5543834281233575,0.0074183391506783,11.955861,0.7079904153719317,0.1144594829428653
2256,CCCN(CCC)S(=O)(=O)C1=CC=C(OP(=S)(OCC)OCC)C=C1,0.4828452225182041,0.7400941775476356,12.63367,0.0883442140827492,0.49943374417058184
2257,CN1CCN(CC1)C1=NC2=CC=CC=C2CC2=C1C=C(Cl)C=C2,0.7371352880526957,0.9779025257911304,3.2825751,0.9684488220821148,0.6826521362654077
2258,CC\C(Cl)=N\NC1=CC=C(C=C1)[N+]([O-])=O,0.4885046263294741,0.9147106465115435,16.4476,0.063054292988806,0.28156034584928225
2259,ClCCN(N=O)C(=O)NC1CCC(=O)NC1=O,0.3143876986154328,0.87102466992846,18.227182,0.7534203734413197,0.4990013393601875
2260,CN1CCN(CC1)C(C1=CC=CC=C1)C1=CC=CC=C1,0.8423419819869499,0.9998349793986352,3.253409,0.967568582259481,0.848998304732086
2261,COC1=CC=C(NC(=N)C2=CC=NC=C2)C=C1,0.6254022869713778,0.1432932372555177,-3.583928,0.0529856699346634,0.2163396532199709
2262,CCNC(=O)[C@H]1O[C@H]([C@H](OC(C)=O)[C@@H]1OC(C)=O)N1C=NC2=C1N=CN=C2N,0.6228263628503492,0.0930424290644225,3.7803454,0.9425212789571934,0.7507800457334979
2263,CN(C(=O)OC1=CC=CC2=C1OC(C)(C)C2)S(=O)SC1=CC=CC=C1,0.7475682731795228,0.8293303011731669,11.375207,0.0472896519250014,0.4334655973601141
2264,CCN(CC)CCOCC1=C(OC)C(Br)=CC(Br)=C1,0.6197874913351715,0.0164631350609143,-1.0681083,0.795720379586664,0.7566583169542779
2265,CN(C)CCN1C(=O)NC(C1=O)(C1=CC=CC=C1)C1=CN=CC=C1,0.8453799577666828,0.4077592461131484,0.35388315,0.5287568330108628,0.5083346342150337
2266,CCOC(=O)[C@H](NC(=O)CSP(=S)(OCC)OCC)C(C)C,0.4420685778257864,0.4642402654446156,-1.9202142,0.3696904131255649,0.5358064805648604
2267,CC(C)C1=CC=C2SC3=C(CC(N4CCN(CCO)CC4)C2=C1)C=CC(F)=C3,0.8274909959401752,0.7052609454898247,3.7021527,0.6315257072717629,0.5721650885853237
2268,CC(=O)OC1=C(C#N)C(Cl)=C(C#N)C(Cl)=C1Cl,0.451395760632802,0.9879253478930424,4.971786,0.2986807795155788,0.11320922129161863
2269,CCCN(CCC)C(=O)CSP(=S)(OCC)OCC,0.5414977562068987,0.994724018808534,0.044258595,0.7104629046001754,0.5265999878170815
2270,COC1=CC(=CC(OC)=N1)C(=O)NN,0.3945050228899781,0.9942505043202416,11.820359,0.0676449926198548,0.23641893391861296
2271,CCOP(=S)(OC1=CC=C(C=C1)[N+]([O-])=O)C1=CC=C(Cl)C=C1,0.4379953038351655,0.8909086401197277,2.081718,0.1443626306869221,0.3874339230385268
2272,OC(C1=CC=CC=C1)C(Cl)(Cl)Cl,0.7283976514678041,0.9958019853856234,23.30028,0.0503207041302697,0.226322500670958
2273,COC1=CC=C(C=C1)N1CCN(CC1)C1CCC(=O)N1,0.8955049826086415,0.0329398088064913,0.35640812,0.0859767294934688,0.21012577006216548
2274,CO[C@]12C[C@@H](COC3=CC(=O)CC3)CN(C)C1CC1=CN(C)C3=CC=CC2=C13,0.8173179161007518,0.5465654471974725,-14.360963,0.1724218911040005,0.11217148628301352
2275,FCC(=O)NC1=CC=C(F)C=C1,0.7208927245537848,0.9893046673510112,12.978967,0.0360344522769187,0.38678167860742535
2276,CSN(C)C(=O)OC1=CC=CC2=C1OC(C)(C)C2,0.7717666698807403,0.996997352471149,12.353688,0.225732033424461,0.5790202580818467
2277,CCCCN(CCCC)S(=O)(=O)C1=CC=C(OP(=S)(OC)OC)C=C1,0.4828452225182041,0.2624245906226604,17.56727,0.0733243652265201,0.63889208525111
2278,CCOP(=S)(OC1=CC(=CC=C1)C#N)C1=CC=CC=C1,0.7913914206243796,0.0026100140684841,-4.2623053,0.0107412688248239,0.07339320855303877
2279,CCOP(=S)(OCC)OC1=NN=C(OCCC(C)C)C=C1,0.6060122374970044,0.015465745684298,11.805015,0.0829689712491021,0.4018877723311832
2280,COC1=CC(=CC=N1)C(=O)NN,0.3597150586585331,0.996591933201953,8.42741,0.0469418044919281,0.3061779848617726
2281,NC1=CC(=CC=C1)C(F)(F)F,0.5801714244373364,0.9987408024428434,7.4897246,0.0344689678622454,0.20765526549621582
2282,CC(=O)C1=CC=C(C=C1)N1CCN(CC1)C1CCC(=O)N1,0.8501416494108779,0.6848303274325012,-3.8847613,0.0965286134476317,0.3736089609168226
2283,CCCCNS(=O)(=O)C1=CC=C(OP(=S)(OC)OC)C=C1,0.5434368584676762,0.1094797886108476,18.793297,0.0865175774212792,0.5687244661500024
2284,CC(=O)O[C@@H]1C[C@]2(O)[C@H](CC[C@]3(C)[C@H](CC[C@]23O)C2=COC(=O)C=C2)[C@@]2(C)CC[C@H](O[C@@H]3O[C@H](CO)[C@@H](O)[C@H](O)[C@H]3O)C=C12,0.1988893793897428,0.9779539862561808,12.671184,0.985473764893806,0.9051513738730097
2285,COCCN1CCN(CC1)C1CC2=C(SC3=C1C=C(Cl)C=C3)C=CC=C2,0.772770950718312,0.8668892712426832,2.8948016,0.8942306999208123,0.8539834247486724
2286,CCCCN(CCCC)C(=O)CSP(=S)(OCC)OCC,0.4565666215980766,0.8873074072084364,-6.4088826,0.3164588718644518,0.5149114099099972
2287,CN1C2=C(N(CCN3CCC(CC3)C(=O)C3=CC=C(F)C=C3)C=N2)C(=O)N(C)C1=O,0.5867277835892574,0.8788080974202404,-1.5892513,0.3685624159072231,0.47980642004738516
2288,COP(=S)(OC)N(C)C(=O)OC1=CC=CC2=C1OC(C)(C)C2,0.7802594566028196,0.9902642264876216,17.147446,0.1992034378909217,0.6513640213090748
2289,FC(F)(F)C1=CC=CC(=C1)N1CCN(CC1)C1CCC(=O)N1,0.9077360436593288,0.8808106009525049,-9.468833,0.3049563672821669,0.3093774704181335
2290,CCOP(=S)(OC1=C(C=CC=C1)C#N)C1=CC=CC=C1,0.7913914206243796,0.0038211864432912,1.0530943,0.0116081192821876,0.07726470896270415
2291,CCC(CC)OSN(C)C(=O)OC1=CC=CC2=C1OC(C)(C)C2,0.5598281996641042,0.3831941711649868,12.426643,0.0772427077127555,0.5481471012982816
2292,CC(C)(C)C1=CC=C(CCOC2=NC=NC3=C2C=CC=N3)C=C1,0.7321534275896188,0.0043027804242319,-10.933891,0.015499212934687,0.25490897644941757
2293,O=C1C(CCS(=O)C2=CC=CC=C2)C(=O)N(N1C1=CC=CC=C1)C1=CC=CC=C1,0.5874798137867985,0.9995551807554296,4.8928638,0.9980559729292358,0.3809950589312297
2294,CC(C)OC(=O)N(C)SN(C)C(=O)OC1=CC=CC2=C1OC(C)(C)C2,0.7516710387672826,0.2205025253367524,10.910322,0.0811632605264986,0.4724005452767484
2295,[O-][N+](=O)C1=C(C=CC=C1)N1CCN(CC1)C1CCC(=O)N1,0.6621932167710918,0.5974207610369973,-6.1083627,0.176378247211641,0.16300287217611148
2296,CN1C(=O)CC2(CCN(CCCC(=O)C3=CC=C(F)C=C3)CC2)C1=O,0.6061338718824869,0.7833042030560521,-8.632096,0.0730078624031406,0.3649362772582032
2297,C=CCC1(C(=O)NC(=O)NC1=O)C1=CC=CC=C1,0.611518381370429,0.9051076251784944,-5.019064,0.7891215087827805,0.6650312445296852
2298,CC1=CC(OC(=O)NO)=C(C)C(C)=C1,0.5325075670387415,0.8900061246774178,1.2994848,0.0432386670729879,0.13857754230431837
2299,ClC1=CC=C(C=C1)N1CCN(CC1)C1CCC(=O)N1,0.895034821011626,0.9742981631887708,-6.479863,0.2559898450075033,0.25582114569663517
2300,COP(=S)(OC)OC1=CC=C(C)C(=C1)[N+]([O-])=O,0.4679544030127159,0.999182327726472,21.753057,0.3624227997240541,0.36832170125430197
2301,CC(C)N(CC(C)N1CCN(CC1)C1=CC=CC=N1)C(C)C,0.8057242918891734,0.2297619065868303,-7.527964,0.3315266111254866,0.3129462588479483
2302,CCCOC1=C(C#N)C(Cl)=C(C#N)C(Cl)=C1Cl,0.7843322389960848,0.9890874752193968,4.103323,0.0197211224379371,0.09168241705625997
2303,FCC(=O)NC1=CC=C(Br)C=C1,0.8325417831746417,0.9980964030077876,14.4706335,0.0208149651828124,0.41513754649252144
2304,CC1=C(CC2=CC=C(Cl)C=C2)C(N)=NC(N)=N1,0.8541049528034995,0.5185657347392193,-8.6175,0.4705752576675981,0.4703296706615176
2305,CN(C)CCCN1C2=C(CCC3=C1C=CC(CN1CCN(C)CC1)=C3)C=CC=C2,0.7442692082904308,0.9997028549418177,0.50479066,0.7720471674837605,0.8095231268673361
2306,COP(=S)(OC)OC1=CC(C)=C(C=C1)[N+]([O-])=O,0.4679544030127159,0.9992105108335284,17.15792,0.209651730633802,0.3759416060472707
2307,CC1=CC=C(CC2=NCCN2)C=C1,0.722263591841402,0.9987776234282734,-0.0066256523,0.0886280272025127,0.27705357712648765
2308,CN(C(=O)CF)C1=CC(Cl)=C(Cl)C=C1Cl,0.7522960293797548,0.3553529036650964,5.5289288,0.142964155498669,0.41639780727368303
2309,CCN(CCO)C1=CC(C)=C(C=C1)N=O,0.7546409482196412,0.0205008974389084,-7.855924,0.0354838303855149,0.17224421094494302
2310,OC(=O)C1=CC=C(CN2CCN(CC2)C2=CC(=C3C=CC(=O)C=CN23)C2=CC=CC=C2)C=C1,0.5095192729428646,0.1029810119428839,-2.987523,0.1402834914229605,0.17919766967583967
2311,COP(=S)(OC)OC1=CC=C(C=C1C)[N+]([O-])=O,0.4679544030127159,0.999245715108572,16.543652,0.2009260148191758,0.3743337332695395
2312,CCCNC(=O)CSP(=S)(OCC)OCC,0.6597042802840075,0.9939715228478626,1.680035,0.4519792968511164,0.4422447932258418
2313,CN(C)CC(CC=C)C1=CC=CC=C1,0.6437058113601306,0.974325826004909,7.2353187,0.087761074054648,0.2005457092380952
2314,CCOC(C1=NCCN1)C1=CC(Cl)=C(Cl)C=C1,0.9142087296238492,0.1994123252542056,-18.32187,0.6562801798210728,0.23516051762905646
2315,CCCCC(=O)N1[C@H]2CC[C@@H]1CN(C)C2,0.7042241919481229,0.6119810996599566,2.4472976,0.0314065922620522,0.3370326006415366
2316,CC1=CC(\N=C(\N)NC(C)(C)C)=C2C=CC=CC2=N1,0.6088764687523961,0.1013464479872385,-10.415799,0.3816220273050037,0.35614457598161275
2317,CC[C@@]12CCCN3CCC4=C([C@H]13)N([C@H](C2)C(=O)NC1CC1)C1=C4C=CC=C1,0.8963576546139271,0.7478192947795275,-6.927523,0.2617184605614789,0.10479774140540014
2318,CN(C(=O)OC1=CC=CC2=C1OC(C)(C)C2)S(=O)SC1=CC=C(C=C1)C(C)(C)C,0.5961238865861777,0.5513132809499998,2.1910648,0.0877149696978852,0.6642889460811817
2319,CCOP(=S)(OCC)OC1=CC=C(C#N)C(OC)=C1,0.720492909316254,0.2124421708809959,15.025016,0.0154284527033821,0.08251005954118569
2320,CCC1=NC(C)=CN1C[C@@H]1C[C@H]2[C@@H](CC3=CNC4=CC=CC2=C34)N(C)C1,0.7793843476691344,0.6190064168352873,-14.093617,0.0659752943803125,0.2164405810741718
2321,ClC1=CC=C(NC(=N)C2=CC=NC=C2)C=C1,0.6161710521413075,0.9954871300787858,-1.2870975,0.0781355641742855,0.274067924102829
2322,OC(COC1=C2C=CC=CC2=CC=C1)CN1CCOCC1,0.9119702193339728,0.6824022600550597,2.3133712,0.8223236439644647,0.37326893282126744
2323,CC1=CC(=CC(C)=N1)C(=O)NN,0.3570881581209512,0.9958382960551077,6.0990915,0.0386148974171233,0.22863436871170334
2324,CCOP(=S)(OC1=CC=C(C=C1)C#N)C1=CC=CC=C1,0.7913914206243796,0.014596475255601,-2.6248987,0.0127471428947573,0.07456413595634101
2325,CN(C)CCCN1C2=C(CCC3=C1C=CC(CN1CCCCC1)=C3)C=CC=C2,0.7116258016140956,0.9997626788131336,3.459373,0.8911005259767769,0.8682251800942955
2326,CNC(=O)OC1=CC=CC2=C1OC1(CCCCC1)O2,0.8460752383352367,0.9915290232827384,-4.8424706,0.5203216896461179,0.572952628514115
2327,CCCCOC1=C(C#N)C(Cl)=C(C#N)C(Cl)=C1Cl,0.6044993160094607,0.9923269116606858,5.0173516,0.0271946314948837,0.0803305388722323
2328,CCN(CC)CCOC(=O)C1(CCCC1)C1=CC=CC=C1,0.7206864967714846,0.9998951109968028,-14.092004,0.8489210263104363,0.39905676217129105
2329,CCOP(=S)(OCC)OC1=NN=C(OC2=C(Cl)C=C(Cl)C=C2Cl)C=C1,0.470220765189715,0.9241440491164432,5.373861,0.1037905629364497,0.3205412773166376
2330,CN1C2=C(C=C(C=C2)C#N)C(=NCC1=O)C1=CC=CC=C1,0.8019314829233164,0.9774323582216682,1.9202617,0.6694687570439274,0.09484511207426197
2331,C\C(CC(=O)OC(C)(C)C)=N/NC1=NN=C(C)C=C1,0.5127442090690989,0.0006814853429252,12.899125,0.0289056460715986,0.16092669691424014
2332,CN(C(=O)CF)C1=CC=C(C=C1)[N+]([O-])=O,0.5633272796990513,0.5024753940503783,1.4569167,0.0774378687489076,0.4128705660831483
2333,COC[C@]12CN(C)C3[C@@H]4[C@H](OC)[C@H]1[C@]3([C@@H]1C[C@@]3(O)[C@H](OC(=O)C5=CC=CC=C5)[C@@H]1[C@]4(OC)[C@@H](O)[C@@H]3OC)[C@H](C[C@H]2O)OC,0.3551426504865476,0.9980625513522396,16.917912,0.9471976046863156,0.808768437714139
2334,CCCSP(=O)(OCC)OC1=C(Cl)C=C(Cl)C=C1,0.6047364707078674,0.4978452711033809,13.269816,0.6052005244620814,0.397306408506764
2335,C\C(CC(=O)OC(C)(C)C)=N/NC1=NN=C(C=C1)N1CCCC1,0.5103479774947307,0.0006038769191764,16.10514,0.0160998629459811,0.10446446154765007
2336,CO\N=C\C1=CCCN(C1)C(=O)OC1=CC=C(C)C=C1,0.6287805633445557,0.0007892695276377,-4.784617,0.0506089314117946,0.12373240914471095
2337,Cl\C(=N/NC1=CC=C(Cl)C=C1)C1=CC=CC=C1,0.6470083008058753,0.9945006909865928,15.010695,0.0696436755763752,0.14891001456040023
2338,CCCCCOC1=C(COCCN(CC)CC)C=C(Br)C=C1Br,0.3843566400304479,0.4970142459661896,-0.8651564,0.8971336231547128,0.7442346802662978
2339,CCOP(=S)(OCC)OC1=CC=C(C=C1OC)C#N,0.720492909316254,0.0425284288801863,12.1813345,0.0165383917576471,0.08997192748866217
2340,CN1C=C2C[C@H]3[C@@H](C[C@@H](CN4CC(=O)NC(=O)C4)CN3C)C3=C2C1=CC=C3,0.808943465928288,0.5309727516066781,-14.305387,0.1334744043120858,0.1318994083566804
2341,CN1CCN(CC1)C1=NC(O)=CC(O)=N1,0.6591793432168197,0.9633199275374869,13.06286,0.2533169372739499,0.29507672025439613
2342,COC1=CC=C(CCC(O)C2=C(OC)C3=C(OC=C3)C(OC)=C2OCCN2CCCCC2)C=C1,0.424085832095914,0.9842369629533988,5.9765534,0.7185671856062156,0.477511775293071
2343,CC1=CC(=CC=N1)C(=O)NN,0.336846789790993,0.9978916515358266,8.130879,0.0641070520809042,0.29579881953823206
2344,CCCC1(CC(N)=NC1C)C1=CC=CC=C1,0.8286137668310475,0.2575761788915842,4.1486473,0.1925745860363308,0.1752959563197146
2345,CC[C@]1(CO)CCCN2CCC3=C(NC4=CC=CC=C34)[C@H]12,0.8883205778598058,0.1879967657900954,-2.352705,0.3625285335155987,0.4681774374384564
2346,CCCOP(=S)(OC1=CC=C(C=C1)[N+]([O-])=O)C1=CC=CC=C1,0.4334769192589815,0.8607287975724346,0.7035514,0.0774950212187846,0.3915314019125408
2347,CCC\C(Cl)=N/OC(C)=O,0.3622248793929833,0.9963970528150844,10.66821,0.2865154373203643,0.36627052546280814
2348,CCCC(=C(C1=CC=CC=C1)C1=CC=CC=C1)C1=CNC=N1,0.689123910182584,0.682895727582638,10.663851,0.5780088241547209,0.4542516304843778
2349,[O-][N+](=O)C1=CC=C(C=C1)C#N,0.44691763298907,0.9995343494040742,13.545222,0.0488223278918956,0.0909808728186676
2350,CCN(CC)CCCC(C)NC1=CC(OC)=CC2=CC=CN=C12,0.7535438442554176,0.6687262537378807,1.7325963,0.8275618180766947,0.6308706295256744
2351,CNCC(O)C1=CC(Cl)=C(N)C(Cl)=C1,0.70023483533554,0.996677238794974,-12.109321,0.3419431352994018,0.48489235345264525
2352,OCCN1CCN(CC1)C1CC2=C(SC3=C1C=CC=C3)C=CC(Cl)=C2,0.8857467335012843,0.983265660459663,3.215692,0.928317869537798,0.8461302852284506
2353,CNC(=O)OC1=CC=CC2=C1OCCC2,0.7624515012873563,0.9844070247224208,2.452505,0.200768541869948,0.294917045157996
2354,CC(C)OC1=CC=C(\C=N\NC(N)=S)C=C1,0.4746404872314763,0.0073301432852137,14.949702,0.088010073130745,0.20362705311770032
2355,CCN(CC)CCOCC1=C(OC)C=CC(Br)=C1,0.6868976116681572,0.0022755534411066,-8.5422535,0.4671404562481472,0.7082319994881884
2356,OCCN1CCN(CC\C=C2\C3=C(SC4=C2C=C(C=C4)C(F)(F)F)C=CC=C3)CC1,0.634972039570222,0.9998741089308816,5.2843266,0.9987592794746036,0.877302946877828
2357,CC(C)C(=O)OC1=C(C#N)C(Cl)=C(C#N)C(Cl)=C1Cl,0.4700207102982723,0.978267132323266,8.910445,0.5398904790500914,0.14462463858593297
2358,CN1C(=O)N(C2=C1C=CN=C2)C1=CC=CC=C1,0.6323308444960688,0.9928976495400116,-6.187663,0.7697723772816644,0.24693646782728113
2359,OCCN(C(=O)CF)C1=CC=C(F)C=C1,0.8171842931574496,0.2635995347152809,-6.2179284,0.1204978460598434,0.30830108162101183
2360,CCCCCC\C(=N/NC(N)=S)C1=CC=NC=C1,0.3437632096792337,0.0028694398377158,18.073538,0.0383629141915594,0.17960121313519192
2361,OC(=O)C1=CC(=NS1)C1=CC(=CC=C1)C(F)(F)F,0.9102205467092216,0.0197388024264762,-12.235994,0.6949018719892562,0.35475882052225377
2362,CCCCCOC1=NN=C(OP(=S)(OCC)OCC)C=C1,0.4512255601443649,0.2637102584949939,10.724775,0.0799841094510779,0.37508969426503735
2363,CC(C)OC(=O)CN(CC(=O)OC(C)C)SN(C)C(=O)OC1=CC=CC2=C1OC(C)(C)C2,0.3978429401502215,0.148592421650142,18.412277,0.4107637049952137,0.6028251621849219
2364,CC(C)N1CCN(CC1)C1=CC2=C(C=CC=C2)C(=O)C2=C1C=CC=C2,0.7113299381588079,0.8256013321343326,4.544726,0.612381559685735,0.4038187961131878
2365,CCCCCCOC1=NN=C(OP(=S)(OCC)OCC)C=C1,0.4158774667514447,0.3688304913583407,10.736634,0.0572547781376823,0.3424913366510089
2366,CN(SN(CC#N)CC#N)C(=O)OC1=CC=CC2=C1OC(C)(C)C2,0.5979111295329707,0.0563128978516387,9.193429,0.0049133291361213,0.08155750513256407
2367,OC1=C(I)C=C(C=C1I)C#N,0.7128779442974936,0.9876673861741806,14.106511,0.0251700050898384,0.09037125651854569
2368,CN(SC1=CC=C(C=C1)C(C)(C)C)C(=O)OC1=C2OC(C)(C)CC2=CC=C1,0.6226863323194496,0.8106812679764493,1.7029611,0.096525148266514,0.7425407060165063
2369,CC(CN(C)C)CN1C2=CC=CC=C2CCC2=C1C=CC=C2,0.8366473557753504,0.9996158889968704,2.387775,0.9998246873359538,0.8821768700334299
2370,CS\C(C)=N\OC(=O)N(C)SN(C)\C=N\C1=C(C)C=C(C)C=C1,0.2604094081896777,0.0860012253339412,12.759745,0.0511613223213691,0.3413845965874562
2371,CCOP(=S)(OC1=CC=C(C=C1)C#N)C1=CC=C(Cl)C=C1,0.7643798775757964,0.0767819740427443,0.19783068,0.0175873760639679,0.07260696156335995
2372,O=C1CCC(N1)N1CCN(CC2=CC=CC=C2)CC1,0.8807949690243773,0.2140214221329192,-8.485178,0.0736170013339878,0.1978252117177866
2373,C[C@@H]1O[C@H](C[C@H](N)[C@@H]1O)O[C@H]1C[C@@](O)(CC2=C(O)C3=C(C(O)=C12)C(=O)C1=C(C=CC=C1O)C3=O)C(C)=O,0.2699850553318156,0.999594826398904,15.742736,0.993863095257013,0.9292473902155569
2374,[O-][N+](=O)C1=CC=CC2=C1OC(=S)NC2=O,0.452529151698844,0.6514077893522491,14.435742,0.6516397823826502,0.34251551239246797
2375,CCOP(=S)(OC1=CC(Cl)=C(C=C1)[N+]([O-])=O)C1=CC=CC=C1,0.4379953038351654,0.475679907651656,1.1970333,0.1297223473859413,0.4130258328959343
2376,CN(C(=O)OC1=CC=CC2=C1OC(C)(C)C2)S(=O)OC1=C(C)C=CC=C1C,0.7874826619241417,0.7227967164959604,8.169833,0.0387740042773488,0.596653616469328
2377,CN1C[C@H](COC2=CC(=O)CC2)C[C@H]2[C@H]1CC1=C(C)NC3=CC=CC2=C13,0.9179818140552286,0.2085517886276261,-18.100573,0.4202825947439086,0.16692454878064278
2378,CCOP(=S)(OCC)OC1=NN=C(OC2=CC=C(C=C2)[N+]([O-])=O)C=C1,0.3612544785283828,0.961262161362104,9.538777,0.0415937367479666,0.41338099332207834
2379,CCN(CC)CCOC1=C(OC)C2=C(C=CO2)C(OC)=C1C(O)CCC1=CC=C(OC)C=C1,0.3934426497701588,0.966637738309702,3.4843655,0.8490855328837025,0.5363712202013378
2380,NC1=CC=C(CC2=CC=C(N)C=C2)C=C1,0.7280779620045265,0.9958947754899976,11.637458,0.7715648299863948,0.5070806206522068
2381,COCCCN1CCN(CC1)C1CC2=C(SC3=C1C=C(Cl)C=C3)C=CC=C2,0.6705113583144603,0.9279497288520292,4.727534,0.8895490968910301,0.817417569387701
2382,FC1=CC(NC2=C(C#N)C(Cl)=C(C#N)C(Cl)=C2C#N)=CC=C1,0.8785452154290356,0.3006844854192044,-0.3733561,0.2379922832877088,0.07012014942086907
2383,CCOP(=S)(OCC)OCC1=CC=C(Cl)C=C1[N+]([O-])=O,0.4038223301281554,0.8664468242645527,9.34383,0.4530710492880323,0.608265016090224
2384,OC(CCNC1CCCCC1)COC1=C2C=CC=CC2=CC=C1,0.8145704806276047,0.74763658578184,9.182628,0.6674215032998326,0.49687232612921034
2385,C=CCN1CCN(CC1)C1=NC(=O)C(S1)C1=CC=CC=C1,0.8016924924225088,0.0305887694245844,-5.6295123,0.0136137631181084,0.08664821265366984
2386,CC(C)CN(CCC#N)SN(C)C(=O)OC1=C2OC(C)(C)CC2=CC=C1,0.6614101052399676,0.0015228506043387,11.95945,0.0014145435986049,0.10758765030114478
2387,CCOP(=S)(OC1=C(Cl)C=C(C=C1)[N+]([O-])=O)C1=CC=CC=C1,0.4379953038351654,0.7050313771331977,3.4421134,0.0867263321707518,0.46240473539126803
2388,CCN(CC)CCCN1C2=C(SC3=C1C=C(Cl)C=C3)C=CC=C2,0.6644855706678738,0.9998741186785493,7.402866,0.968543980830374,0.7893092760314521
2389,CN(C)CCN1C2=C(NC3=C(C=CC=C3)C1=O)C(Cl)=CC=C2,0.9396276797749324,0.1320169068947377,3.5914931,0.9345108060236804,0.5413312121833831
2390,CC1=CC(\N=C(\NC2=CC=CC=C2)NC(C)(C)C)=C2C=CC=CC2=N1,0.5109286143586114,0.4614687314963364,-2.077341,0.0588133378522841,0.18209834400897223
2391,CCOP(=S)(OC(C)C)OC1=CC=C(C(C)=C1)[N+]([O-])=O,0.4301001481387797,0.6996542857647622,7.3431964,0.3284227211707451,0.3513179224808968
2392,CN(C)CC(O)COC1=C2C=CC=CC2=CC=C1,0.8757157659779018,0.9947662688512036,4.6790996,0.962952134563012,0.7002762484819955
2393,O=CC1C(=O)N(N=C1C1=CC=CC=C1)C1=CC=CC=C1,0.6303377098020113,0.239490784451439,4.273185,0.4176108540310907,0.1797713353151676
2394,OC1=C(Cl)C(Cl)=C(Cl)C=C1Cl,0.5287193643960513,0.9938056470344904,21.246967,0.3925414647051931,0.47798276204950696
2395,COP(=S)(OC(C)C)OC1=CC=C(C(C)=C1)[N+]([O-])=O,0.4543030593510018,0.8494982114604709,7.2046313,0.3525210438911574,0.40854890144906897
2396,CN1CCC\C1=N/C(=O)NC1=CC=CC=C1,0.7843235414053545,0.1450286075917278,10.961972,0.4938718313642745,0.17214705557449878
2397,OC(=O)C1=C(Cl)C(=NS1)C1=CC(=CC=C1)C(F)(F)F,0.9051467462708852,0.3467856834853388,-1.8966814,0.757949277743459,0.7082369936567395
2398,CC(CC1=CC=CC=C1)NN,0.4995843805760222,0.99938821718006,13.670838,0.3010113625585484,0.4347986822361155
2399,CO\N=C\C1=CCCN(C1)OC(=O)NC1=CC=CC=C1,0.6767694921735993,0.0005836302288963,7.129046,0.0764034981859325,0.10369932008579137
2400,CCCCCOC1=C(COCCN(CC)CC)C=C(Br)C=C1,0.4884913878295662,0.0297765553290312,-0.8854708,0.8945374408650438,0.7174312411556688
2401,CN(CCCN1C=NC2=C1C(=O)N(C)C(=O)N2C)C1=CC=CC=C1,0.700076212807148,0.9979524516597986,-4.400896,0.194012146425899,0.3465353751497135
2402,CCOP(=S)(OCC)OC1=CC2=C(C=C1)C(C)=CC(=O)O2,0.5940404384474287,0.9979283075593728,10.673528,0.4792850666426957,0.6069579036245021
2403,CCCCSS(=O)N(C)C(=O)OC1=C2OC(C)(C)CC2=CC=C1,0.5699808377529257,0.0805435050538285,17.343653,0.0667531881566345,0.5511170707374694
2404,CCC(=O)NC1=CC=C(C=C1)C1=NN(C(C)CC2=C1C=C1OCOC1=C2)C(C)=O,0.8676213282684654,0.0046912740681569,3.906155,0.0555585426805044,0.1584971548538884
2405,COC[C@]12CN(C)C3[C@@H]4[C@H](OC)[C@H]1[C@]3([C@@H]1C[C@@]3(O)[C@H](OC(=O)C5=CC=CC=C5)[C@@H]1[C@]4(OC(C)=O)[C@@H](O)[C@@H]3OC)[C@H](C[C@H]2O)OC,0.3374894489575268,0.9985432287274209,16.45453,0.9560885761700516,0.8486156690018744
2406,COC1=CC(=CC(OC)=C1)C(=O)O[C@@H]1C[C@@H]2CC[C@H](C1)N2C,0.7999062240011396,0.5961449700106943,10.602292,0.666655080716958,0.6726903836888514
2407,CC(NCCCCC1=CC=C(Cl)C=C1)C(O)C1=CC2=C(CCC2)C=C1,0.6608601504418804,0.8732277098951546,5.1679163,0.7056600534527607,0.31703222666787734
2408,CCC\C(Cl)=N\NC1=CC=C(C=C1)[N+]([O-])=O,0.4882684648442582,0.914526598811386,15.938237,0.0562163858596641,0.22417836117323442
2409,CCSN(C)C(=O)OC1=CC=CC2=C1OC(C)(C)C2,0.7948860143404681,0.9927933737674328,6.41676,0.2325486229807963,0.4856634123153416
2410,CN1CCC(CC1)C1CC2=C(C=CC=C2)C1(O)C1=CC=C(Cl)C=C1,0.888916566184714,0.8617438248191459,14.168929,0.9636554691274538,0.7636931139148035
2411,CO\N=C\C1=CCCN(C1)OC(=O)NC1=CC=C(OC)C=C1,0.6679002022520991,0.000545189103159,4.5252547,0.0458237619302319,0.09463783099034087
2412,COC1=C2O[C@H]3[C@@H](OC(=O)C4=CN=CC=C4)C=C[C@H]4[C@H]5CC(C=C1)=C2[C@@]34CCN5C,0.5792073982974016,0.1995672289599243,-1.3763503,0.3982208383466283,0.3886822395241
2413,COC1=CC(CCC(O)C2=C(OC)C3=C(OC=C3)C(OC)=C2OCCN(C)C)=CC=C1,0.4925860919137088,0.9490207166384232,6.5189176,0.884343652775376,0.5779815898840949
2414,FCC(=O)NC1=CC(Cl)=C(Cl)C=C1Cl,0.8055754742144688,0.6845954271363878,11.546211,0.4321021385932577,0.5851769256739707
2415,CCOC(=O)CN(SN(C)C(=O)OC1=CC=CC2=C1OC(C)(C)C2)C(CC)C(=O)OCC,0.3769371793686293,0.0027419925964546,18.569323,0.2479197958929954,0.4618882894893767
2416,CCC(=O)OC1=C(C#N)C(Cl)=C(C#N)C(Cl)=C1Cl,0.4740572273930346,0.93340328203568,13.3122425,0.2774733461367862,0.1220939394570345
2417,COC1=C(OCCN2CCCC2)C(C(O)CCC2=CC=C(O)C=C2)=C(OC)C2=C1OC=C2,0.4853066438652332,0.986699660266056,8.093089,0.6814284482309753,0.17241004949053607
2418,COC[C@@]12CC[C@H](OC)[C@@]34[C@@H]5C[C@@]6(O)[C@H](OC(=O)C7=CC=CC=C7)[C@@H]5[C@@](OC(C)=O)([C@@H]([C@H](OC)[C@H]13)C4N(C)C2)[C@@H](O)[C@@H]6OC,0.4101258586625053,0.9356239812790872,11.9723835,0.9536109023851012,0.8018164602885204
2419,CCOC(=O)N(C)SN(C)C(=O)OC1=CC=CC2=C1OC(C)(C)C2,0.7712547984099676,0.2010055659981236,9.507707,0.1195782801279131,0.41862613504046947
2420,CNC(=O)OC1=C(C=CC=C1)C1OCCO1,0.8240134854863425,0.5615124564521263,3.4848142,0.6012667917835439,0.40922843480369286
2421,CC(C)NCC(O)COC1=CC=CC2=C1C=CN2,0.7315916457547718,0.9998800394070329,-5.665062,0.8068799767131196,0.8009262661397916
2422,CC1[C@@H]2CC3=C(C=C(O)C=C3)[C@@]1(C)CCN2CCC(C)=C,0.8518980949477074,0.9983426301899734,12.079717,0.9371467506988992,0.5946127353383706
2423,ClC1=CC=C(C=C1)C(=O)C1=CC=C(CC2=CSC(=N2)N2CCNCC2)C=C1,0.660087561365631,0.0156229900496683,-3.496114,0.0226068433334164,0.13991992365552336
2424,NC(=N)NCCOC1=CC=C(Cl)C=C1,0.3999673828067335,0.9368049039225956,3.9025245,0.3610913148923139,0.6342764792390346
2425,CN(C)C(=O)OC1=CC(C)=NN1C1=CC=CC=C1,0.8148193006883605,0.035215041299722,-19.482073,0.2209385091071195,0.16826050560105962
2426,OCCCN1CCN(CC1)C1CC2=C(SC3=C1C=C(Cl)C=C3)C=CC=C2,0.852940818197477,0.9910849931503056,2.4557548,0.9105967337733132,0.8252924440291686
2427,CCC(=O)NC1=CC=C(C=C1)C1=NN(C(C)CC2=C1C=C1OCOC1=C2)C(=O)CC,0.8380968870007153,0.0059253744639032,0.28250754,0.0505940808929241,0.14139890479081582
2428,COC1=CC2=C(NC3=C(C=CC=C3)C(=O)N2CCN(C)C)C=C1,0.9427041169910866,0.0088276137878225,1.6398948,0.8375048837870773,0.6231991482142297
2429,COC1=CC2=C(C=C1)N(CCN(C)C)C(=O)C1=C(N2)C=CC=C1,0.9427041169910866,0.0124342412661763,4.917215,0.8912993823593468,0.5589095811689194
2430,CC(C)OC(=O)C\C(C)=N\NC1=NN=C(Cl)C=C1,0.5044666114616122,0.0039387818755173,6.783857,0.0253605477939902,0.1759200327711076
2431,COC1=C(C)C2=C(C=C1)C=C(C1=NN=NN1)C(=O)O2,0.6958965083869796,0.0326230938696374,17.986383,0.1051447665415657,0.36020593131989004
2432,CC(C)NCC(O)C1=CC(Cl)=C(Cl)C=C1,0.8578914108469589,0.9991969850719794,10.707622,0.6784552134981273,0.6046638016171981
2433,CCOP(=S)(OC1=CC=C(C=C1)[N+]([O-])=O)C1=CC=C(C)C=C1,0.4535981369520756,0.9220275008231432,1.4379023,0.0833820547699087,0.36902877352338787
2434,CC1NCCC2=C(NC3=C2C1=CC=C3)C(=O)N1CCCCC1,0.8498340634858054,0.0050344421532937,-1.4777049,0.5431279145256037,0.2039808593323346
2435,CCSC1=CC=C(OC(=O)NC)C=C1,0.7806320046293386,0.0922984933020499,-9.457208,0.112161892929626,0.436738141072493
2436,CCCOP(=S)(OC1=CC=C(C=C1)C#N)C1=CC=CC=C1,0.7553296199463785,0.0026399445204354,-2.5200133,0.0094252621984327,0.07624127339187095
2437,CN(C)CCN1C2=C(NC3=C(C=C(Cl)C=C3)C1=O)C=CC=C2,0.9396276797749324,0.8984704078548126,9.174901,0.9296275018324248,0.6536169533148384
2438,CCCCN(CCCC)SN(C)C(=O)OC1=CC=CC2=C1OC(C)(C)C2,0.5441258405220312,0.4714261953723295,10.893907,0.0532368869681494,0.5784098583769708
2439,COC1=CC(N)=CC=C1OCCC1CCCCC1,0.810411776737267,0.0097967764784241,-7.1233635,0.341859963956988,0.4408347842030674
2440,OC(=O)\C=C\C(=O)C1=CC=C(F)C=C1,0.5875213786955451,0.9975011426677646,11.544169,0.7827821622136925,0.7383867157583235
2441,CCC1(C(=O)NC(=O)NC1=O)C1=CC=C(Br)C=C1,0.812120971775292,0.9996991676015072,11.286099,0.8370158930780071,0.7497350475683827
2442,CCN(CC)C1=CC=C(N)C=C1,0.6932084973043754,0.995355052969739,6.6459765,0.0135742938525039,0.267244854763524
2443,CC1=C(CC2=CSC(=N2)N2CCNCC2)C=CC=C1,0.9308509615944602,0.0261856026504963,-0.3018924,0.0471992131117016,0.23230198344627997
2444,CC(CC1=CC=CC=C1)NCCC(C1=CC=CC=C1)C1=CC=CC=C1,0.5809007791885076,0.9998538534974296,13.436447,0.8306003624694043,0.5590376570414219
2445,CCOP(=S)(OCC)OC1=CC=C(C(C)=C1)[N+]([O-])=O,0.4354311236311081,0.8312496677356376,14.133788,0.3182545895810602,0.5647238106378636
2446,[O-][N+](=O)C1=CC=C(NC(=O)CF)C=C1,0.5904377930250899,0.4998761009244107,14.934678,0.1580218718267724,0.5330413983691816
2447,CN1C[C@H](CC(C#N)C(=O)N2CCCC2)C[C@H]2[C@H]1CC1=CNC3=CC=CC2=C13,0.8941178650964338,0.4716889845281041,-10.579892,0.139175966006664,0.06363923778427406
2448,CC(C)OSN(C)C(=O)OC1=CC=CC2=C1OC(C)(C)C2,0.6247226751955679,0.6160474960616958,7.5137563,0.0894418989800603,0.5026373213193543
2449,COC1=CC(CC2CC3=C(C(OC)=C(OC)C=C3)C3=C(CCN2C)C=CC(OC)=C3)=CC=C1,0.5301014667048969,0.7710688346297221,-3.619814,0.6758388781810972,0.6374036758079286
2450,CN(SOCC1=CC=CC=C1)C(=O)OC1=CC=CC2=C1OC(C)(C)C2,0.5761998475084678,0.306267329865331,0.19009638,0.0484308237210242,0.46003887456281845
2451,CN1CCN(CCOC2=CC(C)=NN2C2=CC=CC=C2)CC1,0.8430975288862688,0.0439386992137472,-12.652013,0.1328338009623154,0.21251566215828302
2452,CCO[C@@]12[C@@H]3[C@@H](C[C@@](O)([C@@H]3OC(=O)C3=CC=C(OC)C=C3)[C@@H](OC)[C@@H]1O)[C@@]13C4[C@@H]2[C@H](OC)[C@@H]1[C@](COC)(CN4CC)[C@H](O)C[C@@H]3OC,0.2925274522625648,0.9745038724723716,20.501812,0.9545538596511044,0.8210927822764432
2453,CC(C)N(CC#N)SN(C)C(=O)OC1=C2OC(C)(C)CC2=CC=C1,0.5973092050025203,0.004702652429482,11.038196,0.002069279091789,0.08349202401462705
2454,C(CC1=CC=C(C=C1)C1=CC=CC=C1)OC1=NC=NC2=C1C=CC=N2,0.5477681012819882,0.0161370880507916,-2.7628279,0.0036759772323516,0.15018493394963198
2455,NC1=CC=C(Cl)C=C1,0.5297860823199099,0.9988996449774732,10.742883,0.0102085857111078,0.4301249270993174
2456,CCOC1=CC=C(CCOC2=NC=NC3=C2C=CC=N3)C=C1,0.6992988108519157,0.0028453467370732,-11.54143,0.0237371966189549,0.18184127702858618
2457,CNC(=O)OC1=CC=CC=C1SC(C)(C)C#N,0.8378125567583685,0.0650805415234417,-0.0075395107,0.0425754870524188,0.12472921886645776
2458,CCN1C[C@@]2(COC)[C@H]3[C@@H](OC)[C@H]4C1[C@@]3([C@@H]1C[C@@]3(O)[C@H](OC(=O)C5=CC=C(OC)C=C5)[C@@H]1[C@]4(OC)[C@@H](O)[C@@H]3OC)[C@H](C[C@H]2O)OC,0.3081933530422803,0.9977194452393724,17.226902,0.9511596888717214,0.8132952851964699
2459,CCOSN(C)C(=O)OC1=CC=CC2=C1OC(C)(C)C2,0.6292036028370922,0.5402260251635184,13.218202,0.0785600128928272,0.39270773154248706
2460,CN1CCN(CC1)C1=NC(=O)C(S1)C1=CC=CC=C1,0.7798587752427831,0.7297781901869659,-4.938796,0.5517146911685055,0.2762775686914997
2461,CCOP(=S)(OC1=CC=C(C=C1Cl)C#N)C1=CC=CC=C1,0.7643798775757964,0.0031399765244614,-1.5679622,0.0064668094748509,0.07512033776498199
2462,CC(C)C1=CC(OC(=O)N(C)S(=O)SC(C)(C)C)=CC=C1,0.7704641708356226,0.0032241380496471,-6.803628,0.1307386317165844,0.4609763901006433
2463,CC(C)N1CCN(CC1)C1=NC(=O)C(S1)C1=CC=C(C)C=C1,0.8400968848444796,0.0906748555609163,-15.184373,0.2144335056812129,0.393948010193202
2464,CCOP(=S)(OC1=CC=C(C#N)C(Cl)=C1)C1=CC=CC=C1,0.7643798775757964,0.0030786273629384,-4.226099,0.0098418252264049,0.07191503019923806
2465,CN(C(=O)CF)C1=CC=CC2=C1C=CC=C2,0.757032312517614,0.844896442431881,13.635081,0.1446539218263854,0.3057687187476567
2466,CC1=CC=C(C=C1)N1CCN(CC1)C1CCC(=O)N1,0.8706888045437239,0.965610546591728,-4.248615,0.1198948528963094,0.2732613116753829
2467,CCCCOS(=O)N(C)C(=O)OC1=CC=CC2=C1OC(C)(C)C2,0.7433886188097623,0.2971380257820573,12.573748,0.100941874232596,0.4625932068578459
2468,CCCNC(=O)ON1CCC=C(C1)\C=N\OC,0.5818670526185555,0.0011467823650467,1.9896196,0.0146997164538066,0.12000936750190247
2469,CN(CCC#N)SN(C)C(=O)OC1=C2OC(C)(C)CC2=CC=C1,0.7697371852031156,0.0124282267228394,14.7097845,0.0020744600683832,0.10217679505772422
2470,CC(C1=CC=CC=C1)C1(OC(=O)C2CC2)C(=O)NC(=O)NC1=O,0.6331635407464188,0.0377274424019934,1.5792574,0.7722312425844101,0.4048441749670556
2471,CCN(CC)C(=O)N[C@H]1C[C@H]2[C@@H](CC3=CNC4=C3C2=CC=C4)N(C)C1,0.9025268953741736,0.4673381938151393,-2.518834,0.3036047790928441,0.32614822412382294
2472,CCOC(=O)N(SN(C)C(=O)OC1=CC=CC2=C1OC(C)(C)C2)C(C)C,0.708934357695294,0.2582468732984134,8.186171,0.050732714111297,0.4247793570513914
2473,CN(SN(CCC#N)CCC#N)C(=O)OC1=CC=CC2=C1OC(C)(C)C2,0.674476480777932,0.0065779458405582,19.689411,0.0015468506002477,0.10772963346969963
2474,C\C(CC(=O)OC(C)(C)C)=N/NC1=NN=C(C=C1)N1CCCCC1,0.5068001857347412,0.0006192058188365,16.424698,0.0154544885863986,0.13347493084917356
2475,NNC(=O)C1=CC(=NC=C1)C1=CC=CC=C1,0.4492679273971826,0.9982409362014188,0.23953557,0.7882296293229797,0.4010014399234497
2476,COC1=CC=C(CCNCC(O)COC2=CC=CC3=CC=CC=C23)C=C1OC,0.5271003622932177,0.954415546206022,4.902956,0.8286236427050983,0.3632611939258238
2477,CN(C)C(=N)NC1=CC=CC(Cl)=C1,0.5355990344443651,0.9945293996897776,0.5540563,0.0260103904067111,0.19292363112399238
2478,ClC1=CC=C(C=C1)C(C(=O)C1C(=O)C2=C(C=CC=C2)C1=O)C1=CC=CC=C1,0.6198069165905769,0.7786289999513829,3.2688498,0.5498031804675776,0.6558920620761031
2479,ClC1=C(C=CC=C1)N1CCN(CC1)C1CCC(=O)N1,0.895034821011626,0.4942359150373929,-15.738662,0.2570791899080447,0.25446093318467455
2480,CCOCC(CNC(=S)NC1=CC=CC=C1)N1CCOCC1,0.7450895263226752,0.0014269825363561,5.5566506,0.4512455915177419,0.24500395192057572
2481,CCO[C@@]12[C@@H]3[C@@H](C[C@@](O)([C@@H]3OC(=O)C3=CC=CC=C3)[C@@H](OC)[C@@H]1O)[C@@]13C4[C@@H]2[C@H](OC)[C@@H]1[C@](COC)(CN4C)[C@H](O)C[C@@H]3OC,0.3386006446605357,0.980375772567457,20.252577,0.9487978243845372,0.794283043539721
2482,CN(C)C(C)(CN1C=CN=C1)C1=CC=C(C=C1)C1=CC=CC=C1,0.7094795936370061,0.9331744188977644,-0.5949962,0.3258150435268335,0.3696622730941438
2483,COC1=CC=C(COSN(C)C(=O)OC2=CC=CC3=C2OC(C)(C)C3=O)C=C1,0.5269174592452133,0.0133778010822777,1.3401703,0.0604910065505283,0.513240101394674
2484,CC1(O)CC(=O)C2=C(C1)C=CC1=C2C(=O)C2=C(C(O)=CC=C2)C1=O,0.6607313598053217,0.5630449040420235,9.916585,0.8981246045859663,0.786865063774395
2485,CCC(=O)N(C)C(=O)OC1=CC=CC2=C1OC(C)(C)O2,0.8320423245578273,0.996458284794002,1.2154211,0.7293304025517121,0.7296392419589459
2486,OC1=C(C=C(C=C1)[N+]([O-])=O)[N+]([O-])=O,0.5485201907500785,0.9993763973887108,21.998236,0.1956497975052805,0.23541741138713795
2487,CCCCN1CCN=C1C(OCC)C1=CC=CC=C1,0.7513152437684439,0.075578601842988,-7.7325735,0.5665885546978385,0.3753605708084844
2488,OC(COC1=CC=CC2=CC=CC=C12)CN1CCCCC1,0.9161677309734648,0.9801127798574742,3.348606,0.9340244091928526,0.6864367440367822
2489,CN1[C@H]2CC[C@@H]1C[C@@H](C2)OC(=O)C1=CC(Cl)=CC(Cl)=C1,0.7782480093876013,0.576840126430172,-9.101316,0.7643190043471583,0.7313710090284724
2490,FC1=CC=C(C=C1)C(CCCN1CCC(CC1)N1C(=O)NC2=C1C=CC(Cl)=C2)C1=CC=C(F)C=C1,0.3172819239070543,0.9998408706953036,-5.839444,0.8785541774407998,0.5177424104753745
2491,CC(C)NCC(O)COC1=CC=CC2=C1C=CC=C2,0.8375057924076361,0.9999215084817396,-2.9841218,0.9988582573118742,0.8829771356703017
2492,CCCCCCOS(=O)N(C)C(=O)OC1=CC=CC2=C1OC(C)(C)C2,0.6479906933113049,0.0769143502933273,12.39035,0.0662393842821597,0.5531213594934348
2493,COC1=C(NC(=N)C2=CC=CC3=C2C=CC=C3)C=CC=C1,0.5535337233967321,0.6751067647705938,4.8246617,0.0332329476666769,0.10633834038410821
2494,CN(SN(CC#N)C1=CC=CC=C1)C(=O)OC1=C2OC(C)(C)CC2=CC=C1,0.5622829357022622,0.1104255908476993,6.114754,0.0016395633985906,0.07352268600660745
2495,N#CC1=CC(=CC=C1)C#N,0.5302033439887756,0.999157935385393,9.760607,0.0762341022324533,0.09735945954148868
2496,ClC1=CC=C(C=C1)N1C(=O)C=CC1=O,0.6585468483808085,0.9997490582454326,1.516013,0.886394679295368,0.4491231782388378
2497,CCCCN(CC#N)SN(C)C(=O)OC1=CC=CC2=C1OC(C)(C)C2,0.5383832427440249,0.0012272455915046,7.9620376,0.0020971250645579,0.08115017830571837
2498,O\N=C\C1=CC=C(OCC(=O)N2CCCCC2)C=C1,0.5117750036073431,0.0006238031084329,6.331155,0.186504912768855,0.1487028974106794
2499,ClC1=CC=CC(=C1)N1CCN(CC1)C1CCC(=O)N1,0.895034821011626,0.9744497851446364,-11.372615,0.2064352272204455,0.27440522804236395
2500,CN(C)C(=O)OC1=CC=CC2=C1OC(C)(C)O2,0.7512600888021514,0.9973315603574462,-0.6944438,0.669127929468938,0.6994291089892984
2501,CCC1=NC=CC(=C1)C(=O)NN,0.3746825098602218,0.9977026081351966,1.4121236,0.0759574293878566,0.23306821746452822
2502,CCCCCCCCOSN(C)C(=O)OC1=CC=CC2=C1OC(C)(C)C2,0.2923780389410747,0.493214502560243,14.717532,0.0995905886804522,0.5423092797660447
2503,CCNCC(O)C1=CC(Cl)=C(N)C(Cl)=C1,0.7168829692037915,0.9957772236242411,3.2199945,0.5993939686488364,0.5387743416244996
2504,FC(F)(F)C1=CC=C(\C=C\C(=O)N2CCOCC2)C=C1,0.7816363149326966,0.0208765644184817,-1.435389,0.5066257985346173,0.29728105871308497
2505,CCCCCCOSN(C)C(=O)OC1=CC=CC2=C1OC(C)(C)C2,0.3741911440968337,0.1905774481179119,13.355112,0.069665848902043,0.4639202988200398
2506,CCCCCCCCCCOSN(C)C(=O)OC1=C2OC(C)(C)CC2=CC=C1,0.222431647939691,0.681937662223576,16.374249,0.2276708271986674,0.4890498746991702
2507,CCOP(=S)(OC1=CC=C(C(C)=C1)[N+]([O-])=O)C1=CC=CC=C1,0.4535981369520756,0.6879438325122238,-2.0349808,0.0903720362491246,0.4618281201445635
2508,CN(C)CC1CCCCC1(O)C1=CC(Cl)=CC=C1,0.9085812583083768,0.4411715429624815,-1.2982712,0.9742771690371316,0.7378193445329331
2509,CNC(=O)OC1=C2C=CC=CC2=CC=C1,0.7695670306859667,0.9956708903711924,5.421242,0.8490628182946439,0.383972098996129
2510,CC1=CC=C(CN2CCN(CC2)C2=CC(=C3C=CC(=O)C=CN23)C2=CC=CC=C2)C=C1,0.4932093216510599,0.0324032937320455,-1.6808248,0.0498087079498109,0.2288761934158877
2511,COC1=CC=CC2=C1C(=O)C1=C(C(O)=C3CC(O)(CC(OC4CC(C(O)C(C)O4)N4CCOCC4)C3=C1O)C(C)=O)C2=O,0.3121444311200321,0.9962966334714168,14.419207,0.98342783404441,0.8925498812482594
2512,ClC1=CC(NC2=C(C#N)C(Cl)=C(C#N)C(Cl)=C2C#N)=CC=C1,0.8276791660539075,0.9923459244120134,4.5767035,0.2105079612345181,0.07244318874510298
2513,FCC(=O)NC1=C(Cl)C=CC(Cl)=C1,0.8182615407721253,0.8546735701456432,9.45523,0.045406664257671,0.3322560327339533
2514,CCC(=O)OC1(C(C)C2=CC=CC=C2)C(=O)N(COC)C(=O)N(COC)C1=O,0.4876221553848793,0.0036756327624147,13.445635,0.471321026266063,0.6324533942212582
2515,CCOC(=O)N(CC)SN(C)C(=O)OC1=CC=CC2=C1OC(C)(C)C2,0.7350441290350219,0.0741323741473569,9.516886,0.0661139708096604,0.46183426075585843
2516,COC1=CC=CC(=C1)N1CCN(CC1)C1CCC(=O)N1,0.8955049826086415,0.0059519548239468,-5.1649985,0.1018249134938915,0.16671852304695176
2517,CC1=CC(C)=C(C)C(OC(N)=O)=C1,0.7170211274803199,0.9984665479567648,9.48757,0.0180055501905146,0.21990283372715727
2518,CCOC(=O)CCN(SNCC(=O)OC1=CC=CC2=C1OC(C)(C)C2)C(C)C,0.3581626099639475,0.0190255808205403,4.4384923,0.312498154086232,0.4897456483884273
2519,CCC(CN(C)C)(N1C=CN=C1)C1=CC=CC=C1,0.8045826365916526,0.0116657621999678,-7.0812697,0.3517170855429052,0.4303468754568863
2520,FCC(=O)NNC1=CC=CC=C1,0.6633545530228443,0.99058843407959,16.902264,0.0456514763776014,0.2086510864168627
2521,CCN(SN(C)C(=O)OC1=CC=CC2=C1OC(C)(C)C2)C(=O)OC,0.7712547984099676,0.4307388264012059,11.761694,0.0689948514208677,0.41120893692853555
2522,CC(OC1=C(Cl)C=C(Cl)C(Cl)=C1)C(O)=O,0.8543653385157547,0.9978987358660608,7.9918113,0.8824555335874201,0.58380304039237
2523,CC1=CC(C)=C(N)C=C1,0.5209726320693896,0.9994662228520246,13.509038,0.0032290812677157,0.150694994626083
2524,CNC(=O)OC1=CC=CC=C1SCC#N,0.7946218953364796,0.2512640847617225,-11.457382,0.0317830705204485,0.11005250256049573
2525,CC[C@@]1(O)C[C@H](O[C@H]2C[C@@H]([C@H](O[C@H]3C[C@H](O)[C@H](O[C@H]4CCC(=O)[C@H](C)O4)[C@H](C)O3)[C@H](C)O2)N(C)C)C2=C(O)C3=C(C=C2[C@H]1C(=O)OC)C(=O)C1=C(C(O)=CC=C1)C3=O,0.2283613697776177,0.9995605478590208,19.962479,0.9937540144135903,0.8911264859718289
2526,CC(C)C1=CC=CC(OC(=O)N(C)SC2=CC=C(C=C2)C(C)(C)C)=C1,0.6060938212049575,0.2141228481880575,-0.5443597,0.4642168824179305,0.7608280399580748
2527,CCN1C[C@@]2(COC)[C@H]3[C@@H](OC)[C@H]4C1[C@@]3([C@@H]1C[C@@]3(O)[C@H](OC(=O)C5=CC=CC=C5)[C@@H]1[C@]4(OC(C)=O)[C@@H](O)[C@@H]3OC)[C@H](C[C@H]2OC(C)=O)OC,0.2674304068714278,0.9993919022592114,14.4341,0.962994863753116,0.835405597260476
2528,CN1CCC(CC1)(OC1=CC=CC=C1)C1=CC=CC=C1,0.8407209182317703,0.6587816065009724,0.03552115,0.9837516378328522,0.8006812387119717
2529,CCOP(=S)(OCC)OC1=CC=C(C#N)C(C)=C1,0.7481447744610467,0.4280367557064864,9.224382,0.0188317686580647,0.08869276759368552
2530,CC(CC1=CC=CC(=C1)C(F)(F)F)NCCO,0.8358226467571718,0.9988239693259168,15.454345,0.3737024706837564,0.5113799872170354
2531,CN(SOCC1=CC=C(C=C1)C(C)(C)C)C(=O)OC1=CC=CC2=C1OC(C)(C)C2,0.4488225983293816,0.419071490138691,-2.6502175,0.0816099175148335,0.5798356082298284
2532,CCOC(=O)CCCN(CC(=O)OCC)SN(C)C(=O)OC1=CC=CC2=C1OC(C)(C)C2,0.3564840470997584,0.0108202130047369,16.496176,0.0932954491559382,0.3763724643069576
2533,CS\C(C)=N\OC(=O)N(C)SN(C)\C=N\C1=C(C)C=C(Cl)C=C1,0.2482708182571873,0.0025793420252687,5.79263,0.0565309620825942,0.3435284842276534
2534,COC1=CC=CC(=C1)C1(O)CCCCCC1CN(C)C,0.8587365653364568,0.9957782342842928,-4.711841,0.9615845768511896,0.7402768237512701
2535,CNC(=O)OC1=CC=CC2=C1OC(C)O2,0.7614330113823587,0.9905278728488578,9.028335,0.3268702254767197,0.5581091610267717
2536,CCC1=CN=C(C)C=C1,0.5530661857438417,0.9981894238850464,11.081494,0.0046649160729924,0.12315406155703301
2537,CNC(=O)OC1=CC=CC2=C1OC(C)(C)C2,0.7897378652008402,0.990817407657238,4.45406,0.2184250945376107,0.6359765836153075
2538,CC1=CC=C(NC(=N)C2=CC=NC=C2)C=C1,0.5924296480436163,0.8075075840935411,2.1141615,0.0673729661174817,0.22610053283091633
2539,OC(=O)CC1=CC=C(CC(NS(=O)(=O)C2=CC=C(Cl)C=C2)C2=CC=CN=C2)C=C1,0.5685123923071399,0.1173122436356811,2.9397721,0.0823858342124139,0.4872034991096671
2540,CNC(=O)OC1=CC=CC2=C1OC(C)(C)O2,0.7896946509352879,0.9933701739419144,-5.497915,0.7328058215695291,0.6892182571539848
2541,CC1=C(C=CC(Cl)=C1)\N=C\N,0.5071854371045014,0.996224929588539,-2.9813688,0.018281300071776,0.1139630660045432
2542,CCCC(=O)OC1=C(C#N)C(Cl)=C(C#N)C(Cl)=C1Cl,0.4777532189029281,0.0338708647519532,5.7302256,0.1340974042966924,0.11322411143375058
2543,CN(C)CCN1C2=C(NC3=C(C=CC=C3)C1=O)C=CC(C)=C2,0.943796247534886,0.2560307494988516,11.367307,0.8849991923960038,0.55388426535414
2544,COC1=CC2=C(C=C1OC)C(CCC1=CC=C(Cl)C=C1)N(C)CC2,0.7949076765712911,0.9993717594490106,0.06627667,0.490396134843417,0.5866971169640205
2545,CCCNC(C)C(C)C1=CC=C(Cl)C=C1,0.8033339925156382,0.9992831627711342,1.3772789,0.7432717741766783,0.2866343891031127
2546,O=C1C=CC(=O)N1C1=CC=CC=C1,0.596503288529762,0.9996653143257448,6.259684,0.8811212293377304,0.341293339761691
2547,CCC(=O)OC1(C(C)C2=CC=CC=C2)C(=O)NC(=O)N(C)C1=O,0.6647390737386858,0.0579859467685538,3.0050864,0.9266182090253414,0.7563998786861397
2548,CCOC(=O)N(CCC#N)SN(C)C(=O)OC1=CC=CC2=C1OC(C)(C)C2,0.6793818183953002,0.0030202733802448,19.210197,0.0050807292785424,0.08714537465894084
2549,CCOP(=S)(OCC)OC1=NN=C(OC2=CC=C(C)C=C2)C=C1,0.6565947908294155,0.3766323429566576,7.23867,0.0614747982634402,0.47620155601700914
2550,FC1=CC=CC2=C(NCCC3=CC=C(Cl)C=C3)C=CN=C12,0.7563673291861915,0.4081782050075734,-1.0897675,0.0171471721118994,0.16589168862464593
2551,CCN(CC)CC(O)COC1=CC=CC2=C1C=CC=C2,0.8416594460066261,0.9977241671866308,1.4355863,0.962577660477552,0.669835813132911
2552,N#CCCC1=CC=CC=C1,0.6028557867580836,0.9988101253131206,19.397108,0.0627573721417073,0.09391215444468774
2553,CC(C)OC1=CC=CC=C1OC(=O)N(C)SC1=CC=CC=C1,0.754796816796173,0.9958892872953596,9.591834,0.1033293713317296,0.4166122126246026
2554,COC1=CC=C(C=C1)C1=C2C=CC(=O)C=CN2C(=C1)N1CCN(CC2=CC=CC=C2)CC1,0.4778988061220363,0.0141459549559858,-5.7785516,0.0406783777866732,0.1822465616059617
2555,CCN(CC)CCCSC1=C(C#N)C(C(=O)N1)(C1=CC=C(C=C1)N(C)C)C1=CC=CN=C1,0.5569966751659587,0.003503683635511,-5.7187166,0.0400252199100819,0.2940365938354254
2556,COC(=O)C1=C(C)NC(C)=C(C1C1=CC=CC2=NON=C12)C(=O)OC(C)C,0.818100097899207,0.9970429950808868,13.451684,0.9983987464171,0.5182469647462618
2557,COC1=C(OCCN2CCCC2)C(C(O)CCC2=CC=CC(O)=C2)=C(OC)C2=C1OC=C2,0.4853066438652332,0.9738491345544228,3.966824,0.6722136249538968,0.171506457849613
2558,CN(SN(C)C(=O)OC1=CC=CC2=C1OC(C)(C)C2)\C=N\C1=CC=C(C)C=C1C,0.3780522177600394,0.0251054652677139,7.970636,0.0249702220127835,0.3113747652789509
2559,CCCOC1=CC=C(C=C1)C(C(Cl)Cl)C1=CC=C(OCC)C=C1,0.5577294444445572,0.8263952239747967,-5.846112,0.8323508912154098,0.6568685850076967
2560,CCC1=NC(C)=CN1C(CC)(CN(C)C)C1=CC=CC=C1,0.8101019522491497,0.0076724268119697,-11.643422,0.5328199407431861,0.33494299195355054
2561,CCCN1CCN(CC1)C1=NC(=O)C(S1)C1=CC=C(F)C=C1,0.856987287518076,0.0727026807958969,-10.139806,0.1560194535454477,0.264035537457004
2562,OC1=C(Cl)C(Cl)=CC(Cl)=C1Cl,0.6695808979155974,0.9949248569117534,15.154841,0.4588876377794373,0.4660905780763235
2563,CN1CCN(CC1)C1=CC2=C(C=CC=C2)C(=O)C2=C1C=C(C)C=C2,0.6867954437392151,0.0145320788122013,3.9393415,0.8167307193218732,0.5025548252075336
2564,COC1=CC(=CC=C1)C1=NN(CCN(C)C)C(=O)C(=C1)C1=CC=CC=C1,0.6858567078185445,0.0177448618427723,3.5468063,0.3105101310334537,0.3270938579014593
2565,CCOCC(CNC(=O)NC1=CC=C(F)C=C1)N1CCOCC1,0.8006625862382932,0.0043171935862851,-6.205244,0.1219776321539838,0.22237160029567643
2566,CCS(=O)CC1=C(OC(=O)NC)C=CC=C1,0.8720935150853957,0.1588302242699308,-0.48101187,0.8521284520851237,0.6782747094068101
2567,CC1=CC(C)=C(C)C=C1OC(N)=O,0.7170211274803198,0.9969693111357572,9.871207,0.0215882726209128,0.22031788658235638
2568,OC(=O)COC1=CC=C(C=C1)C(CCNS(=O)(=O)C1=CC=C(Cl)C=C1)C1=CC=CN=C1,0.4775749784222198,0.0170201694430458,5.5068116,0.0772908887580996,0.475388065414296
2569,OC1(CCN(CCCC(=O)C2=CC=C(F)C=C2)CC1)C1=CC=C(Br)C=C1,0.6983745555932225,0.9998122344517985,6.944034,0.8695418019649505,0.7130999648799028
2570,CNC(=O)OC1=CC(C)=C(CN(C)C)C(C)=C1,0.8733219055271799,0.0251292504607536,1.0489372,0.8181136890842048,0.5276122419438043
2571,CCCCN(CCC#N)SN(C)C(=O)OC1=CC=CC2=C1OC(C)(C)C2,0.6253211827574388,0.0026124149977278,14.391975,0.0008190805254448,0.094824761793558
2572,CC1=CC=C(NC(=N)C2=CN=CC=C2)C=C1,0.5924296480436163,0.7482818757275985,2.0185685,0.133906924850806,0.15771744446672264
2573,CC(C)COCC(CN(C(=O)NC1=CC=C(F)C=C1)C1=CC=CC=C1)N1CCCC1,0.6291137716822328,0.6309800659872098,-7.957435,0.4946007391805621,0.10131881346905705
2574,CC(N)C(C)C1=CC=CC(Cl)=C1,0.7500151447297587,0.9959990812244884,0.79084575,0.0509212693240487,0.24016600156816104
2575,FC1=CC=C(NC(=O)N(CC(COC2=CC=CC=C2)N2CCCC2)C2=CC=CC=C2)C=C1,0.5168156066927606,0.0504508518088401,-6.128329,0.3857593983918588,0.0994545568266789
2576,CCCCCCCOC(=O)N(C)SN(C)C(=O)OC1=CC=CC2=C1OC(C)(C)C2,0.3887198567415497,0.4927035145186655,9.937113,0.18196000013687,0.5696095860765003
2577,CCOC(C(=N)NCC(C)C)C1=CC=CC=C1,0.586840069524275,0.0703133114726043,6.218316,0.2684145897686749,0.20737792828480153
2578,CCCCCOC(=O)N(C)SN(C)C(=O)OC1=CC=CC2=C1OC(C)(C)C2,0.4934665414257826,0.2728480822137907,11.593923,0.0756958043324184,0.46473653979186624
2579,CCCCCCCCOC(=O)N(C)SN(C)C(=O)OC1=CC=CC2=C1OC(C)(C)C2,0.3384718456031805,0.5895978632354486,10.407348,0.2283988425225227,0.5265683091971679
2580,COC1=CC=C(C=C1)C(O)C(C)N1CCC(CC2CCCCC2)CC1,0.8036981063496741,0.7192616330783189,4.181568,0.7825917087369155,0.5346091099562301
2581,CN(C)CCC(O)(C1=CC=CC=C1)C1=CC=CC=C1Cl,0.910148150346445,0.999752864297156,12.685839,0.9994676486279492,0.8601503602114964
2582,CC(=O)NNC1=CC=C(N)C=C1,0.4467960240781543,0.9964177763634512,10.469908,0.0380327351487565,0.3515649901911463
2583,COC1=CC=C(NC(=N)C2=CC=CC3=C2C=CC=C3)C=C1,0.5535337233967321,0.6556679333258176,6.998387,0.0328633918374342,0.11141996972307908
2584,CNC(=O)OC1=CC=CC=C1SC(C)C#N,0.8185083435652899,0.981474859056985,-9.939705,0.0183428797069734,0.13850778022143956
2585,CN1[C@H]2CC[C@@H]1C[C@@H](C2)OC(=O)C1=CC(C)=CC(C)=C1,0.7755372666524694,0.112005135422648,-0.83949894,0.9211529222253088,0.7009190464128036
2586,CC(C)(OC1=CC=C(C=C1)C(=O)C1CCCCC1)C(O)=O,0.8399263182394746,0.9987670684253078,-5.4989843,0.9580679267301564,0.8251176019514475
2587,FCC(=O)NC1=CC=CC2=C1C=CC=C2,0.7984119703606939,0.119782007986279,12.889938,0.2010970650229389,0.2184681965527692
2588,COC1=CC(OC)=C(C(=O)\C=C\C(O)=O)C(OC)=C1,0.6208622462425132,0.9929922122723766,20.678526,0.8266738392490228,0.8510780060666869
2589,CCCCOC(=O)N(C)SN(C)C(=O)OC1=CC=CC2=C1OC(C)(C)C2,0.5407831305763073,0.2299540346752791,9.0935755,0.0652953948765682,0.3792193887549832
2590,CCC(=O)OC1(C(C)C2=CC=CC=C2)C(=O)NC(=O)NC1=O,0.6339936088154218,0.162425300812717,13.217988,0.9317483161941252,0.7448619860936303
2591,CCOP(=S)(OC1=CC=C(C=C1C)C#N)C1=CC=CC=C1,0.7840199761722945,0.0016439316153412,-3.3850932,0.0054814284830784,0.077718154427812
2592,CCN1C=C(C(O)=O)C(=O)C2=C1N=C(N1CCN(C)CC1)C(F)=C2,0.9023494281886956,0.99937856612688,2.5096245,0.979315941573808,0.8695559487491531
2593,COC1=CC(=CC(OC)=C1OC)C(=O)N1CCCCCCC1,0.8572832156517337,0.9926004393501774,3.6188006,0.1080161394096753,0.6040392894595646
2594,ClC1=CC2=C(C=C1)C(=O)C(C2=O)C1=CC=CC=C1,0.7320324704409014,0.9971064375208324,8.735304,0.936818677921272,0.6511590776274436
2595,CCCCC1C(=O)N(N(C1=O)C1=CC=C(C=C1)S(C)(=O)=O)C1=CC=CC=C1,0.7147806576897345,0.9989982979733312,1.1940268,0.5289669785362784,0.40835875290419904
2596,CCOP(=S)(OC1=CC=C(C#N)C(C)=C1)C1=CC=CC=C1,0.7840199761722945,0.0023453074337739,-2.6530178,0.0089731859923979,0.0723570935608898
2597,N#CC1=C(C=CC=C1)C#N,0.5302033439887756,0.9990353428293076,20.929382,0.0791166804076259,0.1172357397890111
2598,CC(C)C1=C(C)N(C(C)CN(C)C)N(C1=O)C1=CC=CC=C1,0.8487544047808953,0.1996795570454383,-13.979287,0.2261385009531128,0.2580083126621239
2599,CC1=CC=C(NC2=C(C#N)C(Cl)=C(C#N)C(Cl)=C2C#N)C(C)=C1,0.8358247160427021,0.3461259149106018,1.4976801,0.0629041074444228,0.09285397435764012
2600,CC(CC1=CC=CC=C1)[N+]1=C\C(O[N-]1)=N/C(=O)NC1=CC=C(Cl)C(Cl)=C1,0.6885875828974667,0.0012417280824578,-0.40411842,0.0341263010257653,0.18447398081940972
2601,CC(N)CC1=CC=CC=C1,0.6542162175383444,0.999639440839085,9.607771,0.9951193235249508,0.7185550835421741
2602,COC1=CC2=C(C=C1)N(C(=O)C1=CC=C(Cl)C=C1)C(C)=C2CC(=O)NO,0.543344133090921,0.997353894619759,-4.000252,0.1377738501004084,0.43277854765438706
2603,CN\C=N\C1=C(C)C=C(Cl)C=C1,0.551860759916283,0.5940141033052074,-3.7336411,0.0145612072592484,0.19107471041320506
2604,CC(CO)N1CCN(CCN2CCN(CC2)C2=CC(=CC=C2)C(F)(F)F)CC1,0.7880061458494005,0.9900360758083744,-5.2415195,0.1552543050459552,0.4912781364351038
2605,CN1CCC(CC2=CC=CC=C2)(CC1)OC1=CC=CC=C1,0.8455379281706001,0.5033960841730335,-2.9664903,0.9695931640328777,0.7843100261181303
2606,CN(C(C)=O)C(=O)OC1=CC=CC2=C1OC(C)(C)C2,0.7802242418460928,0.9972950748601992,4.6634116,0.2420548059963317,0.60571511770252
2607,COC1=C(NC(=N)C2=CN=CC=C2)C=CC=C1,0.6254022869713778,0.0629463769360431,-11.126756,0.0960357018243956,0.1378906751372775
2608,CC(C)C1=CC(OC(=O)N(C)S(=O)OCC2=CC=CC=N2)=CC=C1,0.7998248106096487,0.001486039674415,5.8204556,0.0366947457231387,0.2457611957715211
2609,CN1[C@H]2CC[C@@H]1C[C@@H](C2)OC(=O)C(=C)C1=CC=CC=C1,0.6251642342762997,0.8301532799187362,9.46087,0.9414508406600808,0.7485257691851679
2610,FCC(=O)NC1=CC2=C(C=CC=C2)C=C1,0.798411970360694,0.2328951479935359,11.461363,0.1567424891754451,0.4174208306973271
2611,COC(=O)C1=C(C)NC(C)=C(C1C1=C(C=CC=C1)[N+]([O-])=O)C(=O)OCC(C)=O,0.4463168587280456,0.9997957536930115,15.446538,0.920441073245775,0.7413729564041713
2612,CCC1=C(C)C=C(OC(N)=O)C(C)=C1,0.7831998101679466,0.9762176415784188,4.7417145,0.2455654468740595,0.2807123146119479
2613,CN1CCN(CC1)C1=NC(=O)C(S1)C1=CC=C(C)C=C1,0.791102847621542,0.052427569631286,-7.7061553,0.3251186084381798,0.23614796308844893
2614,CC1=CC=C(C)C(=C1)C1=C(O)C2=C(OC1=O)C=CC=C2,0.681760677926718,0.91962068759665,-2.5893753,0.819881710367164,0.6673681431870815
2615,CCCOCC(CNC(=O)NC1=CC=C(F)C=C1)N(CC)CC,0.6500893025718011,0.0008480198650481,-4.852106,0.5412686089945943,0.3510990758417657
2616,[O-][N+](=O)C1=CC=CC=C1NC(=O)CF,0.5904377930250899,0.5228578636147018,14.86917,0.4457872730221845,0.43512536730258516
2617,CN1[C@H]2CC[C@@H]1C[C@@H](C2)OC(=O)C(CO)C1=CC=CC=C1,0.8605899449393155,0.9998175693378804,7.6619086,0.9577589267650533,0.8540751026590943
2618,COC(=O)C1=CC=C(CC(NS(=O)(=O)C2=CC=C(Cl)C=C2)C2=CC=CN=C2)C=C1,0.5762807966504119,0.0143998044974002,1.6252483,0.0312093971801283,0.2845644661594133
2619,CN(SN(CC#N)C1=CC=C(C)C=C1)C(=O)OC1=C2OC(C)(C)CC2=CC=C1,0.5366193321080421,0.0550885025891255,6.8452706,0.0018652553234065,0.07097208694255083
2620,CC1=CC=CC(=C1)N1CCN(CC1)C1CCC(=O)N1,0.8706888045437239,0.677162103468018,-6.900477,0.0968318650944029,0.2965915790608856
2621,CCC1(C(=O)NC(=O)NC1=O)C1=CC(Cl)=C(Cl)C=C1,0.820468867886718,0.4646837624832615,-0.4977268,0.9071727902808364,0.7030027191886404
2622,CC(=O)C1=CC=C(OCC(=O)N2CCCCCC2)C=C1,0.793640668167476,0.0259205389960903,-2.1979852,0.1320657311638276,0.2710743797671595
2623,CCC1(C(=O)NC(=O)N(C)C1=O)C1=CC=CC=C1,0.7928342464339936,0.9996939320545412,-4.670038,0.9462950888558412,0.8201617663072088
2624,OC1=CC=C(C=C1)[N+]([O-])=O,0.4707282115834253,0.9992839583679723,17.88885,0.0705156346323288,0.1865475443739909
2625,CN(C)C(CC1=CC=CC=C1)C(=O)NC1=C(C)N(C)N(C1=O)C1=CC=CC=C1,0.717285206095864,0.5466654077344797,-0.76036394,0.3767587380223198,0.21624633956370082
2626,CO\N=C\C1=CCCN(C1)OC(=O)NC1=CC=CC(Cl)=C1,0.6855824182768853,0.0006035936570946,4.5513797,0.0579371515489281,0.12153786528712118
2627,CC1=C(C=CC=C1)N1CCN(CC1)C1CCC(=O)N1,0.8706888045437239,0.0783723221496512,-12.511537,0.088094935439745,0.22515165309343793
2628,CC(C)OC(=O)N(C)SN(C)C(=O)OC1=CC(=CC=C1)C(C)C,0.7487954882627663,0.0200934018156428,9.046786,0.0876292535255324,0.5162635353703379
2629,CCN(CC)C1=CC(=O)C2=C(O1)C(=CC=C2)C1=CC=CC=C1,0.7185616862799615,0.1711196759393541,0.9152006,0.0824983734905129,0.3195416852750177
2630,CCOC(C(=N)N1CCCCCC1)C1=CC=CC=C1,0.662805093046839,0.4805809061511037,8.40789,0.5123785507281662,0.35006449984108734
2631,CC1=CC=CC(C)=C1N1CCN(CC1)C(=O)CN1CCCC1=O,0.8503957385950095,0.1797487873341426,-1.4470928,0.0771199606258757,0.29863186688750926
2632,FC1=CC=CC=C1OC1=CC=C(CCOC2=C3C=CC=C(F)C3=NC=N2)C=C1,0.4553646379247179,0.0264303390038113,-1.0192202,0.0154110852725243,0.12671414236856351
2633,CC(Cl)CCC1=CC=C(N=C1)C(O)=O,0.7815064329064793,0.1580247814017432,7.9573665,0.1226172036544756,0.32885434753279846
2634,OCCN(C(=O)CF)C1=CC=C(Cl)C=C1,0.8558997801042317,0.648180210846813,-7.263124,0.3280631783027695,0.3377902008961903
2635,CN1CCC(CC1)(OC1=CC=C(C=C1)[N+]([O-])=O)C1=CC=CC=C1,0.6392339492309658,0.1468686795017481,-0.33597147,0.6450627711634483,0.30774921406662914
2636,CC(C)C1=CC(OC(=O)N(C)SC2=CC=CC=C2)=CC=C1,0.7484417882572049,0.2924224132143683,3.4757133,0.1065547673996964,0.44262743463902093
2637,CCOCC(CN(C(=O)NC1=CC=CC=C1)C1=CC=C(F)C=C1)N1CCOCC1,0.7344086223698715,0.0074139425110201,-8.766757,0.1278374036772031,0.15885960511909908
2638,O=C(\C=C\C=C\C1=CC=CC=C1)N1CCOCC1,0.6008746318508451,0.9867432477303576,3.7475314,0.3523184736011646,0.5076558152176246
2639,CN1C=C(C=C1\C=C(/C)C(O)=O)C(CCNS(=O)(=O)C1=CC=C(Cl)C=C1)C1=CC=CN=C1,0.4561547793715019,0.0231426118444805,4.2440844,0.056307247063237,0.3454896086658702
2640,CCCOC(\C(N)=N\O)C1=CC=CC=C1,0.3359026843035803,0.3485547799242789,17.038013,0.1660207317950388,0.20565470119756935
2641,OC(=O)C1=CC=C(CCC(NS(=O)(=O)C2=CC=C(Cl)C=C2)C2=CC=CN=C2)C=C1,0.560763071127431,0.1243305455632518,5.4801927,0.0869441127195805,0.41370663088045223
2642,CC(CC1=CNC2=C1C=CC=C2)NC(=O)[C@@H](N)CCC(O)=O,0.619796716790556,0.9455062744855348,-7.486582,0.622470799884154,0.5569386238687445
2643,CC(O)CN1CCN(CC1)C1=NC(=O)C(S1)C1=CC=CC=C1,0.9114494066316718,0.0283499424189434,-5.6813912,0.2917447877231968,0.18202787441236473
2644,CNC(=O)OC1=CC=C(\N=C\N(C)C)C(C)=C1,0.6430865303515482,0.0147466762548097,-7.49803,0.2980998890257619,0.24797305006981335
2645,CC1=CC(=CC(=C1O)[N+]([O-])=O)[N+]([O-])=O,0.5720654169940127,0.999109279336906,13.881061,0.0582984966134153,0.14897638601442798
2646,CCCC(=O)N(C)C(=O)OC1=CC=CC2=C1OCO2,0.8375949707838407,0.0122713889514862,9.294868,0.0675060037649349,0.2917733686198407
2647,CCOP(=S)(OCC)OC1=NN=C(OC2=CC=CC=C2C)C(C)=C1,0.6328880890705402,0.7954264872164993,8.404032,0.0550042521130558,0.5745674437871803
2648,CC(=O)OC1C(=O)NC(NC1=O)=NNC1=CC=CC=C1,0.3933080983694402,0.0317022220547055,-0.85602444,0.4496608440870989,0.4624724714651621
2649,CCCCN(CCCC)CCCOC1=CC(C)=NN1CC1=CC=CC=C1,0.4771480312830789,0.1613836150354343,-6.3983507,0.1213409063500503,0.4017329553978358
2650,CC(CC1=CC=CC=C1)[N+]1=C\C(O[N-]1)=N/C(=O)NC1=CC=C(Cl)C=C1,0.729860968076828,0.0013937574890231,0.23269641,0.0381453736638671,0.20237807398524152
2651,OC1=C(CCCC2=CC=C(Cl)C=C2)C(=O)OC2=C1C=CC=C2,0.7292694313917041,0.0794754452497455,1.9893678,0.728645905856493,0.8028612722281308
2652,COC1=CC(=CC=C1)C1SC(=NC1=O)N1CCN(C)CC1,0.830543461220955,0.0021872595205537,-6.3744187,0.2156550707947613,0.30743302442850945
2653,CC(C)CCC(CN(C)C)C1=CC=CC=C1,0.7037545814596171,0.999233286856001,2.6971116,0.8094719024474551,0.569472071362268
2654,CCCCCCN1CCCC1CC(O)C1=CC=CC(OC)=C1,0.6952562526548736,0.1046537932875083,0.7357291,0.8185841455268471,0.5743746098691551
2655,CCC1(CC)OC2=C(O1)C(OC(=O)NC)=CC=C2,0.8969186448769255,0.9899883590508134,-0.85808426,0.5665491744707475,0.7512710380919898
2656,CCC(C)C(CN(C)C)C1=CC=C(N)C=C1,0.7730069924020065,0.5036523361757295,0.20127165,0.8094385174561519,0.3278649821435881
2657,CNC(=O)OC1=C(Cl)C(C)=CC(C)=C1,0.7791186662489357,0.2266574813603317,5.144337,0.0329120616251707,0.19520668557724657
2658,OC1(CCN(CCCC(=O)C2=CC=C(F)C=C2)CC1)C1=CC(=CC=C1)C(F)(F)F,0.5509263977096905,0.9222671084803482,-2.919814,0.6105007229701859,0.5814950474377474
2659,COC1=C(OC)C(OC)=C(C=C1)C(=O)C(O)CC(O)=O,0.7113976461511572,0.9969671941763512,5.045197,0.8399069673360632,0.8353470066403899
2660,C\C(=C/C1=CC=C(C=C1)C(CNS(=O)(=O)C1=CC=C(Cl)C=C1)C1=CC=CN=C1)C(O)=O,0.4915108332785597,0.0084419166820777,8.119971,0.077222362178449,0.3352851098350487
2661,CCN(CC)CCNC1=C(C#N)C(NCCC2=CC=CC=C2)=CC=N1,0.6958632107965892,0.0374071708700148,-0.8040516,0.0074249810008349,0.09476810527563137
2662,FC(F)(F)C1=CC=CC(=C1)N1CCN(CCN2CCN(CC2)C(=O)OC2=CC=CC=C2)CC1,0.6786448570321015,0.0673288046869683,-3.477745,0.4689355390998552,0.2840968875575873
2663,CC(C)C1=CC(OC(=O)N(C)S(=O)OCCC2=CC=CC=N2)=CC=C1,0.7542324828798807,0.0026029355901376,3.6682963,0.0250772228376348,0.3078793375806716
2664,ClC1=CC=C(NC(=O)\N=C2\O[N-][N+](CCC3=CC=CC=C3)=C2)C=C1Cl,0.7100603934132552,0.0032622446985805,-5.2668276,0.0290240996820114,0.22798411038072083
2665,CC1=CC2=C(C=C(N=C2C=C1)C1=CC=CC=C1)C(=O)CC1CCNCC1,0.6924736454338187,0.0074412709316043,9.991288,0.1229949798959379,0.21535616273385574
2666,CCCC1=NN(C(=O)C1C=O)C1=CC=CC=C1,0.5864610796459627,0.1986304042368277,-3.6431484,0.2363937731560024,0.22740029059229205
2667,COC1=C(CN2CCCCC2)C2=C(C=C1)C(=O)C1=C(O2)C=CC=C1,0.6847764225298267,0.985891354668053,-6.328138,0.3974129628304401,0.5435740667211866
2668,CC(C)COCC(CNC(=O)NC1=CC=C(Cl)C=C1)N1CCCC1,0.750407981565661,0.010341453300482,-7.269416,0.14225581249285,0.15655101470088412
2669,CC1=CC(NC2=CC=NC(N)=C2C#N)=CC=C1,0.821696794873284,0.1444831862641198,3.0888677,0.0303048114227258,0.07648338881514938
2670,CCN(CC)CCNC(=O)COC1=CC=C(OC)C=C1,0.7451437189924593,0.7773198930454566,-6.008101,0.8037777777540166,0.511265922825527
2671,NC1=C(Cl)C=CC=C1,0.5297860823199098,0.9992446957965346,9.225903,0.0065470335893891,0.28660090527979926
2672,CC1=CC(=O)C(C)=C(C)C1=O,0.4892455443486595,0.9985104858243254,18.458466,0.0507907104651051,0.36425812605075125
2673,ClC1=C(C=CC=C1C#N)C#N,0.5865399647344718,0.999123677299283,21.04853,0.0439107272313181,0.10320893582533579
2674,CCOC(\C(N)=N\O)C1=CC=CC=C1Cl,0.3592218615978308,0.0110971114334892,1.3901955,0.1334364557915346,0.21595046581700966
2675,CCC(C)C(CN(C)C)C1=CC=C(Cl)C=C1,0.7500420016250031,0.9919481474495132,0.8289319,0.6610156779571454,0.3911255593118209
2676,CC1=CC=C(C(C)=C1)C1=C(O)C2=C(OC1=O)C=CC=C2,0.681760677926718,0.910586991826758,2.055408,0.9019467917230576,0.8103344418630547
2677,CC(NNC(=O)C1=CC=CC=C1)C1=CC=CC=C1,0.8066594755632359,0.9967190737516556,6.0330925,0.1999452351144965,0.20602082447406955
2678,O=C(C(CCCN1CCCCC1)C1=CC=CC=C1)C1=CC=CC=C1,0.6747004504606701,0.9992728892049506,1.9547001,0.8698081581614855,0.7741302108210263
2679,CCN(C)C1=CC(=O)C2=C(O1)C(=CC=C2)C1=CC=CC=C1,0.7283821768077072,0.0214070374800388,6.2686048,0.1204143890500936,0.3051224443956217
2680,CCC1(C)OC2=C(O1)C(OC(=O)N(C)C(C)=O)=CC=C2,0.8320423245578273,0.7507970381791899,-0.1812228,0.6381832498857846,0.7499589335802346
2681,CC1=CC=C(C=C1)C(=O)C1=CC=CC2=C1CCC2C(O)=O,0.8772308737686142,0.013051161829825,8.172711,0.971965630275582,0.8587927329049755
2682,CC(C1=CC=CC=C1)C1(OC(C)=O)C(=O)NC(=O)NC1=O,0.6216916733134121,0.4110649706752094,11.051233,0.9320463680612168,0.7978884709535714
2683,COC1=C(OCCN2CCCCCC2)C(C(O)CCC2=C(O)C=CC=C2)=C(OC)C2=C1OC=C2,0.4284628495791264,0.9602773576011868,-1.4644897,0.4242675991793683,0.34003690661457664
2684,CNC(=O)OC1=C(Cl)C=C(C)C(C)=C1,0.7791186662489357,0.2785676836596912,4.0602975,0.0388496301008058,0.2598901884636701
2685,CC1=CC=C(C=C1)C1=CC(C(=O)CC2CCNCC2)=C2C=CC=CC2=N1,0.692473645433819,0.0054653815344525,8.740792,0.1934524853298181,0.3038686514007668
2686,ClC1=CC=C(C=C1)C(=O)OC1=C(Cl)C(Cl)=C(Cl)C(Cl)=C1Cl,0.2372154971362021,0.9996963190992666,14.818013,0.8907771968917375,0.7066188554455599
2687,COC1=C(OCCN2CCCCCC2)C(C(O)CCC2=CC(O)=CC=C2)=C(OC)C2=C1OC=C2,0.4284628495791263,0.9856516973271344,3.7818208,0.4766598403999229,0.3724064991504077
2688,CC(C)C1=CC(OC(=O)N(C)S)=CC=C1,0.7837077613171275,0.1656288208044696,2.8857985,0.1344507751112903,0.21619554086112416
2689,NC1=CC=C(C=C1)C1=CC=CC=C1,0.6524355721249985,0.994782643765872,11.256171,0.0464378405062128,0.3077583838783512
2690,CCN(CC)CC1=CC2=C(OC(=C(C)C2=O)C2=CC=CC=C2)C=C1,0.6878438814986896,0.1024178011773306,-4.2799535,0.6373592169630135,0.6871922856755124
2691,CN(SN(C)C(=O)OC1=CC=CC2=C1OC(C)(C)C2)\C=N\C1=C(C)C=C(Cl)C=C1,0.3462927580856814,0.0216376404816242,6.829021,0.0282972279636505,0.34011687188362105
2692,CN1CCC(CC2=CC=CC=C2)(CC1)OC1=CC=C(C=C1)[N+]([O-])=O,0.6211010358475916,0.0272235028498984,-10.181388,0.4873749116046091,0.38044018861255297
2693,OC1=CC=CC2=C1C(=O)C=CC2=O,0.6450139359253463,0.9978026143303184,8.87055,0.6155243253425421,0.3726642408492354
2694,CCN1C(NC2=CC=C(OCCN3CCCCC3)C=C2)C2=C(C=CC=C2)C1=O,0.7853696263331175,0.0444584397827266,-1.6753986,0.3979836678430448,0.3256454309310125
2695,CC(C)C1=CC(OC(=O)N(C)SN(C)C(=O)OC2=CC=CC(=C2)C(C)C)=CC=C1,0.5359239751756875,0.6631735129085262,8.972224,0.3782948914980396,0.5980526495617344
2696,CCOC(=O)C(\C)=C\C1=CC(=CN1C)C(CCNS(=O)(=O)C1=CC=C(Cl)C=C1)C1=CC=CN=C1,0.3251268052796416,0.005292443301691,6.5650554,0.0241951382976658,0.2696533511957148
2697,COC1=CC=CC=C1C1=C2C=CC(=O)C=CN2C(=C1)N1CCN(CC2=CC=C(C)C=C2)CC1,0.455301474228926,0.0222284556885146,-1.0967767,0.0434732822292347,0.17645228962359924
2698,CC1=C(C)C(=CC=C1)C1=C(O)C2=C(OC1=O)C=CC=C2,0.681760677926718,0.975903685217249,6.3280888,0.7674718108223222,0.6717462359891753
2699,CCCCCC(CN(C)C)C1=CC=CC=C1,0.6284051080826374,0.8445596502455881,8.099303,0.6884152168580872,0.7009695838137477
2700,CCOC(=O)NC(C)CC1=CC=CC(=C1)C(F)(F)F,0.9143848554984356,0.038734329532445,4.4409833,0.1008643778258373,0.35624792998985055
2701,CCCCOSN(C)C(=O)OC1=CC=CC(=C1)C(C)C,0.4179936275619652,0.0854169908715094,1.1594821,0.1435805336900118,0.43862856287864094
2702,CCSCC1=C(OC(=O)NC)C=CC=C1,0.8557628475820135,0.2424014819385821,2.8309507,0.2336436591321764,0.5269885784510995
2703,OC1=C2C=CC=CC2=CC=C1,0.6020160700037417,0.9962790326033732,11.485476,0.0139553439416546,0.14701223192513962
2704,CCCCCCCC(=O)OC1=C(I)C=C(C=C1I)C#N,0.2299819463907162,0.4573270547134841,16.185701,0.0144222811955268,0.10405104381462152
2705,OC1=CC=C2C=CC=CC2=C1,0.6020160700037417,0.9994895141548024,13.570888,0.0169567210124329,0.20479127266143884
2706,CCNC1=CC(C)=CC=C1,0.6563333327070763,0.9897747495566172,10.573611,0.0067609526667156,0.1339442330268319
2707,ClC1=CC=C(NC(=O)\N=C2\O[N-][N+](CCC3=CC=CC=C3)=C2)C=C1,0.7404894868601565,0.0034166723829216,-4.6936054,0.0718033000392371,0.25938000261880856
2708,CCCCOC1=C(C=C(Cl)C=C1)C(CN(C)C)C(C)CC,0.5803796801622868,0.0815060369445113,-9.014175,0.9167000508173312,0.7472793292035819
2709,CN(C)C(=N)NC(=O)N(C)C1=C(C)C=CC=C1C,0.5892026854592128,0.449791627202578,3.9856086,0.5374427946523155,0.4966145439299877
2710,CCCC(=O)NNC1=CC=C(C=C1)[N+]([O-])=O,0.5888221660482104,0.2049639389703019,11.224941,0.406393171077019,0.3914664294619725
2711,CCOCC(CNC(=O)NC1=CC=CC=C1)N1CCOCC1,0.8020593122298866,0.0024151116096279,0.110269666,0.1758680930179583,0.30415050734671134
2712,CNC(=O)OC1=CC(C)=C(C)C=C1,0.7158371024295939,0.992712283770819,1.3820864,0.0067606062840162,0.15610973729224722
2713,CCOC1=C(C=C(Cl)C=C1)C(CN(C)C)C(C)CC,0.7339036320964036,0.0213956553181364,-9.069608,0.7889631317216517,0.6586329292879547
2714,CC1=CC(=CC=C1)C1=C(O)C2=C(OC1=O)C=CC=C2,0.6744680722846318,0.8858737559699356,-4.687131,0.921317214620197,0.7383584559437224
2715,COC1=CC=C(C=C1)C(O)C(C)N1CCC(CC2=CC=CC=C2)CC1,0.8609164665506617,0.9406603774282064,7.46619,0.7534479890951173,0.6094659188348941
2716,COC1=CC2=C(C=C1)N(C(=O)C1=CC=C(Cl)C=C1)C(C)=C2CC(O)=O,0.7678065120522065,0.9998075097783282,-6.308265,0.997714133732619,0.8638418143245252
2717,CCCC(CN(C)C)C1=CC=CC=C1,0.6908678775520564,0.9987646211575868,10.313617,0.1938368284426938,0.3606884867133414
2718,CCCCCCC(=O)OCCN1CCN(CCCN2C3=C(SC4=C2C=C(C=C4)C(F)(F)F)C=CC=C3)CC1,0.2134013967391395,0.9986737849455288,5.532812,0.8651756919710468,0.6393408731443885
2719,ClCC(=O)C1=CC=CC=C1,0.4711758525933405,0.9992370739609708,17.485786,0.0149148279542271,0.2258541964025421
2720,CC(C)C(=O)N(C)C(=O)OC1=CC=CC(=C1)C(C)C,0.839030177060946,0.0815237316883518,-0.07630992,0.6443419777838088,0.3968797569303514
2721,CCCCCCCC(=O)OC1=C(Br)C=C(C=C1Br)C#N,0.3505532642302794,0.7505480793656746,6.476561,0.0066744614641271,0.09287427755065514
2722,CCCN1CCN(CC1)C1=NC(=O)C(S1)C1=CC=CC=C1,0.8588128740353274,0.0594644660860178,-9.3945465,0.3168722107412732,0.19094727727035737
2723,CC1=CC=CC(=C1)N1CCN(CCCCN2C(=O)CNC2=O)CC1,0.6335388181921434,0.6886890186300625,-6.6885457,0.0477291626954481,0.3900526753452466
2724,CC1=CC=CC=C1C1=C(O)C2=C(OC1=O)C=CC=C2,0.6744680722846318,0.9617194636469868,3.3720784,0.9238136423821856,0.7887005610421095
2725,CCC1=C(C)N(CCN2CCCCC2)N(C1=O)C1=CC=CC=C1,0.8492649274292767,0.4754446255558145,-13.735784,0.7666622635186875,0.32864527748293065
2726,COC1=CC(OC)=C(C=C1)C(=O)CCN1CCCCC1C,0.7547571077753416,0.0662837107172342,-4.144941,0.5456468459402051,0.7137706468409725
2727,CC(C)C(C(=O)OC(C#N)C1=CC(OC2=CC=CC=C2)=CC=C1)C1=CC=C(OC(F)F)C=C1,0.3417339641015032,0.8502356951982304,9.692434,0.0191202635412203,0.12337384417524895
2728,OC1(CCN(CC1)C(=O)C1=CC=C(NC2=CC=NC3=C2C=CC(=C3)C(F)(F)F)C=C1)C1=CC=C(Cl)C=C1,0.3082998494544284,0.6498683505162606,-0.81107473,0.0615218718668689,0.17812748528921446
2729,CNC(=O)OC1=C(Cl)C=CC=C1,0.7275124381872444,0.9962080914896831,-8.675886,0.0106477744248457,0.16782559364464392
2730,CCOC(C(=N)NCC1=CC=CC=C1)C1=CC=CC=C1,0.6215600633224062,0.2293001404441254,9.80564,0.4153468571744048,0.20191207829798072
2731,CCOC(=O)\C=C\C1=CC=C(CC(NS(=O)(=O)C2=CC=C(Cl)C=C2)C2=CC=CN=C2)C=C1,0.3653672845043187,0.0102749812176515,10.29374,0.0390595684769808,0.2711022502099788
2732,CCC(C)C(CN(C)C)C1=C(OC)C=CC(Cl)=C1,0.7728249651762071,0.0363676177520681,-8.88055,0.4611657860101526,0.559138029798866
2733,CC1=CC(O)=CC(C)=C1O,0.5356573261636615,0.9995478190427892,16.22574,0.0628526193706502,0.3389085386666588
2734,CC1=CC=C(C=C1)C1=C(O)C2=C(OC1=O)C=CC=C2,0.6744680722846318,0.9785047633129464,-5.7363944,0.9382380258834084,0.8390400717577764
2735,CNC(=O)OC1=C(OC(C)C)C=CC=C1,0.8296418352028072,0.9949150653868432,9.386358,0.6102768159469522,0.42679548426732505
2736,OC(=O)\C=C\C(=O)C1=CC=C(Cl)C=C1,0.6145423101203343,0.9981922565911244,7.420385,0.7532378425051242,0.7664539755876995
2737,CC1=C(Cl)C=CC=C1NC1=C(C#N)C(Cl)=C(C#N)C(Cl)=C1C#N,0.7848567266185308,0.997316433064365,5.7776294,0.1326317641431331,0.08271517752297801
2738,CCC1=CC=CC(CC)=C1C1=C(O)C2=C(OC1=O)C=CC=C2,0.7330309201086678,0.9793479713634532,3.9979525,0.7677023528040201,0.6344760715510137
2739,CCOC(=O)C1=CC=C(CC(NS(=O)(=O)C2=CC=C(Cl)C=C2)C2=CC=CN=C2)C=C1,0.526734052592732,0.0098922547658564,1.0386695,0.0471615182994535,0.3149783831245419
2740,ClC1=CC(NC(=O)N(CC(COC2=CC=CC=C2)N2CCCC2)C2=CC=CC=C2)=CC=C1,0.4637475570107416,0.0766077370733508,-3.620329,0.230740574572563,0.13369590658755226
2741,CC(C)COCC(CNC(=O)NC1=CC=CC(Cl)=C1)N1CCCC1,0.750407981565661,0.0020157144602297,-7.4957557,0.1077533604728776,0.1450041673533964
2742,CN(C)C(=O)OC1=CC=CC(=C1)C(C)(C)C,0.7291086730980404,0.9949588552521176,3.6440644,0.4501269251725245,0.650611556585273
2743,CC1=CC=C(OC(N)=O)C=C1C,0.6888930834293711,0.9976121671926892,9.978084,0.0157034787444793,0.18406572883026656
2744,CCOC(=O)C(CC)(CC(=O)OCCN(CC)CC)C1=CC=CC=C1,0.5744424506867579,0.7272427486469287,5.5081506,0.8356849313300998,0.6822664824008317
2745,CC1=NC2=C(C=C(N)C=C2)C(=O)N1C1=C(C)C=CC=C1,0.6878414028451575,0.0125350888915417,13.373633,0.7611981370387667,0.3973719600266162
2746,CC1=C(C=CC=C1)N1C(\C=C\C2=CC=NC=C2)=NC2=C(C=CC=C2)C1=O,0.5602122947012083,0.0079457008825608,2.1842775,0.0194851244800105,0.1394010117772056
2747,COC1=CC=CC=C1NC(=N)C1=C(Cl)C=CC=C1,0.6515075732033501,0.5764438465370829,2.5154705,0.1519629726744956,0.12467428908436687
2748,CCC1=CC=C(OC(N)=O)C=C1C,0.7545817974214517,0.9607140292882363,9.480899,0.0256075258539803,0.2557592024421777
2749,CCCOCC(CNC(=O)NC1=CC=C(Cl)C=C1)N(CC)CC,0.6392402969134401,0.0017350306978779,-2.3354702,0.8358547889712603,0.4189917376543928
2750,CC1=C(C)C(NC2=C(C#N)C(Cl)=C(C#N)C(Cl)=C2C#N)=CC=C1,0.8358247160427023,0.9230204318404028,6.908792,0.109586655010531,0.10372804414484167
2751,CNC(=O)OC1=CC=C(N)C(C)=C1,0.6399744146018148,0.948362283706398,6.9521413,0.01916100072946,0.2016781345211954
2752,CCC1=CC=CC(CC)=C1NC(=O)\N=C(\NC)N(C)C,0.6584826929001802,0.1794822448661433,12.475396,0.8709571707783582,0.4602811945044526
2753,NC(=O)NCCC1=C(Cl)C=CC=C1Cl,0.8255586252437749,0.953182422559327,-13.420381,0.7623288158042082,0.6772191158394907
2754,CCOC(=O)NNC(C)C1=CC=C(Cl)C=C1,0.7984787209606554,0.2632680454352578,-7.854101,0.3539954752734788,0.3211368347004061
2755,C[C@H](N)[C@H](O)C1=CC(O)=CC=C1,0.6092207315266324,0.999581665773428,4.934912,0.6215706830323007,0.3559600136762088
2756,CCOC(=O)OC1=CC=C(C=C1)C(CNS(=O)(=O)C1=CC=C(Cl)C=C1)CC1=CC=CN=C1,0.3601917383059758,0.0059267097034414,4.798547,0.0383615104660831,0.3382161716471447
2757,OC(=O)\C=C\C(=O)C1=CC=CC=C1,0.5606069959490948,0.9970864847577816,14.410304,0.586509530212973,0.7569332162964605
2758,CN(C)C1=CC=C(NC(=O)CCCN2CCN(CC2)C(C2=CC=CC=C2)C2=CC=CC=C2)C=C1,0.498204944807824,0.981612776969196,-0.010810494,0.7728183049898883,0.7644380812242679
2759,CCC1=CC=CC(C)=C1NC(=O)NC(N)=N,0.4498108870975098,0.8078070026765575,16.980793,0.2198318829632195,0.655954247799048
2760,CCOCC(CNC(=O)NC1=CC=CC(Cl)=C1)N1CCOCC1,0.7977856948471883,0.0015520321900208,-9.029101,0.177502027196051,0.36880583523385857
2761,CC1=CC(=O)C(C)=CC1=O,0.4659417707377386,0.9996578897350334,22.382122,0.0747718191338804,0.5536710139804017
2762,CC(COC1=CC=CC=C1)NC(C)C(O)C1=CC=C(O)C=C1,0.7357108216476381,0.9998835502008993,3.7196774,0.9501895676051474,0.6921695708465174
2763,CNC(=O)OC1=CC=CC(=C1)C(C)C,0.783353648710398,0.9887033175439351,-3.3396468,0.1327061521618159,0.30621954930998774
2764,COC1=CC=CC(=C1)C1(CCCCC1CN(C)C)OC(C)=O,0.7831242740411768,0.0719670626046826,-5.9397106,0.8024083504056648,0.7282796418680195
2765,CC1=NC2=C(C=CC=C2)C(=O)N1C1=C(C)C=C(Cl)C=C1,0.6834566741085927,0.1140894907971423,-2.5625277,0.6649920477291739,0.4692749590660405
2766,CC(C)C1=CC(OC(=O)N(C)SN(C)\C=N\C2=CC=C(Cl)C=C2C)=CC=C1,0.3327158799784082,0.0458905235655045,6.353095,0.0407211905848329,0.3760257021097279
2767,CNC(=O)OC1=C(C=CC=C1)C(C)C,0.783353648710398,0.9960244354974293,-11.827596,0.147567655080892,0.2553575373412353
2768,CC(C)(C)C1=CC(OC(N)=O)=CC=C1,0.7443081127798854,0.6329462240683374,6.580278,0.1468631595413416,0.4019378368057275
2769,CCOC(=O)NNCC1=CC=CC=C1,0.7128948174757967,0.9955116181115928,8.442365,0.0292430792703161,0.25743944341537867
2770,CN(C(=O)CF)C1=CC=CC(C)=C1,0.6822544559542008,0.1919806481297647,-3.4735816,0.0058088316114454,0.1459742115207673
2771,CCC(NNC(C)=O)C1=CC=CC=C1,0.7138490945647602,0.9898692299535764,16.94231,0.2963181007904243,0.31186073776325485
2772,CCOC(=O)C1=CC=C(CC(CNS(=O)(=O)C2=CC=C(Cl)C=C2)C2=CC=CN=C2)C=C1,0.4851326402820826,0.0049449874221793,-1.1903754,0.0346656621118357,0.2795071922363516
2773,O=C=NC1=CC=CC=C1,0.4079622159661331,0.9995873849732968,15.495807,0.0836261994639191,0.15614666267777216
2774,COC1=CC=CC=C1CCC(C)(C)NCC(O)C1=CC=C(O)C=C1,0.6941940932068048,0.9927601528829848,7.598745,0.8876337274358762,0.40153834900532565
2775,CCOC(=O)C(\C)=C\C1=CC=C(C=C1)C(CNS(=O)(=O)C1=CC=C(Cl)C=C1)CC1=CC=CN=C1,0.3136130404557403,0.022469266089408,9.716305,0.0273033318961024,0.2781203803603158
2776,CCC1=CC=CC(CC)=C1NC(=O)NC(N)=N,0.4743630642674576,0.8648263051936178,14.9043665,0.7005158066013776,0.6398175249819473
2777,CCN(CC)C(=O)C1=CC(OC)=C(O)C=C1,0.8474983482243595,0.9971237528287816,-4.3466964,0.1039489698513935,0.2995393983855642
2778,CCN(CC)C(C)C(=O)C1=CC=CC=C1,0.6885993839924636,0.9999274768923486,2.2100177,0.7831839103197513,0.4320187068992989
2779,CNC(=O)OC1=CC(C)=CC=C1,0.6875550279831611,0.997202559628511,1.7501496,0.0074197625625495,0.11386367528279699
2780,CCC(C)C1=C(OC(=O)NC)C=CC=C1,0.8271598708363036,0.9896699521341666,-9.510329,0.1898402958826059,0.3281377471804035
2781,OC(=O)C1=C(O)C=C(CC2=CC=CC=C2)C=C1O,0.7742367070223959,0.9985704274643628,2.14159,0.9476867321224008,0.8067495126439013
2782,CCCCC(=O)C1=CC=C(N)C=C1,0.567171927651623,0.9900838864500684,13.622464,0.0069577590371884,0.5248589096054188
2783,OCCOC1=C(C=CC=C1)C(O)=O,0.7208126356450948,0.9990955713586768,9.997677,0.0727383598696008,0.4408516884283095
2784,CCCC(=O)C1=CC=C(N)C=C1,0.5482410125635564,0.9896377660421408,11.452252,0.0106181117052303,0.2864418395347631
2785,CC(C)C(C(=O)OC(C#N)C1=CC=CC(OC2=CC=CC=C2)=C1)C1=CC=C(Cl)C=C1,0.4005274519265481,0.9815774986678852,7.231277,0.032528879256047,0.08265245146314348
2786,COC1=CC=CC(C)=C1NC(=O)NC(N)=N,0.4436070895594004,0.7657892228248682,19.278858,0.1330065044562299,0.33577435049190474
2787,OC1=C(CC2=CC=CC=C2)C=C(Cl)C=C1,0.8162310000887919,0.9992238546409752,0.5026573,0.6698008770180838,0.48893932285804836
2788,NC(=O)C1=C(O)C=CC=C1,0.5912712208356958,0.9991278354255192,10.600881,0.0735323865608804,0.32961854633194304
2789,OC(=O)\C=C\C1=C(NC(=O)C2=CC=CC(=C2)C(F)(F)F)C=C(Cl)C=C1,0.766974178114192,0.007532330026055,-6.4387503,0.1610037752135563,0.4879788560640538
2790,OC(=O)C1=CC=CC=C1NC1=CC=C(NC2=CC=CC=C2)C=C1,0.6289284789691814,0.9989548043478328,0.7936121,0.1546760534733582,0.4547890826481894
2791,CCC1=CC(OC(N)=O)=CC=C1,0.7247386815300403,0.3382218378675842,13.6053295,0.0151805682484166,0.25155941541257526
2792,OC(=O)CC1=C(NC2=C(Cl)C=CC=C2Cl)C=CC=C1,0.8807285394160606,0.9996512650904004,6.4520907,0.9994614131662112,0.8776871124621239
2793,CC(C)CCOC1=CC=C(C=C1)C(=O)CCN1CCN(CC1)C1=CC=CC=C1,0.5995361471239679,0.9883033442879092,-0.2632054,0.1623542769118661,0.5154079221024384
2794,CCN(CC)CCNC(=O)C1=CC(Cl)=C(N)C=C1OCC1=CC=CC=C1,0.6572792551688835,0.9990014960195188,-2.74024,0.4721319964228123,0.6786580707194009
2795,CCCOC1=C(OC)C=CC=C1CC(=O)NN,0.4405917074572784,0.0720778170109183,15.141532,0.1265678459767566,0.24145791135854172
2796,CCCCOC1=C(OC)C=CC=C1CC(=O)NN,0.3328674234092046,0.0214331171419557,15.770179,0.283211911511294,0.23102866295782465
2797,CC1=C(Cl)C=CC=C1NC1=C(C=CC=C1)C(O)=O,0.8748545232166112,0.9998794221262184,0.7859014,0.9407794040537426,0.7671145827128434
2798,C1NC2=C(NCP1C1=CC=CC=C1)C=CC=C2,0.7500110295154832,0.995778364776335,-10.174894,0.0839941934923942,0.23230034012702064
2799,OC[C@]1(O)[C@@H]2O[C@]3(O)O[C@H]1[C@@H](O)[C@@]14NC(=N)N[C@@H](O[C@H]31)[C@@H]24,0.2546007362765248,0.1381679894045548,32.632347,0.6590008510252918,0.7151145479948398
2800,CC(C)NS(=O)(=O)N=[N+]=[N-],0.3740267970050908,0.9960069562172288,16.65601,0.658929572930773,0.6325575088117554
2801,OC(=O)CCCCCCCCC#CI,0.422582566191952,0.9986589413425706,20.938965,0.0459470267451522,0.5788323929740903
2802,S=P1(CN(CP(=S)(CN(C1)C1=CC=CC=C1)C1=CC=CC=C1)C1=CC=CC=C1)C1=CC=CC=C1,0.2863482389820823,0.9580404166043642,11.138938,0.4193923889282769,0.64045771288467
2803,[O-][N+](=O)C1=CC(=C(OC(F)(F)C(F)F)C=C1)[N+]([O-])=O,0.4702535741362452,0.7175033842340917,17.829693,0.5828647287876683,0.3733382446943893
2804,COP(=S)(OC)OC1=CC=C(SC2=CC=C(OP(=S)(OC)OC)C=C2)C=C1,0.4147446543674735,0.9992841683336596,30.524288,0.4678770051795928,0.6712967353401342
2805,FCCN(N=O)C(=O)NC1CCS(=O)(=O)CC1,0.5820524098530512,0.8560394559012416,17.060997,0.2389648016051071,0.45769773611409886
2806,O=C1NC(=O)C2=C(N=CN2)N1CC1CC1,0.714670888482077,0.9989380157570876,2.3019452,0.5851013611106431,0.12814816890399341
2807,C\C(=N/NC(N)=S)C1=C(Br)C(C)=NS1,0.4954201494369304,0.0097759346468556,19.117184,0.0642133968050416,0.19754183300352499
2808,CN1C=CN=C1[N+]([O-])=O,0.403041068294368,0.960256777252128,15.816051,0.9028608454089404,0.6329358454650069
2809,OC[C@@]1(O)[C@H]2O[C@@]3(O)O[C@@H]1[C@@H]1CNC(=N)N[C@]1([C@@H]2O)[C@@H]3O,0.237423315519867,0.7054707137637861,37.767715,0.4338757487269226,0.7469026541695328
2810,CS\C(=N/OC(=O)N(C)SN(C)C(=O)OC(C)C)C(=O)N(C)C,0.246457851160461,0.0068456341175146,21.716545,0.6343890649247875,0.6373615752644579
2811,ClC1=CC2=C(OC3=C(O2)C(Cl)=C(Cl)C(Cl)=C3)C(Cl)=C1Cl,0.3696671163203152,0.998346741423612,20.703308,0.8847080526445795,0.6142440893792351
2812,CC(C)=C[C@@H]1[C@@H](C(=O)OC2CC(=O)C(CC#C)=C2C)C1(C)C,0.4535778186943017,0.4975250627894035,-6.0595,0.0121392615944648,0.09265708794952032
2813,Cl[C@@H]1C[C@@H](Cl)[C@@H]2[C@H]1[C@]1(Cl)C(Cl)=C(Cl)[C@@]2(Cl)C1(Cl)Cl,0.4512924377010624,0.9990017595870692,29.619747,0.4766750916109943,0.12657937489224375
2814,ClC1=CC2=C(OC3=C(O2)C=C(Cl)C(Cl)=C3Cl)C=C1Cl,0.4100207416473069,0.9986249601266284,17.226967,0.8754291884857158,0.5328062112933235
2815,COP(=O)(NC(C)=O)SC,0.668589141165655,0.9988051249869484,11.976633,0.8961149045885332,0.6988472841607735
2816,CN1CCN(CC1)C1=CC2=C(OC3=C1C=CC=C3)C=CC=C2,0.7993618953255576,0.9878848731963484,1.0260643,0.9605123786807664,0.8177979082617648
2817,CN1CCN(CC1)C1=NC2=C(NC3=C1C=CC=C3)C=CC=C2,0.8093528922778096,0.9995837227919312,2.2776456,0.9679835496140932,0.48109317361159104
2818,CC(C)C(C)\C=C\[C@@H](C)[C@H]1CC[C@H]2\C(CCC[C@]12C)=C\C=C1/C[C@@H](O)CC[C@@H]1C,0.469862758068285,0.9998823030577348,23.34423,0.9901085217162592,0.8405075436281264
2819,CCOP(=S)(OCC)OC1=NN=CC=C1,0.7188904387384489,0.060618869328924,11.936378,0.5947084706414579,0.27021259940882414
2820,CO\N=C\C1=CCCN(C1)C(=O)OCC=C,0.4135628977675694,0.00087862261037,-3.7889004,0.0121478837565461,0.06919609644094077
2821,CCSC(=S)N(C)C,0.5211906517323244,0.9917925792623136,16.318686,0.1556040544013171,0.5632268656727578
2822,C\C=C\C1CC(=O)N2CCSC2=N1,0.591511500323415,0.0425690702918958,21.934246,0.0760476763992693,0.0872590859479591
2823,CN(C1=C(Br)C=C(F)C=C1F)C1=C(C=C(C=C1C(F)(F)F)[N+]([O-])=O)[N+]([O-])=O,0.352662961931716,0.2260792272234598,11.827084,0.1140738063981033,0.32215236284012105
2824,FC(F)(F)C1=CC=C(CC2=NCCN2)C=C1,0.8244449621763907,0.9980386222571326,-2.1581502,0.1681413811813401,0.3406966505446856
2825,NNC1=NC2=C(O1)C=CC(Cl)=C2,0.5225331534889569,0.9980220701625048,0.0013021231,0.4782125048000301,0.24324724596383165
2826,[O-][N+](=O)C1=CC(=C(NC2=CC=C(F)C=C2F)C(=C1)C(F)(F)F)[N+]([O-])=O,0.4883476404740691,0.3041866662828584,10.450526,0.2060051358589139,0.28675281126366253
2827,ClCCOCCCl,0.4274047163232894,0.9950019365372744,12.720992,0.0650387352984701,0.3673391032662497
2828,CN1CCN(CC1)C1=CC2=C(OC3=C1C=C(F)C=C3)C=CC=C2,0.7989975934406146,0.4073223597669254,-1.9747703,0.7798590189999858,0.5644798296849624
2829,CC(O)C1OCC[C@@H](C)[C@H](O)C(=O)OC[C@]23CCC(C)=C[C@H]2OC2C[C@@H](OC(=O)\C=C/C=C\1)C3(C)[C@@]21CO1,0.297579092753617,0.872431002022269,18.035072,0.9495166674799934,0.6874274502055489
2830,COP(=S)(OC)OC1=NN=C(OC2CCCCC2)C=C1,0.7468171766755388,0.0142040308314887,12.770957,0.0538450702546701,0.372145931073133
2831,CO\N=C\C1=CCCN(C1)C(=O)OC(C)C,0.5443115446144825,0.001060917862662,-0.24470341,0.0374866836283964,0.18854404036285347
2832,CN1C(C)=CN=C1[N+]([O-])=O,0.4254818735235038,0.9705400782702488,18.694952,0.861858465742943,0.6211067130081438
2833,CN1C[C@@H]2CC[C@H](C1)N2C(=O)C(C)(C)C,0.6021335567740732,0.9857882661121864,-6.175101,0.016419380183926,0.1708226519614628
2834,NC1=NC=NC2=C1N=CN2[C@@H]1O[C@@H]([C@@H](O)[C@H]1O)C(=O)NC1CC1,0.523078825442826,0.9329127099388376,-4.8230195,0.5557976107714856,0.40577584080167844
2835,BrC1=CC2=C(OC(=S)NC2=O)C(Br)=C1,0.7500727786741258,0.3582758639021849,9.515508,0.4176052543428721,0.2934791166868924
2836,NCC1=CC(=O)NO1,0.5129916410814168,0.9975726800203806,7.4561324,0.7660144393362868,0.4472908081912143
2837,CNS(=O)(=O)C1=CC=C(OP(=S)(OC)OC)C=C1,0.8024895657869774,0.9968832952359158,21.91256,0.7590468790518828,0.4462775376167931
2838,CCOP(=S)(OC1=CC=C(C=C1)S(=O)(=O)N(C)C)N(C)C,0.7009609636243753,0.0332420131645624,-2.98274,0.2101338188208858,0.5766150904090704
2839,CN1CCN(CC1)C1=NC2=C(NC3=C1C=C(C)S3)C=CC(F)=C2,0.8009036620036476,0.8800333838517509,8.684878,0.8561385765991739,0.23121519014171915
2840,NC(=O)[C@H]1O[C@H]([C@H](O)[C@@H]1O)N1C=NC2=C1N=CN=C2N,0.4692330364581313,0.9994455832933212,5.0679245,0.9172637416510304,0.8808290002224248
2841,CCCOP(=S)(OCCC)SCCSC,0.4423367238372749,0.9977444686742484,17.165497,0.4734495548698381,0.33687058853291185
2842,CC(C)[C@H](O)CC[C@@H](C)[C@H]1CC[C@H]2\C(CCC[C@]12C)=C\C=C1\C[C@@H](O)C[C@H](O)C1=C,0.5310504106541728,0.9968840943554824,26.81725,0.993585588173854,0.8807505494690494
2843,COP(=S)(OC)SCSC1=CC=C(Cl)C=C1,0.4310941042088562,0.6993862384310167,16.049149,0.2271762791438283,0.20508736894941615
2844,CN(C)CCN1C2=C(C=CC=C2)C(=NNC2=NCCS2)C2=C1C=CC=C2,0.5711647440404457,0.0225326950722597,19.22804,0.1840173694359006,0.11196176696553686
2845,O=S(=NCCN1CCCC1)(C1=CC=CS1)C1=CC=CC=C1,0.8406980358465783,0.0063075168005122,16.753658,0.4963217150422112,0.2306636025325206
2846,CSC1=C(Cl)N=C(N=C1N)N1CCN(C)CC1,0.6451992354629306,0.1919452904832578,11.301858,0.6490790864773753,0.28341659065514985
2847,NC1=[N+]([O-])C=NC2=C1N=CN2[C@@H]1O[C@@H]([C@@H](O)[C@H]1O)C(=O)NC1CC1,0.3542375104088164,0.1124364141270315,8.472676,0.7318354640307497,0.5653964335752736
2848,OS(=O)(=O)SCC(=N)NCCC1CCCCC1,0.2997469902127229,0.0159226324793044,11.655846,0.1132121506548404,0.30358938701617894
2849,CN(C1=CC(Br)=C(Br)C=C1)C1=C(C=C(C=C1C(F)(F)F)[N+]([O-])=O)[N+]([O-])=O,0.3913596732523171,0.3165468495155662,8.7556,0.1244968902616436,0.3407072255235046
2850,CN(C)CCN1C2=C(SC3=C1N=CC=C3)C=CC=C2,0.8528694710715266,0.999477903820712,8.4559355,0.9382884275094228,0.6578993672460042
2851,CN1CCC2=C(C1)C(C1=C2C=CC=C1)C1=CC=CC=C1,0.7517506781837711,0.9964519697074272,8.467204,0.9607329613149715,0.718393174300328
2852,ClCCN(N=O)C(=O)N[C@@H]1CCCC[C@H]1Cl,0.4833482126821231,0.9955004590793632,20.817266,0.8268947142418038,0.41549963645004206
2853,COP(=S)(OC1=CC(Cl)=C(Cl)C=C1Cl)C1=CC=CC=C1,0.538994576767836,0.6671592250154114,11.854213,0.7282155177707494,0.5270706762238181
2854,COP(=S)(OC)OC1=CC=C(C=C1)S(=O)(=O)NC(C)C,0.7683840900513248,0.9866215428721902,18.18757,0.4617851526807585,0.6272476913240005
2855,NC1=NN=C(O1)C1=CC=CC=C1,0.6845207561437586,0.987344439928186,1.6426376,0.1526526416008631,0.27014695360588986
2856,C[C@H](CCC(O)C(C)(C)O)[C@H]1CC[C@H]2\C(CCC[C@]12C)=C\C=C1\C[C@@H](O)CCC1=C,0.5199919050350968,0.9995994365335644,26.657461,0.9927844189607768,0.8703077851931258
2857,CC1CCCC(C)N1CCC(CC=C)(C#N)C1=CC=CS1,0.7097466908572648,0.007987463073683,18.529093,0.004388318884794,0.07206217275304798
2858,CCC1CC(=O)N2CCSC2=N1,0.6110408108824005,0.26968164297016,17.09885,0.1938386442589097,0.12177051300683037
2859,C[C@@]12[C@H](CC[C@]1(O)[C@@H]1CC[C@@H]3C[C@H](CC[C@]3(C)[C@H]1C[C@H]2OC=O)OC=O)C1=CC(=O)OC1,0.3937535036143338,0.0068944563900546,10.904859,0.9554975670759028,0.24108200693437123
2860,NC1=NC=NC2=C1N=CN2[C@@H]1O[C@@H]([C@@H](O)[C@H]1O)C(=O)NC1CCCC1,0.556739990374598,0.8706795030421421,-1.3905718,0.4484186866147063,0.2824720608330404
2861,CN(C)C(=O)N(C)C(=O)N1CCN(CC1)C1=CC=C(C=C1)C(F)(F)F,0.7752320119566891,0.3108009468094717,8.946528,0.0916215290875021,0.2960055099178279
2862,NC(=O)NC1=NCCCCC1,0.5289170790729697,0.9863036182794176,14.396321,0.1377199024530185,0.20063453742376786
2863,CSC1=C(Cl)N=C(NCC=C)N=C1N1CCN(C)CC1,0.5106483202892401,0.0162784118688683,6.583237,0.0068160651299324,0.10433911227105583
2864,CCC1=CN(C)C(=N1)[N+]([O-])=O,0.4703310398119177,0.8930731524275535,19.083382,0.7488104689824749,0.3885426020975489
2865,NC1=NC=NC2=C1N=CN2[C@@H]1O[C@@H]([C@@H](O)[C@H]1O)C(=O)NCC1CC1,0.530728859135374,0.9810351840114748,-6.2131877,0.2531411952101097,0.2395155829922479
2866,CN1CCN(CC1)C1CC2=C(SC3=C1C=CC=C3F)C=CC=C2,0.7856361830475322,0.1984556195683186,5.070471,0.8892222810876126,0.6775431356983038
2867,COP(=S)(OC)OC1=CC=C(C=C1)[N+]([O-])=O,0.4614631324885302,0.9987503128084452,20.029848,0.3433308552523831,0.385945125421365
2868,CO[P@](=S)(OC1=C(Cl)C=CC(Cl)=C1)C1=CC=CC=C1,0.7588237811176506,0.1186157706290332,9.975329,0.6019537253489621,0.3267243117756843
2869,CCCOP(=O)(OCCC)OC1=CC=C(SC)C=C1,0.4864305342405526,0.5272643677500573,11.785833,0.8196375922243632,0.6114926375721537
2870,CN(C)CCCN1C2=C(C=CC=C2)C(=NNC2=NCCS2)C2=C1C=CC=C2,0.5466850076119784,0.3793773986709974,19.582527,0.2008821856293658,0.1297578437151191
2871,COC1=CC(=CC(OC)=C1OC)[C@H]1[C@@H]2[C@H](COC2=O)[C@@H](O[C@@H]2O[C@@H]3COC(O[C@H]3[C@H](O)[C@H]2O)C2=CC=CS2)C2=C1C=C1OCOC1=C2,0.3551486715360762,0.9991478616887576,13.705228,0.9422674019031057,0.36339920212799187
2872,NC(=S)N\N=C\C1=CC=NC=C1,0.3888165831685101,0.583661432786214,16.865938,0.0520227187408202,0.31817567168252037
2873,CCOP(=S)(OCC)OC1=NOC(=C1)C1=CC=CC=C1,0.7196991482817544,0.779409981919414,16.013016,0.0690013421165068,0.2569353775942701
2874,COP(=S)(OC1=CC(Cl)=C(Cl)C(Cl)=C1)C1=CC=CC=C1,0.538994576767836,0.3286260110543705,15.331748,0.7293324418869024,0.42645563927245433
2875,CN(C(C)=O)C(=O)O\N=C(\C)SCCC#N,0.2469335142691863,0.002842385365139,23.332355,0.0375762955335999,0.09089728831108038
2876,COP(=S)(OC1=CC=C(Cl)C(Cl)=C1Cl)C1=CC=CC=C1,0.538994576767836,0.2412503551302047,17.231518,0.5211163568369811,0.45824468977169774
2877,CC(=O)O[C@@H]1C[C@@]2(C)C3CC=C4[C@@H](C=C(OC(C)=O)C(=O)C4(C)C)[C@]3(C)C(=O)C[C@]2(C)[C@H]1C(C)(O)C(=O)\C=C\C(C)(C)O,0.2611368609164879,0.7374891034415889,16.15292,0.9842147362157944,0.8509101781640129
2878,CCCCOC(=O)N1CCC=C(C1)\C=N\OC,0.4202630289150864,0.0010175369057763,-14.335584,0.0131398006868096,0.16123617762929462
2879,CC1CC(C)CC2(C1)OC(N)=NC2=O,0.6295077836735091,0.4826424095065006,2.8902678,0.104869663901572,0.29162595674694736
2880,CCN(CC)S(=O)(=O)C1=CC=C(OP(=S)(OC)OC)C=C1,0.6695703800444186,0.990062249462348,17.009228,0.1616965904008435,0.647681514536471
2881,COP(=S)(OC1=CC=CC(Cl)=C1Cl)C1=CC=CC=C1,0.7588237811176507,0.1438667156187504,14.289437,0.4119474833077747,0.2939638052022893
2882,CCCCC(C)(C)[C@H](O)\C=C\[C@H]1[C@H](C)CC(=O)[C@@H]1C\C=C/CCCC(O)=O,0.3631230351291241,0.8701181391138888,17.022846,0.8881428297214514,0.6166983589298625
2883,CN1C[C@@H](CN2C=NC=N2)C[C@H]2[C@H]1CC1=CNC3=CC=CC2=C13,0.790835756739712,0.2512745350103444,-16.481113,0.173000386757748,0.15782639363224568
2884,CCNS(=O)(=O)C1=CC=C(OP(=S)(OC)OC)C=C1,0.7717597906785085,0.990924986451262,19.624199,0.4861239550482219,0.5588494720399101
2885,CS\C(C)=N\OC(=O)N(C)S(=O)OC1COC(OC1)C1=CC=CC=C1,0.3313588081189231,0.0946800246212679,16.322372,0.160074871618987,0.20807616767240064
2886,CC[C@H](O)[C@@]1(CC)C[C@@H](C)[C@@](O)(O1)[C@]1(C)C[C@H](C)[C@H](O1)[C@@H](CC)C(=O)[C@@H](C)[C@@H](O)[C@H](C)[C@H]1O[C@](O)([C@H](C)C(O)=O)[C@H](C)C[C@@H]1C,0.192871766293513,0.969797658465842,18.957794,0.9612022189516946,0.8454299840471373
2887,CC\C=C(/C)C1(C)C(=O)NC(=O)N(C)C1=O,0.5629956776863018,0.7127352585238005,-12.506508,0.9068343254345228,0.711719452495782
2888,COC1=CC(OP(=S)(OC)OC)=CC=C1[N+]([O-])=O,0.4525678969657712,0.9969031198586544,22.186745,0.4276566803813958,0.45087921725463653
2889,C=CCOC(=O)CCCCC(=O)OCC=C,0.342622834939384,0.9991228620717096,12.696319,0.092408902306681,0.2488152294588002
2890,CN1CCN(CC1)C1=NC(Cl)=C(C)C(Cl)=N1,0.7219913120539128,0.9793753312517902,17.914959,0.5170142987441276,0.4464708197955497
2891,CCCCCCC(C)O,0.5662247345927632,0.9991442183989604,10.252882,0.0038368681807688,0.0917385178984053
2892,O=C1C2=C(C=CC=C2)C=C(N2CCN(CC3CC3)CC2)C2=C1C=CC=C2,0.7202038331846178,0.0519836837123755,4.902217,0.2765929756421307,0.3657986296895599
2893,CO[C@H]1CC[C@@H](O[C@H]2C[C@@H](O[C@]3(O[C@@H](C[C@H]3C)[C@@H]3O[C@](O)(CO)[C@@H](C)C[C@H]3C)[C@@H]2C)[C@]2(C)CC[C@]3(C[C@H](O)C(C)[C@H](O3)[C@@H](C)\C=C(/C)C(=O)[C@H](C)C[C@H](C)C(O)=O)O2)O[C@@H]1C,0.1544104989844843,0.9957581047893804,28.504375,0.9859550886226928,0.7273163020543544
2894,CCCCSS(=O)N(C)C(=O)O\N=C(/C)SC,0.1883900786863462,0.2620499081569031,22.721497,0.2486706576844155,0.41302467103754636
2895,ClC1=C(Cl)C=C(CC2=CSC(=N2)N2CCNCC2)C=C1,0.9353449968166302,0.0094772927867506,-3.2130556,0.0858890805915726,0.22474501915816422
2896,CCOP(=S)(OCC)SCCSCC(=O)NC,0.4933565541236777,0.9975099273365068,13.055501,0.2950839810006193,0.3594454765297308
2897,C=CCN1CCN(CC1)C(C1=CC=CC=C1)C1=CC=CC=C1,0.777263842107457,0.9992100595086266,6.164631,0.6157423686684305,0.5072801871804705
2898,BrC1=CC=CC2=C1C(=O)C(C2=O)C1=CC=CC=C1,0.754026205373999,0.99861527921016,5.287224,0.7833620623775266,0.6349488225187849
2899,COCCCNC1=NC(N2CCN(C)CC2)=C(SC)C(Cl)=N1,0.4608423789484159,0.0117590543575883,4.1087446,0.2895276665770743,0.2513805068081762
2900,CCCOP(=S)(OCCC)SCC(=O)NC,0.6597042802840074,0.9974345799335256,8.962101,0.3533590963185339,0.4364955668097864
2901,COP(=S)(OC)OC1=CC(C)=C(C=C1)S(C)(=O)=O,0.7777177780525886,0.99521547438635,19.23966,0.4747885507062027,0.5111545917086638
2902,ClC1=CC=C(C=C1)C(C1=CC=CC(Cl)=C1)C(Cl)(Cl)Cl,0.5403341220433435,0.9997132494019872,19.457006,0.9026965374588866,0.6534682129023267
2903,CN(C)C1=CC=C(C=C1)N1CCN(CC1)C1CCC(=O)N1,0.904228046672573,0.0354108254253426,-6.722897,0.124464182833023,0.3079949245336032
2904,CC1CCC(CC1)NC(=O)N(CCCl)N=O,0.4713603546084927,0.9967200932837508,17.000042,0.13122955967634,0.3501154345267869
2905,CCN1CCN(CC1)C1=CC2=C(OC3=C1C=CC=C3)C=CC=C2,0.8359357289758182,0.225696738589109,-2.1314683,0.8974387001721996,0.7899294260646238
2906,CCOP(=S)(OCC)SCSC1=CC(Cl)=C(Cl)C=C1,0.3098385229885964,0.9873910515423464,2.0740952,0.4927024613554583,0.3475528122457708
2907,CC(C)CC(=O)O[C@H]1C[C@@]2(COC(C)=O)[C@H](O[C@@H]3[C@H](O)[C@@H](OC(C)=O)[C@@]2(C)[C@]32CO2)C=C1C,0.2697183396549372,0.0947279799084311,7.0391364,0.9409408530632918,0.6443963682596252
2908,BrC1=CC2=C(C=C1)C(=O)C(C2=O)C1=CC=CC=C1,0.754026205373999,0.9972400987271698,13.221756,0.867090468570418,0.6210827184375074
2909,S=C(CC1=CC=CC=C1)N1CCOCC1,0.7076445038414328,0.1190473230228341,10.342516,0.4080988331427419,0.17294448962456493
2910,CCOP(=S)(OCC)SCCC(=O)NC,0.68546167825524,0.9963895728889084,6.5761676,0.2909286568846116,0.3788161903118964
2911,CN1CCN(CC1)C1=NC2=C(NC3=C1C=C(Cl)C=C3)C=CC=C2,0.8001222420891722,0.9997723749834742,-0.68821776,0.9927625462541746,0.6167442003498176
2912,CN1CCN(CC1)C1=NC(O)=C(Cl)C(O)=N1,0.7401051017030225,0.5030188108682273,9.255374,0.7141064728856663,0.4648395218045637
2913,CC1=CC(\N=C(\NC2=NCCS2)NC(C)(C)C)=C2C=CC=CC2=N1,0.6143149277414526,0.0134149385915747,-5.1116605,0.044219359819125,0.09090161766537348
2914,CSC1=CC2=C(SC3=C(CC2N2CCN(CCCCl)CC2)C=CC=C3)C=C1,0.4728762505658294,0.9507329243714496,8.293762,0.8641818074953868,0.8159410761434259
2915,COP(=S)(OC1=CC=C(C=C1)C#N)C1=CC=CC=C1,0.8104866092169041,0.029797092824203,8.41217,0.0107691286286532,0.0722922842066617
2916,NC1=CC=C(C=C1)C1=CC=C(N)C=C1,0.6689223545715061,0.9990794226351156,14.477601,0.8022864021050534,0.4969785263986827
2917,OCCOC1=C(Cl)C=C(Cl)C(Cl)=C1,0.8244669791656942,0.99859429522656,4.862102,0.0546932397465016,0.29466699066886826
2918,CCOP(=S)(OCC)SCC(=O)N(CC)CC,0.6121442092912954,0.9958349870005884,3.2862191,0.6051222012621368,0.4626719396455338
2919,CN(C)N1C(=O)NC2=C(C=C(Cl)C=C2)C1=O,0.790402028197397,0.0896398720620597,1.1208049,0.841971503170737,0.372550851592238
2920,CCOP(=S)(OCC)OC1=CC=C(C=C1)[N+]([O-])=O,0.4359809048867015,0.9988636737971852,16.944407,0.6634971512381617,0.5264210526325025
2921,CN(C)C1=CC(C)=NC(N)=C1C#N,0.6902806478864462,0.1723048457786128,10.509342,0.027104495268188,0.09347249136803912
2922,CCC\C(Cl)=N/OC(=O)CCl,0.3000626551342828,0.2764197925815188,15.817645,0.4744572347386682,0.4062347092847262
2923,CNC(C1CCCC1)C1=CC(Cl)=CC=C1,0.8223803120567225,0.093699206396375,6.2864594,0.6754529968954364,0.1418806440377959
2924,CC(C)S(=O)(=O)C1=CC=C(C=C1)C(=O)NN,0.457898145342867,0.9974902058922244,8.66182,0.4006143036077159,0.37867976556138455
2925,OC(=O)\C=C\C(=O)C1=CC2=C(OCO2)C=C1,0.6123915434378688,0.3357972569456875,14.872085,0.7794536018860624,0.6441947259068946
2926,CCOP(=O)(OCC)SCC1=CC=CC=C1,0.691297463756901,0.5076414504086909,12.001445,0.7311090475469882,0.3037339327789671
2927,CO\N=C\C1=CCCN(C1)OC(C)=O,0.4952165230757844,0.0143946529169558,9.338332,0.0181513539463701,0.17847093853571652
2928,CO[C@H]1[C@H](O)C[C@@H]2CN3CCC4=C(NC5=CC(OC)=CC=C45)[C@H]3C[C@@H]2[C@@H]1C(=O)OC,0.7500676083491982,0.8216496865647608,3.1245255,0.9036245246727496,0.419267154768324
2929,COCC(=O)NC1=CC=C(C=C1)C1=NN(C(C)CC2=CC3=C(OCO3)C=C12)C(C)=O,0.8383398638487102,0.0040822678374341,6.5804305,0.1069058279540784,0.19522488416812095
2930,CN1CCN(CC1)C1CC2=C(SC3=C1C=CC=C3)C=CC(Cl)=C2,0.759642524138309,0.9387477953213016,3.0621371,0.9565484317492626,0.8663054717783526
2931,CC1N=C(CC1C1=CC=CC=C1)N1CCCCC1,0.7362204565338346,0.683009809550009,6.9923406,0.4640230872132058,0.18149754967085113
2932,CC(CN(C)C)CN1C2=CC=CC=C2SC2=C1C=CC=C2,0.8210774052142695,0.9996326241416872,5.89452,0.999466222223484,0.8735860772022465
2933,[O-][N+](=O)C1=CC=C(C=C1)C(\Cl)=N\NC1=CC=CC=C1,0.5264306179598385,0.9686440279935558,15.4241495,0.0792835688042143,0.1883140492590133
2934,CC1=NC2=C(C=CC=C2)C(=C1)\N=C(/NC1CCCCC1)NC1=CC=CC=C1,0.475537254820891,0.1087847867962752,-0.057729125,0.0375408009359201,0.13574761276898106
2935,CC(C)=CC(=O)O[C@H]1CC[C@]2(C=O)[C@H]3CC[C@]4(C)[C@H](CC[C@]4(O)[C@@H]3CC[C@]2(O)C1)C1=COC(=O)C=C1,0.3656137582757676,0.0424519051902754,10.465811,0.9795900805196044,0.613511630682056
2936,COC1=C(OC)C2=C3C(CCC22CCCCC2=O)N(C)CCC3=C1,0.8333921617719909,0.1549979700132579,-6.834019,0.7122487710530736,0.7478883385432356
2937,OC1=C(C2CC(CC3=C2C=CC=C3)C2=CC=C(C=C2)C2=CC=C(Br)C=C2)C(=O)OC2=C1C=CC=C2,0.245754060378627,0.967049849259086,8.51301,0.0712930628222846,0.6267803461885676
2938,CS\C(C)=N\OC(=O)N(C)S(=O)OCCCC1=CN=CC=C1,0.2480677118752087,0.0009370789801965,11.166853,0.0679158504752815,0.41667558505699515
2939,CNC(=O)OC1=CC=CC2=C1OCO2,0.729408409894786,0.9900633954658312,8.51057,0.0794613546734018,0.36686313077448607
2940,OC1=C(C2CC(CC3=C2C=CC=C3)C2=CC=C(OCC3=CC=C(C=C3)C(F)(F)F)C=C2)C(=O)OC2=C1C=CC=C2,0.2290264977736209,0.5100217827417239,3.5431418,0.0596461953454611,0.17058245280034603
2941,CCC1=NC=CN1C[C@@H]1C[C@H]2[C@@H](CC3=CNC4=CC=CC2=C34)N(C)C1,0.7946249021643468,0.8580275871053381,-7.2314286,0.0829313809193275,0.1885744437705184
2942,FC(F)(F)C1=C(Cl)C=CC(=C1)N1CCN(CC1)C1CCC(=O)N1,0.8932283982990127,0.0037342417341095,-7.389354,0.3023993383983185,0.28843967313462804
2943,COSSN(C)C(=O)OC1=CC=CC2=C1OC(C)(C)C2,0.4796585671722089,0.9979997742491472,19.602848,0.0489907038253233,0.3651366967409768
2944,CCC(C)(CC)N\C(NC1=CC=NC=C1)=N/C#N,0.4853810865670102,0.9933617241636892,-8.638265,0.3126386194656483,0.2856160156674542
2945,ON(CN1CCCCC1)C(=O)C1=CC=C(F)C=C1,0.6615167769934892,0.66318022777852,12.0806675,0.2553231300293812,0.36510099416521424
2946,CN(C(=O)OC1=CC=CC2=C1OC(C)(C)C2)S(=O)SC1=CC=C(C=C1C)C(C)(C)C,0.5539040867047442,0.0969945064720189,2.8733215,0.061791486077093,0.6359096628403009
2947,CC(CNC12CC3CC(CC(C3)C1)C2)N1CCN(CC1)C1=CC=CC=N1,0.8801221209579169,0.0158878866360427,-5.7968516,0.026936710250205,0.23696774004825935
2948,[O-][N+](=O)C1=CC(=CC=C1)[N+]([O-])=O,0.4941192629438991,0.9995308147226843,20.656643,0.0767950700756293,0.23200663509007735
2949,CN1CCN(CC1)C1=NC(O)=C(C)C(O)=N1,0.6964280332838045,0.9768161298846768,16.71078,0.1396036456852258,0.2697715046863903
2950,CN(C)C1=CC(=O)C2=C(O1)C(=CC=C2)C1=CC=CC=C1,0.7104445842150657,0.6433022296926174,-0.61451733,0.1870242235543765,0.3871140492888894
2951,CN1CCC(CC1)N1C2=C(C=C(F)C=C2)C(=NCC1=O)C1=CC=CC=C1F,0.8148038000205702,0.921780638223792,0.06899238,0.9067817461867974,0.5722519910789294
2952,CNC(=O)N1N=C(C2=CC=C(NC(=O)CN)C=C2)C2=C(CC1C)C=C1OCOC1=C2,0.7124085017930588,0.069802516726048,8.769708,0.129720988079945,0.24066824533709355
2953,CCN(CC)CCOCCOC(=O)C1(CCCC1)C1=CC=CC=C1,0.4858288333969833,0.9998568362675332,-10.298493,0.8325250306711017,0.38589860475487414
2954,CCC(C)C(C)N\C(NC1=CC=NC=C1)=N/C#N,0.4849536323168132,0.9920583780784086,-7.4476175,0.1067286599601339,0.23491789846388206
2955,COCCN1CCN(CC1)C1CC2=C(SC3=C1C=CC=C3)C=CC(Cl)=C2,0.772770950718312,0.7694722117416453,1.7949547,0.909679833001848,0.8589300568441445
2956,CN(SC1=CC=C(Br)C=C1)C(=O)OC1=CC=CC2=C1OC(C)(C)C2,0.6464341792333308,0.713397653340127,9.150406,0.0569807764959894,0.3573308799940914
2957,CN1C2=CC=CC=C2C(N2CCCCC2)C2=C(C=CC=C2)C1=O,0.7986927785263147,0.621627053688669,-1.2065177,0.9686521075117226,0.8476358291135314
2958,CCC(CC)N\C(NC1=CC=NC=C1)=N/C#N,0.4726336068479431,0.9946157602623504,-5.9445615,0.1225214779167596,0.13442273773765884
2959,CCOC(C1=NCC(C)CN1)C1=CC=C(Cl)C(Cl)=C1,0.9195090671034656,0.0040983426852448,-16.172869,0.5468308388279329,0.3101008479890709
2960,CN1C[C@H](CN2CC(=O)N(C)C(=O)C2)C[C@@H]2[C@@H]1CC1=CNC3=CC=CC2=C13,0.8171928073577202,0.7478614236674942,-5.6050334,0.2197804060152372,0.14825712841631938
2961,CN1C(CCC1=O)N1CCN(CC1)C1=CC=CC=C1,0.8027564600573839,0.6228505574670574,-18.202906,0.0671572289080311,0.1735249276949671
2962,CC1CCN(CCC(CC2=CC=CC=C2)(C#N)C2=CC=CS2)CC1,0.7508073249430339,0.3018071839252937,14.32395,0.0130978931334439,0.05861697360872035
2963,CN(SN(C)C(=O)OC1=CC=CC2=C1OC(C)(C)C2)C(=O)OC1=CC=CC2=C1OC(C)(C)C2,0.5634167371883322,0.996251520994718,15.612731,0.1074959421639274,0.4425257504905355
2964,CC1=CC(=CC(Cl)=N1)C(=O)NN,0.2921994199555692,0.992097439304233,3.1626658,0.0692311469453155,0.4006467642472268
2965,O=C1C2=C(C=CC=C2)C(=O)C1(CN1CCOCC1)C1=CC=CC=C1,0.8142384232728156,0.8295830687175737,2.4916816,0.7274586229037067,0.529378441678673
2966,CCCCNC(=O)CSP(=S)(OCC)OCC,0.496283653961424,0.409797149213541,1.9656247,0.2786520513970753,0.3895909610938816
2967,CC1=CC2=C(OC(=S)NC2=O)C=C1,0.6519691842894594,0.1231643051232221,16.716078,0.0613732667123645,0.17230638283006003
2968,O=C1NC(CC1C1=CC=CC=C1)N1CCN(CC1)C1=CC=CC=C1,0.9430475048932506,0.179875991589762,0.78095853,0.0779482714855183,0.20898176193297152
2969,CCCCOC1=CC=C(OP(=S)(OCC)OCC)N=N1,0.483766035868282,0.279000131534901,10.564622,0.117091645962369,0.3307981811862793
2970,O=C1CC2=C(CN1\N=C\C1=CC=CC=C1)C=CC=C2,0.753997350050229,0.0491938624879396,10.326666,0.1387266741668568,0.12308242682351707
2971,CS\C(=N\OC(=O)N(C)SN(C)\C=N\C1=C(C)C=C(C)C=C1)C(=O)N(C)C,0.2432378015917012,0.0312763131852984,15.581199,0.0355292471042233,0.34302288623934435
2972,CCOC(=O)C(CCN(CC)CC)(CC=C)C1=CC=CC=C1,0.4862767996145002,0.1803958275804263,4.7938867,0.4842534264606355,0.34081557799219575
2973,CN(SOC1CCCCC1)C(=O)OC1=C2OC(C)(C)CC2=CC=C1,0.5789203190510849,0.125660477930294,5.739458,0.0588797557661493,0.4317421294791517
2974,CCOC(=O)CC(=O)CCl,0.3499333048298977,0.9984119426186971,8.594806,0.0727982907185497,0.4070423809936399
2975,C\C(CCC(=O)OC(C)(C)C)=N/NC1=CC=C(Cl)N=N1,0.5134682986041905,0.0018714039483915,13.193204,0.0289102637264552,0.22428159630023553
2976,CCOP(=S)(OCC)OC1=NN=C(OC2=CC=CC=C2)C=C1,0.6743398151984311,0.5606262152371035,10.458405,0.0877963738289167,0.43705732987742146
2977,CC1(C)CC2=C(O1)C(OC(=O)NCO)=CC=C2,0.7636045167997987,0.9947539035702656,9.065806,0.2471716911456315,0.623688738648531
2978,CCC1=C(O)N=C(N=C1O)N1CCN(C)CC1,0.7666761077477865,0.5871910776322572,15.805886,0.352536595089305,0.35712198008743223
2979,C[C@@H]1NC(=S)N(C1=O)C1=CC=CC=C1,0.7028111984149741,0.3165775505976161,5.3879557,0.5695089747600273,0.3965654183936085
2980,CN(C)CC(O)C1=CC(Cl)=C(N)C(Cl)=C1,0.8069356510682663,0.9971248781541998,3.1791363,0.461651056617692,0.447798707431976
2981,COC1=CC2=C(C=C1)C(=O)N(CCN(C)C)C1=C(N2)C=CC=C1,0.9427041169910866,0.0050102434786598,11.225619,0.7912748168011129,0.5945387741070732
2982,COC(=O)N(C)SN(C)C(=O)OC1=CC=CC2=C1OC(C)(C)C2,0.787777821747421,0.993841443378437,13.065011,0.267932931491362,0.39764996141144937
2983,CC(C)N(CCC#N)SN(C)C(=O)OC1=C2OC(C)(C)CC2=CC=C1,0.7113924182051635,0.0045588371262372,14.340706,0.0011715988285608,0.09228962509633185
2984,CC(CN1CCCCCC1)N1CCN(CC1)C1=NC=CC=C1,0.8519456788886776,0.7362660995596724,-9.365258,0.0422128702351324,0.26144940759665614
2985,CNC(=O)OC1=CC(C)=C(SC)C(C)=C1,0.7864412991344591,0.1753339586070014,-5.191239,0.1069179519066108,0.40627173766265745
2986,CCOP(=S)(OCC)SCC(=O)NC1=CC=C(C=C1)[N+]([O-])=O,0.4068374026337844,0.3526421620097593,2.9678063,0.0569812746668336,0.3138917358281847
2987,CCC1(C(=O)NC(=O)NC1=O)C1=CC=C(F)C=C1,0.7635806372429941,0.9996044014914296,0.09907317,0.9197145103415432,0.6916998152390439
2988,CCN(CC)CCOCCOC(=O)C(CC)(CC)C1=CC=CC=C1,0.4316682193596918,0.9925401955693134,3.2534013,0.8872521160773967,0.8161754980181891
2989,OC(CC(C1=CC=CC=C1)C1=C(O)C2=C(OC1=O)C=CC=C2)C1=CC=C(C=C1)C1=CC=C(Br)C=C1,0.2295900886760092,0.905043020894924,8.836239,0.0786630601879391,0.5892537332757485
2990,CC(C)CCC(=O)OC1=C(C#N)C(Cl)=C(C#N)C(Cl)=C1Cl,0.4488887347798074,0.0745371148646692,5.358124,0.0767503247597652,0.12081369886059494
2991,ClC1=C(Cl)C(=C(Cl)C(Cl)=C1C#N)S(=O)(=O)CCCC1=CC=CC=C1,0.5906065986836239,0.6309467154738854,17.293602,0.0519198376814893,0.08057406930147168
2992,CNC(=O)OC1=CC(=CC(C)=C1)C(C)C,0.8093935127605445,0.0846826318309067,8.030715,0.1432665013554082,0.3811631614242076
2993,CNC(=O)OC1=CC(C)=C(SC)C=C1,0.7634631620230451,0.1740645471863602,-3.557259,0.0609321357983108,0.24125662430738576
2994,CN(SN(CCC#N)C1CCCCC1)C(=O)OC1=C2OC(C)(C)CC2=CC=C1,0.6267719858038151,0.02063297759371,10.778707,0.0005624048779977,0.0885948158886645
2995,CN1CCC(CC1)N(CC1=CC=CC=C1)C1=CC=CC=C1,0.8405374971837535,0.9973378498702572,4.0768485,0.9630063005077232,0.5669776103029418
2996,COC1=CC=C(\C=C\C(=O)C2=C(OC)C3=C(OC=C3)C(OC)=C2OCCN(C)C)C=C1,0.35434692193489,0.2522333039162172,6.085971,0.5324254823590909,0.4771651247289765
2997,CCOP(=S)(OC1=CC=C(C=C1C)[N+]([O-])=O)C1=CC=CC=C1,0.4535981369520756,0.7188937473722559,1.4145375,0.0617654566848897,0.46500829709581765
2998,CC1=CC=C(NC2=CC=NC(N)=C2C#N)C=C1,0.821696794873284,0.4748391404160927,0.24826646,0.04707636179658,0.08064354666404751
2999,CCCCNC(=O)OC1=C(C#N)C(Cl)=C(C#N)C(Cl)=C1Cl,0.650979055152338,0.028359608702177,0.10196149,0.0320121565619192,0.08746022430238086
3000,CCOP(=S)(OC1=CC=C(C=C1)C#N)C1=CC=C(C)C=C1,0.7840199761722945,0.0397069920693384,-0.79386663,0.0107610789292677,0.07297539034366772
3001,OC(=O)\C=C/C1=CC=C(CC(NS(=O)(=O)C2=CC=C(Cl)C=C2)C2=CC=CN=C2)C=C1,0.5118869770752945,0.0479517879475859,5.6317973,0.0985556897692418,0.4846663529388926
3002,[O-][N+](=O)C1=C(Cl)C=CC=C1,0.4636021031419894,0.9989194485027336,13.9470415,0.0258783790566133,0.22550823311334506
3003,CS\C(=N\OC(=O)N(C)SN(C)\C=N\C1=C(C)C=C(Cl)C=C1)C(=O)N(C)C,0.2327092171333678,0.0014551899156951,8.582163,0.0623704186034432,0.2939560162324869
3004,OC(=O)CCC1CC(C2=C1C=CC=C2)C1=CC=CC=C1,0.9013593653128104,0.9872878633713068,10.419012,0.9563316089390396,0.7642116813594585
3005,CC\C(C)=N\NC(=O)C1=CC=NC(C)=C1,0.6049648249597026,0.010378701699811,4.1800075,0.0885296237433905,0.3147178574892621
3006,CCN(CC)CCN1C(=O)NC(CC)(C1=O)C1=CC=CC=C1,0.7856252803528776,0.8631830569909743,-5.3889327,0.3814107240485885,0.5516745908621715
3007,CCC(=O)C1(CCN(CCCC(=O)C2=CC=C(F)C=C2)CC1)N1CCCCC1,0.6291898501091338,0.627721184330785,11.84716,0.1156931936391606,0.2763615062888956
3008,CNC(=O)OC1=CC(C)=C(N(CC=C)CC=C)C(C)=C1,0.8099272311168642,0.023776318970036,1.1509043,0.0563422560802773,0.27559042609942097
3009,CCCCCCCOC(=O)N(C)S(=O)N(C)C(=O)OC1=CC=CC2=C1OC(C)(C)C2,0.527592303886761,0.5020076225568731,12.993824,0.1192603004850865,0.6262594196057225
3010,CN(C)CCOC(C1=CC=CC=C1)C1=C(C)C=CC=C1,0.7932087270574181,0.9999215372122184,5.862454,0.9997620667855251,0.9003153475869399
3011,CCCOC(=O)N(C)SN(C)C(=O)OC1=CC=CC2=C1OC(C)(C)C2,0.7350441290350219,0.2191258847569636,12.141232,0.0988215967038153,0.4506172630235029
3012,FC1=CC=C(C=C1)N1CCN(CCN2CCN(CC2)C(=O)NC2=CC=CC=C2)CC1,0.8217340795851558,0.924545233754193,-8.891127,0.1934234389044276,0.3157393568333351
3013,CC(C)(N)CC1=CC=CC=C1,0.6831676333388244,0.9993443973686452,15.60278,0.616191471592939,0.5128058845970014
3014,CC(C)NNC(=O)COC1=CC=C(Cl)C=C1,0.7738369433969671,0.6906050159148087,0.43351424,0.8129080045388618,0.28121604900763647
3015,CNC(=O)OC1=CC(C)=C(N(C)C)C(C)=C1,0.8326808767157128,0.5573292342418757,-5.817037,0.3617216233216884,0.43329523429392697
3016,CN(C)\C=N\C1=C(C)C=C(Cl)C=C1,0.5247971770981512,0.9990906759321334,-7.797423,0.014824641856386,0.2449154892195437
3017,CCCOC1=CC=C(C=C1)C(C(C)[N+]([O-])=O)C1=CC=C(OCC)C=C1,0.4901306592172387,0.0245646315602441,-3.2618966,0.2653370168940692,0.23218859860349372
3018,COC1=CC=C(C=C1)C1=C2C=CC(=O)C=CN2C(=C1)N1CCN(CC2=CC=C(C)C=C2)CC1,0.455301474228926,0.0209484082206934,-3.324067,0.0453730323890164,0.22725866704602504
3019,CC(NNC(=O)C1=NC=CC=N1)C1=CC=CC=C1,0.7967174557596431,0.3398446621388759,-1.7064078,0.3449627655016744,0.20545275303408292
3020,CCCCCCCCN(CCC#N)SN(C)C(=O)OC1=C2OC(C)(C)CC2=CC=C1,0.2987721837755994,0.2223876937681704,14.051611,0.0036792932920422,0.09460575125898286
3021,CNC(=O)OC1=CC(C)=C(C)C(C)=C1,0.7429596054123586,0.9916833783294392,-0.5998831,0.1272329799221137,0.3200347524292439
3022,CC(C)C1=CC(=CC(=C1O)[N+]([O-])=O)[N+]([O-])=O,0.6281903957623058,0.9922072013563152,17.176239,0.1480636487063348,0.22049953624342006
3023,CC(C)C(CN(C)C)C1=CC=CC=C1,0.7069177005347566,0.999351223473286,-5.223337,0.1498926483836841,0.26980281078427143
3024,CC(CN(C)C)N1N(C(=O)C(C)=C1C)C1=CC=CC=C1,0.8559022949034139,0.6063926660743078,-11.650043,0.6442360524633303,0.3020463323697377
3025,[O-][N+](=O)C1=CC(NC(=O)CF)=CC=C1,0.59043779302509,0.4310910660711148,12.280335,0.1523452395117258,0.4455814108573648
3026,CC1=CC=C(C)N1C1=CC=CC(=C1)C(=O)NN,0.4675258549513735,0.9716821089290556,5.324971,0.467844506642283,0.3180869569141016
3027,CCCCC(CC)COC(=O)CCN(SN(C)C(=O)OC1=CC=CC2=C1OC(C)(C)C2)C(C)C,0.236930035679877,0.1539525856977357,9.279995,0.1676370794894598,0.47309368778656535
3028,CCCCC(=O)N(C)C(=O)OC1=CC=CC2=C1OC(C)(C)O2,0.8532415263145812,0.2844680900248683,0.26682794,0.2265420129258926,0.6605469324715093
3029,CCCCN(CCCC)CCCOC1=CC(C)=NN1C1=CC=CC=C1,0.5160137010633833,0.0038580612159659,-2.2436142,0.0845672068158832,0.4098653204208455
3030,CC(CC1=CC=CC=C1)NC1=CC=NC(\N=C\N(C)C)=C1C#N,0.6571866479342491,0.001505538225101,3.6779485,0.0040069475394875,0.08636925931289705
3031,CC(C)NC(=O)OC1CCN(CCCC(=O)C2=CC=C(F)C=C2)CC1,0.7660201159492289,0.1808610463188592,-5.5920887,0.177597896017371,0.5462246177183536
3032,CCC1(C)OC2=C(O1)C(OC(=O)NC)=CC=C2,0.8570409787752339,0.990767720103808,-4.220922,0.6352506948650581,0.6850530537626343
3033,CCOC1=C(I)C=C(I)C(N(CC)C(=O)CCC(O)=O)=C1I,0.4550651796538189,0.8641497534920264,15.531035,0.8036077395239776,0.8062358301950778
3034,CC1=CC=C(NC(=N)C2=CC=NC=C2)C=C1Cl,0.6286653906943742,0.0445870766957376,-2.9317327,0.0481495460636913,0.24277338997510922
3035,ClC1=CC=C(C=C1)C1C(=O)C2=CC=CC=C2C1=O,0.7320324704409014,0.9990591925164664,10.764789,0.944952872625914,0.6134181540005866
3036,CCCCOC(=O)CCN(SN(C)C(=O)OC1=CC=CC2=C1OC(C)(C)C2)C(C)C,0.2941245205703204,0.0330488220861672,6.2550287,0.0724844667580859,0.5275726579410605
3037,CC(C)CC(CN(C)C)C1=CC=CC=C1,0.7120516331711054,0.9988476961845664,-0.975122,0.8150291496680692,0.4139182624476163
3038,CC(C)COCC(CNC(=O)NC1=CC=CC=C1)N1CCCC1,0.7744231051911825,0.0467220676394939,-3.170619,0.1151901370622589,0.13694629975872982
3039,CC(C)C1=CC(OC(=O)N(C)S(=O)OCCCC2=CN=CC=C2)=CC=C1,0.6544404049396089,0.0105306095581388,6.358743,0.0185494257232687,0.2889513598423725
3040,C\C(=C/C1=CC=C(CC(NS(=O)(=O)C2=CC=C(Cl)C=C2)C2=CC=CN=C2)C=C1)C(O)=O,0.4867923429635838,0.0255706511099559,8.169801,0.0862382809060823,0.4292448634221785
3041,CC1=NC2=C(C=CC=C2)C(=O)N1C1=C(C)C(F)=CC=C1,0.6792563516555836,0.0655711415852477,8.161495,0.8452735592934558,0.3955141604079165
3042,CCOC(C1=C(Cl)C=CC=C1)C1=NCCCCN1,0.908015834627976,0.1493460127987411,-19.426668,0.6816226751275041,0.4632616459842137
3043,CC1=CC=CC(C)=C1C1=C(O)C2=C(OC1=O)C=CC=C2,0.681760677926718,0.9653188401674532,0.097267985,0.9055158309679816,0.7432117570364373
3044,COC1=CC=C(C(=O)\C=C\C(O)=O)C(OC)=C1OC,0.6208622462425132,0.9952433390492093,18.388212,0.7994167685266391,0.7565996894119846
3045,BrC1=CC=C(NNC(=O)C2=CC=CC=C2)C=C1,0.8525804116312298,0.995358718703292,10.069608,0.0695685763815622,0.19627150593769063
3046,CCC(C)C1=CC(=CC(=C1O)[N+]([O-])=O)[N+]([O-])=O,0.6426558619443419,0.9965422322744562,7.698714,0.0690193877496753,0.1799167164093543
3047,CC1=CC=C(C)C(OC(N)=O)=C1,0.688893083429371,0.9972310709561464,5.565313,0.0140023652685823,0.1923657010103023
3048,CCOC1=CC=CC(=C1)C1(O)CCCCC1CN(C)C,0.8977203633568236,0.332575528184946,0.98966753,0.9872785121989964,0.7315533461791365
3049,CCCC(=O)OC1(C(C)C2=CC=CC=C2)C(=O)NC(=O)NC1=O,0.6280214602613785,0.0654963837388495,8.618344,0.843263413076906,0.7469865944392504
3050,CCC(C)C(CN(C)C)C1=CC=CC=C1,0.7120516331711054,0.8785506824611604,2.6610565,0.7001506449391558,0.3665563344981637
3051,CCOC(=O)C(SP(=S)(OC)OC)C1=CC=CC=C1,0.5654522124931403,0.8249017393736852,17.031076,0.4246953760724848,0.5874148473939579
3052,CC(CC1=CC=CC=C1)NC(C#N)C1=CC=CC=C1,0.8815886181817028,0.0935751704446926,15.2891,0.0143799035636358,0.08296983708378498
3053,CC1(C)CC2=C(O1)C(OC(=O)CNC(=O)C(=O)OC1=CC=C(C=C1)C(O)=O)=CC=C2,0.4308374673589257,0.1886945265128114,9.311892,0.8254485996512883,0.7095974935709568
3054,ClC1=C(C=CC=C1)N1CCN(CCOC2=CC=CC=C2)CC1,0.838864614586083,0.9473084387074924,-6.9209876,0.6485999369134995,0.41879650353360615
3055,CCOC(=O)C(\C)=C\C1=CC=C(CC(NS(=O)(=O)C2=CC=C(Cl)C=C2)C2=CC=CN=C2)C=C1,0.342325744336562,0.1218863971829689,9.979937,0.0778799447359677,0.2652682001897896
3056,CCOC(=O)C(\C)=C\C1=CC=C(C=C1)C(CNS(=O)(=O)C1=CC=C(Cl)C=C1)C1=CC=CN=C1,0.3476600563822211,0.0060431519488169,9.91612,0.0251886432685674,0.2823087269790535
3057,CCOCC(CNC(=O)NC1=CC=C(Cl)C=C1)N1CCOCC1,0.7977856948471883,0.0035079731917956,-6.2420225,0.2672935434885439,0.35669073174435895
3058,CC1=CC=C(NC(=N)C2=CC=CC3=C2C=CC=C3)C=C1,0.5129732261747405,0.8330756400050287,9.858602,0.0645820949391256,0.10765984017290535
3059,CC(C)C1=CC(OC(=O)N(C)SOCC2=CC=CC=C2)=CC=C1,0.5501149323061029,0.0775165613145872,-7.8196797,0.0908870537514566,0.4225698092518818
3060,CCN(CC)CCNC(=O)COC1=CC=C(Cl)C=C1,0.795478445623375,0.9013655334845508,-12.374769,0.8378146255274563,0.5413007539800777
3061,CC(=O)NC1=C(F)C=CC=C1,0.6542396201198041,0.9947106400571236,-3.6258307,0.0238890006189966,0.30279085902939556
3062,CCCCC[C@H](O)CC(=O)CCC1=CC(OC)=C(O)C=C1,0.6501296660848443,0.9685101700632124,1.3531681,0.9977222465090758,0.8271131469560672
3063,COC1=CC(OC)=C(C=C1)C(=O)CCN1CCC(C)CC1,0.7552820560111706,0.1268239212228541,0.1350416,0.3727397481044094,0.6914137858442736
3064,CNC(=O)OC1=C(C=CC=C1)C#N,0.7005169170122826,0.9885225847610124,-1.6675934,0.0516550639355288,0.1264440372150703
3065,CC(=O)NNC1=CC=CC=C1,0.620750280854386,0.996250954098675,13.777693,0.0213693222492659,0.19586031727356143
3066,CCCCOC1=CC=C(N=C1)C(O)=O,0.7293967195068181,0.7284485535536014,-10.534182,0.027673809878884,0.3391956253759213
3067,CCCCOC(=O)N(C)SN(C)C(=O)OC1=CC=CC(=C1)C(C)C,0.525794023184666,0.0082632897952392,6.9292073,0.0952062062044015,0.510710891946397
3068,C\C(=C/C1=CC=C(C=C1)C(CNS(=O)(=O)C1=CC=C(Cl)C=C1)CC1=CC=CN=C1)C(O)=O,0.4477817586618708,0.011120764956188,7.8782773,0.065361642275627,0.3750455088404118
3069,CC(=O)OC1(CCN(CCC2=CC=CC=C2)CC1)C1=CC=CC=C1,0.7842956372897043,0.8104947360215704,-6.7260375,0.8839314379227429,0.7096298982170269
3070,CC(=O)OC1=C(C=CC=C1)C(=O)NC(N)=O,0.5591794859987369,0.9973282451427264,3.0725355,0.8084158145374712,0.6771542971555193
3071,COC1=C(CN(C)C)C2=C(C=C1)C(=O)C(C)=C(O2)C1=CC=CC=C1,0.731492796774516,0.0307778237003523,-11.387969,0.3519467864950251,0.4090221999672166
3072,CCC(=O)C1=CC=C(N)C=C1,0.5148504031190998,0.9915125250750076,13.607677,0.0079775302170031,0.1920616262144325
3073,CCN(CC)CCNC(=O)C1=CC(Cl)=C(N)C=C1OC,0.7558132464087878,0.9999215491825916,-8.729294,0.778267636131222,0.7320180030291181
3074,CC1=CC(Br)=CC(C(=O)NC2=CC(=CC=C2)C(F)(F)F)=C1O,0.798404539767563,0.534972888281168,-8.358756,0.0846877736894309,0.47197183037497686
3075,CCOC(=O)NNCCC1=CC=CC=C1,0.5689414446367586,0.1128391950694936,10.364743,0.3075797704643214,0.3179930582796312
3076,CCCOCC(CNC(=O)NC1=CC=CC(Cl)=C1)N(CC)CC,0.6392402969134401,0.000710462086669,-2.9924278,0.8174674854465992,0.40157761643110046
3077,CCCCCC(=O)C1=CC=C(N)C=C1,0.4413679846347711,0.992724735176109,15.578731,0.0530831995826285,0.5644821121174945
3078,CC1=CC=C(O)C=C1,0.5359354364287862,0.9987275827994556,18.233875,0.0115857938515176,0.16384155766533434
3079,CC1=CC(C)=C(NC2=CC=CC=C2C(O)=O)C(C)=C1,0.8693221123588197,0.9995508388100828,-4.3004966,0.9259380222867136,0.6378241946593988
